time,open,high,low,close
2004-05-31T11:00:00+02:00,0.79274,0.79274,0.79274,0.79274
2004-06-01T11:00:00+02:00,0.79274,0.79274,0.783485,0.783485
2004-06-02T11:00:00+02:00,0.783485,0.783485,0.77691,0.77691
2004-06-03T11:00:00+02:00,0.77691,0.77691,0.7719,0.7719
2004-06-04T11:00:00+02:00,0.7719,0.7719,0.77098,0.77098
2004-06-07T11:00:00+02:00,0.771935,0.78416,0.771935,0.78416
2004-06-08T11:00:00+02:00,0.78416,0.78416,0.77697,0.77697
2004-06-09T11:00:00+02:00,0.77697,0.77697,0.77507,0.77507
2004-06-10T11:00:00+02:00,0.77507,0.78886,0.77507,0.78886
2004-06-11T11:00:00+02:00,0.78886,0.79217,0.78886,0.79217
2004-06-14T11:00:00+02:00,0.79236,0.79236,0.784285,0.784285
2004-06-15T11:00:00+02:00,0.784285,0.79726,0.784285,0.79726
2004-06-16T11:00:00+02:00,0.79726,0.79726,0.79653,0.79653
2004-06-17T11:00:00+02:00,0.79653,0.79653,0.77912,0.77912
2004-06-18T11:00:00+02:00,0.77912,0.780125,0.77912,0.780125
2004-06-21T11:00:00+02:00,0.780245,0.783425,0.780245,0.783425
2004-06-22T11:00:00+02:00,0.783425,0.78496,0.783425,0.78496
2004-06-23T11:00:00+02:00,0.78496,0.78496,0.782195,0.782195
2004-06-24T11:00:00+02:00,0.782195,0.7902,0.782195,0.7902
2004-06-25T11:00:00+02:00,0.7902,0.79255,0.7902,0.79255
2004-06-28T11:00:00+02:00,0.79324,0.800865,0.79324,0.800865
2004-06-29T11:00:00+02:00,0.800865,0.800865,0.798785,0.798785
2004-06-30T11:00:00+02:00,0.798785,0.798785,0.79444,0.79444
2004-07-01T11:00:00+02:00,0.79444,0.80061,0.79444,0.80061
2004-07-02T11:00:00+02:00,0.80061,0.80061,0.79831,0.79831
2004-07-05T11:00:00+02:00,0.797735,0.800095,0.797735,0.800095
2004-07-06T11:00:00+02:00,0.800095,0.803215,0.800095,0.803215
2004-07-07T11:00:00+02:00,0.803215,0.805575,0.803215,0.805575
2004-07-08T11:00:00+02:00,0.805575,0.805575,0.804115,0.804115
2004-07-09T11:00:00+02:00,0.804115,0.804115,0.803435,0.803435
2004-07-12T11:00:00+02:00,0.803895,0.809455,0.803895,0.809455
2004-07-13T11:00:00+02:00,0.809455,0.81195,0.809455,0.81195
2004-07-14T11:00:00+02:00,0.81195,0.81195,0.80202,0.80202
2004-07-15T11:00:00+02:00,0.80202,0.80447,0.80202,0.80447
2004-07-16T11:00:00+02:00,0.80447,0.80766,0.80447,0.80766
2004-07-19T11:00:00+02:00,0.80844,0.80844,0.805085,0.805085
2004-07-20T11:00:00+02:00,0.805085,0.814,0.805085,0.814
2004-07-21T11:00:00+02:00,0.814,0.814,0.800065,0.800065
2004-07-22T11:00:00+02:00,0.800065,0.80144,0.800065,0.80144
2004-07-23T11:00:00+02:00,0.80144,0.805315,0.80144,0.805315
2004-07-26T11:00:00+02:00,0.804275,0.80444,0.804275,0.80444
2004-07-27T11:00:00+02:00,0.80444,0.80444,0.800355,0.800355
2004-07-28T11:00:00+02:00,0.800355,0.802085,0.800355,0.802085
2004-07-29T11:00:00+02:00,0.802085,0.811195,0.802085,0.811195
2004-07-30T11:00:00+02:00,0.811195,0.81636,0.811195,0.81636
2004-08-02T11:00:00+02:00,0.81377,0.818695,0.81377,0.818695
2004-08-03T11:00:00+02:00,0.818695,0.826785,0.818695,0.826785
2004-08-04T11:00:00+02:00,0.826785,0.826785,0.82349,0.82349
2004-08-05T11:00:00+02:00,0.82349,0.82349,0.82129,0.82129
2004-08-06T11:00:00+02:00,0.82129,0.82129,0.81556,0.81556
2004-08-09T11:00:00+02:00,0.81616,0.81873,0.81616,0.81873
2004-08-10T11:00:00+02:00,0.81873,0.823655,0.81873,0.823655
2004-08-11T11:00:00+02:00,0.823655,0.826245,0.823655,0.826245
2004-08-12T11:00:00+02:00,0.826245,0.826995,0.826245,0.826995
2004-08-13T11:00:00+02:00,0.826995,0.826995,0.82525,0.82525
2004-08-16T11:00:00+02:00,0.82281,0.824745,0.82281,0.824745
2004-08-17T11:00:00+02:00,0.824745,0.825495,0.824745,0.825495
2004-08-18T11:00:00+02:00,0.825495,0.826655,0.825495,0.826655
2004-08-19T11:00:00+02:00,0.826655,0.83514,0.826655,0.83514
2004-08-20T11:00:00+02:00,0.83514,0.840905,0.83514,0.840905
2004-08-23T11:00:00+02:00,0.841045,0.841045,0.840125,0.840125
2004-08-24T11:00:00+02:00,0.840125,0.840125,0.82447,0.82447
2004-08-25T11:00:00+02:00,0.82447,0.826855,0.82447,0.826855
2004-08-26T11:00:00+02:00,0.826855,0.82929,0.826855,0.82929
2004-08-27T11:00:00+02:00,0.82929,0.837555,0.82929,0.837555
2004-08-30T11:00:00+02:00,0.837695,0.837695,0.83264,0.83264
2004-08-31T11:00:00+02:00,0.83264,0.83264,0.82991,0.82991
2004-09-01T11:00:00+02:00,0.82991,0.82991,0.826105,0.826105
2004-09-02T11:00:00+02:00,0.826105,0.826105,0.81823,0.81823
2004-09-03T11:00:00+02:00,0.81823,0.821255,0.81823,0.821255
2004-09-06T11:00:00+02:00,0.821865,0.825495,0.821865,0.825495
2004-09-07T11:00:00+02:00,0.825495,0.825495,0.82041,0.82041
2004-09-08T11:00:00+02:00,0.82041,0.82041,0.81873,0.81873
2004-09-09T11:00:00+02:00,0.81873,0.823385,0.81873,0.823385
2004-09-10T11:00:00+02:00,0.823385,0.82403,0.823385,0.82403
2004-09-13T11:00:00+02:00,0.82484,0.82713,0.82484,0.82713
2004-09-14T11:00:00+02:00,0.82713,0.832985,0.82713,0.832985
2004-09-15T11:00:00+02:00,0.832985,0.834275,0.832985,0.834275
2004-09-16T11:00:00+02:00,0.834275,0.8378,0.834275,0.8378
2004-09-17T11:00:00+02:00,0.8378,0.8378,0.837625,0.837625
2004-09-20T11:00:00+02:00,0.837555,0.84062,0.837555,0.84062
2004-09-21T11:00:00+02:00,0.84062,0.84062,0.832015,0.832015
2004-09-22T11:00:00+02:00,0.832015,0.83493,0.832015,0.83493
2004-09-23T11:00:00+02:00,0.83493,0.83949,0.83493,0.83949
2004-09-24T11:00:00+02:00,0.83949,0.843455,0.83949,0.843455
2004-09-27T11:00:00+02:00,0.842465,0.842465,0.83956,0.83956
2004-09-28T11:00:00+02:00,0.83956,0.842675,0.83956,0.842675
2004-09-29T11:00:00+02:00,0.842675,0.84349,0.842675,0.84349
2004-09-30T11:00:00+02:00,0.84349,0.84449,0.84349,0.84449
2004-10-01T11:00:00+02:00,0.84449,0.84449,0.843095,0.843095
2004-10-04T11:00:00+02:00,0.840905,0.846595,0.840905,0.846595
2004-10-05T11:00:00+02:00,0.846595,0.850845,0.846595,0.850845
2004-10-06T11:00:00+02:00,0.850845,0.85412,0.850845,0.85412
2004-10-07T11:00:00+02:00,0.85412,0.855905,0.85412,0.855905
2004-10-08T11:00:00+02:00,0.855905,0.85734,0.855905,0.85734
2004-10-11T11:00:00+02:00,0.854335,0.854335,0.852225,0.852225
2004-10-12T11:00:00+02:00,0.852225,0.85226,0.852225,0.85226
2004-10-13T11:00:00+02:00,0.85226,0.85226,0.846815,0.846815
2004-10-14T11:00:00+02:00,0.846815,0.84728,0.846815,0.84728
2004-10-15T11:00:00+02:00,0.84728,0.84846,0.84728,0.84846
2004-10-18T11:00:00+02:00,0.84574,0.84574,0.843455,0.843455
2004-10-19T11:00:00+02:00,0.843455,0.843455,0.842745,0.842745
2004-10-20T11:00:00+02:00,0.842745,0.843385,0.842745,0.843385
2004-10-21T11:00:00+02:00,0.843385,0.84381,0.843385,0.84381
2004-10-25T11:00:00+02:00,0.842745,0.842745,0.83815,0.83815
2004-10-26T11:00:00+02:00,0.83815,0.83815,0.83731,0.83731
2004-10-27T11:00:00+02:00,0.83731,0.83731,0.82929,0.82929
2004-10-28T11:00:00+02:00,0.82929,0.82929,0.82011,0.82011
2004-11-01T11:00:00+01:00,0.819335,0.82149,0.819335,0.82149
2004-11-02T11:00:00+01:00,0.82149,0.825965,0.82149,0.825965
2004-11-03T11:00:00+01:00,0.825965,0.825965,0.82328,0.82328
2004-11-04T11:00:00+01:00,0.82328,0.82328,0.82031,0.82031
2004-11-05T11:00:00+01:00,0.82031,0.82031,0.818465,0.818465
2004-11-08T11:00:00+01:00,0.8191,0.8191,0.81699,0.81699
2004-11-09T11:00:00+01:00,0.81699,0.81699,0.81606,0.81606
2004-11-10T11:00:00+01:00,0.81606,0.81606,0.8072,0.8072
2004-11-11T11:00:00+01:00,0.8072,0.810205,0.8072,0.810205
2004-11-12T11:00:00+01:00,0.810205,0.81241,0.810205,0.81241
2004-11-15T11:00:00+01:00,0.81294,0.826175,0.81294,0.826175
2004-11-16T11:00:00+01:00,0.826175,0.826175,0.82318,0.82318
2004-11-17T11:00:00+01:00,0.82318,0.82318,0.82294,0.82294
2004-11-18T11:00:00+01:00,0.82294,0.82675,0.82294,0.82675
2004-11-19T11:00:00+01:00,0.82675,0.82675,0.82345,0.82345
2004-11-22T11:00:00+01:00,0.82413,0.82484,0.82413,0.82484
2004-11-23T11:00:00+01:00,0.82484,0.82498,0.82484,0.82498
2004-11-24T11:00:00+01:00,0.82498,0.82498,0.814495,0.814495
2004-11-25T11:00:00+01:00,0.814495,0.816495,0.814495,0.816495
2004-11-26T11:00:00+01:00,0.816495,0.816595,0.816495,0.816595
2004-11-29T11:00:00+01:00,0.817395,0.817425,0.817395,0.817425
2004-11-30T11:00:00+01:00,0.817425,0.817425,0.814895,0.814895
2004-12-01T11:00:00+01:00,0.814895,0.8191,0.814895,0.8191
2004-12-02T11:00:00+01:00,0.8191,0.82416,0.8191,0.82416
2004-12-03T11:00:00+01:00,0.82416,0.82416,0.81553,0.81553
2004-12-06T11:00:00+01:00,0.817465,0.820985,0.817465,0.820985
2004-12-07T11:00:00+01:00,0.820985,0.820985,0.81823,0.81823
2004-12-08T11:00:00+01:00,0.81823,0.82159,0.81823,0.82159
2004-12-09T11:00:00+01:00,0.82159,0.82159,0.816295,0.816295
2004-12-10T11:00:00+01:00,0.816295,0.818065,0.816295,0.818065
2004-12-13T11:00:00+01:00,0.81526,0.8189,0.81526,0.8189
2004-12-14T11:00:00+01:00,0.8189,0.8189,0.8182,0.8182
2004-12-15T11:00:00+01:00,0.8182,0.819505,0.8182,0.819505
2004-12-16T11:00:00+01:00,0.819505,0.82264,0.819505,0.82264
2004-12-17T11:00:00+01:00,0.82264,0.82679,0.82264,0.82679
2004-12-20T11:00:00+01:00,0.825355,0.825355,0.82328,0.82328
2004-12-21T11:00:00+01:00,0.82328,0.82328,0.818835,0.818835
2004-12-22T11:00:00+01:00,0.818835,0.82078,0.818835,0.82078
2004-12-23T11:00:00+01:00,0.82078,0.82078,0.81543,0.81543
2004-12-24T11:00:00+01:00,0.81543,0.820075,0.81543,0.820075
2004-12-27T11:00:00+01:00,0.819405,0.820545,0.819405,0.820545
2004-12-28T11:00:00+01:00,0.820545,0.820545,0.817795,0.817795
2004-12-29T11:00:00+01:00,0.817795,0.817795,0.809485,0.809485
2004-12-30T11:00:00+01:00,0.809485,0.81327,0.809485,0.81327
2004-12-31T11:00:00+01:00,0.81327,0.818335,0.81327,0.818335
2005-01-02T23:00:00+01:00,0.819805,0.8244,0.814165,0.81636
2005-01-03T11:00:00+01:00,0.81636,0.821595,0.814165,0.819575
2005-01-03T23:00:00+01:00,0.819575,0.82193,0.81659,0.82159
2005-01-04T11:00:00+01:00,0.82159,0.82573,0.81763,0.82004
2005-01-04T23:00:00+01:00,0.82004,0.82227,0.815195,0.817965
2005-01-05T11:00:00+01:00,0.817965,0.822605,0.816095,0.81676
2005-01-05T23:00:00+01:00,0.81676,0.82051,0.815895,0.819035
2005-01-06T11:00:00+01:00,0.819035,0.82288,0.815695,0.819605
2005-01-06T23:00:00+01:00,0.819605,0.8245,0.81954,0.822
2005-01-07T11:00:00+01:00,0.822,0.82888,0.82031,0.823385
2005-01-09T23:00:00+01:00,0.82264,0.824535,0.820175,0.82213
2005-01-10T11:00:00+01:00,0.82213,0.82308,0.81843,0.82051
2005-01-10T23:00:00+01:00,0.82051,0.82355,0.818165,0.821255
2005-01-11T11:00:00+01:00,0.821255,0.82662,0.8191,0.82532
2005-01-11T23:00:00+01:00,0.82532,0.82703,0.82011,0.820985
2005-01-12T11:00:00+01:00,0.820985,0.82696,0.819575,0.82559
2005-01-12T23:00:00+01:00,0.82559,0.82648,0.82227,0.82525
2005-01-13T11:00:00+01:00,0.82525,0.82929,0.82301,0.82546
2005-01-13T23:00:00+01:00,0.82546,0.82826,0.82403,0.82723
2005-01-14T11:00:00+01:00,0.82723,0.829325,0.82369,0.82501
2005-01-16T23:00:00+01:00,0.825695,0.8273,0.82413,0.82498
2005-01-17T11:00:00+01:00,0.82498,0.8258,0.82186,0.823825
2005-01-17T23:00:00+01:00,0.823825,0.82423,0.820245,0.82227
2005-01-18T11:00:00+01:00,0.82227,0.8273,0.818835,0.82518
2005-01-18T23:00:00+01:00,0.82518,0.832745,0.8243,0.83067
2005-01-19T11:00:00+01:00,0.83067,0.83431,0.82744,0.832155
2005-01-19T23:00:00+01:00,0.832155,0.836715,0.830495,0.836015
2005-01-20T11:00:00+01:00,0.836015,0.840655,0.83493,0.8403
2005-01-20T23:00:00+01:00,0.8403,0.84717,0.837975,0.844665
2005-01-21T11:00:00+01:00,0.844665,0.849255,0.843135,0.847385
2005-01-23T23:00:00+01:00,0.84581,0.84969,0.842745,0.844095
2005-01-24T11:00:00+01:00,0.844095,0.848175,0.842675,0.84513
2005-01-24T23:00:00+01:00,0.84513,0.849615,0.84317,0.84424
2005-01-25T11:00:00+01:00,0.84424,0.852365,0.841645,0.8471
2005-01-25T23:00:00+01:00,0.8471,0.850995,0.847025,0.850845
2005-01-26T11:00:00+01:00,0.850845,0.853385,0.844915,0.84778
2005-01-26T23:00:00+01:00,0.84778,0.84857,0.845095,0.845665
2005-01-27T11:00:00+01:00,0.845665,0.849325,0.84488,0.847455
2005-01-27T23:00:00+01:00,0.847455,0.849615,0.84545,0.846025
2005-01-28T11:00:00+01:00,0.846025,0.849115,0.842425,0.84581
2005-01-30T23:00:00+01:00,0.843955,0.849255,0.843595,0.848175
2005-01-31T11:00:00+01:00,0.848175,0.849405,0.84349,0.844845
2005-01-31T23:00:00+01:00,0.844845,0.848175,0.843525,0.845735
2005-02-01T11:00:00+01:00,0.845735,0.851245,0.844915,0.84785
2005-02-01T23:00:00+01:00,0.84785,0.84951,0.845735,0.846815
2005-02-02T11:00:00+01:00,0.846815,0.852115,0.845165,0.851825
2005-02-02T23:00:00+01:00,0.851825,0.853755,0.850415,0.852005
2005-02-03T11:00:00+01:00,0.852005,0.85631,0.851065,0.85368
2005-02-03T23:00:00+01:00,0.85368,0.856385,0.852295,0.855575
2005-02-04T11:00:00+01:00,0.855575,0.86162,0.85222,0.86051
2005-02-06T23:00:00+01:00,0.85948,0.86088,0.85598,0.856895
2005-02-07T11:00:00+01:00,0.856895,0.860545,0.853935,0.857085
2005-02-07T23:00:00+01:00,0.857085,0.861735,0.85547,0.855905
2005-02-08T11:00:00+01:00,0.855905,0.856345,0.85146,0.85437
2005-02-08T23:00:00+01:00,0.85437,0.857005,0.852405,0.85525
2005-02-09T11:00:00+01:00,0.85525,0.857815,0.85277,0.8562
2005-02-09T23:00:00+01:00,0.8562,0.8614,0.85459,0.859625
2005-02-10T11:00:00+01:00,0.859625,0.862665,0.85525,0.859885
2005-02-10T23:00:00+01:00,0.859885,0.86162,0.857705,0.860955
2005-02-11T11:00:00+01:00,0.860955,0.86618,0.85734,0.864605
2005-02-13T23:00:00+01:00,0.863335,0.863485,0.855655,0.856675
2005-02-14T11:00:00+01:00,0.856675,0.86044,0.85514,0.855725
2005-02-14T23:00:00+01:00,0.855725,0.85756,0.853535,0.85419
2005-02-15T11:00:00+01:00,0.85419,0.856015,0.851575,0.851825
2005-02-15T23:00:00+01:00,0.851825,0.85266,0.848395,0.849255
2005-02-16T11:00:00+01:00,0.849255,0.851285,0.846025,0.847455
2005-02-16T23:00:00+01:00,0.847455,0.850415,0.84667,0.849905
2005-02-17T11:00:00+01:00,0.849905,0.854555,0.84857,0.84951
2005-02-17T23:00:00+01:00,0.84951,0.852735,0.84792,0.852365
2005-02-18T11:00:00+01:00,0.852365,0.857745,0.852155,0.855575
2005-02-20T23:00:00+01:00,0.85697,0.86081,0.854335,0.859105
2005-02-21T11:00:00+01:00,0.859105,0.86081,0.856605,0.85745
2005-02-21T23:00:00+01:00,0.85745,0.85918,0.851645,0.852155
2005-02-22T11:00:00+01:00,0.852155,0.853095,0.842995,0.84392
2005-02-22T23:00:00+01:00,0.84392,0.845955,0.841965,0.84481
2005-02-23T11:00:00+01:00,0.84481,0.846595,0.839315,0.83984
2005-02-23T23:00:00+01:00,0.83984,0.8431,0.838575,0.83886
2005-02-24T11:00:00+01:00,0.83886,0.845955,0.83801,0.84317
2005-02-24T23:00:00+01:00,0.84317,0.844735,0.84104,0.842745
2005-02-25T11:00:00+01:00,0.842745,0.845235,0.838995,0.83935
2005-02-27T23:00:00+01:00,0.838365,0.845525,0.83794,0.84374
2005-02-28T11:00:00+01:00,0.84374,0.847245,0.842175,0.845025
2005-02-28T23:00:00+01:00,0.845025,0.846595,0.84324,0.845165
2005-03-01T11:00:00+01:00,0.845165,0.848175,0.842745,0.847315
2005-03-01T23:00:00+01:00,0.847315,0.849475,0.84367,0.848895
2005-03-02T11:00:00+01:00,0.848895,0.85492,0.848395,0.85248
2005-03-02T23:00:00+01:00,0.85248,0.85459,0.85139,0.852875
2005-03-03T11:00:00+01:00,0.852875,0.860545,0.852225,0.858995
2005-03-03T23:00:00+01:00,0.858995,0.86014,0.857525,0.858665
2005-03-04T11:00:00+01:00,0.858665,0.86222,0.855835,0.85734
2005-03-06T23:00:00+01:00,0.85719,0.859995,0.856455,0.85933
2005-03-07T11:00:00+01:00,0.85933,0.8661,0.85896,0.86371
2005-03-07T23:00:00+01:00,0.86371,0.86625,0.862515,0.8649
2005-03-08T11:00:00+01:00,0.8649,0.8649,0.857485,0.859625
2005-03-08T23:00:00+01:00,0.859625,0.8597,0.854625,0.85631
2005-03-09T11:00:00+01:00,0.85631,0.85837,0.84685,0.856165
2005-03-09T23:00:00+01:00,0.856165,0.860365,0.851785,0.852005
2005-03-10T11:00:00+01:00,0.852005,0.853975,0.849615,0.851425
2005-03-10T23:00:00+01:00,0.851425,0.85266,0.848245,0.851355
2005-03-11T11:00:00+01:00,0.851355,0.854625,0.848895,0.85092
2005-03-13T23:00:00+01:00,0.850485,0.855795,0.85012,0.852445
2005-03-14T11:00:00+01:00,0.852445,0.858185,0.851865,0.855655
2005-03-14T23:00:00+01:00,0.855655,0.85822,0.854625,0.856895
2005-03-15T11:00:00+01:00,0.856895,0.86408,0.856235,0.863145
2005-03-15T23:00:00+01:00,0.863145,0.863595,0.858295,0.8594
2005-03-16T11:00:00+01:00,0.8594,0.860215,0.8547,0.857525
2005-03-16T23:00:00+01:00,0.857525,0.859365,0.855575,0.856825
2005-03-17T11:00:00+01:00,0.856825,0.8614,0.856235,0.8597
2005-03-17T23:00:00+01:00,0.8597,0.86311,0.85896,0.859625
2005-03-18T11:00:00+01:00,0.859625,0.86911,0.85881,0.866775
2005-03-20T23:00:00+01:00,0.865275,0.870095,0.864755,0.86708
2005-03-21T11:00:00+01:00,0.86708,0.86979,0.86543,0.86745
2005-03-21T23:00:00+01:00,0.86745,0.86843,0.86528,0.868055
2005-03-22T11:00:00+01:00,0.868055,0.87386,0.866815,0.868885
2005-03-22T23:00:00+01:00,0.868885,0.86934,0.86326,0.86715
2005-03-23T11:00:00+01:00,0.86715,0.86821,0.855575,0.85918
2005-03-23T23:00:00+01:00,0.85918,0.86044,0.855285,0.85609
2005-03-24T11:00:00+01:00,0.85609,0.857855,0.85259,0.857265
2005-03-24T23:00:00+01:00,0.857265,0.857415,0.85492,0.857195
2005-03-25T11:00:00+01:00,0.857195,0.857855,0.85492,0.85712
2005-03-28T00:00:00+02:00,0.85675,0.85734,0.85226,0.853065
2005-03-28T12:00:00+02:00,0.853065,0.85642,0.850305,0.85186
2005-03-29T00:00:00+02:00,0.85186,0.854555,0.847605,0.853535
2005-03-29T12:00:00+02:00,0.853535,0.857925,0.851355,0.852875
2005-03-30T00:00:00+02:00,0.852875,0.854775,0.84832,0.851865
2005-03-30T12:00:00+02:00,0.851865,0.852225,0.84721,0.84951
2005-03-31T00:00:00+02:00,0.84951,0.852875,0.848,0.849405
2005-03-31T12:00:00+02:00,0.849405,0.853645,0.848605,0.85168
2005-04-01T00:00:00+02:00,0.85168,0.853135,0.848175,0.849185
2005-04-01T12:00:00+02:00,0.849185,0.85723,0.846025,0.85215
2005-04-03T23:00:00+02:00,0.853315,0.854625,0.851245,0.852955
2005-04-04T11:00:00+02:00,0.852955,0.85686,0.851245,0.856165
2005-04-04T23:00:00+02:00,0.856165,0.85675,0.851245,0.85146
2005-04-05T11:00:00+02:00,0.85146,0.856015,0.85045,0.854845
2005-04-05T23:00:00+02:00,0.854845,0.85778,0.853755,0.856235
2005-04-06T11:00:00+02:00,0.856235,0.860325,0.85514,0.858705
2005-04-06T23:00:00+02:00,0.858705,0.859955,0.856055,0.857635
2005-04-07T11:00:00+02:00,0.857635,0.861325,0.856825,0.859105
2005-04-07T23:00:00+02:00,0.859105,0.8643,0.85896,0.86125
2005-04-08T11:00:00+02:00,0.86125,0.86289,0.856565,0.857705
2005-04-10T23:00:00+02:00,0.857705,0.86408,0.85741,0.860735
2005-04-11T11:00:00+02:00,0.860735,0.86244,0.858185,0.860915
2005-04-11T23:00:00+02:00,0.860915,0.863075,0.8597,0.860735
2005-04-12T11:00:00+02:00,0.860735,0.86633,0.86029,0.86494
2005-04-12T23:00:00+02:00,0.86494,0.86828,0.864195,0.86663
2005-04-13T11:00:00+02:00,0.86663,0.87199,0.86595,0.868395
2005-04-13T23:00:00+02:00,0.868395,0.87604,0.86802,0.87604
2005-04-14T11:00:00+02:00,0.87604,0.880045,0.87382,0.875885
2005-04-14T23:00:00+02:00,0.875885,0.8765,0.86222,0.86237
2005-04-15T11:00:00+02:00,0.86237,0.86535,0.858295,0.8594
2005-04-17T23:00:00+02:00,0.86059,0.86088,0.851785,0.85368
2005-04-18T11:00:00+02:00,0.85368,0.855505,0.848535,0.853135
2005-04-18T23:00:00+02:00,0.853135,0.857485,0.85117,0.85686
2005-04-19T11:00:00+02:00,0.85686,0.856935,0.85139,0.85543
2005-04-19T23:00:00+02:00,0.85543,0.85896,0.85397,0.85815
2005-04-20T11:00:00+02:00,0.85815,0.86103,0.85609,0.85745
2005-04-20T23:00:00+02:00,0.85745,0.858185,0.85226,0.857045
2005-04-21T11:00:00+02:00,0.857045,0.86155,0.856235,0.86103
2005-04-21T23:00:00+02:00,0.86103,0.86648,0.858665,0.86222
2005-04-22T11:00:00+02:00,0.86222,0.86745,0.86029,0.864675
2005-04-24T23:00:00+02:00,0.865205,0.87002,0.864755,0.86972
2005-04-25T11:00:00+02:00,0.86972,0.87131,0.86434,0.865015
2005-04-25T23:00:00+02:00,0.865015,0.866965,0.862885,0.866665
2005-04-26T11:00:00+02:00,0.866665,0.86719,0.85852,0.859255
2005-04-26T23:00:00+02:00,0.859255,0.863965,0.85624,0.861435
2005-04-27T11:00:00+02:00,0.861435,0.86285,0.856715,0.85962
2005-04-27T23:00:00+02:00,0.85962,0.8696,0.85962,0.86689
2005-04-28T11:00:00+02:00,0.86689,0.86994,0.86595,0.869
2005-04-28T23:00:00+02:00,0.869,0.86953,0.865165,0.86783
2005-04-29T11:00:00+02:00,0.86783,0.876425,0.86775,0.87443
2005-05-01T23:00:00+02:00,0.87367,0.875235,0.87211,0.873515
2005-05-02T11:00:00+02:00,0.873515,0.875695,0.87173,0.8747
2005-05-02T23:00:00+02:00,0.8747,0.87577,0.872145,0.87306
2005-05-03T11:00:00+02:00,0.87306,0.873135,0.86708,0.87104
2005-05-03T23:00:00+02:00,0.87104,0.87241,0.86764,0.87036
2005-05-04T11:00:00+02:00,0.87036,0.87539,0.868395,0.87485
2005-05-04T23:00:00+02:00,0.87485,0.878385,0.87157,0.878385
2005-05-05T11:00:00+02:00,0.878385,0.880515,0.87554,0.877695
2005-05-05T23:00:00+02:00,0.877695,0.879505,0.87627,0.878345
2005-05-06T11:00:00+02:00,0.878345,0.886605,0.876195,0.88488
2005-05-08T23:00:00+02:00,0.883705,0.88519,0.882145,0.883785
2005-05-09T11:00:00+02:00,0.883785,0.884255,0.87939,0.880085
2005-05-09T23:00:00+02:00,0.880085,0.882495,0.87558,0.878115
2005-05-10T11:00:00+02:00,0.878115,0.880745,0.877,0.879235
2005-05-10T23:00:00+02:00,0.879235,0.879665,0.87627,0.878965
2005-05-11T11:00:00+02:00,0.878965,0.884565,0.8775,0.879545
2005-05-11T23:00:00+02:00,0.879545,0.881405,0.873745,0.873745
2005-05-12T11:00:00+02:00,0.873745,0.877655,0.87218,0.87371
2005-05-12T23:00:00+02:00,0.87371,0.876345,0.869415,0.87344
2005-05-13T11:00:00+02:00,0.87344,0.875965,0.87006,0.87093
2005-05-15T23:00:00+02:00,0.87207,0.873975,0.86468,0.86708
2005-05-16T11:00:00+02:00,0.86708,0.86817,0.86166,0.862625
2005-05-16T23:00:00+02:00,0.862625,0.869225,0.862405,0.8661
2005-05-17T11:00:00+02:00,0.8661,0.868245,0.86498,0.86629
2005-05-17T23:00:00+02:00,0.86629,0.86753,0.864265,0.86595
2005-05-18T11:00:00+02:00,0.86595,0.870815,0.86348,0.869755
2005-05-18T23:00:00+02:00,0.869755,0.86983,0.86494,0.86851
2005-05-19T11:00:00+02:00,0.86851,0.872295,0.86693,0.869225
2005-05-19T23:00:00+02:00,0.869225,0.873365,0.864415,0.873365
2005-05-20T11:00:00+02:00,0.873365,0.87531,0.870775,0.874965
2005-05-22T23:00:00+02:00,0.87367,0.87512,0.87161,0.87466
2005-05-23T11:00:00+02:00,0.87466,0.87562,0.87123,0.87493
2005-05-23T23:00:00+02:00,0.87493,0.87646,0.87321,0.875735
2005-05-24T11:00:00+02:00,0.875735,0.87835,0.873365,0.87658
2005-05-24T23:00:00+02:00,0.87658,0.877575,0.87481,0.87577
2005-05-25T11:00:00+02:00,0.87577,0.87677,0.87409,0.875925
2005-05-25T23:00:00+02:00,0.875925,0.879315,0.87516,0.877655
2005-05-26T11:00:00+02:00,0.877655,0.880975,0.87596,0.87673
2005-05-26T23:00:00+02:00,0.87673,0.880975,0.875885,0.879355
2005-05-27T11:00:00+02:00,0.879355,0.88269,0.878885,0.880515
2005-05-29T23:00:00+02:00,0.87974,0.881755,0.878195,0.881525
2005-05-30T11:00:00+02:00,0.881525,0.883785,0.881055,0.881795
2005-05-30T23:00:00+02:00,0.881795,0.883235,0.877615,0.883045
2005-05-31T11:00:00+02:00,0.883045,0.883115,0.875425,0.879855
2005-05-31T23:00:00+02:00,0.879855,0.880165,0.87447,0.87485
2005-06-01T11:00:00+02:00,0.87485,0.878965,0.87089,0.87708
2005-06-01T23:00:00+02:00,0.87708,0.878,0.8734,0.87378
2005-06-02T11:00:00+02:00,0.87378,0.877655,0.87325,0.87742
2005-06-02T23:00:00+02:00,0.87742,0.879045,0.876155,0.877805
2005-06-03T11:00:00+02:00,0.877805,0.880085,0.87512,0.876885
2005-06-05T23:00:00+02:00,0.876655,0.881525,0.87554,0.880665
2005-06-06T11:00:00+02:00,0.880665,0.88629,0.880435,0.88582
2005-06-06T23:00:00+02:00,0.88582,0.88968,0.88386,0.88889
2005-06-07T11:00:00+02:00,0.88889,0.89238,0.88794,0.88988
2005-06-07T23:00:00+02:00,0.88988,0.8923,0.88798,0.89182
2005-06-08T11:00:00+02:00,0.89182,0.8957,0.888415,0.89246
2005-06-08T23:00:00+02:00,0.89246,0.89795,0.890235,0.89405
2005-06-09T11:00:00+02:00,0.89405,0.89566,0.891425,0.893655
2005-06-09T23:00:00+02:00,0.893655,0.89473,0.891425,0.893575
2005-06-10T11:00:00+02:00,0.893575,0.89783,0.890195,0.89598
2005-06-12T23:00:00+02:00,0.89638,0.901715,0.8959,0.90147
2005-06-13T11:00:00+02:00,0.90147,0.901875,0.895175,0.89678
2005-06-13T23:00:00+02:00,0.89678,0.9009,0.89542,0.90009
2005-06-14T11:00:00+02:00,0.90009,0.906865,0.89936,0.90367
2005-06-14T23:00:00+02:00,0.90367,0.907605,0.90269,0.907195
2005-06-15T11:00:00+02:00,0.907195,0.907855,0.903425,0.907195
2005-06-15T23:00:00+02:00,0.907195,0.908675,0.90465,0.905635
2005-06-16T11:00:00+02:00,0.905635,0.91266,0.90465,0.909505
2005-06-16T23:00:00+02:00,0.909505,0.909505,0.906125,0.906455
2005-06-17T11:00:00+02:00,0.906455,0.91025,0.900905,0.901955
2005-06-19T23:00:00+02:00,0.905675,0.910085,0.904325,0.909095
2005-06-20T11:00:00+02:00,0.909095,0.91083,0.906945,0.908225
2005-06-20T23:00:00+02:00,0.908225,0.910705,0.905635,0.909255
2005-06-21T11:00:00+02:00,0.909255,0.912575,0.908145,0.908475
2005-06-21T23:00:00+02:00,0.908475,0.908805,0.903095,0.903995
2005-06-22T11:00:00+02:00,0.903995,0.91395,0.90326,0.912535
2005-06-22T23:00:00+02:00,0.912535,0.912535,0.902365,0.903915
2005-06-23T11:00:00+02:00,0.903915,0.908435,0.9009,0.903305
2005-06-23T23:00:00+02:00,0.903305,0.905925,0.900455,0.904855
2005-06-24T11:00:00+02:00,0.904855,0.907815,0.89722,0.898875
2005-06-26T23:00:00+02:00,0.899285,0.901715,0.89461,0.89686
2005-06-27T11:00:00+02:00,0.89686,0.90098,0.8963,0.89803
2005-06-27T23:00:00+02:00,0.89803,0.89928,0.89449,0.898875
2005-06-28T11:00:00+02:00,0.898875,0.90163,0.895255,0.897385
2005-06-28T23:00:00+02:00,0.897385,0.90078,0.89489,0.898675
2005-06-29T11:00:00+02:00,0.898675,0.89989,0.89266,0.8973
2005-06-29T23:00:00+02:00,0.8973,0.89835,0.89346,0.893615
2005-06-30T11:00:00+02:00,0.893615,0.895135,0.88964,0.8933
2005-06-30T23:00:00+02:00,0.8933,0.895295,0.886915,0.88802
2005-07-01T11:00:00+02:00,0.88802,0.88889,0.88226,0.886685
2005-07-03T23:00:00+02:00,0.887075,0.887705,0.880165,0.883155
2005-07-04T11:00:00+02:00,0.883155,0.88743,0.881835,0.887275
2005-07-04T23:00:00+02:00,0.887275,0.887275,0.88094,0.881445
2005-07-05T11:00:00+02:00,0.881445,0.8839,0.87939,0.882495
2005-07-05T23:00:00+02:00,0.882495,0.884955,0.87939,0.88156
2005-07-06T11:00:00+02:00,0.88156,0.88355,0.875505,0.877115
2005-07-06T23:00:00+02:00,0.877115,0.879585,0.872295,0.87904
2005-07-07T11:00:00+02:00,0.87904,0.87951,0.87002,0.87397
2005-07-07T23:00:00+02:00,0.87397,0.87596,0.868505,0.87573
2005-07-08T11:00:00+02:00,0.87573,0.878195,0.87222,0.874965
2005-07-10T23:00:00+02:00,0.876655,0.87854,0.87447,0.87608
2005-07-11T11:00:00+02:00,0.87608,0.877615,0.87188,0.873135
2005-07-11T23:00:00+02:00,0.873135,0.8765,0.869415,0.87321
2005-07-12T11:00:00+02:00,0.87321,0.87596,0.87146,0.87199
2005-07-12T23:00:00+02:00,0.87199,0.87359,0.866855,0.867155
2005-07-13T11:00:00+02:00,0.867155,0.870095,0.86341,0.86809
2005-07-13T23:00:00+02:00,0.86809,0.87504,0.867,0.87268
2005-07-14T11:00:00+02:00,0.87268,0.874585,0.869795,0.87184
2005-07-14T23:00:00+02:00,0.87184,0.87413,0.868585,0.872905
2005-07-15T11:00:00+02:00,0.872905,0.87405,0.869865,0.87382
2005-07-17T23:00:00+02:00,0.87192,0.875655,0.87093,0.87184
2005-07-18T11:00:00+02:00,0.87184,0.879275,0.87032,0.8775
2005-07-18T23:00:00+02:00,0.8775,0.88067,0.87581,0.87877
2005-07-19T11:00:00+02:00,0.87877,0.881565,0.87581,0.87642
2005-07-19T23:00:00+02:00,0.87642,0.87781,0.87268,0.876845
2005-07-20T11:00:00+02:00,0.876845,0.879625,0.867455,0.871915
2005-07-20T23:00:00+02:00,0.871915,0.87746,0.869185,0.876695
2005-07-21T11:00:00+02:00,0.876695,0.882965,0.873325,0.881835
2005-07-21T23:00:00+02:00,0.881835,0.883585,0.87889,0.882885
2005-07-22T11:00:00+02:00,0.882885,0.89099,0.882185,0.889045
2005-07-24T23:00:00+02:00,0.88684,0.88877,0.884525,0.885075
2005-07-25T11:00:00+02:00,0.885075,0.88822,0.881955,0.887705
2005-07-25T23:00:00+02:00,0.887705,0.88976,0.884525,0.886955
2005-07-26T11:00:00+02:00,0.886955,0.889405,0.885545,0.885935
2005-07-26T23:00:00+02:00,0.885935,0.8881,0.883355,0.883435
2005-07-27T11:00:00+02:00,0.883435,0.885935,0.87982,0.880475
2005-07-27T23:00:00+02:00,0.880475,0.88343,0.878115,0.880245
2005-07-28T11:00:00+02:00,0.880245,0.881135,0.87685,0.87862
2005-07-28T23:00:00+02:00,0.87862,0.88238,0.87692,0.880825
2005-07-29T11:00:00+02:00,0.880825,0.882765,0.875695,0.877655
2005-07-31T23:00:00+02:00,0.875965,0.876885,0.873745,0.87504
2005-08-01T11:00:00+02:00,0.87504,0.876385,0.87188,0.875005
2005-08-01T23:00:00+02:00,0.875005,0.877695,0.87275,0.875005
2005-08-02T11:00:00+02:00,0.875005,0.87862,0.87401,0.87754
2005-08-02T23:00:00+02:00,0.87754,0.879045,0.87455,0.87485
2005-08-03T11:00:00+02:00,0.87485,0.875465,0.87089,0.87218
2005-08-03T23:00:00+02:00,0.87218,0.87455,0.869865,0.8731
2005-08-04T11:00:00+02:00,0.8731,0.873935,0.86847,0.869225
2005-08-04T23:00:00+02:00,0.869225,0.87226,0.86783,0.87157
2005-08-05T11:00:00+02:00,0.87157,0.87409,0.868395,0.87199
2005-08-07T23:00:00+02:00,0.87108,0.87677,0.87047,0.87409
2005-08-08T11:00:00+02:00,0.87409,0.87562,0.87233,0.87287
2005-08-08T23:00:00+02:00,0.87287,0.87566,0.87135,0.87241
2005-08-09T11:00:00+02:00,0.87241,0.87279,0.869075,0.87218
2005-08-09T23:00:00+02:00,0.87218,0.87516,0.87017,0.87386
2005-08-10T11:00:00+02:00,0.87386,0.876615,0.8715,0.873935
2005-08-10T23:00:00+02:00,0.873935,0.88094,0.87329,0.879195
2005-08-11T11:00:00+02:00,0.879195,0.881135,0.877345,0.879005
2005-08-11T23:00:00+02:00,0.879005,0.883705,0.876845,0.882655
2005-08-12T11:00:00+02:00,0.882655,0.884995,0.880435,0.8823
2005-08-14T23:00:00+02:00,0.8816,0.887865,0.8816,0.887235
2005-08-15T11:00:00+02:00,0.887235,0.88755,0.882845,0.88582
2005-08-15T23:00:00+02:00,0.88582,0.887865,0.884095,0.886995
2005-08-16T11:00:00+02:00,0.886995,0.887705,0.881605,0.883235
2005-08-16T23:00:00+02:00,0.883235,0.886405,0.882765,0.88574
2005-08-17T11:00:00+02:00,0.88574,0.887075,0.881445,0.884365
2005-08-17T23:00:00+02:00,0.884365,0.886095,0.880865,0.881795
2005-08-18T11:00:00+02:00,0.881795,0.887825,0.881095,0.884915
2005-08-18T23:00:00+02:00,0.884915,0.88751,0.883195,0.885075
2005-08-19T11:00:00+02:00,0.885075,0.886955,0.882025,0.88582
2005-08-21T23:00:00+02:00,0.884095,0.887035,0.881715,0.8868
2005-08-22T11:00:00+02:00,0.8868,0.887585,0.883355,0.884365
2005-08-22T23:00:00+02:00,0.884365,0.887905,0.884135,0.884995
2005-08-23T11:00:00+02:00,0.884995,0.88802,0.884215,0.88755
2005-08-23T23:00:00+02:00,0.88755,0.88885,0.884915,0.887665
2005-08-24T11:00:00+02:00,0.887665,0.88889,0.88164,0.882025
2005-08-24T23:00:00+02:00,0.882025,0.882655,0.87835,0.880085
2005-08-25T11:00:00+02:00,0.880085,0.881565,0.87455,0.876695
2005-08-25T23:00:00+02:00,0.876695,0.877925,0.87493,0.87708
2005-08-26T11:00:00+02:00,0.87708,0.879085,0.87348,0.87512
2005-08-28T23:00:00+02:00,0.87466,0.87558,0.870775,0.87474
2005-08-29T11:00:00+02:00,0.87474,0.880515,0.87336,0.87858
2005-08-29T23:00:00+02:00,0.87858,0.879895,0.87359,0.87612
2005-08-30T11:00:00+02:00,0.87612,0.87754,0.87344,0.87589
2005-08-30T23:00:00+02:00,0.87589,0.8765,0.871385,0.8755
2005-08-31T11:00:00+02:00,0.8755,0.87573,0.868205,0.87199
2005-08-31T23:00:00+02:00,0.87199,0.873135,0.870245,0.87211
2005-09-01T11:00:00+02:00,0.87211,0.87355,0.869,0.87104
2005-09-01T23:00:00+02:00,0.87104,0.872715,0.867265,0.867415
2005-09-02T11:00:00+02:00,0.867415,0.87036,0.86494,0.86934
2005-09-04T23:00:00+02:00,0.86768,0.87264,0.866405,0.8715
2005-09-05T11:00:00+02:00,0.8715,0.87612,0.870815,0.87203
2005-09-05T23:00:00+02:00,0.87203,0.878695,0.87203,0.877385
2005-09-06T11:00:00+02:00,0.877385,0.87885,0.87386,0.877965
2005-09-06T23:00:00+02:00,0.877965,0.88001,0.87188,0.873935
2005-09-07T11:00:00+02:00,0.873935,0.877155,0.87302,0.87466
2005-09-07T23:00:00+02:00,0.87466,0.87646,0.87264,0.87462
2005-09-08T11:00:00+02:00,0.87462,0.87862,0.8731,0.87777
2005-09-08T23:00:00+02:00,0.87777,0.878465,0.87302,0.878235
2005-09-09T11:00:00+02:00,0.878235,0.88028,0.87654,0.880205
2005-09-11T23:00:00+02:00,0.882145,0.885305,0.879815,0.884135
2005-09-12T11:00:00+02:00,0.884135,0.887195,0.883045,0.883505
2005-09-12T23:00:00+02:00,0.883505,0.886485,0.882265,0.8857
2005-09-13T11:00:00+02:00,0.8857,0.88751,0.883665,0.885855
2005-09-13T23:00:00+02:00,0.885855,0.89242,0.88476,0.89035
2005-09-14T11:00:00+02:00,0.89035,0.89274,0.887905,0.89202
2005-09-14T23:00:00+02:00,0.89202,0.894975,0.89067,0.893775
2005-09-15T11:00:00+02:00,0.893775,0.89807,0.89258,0.89433
2005-09-15T23:00:00+02:00,0.89433,0.89538,0.89043,0.89258
2005-09-16T11:00:00+02:00,0.89258,0.89658,0.89234,0.895175
2005-09-18T23:00:00+02:00,0.89242,0.89558,0.88976,0.89162
2005-09-19T11:00:00+02:00,0.89162,0.89658,0.891465,0.89578
2005-09-19T23:00:00+02:00,0.89578,0.89722,0.89322,0.8967
2005-09-20T11:00:00+02:00,0.8967,0.89811,0.893615,0.89465
2005-09-20T23:00:00+02:00,0.89465,0.89473,0.887035,0.888535
2005-09-21T11:00:00+02:00,0.888535,0.89258,0.886565,0.888535
2005-09-21T23:00:00+02:00,0.888535,0.88964,0.885855,0.886565
2005-09-22T11:00:00+02:00,0.886565,0.89059,0.884645,0.886055
2005-09-22T23:00:00+02:00,0.886055,0.88802,0.883705,0.886285
2005-09-23T11:00:00+02:00,0.886285,0.889755,0.883865,0.889205
2005-09-25T23:00:00+02:00,0.88629,0.89099,0.883785,0.883935
2005-09-26T11:00:00+02:00,0.883935,0.887315,0.88347,0.884725
2005-09-26T23:00:00+02:00,0.884725,0.885505,0.87974,0.881055
2005-09-27T11:00:00+02:00,0.881055,0.88347,0.87951,0.881755
2005-09-27T23:00:00+02:00,0.881755,0.886525,0.878425,0.885665
2005-09-28T11:00:00+02:00,0.885665,0.88873,0.883865,0.888415
2005-09-28T23:00:00+02:00,0.888415,0.89558,0.887235,0.895335
2005-09-29T11:00:00+02:00,0.895335,0.89791,0.89286,0.89421
2005-09-29T23:00:00+02:00,0.89421,0.8971,0.89238,0.89238
2005-09-30T11:00:00+02:00,0.89238,0.897585,0.890155,0.89461
2005-10-02T23:00:00+02:00,0.895415,0.899685,0.895175,0.89936
2005-10-03T11:00:00+02:00,0.89936,0.902485,0.89831,0.899845
2005-10-03T23:00:00+02:00,0.899845,0.9042,0.899525,0.901915
2005-10-04T11:00:00+02:00,0.901915,0.907235,0.901265,0.906495
2005-10-04T23:00:00+02:00,0.906495,0.90996,0.90151,0.903135
2005-10-05T11:00:00+02:00,0.903135,0.905835,0.89682,0.89706
2005-10-05T23:00:00+02:00,0.89706,0.899605,0.89346,0.898675
2005-10-06T11:00:00+02:00,0.898675,0.89908,0.882965,0.886565
2005-10-06T23:00:00+02:00,0.886565,0.89338,0.8857,0.888295
2005-10-07T11:00:00+02:00,0.888295,0.89234,0.88735,0.888815
2005-10-09T23:00:00+02:00,0.889365,0.893855,0.888415,0.893855
2005-10-10T11:00:00+02:00,0.893855,0.89795,0.89282,0.89658
2005-10-10T23:00:00+02:00,0.89658,0.901345,0.895135,0.895135
2005-10-11T11:00:00+02:00,0.895135,0.89714,0.891585,0.89238
2005-10-11T23:00:00+02:00,0.89238,0.89678,0.8919,0.895255
2005-10-12T11:00:00+02:00,0.895255,0.898835,0.893495,0.897385
2005-10-12T23:00:00+02:00,0.897385,0.899,0.895255,0.898595
2005-10-13T11:00:00+02:00,0.898595,0.899485,0.89071,0.89294
2005-10-13T23:00:00+02:00,0.89294,0.8973,0.890155,0.894975
2005-10-14T11:00:00+02:00,0.894975,0.89843,0.8917,0.895095
2005-10-16T23:00:00+02:00,0.894855,0.89916,0.8927,0.898755
2005-10-17T11:00:00+02:00,0.898755,0.901995,0.89634,0.90005
2005-10-17T23:00:00+02:00,0.90005,0.905105,0.898755,0.904405
2005-10-18T11:00:00+02:00,0.904405,0.908965,0.90208,0.902245
2005-10-18T23:00:00+02:00,0.902245,0.90769,0.90151,0.906085
2005-10-19T11:00:00+02:00,0.906085,0.906985,0.902895,0.9042
2005-10-19T23:00:00+02:00,0.9042,0.907235,0.902485,0.906165
2005-10-20T11:00:00+02:00,0.906165,0.90773,0.901835,0.903135
2005-10-20T23:00:00+02:00,0.903135,0.905185,0.8994,0.901995
2005-10-21T11:00:00+02:00,0.901995,0.907155,0.8994,0.90457
2005-10-23T23:00:00+02:00,0.90465,0.908225,0.90367,0.906905
2005-10-24T11:00:00+02:00,0.906905,0.9074,0.902485,0.905345
2005-10-24T23:00:00+02:00,0.905345,0.907895,0.90322,0.903955
2005-10-25T11:00:00+02:00,0.903955,0.905425,0.89706,0.90005
2005-10-25T23:00:00+02:00,0.90005,0.904285,0.898915,0.902815
2005-10-26T11:00:00+02:00,0.902815,0.904365,0.899,0.900615
2005-10-26T23:00:00+02:00,0.900615,0.905185,0.89779,0.904775
2005-10-27T11:00:00+02:00,0.904775,0.904935,0.89835,0.89989
2005-10-27T23:00:00+02:00,0.89989,0.902245,0.897705,0.89908
2005-10-28T11:00:00+02:00,0.89908,0.903135,0.89811,0.901065
2005-10-30T23:00:00+01:00,0.901145,0.90277,0.899605,0.90208
2005-10-31T11:00:00+01:00,0.90208,0.904855,0.90143,0.90265
2005-10-31T23:00:00+01:00,0.90265,0.905425,0.89916,0.89924
2005-11-01T11:00:00+01:00,0.89924,0.901915,0.89722,0.89851
2005-11-01T23:00:00+01:00,0.89851,0.89932,0.89087,0.89182
2005-11-02T11:00:00+01:00,0.89182,0.89286,0.883785,0.884875
2005-11-02T23:00:00+01:00,0.884875,0.889205,0.883315,0.88881
2005-11-03T11:00:00+01:00,0.88881,0.89166,0.88684,0.88976
2005-11-03T23:00:00+01:00,0.88976,0.89222,0.887945,0.891345
2005-11-04T11:00:00+01:00,0.891345,0.893655,0.887235,0.893655
2005-11-06T23:00:00+01:00,0.89246,0.895295,0.888655,0.888655
2005-11-07T11:00:00+01:00,0.888655,0.91571,0.863785,0.88739
2005-11-07T23:00:00+01:00,0.88739,0.893735,0.886915,0.89294
2005-11-08T11:00:00+01:00,0.89294,0.89614,0.89103,0.8959
2005-11-08T23:00:00+01:00,0.8959,0.898635,0.89302,0.89783
2005-11-09T11:00:00+01:00,0.89783,0.900655,0.895015,0.89993
2005-11-09T23:00:00+01:00,0.89993,0.902365,0.89815,0.901305
2005-11-10T11:00:00+01:00,0.901305,0.903345,0.89815,0.901715
2005-11-10T23:00:00+01:00,0.901715,0.90588,0.901305,0.901875
2005-11-11T11:00:00+01:00,0.901875,0.903345,0.900415,0.900985
2005-11-13T23:00:00+01:00,0.900495,0.901305,0.8971,0.899765
2005-11-14T11:00:00+01:00,0.899765,0.89993,0.89425,0.89485
2005-11-14T23:00:00+01:00,0.89485,0.901955,0.89286,0.901385
2005-11-15T11:00:00+01:00,0.901385,0.904895,0.899525,0.902205
2005-11-15T23:00:00+01:00,0.902205,0.902525,0.90009,0.902205
2005-11-16T11:00:00+01:00,0.902205,0.90942,0.901875,0.90777
2005-11-16T23:00:00+01:00,0.90777,0.91,0.906125,0.907195
2005-11-17T11:00:00+01:00,0.907195,0.909255,0.904895,0.906045
2005-11-17T23:00:00+01:00,0.906045,0.909255,0.903425,0.90736
2005-11-18T11:00:00+01:00,0.90736,0.90975,0.902855,0.90334
2005-11-20T23:00:00+01:00,0.902445,0.9067,0.90074,0.90273
2005-11-21T11:00:00+01:00,0.90273,0.91,0.902525,0.90901
2005-11-21T23:00:00+01:00,0.90901,0.91033,0.905715,0.908845
2005-11-22T11:00:00+01:00,0.908845,0.91017,0.904565,0.90711
2005-11-22T23:00:00+01:00,0.90711,0.91021,0.903585,0.909465
2005-11-23T11:00:00+01:00,0.909465,0.91245,0.90802,0.90971
2005-11-23T23:00:00+01:00,0.90971,0.91445,0.909295,0.914285
2005-11-24T11:00:00+01:00,0.914285,0.91613,0.91287,0.914495
2005-11-24T23:00:00+01:00,0.914495,0.919285,0.91383,0.917855
2005-11-25T11:00:00+01:00,0.917855,0.920175,0.91462,0.919285
2005-11-27T23:00:00+01:00,0.918695,0.92332,0.91726,0.92077
2005-11-28T11:00:00+01:00,0.92077,0.922635,0.91571,0.920175
2005-11-28T23:00:00+01:00,0.920175,0.922295,0.91832,0.92119
2005-11-29T11:00:00+01:00,0.92119,0.923915,0.91781,0.920005
2005-11-29T23:00:00+01:00,0.920005,0.926655,0.91958,0.925115
2005-11-30T11:00:00+01:00,0.925115,0.926915,0.92221,0.924085
2005-11-30T23:00:00+01:00,0.924085,0.927605,0.92383,0.925965
2005-12-01T11:00:00+01:00,0.925965,0.931575,0.925715,0.928465
2005-12-01T23:00:00+01:00,0.928465,0.933575,0.926995,0.931055
2005-12-02T11:00:00+01:00,0.931055,0.94131,0.93045,0.93888
2005-12-04T23:00:00+01:00,0.93976,0.945045,0.9395,0.9414
2005-12-05T11:00:00+01:00,0.9414,0.94353,0.93769,0.93901
2005-12-05T23:00:00+01:00,0.93901,0.940955,0.93804,0.93875
2005-12-06T11:00:00+01:00,0.93875,0.940335,0.935935,0.9376
2005-12-06T23:00:00+01:00,0.9376,0.93787,0.923405,0.927605
2005-12-07T11:00:00+01:00,0.927605,0.929235,0.92026,0.921615
2005-12-07T23:00:00+01:00,0.921615,0.925195,0.913035,0.9142
2005-12-08T11:00:00+01:00,0.9142,0.91832,0.908305,0.91212
2005-12-08T23:00:00+01:00,0.91212,0.91874,0.910455,0.91722
2005-12-09T11:00:00+01:00,0.91722,0.91899,0.914955,0.91625
2005-12-11T23:00:00+01:00,0.91718,0.92085,0.91617,0.91865
2005-12-12T11:00:00+01:00,0.91865,0.918865,0.913535,0.91739
2005-12-12T23:00:00+01:00,0.91739,0.91832,0.91454,0.91579
2005-12-13T11:00:00+01:00,0.91579,0.91756,0.91187,0.912535
2005-12-13T23:00:00+01:00,0.912535,0.91337,0.907235,0.910455
2005-12-14T11:00:00+01:00,0.910455,0.911785,0.903305,0.906495
2005-12-14T23:00:00+01:00,0.906495,0.909465,0.887785,0.889365
2005-12-15T11:00:00+01:00,0.889365,0.8973,0.88802,0.89433
2005-12-15T23:00:00+01:00,0.89433,0.89457,0.886445,0.88984
2005-12-16T11:00:00+01:00,0.88984,0.89318,0.887235,0.891265
2005-12-18T23:00:00+01:00,0.889365,0.89602,0.88637,0.89421
2005-12-19T11:00:00+01:00,0.89421,0.89558,0.88873,0.88897
2005-12-19T23:00:00+01:00,0.88897,0.893655,0.887155,0.89238
2005-12-20T11:00:00+01:00,0.89238,0.8963,0.891185,0.891185
2005-12-20T23:00:00+01:00,0.891185,0.89477,0.88984,0.89326
2005-12-21T11:00:00+01:00,0.89326,0.895335,0.88897,0.88976
2005-12-21T23:00:00+01:00,0.88976,0.8923,0.882845,0.885585
2005-12-22T11:00:00+01:00,0.885585,0.88881,0.880205,0.883705
2005-12-22T23:00:00+01:00,0.883705,0.885895,0.88059,0.885345
2005-12-23T11:00:00+01:00,0.885345,0.885815,0.88086,0.88472
2005-12-25T23:00:00+01:00,0.88472,0.889205,0.88355,0.888255
2005-12-26T11:00:00+01:00,0.888255,0.889285,0.887075,0.887865
2005-12-26T23:00:00+01:00,0.887865,0.88877,0.884215,0.884875
2005-12-27T11:00:00+01:00,0.884875,0.88952,0.884645,0.885115
2005-12-27T23:00:00+01:00,0.885115,0.89614,0.883935,0.8923
2005-12-28T11:00:00+01:00,0.8923,0.89726,0.88968,0.89686
2005-12-28T23:00:00+01:00,0.89686,0.89799,0.8927,0.897505
2005-12-29T11:00:00+01:00,0.897505,0.899445,0.89477,0.8955
2005-12-29T23:00:00+01:00,0.8955,0.899845,0.895175,0.89928
2005-12-30T11:00:00+01:00,0.89928,0.9009,0.89429,0.897425
2006-01-01T23:00:00+01:00,0.897425,0.898835,0.893655,0.89598
2006-01-02T11:00:00+01:00,0.89598,0.8971,0.89326,0.8967
2006-01-02T23:00:00+01:00,0.8967,0.897345,0.89095,0.89103
2006-01-03T11:00:00+01:00,0.89103,0.89262,0.88005,0.88269
2006-01-03T23:00:00+01:00,0.88269,0.885345,0.879895,0.8816
2006-01-04T11:00:00+01:00,0.8816,0.88347,0.87581,0.8775
2006-01-04T23:00:00+01:00,0.8775,0.88203,0.87466,0.876655
2006-01-05T11:00:00+01:00,0.876655,0.879045,0.87359,0.87658
2006-01-05T23:00:00+01:00,0.87658,0.8775,0.87237,0.8742
2006-01-06T11:00:00+01:00,0.8742,0.8792,0.87237,0.878505
2006-01-08T23:00:00+01:00,0.878275,0.884485,0.876695,0.883395
2006-01-09T11:00:00+01:00,0.883395,0.886215,0.882225,0.885665
2006-01-09T23:00:00+01:00,0.885665,0.887945,0.88308,0.887665
2006-01-10T11:00:00+01:00,0.887665,0.889325,0.885345,0.88747
2006-01-10T23:00:00+01:00,0.88747,0.891305,0.886995,0.89103
2006-01-11T11:00:00+01:00,0.89103,0.89162,0.88751,0.88988
2006-01-11T23:00:00+01:00,0.88988,0.89218,0.88806,0.89107
2006-01-12T11:00:00+01:00,0.89107,0.89554,0.889915,0.89095
2006-01-12T23:00:00+01:00,0.89095,0.89401,0.890075,0.89274
2006-01-13T11:00:00+01:00,0.89274,0.89477,0.89071,0.89206
2006-01-15T23:00:00+01:00,0.891345,0.8929,0.89035,0.891545
2006-01-16T11:00:00+01:00,0.891545,0.89449,0.889165,0.889325
2006-01-16T23:00:00+01:00,0.889325,0.891465,0.88684,0.887235
2006-01-17T11:00:00+01:00,0.887235,0.889045,0.88238,0.884485
2006-01-17T23:00:00+01:00,0.884485,0.884955,0.8792,0.8809
2006-01-18T11:00:00+01:00,0.8809,0.882845,0.87504,0.87781
2006-01-18T23:00:00+01:00,0.87781,0.881135,0.872905,0.87443
2006-01-19T11:00:00+01:00,0.87443,0.87527,0.868585,0.87169
2006-01-19T23:00:00+01:00,0.87169,0.87796,0.870855,0.87466
2006-01-20T11:00:00+01:00,0.87466,0.87543,0.866405,0.867375
2006-01-22T23:00:00+01:00,0.867455,0.868885,0.86341,0.863635
2006-01-23T11:00:00+01:00,0.863635,0.863855,0.859475,0.86044
2006-01-23T23:00:00+01:00,0.86044,0.86177,0.85215,0.85397
2006-01-24T11:00:00+01:00,0.85397,0.862365,0.85324,0.86192
2006-01-24T23:00:00+01:00,0.86192,0.864155,0.8597,0.86177
2006-01-25T11:00:00+01:00,0.86177,0.870475,0.86029,0.87002
2006-01-25T23:00:00+01:00,0.87002,0.871155,0.867225,0.871155
2006-01-26T11:00:00+01:00,0.871155,0.872295,0.865425,0.86866
2006-01-26T23:00:00+01:00,0.86866,0.87017,0.85844,0.869795
2006-01-27T11:00:00+01:00,0.869795,0.876195,0.868355,0.875505
2006-01-29T23:00:00+01:00,0.87298,0.878425,0.87199,0.87812
2006-01-30T11:00:00+01:00,0.87812,0.87974,0.87612,0.87727
2006-01-30T23:00:00+01:00,0.87727,0.87881,0.87367,0.87727
2006-01-31T11:00:00+01:00,0.87727,0.880825,0.87405,0.87997
2006-01-31T23:00:00+01:00,0.87997,0.882765,0.878735,0.88199
2006-02-01T11:00:00+01:00,0.88199,0.884795,0.87974,0.882145
2006-02-01T23:00:00+01:00,0.882145,0.886445,0.881365,0.885505
2006-02-02T11:00:00+01:00,0.885505,0.88873,0.884485,0.887545
2006-02-02T23:00:00+01:00,0.887545,0.891505,0.886055,0.890075
2006-02-03T11:00:00+01:00,0.890075,0.8923,0.887115,0.890395
2006-02-05T23:00:00+01:00,0.889525,0.890155,0.881955,0.886605
2006-02-06T11:00:00+01:00,0.886605,0.888655,0.885585,0.886055
2006-02-06T23:00:00+01:00,0.886055,0.89063,0.885425,0.88676
2006-02-07T11:00:00+01:00,0.88676,0.887785,0.87997,0.88036
2006-02-07T23:00:00+01:00,0.88036,0.883155,0.87512,0.87696
2006-02-08T11:00:00+01:00,0.87696,0.88433,0.87612,0.8765
2006-02-08T23:00:00+01:00,0.8765,0.882615,0.87535,0.881445
2006-02-09T11:00:00+01:00,0.881445,0.883625,0.878195,0.882535
2006-02-09T23:00:00+01:00,0.882535,0.885895,0.881835,0.884795
2006-02-10T11:00:00+01:00,0.884795,0.888415,0.882065,0.887155
2006-02-12T23:00:00+01:00,0.88676,0.889995,0.88629,0.889045
2006-02-13T11:00:00+01:00,0.889045,0.89063,0.881835,0.882845
2006-02-13T23:00:00+01:00,0.882845,0.88347,0.879585,0.881055
2006-02-14T11:00:00+01:00,0.881055,0.886365,0.879275,0.886215
2006-02-14T23:00:00+01:00,0.886215,0.886995,0.88433,0.886055
2006-02-15T11:00:00+01:00,0.886055,0.888335,0.88308,0.883235
2006-02-15T23:00:00+01:00,0.883235,0.885345,0.88129,0.884405
2006-02-16T11:00:00+01:00,0.884405,0.884725,0.87581,0.877885
2006-02-16T23:00:00+01:00,0.877885,0.880515,0.871915,0.87321
2006-02-17T11:00:00+01:00,0.87321,0.877655,0.870855,0.875655
2006-02-19T23:00:00+01:00,0.87512,0.87704,0.873935,0.87512
2006-02-20T11:00:00+01:00,0.87512,0.877655,0.87413,0.876655
2006-02-20T23:00:00+01:00,0.876655,0.877885,0.865125,0.86866
2006-02-21T11:00:00+01:00,0.86866,0.870625,0.863705,0.866325
2006-02-21T23:00:00+01:00,0.866325,0.866555,0.85955,0.860365
2006-02-22T11:00:00+01:00,0.860365,0.866255,0.86007,0.863335
2006-02-22T23:00:00+01:00,0.863335,0.866475,0.862365,0.86408
2006-02-23T11:00:00+01:00,0.86408,0.866475,0.862515,0.866025
2006-02-23T23:00:00+01:00,0.866025,0.868735,0.864825,0.868205
2006-02-24T11:00:00+01:00,0.868205,0.8739,0.86798,0.87298
2006-02-26T23:00:00+01:00,0.868055,0.87025,0.866475,0.869945
2006-02-27T11:00:00+01:00,0.869945,0.8742,0.868435,0.87245
2006-02-27T23:00:00+01:00,0.87245,0.87443,0.869415,0.869945
2006-02-28T11:00:00+01:00,0.869945,0.87161,0.866175,0.868285
2006-02-28T23:00:00+01:00,0.868285,0.869945,0.866105,0.869565
2006-03-01T11:00:00+01:00,0.869565,0.87443,0.868055,0.87237
2006-03-01T23:00:00+01:00,0.87237,0.87543,0.87199,0.87329
2006-03-02T11:00:00+01:00,0.87329,0.87481,0.866025,0.867375
2006-03-02T23:00:00+01:00,0.867375,0.869265,0.864675,0.866925
2006-03-03T11:00:00+01:00,0.866925,0.86783,0.86244,0.863635
2006-03-05T23:00:00+01:00,0.86341,0.863705,0.85793,0.85822
2006-03-06T11:00:00+01:00,0.85822,0.859255,0.851645,0.85375
2006-03-06T23:00:00+01:00,0.85375,0.85397,0.847675,0.849545
2006-03-07T11:00:00+01:00,0.849545,0.85507,0.848605,0.85259
2006-03-07T23:00:00+01:00,0.85259,0.85536,0.850125,0.85273
2006-03-08T11:00:00+01:00,0.85273,0.854445,0.848535,0.8531
2006-03-08T23:00:00+01:00,0.8531,0.85375,0.84832,0.85215
2006-03-09T11:00:00+01:00,0.85215,0.854335,0.848105,0.848965
2006-03-09T23:00:00+01:00,0.848965,0.850195,0.844455,0.845595
2006-03-10T11:00:00+01:00,0.845595,0.848965,0.842675,0.845205
2006-03-12T23:00:00+01:00,0.84742,0.84771,0.84175,0.844165
2006-03-13T11:00:00+01:00,0.844165,0.845165,0.83836,0.838785
2006-03-13T23:00:00+01:00,0.838785,0.840195,0.828915,0.83188
2006-03-14T11:00:00+01:00,0.83188,0.83808,0.830495,0.83703
2006-03-14T23:00:00+01:00,0.83703,0.83935,0.83514,0.838505
2006-03-15T11:00:00+01:00,0.838505,0.841325,0.83633,0.83836
2006-03-15T23:00:00+01:00,0.83836,0.83836,0.828225,0.831115
2006-03-16T11:00:00+01:00,0.831115,0.831465,0.821355,0.825835
2006-03-16T23:00:00+01:00,0.825835,0.826445,0.817795,0.820545
2006-03-17T11:00:00+01:00,0.820545,0.8221,0.81423,0.818765
2006-03-19T23:00:00+01:00,0.820985,0.820985,0.80642,0.8072
2006-03-20T11:00:00+01:00,0.8072,0.81106,0.804605,0.80681
2006-03-20T23:00:00+01:00,0.80681,0.81311,0.804535,0.807265
2006-03-21T11:00:00+01:00,0.807265,0.813305,0.806355,0.81087
2006-03-21T23:00:00+01:00,0.81087,0.81317,0.804735,0.80857
2006-03-22T11:00:00+01:00,0.80857,0.818965,0.80831,0.816095
2006-03-22T23:00:00+01:00,0.816095,0.821725,0.81536,0.820785
2006-03-23T11:00:00+01:00,0.820785,0.823895,0.817425,0.821255
2006-03-23T23:00:00+01:00,0.821255,0.823755,0.80318,0.80655
2006-03-24T11:00:00+01:00,0.80655,0.807135,0.79659,0.797735
2006-03-27T00:00:00+02:00,0.80003,0.80106,0.79155,0.79381
2006-03-27T12:00:00+02:00,0.79381,0.796655,0.79211,0.79412
2006-03-28T00:00:00+02:00,0.79412,0.802025,0.79268,0.79558
2006-03-28T12:00:00+02:00,0.79558,0.79621,0.784835,0.790795
2006-03-29T00:00:00+02:00,0.790795,0.79261,0.784225,0.79023
2006-03-29T12:00:00+02:00,0.79023,0.793935,0.787805,0.79299
2006-03-30T00:00:00+02:00,0.79299,0.797035,0.79061,0.79438
2006-03-30T12:00:00+02:00,0.79438,0.79678,0.79086,0.794945
2006-03-31T00:00:00+02:00,0.794945,0.799715,0.79293,0.799395
2006-03-31T12:00:00+02:00,0.799395,0.80415,0.79463,0.802405
2006-04-02T23:00:00+02:00,0.803245,0.8087,0.801315,0.804405
2006-04-03T11:00:00+02:00,0.804405,0.806095,0.79463,0.79469
2006-04-03T23:00:00+02:00,0.79469,0.79564,0.782255,0.783365
2006-04-04T11:00:00+02:00,0.783365,0.78992,0.782565,0.78601
2006-04-04T23:00:00+02:00,0.78601,0.79017,0.784525,0.787
2006-04-05T11:00:00+02:00,0.787,0.79086,0.786445,0.790795
2006-04-05T23:00:00+02:00,0.790795,0.79419,0.787435,0.789485
2006-04-06T11:00:00+02:00,0.789485,0.795135,0.785515,0.79117
2006-04-06T23:00:00+02:00,0.79117,0.795765,0.78905,0.793935
2006-04-07T11:00:00+02:00,0.793935,0.79653,0.79048,0.79155
2006-04-09T23:00:00+02:00,0.79167,0.79532,0.78961,0.79167
2006-04-10T11:00:00+02:00,0.79167,0.79564,0.78936,0.79526
2006-04-10T23:00:00+02:00,0.79526,0.796275,0.79017,0.7945
2006-04-11T11:00:00+02:00,0.7945,0.795765,0.7918,0.79387
2006-04-11T23:00:00+02:00,0.79387,0.799965,0.79293,0.797735
2006-04-12T11:00:00+02:00,0.797735,0.801955,0.79602,0.800995
2006-04-12T23:00:00+02:00,0.800995,0.812975,0.80048,0.807005
2006-04-13T11:00:00+02:00,0.807005,0.80831,0.79818,0.803245
2006-04-13T23:00:00+02:00,0.803245,0.80415,0.800035,0.801375
2006-04-14T11:00:00+02:00,0.801375,0.804215,0.80125,0.80286
2006-04-16T23:00:00+02:00,0.80144,0.804085,0.799105,0.80125
2006-04-17T11:00:00+02:00,0.80125,0.80215,0.79488,0.798055
2006-04-17T23:00:00+02:00,0.798055,0.802855,0.79697,0.801825
2006-04-18T11:00:00+02:00,0.801825,0.802855,0.797735,0.79933
2006-04-18T23:00:00+02:00,0.79933,0.806515,0.797545,0.806455
2006-04-19T11:00:00+02:00,0.806455,0.808145,0.801505,0.8036
2006-04-19T23:00:00+02:00,0.8036,0.807625,0.802085,0.80389
2006-04-20T11:00:00+02:00,0.80389,0.807135,0.798945,0.801375
2006-04-20T23:00:00+02:00,0.801375,0.805445,0.79901,0.804535
2006-04-21T11:00:00+02:00,0.804535,0.81195,0.803955,0.80733
2006-04-23T23:00:00+02:00,0.806485,0.80965,0.805575,0.807755
2006-04-24T11:00:00+02:00,0.807755,0.808535,0.79387,0.79583
2006-04-24T23:00:00+02:00,0.79583,0.79984,0.79488,0.7952
2006-04-25T11:00:00+02:00,0.7952,0.798755,0.789485,0.791985
2006-04-25T23:00:00+02:00,0.791985,0.801505,0.79167,0.796655
2006-04-26T11:00:00+02:00,0.796655,0.805155,0.79545,0.803985
2006-04-26T23:00:00+02:00,0.803985,0.806385,0.798565,0.801695
2006-04-27T11:00:00+02:00,0.801695,0.802405,0.796085,0.79653
2006-04-27T23:00:00+02:00,0.79653,0.79955,0.79356,0.79412
2006-04-28T11:00:00+02:00,0.79412,0.79551,0.787585,0.79086
2006-04-30T23:00:00+02:00,0.789985,0.79158,0.788365,0.78964
2006-05-01T11:00:00+02:00,0.78964,0.792015,0.78734,0.78995
2006-05-01T23:00:00+02:00,0.78995,0.791515,0.786625,0.788085
2006-05-02T11:00:00+02:00,0.788085,0.79258,0.78672,0.79208
2006-05-02T23:00:00+02:00,0.79208,0.79441,0.78914,0.79327
2006-05-03T11:00:00+02:00,0.79327,0.797385,0.78933,0.794345
2006-05-03T23:00:00+02:00,0.794345,0.79441,0.788955,0.79139
2006-05-04T11:00:00+02:00,0.79139,0.794345,0.786285,0.788025
2006-05-04T23:00:00+02:00,0.788025,0.789825,0.784005,0.78852
2006-05-05T11:00:00+02:00,0.78852,0.78914,0.78428,0.786505
2006-05-07T23:00:00+02:00,0.786845,0.787865,0.777575,0.77921
2006-05-08T11:00:00+02:00,0.77921,0.78055,0.77486,0.77685
2006-05-08T23:00:00+02:00,0.77685,0.77915,0.76796,0.768195
2006-05-09T11:00:00+02:00,0.768195,0.77092,0.766845,0.769675
2006-05-09T23:00:00+02:00,0.769675,0.771695,0.761005,0.761585
2006-05-10T11:00:00+02:00,0.761585,0.766515,0.75904,0.762575
2006-05-10T23:00:00+02:00,0.762575,0.76944,0.75916,0.7692
2006-05-11T11:00:00+02:00,0.7692,0.77468,0.763855,0.765145
2006-05-11T23:00:00+02:00,0.765145,0.767015,0.75389,0.75418
2006-05-12T11:00:00+02:00,0.75418,0.75939,0.749205,0.751625
2006-05-14T23:00:00+02:00,0.752875,0.753495,0.7433,0.747355
2006-05-15T11:00:00+02:00,0.747355,0.754745,0.7473,0.751005
2006-05-15T23:00:00+02:00,0.751005,0.75486,0.749765,0.75276
2006-05-16T11:00:00+02:00,0.75276,0.7587,0.7514,0.757145
2006-05-16T23:00:00+02:00,0.757145,0.75835,0.754915,0.75657
2006-05-17T11:00:00+02:00,0.75657,0.75726,0.75253,0.75469
2006-05-17T23:00:00+02:00,0.75469,0.75904,0.751965,0.75847
2006-05-18T11:00:00+02:00,0.75847,0.75904,0.750555,0.75123
2006-05-18T23:00:00+02:00,0.75123,0.75726,0.748755,0.75606
2006-05-19T11:00:00+02:00,0.75606,0.75818,0.751795,0.754575
2006-05-21T23:00:00+02:00,0.753215,0.755315,0.747355,0.748025
2006-05-22T11:00:00+02:00,0.748025,0.751345,0.74391,0.748925
2006-05-22T23:00:00+02:00,0.748925,0.75554,0.747355,0.75378
2006-05-23T11:00:00+02:00,0.75378,0.76118,0.750045,0.7552
2006-05-23T23:00:00+02:00,0.7552,0.75979,0.7531,0.7548
2006-05-24T11:00:00+02:00,0.7548,0.77241,0.752645,0.770325
2006-05-24T23:00:00+02:00,0.770325,0.779425,0.769025,0.778755
2006-05-25T11:00:00+02:00,0.778755,0.782105,0.77543,0.779665
2006-05-25T23:00:00+02:00,0.779665,0.779725,0.773305,0.77435
2006-05-26T11:00:00+02:00,0.77435,0.78067,0.77295,0.77679
2006-05-28T23:00:00+02:00,0.77685,0.77988,0.775885,0.77607
2006-05-29T11:00:00+02:00,0.77607,0.777695,0.77498,0.77673
2006-05-29T23:00:00+02:00,0.77673,0.778845,0.773455,0.77688
2006-05-30T11:00:00+02:00,0.77688,0.77815,0.77178,0.775855
2006-05-30T23:00:00+02:00,0.775855,0.778875,0.77298,0.775795
2006-05-31T11:00:00+02:00,0.775795,0.77676,0.771575,0.773425
2006-05-31T23:00:00+02:00,0.773425,0.77486,0.770625,0.77122
2006-06-01T11:00:00+02:00,0.77122,0.77486,0.767665,0.767665
2006-06-01T23:00:00+02:00,0.767665,0.77259,0.76118,0.76205
2006-06-02T11:00:00+02:00,0.76205,0.765255,0.759445,0.761645
2006-06-04T23:00:00+02:00,0.760945,0.764845,0.760545,0.761815
2006-06-05T11:00:00+02:00,0.761815,0.764965,0.7591,0.762515
2006-06-05T23:00:00+02:00,0.762515,0.764555,0.75933,0.762745
2006-06-06T11:00:00+02:00,0.762745,0.767015,0.760715,0.762225
2006-06-06T23:00:00+02:00,0.762225,0.765725,0.761355,0.765085
2006-06-07T11:00:00+02:00,0.765085,0.765905,0.760715,0.765555
2006-06-07T23:00:00+02:00,0.765555,0.770505,0.763975,0.767665
2006-06-08T11:00:00+02:00,0.767665,0.77426,0.766785,0.770325
2006-06-08T23:00:00+02:00,0.770325,0.77619,0.769615,0.77595
2006-06-09T11:00:00+02:00,0.77595,0.781525,0.775705,0.77988
2006-06-11T23:00:00+02:00,0.780975,0.781405,0.77794,0.779395
2006-06-12T11:00:00+02:00,0.779395,0.781525,0.77456,0.77595
2006-06-12T23:00:00+02:00,0.77595,0.77691,0.765785,0.767135
2006-06-13T11:00:00+02:00,0.767135,0.7711,0.764325,0.76932
2006-06-13T23:00:00+02:00,0.76932,0.77235,0.76696,0.771575
2006-06-14T11:00:00+02:00,0.771575,0.77283,0.764735,0.766075
2006-06-14T23:00:00+02:00,0.766075,0.76802,0.763505,0.766725
2006-06-15T11:00:00+02:00,0.766725,0.76861,0.762575,0.766605
2006-06-15T23:00:00+02:00,0.766605,0.769025,0.763975,0.765255
2006-06-16T11:00:00+02:00,0.765255,0.767165,0.75887,0.760425
2006-06-18T23:00:00+02:00,0.76014,0.762895,0.75789,0.7624
2006-06-19T11:00:00+02:00,0.7624,0.767375,0.761875,0.764905
2006-06-19T23:00:00+02:00,0.764905,0.76932,0.763795,0.76743
2006-06-20T11:00:00+02:00,0.76743,0.77235,0.766725,0.76749
2006-06-20T23:00:00+02:00,0.76749,0.77021,0.765725,0.765845
2006-06-21T11:00:00+02:00,0.765845,0.76696,0.761355,0.765905
2006-06-21T23:00:00+02:00,0.765905,0.766195,0.75755,0.75881
2006-06-22T11:00:00+02:00,0.75881,0.761295,0.7552,0.75726
2006-06-22T23:00:00+02:00,0.75726,0.760715,0.75372,0.7564
2006-06-23T11:00:00+02:00,0.7564,0.760255,0.75406,0.759445
2006-06-25T23:00:00+02:00,0.75818,0.760225,0.753495,0.753665
2006-06-26T11:00:00+02:00,0.753665,0.75446,0.750665,0.751795
2006-06-26T23:00:00+02:00,0.751795,0.75554,0.74999,0.75446
2006-06-27T11:00:00+02:00,0.75446,0.75509,0.750725,0.75327
2006-06-27T23:00:00+02:00,0.75327,0.75327,0.739835,0.741865
2006-06-28T11:00:00+02:00,0.741865,0.745185,0.73787,0.74319
2006-06-28T23:00:00+02:00,0.74319,0.743795,0.74011,0.74231
2006-06-29T11:00:00+02:00,0.74231,0.751455,0.739835,0.746635
2006-06-29T23:00:00+02:00,0.746635,0.75566,0.74524,0.75174
2006-06-30T11:00:00+02:00,0.75174,0.752815,0.743465,0.744905
2006-07-02T23:00:00+02:00,0.74585,0.749095,0.743575,0.74842
2006-07-03T11:00:00+02:00,0.74842,0.748865,0.73978,0.742085
2006-07-03T23:00:00+02:00,0.742085,0.746125,0.742085,0.745515
2006-07-04T11:00:00+02:00,0.745515,0.74926,0.745515,0.747805
2006-07-04T23:00:00+02:00,0.747805,0.749145,0.74402,0.747805
2006-07-05T11:00:00+02:00,0.747805,0.749145,0.74413,0.74524
2006-07-05T23:00:00+02:00,0.74524,0.74574,0.742805,0.743245
2006-07-06T11:00:00+02:00,0.743245,0.746075,0.74055,0.74253
2006-07-06T23:00:00+02:00,0.74253,0.747075,0.741925,0.745125
2006-07-07T11:00:00+02:00,0.745125,0.74845,0.74297,0.74719
2006-07-09T23:00:00+02:00,0.74635,0.752985,0.74635,0.75219
2006-07-10T11:00:00+02:00,0.75219,0.75344,0.750045,0.751115
2006-07-10T23:00:00+02:00,0.751115,0.753495,0.750215,0.752305
2006-07-11T11:00:00+02:00,0.752305,0.75795,0.751795,0.75634
2006-07-11T23:00:00+02:00,0.75634,0.76031,0.75514,0.75962
2006-07-12T11:00:00+02:00,0.75962,0.76156,0.757605,0.760195
2006-07-12T23:00:00+02:00,0.760195,0.764325,0.75732,0.761295
2006-07-13T11:00:00+02:00,0.761295,0.763155,0.75789,0.760485
2006-07-13T23:00:00+02:00,0.760485,0.764205,0.757835,0.763855
2006-07-14T11:00:00+02:00,0.763855,0.76808,0.76176,0.76549
2006-07-16T23:00:00+02:00,0.76479,0.77187,0.76444,0.7711
2006-07-17T11:00:00+02:00,0.7711,0.77697,0.77009,0.775585
2006-07-17T23:00:00+02:00,0.775585,0.782685,0.77486,0.782255
2006-07-18T11:00:00+02:00,0.782255,0.78607,0.781035,0.782995
2006-07-18T23:00:00+02:00,0.782995,0.783485,0.77994,0.783115
2006-07-19T11:00:00+02:00,0.783115,0.783915,0.7754,0.779635
2006-07-19T23:00:00+02:00,0.779635,0.780975,0.773485,0.77384
2006-07-20T11:00:00+02:00,0.77384,0.775765,0.77086,0.77468
2006-07-20T23:00:00+02:00,0.77468,0.77516,0.770325,0.77271
2006-07-21T11:00:00+02:00,0.77271,0.77468,0.770745,0.771155
2006-07-23T23:00:00+02:00,0.771515,0.77372,0.770685,0.77277
2006-07-24T11:00:00+02:00,0.77277,0.778605,0.77265,0.77625
2006-07-24T23:00:00+02:00,0.77625,0.781585,0.775585,0.78067
2006-07-25T11:00:00+02:00,0.78067,0.784035,0.778785,0.78122
2006-07-25T23:00:00+02:00,0.78122,0.7841,0.778785,0.782135
2006-07-26T11:00:00+02:00,0.782135,0.783915,0.77468,0.775885
2006-07-26T23:00:00+02:00,0.775885,0.776125,0.765845,0.76873
2006-07-27T11:00:00+02:00,0.76873,0.76997,0.764495,0.76867
2006-07-27T23:00:00+02:00,0.76867,0.76932,0.76263,0.762805
2006-07-28T11:00:00+02:00,0.762805,0.765145,0.760025,0.761355
2006-07-30T23:00:00+02:00,0.762105,0.765255,0.760775,0.763385
2006-07-31T11:00:00+02:00,0.763385,0.763625,0.757145,0.7617
2006-07-31T23:00:00+02:00,0.7617,0.764085,0.75979,0.7617
2006-08-01T11:00:00+02:00,0.7617,0.76438,0.7587,0.760775
2006-08-01T23:00:00+02:00,0.760775,0.76147,0.75612,0.75778
2006-08-02T11:00:00+02:00,0.75778,0.766845,0.757605,0.765255
2006-08-02T23:00:00+02:00,0.765255,0.768725,0.763735,0.764555
2006-08-03T11:00:00+02:00,0.764555,0.76643,0.76118,0.761645
2006-08-03T23:00:00+02:00,0.761645,0.764785,0.760775,0.764265
2006-08-04T11:00:00+02:00,0.764265,0.76584,0.759215,0.76473
2006-08-06T23:00:00+02:00,0.76584,0.767075,0.7617,0.7617
2006-08-07T11:00:00+02:00,0.7617,0.765495,0.761005,0.765315
2006-08-07T23:00:00+02:00,0.765315,0.76944,0.763625,0.764675
2006-08-08T11:00:00+02:00,0.764675,0.77012,0.764145,0.766375
2006-08-08T23:00:00+02:00,0.766375,0.77122,0.764615,0.77015
2006-08-09T11:00:00+02:00,0.77015,0.77289,0.769145,0.77217
2006-08-09T23:00:00+02:00,0.77217,0.77721,0.77027,0.775705
2006-08-10T11:00:00+02:00,0.775705,0.784285,0.77504,0.781155
2006-08-10T23:00:00+02:00,0.781155,0.784865,0.780855,0.782875
2006-08-11T11:00:00+02:00,0.782875,0.789015,0.782135,0.787305
2006-08-13T23:00:00+02:00,0.78453,0.7902,0.78348,0.789825
2006-08-14T11:00:00+02:00,0.789825,0.78989,0.77933,0.78061
2006-08-14T23:00:00+02:00,0.78061,0.783855,0.779395,0.7833
2006-08-15T11:00:00+02:00,0.7833,0.786535,0.782255,0.785395
2006-08-15T23:00:00+02:00,0.785395,0.787775,0.784655,0.786415
2006-08-16T11:00:00+02:00,0.786415,0.79045,0.784495,0.788645
2006-08-16T23:00:00+02:00,0.788645,0.78933,0.784495,0.785175
2006-08-17T11:00:00+02:00,0.785175,0.789265,0.784685,0.788205
2006-08-17T23:00:00+02:00,0.788205,0.789705,0.785855,0.789015
2006-08-18T11:00:00+02:00,0.789015,0.79189,0.785175,0.788675
2006-08-20T23:00:00+02:00,0.788055,0.78905,0.782535,0.783395
2006-08-21T11:00:00+02:00,0.783395,0.785365,0.781925,0.783575
2006-08-21T23:00:00+02:00,0.783575,0.786165,0.78229,0.782875
2006-08-22T11:00:00+02:00,0.782875,0.788765,0.78076,0.786475
2006-08-22T23:00:00+02:00,0.786475,0.79045,0.78604,0.789575
2006-08-23T11:00:00+02:00,0.789575,0.791515,0.78827,0.79045
2006-08-23T23:00:00+02:00,0.79045,0.791015,0.783575,0.785295
2006-08-24T11:00:00+02:00,0.785295,0.789265,0.783575,0.78638
2006-08-24T23:00:00+02:00,0.78638,0.787525,0.783725,0.785205
2006-08-25T11:00:00+02:00,0.785205,0.78961,0.784835,0.78936
2006-08-27T23:00:00+02:00,0.788425,0.78908,0.787095,0.78765
2006-08-28T11:00:00+02:00,0.78765,0.789575,0.785115,0.78914
2006-08-28T23:00:00+02:00,0.78914,0.78989,0.786475,0.786965
2006-08-29T11:00:00+02:00,0.786965,0.79523,0.786905,0.790765
2006-08-29T23:00:00+02:00,0.790765,0.79441,0.790265,0.793525
2006-08-30T11:00:00+02:00,0.793525,0.800065,0.79327,0.79517
2006-08-30T23:00:00+02:00,0.79517,0.80141,0.79479,0.79923
2006-08-31T11:00:00+02:00,0.79923,0.809715,0.797225,0.807295
2006-08-31T23:00:00+02:00,0.807295,0.808475,0.803855,0.804115
2006-09-01T11:00:00+02:00,0.804115,0.81044,0.803535,0.80655
2006-09-03T23:00:00+02:00,0.804735,0.80896,0.798085,0.799105
2006-09-04T11:00:00+02:00,0.799105,0.804055,0.79751,0.800385
2006-09-04T23:00:00+02:00,0.800385,0.801345,0.79327,0.797575
2006-09-05T11:00:00+02:00,0.797575,0.79949,0.79561,0.7965
2006-09-05T23:00:00+02:00,0.7965,0.802375,0.795355,0.801925
2006-09-06T11:00:00+02:00,0.801925,0.805025,0.800065,0.801925
2006-09-06T23:00:00+02:00,0.801925,0.80276,0.79764,0.80154
2006-09-07T11:00:00+02:00,0.80154,0.807105,0.798785,0.802115
2006-09-07T23:00:00+02:00,0.802115,0.80373,0.79283,0.79637
2006-09-08T11:00:00+02:00,0.79637,0.79866,0.793085,0.795515
2006-09-10T23:00:00+02:00,0.79425,0.79659,0.791015,0.793525
2006-09-11T11:00:00+02:00,0.793525,0.79751,0.79227,0.7958
2006-09-11T23:00:00+02:00,0.7958,0.79949,0.793085,0.7993
2006-09-12T11:00:00+02:00,0.7993,0.804055,0.795295,0.80154
2006-09-12T23:00:00+02:00,0.80154,0.808175,0.80077,0.805085
2006-09-13T11:00:00+02:00,0.805085,0.810375,0.804765,0.808535
2006-09-13T23:00:00+02:00,0.808535,0.825555,0.80808,0.82352
2006-09-14T11:00:00+02:00,0.82352,0.829875,0.82352,0.827955
2006-09-14T23:00:00+02:00,0.827955,0.828845,0.824265,0.825765
2006-09-15T11:00:00+02:00,0.825765,0.83633,0.824535,0.83143
2006-09-17T23:00:00+02:00,0.8333,0.834935,0.829465,0.83236
2006-09-18T11:00:00+02:00,0.83236,0.83521,0.828635,0.830635
2006-09-18T23:00:00+02:00,0.830635,0.83105,0.826175,0.83046
2006-09-19T11:00:00+02:00,0.83046,0.834515,0.824405,0.824675
2006-09-19T23:00:00+02:00,0.824675,0.826245,0.81967,0.821695
2006-09-20T11:00:00+02:00,0.821695,0.829185,0.821155,0.827815
2006-09-20T23:00:00+02:00,0.827815,0.83098,0.820345,0.821355
2006-09-21T11:00:00+02:00,0.821355,0.83015,0.82041,0.82183
2006-09-21T23:00:00+02:00,0.82183,0.824405,0.81195,0.81228
2006-09-22T11:00:00+02:00,0.81228,0.8189,0.810765,0.818095
2006-09-24T23:00:00+02:00,0.81689,0.828085,0.816825,0.826995
2006-09-25T11:00:00+02:00,0.826995,0.830635,0.82413,0.830495
2006-09-25T23:00:00+02:00,0.830495,0.83271,0.824535,0.827335
2006-09-26T11:00:00+02:00,0.827335,0.83431,0.81616,0.81826
2006-09-26T23:00:00+02:00,0.81826,0.822165,0.81719,0.820615
2006-09-27T11:00:00+02:00,0.820615,0.82257,0.81354,0.81633
2006-09-27T23:00:00+02:00,0.81633,0.81873,0.8148,0.81686
2006-09-28T11:00:00+02:00,0.81686,0.82122,0.81619,0.81974
2006-09-28T23:00:00+02:00,0.81974,0.822405,0.811885,0.81793
2006-09-29T11:00:00+02:00,0.81793,0.81974,0.81553,0.81629
2006-10-01T23:00:00+02:00,0.81643,0.81826,0.81169,0.81613
2006-10-02T11:00:00+02:00,0.81613,0.819875,0.81387,0.819805
2006-10-02T23:00:00+02:00,0.819805,0.821085,0.81533,0.819335
2006-10-03T11:00:00+02:00,0.819335,0.82379,0.818665,0.819135
2006-10-03T23:00:00+02:00,0.819135,0.82481,0.81773,0.823925
2006-10-04T11:00:00+02:00,0.823925,0.82967,0.82325,0.828225
2006-10-04T23:00:00+02:00,0.828225,0.83264,0.827335,0.83167
2006-10-05T11:00:00+02:00,0.83167,0.833125,0.828635,0.831325
2006-10-05T23:00:00+02:00,0.831325,0.83243,0.827265,0.83174
2006-10-06T11:00:00+02:00,0.83174,0.83507,0.828845,0.82991
2006-10-08T23:00:00+02:00,0.830325,0.8306,0.824405,0.828435
2006-10-09T11:00:00+02:00,0.828435,0.830015,0.826245,0.82905
2006-10-09T23:00:00+02:00,0.82905,0.8364,0.828845,0.83507
2006-10-10T11:00:00+02:00,0.83507,0.83843,0.83424,0.83675
2006-10-10T23:00:00+02:00,0.83675,0.83977,0.83438,0.83605
2006-10-11T11:00:00+02:00,0.83605,0.841045,0.83563,0.83956
2006-10-11T23:00:00+02:00,0.83956,0.83977,0.834655,0.83752
2006-10-12T11:00:00+02:00,0.83752,0.841045,0.83633,0.838505
2006-10-12T23:00:00+02:00,0.838505,0.83998,0.8341,0.83584
2006-10-13T11:00:00+02:00,0.83584,0.840335,0.835,0.836855
2006-10-15T23:00:00+02:00,0.836785,0.837975,0.83347,0.8364
2006-10-16T11:00:00+02:00,0.8364,0.838715,0.83563,0.83815
2006-10-16T23:00:00+02:00,0.83815,0.842175,0.83703,0.841395
2006-10-17T11:00:00+02:00,0.841395,0.84324,0.83963,0.84154
2006-10-17T23:00:00+02:00,0.84154,0.84232,0.838715,0.842175
2006-10-18T11:00:00+02:00,0.842175,0.845025,0.83984,0.84246
2006-10-18T23:00:00+02:00,0.84246,0.843885,0.83949,0.84055
2006-10-19T11:00:00+02:00,0.84055,0.842885,0.83843,0.84069
2006-10-19T23:00:00+02:00,0.84069,0.84161,0.838715,0.83963
2006-10-20T11:00:00+02:00,0.83963,0.84232,0.83935,0.841535
2006-10-22T23:00:00+02:00,0.841255,0.845165,0.83893,0.83977
2006-10-23T11:00:00+02:00,0.83977,0.842745,0.838785,0.841395
2006-10-23T23:00:00+02:00,0.841395,0.84182,0.83942,0.83991
2006-10-24T11:00:00+02:00,0.83991,0.84193,0.838045,0.840055
2006-10-24T23:00:00+02:00,0.840055,0.84062,0.834795,0.837205
2006-10-25T11:00:00+02:00,0.837205,0.83794,0.828435,0.829325
2006-10-25T23:00:00+02:00,0.829325,0.830635,0.82525,0.82546
2006-10-26T11:00:00+02:00,0.82546,0.82662,0.82166,0.824335
2006-10-26T23:00:00+02:00,0.824335,0.82737,0.82335,0.82423
2006-10-27T11:00:00+02:00,0.82423,0.828395,0.82325,0.827645
2006-10-29T23:00:00+01:00,0.827025,0.828295,0.825215,0.827335
2006-10-30T11:00:00+01:00,0.827335,0.83278,0.826305,0.83084
2006-10-30T23:00:00+01:00,0.83084,0.834515,0.83029,0.833055
2006-10-31T11:00:00+01:00,0.833055,0.834515,0.828845,0.83389
2006-10-31T23:00:00+01:00,0.83389,0.83801,0.83188,0.83563
2006-11-01T11:00:00+01:00,0.83563,0.838785,0.83417,0.83801
2006-11-01T23:00:00+01:00,0.83801,0.839,0.83486,0.83808
2006-11-02T11:00:00+01:00,0.83808,0.84048,0.83717,0.8397
2006-11-02T23:00:00+01:00,0.8397,0.840335,0.83689,0.83956
2006-11-03T11:00:00+01:00,0.83956,0.84239,0.83822,0.83977
2006-11-05T23:00:00+01:00,0.8397,0.8403,0.83521,0.83787
2006-11-06T11:00:00+01:00,0.83787,0.841255,0.83661,0.840125
2006-11-06T23:00:00+01:00,0.840125,0.841185,0.83696,0.83843
2006-11-07T11:00:00+01:00,0.83843,0.83949,0.83431,0.83731
2006-11-07T23:00:00+01:00,0.83731,0.83815,0.83354,0.83396
2006-11-08T11:00:00+01:00,0.83396,0.83717,0.83167,0.833195
2006-11-08T23:00:00+01:00,0.833195,0.83514,0.82857,0.829325
2006-11-09T11:00:00+01:00,0.829325,0.830635,0.82413,0.826855
2006-11-09T23:00:00+01:00,0.826855,0.827745,0.82237,0.822775
2006-11-10T11:00:00+01:00,0.822775,0.82809,0.82257,0.82696
2006-11-12T23:00:00+01:00,0.82532,0.8258,0.821625,0.82237
2006-11-13T11:00:00+01:00,0.82237,0.824065,0.819705,0.820175
2006-11-13T23:00:00+01:00,0.820175,0.823655,0.819135,0.81927
2006-11-14T11:00:00+01:00,0.81927,0.826035,0.81893,0.823585
2006-11-14T23:00:00+01:00,0.823585,0.825495,0.82068,0.823385
2006-11-15T11:00:00+01:00,0.823385,0.825085,0.82129,0.82183
2006-11-15T23:00:00+01:00,0.82183,0.826655,0.82041,0.826175
2006-11-16T11:00:00+01:00,0.826175,0.831115,0.8259,0.829325
2006-11-16T23:00:00+01:00,0.829325,0.83181,0.827815,0.829945
2006-11-17T11:00:00+01:00,0.829945,0.831185,0.824945,0.8273
2006-11-19T23:00:00+01:00,0.827165,0.8296,0.8259,0.829465
2006-11-20T11:00:00+01:00,0.829465,0.83368,0.826785,0.833195
2006-11-20T23:00:00+01:00,0.833195,0.834515,0.830705,0.833335
2006-11-21T11:00:00+01:00,0.833335,0.83396,0.83015,0.83181
2006-11-21T23:00:00+01:00,0.83181,0.832155,0.826925,0.827745
2006-11-22T11:00:00+01:00,0.827745,0.828435,0.822505,0.822975
2006-11-22T23:00:00+01:00,0.822975,0.82447,0.82041,0.821085
2006-11-23T11:00:00+01:00,0.821085,0.821625,0.81756,0.8189
2006-11-23T23:00:00+01:00,0.8189,0.821695,0.81294,0.81347
2006-11-24T11:00:00+01:00,0.81347,0.814265,0.809125,0.812715
2006-11-26T23:00:00+01:00,0.80965,0.81301,0.807625,0.808475
2006-11-27T11:00:00+01:00,0.808475,0.810175,0.806775,0.807035
2006-11-27T23:00:00+01:00,0.807035,0.81202,0.806715,0.81182
2006-11-28T11:00:00+01:00,0.81182,0.82129,0.810375,0.81813
2006-11-28T23:00:00+01:00,0.81813,0.8194,0.81579,0.8182
2006-11-29T11:00:00+01:00,0.8182,0.8223,0.818,0.821085
2006-11-29T23:00:00+01:00,0.821085,0.82237,0.819335,0.82176
2006-11-30T11:00:00+01:00,0.82176,0.825015,0.81887,0.81974
2006-11-30T23:00:00+01:00,0.81974,0.821085,0.81659,0.82068
2006-12-01T11:00:00+01:00,0.82068,0.82257,0.81593,0.82122
2006-12-03T23:00:00+01:00,0.820275,0.825425,0.818265,0.825215
2006-12-04T11:00:00+01:00,0.825215,0.825285,0.820075,0.823385
2006-12-04T23:00:00+01:00,0.823385,0.824535,0.82028,0.820615
2006-12-05T11:00:00+01:00,0.820615,0.82149,0.81599,0.81806
2006-12-05T23:00:00+01:00,0.81806,0.821425,0.815,0.81947
2006-12-06T11:00:00+01:00,0.81947,0.82183,0.815195,0.820785
2006-12-06T23:00:00+01:00,0.820785,0.826245,0.818665,0.825285
2006-12-07T11:00:00+01:00,0.825285,0.827065,0.821355,0.822505
2006-12-07T23:00:00+01:00,0.822505,0.825495,0.821425,0.822775
2006-12-08T11:00:00+01:00,0.822775,0.83174,0.82122,0.827885
2006-12-10T23:00:00+01:00,0.827745,0.829735,0.82563,0.82857
2006-12-11T11:00:00+01:00,0.82857,0.830635,0.825495,0.827955
2006-12-11T23:00:00+01:00,0.827955,0.832015,0.826585,0.831465
2006-12-12T11:00:00+01:00,0.831465,0.831535,0.827065,0.83091
2006-12-12T23:00:00+01:00,0.83091,0.832015,0.8285,0.829875
2006-12-13T11:00:00+01:00,0.829875,0.835105,0.829735,0.83396
2006-12-13T23:00:00+01:00,0.83396,0.83829,0.83389,0.834725
2006-12-14T11:00:00+01:00,0.834725,0.83843,0.83084,0.8364
2006-12-14T23:00:00+01:00,0.8364,0.839035,0.83417,0.838255
2006-12-15T11:00:00+01:00,0.838255,0.844415,0.833925,0.842605
2006-12-17T23:00:00+01:00,0.842175,0.84399,0.84069,0.84285
2006-12-18T11:00:00+01:00,0.84285,0.84599,0.841575,0.84381
2006-12-18T23:00:00+01:00,0.84381,0.847885,0.842675,0.84324
2006-12-19T11:00:00+01:00,0.84324,0.846275,0.84179,0.84449
2006-12-19T23:00:00+01:00,0.84449,0.84821,0.84182,0.84649
2006-12-20T11:00:00+01:00,0.84649,0.851245,0.844915,0.84649
2006-12-20T23:00:00+01:00,0.84649,0.847745,0.842815,0.846235
2006-12-21T11:00:00+01:00,0.846235,0.848105,0.84438,0.847245
2006-12-21T23:00:00+01:00,0.847245,0.85074,0.846455,0.848535
2006-12-22T11:00:00+01:00,0.848535,0.85569,0.847855,0.854705
2006-12-24T23:00:00+01:00,0.85419,0.855285,0.85099,0.85208
2006-12-25T23:00:00+01:00,0.85208,0.85741,0.85034,0.856165
2006-12-26T11:00:00+01:00,0.856165,0.858185,0.85346,0.856125
2006-12-26T23:00:00+01:00,0.856125,0.857745,0.853135,0.85686
2006-12-27T11:00:00+01:00,0.85686,0.861955,0.856055,0.861955
2006-12-27T23:00:00+01:00,0.861955,0.862255,0.858705,0.860105
2006-12-28T11:00:00+01:00,0.860105,0.863,0.85686,0.862775
2006-12-28T23:00:00+01:00,0.862775,0.864005,0.860365,0.8614
2006-12-29T11:00:00+01:00,0.8614,0.862515,0.85749,0.858885
2007-01-01T11:00:00+01:00,0.858885,0.8594,0.858665,0.85874
2007-01-01T23:00:00+01:00,0.85874,0.861365,0.85734,0.85881
2007-01-02T11:00:00+01:00,0.85881,0.859475,0.85609,0.857965
2007-01-02T23:00:00+01:00,0.857965,0.861585,0.856785,0.860955
2007-01-03T11:00:00+01:00,0.860955,0.869415,0.85789,0.866065
2007-01-03T23:00:00+01:00,0.866065,0.86787,0.858705,0.859145
2007-01-04T11:00:00+01:00,0.859145,0.862035,0.858035,0.861065
2007-01-04T23:00:00+01:00,0.861065,0.861365,0.849765,0.85357
2007-01-05T11:00:00+01:00,0.85357,0.85525,0.8476,0.84846
2007-01-07T23:00:00+01:00,0.84969,0.85063,0.84599,0.84656
2007-01-08T11:00:00+01:00,0.84656,0.852515,0.84635,0.852295
2007-01-08T23:00:00+01:00,0.852295,0.858555,0.851935,0.856715
2007-01-09T11:00:00+01:00,0.856715,0.860035,0.854955,0.858885
2007-01-09T23:00:00+01:00,0.858885,0.86014,0.855615,0.85576
2007-01-10T11:00:00+01:00,0.85576,0.858845,0.854445,0.85668
2007-01-10T23:00:00+01:00,0.85668,0.860405,0.85536,0.859955
2007-01-11T11:00:00+01:00,0.859955,0.86584,0.857155,0.862665
2007-01-11T23:00:00+01:00,0.862665,0.86509,0.86007,0.864115
2007-01-12T11:00:00+01:00,0.864115,0.864115,0.86088,0.86133
2007-01-14T23:00:00+01:00,0.863855,0.86599,0.862515,0.86584
2007-01-15T11:00:00+01:00,0.86584,0.87051,0.864265,0.869905
2007-01-15T23:00:00+01:00,0.869905,0.87028,0.864715,0.86704
2007-01-16T11:00:00+01:00,0.86704,0.86953,0.86096,0.863555
2007-01-16T23:00:00+01:00,0.863555,0.863855,0.86014,0.862215
2007-01-17T11:00:00+01:00,0.862215,0.865165,0.860175,0.864005
2007-01-17T23:00:00+01:00,0.864005,0.86938,0.86207,0.86809
2007-01-18T11:00:00+01:00,0.86809,0.87006,0.865015,0.867075
2007-01-18T23:00:00+01:00,0.867075,0.86832,0.864455,0.86817
2007-01-19T11:00:00+01:00,0.86817,0.87013,0.866665,0.868585
2007-01-21T23:00:00+01:00,0.86783,0.869755,0.86659,0.86945
2007-01-22T11:00:00+01:00,0.86945,0.8747,0.86885,0.873325
2007-01-22T23:00:00+01:00,0.873325,0.876425,0.87195,0.875505
2007-01-23T11:00:00+01:00,0.875505,0.875505,0.86877,0.8718
2007-01-23T23:00:00+01:00,0.8718,0.87256,0.864305,0.869075
2007-01-24T11:00:00+01:00,0.869075,0.876345,0.864675,0.87439
2007-01-24T23:00:00+01:00,0.87439,0.876735,0.87119,0.87355
2007-01-25T11:00:00+01:00,0.87355,0.875505,0.867415,0.869415
2007-01-25T23:00:00+01:00,0.869415,0.872715,0.868435,0.87097
2007-01-26T11:00:00+01:00,0.87097,0.87409,0.8687,0.872905
2007-01-28T23:00:00+01:00,0.87245,0.87447,0.87085,0.87432
2007-01-29T11:00:00+01:00,0.87432,0.87585,0.869035,0.872715
2007-01-29T23:00:00+01:00,0.872715,0.87608,0.86892,0.8693
2007-01-30T11:00:00+01:00,0.8693,0.87173,0.859845,0.86125
2007-01-30T23:00:00+01:00,0.86125,0.86341,0.858115,0.858555
2007-01-31T11:00:00+01:00,0.858555,0.86014,0.853205,0.85977
2007-01-31T23:00:00+01:00,0.85977,0.859995,0.85248,0.854155
2007-02-01T11:00:00+01:00,0.854155,0.855835,0.845415,0.848605
2007-02-01T23:00:00+01:00,0.848605,0.84998,0.842495,0.843065
2007-02-02T11:00:00+01:00,0.843065,0.8507,0.84172,0.85041
2007-02-04T23:00:00+01:00,0.854265,0.857155,0.85208,0.85481
2007-02-05T11:00:00+01:00,0.85481,0.85554,0.850665,0.85412
2007-02-05T23:00:00+01:00,0.85412,0.85507,0.851715,0.85219
2007-02-06T11:00:00+01:00,0.85219,0.85248,0.842995,0.843955
2007-02-06T23:00:00+01:00,0.843955,0.84915,0.84069,0.84807
2007-02-07T11:00:00+01:00,0.84807,0.854265,0.84506,0.853025
2007-02-07T23:00:00+01:00,0.853025,0.85848,0.85208,0.857965
2007-02-08T11:00:00+01:00,0.857965,0.858035,0.85088,0.853315
2007-02-08T23:00:00+01:00,0.853315,0.85638,0.84908,0.85161
2007-02-09T11:00:00+01:00,0.85161,0.85503,0.85045,0.852735
2007-02-11T23:00:00+01:00,0.85186,0.85789,0.851425,0.857525
2007-02-12T11:00:00+01:00,0.857525,0.859435,0.85558,0.85594
2007-02-12T23:00:00+01:00,0.85594,0.857525,0.854555,0.856495
2007-02-13T11:00:00+01:00,0.856495,0.860915,0.85547,0.860475
2007-02-13T23:00:00+01:00,0.860475,0.862665,0.858555,0.860255
2007-02-14T11:00:00+01:00,0.860255,0.862215,0.856935,0.86007
2007-02-14T23:00:00+01:00,0.86007,0.861585,0.85734,0.860175
2007-02-15T11:00:00+01:00,0.860175,0.862475,0.85576,0.85664
2007-02-15T23:00:00+01:00,0.85664,0.860215,0.855505,0.859145
2007-02-16T11:00:00+01:00,0.859145,0.862405,0.858705,0.8614
2007-02-18T23:00:00+01:00,0.86274,0.86719,0.861475,0.86367
2007-02-19T11:00:00+01:00,0.86367,0.86599,0.863,0.86449
2007-02-19T23:00:00+01:00,0.86449,0.866815,0.862815,0.86599
2007-02-20T11:00:00+01:00,0.86599,0.869,0.86584,0.867415
2007-02-20T23:00:00+01:00,0.867415,0.872675,0.86449,0.87245
2007-02-21T11:00:00+01:00,0.87245,0.875885,0.871385,0.87386
2007-02-21T23:00:00+01:00,0.87386,0.876805,0.87264,0.87466
2007-02-22T11:00:00+01:00,0.87466,0.87804,0.87203,0.87233
2007-02-22T23:00:00+01:00,0.87233,0.875275,0.87044,0.874735
2007-02-23T11:00:00+01:00,0.874735,0.87558,0.868055,0.87078
2007-02-25T23:00:00+01:00,0.87237,0.87348,0.87017,0.871915
2007-02-26T11:00:00+01:00,0.871915,0.87627,0.87108,0.873325
2007-02-26T23:00:00+01:00,0.873325,0.87455,0.861065,0.864155
2007-02-27T11:00:00+01:00,0.864155,0.8655,0.847565,0.85168
2007-02-27T23:00:00+01:00,0.85168,0.858335,0.84893,0.85386
2007-02-28T11:00:00+01:00,0.85386,0.857225,0.85233,0.855175
2007-02-28T23:00:00+01:00,0.855175,0.857375,0.85179,0.85503
2007-03-01T11:00:00+01:00,0.85503,0.85598,0.841005,0.846885
2007-03-01T23:00:00+01:00,0.846885,0.850265,0.840585,0.840935
2007-03-02T11:00:00+01:00,0.840935,0.84214,0.834795,0.83717
2007-03-04T23:00:00+01:00,0.83556,0.83801,0.82166,0.82648
2007-03-05T11:00:00+01:00,0.82648,0.829635,0.82308,0.823585
2007-03-05T23:00:00+01:00,0.823585,0.833435,0.820345,0.832955
2007-03-06T11:00:00+01:00,0.832955,0.837205,0.82881,0.83535
2007-03-06T23:00:00+01:00,0.83535,0.83829,0.83285,0.837485
2007-03-07T11:00:00+01:00,0.837485,0.83861,0.82484,0.825835
2007-03-07T23:00:00+01:00,0.825835,0.836785,0.8223,0.836295
2007-03-08T11:00:00+01:00,0.836295,0.84278,0.834895,0.841325
2007-03-08T23:00:00+01:00,0.841325,0.846235,0.83991,0.84449
2007-03-09T11:00:00+01:00,0.84449,0.853935,0.84399,0.85266
2007-03-11T22:00:00+01:00,0.854045,0.85682,0.85335,0.855615
2007-03-12T10:00:00+01:00,0.855615,0.85569,0.84549,0.852005
2007-03-12T22:00:00+01:00,0.852005,0.856055,0.846955,0.84908
2007-03-13T10:00:00+01:00,0.84908,0.8535,0.8371,0.83752
2007-03-13T22:00:00+01:00,0.83752,0.83787,0.831395,0.835945
2007-03-14T10:00:00+01:00,0.835945,0.842885,0.831495,0.84239
2007-03-14T22:00:00+01:00,0.84239,0.846095,0.841115,0.84477
2007-03-15T10:00:00+01:00,0.84477,0.848535,0.841005,0.847675
2007-03-15T22:00:00+01:00,0.847675,0.847745,0.83794,0.840515
2007-03-16T10:00:00+01:00,0.840515,0.84499,0.839035,0.841535
2007-03-18T22:00:00+01:00,0.838575,0.846705,0.83829,0.84577
2007-03-19T10:00:00+01:00,0.84577,0.85168,0.845415,0.85074
2007-03-19T22:00:00+01:00,0.85074,0.85437,0.84929,0.85328
2007-03-20T10:00:00+01:00,0.85328,0.8562,0.85117,0.856125
2007-03-20T22:00:00+01:00,0.856125,0.857305,0.8535,0.854445
2007-03-21T10:00:00+01:00,0.854445,0.859735,0.85379,0.85907
2007-03-21T22:00:00+01:00,0.85907,0.86029,0.856055,0.86014
2007-03-22T10:00:00+01:00,0.86014,0.86738,0.859255,0.86382
2007-03-22T22:00:00+01:00,0.86382,0.86715,0.862775,0.86498
2007-03-23T10:00:00+01:00,0.86498,0.86934,0.86363,0.866855
2007-03-25T23:00:00+02:00,0.86768,0.8704,0.863745,0.86987
2007-03-26T11:00:00+02:00,0.86987,0.87405,0.86843,0.87142
2007-03-26T23:00:00+02:00,0.87142,0.87363,0.86896,0.8704
2007-03-27T11:00:00+02:00,0.8704,0.875695,0.868885,0.87028
2007-03-27T23:00:00+02:00,0.87028,0.87036,0.86222,0.863185
2007-03-28T11:00:00+02:00,0.863185,0.86648,0.857265,0.863145
2007-03-28T23:00:00+02:00,0.863145,0.86934,0.86218,0.86655
2007-03-29T11:00:00+02:00,0.86655,0.871535,0.86505,0.86945
2007-03-29T23:00:00+02:00,0.86945,0.87165,0.86599,0.869415
2007-03-30T11:00:00+02:00,0.869415,0.874355,0.86505,0.868065
2007-04-01T23:00:00+02:00,0.868665,0.87441,0.865265,0.87382
2007-04-02T11:00:00+02:00,0.87382,0.87723,0.872395,0.87655
2007-04-02T23:00:00+02:00,0.87655,0.879825,0.87558,0.876485
2007-04-03T11:00:00+02:00,0.876485,0.880925,0.876205,0.879695
2007-04-03T23:00:00+02:00,0.879695,0.880985,0.87654,0.878455
2007-04-04T11:00:00+02:00,0.878455,0.880915,0.875405,0.87994
2007-04-04T23:00:00+02:00,0.87994,0.884055,0.877555,0.88199
2007-04-05T11:00:00+02:00,0.88199,0.882825,0.877165,0.87946
2007-04-05T23:00:00+02:00,0.87946,0.880365,0.87773,0.879965
2007-04-06T11:00:00+02:00,0.879965,0.88334,0.87883,0.880265
2007-04-08T23:00:00+02:00,0.881905,0.886005,0.880705,0.883525
2007-04-09T11:00:00+02:00,0.883525,0.884675,0.878835,0.884185
2007-04-09T23:00:00+02:00,0.884185,0.8864,0.88189,0.884695
2007-04-10T11:00:00+02:00,0.884695,0.889885,0.882805,0.888445
2007-04-10T23:00:00+02:00,0.888445,0.8893,0.884595,0.8867
2007-04-11T11:00:00+02:00,0.8867,0.89064,0.88584,0.88874
2007-04-11T23:00:00+02:00,0.88874,0.89062,0.884905,0.887045
2007-04-12T11:00:00+02:00,0.887045,0.88821,0.882955,0.88807
2007-04-12T23:00:00+02:00,0.88807,0.89462,0.887285,0.88979
2007-04-13T11:00:00+02:00,0.88979,0.89747,0.88844,0.89613
2007-04-15T23:00:00+02:00,0.89653,0.899235,0.89586,0.8978
2007-04-16T11:00:00+02:00,0.8978,0.899145,0.89623,0.89866
2007-04-16T23:00:00+02:00,0.89866,0.898845,0.89478,0.89619
2007-04-17T11:00:00+02:00,0.89619,0.90199,0.89487,0.900845
2007-04-17T23:00:00+02:00,0.900845,0.904205,0.896705,0.897
2007-04-18T11:00:00+02:00,0.897,0.901825,0.89104,0.900805
2007-04-18T23:00:00+02:00,0.900805,0.901145,0.885505,0.889175
2007-04-19T11:00:00+02:00,0.889175,0.8981,0.888185,0.89599
2007-04-19T23:00:00+02:00,0.89599,0.89938,0.8952,0.897755
2007-04-20T11:00:00+02:00,0.897755,0.90386,0.89685,0.903635
2007-04-22T23:00:00+02:00,0.90394,0.904185,0.89698,0.89916
2007-04-23T11:00:00+02:00,0.89916,0.90322,0.899015,0.90081
2007-04-23T23:00:00+02:00,0.90081,0.902005,0.89374,0.89508
2007-04-24T11:00:00+02:00,0.89508,0.89612,0.89174,0.89285
2007-04-24T23:00:00+02:00,0.89285,0.89936,0.891805,0.898215
2007-04-25T11:00:00+02:00,0.898215,0.898545,0.89502,0.897335
2007-04-25T23:00:00+02:00,0.897335,0.901675,0.8933,0.8974
2007-04-26T11:00:00+02:00,0.8974,0.89776,0.890155,0.89377
2007-04-26T23:00:00+02:00,0.89377,0.89552,0.888145,0.89143
2007-04-27T11:00:00+02:00,0.89143,0.8963,0.8911,0.89454
2007-04-29T23:00:00+02:00,0.890705,0.89403,0.888815,0.89339
2007-04-30T11:00:00+02:00,0.89339,0.89731,0.89296,0.89403
2007-04-30T23:00:00+02:00,0.89403,0.89791,0.89203,0.89681
2007-05-01T11:00:00+02:00,0.89681,0.902005,0.895215,0.8997
2007-05-01T23:00:00+02:00,0.8997,0.899985,0.89527,0.897505
2007-05-02T11:00:00+02:00,0.897505,0.89955,0.89467,0.895215
2007-05-02T23:00:00+02:00,0.895215,0.89664,0.89357,0.89497
2007-05-03T11:00:00+02:00,0.89497,0.89591,0.89145,0.89485
2007-05-03T23:00:00+02:00,0.89485,0.89563,0.89115,0.89203
2007-05-04T11:00:00+02:00,0.89203,0.89365,0.888535,0.89246
2007-05-06T23:00:00+02:00,0.89018,0.89282,0.889275,0.89243
2007-05-07T11:00:00+02:00,0.89243,0.8946,0.89162,0.89278
2007-05-07T23:00:00+02:00,0.89278,0.89776,0.89159,0.897585
2007-05-08T11:00:00+02:00,0.897585,0.89913,0.89622,0.89866
2007-05-08T23:00:00+02:00,0.89866,0.90004,0.89476,0.89528
2007-05-09T11:00:00+02:00,0.89528,0.89739,0.8925,0.89522
2007-05-09T23:00:00+02:00,0.89522,0.89679,0.8921,0.89461
2007-05-10T11:00:00+02:00,0.89461,0.89582,0.886935,0.887405
2007-05-10T23:00:00+02:00,0.887405,0.892785,0.884745,0.888425
2007-05-11T11:00:00+02:00,0.888425,0.89527,0.886935,0.8948
2007-05-13T23:00:00+02:00,0.892865,0.90186,0.89265,0.900885
2007-05-14T11:00:00+02:00,0.900885,0.901925,0.897875,0.898845
2007-05-14T23:00:00+02:00,0.898845,0.900025,0.89444,0.89714
2007-05-15T11:00:00+02:00,0.89714,0.89991,0.896025,0.898085
2007-05-15T23:00:00+02:00,0.898085,0.89836,0.89465,0.89569
2007-05-16T11:00:00+02:00,0.89569,0.89851,0.89355,0.89684
2007-05-16T23:00:00+02:00,0.89684,0.89799,0.89448,0.896555
2007-05-17T11:00:00+02:00,0.896555,0.89832,0.8935,0.89674
2007-05-17T23:00:00+02:00,0.89674,0.89717,0.89244,0.89334
2007-05-18T11:00:00+02:00,0.89334,0.89763,0.89154,0.89675
2007-05-20T23:00:00+02:00,0.896565,0.898905,0.89553,0.89624
2007-05-21T11:00:00+02:00,0.89624,0.89899,0.89574,0.898675
2007-05-21T23:00:00+02:00,0.898675,0.89924,0.89537,0.89606
2007-05-22T11:00:00+02:00,0.89606,0.89824,0.89228,0.893735
2007-05-22T23:00:00+02:00,0.893735,0.89493,0.89099,0.8947
2007-05-23T11:00:00+02:00,0.8947,0.89698,0.89444,0.89588
2007-05-23T23:00:00+02:00,0.89588,0.89626,0.892595,0.89478
2007-05-24T11:00:00+02:00,0.89478,0.89573,0.888565,0.8899
2007-05-24T23:00:00+02:00,0.8899,0.89307,0.88867,0.89057
2007-05-25T11:00:00+02:00,0.89057,0.89324,0.88919,0.89171
2007-05-27T23:00:00+02:00,0.89086,0.89298,0.89034,0.89215
2007-05-28T11:00:00+02:00,0.89215,0.893735,0.89155,0.89367
2007-05-28T23:00:00+02:00,0.89367,0.895095,0.89165,0.892985
2007-05-29T11:00:00+02:00,0.892985,0.892985,0.88844,0.89138
2007-05-29T23:00:00+02:00,0.89138,0.892825,0.889515,0.89207
2007-05-30T11:00:00+02:00,0.89207,0.89589,0.890655,0.8949
2007-05-30T23:00:00+02:00,0.8949,0.89935,0.89301,0.89772
2007-05-31T11:00:00+02:00,0.89772,0.90415,0.89683,0.902865
2007-05-31T23:00:00+02:00,0.902865,0.910105,0.90172,0.90948
2007-06-01T11:00:00+02:00,0.90948,0.91762,0.908165,0.91642
2007-06-03T23:00:00+02:00,0.91718,0.91764,0.9142,0.915355
2007-06-04T11:00:00+02:00,0.915355,0.915645,0.91049,0.9144
2007-06-04T23:00:00+02:00,0.9144,0.9202,0.912435,0.918695
2007-06-05T11:00:00+02:00,0.918695,0.92104,0.910865,0.91286
2007-06-05T23:00:00+02:00,0.91286,0.92003,0.91252,0.915245
2007-06-06T11:00:00+02:00,0.915245,0.915545,0.910795,0.914085
2007-06-06T23:00:00+02:00,0.914085,0.92338,0.913715,0.922935
2007-06-07T11:00:00+02:00,0.922935,0.92697,0.91789,0.91855
2007-06-07T23:00:00+02:00,0.91855,0.92614,0.91604,0.92383
2007-06-08T11:00:00+02:00,0.92383,0.94407,0.922425,0.94321
2007-06-10T23:00:00+02:00,0.941515,0.943905,0.92493,0.9275
2007-06-11T11:00:00+02:00,0.9275,0.931785,0.925505,0.931245
2007-06-11T23:00:00+02:00,0.931245,0.93469,0.92866,0.93411
2007-06-12T11:00:00+02:00,0.93411,0.93517,0.930095,0.93031
2007-06-12T23:00:00+02:00,0.93031,0.9338,0.92898,0.93214
2007-06-13T11:00:00+02:00,0.93214,0.936075,0.92837,0.93573
2007-06-13T23:00:00+02:00,0.93573,0.9369,0.930275,0.93397
2007-06-14T11:00:00+02:00,0.93397,0.93685,0.93177,0.935015
2007-06-14T23:00:00+02:00,0.935015,0.93762,0.934275,0.935795
2007-06-15T11:00:00+02:00,0.935795,0.93879,0.9343,0.937245
2007-06-17T23:00:00+02:00,0.93186,0.939365,0.93162,0.93685
2007-06-18T11:00:00+02:00,0.93685,0.93724,0.93385,0.93637
2007-06-18T23:00:00+02:00,0.93637,0.93804,0.93532,0.936285
2007-06-19T11:00:00+02:00,0.936285,0.941715,0.935875,0.94092
2007-06-19T23:00:00+02:00,0.94092,0.943495,0.93954,0.942935
2007-06-20T11:00:00+02:00,0.942935,0.944745,0.939205,0.94021
2007-06-20T23:00:00+02:00,0.94021,0.949325,0.9388,0.947655
2007-06-21T11:00:00+02:00,0.947655,0.948505,0.944075,0.948335
2007-06-21T23:00:00+02:00,0.948335,0.949325,0.944805,0.944905
2007-06-22T11:00:00+02:00,0.944905,0.946545,0.93378,0.939345
2007-06-24T23:00:00+02:00,0.937775,0.94392,0.937495,0.941015
2007-06-25T11:00:00+02:00,0.941015,0.944055,0.937445,0.940485
2007-06-25T23:00:00+02:00,0.940485,0.945565,0.93831,0.94468
2007-06-26T11:00:00+02:00,0.94468,0.945535,0.94021,0.94076
2007-06-26T23:00:00+02:00,0.94076,0.94224,0.934055,0.935715
2007-06-27T11:00:00+02:00,0.935715,0.9374,0.9298,0.93559
2007-06-27T23:00:00+02:00,0.93559,0.944585,0.93479,0.942275
2007-06-28T11:00:00+02:00,0.942275,0.949395,0.94114,0.947415
2007-06-28T23:00:00+02:00,0.947415,0.951695,0.946485,0.950755
2007-06-29T11:00:00+02:00,0.950755,0.952035,0.939805,0.94386
2007-07-01T23:00:00+02:00,0.942685,0.948405,0.94259,0.9441
2007-07-02T11:00:00+02:00,0.9441,0.949095,0.94192,0.946825
2007-07-02T23:00:00+02:00,0.946825,0.952415,0.9429,0.952345
2007-07-03T11:00:00+02:00,0.952345,0.953465,0.948655,0.949205
2007-07-03T23:00:00+02:00,0.949205,0.951955,0.949015,0.951475
2007-07-04T11:00:00+02:00,0.951475,0.952345,0.94996,0.95114
2007-07-04T23:00:00+02:00,0.95114,0.95218,0.949295,0.951565
2007-07-05T11:00:00+02:00,0.951565,0.95669,0.948765,0.951585
2007-07-05T23:00:00+02:00,0.951585,0.95562,0.951495,0.954645
2007-07-06T11:00:00+02:00,0.954645,0.95871,0.950425,0.953
2007-07-08T23:00:00+02:00,0.952,0.95399,0.948195,0.951185
2007-07-09T11:00:00+02:00,0.951185,0.95278,0.947915,0.95011
2007-07-09T23:00:00+02:00,0.95011,0.95029,0.942375,0.943405
2007-07-10T11:00:00+02:00,0.943405,0.944855,0.93541,0.93541
2007-07-10T23:00:00+02:00,0.93541,0.93581,0.926045,0.93439
2007-07-11T11:00:00+02:00,0.93439,0.944245,0.93104,0.943825
2007-07-11T23:00:00+02:00,0.943825,0.94542,0.93832,0.93902
2007-07-12T11:00:00+02:00,0.93902,0.943835,0.938595,0.94363
2007-07-12T23:00:00+02:00,0.94363,0.947875,0.94117,0.945985
2007-07-13T11:00:00+02:00,0.945985,0.94704,0.94169,0.946725
2007-07-15T23:00:00+02:00,0.94467,0.950465,0.94365,0.950465
2007-07-16T11:00:00+02:00,0.950465,0.95492,0.948885,0.9548
2007-07-16T23:00:00+02:00,0.9548,0.95586,0.947935,0.949655
2007-07-17T11:00:00+02:00,0.949655,0.952735,0.949145,0.950295
2007-07-17T23:00:00+02:00,0.950295,0.951745,0.9469,0.949725
2007-07-18T11:00:00+02:00,0.949725,0.95427,0.948775,0.95257
2007-07-18T23:00:00+02:00,0.95257,0.953025,0.949745,0.952255
2007-07-19T11:00:00+02:00,0.952255,0.95576,0.95076,0.95419
2007-07-19T23:00:00+02:00,0.95419,0.958735,0.95408,0.95824
2007-07-20T11:00:00+02:00,0.95824,0.9603,0.952865,0.957535
2007-07-22T23:00:00+02:00,0.9585,0.963735,0.95468,0.96317
2007-07-23T11:00:00+02:00,0.96317,0.973095,0.96317,0.97157
2007-07-23T23:00:00+02:00,0.97157,0.976515,0.97081,0.974935
2007-07-24T11:00:00+02:00,0.974935,0.976985,0.96669,0.96934
2007-07-24T23:00:00+02:00,0.96934,0.9768,0.962495,0.9768
2007-07-25T11:00:00+02:00,0.9768,0.97864,0.972935,0.975735
2007-07-25T23:00:00+02:00,0.975735,0.97645,0.96322,0.965335
2007-07-26T11:00:00+02:00,0.965335,0.96919,0.94038,0.941655
2007-07-26T23:00:00+02:00,0.941655,0.948535,0.93057,0.943805
2007-07-27T11:00:00+02:00,0.943805,0.94688,0.922145,0.92418
2007-07-29T23:00:00+02:00,0.920595,0.92525,0.91452,0.920665
2007-07-30T11:00:00+02:00,0.920665,0.92615,0.908155,0.923985
2007-07-30T23:00:00+02:00,0.923985,0.92942,0.922145,0.92929
2007-07-31T11:00:00+02:00,0.92929,0.93215,0.914575,0.91574
2007-07-31T23:00:00+02:00,0.91574,0.91725,0.902485,0.907065
2007-08-01T11:00:00+02:00,0.907065,0.923635,0.906595,0.92309
2007-08-01T23:00:00+02:00,0.92309,0.924585,0.914495,0.92127
2007-08-02T11:00:00+02:00,0.92127,0.92985,0.920045,0.926385
2007-08-02T23:00:00+02:00,0.926385,0.927625,0.92204,0.922545
2007-08-03T11:00:00+02:00,0.922545,0.924555,0.903365,0.90549
2007-08-05T23:00:00+02:00,0.900255,0.90389,0.89389,0.90151
2007-08-06T11:00:00+02:00,0.90151,0.912445,0.900405,0.91241
2007-08-06T23:00:00+02:00,0.91241,0.9132,0.907205,0.9081
2007-08-07T11:00:00+02:00,0.9081,0.913625,0.90052,0.91166
2007-08-07T23:00:00+02:00,0.91166,0.914135,0.908635,0.912865
2007-08-08T11:00:00+02:00,0.912865,0.920225,0.91039,0.9192
2007-08-08T23:00:00+02:00,0.9192,0.921415,0.90666,0.90796
2007-08-09T11:00:00+02:00,0.90796,0.910725,0.89823,0.89961
2007-08-09T23:00:00+02:00,0.89961,0.900105,0.8861,0.888345
2007-08-10T11:00:00+02:00,0.888345,0.899775,0.883915,0.89341
2007-08-12T23:00:00+02:00,0.89572,0.8964,0.88735,0.88859
2007-08-13T11:00:00+02:00,0.88859,0.89299,0.882705,0.89125
2007-08-13T23:00:00+02:00,0.89125,0.89253,0.879595,0.883535
2007-08-14T11:00:00+02:00,0.883535,0.88551,0.879075,0.87991
2007-08-14T23:00:00+02:00,0.87991,0.88022,0.865315,0.86805
2007-08-15T11:00:00+02:00,0.86805,0.878265,0.86541,0.86562
2007-08-15T23:00:00+02:00,0.86562,0.866275,0.82962,0.83445
2007-08-16T11:00:00+02:00,0.83445,0.84198,0.815715,0.83776
2007-08-16T23:00:00+02:00,0.83776,0.853775,0.80351,0.81907
2007-08-17T11:00:00+02:00,0.81907,0.844835,0.811405,0.842365
2007-08-19T23:00:00+02:00,0.8396,0.848575,0.822785,0.845185
2007-08-20T11:00:00+02:00,0.845185,0.847205,0.83362,0.84266
2007-08-20T23:00:00+02:00,0.84266,0.84525,0.833175,0.836795
2007-08-21T11:00:00+02:00,0.836795,0.844525,0.833955,0.840165
2007-08-21T23:00:00+02:00,0.840165,0.84226,0.83105,0.842015
2007-08-22T11:00:00+02:00,0.842015,0.85023,0.841385,0.845415
2007-08-22T23:00:00+02:00,0.845415,0.86284,0.84541,0.862195
2007-08-23T11:00:00+02:00,0.862195,0.86719,0.85386,0.863275
2007-08-23T23:00:00+02:00,0.863275,0.866055,0.854825,0.85784
2007-08-24T11:00:00+02:00,0.85784,0.867265,0.85551,0.866165
2007-08-26T23:00:00+02:00,0.869945,0.873815,0.867665,0.87277
2007-08-27T11:00:00+02:00,0.87277,0.87318,0.861555,0.861555
2007-08-27T23:00:00+02:00,0.861555,0.862265,0.84734,0.851865
2007-08-28T11:00:00+02:00,0.851865,0.856405,0.83744,0.837935
2007-08-28T23:00:00+02:00,0.837935,0.83925,0.82646,0.837025
2007-08-29T11:00:00+02:00,0.837025,0.851875,0.835345,0.85038
2007-08-29T23:00:00+02:00,0.85038,0.85279,0.83788,0.84677
2007-08-30T11:00:00+02:00,0.84677,0.85108,0.84221,0.846095
2007-08-30T23:00:00+02:00,0.846095,0.85574,0.841685,0.85378
2007-08-31T11:00:00+02:00,0.85378,0.85574,0.843365,0.847925
2007-09-02T23:00:00+02:00,0.8454,0.852795,0.844725,0.84961
2007-09-03T11:00:00+02:00,0.84961,0.852015,0.846895,0.850825
2007-09-03T23:00:00+02:00,0.850825,0.852225,0.844025,0.845695
2007-09-04T11:00:00+02:00,0.845695,0.852565,0.841,0.845315
2007-09-04T23:00:00+02:00,0.845315,0.845425,0.83772,0.84277
2007-09-05T11:00:00+02:00,0.84277,0.842845,0.825265,0.826945
2007-09-05T23:00:00+02:00,0.826945,0.83631,0.823005,0.83488
2007-09-06T11:00:00+02:00,0.83488,0.83562,0.82691,0.832295
2007-09-06T23:00:00+02:00,0.832295,0.833605,0.82844,0.828515
2007-09-07T11:00:00+02:00,0.828515,0.830925,0.814815,0.821485
2007-09-09T23:00:00+02:00,0.818065,0.821295,0.80935,0.820555
2007-09-10T11:00:00+02:00,0.820555,0.83,0.819345,0.826805
2007-09-10T23:00:00+02:00,0.826805,0.828065,0.821955,0.82616
2007-09-11T11:00:00+02:00,0.82616,0.840815,0.824215,0.84018
2007-09-11T23:00:00+02:00,0.84018,0.841845,0.835775,0.837645
2007-09-12T11:00:00+02:00,0.837645,0.84802,0.835195,0.843035
2007-09-12T23:00:00+02:00,0.843035,0.84679,0.838155,0.84608
2007-09-13T11:00:00+02:00,0.84608,0.852485,0.84208,0.844665
2007-09-13T23:00:00+02:00,0.844665,0.849515,0.838135,0.8471
2007-09-14T11:00:00+02:00,0.8471,0.852025,0.843335,0.84849
2007-09-16T23:00:00+02:00,0.84857,0.8501,0.84211,0.84481
2007-09-17T11:00:00+02:00,0.84481,0.847035,0.835115,0.839105
2007-09-17T23:00:00+02:00,0.839105,0.839675,0.83147,0.83386
2007-09-18T11:00:00+02:00,0.83386,0.859425,0.83368,0.858665
2007-09-18T23:00:00+02:00,0.858665,0.86573,0.85386,0.86501
2007-09-19T11:00:00+02:00,0.86501,0.87222,0.860995,0.871
2007-09-19T23:00:00+02:00,0.871,0.8725,0.86484,0.86667
2007-09-20T11:00:00+02:00,0.86667,0.8734,0.86169,0.86473
2007-09-20T23:00:00+02:00,0.86473,0.87437,0.86364,0.870755
2007-09-21T11:00:00+02:00,0.870755,0.87391,0.86806,0.8726
2007-09-23T23:00:00+02:00,0.871065,0.87326,0.86961,0.872115
2007-09-24T11:00:00+02:00,0.872115,0.87828,0.8715,0.87575
2007-09-24T23:00:00+02:00,0.87575,0.876585,0.862195,0.86303
2007-09-25T11:00:00+02:00,0.86303,0.8682,0.854745,0.866705
2007-09-25T23:00:00+02:00,0.866705,0.86933,0.86527,0.86877
2007-09-26T11:00:00+02:00,0.86877,0.873685,0.86654,0.87214
2007-09-26T23:00:00+02:00,0.87214,0.879775,0.8702,0.87831
2007-09-27T11:00:00+02:00,0.87831,0.881005,0.876735,0.88046
2007-09-27T23:00:00+02:00,0.88046,0.88806,0.879755,0.8844
2007-09-28T11:00:00+02:00,0.8844,0.887305,0.878045,0.88196
2007-09-30T23:00:00+02:00,0.88379,0.8961,0.88227,0.8941
2007-10-01T11:00:00+02:00,0.8941,0.89653,0.884995,0.89591
2007-10-01T23:00:00+02:00,0.89591,0.89652,0.8852,0.88996
2007-10-02T11:00:00+02:00,0.88996,0.89709,0.889625,0.890225
2007-10-02T23:00:00+02:00,0.890225,0.89686,0.886365,0.89285
2007-10-03T11:00:00+02:00,0.89285,0.89723,0.88666,0.891005
2007-10-03T23:00:00+02:00,0.891005,0.89133,0.884675,0.888685
2007-10-04T11:00:00+02:00,0.888685,0.889245,0.88459,0.88661
2007-10-04T23:00:00+02:00,0.88661,0.89193,0.886205,0.89115
2007-10-05T11:00:00+02:00,0.89115,0.89853,0.889275,0.897045
2007-10-07T23:00:00+02:00,0.899485,0.90602,0.89707,0.904805
2007-10-08T11:00:00+02:00,0.904805,0.905995,0.902,0.90376
2007-10-08T23:00:00+02:00,0.90376,0.90739,0.90139,0.90139
2007-10-09T11:00:00+02:00,0.90139,0.905915,0.90056,0.905505
2007-10-09T23:00:00+02:00,0.905505,0.906905,0.901915,0.90264
2007-10-10T11:00:00+02:00,0.90264,0.90491,0.89837,0.903
2007-10-10T23:00:00+02:00,0.903,0.907955,0.90048,0.90759
2007-10-11T11:00:00+02:00,0.90759,0.916215,0.905905,0.90943
2007-10-11T23:00:00+02:00,0.90943,0.913375,0.906885,0.913175
2007-10-12T11:00:00+02:00,0.913175,0.920655,0.912295,0.920185
2007-10-14T23:00:00+02:00,0.920135,0.92226,0.908575,0.909625
2007-10-15T11:00:00+02:00,0.909625,0.912615,0.89599,0.89927
2007-10-15T23:00:00+02:00,0.89927,0.905285,0.877225,0.88766
2007-10-16T11:00:00+02:00,0.88766,0.8878,0.8744,0.882315
2007-10-16T23:00:00+02:00,0.882315,0.88825,0.87557,0.883765
2007-10-17T11:00:00+02:00,0.883765,0.89207,0.878785,0.887925
2007-10-17T23:00:00+02:00,0.887925,0.88866,0.878435,0.881225
2007-10-18T11:00:00+02:00,0.881225,0.88472,0.872235,0.882255
2007-10-18T23:00:00+02:00,0.882255,0.88636,0.86972,0.88005
2007-10-19T11:00:00+02:00,0.88005,0.88447,0.87035,0.87123
2007-10-21T23:00:00+02:00,0.86752,0.873225,0.857075,0.866035
2007-10-22T11:00:00+02:00,0.866035,0.880145,0.8635,0.879425
2007-10-22T23:00:00+02:00,0.879425,0.886565,0.87875,0.88269
2007-10-23T11:00:00+02:00,0.88269,0.890805,0.879835,0.88825
2007-10-23T23:00:00+02:00,0.88825,0.891965,0.878875,0.88101
2007-10-24T11:00:00+02:00,0.88101,0.88615,0.877655,0.884425
2007-10-24T23:00:00+02:00,0.884425,0.886775,0.880905,0.88393
2007-10-25T11:00:00+02:00,0.88393,0.88977,0.881345,0.88803
2007-10-25T23:00:00+02:00,0.88803,0.89224,0.886475,0.89037
2007-10-26T11:00:00+02:00,0.89037,0.893735,0.88709,0.89182
2007-10-28T22:00:00+01:00,0.892435,0.89906,0.891175,0.89641
2007-10-29T10:00:00+01:00,0.89641,0.898545,0.89346,0.895
2007-10-29T22:00:00+01:00,0.895,0.898705,0.89192,0.89751
2007-10-30T10:00:00+01:00,0.89751,0.89804,0.884975,0.886025
2007-10-30T22:00:00+01:00,0.886025,0.88954,0.884165,0.887195
2007-10-31T10:00:00+01:00,0.887195,0.896395,0.88628,0.89572
2007-10-31T22:00:00+01:00,0.89572,0.8972,0.89351,0.89674
2007-11-01T10:00:00+01:00,0.89674,0.8969,0.876725,0.87832
2007-11-01T22:00:00+01:00,0.87832,0.882955,0.877225,0.880585
2007-11-02T10:00:00+01:00,0.880585,0.885685,0.875085,0.88362
2007-11-04T23:00:00+01:00,0.88292,0.884275,0.87828,0.882265
2007-11-05T11:00:00+01:00,0.882265,0.888935,0.88081,0.88822
2007-11-05T23:00:00+01:00,0.88822,0.89174,0.886165,0.89055
2007-11-06T11:00:00+01:00,0.89055,0.89391,0.88564,0.89279
2007-11-06T23:00:00+01:00,0.89279,0.89786,0.886715,0.886975
2007-11-07T11:00:00+01:00,0.886975,0.8931,0.87769,0.8783
2007-11-07T23:00:00+01:00,0.8783,0.879515,0.866925,0.872775
2007-11-08T11:00:00+01:00,0.872775,0.881575,0.868675,0.87509
2007-11-08T23:00:00+01:00,0.87509,0.87815,0.86866,0.869095
2007-11-09T11:00:00+01:00,0.869095,0.869215,0.85607,0.8578
2007-11-11T23:00:00+01:00,0.853405,0.85717,0.844665,0.85235
2007-11-12T11:00:00+01:00,0.85235,0.85385,0.838065,0.83943
2007-11-12T23:00:00+01:00,0.83943,0.85353,0.839355,0.8493
2007-11-13T11:00:00+01:00,0.8493,0.85828,0.846795,0.85691
2007-11-13T23:00:00+01:00,0.85691,0.860725,0.85079,0.85859
2007-11-14T11:00:00+01:00,0.85859,0.86231,0.85365,0.85761
2007-11-14T23:00:00+01:00,0.85761,0.859345,0.85192,0.85287
2007-11-15T11:00:00+01:00,0.85287,0.85464,0.845465,0.84583
2007-11-15T23:00:00+01:00,0.84583,0.85262,0.844395,0.85208
2007-11-16T11:00:00+01:00,0.85208,0.85405,0.84268,0.8467
2007-11-18T23:00:00+01:00,0.84806,0.851715,0.84638,0.84973
2007-11-19T11:00:00+01:00,0.84973,0.84984,0.839725,0.840585
2007-11-19T23:00:00+01:00,0.840585,0.84853,0.836315,0.84471
2007-11-20T11:00:00+01:00,0.84471,0.84815,0.838915,0.84626
2007-11-20T23:00:00+01:00,0.84626,0.84805,0.831275,0.832895
2007-11-21T11:00:00+01:00,0.832895,0.838405,0.824655,0.82849
2007-11-21T23:00:00+01:00,0.82849,0.835195,0.8251,0.831135
2007-11-22T11:00:00+01:00,0.831135,0.833965,0.826675,0.82693
2007-11-22T23:00:00+01:00,0.82693,0.833935,0.82099,0.831275
2007-11-23T11:00:00+01:00,0.831275,0.838205,0.82734,0.83643
2007-11-25T23:00:00+01:00,0.840115,0.84268,0.835865,0.838295
2007-11-26T11:00:00+01:00,0.838295,0.839045,0.82076,0.82362
2007-11-26T23:00:00+01:00,0.82362,0.837065,0.82181,0.832365
2007-11-27T11:00:00+01:00,0.832365,0.841005,0.827395,0.838785
2007-11-27T23:00:00+01:00,0.838785,0.84864,0.83797,0.84817
2007-11-28T11:00:00+01:00,0.84817,0.8649,0.84796,0.860665
2007-11-28T23:00:00+01:00,0.860665,0.86511,0.854955,0.86285
2007-11-29T11:00:00+01:00,0.86285,0.86517,0.85843,0.861675
2007-11-29T23:00:00+01:00,0.861675,0.86731,0.8598,0.866145
2007-11-30T11:00:00+01:00,0.866145,0.869195,0.85779,0.865285
2007-12-02T23:00:00+01:00,0.86216,0.86441,0.858545,0.862715
2007-12-03T11:00:00+01:00,0.862715,0.86692,0.859095,0.861005
2007-12-03T23:00:00+01:00,0.861005,0.86412,0.857295,0.85993
2007-12-04T11:00:00+01:00,0.85993,0.86009,0.8492,0.8522
2007-12-04T23:00:00+01:00,0.8522,0.857,0.84644,0.85574
2007-12-05T11:00:00+01:00,0.85574,0.869745,0.85389,0.86777
2007-12-05T23:00:00+01:00,0.86777,0.87287,0.86758,0.869315
2007-12-06T11:00:00+01:00,0.869315,0.879685,0.86826,0.87821
2007-12-06T23:00:00+01:00,0.87821,0.881865,0.876615,0.878805
2007-12-07T11:00:00+01:00,0.878805,0.883175,0.87467,0.876655
2007-12-09T23:00:00+01:00,0.87281,0.878955,0.87142,0.875425
2007-12-10T11:00:00+01:00,0.875425,0.881945,0.873045,0.881445
2007-12-10T23:00:00+01:00,0.881445,0.88648,0.881145,0.886155
2007-12-11T11:00:00+01:00,0.886155,0.89069,0.872815,0.87439
2007-12-11T23:00:00+01:00,0.87439,0.88873,0.873225,0.88639
2007-12-12T11:00:00+01:00,0.88639,0.90321,0.886075,0.89176
2007-12-12T23:00:00+01:00,0.89176,0.89372,0.88534,0.88999
2007-12-13T11:00:00+01:00,0.88999,0.89571,0.88792,0.89035
2007-12-13T23:00:00+01:00,0.89035,0.896965,0.89033,0.89423
2007-12-14T11:00:00+01:00,0.89423,0.89615,0.88133,0.88219
2007-12-16T23:00:00+01:00,0.88691,0.889745,0.873825,0.876045
2007-12-17T11:00:00+01:00,0.876045,0.876705,0.865375,0.8673
2007-12-17T23:00:00+01:00,0.8673,0.872265,0.864385,0.86968
2007-12-18T11:00:00+01:00,0.86968,0.873615,0.865335,0.86987
2007-12-18T23:00:00+01:00,0.86987,0.87614,0.867115,0.873795
2007-12-19T11:00:00+01:00,0.873795,0.875605,0.867305,0.87322
2007-12-19T23:00:00+01:00,0.87322,0.874695,0.87048,0.873985
2007-12-20T11:00:00+01:00,0.873985,0.881985,0.872945,0.879615
2007-12-20T23:00:00+01:00,0.879615,0.885085,0.879515,0.884235
2007-12-21T11:00:00+01:00,0.884235,0.887965,0.880835,0.88141
2007-12-23T23:00:00+01:00,0.88326,0.88621,0.880875,0.885585
2007-12-24T11:00:00+01:00,0.885585,0.888265,0.884175,0.887045
2007-12-24T23:00:00+01:00,0.887045,0.88761,0.88466,0.88739
2007-12-25T23:00:00+01:00,0.88739,0.887835,0.88386,0.885955
2007-12-26T11:00:00+01:00,0.885955,0.886125,0.881385,0.88315
2007-12-26T23:00:00+01:00,0.88315,0.887445,0.882345,0.884735
2007-12-27T11:00:00+01:00,0.884735,0.88617,0.87566,0.87815
2007-12-27T23:00:00+01:00,0.87815,0.88171,0.874585,0.87466
2007-12-28T11:00:00+01:00,0.87466,0.87568,0.86946,0.87236
2007-12-30T23:00:00+01:00,0.872685,0.87646,0.869285,0.86987
2007-12-31T11:00:00+01:00,0.86987,0.8731,0.86688,0.86826
2007-12-31T23:00:00+01:00,0.86826,0.86862,0.868175,0.86862
2008-01-01T11:00:00+01:00,0.86862,0.87057,0.868235,0.870185
2008-01-01T23:00:00+01:00,0.870185,0.873775,0.868885,0.873705
2008-01-02T11:00:00+01:00,0.873705,0.87378,0.860245,0.86784
2008-01-02T23:00:00+01:00,0.86784,0.868765,0.864035,0.865795
2008-01-03T11:00:00+01:00,0.865795,0.869875,0.854745,0.856085
2008-01-03T23:00:00+01:00,0.856085,0.86072,0.85335,0.86032
2008-01-04T11:00:00+01:00,0.86032,0.86327,0.84682,0.84931
2008-01-06T23:00:00+01:00,0.84881,0.85611,0.84605,0.85487
2008-01-07T11:00:00+01:00,0.85487,0.860335,0.84857,0.858455
2008-01-07T23:00:00+01:00,0.858455,0.86379,0.857335,0.85888
2008-01-08T11:00:00+01:00,0.85888,0.86315,0.8537,0.85533
2008-01-08T23:00:00+01:00,0.85533,0.85902,0.853075,0.85657
2008-01-09T11:00:00+01:00,0.85657,0.863205,0.85657,0.862815
2008-01-09T23:00:00+01:00,0.862815,0.86529,0.861695,0.863505
2008-01-10T11:00:00+01:00,0.863505,0.869865,0.85914,0.866365
2008-01-10T23:00:00+01:00,0.866365,0.86835,0.858345,0.86493
2008-01-11T11:00:00+01:00,0.86493,0.868725,0.86124,0.86205
2008-01-13T23:00:00+01:00,0.858465,0.86574,0.85843,0.86162
2008-01-14T11:00:00+01:00,0.86162,0.865545,0.859565,0.864395
2008-01-14T23:00:00+01:00,0.864395,0.865915,0.860455,0.86311
2008-01-15T11:00:00+01:00,0.86311,0.86352,0.84866,0.84926
2008-01-15T23:00:00+01:00,0.84926,0.85023,0.838625,0.838625
2008-01-16T11:00:00+01:00,0.838625,0.85262,0.833285,0.84885
2008-01-16T23:00:00+01:00,0.84885,0.857045,0.843015,0.8551
2008-01-17T11:00:00+01:00,0.8551,0.85614,0.84033,0.84324
2008-01-17T23:00:00+01:00,0.84324,0.847875,0.833535,0.84285
2008-01-18T11:00:00+01:00,0.84285,0.84661,0.833295,0.83484
2008-01-20T23:00:00+01:00,0.83522,0.840795,0.831115,0.832845
2008-01-21T11:00:00+01:00,0.832845,0.834705,0.823915,0.826255
2008-01-21T23:00:00+01:00,0.826255,0.83035,0.81978,0.82744
2008-01-22T11:00:00+01:00,0.82744,0.843155,0.82378,0.836305
2008-01-22T23:00:00+01:00,0.836305,0.84193,0.82884,0.836185
2008-01-23T11:00:00+01:00,0.836185,0.83903,0.822585,0.836405
2008-01-23T23:00:00+01:00,0.836405,0.83797,0.82953,0.835725
2008-01-24T11:00:00+01:00,0.835725,0.843085,0.834565,0.842005
2008-01-24T23:00:00+01:00,0.842005,0.84595,0.836775,0.84455
2008-01-25T11:00:00+01:00,0.84455,0.84937,0.84072,0.842275
2008-01-27T23:00:00+01:00,0.841115,0.84538,0.83789,0.843785
2008-01-28T11:00:00+01:00,0.843785,0.84753,0.840845,0.84698
2008-01-28T23:00:00+01:00,0.84698,0.85176,0.844545,0.85119
2008-01-29T11:00:00+01:00,0.85119,0.8538,0.84886,0.8515
2008-01-29T23:00:00+01:00,0.8515,0.851795,0.84679,0.848225
2008-01-30T11:00:00+01:00,0.848225,0.859795,0.84593,0.84973
2008-01-30T23:00:00+01:00,0.84973,0.85169,0.840145,0.84906
2008-01-31T11:00:00+01:00,0.84906,0.855785,0.841295,0.851905
2008-01-31T23:00:00+01:00,0.851905,0.85547,0.84978,0.85412
2008-02-01T11:00:00+01:00,0.85412,0.866315,0.84739,0.866085
2008-02-03T23:00:00+01:00,0.86279,0.866805,0.861075,0.866055
2008-02-04T11:00:00+01:00,0.866055,0.869135,0.861675,0.863635
2008-02-04T23:00:00+01:00,0.863635,0.872275,0.861515,0.870605
2008-02-05T11:00:00+01:00,0.870605,0.872075,0.85632,0.859135
2008-02-05T23:00:00+01:00,0.859135,0.861155,0.85492,0.85666
2008-02-06T11:00:00+01:00,0.85666,0.86696,0.85631,0.865065
2008-02-06T23:00:00+01:00,0.865065,0.87015,0.859005,0.864425
2008-02-07T11:00:00+01:00,0.864425,0.876025,0.85826,0.87084
2008-02-07T23:00:00+01:00,0.87084,0.87345,0.867655,0.869605
2008-02-08T11:00:00+01:00,0.869605,0.874825,0.86596,0.869945
2008-02-10T23:00:00+01:00,0.867595,0.87062,0.86303,0.86626
2008-02-11T11:00:00+01:00,0.86626,0.872135,0.864,0.86967
2008-02-11T23:00:00+01:00,0.86967,0.872795,0.866955,0.86942
2008-02-12T11:00:00+01:00,0.86942,0.875905,0.868185,0.87123
2008-02-12T23:00:00+01:00,0.87123,0.87226,0.86409,0.86601
2008-02-13T11:00:00+01:00,0.86601,0.871015,0.86524,0.86859
2008-02-13T23:00:00+01:00,0.86859,0.873875,0.867635,0.869775
2008-02-14T11:00:00+01:00,0.869775,0.874535,0.8639,0.864755
2008-02-14T23:00:00+01:00,0.864755,0.867315,0.860485,0.865545
2008-02-15T11:00:00+01:00,0.865545,0.866715,0.858605,0.863945
2008-02-17T23:00:00+01:00,0.863895,0.87392,0.86355,0.872935
2008-02-18T11:00:00+01:00,0.872935,0.877765,0.871995,0.87631
2008-02-18T23:00:00+01:00,0.87631,0.880145,0.873145,0.875355
2008-02-19T11:00:00+01:00,0.875355,0.877685,0.871465,0.87211
2008-02-19T23:00:00+01:00,0.87211,0.875165,0.868915,0.874355
2008-02-20T11:00:00+01:00,0.874355,0.878625,0.869965,0.877215
2008-02-20T23:00:00+01:00,0.877215,0.880035,0.87481,0.877705
2008-02-21T11:00:00+01:00,0.877705,0.882475,0.86897,0.872125
2008-02-21T23:00:00+01:00,0.872125,0.87814,0.870215,0.877305
2008-02-22T11:00:00+01:00,0.877305,0.879335,0.872465,0.877605
2008-02-24T23:00:00+01:00,0.876495,0.882215,0.874725,0.88178
2008-02-25T11:00:00+01:00,0.88178,0.88447,0.877875,0.884005
2008-02-25T23:00:00+01:00,0.884005,0.888265,0.878355,0.881515
2008-02-26T11:00:00+01:00,0.881515,0.882575,0.875805,0.878995
2008-02-26T23:00:00+01:00,0.878995,0.879665,0.87297,0.875675
2008-02-27T11:00:00+01:00,0.875675,0.87677,0.865285,0.86799
2008-02-27T23:00:00+01:00,0.86799,0.86955,0.86153,0.866335
2008-02-28T11:00:00+01:00,0.866335,0.86773,0.85495,0.85756
2008-02-28T23:00:00+01:00,0.85756,0.85862,0.85223,0.85247
2008-02-29T11:00:00+01:00,0.85247,0.85299,0.830685,0.831425
2008-03-02T23:00:00+01:00,0.831845,0.831935,0.819375,0.827285
2008-03-03T11:00:00+01:00,0.827285,0.842815,0.82414,0.840595
2008-03-03T23:00:00+01:00,0.840595,0.84231,0.833025,0.835205
2008-03-04T11:00:00+01:00,0.835205,0.835205,0.82403,0.83143
2008-03-04T23:00:00+01:00,0.83143,0.831765,0.82585,0.82616
2008-03-05T11:00:00+01:00,0.82616,0.83246,0.8245,0.8319
2008-03-05T23:00:00+01:00,0.8319,0.834605,0.827165,0.827295
2008-03-06T11:00:00+01:00,0.827295,0.83064,0.81248,0.814935
2008-03-06T23:00:00+01:00,0.814935,0.817925,0.812135,0.81353
2008-03-07T11:00:00+01:00,0.81353,0.8194,0.807375,0.81386
2008-03-09T22:00:00+01:00,0.81194,0.8123,0.806945,0.81077
2008-03-10T10:00:00+01:00,0.81077,0.81487,0.801985,0.8037
2008-03-10T22:00:00+01:00,0.8037,0.812275,0.80185,0.810525
2008-03-11T10:00:00+01:00,0.810525,0.83174,0.81016,0.83047
2008-03-11T22:00:00+01:00,0.83047,0.832915,0.82496,0.82496
2008-03-12T10:00:00+01:00,0.82496,0.827555,0.81704,0.81804
2008-03-12T22:00:00+01:00,0.81804,0.8215,0.809145,0.81203
2008-03-13T10:00:00+01:00,0.81203,0.831515,0.810505,0.82658
2008-03-13T22:00:00+01:00,0.82658,0.827495,0.820675,0.82732
2008-03-14T10:00:00+01:00,0.82732,0.831735,0.81052,0.81204
2008-03-16T22:00:00+01:00,0.81078,0.81288,0.77565,0.79124
2008-03-17T10:00:00+01:00,0.79124,0.794805,0.781655,0.78888
2008-03-17T22:00:00+01:00,0.78888,0.798225,0.784265,0.79764
2008-03-18T10:00:00+01:00,0.79764,0.810435,0.793885,0.808665
2008-03-18T22:00:00+01:00,0.808665,0.81858,0.80066,0.8048
2008-03-19T10:00:00+01:00,0.8048,0.8142,0.79576,0.79825
2008-03-19T22:00:00+01:00,0.79825,0.807135,0.794225,0.803155
2008-03-20T10:00:00+01:00,0.803155,0.811305,0.793885,0.79879
2008-03-20T22:00:00+01:00,0.79879,0.8022,0.794655,0.79987
2008-03-21T10:00:00+01:00,0.79987,0.801345,0.797195,0.79921
2008-03-23T22:00:00+01:00,0.798505,0.807285,0.79812,0.80726
2008-03-24T10:00:00+01:00,0.80726,0.81666,0.8035,0.814025
2008-03-24T22:00:00+01:00,0.814025,0.817925,0.809235,0.81445
2008-03-25T10:00:00+01:00,0.81445,0.81665,0.807965,0.810925
2008-03-25T22:00:00+01:00,0.810925,0.81365,0.8044,0.807065
2008-03-26T10:00:00+01:00,0.807065,0.808455,0.793765,0.79542
2008-03-26T22:00:00+01:00,0.79542,0.802835,0.79366,0.798395
2008-03-27T10:00:00+01:00,0.798395,0.803335,0.797575,0.79856
2008-03-27T22:00:00+01:00,0.79856,0.803305,0.79686,0.80242
2008-03-28T10:00:00+01:00,0.80242,0.80371,0.790405,0.793485
2008-03-30T23:00:00+02:00,0.790035,0.792095,0.783675,0.78459
2008-03-31T11:00:00+02:00,0.78459,0.785855,0.77716,0.78045
2008-03-31T23:00:00+02:00,0.78045,0.786145,0.779665,0.786115
2008-04-01T11:00:00+02:00,0.786115,0.797635,0.78493,0.796615
2008-04-01T23:00:00+02:00,0.796615,0.798805,0.794765,0.796465
2008-04-02T11:00:00+02:00,0.796465,0.803595,0.794115,0.796705
2008-04-02T23:00:00+02:00,0.796705,0.80264,0.79446,0.80199
2008-04-03T11:00:00+02:00,0.80199,0.802335,0.79062,0.79345
2008-04-03T23:00:00+02:00,0.79345,0.79517,0.79062,0.792065
2008-04-04T11:00:00+02:00,0.792065,0.796015,0.78706,0.793995
2008-04-06T23:00:00+02:00,0.794045,0.804875,0.79277,0.802935
2008-04-07T11:00:00+02:00,0.802935,0.811735,0.802575,0.80619
2008-04-07T23:00:00+02:00,0.80619,0.807775,0.799405,0.803425
2008-04-08T11:00:00+02:00,0.803425,0.811695,0.801355,0.810665
2008-04-08T23:00:00+02:00,0.810665,0.812845,0.803455,0.805115
2008-04-09T11:00:00+02:00,0.805115,0.80921,0.795865,0.79875
2008-04-09T23:00:00+02:00,0.79875,0.80069,0.792315,0.793125
2008-04-10T11:00:00+02:00,0.793125,0.807965,0.79114,0.80528
2008-04-10T23:00:00+02:00,0.80528,0.805985,0.800745,0.801415
2008-04-11T11:00:00+02:00,0.801415,0.802905,0.79169,0.794185
2008-04-13T23:00:00+02:00,0.794395,0.794985,0.789105,0.791435
2008-04-14T11:00:00+02:00,0.791435,0.792535,0.784165,0.790765
2008-04-14T23:00:00+02:00,0.790765,0.793655,0.7818,0.783225
2008-04-15T11:00:00+02:00,0.783225,0.792355,0.78222,0.791515
2008-04-15T23:00:00+02:00,0.791515,0.79409,0.787485,0.787695
2008-04-16T11:00:00+02:00,0.787695,0.79268,0.78293,0.792555
2008-04-16T23:00:00+02:00,0.792555,0.79372,0.78709,0.78878
2008-04-17T11:00:00+02:00,0.78878,0.79674,0.78657,0.79585
2008-04-17T23:00:00+02:00,0.79585,0.79925,0.793525,0.796215
2008-04-18T11:00:00+02:00,0.796215,0.81063,0.795895,0.80437
2008-04-20T23:00:00+02:00,0.804,0.80708,0.799715,0.801615
2008-04-21T11:00:00+02:00,0.801615,0.803955,0.79755,0.80093
2008-04-21T23:00:00+02:00,0.80093,0.804095,0.799185,0.801155
2008-04-22T11:00:00+02:00,0.801155,0.80485,0.797445,0.79993
2008-04-22T23:00:00+02:00,0.79993,0.808165,0.7986,0.807785
2008-04-23T11:00:00+02:00,0.807785,0.81274,0.80508,0.81063
2008-04-23T23:00:00+02:00,0.81063,0.811945,0.80519,0.811175
2008-04-24T11:00:00+02:00,0.811175,0.818335,0.810275,0.816475
2008-04-24T23:00:00+02:00,0.816475,0.816825,0.810715,0.8127
2008-04-25T11:00:00+02:00,0.8127,0.81408,0.80675,0.808635
2008-04-27T23:00:00+02:00,0.81047,0.81336,0.809645,0.811595
2008-04-28T11:00:00+02:00,0.811595,0.81474,0.81065,0.812475
2008-04-28T23:00:00+02:00,0.812475,0.81309,0.805855,0.8067
2008-04-29T11:00:00+02:00,0.8067,0.807095,0.799865,0.805015
2008-04-29T23:00:00+02:00,0.805015,0.807565,0.80137,0.8069
2008-04-30T11:00:00+02:00,0.8069,0.81668,0.806055,0.80914
2008-04-30T23:00:00+02:00,0.80914,0.81419,0.80748,0.81349
2008-05-01T11:00:00+02:00,0.81349,0.81748,0.81113,0.815435
2008-05-01T23:00:00+02:00,0.815435,0.81948,0.813275,0.8193
2008-05-02T11:00:00+02:00,0.8193,0.82933,0.817815,0.82478
2008-05-04T23:00:00+02:00,0.82531,0.82661,0.822205,0.824695
2008-05-05T11:00:00+02:00,0.824695,0.83121,0.824035,0.827765
2008-05-05T23:00:00+02:00,0.827765,0.830295,0.8251,0.825805
2008-05-06T11:00:00+02:00,0.825805,0.833975,0.82375,0.832695
2008-05-06T23:00:00+02:00,0.832695,0.83307,0.82752,0.82854
2008-05-07T11:00:00+02:00,0.82854,0.830905,0.823655,0.82466
2008-05-07T23:00:00+02:00,0.82466,0.82543,0.81342,0.81454
2008-05-08T11:00:00+02:00,0.81454,0.81738,0.80895,0.81103
2008-05-08T23:00:00+02:00,0.81103,0.812455,0.80521,0.805835
2008-05-09T11:00:00+02:00,0.805835,0.80718,0.795585,0.80123
2008-05-11T23:00:00+02:00,0.79879,0.8054,0.79717,0.804965
2008-05-12T11:00:00+02:00,0.804965,0.8082,0.802065,0.805395
2008-05-12T23:00:00+02:00,0.805395,0.806135,0.80067,0.80417
2008-05-13T11:00:00+02:00,0.80417,0.811135,0.801345,0.80471
2008-05-13T23:00:00+02:00,0.80471,0.805855,0.802485,0.805745
2008-05-14T11:00:00+02:00,0.805745,0.806685,0.802025,0.80243
2008-05-14T23:00:00+02:00,0.80243,0.80364,0.793825,0.796275
2008-05-15T11:00:00+02:00,0.796275,0.808035,0.794735,0.807745
2008-05-15T23:00:00+02:00,0.807745,0.80812,0.804025,0.8074
2008-05-16T11:00:00+02:00,0.8074,0.8148,0.804135,0.81108
2008-05-18T23:00:00+02:00,0.810195,0.81171,0.8074,0.80775
2008-05-19T11:00:00+02:00,0.80775,0.81697,0.80758,0.813235
2008-05-19T23:00:00+02:00,0.813235,0.814215,0.807095,0.80769
2008-05-20T11:00:00+02:00,0.80769,0.809755,0.801915,0.803225
2008-05-20T23:00:00+02:00,0.803225,0.80578,0.80045,0.80521
2008-05-21T11:00:00+02:00,0.80521,0.806145,0.795595,0.7967
2008-05-21T23:00:00+02:00,0.7967,0.811115,0.795135,0.80698
2008-05-22T11:00:00+02:00,0.80698,0.81284,0.805185,0.806465
2008-05-22T23:00:00+02:00,0.806465,0.811475,0.806185,0.806485
2008-05-23T11:00:00+02:00,0.806485,0.81047,0.803305,0.803745
2008-05-25T23:00:00+02:00,0.804955,0.80747,0.80284,0.80659
2008-05-26T11:00:00+02:00,0.80659,0.80796,0.80568,0.806275
2008-05-26T23:00:00+02:00,0.806275,0.81282,0.805145,0.808035
2008-05-27T11:00:00+02:00,0.808035,0.81779,0.808015,0.816115
2008-05-27T23:00:00+02:00,0.816115,0.817495,0.80832,0.81056
2008-05-28T11:00:00+02:00,0.81056,0.81719,0.81019,0.8158
2008-05-28T23:00:00+02:00,0.8158,0.81899,0.814385,0.81685
2008-05-29T11:00:00+02:00,0.81685,0.819935,0.815,0.81768
2008-05-29T23:00:00+02:00,0.81768,0.82178,0.817235,0.82068
2008-05-30T11:00:00+02:00,0.82068,0.82228,0.815805,0.816165
2008-06-01T23:00:00+02:00,0.81541,0.81844,0.81504,0.8173
2008-06-02T11:00:00+02:00,0.8173,0.819565,0.80978,0.814215
2008-06-02T23:00:00+02:00,0.814215,0.814985,0.808865,0.8099
2008-06-03T11:00:00+02:00,0.8099,0.819385,0.80989,0.814345
2008-06-03T23:00:00+02:00,0.814345,0.81488,0.810915,0.81397
2008-06-04T11:00:00+02:00,0.81397,0.81656,0.811325,0.812745
2008-06-04T23:00:00+02:00,0.812745,0.813285,0.798055,0.80136
2008-06-05T11:00:00+02:00,0.80136,0.80395,0.794055,0.797225
2008-06-05T23:00:00+02:00,0.797225,0.799115,0.794445,0.797005
2008-06-06T11:00:00+02:00,0.797005,0.798195,0.781155,0.782125
2008-06-08T23:00:00+02:00,0.782635,0.785175,0.78057,0.78341
2008-06-09T11:00:00+02:00,0.78341,0.784235,0.77718,0.77967
2008-06-09T23:00:00+02:00,0.77967,0.782585,0.77781,0.78112
2008-06-10T11:00:00+02:00,0.78112,0.785665,0.77853,0.784275
2008-06-10T23:00:00+02:00,0.784275,0.789565,0.783395,0.788055
2008-06-11T11:00:00+02:00,0.788055,0.78863,0.778695,0.77917
2008-06-11T23:00:00+02:00,0.77917,0.7857,0.77796,0.783975
2008-06-12T11:00:00+02:00,0.783975,0.785815,0.780865,0.781025
2008-06-12T23:00:00+02:00,0.781025,0.784775,0.77843,0.78185
2008-06-13T11:00:00+02:00,0.78185,0.787895,0.78103,0.78501
2008-06-15T23:00:00+02:00,0.784805,0.788675,0.784325,0.78619
2008-06-16T11:00:00+02:00,0.78619,0.788295,0.7815,0.787165
2008-06-16T23:00:00+02:00,0.787165,0.788005,0.78456,0.78732
2008-06-17T11:00:00+02:00,0.78732,0.788945,0.78424,0.786735
2008-06-17T23:00:00+02:00,0.786735,0.789425,0.786225,0.789055
2008-06-18T11:00:00+02:00,0.789055,0.789665,0.78534,0.786585
2008-06-18T23:00:00+02:00,0.786585,0.790635,0.78234,0.790115
2008-06-19T11:00:00+02:00,0.790115,0.798075,0.78949,0.79735
2008-06-19T23:00:00+02:00,0.79735,0.79736,0.791995,0.792045
2008-06-20T11:00:00+02:00,0.792045,0.793005,0.78659,0.78839
2008-06-22T23:00:00+02:00,0.78735,0.793575,0.78634,0.792475
2008-06-23T11:00:00+02:00,0.792475,0.793965,0.79084,0.792295
2008-06-23T23:00:00+02:00,0.792295,0.792565,0.78817,0.789435
2008-06-24T11:00:00+02:00,0.789435,0.790415,0.785255,0.789675
2008-06-24T23:00:00+02:00,0.789675,0.790985,0.78698,0.788005
2008-06-25T11:00:00+02:00,0.788005,0.78958,0.783925,0.786755
2008-06-25T23:00:00+02:00,0.786755,0.787025,0.78198,0.78216
2008-06-26T11:00:00+02:00,0.78216,0.78384,0.77218,0.77276
2008-06-26T23:00:00+02:00,0.77276,0.781245,0.771195,0.77366
2008-06-27T11:00:00+02:00,0.77366,0.778435,0.77283,0.77494
2008-06-29T23:00:00+02:00,0.7754,0.7797,0.77511,0.77575
2008-06-30T11:00:00+02:00,0.77575,0.7795,0.77462,0.77814
2008-06-30T23:00:00+02:00,0.77814,0.778435,0.77408,0.77544
2008-07-01T11:00:00+02:00,0.77544,0.77604,0.76828,0.772655
2008-07-01T23:00:00+02:00,0.772655,0.77482,0.77062,0.77297
2008-07-02T11:00:00+02:00,0.77297,0.77525,0.76966,0.77059
2008-07-02T23:00:00+02:00,0.77059,0.7728,0.76981,0.77084
2008-07-03T11:00:00+02:00,0.77084,0.77809,0.767055,0.77652
2008-07-03T23:00:00+02:00,0.77652,0.7774,0.77415,0.77686
2008-07-04T11:00:00+02:00,0.77686,0.77956,0.77595,0.77745
2008-07-06T23:00:00+02:00,0.777695,0.780355,0.77735,0.77837
2008-07-07T11:00:00+02:00,0.77837,0.77877,0.77119,0.77508
2008-07-07T23:00:00+02:00,0.77508,0.77513,0.76835,0.76911
2008-07-08T11:00:00+02:00,0.76911,0.779775,0.76887,0.778955
2008-07-08T23:00:00+02:00,0.778955,0.77935,0.77542,0.77765
2008-07-09T11:00:00+02:00,0.77765,0.786375,0.77689,0.779405
2008-07-09T23:00:00+02:00,0.779405,0.784155,0.77676,0.7797
2008-07-10T11:00:00+02:00,0.7797,0.78336,0.777745,0.78
2008-07-10T23:00:00+02:00,0.78,0.781385,0.77915,0.7801
2008-07-11T11:00:00+02:00,0.7801,0.78041,0.771765,0.773755
2008-07-13T23:00:00+02:00,0.77277,0.779635,0.771185,0.77776
2008-07-14T11:00:00+02:00,0.77776,0.779945,0.7748,0.77651
2008-07-14T23:00:00+02:00,0.77651,0.78025,0.7749,0.77649
2008-07-15T11:00:00+02:00,0.77649,0.78263,0.77387,0.77972
2008-07-15T23:00:00+02:00,0.77972,0.7811,0.77629,0.77748
2008-07-16T11:00:00+02:00,0.77748,0.785745,0.77507,0.784935
2008-07-16T23:00:00+02:00,0.784935,0.785365,0.78133,0.782675
2008-07-17T11:00:00+02:00,0.782675,0.785175,0.77655,0.77801
2008-07-17T23:00:00+02:00,0.77801,0.78038,0.777115,0.779175
2008-07-18T11:00:00+02:00,0.779175,0.78251,0.77774,0.778465
2008-07-20T23:00:00+02:00,0.77906,0.77951,0.77628,0.77759
2008-07-21T11:00:00+02:00,0.77759,0.78009,0.77444,0.775
2008-07-21T23:00:00+02:00,0.775,0.77518,0.77316,0.77461
2008-07-22T11:00:00+02:00,0.77461,0.78448,0.7735,0.782985
2008-07-22T23:00:00+02:00,0.782985,0.787455,0.77628,0.779545
2008-07-23T11:00:00+02:00,0.779545,0.78137,0.7759,0.777735
2008-07-23T23:00:00+02:00,0.777735,0.778215,0.76892,0.770095
2008-07-24T11:00:00+02:00,0.770095,0.77203,0.76741,0.77053
2008-07-24T23:00:00+02:00,0.77053,0.77119,0.76704,0.77002
2008-07-25T11:00:00+02:00,0.77002,0.77239,0.768545,0.768685
2008-07-27T23:00:00+02:00,0.76929,0.7721,0.76886,0.76937
2008-07-28T11:00:00+02:00,0.76937,0.771295,0.76874,0.77038
2008-07-28T23:00:00+02:00,0.77038,0.771255,0.763835,0.766
2008-07-29T11:00:00+02:00,0.766,0.77493,0.76475,0.77474
2008-07-29T23:00:00+02:00,0.77474,0.77489,0.7668,0.768085
2008-07-30T11:00:00+02:00,0.768085,0.77194,0.766495,0.76953
2008-07-30T23:00:00+02:00,0.76953,0.770315,0.765845,0.76798
2008-07-31T11:00:00+02:00,0.76798,0.77093,0.764945,0.76895
2008-07-31T23:00:00+02:00,0.76895,0.769035,0.760065,0.763555
2008-08-01T11:00:00+02:00,0.763555,0.76512,0.76041,0.763375
2008-08-03T23:00:00+02:00,0.764515,0.76508,0.761695,0.764595
2008-08-04T11:00:00+02:00,0.764595,0.76719,0.76402,0.764825
2008-08-04T23:00:00+02:00,0.764825,0.76497,0.760685,0.76099
2008-08-05T11:00:00+02:00,0.76099,0.766405,0.760835,0.7663
2008-08-05T23:00:00+02:00,0.7663,0.766445,0.760495,0.761025
2008-08-06T11:00:00+02:00,0.761025,0.763265,0.759675,0.76064
2008-08-06T23:00:00+02:00,0.76064,0.764125,0.757175,0.75742
2008-08-07T11:00:00+02:00,0.75742,0.760095,0.756935,0.758965
2008-08-07T23:00:00+02:00,0.758965,0.759645,0.74687,0.753565
2008-08-08T11:00:00+02:00,0.753565,0.76308,0.753175,0.762335
2008-08-10T23:00:00+02:00,0.760835,0.762375,0.75517,0.760415
2008-08-11T11:00:00+02:00,0.760415,0.762555,0.757555,0.759555
2008-08-11T23:00:00+02:00,0.759555,0.760165,0.756855,0.75962
2008-08-12T11:00:00+02:00,0.75962,0.76213,0.755855,0.75625
2008-08-12T23:00:00+02:00,0.75625,0.757175,0.740965,0.756815
2008-08-13T11:00:00+02:00,0.756815,0.76595,0.75425,0.763155
2008-08-13T23:00:00+02:00,0.763155,0.765795,0.7573,0.764195
2008-08-14T11:00:00+02:00,0.764195,0.76672,0.762635,0.765055
2008-08-14T23:00:00+02:00,0.765055,0.76885,0.76279,0.7647
2008-08-15T11:00:00+02:00,0.7647,0.77622,0.76386,0.773905
2008-08-17T23:00:00+02:00,0.77437,0.77874,0.770745,0.777635
2008-08-18T11:00:00+02:00,0.777635,0.78617,0.7771,0.77911
2008-08-18T23:00:00+02:00,0.77911,0.78044,0.77447,0.77605
2008-08-19T11:00:00+02:00,0.77605,0.78228,0.77492,0.77878
2008-08-19T23:00:00+02:00,0.77878,0.782045,0.77717,0.78116
2008-08-20T11:00:00+02:00,0.78116,0.784135,0.77896,0.78375
2008-08-20T23:00:00+02:00,0.78375,0.784205,0.77985,0.78116
2008-08-21T11:00:00+02:00,0.78116,0.7838,0.77796,0.782635
2008-08-21T23:00:00+02:00,0.782635,0.783715,0.7783,0.77914
2008-08-22T11:00:00+02:00,0.77914,0.78158,0.77825,0.77861
2008-08-24T23:00:00+02:00,0.77757,0.77999,0.77559,0.77596
2008-08-25T11:00:00+02:00,0.77596,0.77858,0.77118,0.77118
2008-08-25T23:00:00+02:00,0.77118,0.77265,0.759755,0.766115
2008-08-26T11:00:00+02:00,0.766115,0.76804,0.762705,0.76684
2008-08-26T23:00:00+02:00,0.76684,0.77159,0.764195,0.76955
2008-08-27T11:00:00+02:00,0.76955,0.77232,0.765695,0.77017
2008-08-27T23:00:00+02:00,0.77017,0.7731,0.768655,0.77077
2008-08-28T11:00:00+02:00,0.77077,0.77414,0.76645,0.77126
2008-08-28T23:00:00+02:00,0.77126,0.77343,0.76917,0.77295
2008-08-29T11:00:00+02:00,0.77295,0.77456,0.76943,0.771635
2008-08-31T23:00:00+02:00,0.769475,0.769535,0.76494,0.76647
2008-09-01T11:00:00+02:00,0.76647,0.76794,0.76475,0.766565
2008-09-01T23:00:00+02:00,0.766565,0.76718,0.75623,0.758545
2008-09-02T11:00:00+02:00,0.758545,0.76292,0.756985,0.760095
2008-09-02T23:00:00+02:00,0.760095,0.761115,0.748055,0.753735
2008-09-03T11:00:00+02:00,0.753735,0.76497,0.753605,0.75781
2008-09-03T23:00:00+02:00,0.75781,0.75918,0.7522,0.757595
2008-09-04T11:00:00+02:00,0.757595,0.76139,0.744195,0.74625
2008-09-04T23:00:00+02:00,0.74625,0.74671,0.73388,0.742255
2008-09-05T11:00:00+02:00,0.742255,0.74879,0.73538,0.74799
2008-09-07T23:00:00+02:00,0.75819,0.76565,0.756435,0.76373
2008-09-08T11:00:00+02:00,0.76373,0.76424,0.754055,0.759955
2008-09-08T23:00:00+02:00,0.759955,0.760105,0.74923,0.759945
2008-09-09T11:00:00+02:00,0.759945,0.76605,0.751225,0.75301
2008-09-09T23:00:00+02:00,0.75301,0.758005,0.74951,0.754275
2008-09-10T11:00:00+02:00,0.754275,0.759835,0.751595,0.75366
2008-09-10T23:00:00+02:00,0.75366,0.75485,0.73349,0.73513
2008-09-11T11:00:00+02:00,0.73513,0.74685,0.73432,0.746275
2008-09-11T23:00:00+02:00,0.746275,0.750675,0.738465,0.748705
2008-09-12T11:00:00+02:00,0.748705,0.75674,0.74356,0.755095
2008-09-14T23:00:00+02:00,0.744085,0.75151,0.736705,0.736805
2008-09-15T11:00:00+02:00,0.736805,0.743585,0.731435,0.735835
2008-09-15T23:00:00+02:00,0.735835,0.73745,0.71807,0.71999
2008-09-16T11:00:00+02:00,0.71999,0.7455,0.71899,0.741495
2008-09-16T23:00:00+02:00,0.741495,0.74805,0.73593,0.73791
2008-09-17T11:00:00+02:00,0.73791,0.739545,0.72835,0.7292
2008-09-17T23:00:00+02:00,0.7292,0.747065,0.724535,0.742695
2008-09-18T11:00:00+02:00,0.742695,0.74878,0.73357,0.74767
2008-09-18T23:00:00+02:00,0.74767,0.760725,0.74505,0.757645
2008-09-19T11:00:00+02:00,0.757645,0.76586,0.75393,0.76092
2008-09-21T23:00:00+02:00,0.76308,0.764335,0.752195,0.756885
2008-09-22T11:00:00+02:00,0.756885,0.759135,0.739325,0.739875
2008-09-22T23:00:00+02:00,0.739875,0.74717,0.738955,0.74592
2008-09-23T11:00:00+02:00,0.74592,0.74723,0.737475,0.739995
2008-09-23T23:00:00+02:00,0.739995,0.74637,0.73719,0.74596
2008-09-24T11:00:00+02:00,0.74596,0.74902,0.74103,0.745715
2008-09-24T23:00:00+02:00,0.745715,0.74803,0.741885,0.746575
2008-09-25T11:00:00+02:00,0.746575,0.748095,0.741815,0.744045
2008-09-25T23:00:00+02:00,0.744045,0.747025,0.73972,0.74453
2008-09-26T11:00:00+02:00,0.74453,0.748435,0.7419,0.748055
2008-09-28T23:00:00+02:00,0.748755,0.7548,0.7468,0.7492
2008-09-29T11:00:00+02:00,0.7492,0.75007,0.72826,0.73241
2008-09-29T23:00:00+02:00,0.73241,0.74586,0.72457,0.745535
2008-09-30T11:00:00+02:00,0.745535,0.7538,0.74183,0.75155
2008-09-30T23:00:00+02:00,0.75155,0.758595,0.745735,0.755765
2008-10-01T11:00:00+02:00,0.755765,0.761935,0.753425,0.754785
2008-10-01T23:00:00+02:00,0.754785,0.76006,0.75107,0.75656
2008-10-02T11:00:00+02:00,0.75656,0.759225,0.74546,0.74598
2008-10-02T23:00:00+02:00,0.74598,0.75653,0.744085,0.75175
2008-10-03T11:00:00+02:00,0.75175,0.75506,0.744945,0.74721
2008-10-05T23:00:00+02:00,0.74878,0.750105,0.73192,0.741475
2008-10-06T11:00:00+02:00,0.741475,0.741575,0.703535,0.73042
2008-10-06T23:00:00+02:00,0.73042,0.733855,0.705575,0.72015
2008-10-07T11:00:00+02:00,0.72015,0.73044,0.70756,0.71031
2008-10-07T23:00:00+02:00,0.71031,0.716175,0.686765,0.689805
2008-10-08T11:00:00+02:00,0.689805,0.69516,0.655525,0.676805
2008-10-08T23:00:00+02:00,0.676805,0.704415,0.667895,0.699605
2008-10-09T11:00:00+02:00,0.699605,0.70591,0.68008,0.685935
2008-10-09T23:00:00+02:00,0.685935,0.686745,0.660745,0.670755
2008-10-10T11:00:00+02:00,0.670755,0.686455,0.659865,0.676695
2008-10-12T23:00:00+02:00,0.68315,0.69473,0.671975,0.68146
2008-10-13T11:00:00+02:00,0.68146,0.70553,0.67443,0.702935
2008-10-13T23:00:00+02:00,0.702935,0.708675,0.697985,0.707025
2008-10-14T11:00:00+02:00,0.707025,0.71869,0.701055,0.702765
2008-10-14T23:00:00+02:00,0.702765,0.708095,0.696825,0.703725
2008-10-15T11:00:00+02:00,0.703725,0.711425,0.675685,0.678115
2008-10-15T23:00:00+02:00,0.678115,0.702285,0.669785,0.69648
2008-10-16T11:00:00+02:00,0.69648,0.70302,0.68163,0.70212
2008-10-16T23:00:00+02:00,0.70212,0.70676,0.689775,0.69437
2008-10-17T11:00:00+02:00,0.69437,0.703925,0.690305,0.69673
2008-10-19T23:00:00+02:00,0.699215,0.705975,0.68895,0.705075
2008-10-20T11:00:00+02:00,0.705075,0.7206,0.697355,0.716405
2008-10-20T23:00:00+02:00,0.716405,0.717745,0.703865,0.708235
2008-10-21T11:00:00+02:00,0.708235,0.71499,0.69655,0.69656
2008-10-21T23:00:00+02:00,0.69656,0.70594,0.69229,0.69875
2008-10-22T11:00:00+02:00,0.69875,0.700625,0.676375,0.688245
2008-10-22T23:00:00+02:00,0.688245,0.701945,0.68338,0.69071
2008-10-23T11:00:00+02:00,0.69071,0.69637,0.67207,0.689815
2008-10-23T23:00:00+02:00,0.689815,0.69372,0.65073,0.654295
2008-10-24T11:00:00+02:00,0.654295,0.657945,0.6318,0.64921
2008-10-26T22:00:00+01:00,0.65256,0.652995,0.624625,0.626755
2008-10-27T10:00:00+01:00,0.626755,0.633585,0.62062,0.62555
2008-10-27T22:00:00+01:00,0.62555,0.64694,0.62448,0.639115
2008-10-28T10:00:00+01:00,0.639115,0.656585,0.63545,0.654155
2008-10-28T22:00:00+01:00,0.654155,0.66682,0.654155,0.65933
2008-10-29T10:00:00+01:00,0.65933,0.67487,0.65635,0.66207
2008-10-29T22:00:00+01:00,0.66207,0.680565,0.65571,0.666815
2008-10-30T10:00:00+01:00,0.666815,0.68011,0.66232,0.67418
2008-10-30T22:00:00+01:00,0.67418,0.67559,0.661835,0.664525
2008-10-31T10:00:00+01:00,0.664525,0.68272,0.66435,0.674985
2008-11-02T23:00:00+01:00,0.67741,0.68924,0.67542,0.684265
2008-11-03T11:00:00+01:00,0.684265,0.6992,0.674695,0.694905
2008-11-03T23:00:00+01:00,0.694905,0.697575,0.68779,0.694235
2008-11-04T11:00:00+01:00,0.694235,0.712335,0.693095,0.704485
2008-11-04T23:00:00+01:00,0.704485,0.70913,0.6954,0.69605
2008-11-05T11:00:00+01:00,0.69605,0.708345,0.688475,0.689455
2008-11-05T23:00:00+01:00,0.689455,0.70142,0.686575,0.698785
2008-11-06T11:00:00+01:00,0.698785,0.70729,0.69036,0.69077
2008-11-06T23:00:00+01:00,0.69077,0.695845,0.68287,0.690545
2008-11-07T11:00:00+01:00,0.690545,0.70043,0.685595,0.696905
2008-11-09T23:00:00+01:00,0.700935,0.7063,0.69894,0.70193
2008-11-10T11:00:00+01:00,0.70193,0.709105,0.681385,0.683885
2008-11-10T23:00:00+01:00,0.683885,0.695345,0.683365,0.68562
2008-11-11T11:00:00+01:00,0.68562,0.68949,0.67291,0.679435
2008-11-11T23:00:00+01:00,0.679435,0.687315,0.6773,0.68206
2008-11-12T11:00:00+01:00,0.68206,0.68694,0.65444,0.666355
2008-11-12T23:00:00+01:00,0.666355,0.66979,0.658745,0.666645
2008-11-13T11:00:00+01:00,0.666645,0.68222,0.658945,0.67862
2008-11-13T23:00:00+01:00,0.67862,0.683765,0.66513,0.667935
2008-11-14T11:00:00+01:00,0.667935,0.671505,0.65933,0.66197
2008-11-16T23:00:00+01:00,0.65654,0.6702,0.656015,0.66733
2008-11-17T11:00:00+01:00,0.66733,0.67049,0.658315,0.66003
2008-11-17T23:00:00+01:00,0.66003,0.66293,0.656955,0.65878
2008-11-18T11:00:00+01:00,0.65878,0.665745,0.65755,0.665125
2008-11-18T23:00:00+01:00,0.665125,0.665785,0.657365,0.661285
2008-11-19T11:00:00+01:00,0.661285,0.669115,0.6559,0.657455
2008-11-19T23:00:00+01:00,0.657455,0.659255,0.644185,0.65325
2008-11-20T11:00:00+01:00,0.65325,0.66026,0.6346,0.639255
2008-11-20T23:00:00+01:00,0.639255,0.656175,0.635185,0.65069
2008-11-21T11:00:00+01:00,0.65069,0.658895,0.641635,0.65671
2008-11-23T23:00:00+01:00,0.658425,0.658875,0.643985,0.650515
2008-11-24T11:00:00+01:00,0.650515,0.658595,0.648455,0.65543
2008-11-24T23:00:00+01:00,0.65543,0.658615,0.642335,0.646865
2008-11-25T11:00:00+01:00,0.646865,0.66292,0.64126,0.648455
2008-11-25T23:00:00+01:00,0.648455,0.65758,0.645215,0.65562
2008-11-26T11:00:00+01:00,0.65562,0.668815,0.65418,0.66507
2008-11-26T23:00:00+01:00,0.66507,0.66615,0.656155,0.662025
2008-11-27T11:00:00+01:00,0.662025,0.66747,0.658715,0.661375
2008-11-27T23:00:00+01:00,0.661375,0.666575,0.660445,0.664345
2008-11-28T11:00:00+01:00,0.664345,0.66966,0.661885,0.666115
2008-11-30T23:00:00+01:00,0.66263,0.66276,0.646985,0.64834
2008-12-01T11:00:00+01:00,0.64834,0.65005,0.63465,0.63918
2008-12-01T23:00:00+01:00,0.63918,0.64108,0.63266,0.640485
2008-12-02T11:00:00+01:00,0.640485,0.647025,0.63665,0.641535
2008-12-02T23:00:00+01:00,0.641535,0.644365,0.63599,0.63895
2008-12-03T11:00:00+01:00,0.63895,0.648725,0.637505,0.643945
2008-12-03T23:00:00+01:00,0.643945,0.651215,0.63968,0.65091
2008-12-04T11:00:00+01:00,0.65091,0.65272,0.63001,0.636865
2008-12-04T23:00:00+01:00,0.636865,0.64142,0.635095,0.63935
2008-12-05T11:00:00+01:00,0.63935,0.65541,0.63315,0.650635
2008-12-07T23:00:00+01:00,0.654935,0.662205,0.64816,0.65804
2008-12-08T11:00:00+01:00,0.65804,0.661145,0.64949,0.658545
2008-12-08T23:00:00+01:00,0.658545,0.659605,0.650185,0.65347
2008-12-09T11:00:00+01:00,0.65347,0.659685,0.648665,0.65365
2008-12-09T23:00:00+01:00,0.65365,0.661595,0.65143,0.65637
2008-12-10T11:00:00+01:00,0.65637,0.65961,0.645885,0.65188
2008-12-10T23:00:00+01:00,0.65188,0.655065,0.64988,0.653625
2008-12-11T11:00:00+01:00,0.653625,0.66118,0.65066,0.65324
2008-12-11T23:00:00+01:00,0.65324,0.656435,0.64131,0.643795
2008-12-12T11:00:00+01:00,0.643795,0.64657,0.63934,0.6445
2008-12-14T23:00:00+01:00,0.64411,0.64942,0.637025,0.64833
2008-12-15T11:00:00+01:00,0.64833,0.6498,0.638975,0.64286
2008-12-15T23:00:00+01:00,0.64286,0.64765,0.640125,0.646445
2008-12-16T11:00:00+01:00,0.646445,0.65392,0.642795,0.65057
2008-12-16T23:00:00+01:00,0.65057,0.657135,0.646325,0.649015
2008-12-17T11:00:00+01:00,0.649015,0.649535,0.63382,0.63518
2008-12-17T23:00:00+01:00,0.63518,0.643945,0.62941,0.631405
2008-12-18T11:00:00+01:00,0.631405,0.64399,0.62663,0.63214
2008-12-18T23:00:00+01:00,0.63214,0.638435,0.622965,0.636415
2008-12-19T11:00:00+01:00,0.636415,0.642725,0.63117,0.634295
2008-12-21T23:00:00+01:00,0.634355,0.63796,0.628845,0.629125
2008-12-22T11:00:00+01:00,0.629125,0.63445,0.62459,0.62558
2008-12-22T23:00:00+01:00,0.62558,0.62913,0.621745,0.623025
2008-12-23T11:00:00+01:00,0.623025,0.623875,0.61418,0.61782
2008-12-23T23:00:00+01:00,0.61782,0.626435,0.61549,0.619545
2008-12-24T11:00:00+01:00,0.619545,0.623295,0.61567,0.617515
2008-12-24T23:00:00+01:00,0.617515,0.62012,0.61273,0.61901
2008-12-25T23:00:00+01:00,0.61901,0.621355,0.61716,0.619235
2008-12-26T11:00:00+01:00,0.619235,0.62133,0.612275,0.616295
2008-12-28T23:00:00+01:00,0.61772,0.61772,0.60922,0.61367
2008-12-29T11:00:00+01:00,0.61367,0.615155,0.603665,0.61167
2008-12-29T23:00:00+01:00,0.61167,0.616025,0.609305,0.610565
2008-12-30T11:00:00+01:00,0.610565,0.61407,0.606305,0.61284
2008-12-30T23:00:00+01:00,0.61284,0.615045,0.60865,0.61261
2008-12-31T11:00:00+01:00,0.61261,0.63085,0.611075,0.61909
2008-12-31T23:00:00+01:00,0.61909,0.62042,0.619085,0.62042
2009-01-01T11:00:00+01:00,0.62042,0.62091,0.616425,0.616635
2009-01-01T23:00:00+01:00,0.616635,0.62351,0.614125,0.618855
2009-01-02T11:00:00+01:00,0.618855,0.635585,0.615885,0.63275
2009-01-04T23:00:00+01:00,0.635095,0.646165,0.62694,0.642535
2009-01-05T11:00:00+01:00,0.642535,0.65643,0.63961,0.654825
2009-01-05T23:00:00+01:00,0.654825,0.65593,0.64943,0.65424
2009-01-06T11:00:00+01:00,0.65424,0.67057,0.65389,0.666695
2009-01-06T23:00:00+01:00,0.666695,0.66927,0.65609,0.658705
2009-01-07T11:00:00+01:00,0.658705,0.661015,0.64955,0.651435
2009-01-07T23:00:00+01:00,0.651435,0.65237,0.640705,0.647855
2009-01-08T11:00:00+01:00,0.647855,0.652635,0.643995,0.651575
2009-01-08T23:00:00+01:00,0.651575,0.65229,0.643885,0.644995
2009-01-09T11:00:00+01:00,0.644995,0.663185,0.643795,0.660105
2009-01-11T23:00:00+01:00,0.655445,0.65776,0.65291,0.65369
2009-01-12T11:00:00+01:00,0.65369,0.654035,0.639465,0.64167
2009-01-12T23:00:00+01:00,0.64167,0.64179,0.618825,0.620285
2009-01-13T11:00:00+01:00,0.620285,0.62413,0.6114,0.61915
2009-01-13T23:00:00+01:00,0.61915,0.623565,0.61237,0.61259
2009-01-14T11:00:00+01:00,0.61259,0.61585,0.602445,0.605385
2009-01-14T23:00:00+01:00,0.605385,0.6084,0.594015,0.59757
2009-01-15T11:00:00+01:00,0.59757,0.606885,0.593085,0.60439
2009-01-15T23:00:00+01:00,0.60439,0.61493,0.604315,0.61235
2009-01-16T11:00:00+01:00,0.61235,0.620235,0.601795,0.611815
2009-01-18T23:00:00+01:00,0.613475,0.61936,0.612275,0.61643
2009-01-19T11:00:00+01:00,0.61643,0.618175,0.608195,0.60868
2009-01-19T23:00:00+01:00,0.60868,0.61251,0.603165,0.61013
2009-01-20T11:00:00+01:00,0.61013,0.61152,0.5951,0.5984
2009-01-20T23:00:00+01:00,0.5984,0.605975,0.593865,0.594485
2009-01-21T11:00:00+01:00,0.594485,0.617495,0.592035,0.61308
2009-01-21T23:00:00+01:00,0.61308,0.617425,0.604915,0.61562
2009-01-22T11:00:00+01:00,0.61562,0.615965,0.60381,0.60691
2009-01-22T23:00:00+01:00,0.60691,0.61311,0.60474,0.605405
2009-01-23T11:00:00+01:00,0.605405,0.619415,0.60296,0.609955
2009-01-25T23:00:00+01:00,0.612035,0.615895,0.606045,0.607045
2009-01-26T11:00:00+01:00,0.607045,0.6136,0.59633,0.59888
2009-01-26T23:00:00+01:00,0.59888,0.605665,0.597135,0.6027
2009-01-27T11:00:00+01:00,0.6027,0.605475,0.59955,0.60396
2009-01-27T23:00:00+01:00,0.60396,0.605575,0.598285,0.60276
2009-01-28T11:00:00+01:00,0.60276,0.617215,0.5984,0.603875
2009-01-28T23:00:00+01:00,0.603875,0.605935,0.592725,0.59485
2009-01-29T11:00:00+01:00,0.59485,0.599815,0.589555,0.592765
2009-01-29T23:00:00+01:00,0.592765,0.59464,0.585945,0.591225
2009-01-30T11:00:00+01:00,0.591225,0.59396,0.586195,0.59042
2009-02-01T23:00:00+01:00,0.59131,0.59224,0.57962,0.580625
2009-02-02T11:00:00+01:00,0.580625,0.588075,0.578765,0.58513
2009-02-02T23:00:00+01:00,0.58513,0.593085,0.582865,0.58553
2009-02-03T11:00:00+01:00,0.58553,0.58905,0.57967,0.586895
2009-02-03T23:00:00+01:00,0.586895,0.588625,0.57718,0.585795
2009-02-04T11:00:00+01:00,0.585795,0.59511,0.58173,0.587985
2009-02-04T23:00:00+01:00,0.587985,0.594945,0.586735,0.594715
2009-02-05T11:00:00+01:00,0.594715,0.60732,0.593785,0.605165
2009-02-05T23:00:00+01:00,0.605165,0.61012,0.59968,0.60916
2009-02-06T11:00:00+01:00,0.60916,0.624285,0.60694,0.61753
2009-02-08T23:00:00+01:00,0.61567,0.620345,0.609115,0.61823
2009-02-09T11:00:00+01:00,0.61823,0.63082,0.617735,0.626965
2009-02-09T23:00:00+01:00,0.626965,0.62949,0.618675,0.619775
2009-02-10T11:00:00+01:00,0.619775,0.624245,0.600205,0.605215
2009-02-10T23:00:00+01:00,0.605215,0.60944,0.601385,0.60533
2009-02-11T11:00:00+01:00,0.60533,0.61169,0.603805,0.60894
2009-02-11T23:00:00+01:00,0.60894,0.61485,0.601875,0.602545
2009-02-12T11:00:00+01:00,0.602545,0.6093,0.59925,0.604385
2009-02-12T23:00:00+01:00,0.604385,0.61423,0.604385,0.61277
2009-02-13T11:00:00+01:00,0.61277,0.614835,0.606625,0.606855
2009-02-15T23:00:00+01:00,0.60684,0.60877,0.603915,0.605725
2009-02-16T11:00:00+01:00,0.605725,0.60793,0.59912,0.60003
2009-02-16T23:00:00+01:00,0.60003,0.605085,0.59471,0.59778
2009-02-17T11:00:00+01:00,0.59778,0.602625,0.592545,0.593325
2009-02-17T23:00:00+01:00,0.593325,0.601085,0.592145,0.59869
2009-02-18T11:00:00+01:00,0.59869,0.60502,0.597505,0.59972
2009-02-18T23:00:00+01:00,0.59972,0.607215,0.599625,0.60568
2009-02-19T11:00:00+01:00,0.60568,0.60907,0.596635,0.596725
2009-02-19T23:00:00+01:00,0.596725,0.59922,0.59167,0.59886
2009-02-20T11:00:00+01:00,0.59886,0.602095,0.587845,0.59177
2009-02-22T23:00:00+01:00,0.59069,0.59743,0.586655,0.595905
2009-02-23T11:00:00+01:00,0.595905,0.59968,0.591825,0.593145
2009-02-23T23:00:00+01:00,0.593145,0.59975,0.591,0.59137
2009-02-24T11:00:00+01:00,0.59137,0.599255,0.58995,0.596085
2009-02-24T23:00:00+01:00,0.596085,0.602005,0.59375,0.59899
2009-02-25T11:00:00+01:00,0.59899,0.600075,0.59376,0.596045
2009-02-25T23:00:00+01:00,0.596045,0.598985,0.593765,0.59434
2009-02-26T11:00:00+01:00,0.59434,0.597745,0.5915,0.5919
2009-02-26T23:00:00+01:00,0.5919,0.593315,0.588675,0.59019
2009-02-27T11:00:00+01:00,0.59019,0.59131,0.582355,0.586085
2009-03-01T23:00:00+01:00,0.585355,0.585985,0.576745,0.581475
2009-03-02T11:00:00+01:00,0.581475,0.582775,0.576925,0.57937
2009-03-02T23:00:00+01:00,0.57937,0.5888,0.57856,0.583555
2009-03-03T11:00:00+01:00,0.583555,0.5871,0.581015,0.581755
2009-03-03T23:00:00+01:00,0.581755,0.5911,0.5774,0.589355
2009-03-04T11:00:00+01:00,0.589355,0.59623,0.5879,0.590405
2009-03-04T23:00:00+01:00,0.590405,0.591355,0.58791,0.59002
2009-03-05T11:00:00+01:00,0.59002,0.593165,0.58121,0.58383
2009-03-05T23:00:00+01:00,0.58383,0.586735,0.577515,0.57969
2009-03-06T11:00:00+01:00,0.57969,0.5869,0.57837,0.58193
2009-03-08T22:00:00+01:00,0.58267,0.58566,0.579905,0.580645
2009-03-09T10:00:00+01:00,0.580645,0.581195,0.57022,0.570975
2009-03-09T22:00:00+01:00,0.570975,0.575925,0.570085,0.57476
2009-03-10T10:00:00+01:00,0.57476,0.584905,0.57284,0.584095
2009-03-10T22:00:00+01:00,0.584095,0.58701,0.580345,0.58306
2009-03-11T10:00:00+01:00,0.58306,0.592365,0.582475,0.592045
2009-03-11T22:00:00+01:00,0.592045,0.593155,0.58719,0.58834
2009-03-12T10:00:00+01:00,0.58834,0.62018,0.58791,0.616645
2009-03-12T22:00:00+01:00,0.616645,0.624335,0.615845,0.62408
2009-03-13T10:00:00+01:00,0.62408,0.62662,0.618775,0.62228
2009-03-15T22:00:00+01:00,0.62137,0.62796,0.619825,0.625345
2009-03-16T10:00:00+01:00,0.625345,0.63255,0.62441,0.62793
2009-03-16T22:00:00+01:00,0.62793,0.63141,0.626465,0.62649
2009-03-17T10:00:00+01:00,0.62649,0.62951,0.623915,0.62717
2009-03-17T22:00:00+01:00,0.62717,0.62754,0.621545,0.622095
2009-03-18T10:00:00+01:00,0.622095,0.62424,0.610125,0.621495
2009-03-18T22:00:00+01:00,0.621495,0.623425,0.617405,0.620215
2009-03-19T10:00:00+01:00,0.620215,0.629125,0.61895,0.621845
2009-03-19T22:00:00+01:00,0.621845,0.629615,0.621435,0.62899
2009-03-20T10:00:00+01:00,0.62899,0.633915,0.625455,0.629905
2009-03-22T22:00:00+01:00,0.62942,0.636,0.628685,0.63525
2009-03-23T10:00:00+01:00,0.63525,0.644545,0.63502,0.643045
2009-03-23T22:00:00+01:00,0.643045,0.645325,0.636455,0.640485
2009-03-24T10:00:00+01:00,0.640485,0.641945,0.63441,0.63714
2009-03-24T22:00:00+01:00,0.63714,0.63794,0.628535,0.63145
2009-03-25T10:00:00+01:00,0.63145,0.641635,0.62843,0.634765
2009-03-25T22:00:00+01:00,0.634765,0.65008,0.63399,0.64954
2009-03-26T10:00:00+01:00,0.64954,0.653315,0.64711,0.64841
2009-03-26T22:00:00+01:00,0.64841,0.652195,0.644495,0.64701
2009-03-27T10:00:00+01:00,0.64701,0.65532,0.646195,0.65204
2009-03-29T23:00:00+02:00,0.652355,0.65447,0.641775,0.644185
2009-03-30T11:00:00+02:00,0.644185,0.649155,0.644045,0.64709
2009-03-30T23:00:00+02:00,0.64709,0.65275,0.643495,0.65039
2009-03-31T11:00:00+02:00,0.65039,0.65261,0.63592,0.637455
2009-03-31T23:00:00+02:00,0.637455,0.640795,0.63325,0.637465
2009-04-01T11:00:00+02:00,0.637465,0.652365,0.63599,0.65034
2009-04-01T23:00:00+02:00,0.65034,0.65757,0.645635,0.655625
2009-04-02T11:00:00+02:00,0.655625,0.66133,0.65164,0.655005
2009-04-02T23:00:00+02:00,0.655005,0.668905,0.654625,0.665685
2009-04-03T11:00:00+02:00,0.665685,0.668115,0.65494,0.66269
2009-04-05T23:00:00+02:00,0.66295,0.6733,0.66261,0.671015
2009-04-06T11:00:00+02:00,0.671015,0.672755,0.66263,0.668495
2009-04-06T23:00:00+02:00,0.668495,0.668595,0.65683,0.65807
2009-04-07T11:00:00+02:00,0.65807,0.66427,0.655245,0.657955
2009-04-07T23:00:00+02:00,0.657955,0.65938,0.654415,0.65857
2009-04-08T11:00:00+02:00,0.65857,0.66516,0.6579,0.66486
2009-04-08T23:00:00+02:00,0.66486,0.670825,0.66284,0.665135
2009-04-09T11:00:00+02:00,0.665135,0.67522,0.66259,0.67431
2009-04-09T23:00:00+02:00,0.67431,0.677435,0.67326,0.675115
2009-04-10T11:00:00+02:00,0.675115,0.676195,0.67265,0.67325
2009-04-12T23:00:00+02:00,0.678405,0.67887,0.67449,0.67478
2009-04-13T11:00:00+02:00,0.67478,0.6756,0.665585,0.671405
2009-04-13T23:00:00+02:00,0.671405,0.672105,0.667885,0.671625
2009-04-14T11:00:00+02:00,0.671625,0.674875,0.66187,0.66405
2009-04-14T23:00:00+02:00,0.66405,0.66421,0.65633,0.66346
2009-04-15T11:00:00+02:00,0.66346,0.665735,0.65719,0.66429
2009-04-15T23:00:00+02:00,0.66429,0.665515,0.651605,0.654655
2009-04-16T11:00:00+02:00,0.654655,0.6608,0.651465,0.656835
2009-04-16T23:00:00+02:00,0.656835,0.66561,0.655635,0.6655
2009-04-17T11:00:00+02:00,0.6655,0.66679,0.659285,0.66171
2009-04-19T23:00:00+02:00,0.66251,0.667,0.657415,0.65765
2009-04-20T11:00:00+02:00,0.65765,0.65895,0.641685,0.64566
2009-04-20T23:00:00+02:00,0.64566,0.6542,0.644735,0.65186
2009-04-21T11:00:00+02:00,0.65186,0.65994,0.645995,0.65845
2009-04-21T23:00:00+02:00,0.65845,0.6586,0.646855,0.64721
2009-04-22T11:00:00+02:00,0.64721,0.65151,0.644905,0.646175
2009-04-22T23:00:00+02:00,0.646175,0.652375,0.643955,0.650535
2009-04-23T11:00:00+02:00,0.650535,0.651815,0.643855,0.64639
2009-04-23T23:00:00+02:00,0.64639,0.65043,0.643835,0.645865
2009-04-24T11:00:00+02:00,0.645865,0.65462,0.644845,0.652035
2009-04-26T23:00:00+02:00,0.64863,0.64994,0.64088,0.649295
2009-04-27T11:00:00+02:00,0.649295,0.657795,0.647215,0.65377
2009-04-27T23:00:00+02:00,0.65377,0.6539,0.63936,0.643295
2009-04-28T11:00:00+02:00,0.643295,0.648005,0.638215,0.638485
2009-04-28T23:00:00+02:00,0.638485,0.649085,0.6369,0.647645
2009-04-29T11:00:00+02:00,0.647645,0.65531,0.646375,0.65117
2009-04-29T23:00:00+02:00,0.65117,0.651375,0.63909,0.64691
2009-04-30T11:00:00+02:00,0.64691,0.650535,0.642605,0.644695
2009-04-30T23:00:00+02:00,0.644695,0.64878,0.641285,0.64791
2009-05-01T11:00:00+02:00,0.64791,0.651665,0.643505,0.646715
2009-05-03T23:00:00+02:00,0.649425,0.65394,0.64922,0.651625
2009-05-04T11:00:00+02:00,0.651625,0.65527,0.645535,0.64898
2009-05-04T23:00:00+02:00,0.64898,0.65717,0.64669,0.65593
2009-05-05T11:00:00+02:00,0.65593,0.6614,0.65519,0.657185
2009-05-05T23:00:00+02:00,0.657185,0.66109,0.654845,0.66029
2009-05-06T11:00:00+02:00,0.66029,0.663425,0.65682,0.66034
2009-05-06T23:00:00+02:00,0.66034,0.67827,0.659975,0.676955
2009-05-07T11:00:00+02:00,0.676955,0.68188,0.6663,0.668235
2009-05-07T23:00:00+02:00,0.668235,0.673245,0.668175,0.670835
2009-05-08T11:00:00+02:00,0.670835,0.673325,0.66508,0.667635
2009-05-10T23:00:00+02:00,0.666455,0.677725,0.66577,0.671455
2009-05-11T11:00:00+02:00,0.671455,0.672575,0.66528,0.665825
2009-05-11T23:00:00+02:00,0.665825,0.670845,0.66196,0.669175
2009-05-12T11:00:00+02:00,0.669175,0.67305,0.66521,0.66998
2009-05-12T23:00:00+02:00,0.66998,0.671565,0.66489,0.666025
2009-05-13T11:00:00+02:00,0.666025,0.66656,0.652205,0.655185
2009-05-13T23:00:00+02:00,0.655185,0.65939,0.65327,0.65771
2009-05-14T11:00:00+02:00,0.65771,0.660825,0.650925,0.659085
2009-05-14T23:00:00+02:00,0.659085,0.659675,0.652155,0.653645
2009-05-15T11:00:00+02:00,0.653645,0.658545,0.650495,0.65618
2009-05-17T23:00:00+02:00,0.657385,0.66148,0.655775,0.66115
2009-05-18T11:00:00+02:00,0.66115,0.664575,0.65923,0.663145
2009-05-18T23:00:00+02:00,0.663145,0.671915,0.660795,0.671385
2009-05-19T11:00:00+02:00,0.671385,0.67425,0.66646,0.66748
2009-05-19T23:00:00+02:00,0.66748,0.669455,0.66487,0.66898
2009-05-20T11:00:00+02:00,0.66898,0.672725,0.66497,0.666615
2009-05-20T23:00:00+02:00,0.666615,0.671635,0.66276,0.66286
2009-05-21T11:00:00+02:00,0.66286,0.670005,0.66207,0.668145
2009-05-21T23:00:00+02:00,0.668145,0.67379,0.667685,0.67129
2009-05-22T11:00:00+02:00,0.67129,0.67781,0.670785,0.6732
2009-05-24T23:00:00+02:00,0.667355,0.673535,0.66583,0.671475
2009-05-25T11:00:00+02:00,0.671475,0.672785,0.669865,0.671895
2009-05-25T23:00:00+02:00,0.671895,0.673045,0.669205,0.67024
2009-05-26T11:00:00+02:00,0.67024,0.679035,0.664635,0.677215
2009-05-26T23:00:00+02:00,0.677215,0.677455,0.671095,0.672175
2009-05-27T11:00:00+02:00,0.672175,0.677825,0.66952,0.67166
2009-05-27T23:00:00+02:00,0.67166,0.67833,0.668335,0.67681
2009-05-28T11:00:00+02:00,0.67681,0.681535,0.673975,0.67602
2009-05-28T23:00:00+02:00,0.67602,0.685135,0.674515,0.683165
2009-05-29T11:00:00+02:00,0.683165,0.685365,0.67947,0.68286
2009-05-31T23:00:00+02:00,0.68427,0.69179,0.6807,0.69114
2009-06-01T11:00:00+02:00,0.69114,0.70055,0.69011,0.695595
2009-06-01T23:00:00+02:00,0.695595,0.695825,0.691465,0.69205
2009-06-02T11:00:00+02:00,0.69205,0.69971,0.69198,0.697045
2009-06-02T23:00:00+02:00,0.697045,0.69717,0.68918,0.69252
2009-06-03T11:00:00+02:00,0.69252,0.69402,0.671545,0.67898
2009-06-03T23:00:00+02:00,0.67898,0.68148,0.672165,0.678725
2009-06-04T11:00:00+02:00,0.678725,0.68043,0.66919,0.678095
2009-06-04T23:00:00+02:00,0.678095,0.684395,0.67442,0.683025
2009-06-05T11:00:00+02:00,0.683025,0.68821,0.679215,0.679895
2009-06-07T23:00:00+02:00,0.68089,0.68228,0.67622,0.678065
2009-06-08T11:00:00+02:00,0.678065,0.680235,0.67298,0.67722
2009-06-08T23:00:00+02:00,0.67722,0.680155,0.67491,0.677365
2009-06-09T11:00:00+02:00,0.677365,0.679305,0.675245,0.676315
2009-06-09T23:00:00+02:00,0.676315,0.68379,0.67468,0.68191
2009-06-10T11:00:00+02:00,0.68191,0.68266,0.67585,0.676265
2009-06-10T23:00:00+02:00,0.676265,0.69245,0.676265,0.69198
2009-06-11T11:00:00+02:00,0.69198,0.69476,0.68763,0.688235
2009-06-11T23:00:00+02:00,0.688235,0.691565,0.68672,0.68897
2009-06-12T11:00:00+02:00,0.68897,0.69539,0.687115,0.69387
2009-06-14T23:00:00+02:00,0.690005,0.692845,0.688265,0.69127
2009-06-15T11:00:00+02:00,0.69127,0.69171,0.68715,0.68879
2009-06-15T23:00:00+02:00,0.68879,0.68999,0.68229,0.688505
2009-06-16T11:00:00+02:00,0.688505,0.693,0.684965,0.685795
2009-06-16T23:00:00+02:00,0.685795,0.688345,0.68167,0.685605
2009-06-17T11:00:00+02:00,0.685605,0.68826,0.679195,0.684235
2009-06-17T23:00:00+02:00,0.684235,0.689755,0.68101,0.683815
2009-06-18T11:00:00+02:00,0.683815,0.698335,0.68278,0.69293
2009-06-18T23:00:00+02:00,0.69293,0.69627,0.69061,0.695735
2009-06-19T11:00:00+02:00,0.695735,0.698495,0.69283,0.694835
2009-06-21T23:00:00+02:00,0.69491,0.695095,0.69073,0.69179
2009-06-22T11:00:00+02:00,0.69179,0.69215,0.683125,0.683575
2009-06-22T23:00:00+02:00,0.683575,0.685915,0.6798,0.682795
2009-06-23T11:00:00+02:00,0.682795,0.684845,0.678275,0.68244
2009-06-23T23:00:00+02:00,0.68244,0.688475,0.680005,0.686755
2009-06-24T11:00:00+02:00,0.686755,0.709735,0.68482,0.702525
2009-06-24T23:00:00+02:00,0.702525,0.70378,0.69817,0.698875
2009-06-25T11:00:00+02:00,0.698875,0.70683,0.69738,0.70608
2009-06-25T23:00:00+02:00,0.70608,0.70794,0.70021,0.70053
2009-06-26T11:00:00+02:00,0.70053,0.702535,0.697435,0.69956
2009-06-28T23:00:00+02:00,0.69902,0.70383,0.697075,0.70319
2009-06-29T11:00:00+02:00,0.70319,0.7065,0.70131,0.70467
2009-06-29T23:00:00+02:00,0.70467,0.707555,0.703405,0.70549
2009-06-30T11:00:00+02:00,0.70549,0.70638,0.699875,0.70152
2009-06-30T23:00:00+02:00,0.70152,0.702355,0.697395,0.69904
2009-07-01T11:00:00+02:00,0.69904,0.699135,0.68651,0.687425
2009-07-01T23:00:00+02:00,0.687425,0.689845,0.685365,0.687955
2009-07-02T11:00:00+02:00,0.687955,0.689425,0.68114,0.681375
2009-07-02T23:00:00+02:00,0.681375,0.688135,0.681185,0.688035
2009-07-03T11:00:00+02:00,0.688035,0.690235,0.683465,0.684345
2009-07-05T23:00:00+02:00,0.68341,0.685065,0.68025,0.684425
2009-07-06T11:00:00+02:00,0.684425,0.691805,0.68342,0.69042
2009-07-06T23:00:00+02:00,0.69042,0.691995,0.688685,0.691905
2009-07-07T11:00:00+02:00,0.691905,0.692345,0.684485,0.684755
2009-07-07T23:00:00+02:00,0.684755,0.686695,0.682265,0.684155
2009-07-08T11:00:00+02:00,0.684155,0.687575,0.677525,0.682465
2009-07-08T23:00:00+02:00,0.682465,0.686745,0.68098,0.686285
2009-07-09T11:00:00+02:00,0.686285,0.687355,0.677645,0.679385
2009-07-09T23:00:00+02:00,0.679385,0.6838,0.679135,0.682225
2009-07-10T11:00:00+02:00,0.682225,0.68479,0.678675,0.68179
2009-07-12T23:00:00+02:00,0.681715,0.68313,0.6745,0.674715
2009-07-13T11:00:00+02:00,0.674715,0.68562,0.67218,0.684835
2009-07-13T23:00:00+02:00,0.684835,0.687285,0.684595,0.686265
2009-07-14T11:00:00+02:00,0.686265,0.697135,0.685595,0.695725
2009-07-14T23:00:00+02:00,0.695725,0.698655,0.692055,0.694225
2009-07-15T11:00:00+02:00,0.694225,0.70116,0.690875,0.697005
2009-07-15T23:00:00+02:00,0.697005,0.69898,0.68829,0.691385
2009-07-16T11:00:00+02:00,0.691385,0.697125,0.691245,0.69599
2009-07-16T23:00:00+02:00,0.69599,0.696415,0.69155,0.695145
2009-07-17T11:00:00+02:00,0.695145,0.69801,0.691385,0.69419
2009-07-19T23:00:00+02:00,0.69348,0.699855,0.6933,0.698055
2009-07-20T11:00:00+02:00,0.698055,0.70292,0.697875,0.70217
2009-07-20T23:00:00+02:00,0.70217,0.70353,0.697905,0.699035
2009-07-21T11:00:00+02:00,0.699035,0.70329,0.694695,0.701045
2009-07-21T23:00:00+02:00,0.701045,0.701915,0.69827,0.700055
2009-07-22T11:00:00+02:00,0.700055,0.705695,0.698,0.701755
2009-07-22T23:00:00+02:00,0.701755,0.70587,0.701615,0.70526
2009-07-23T11:00:00+02:00,0.70526,0.70714,0.700955,0.70281
2009-07-23T23:00:00+02:00,0.70281,0.70546,0.701865,0.704305
2009-07-24T11:00:00+02:00,0.704305,0.70459,0.70106,0.7031
2009-07-26T23:00:00+02:00,0.703345,0.70442,0.70062,0.7034
2009-07-27T11:00:00+02:00,0.7034,0.70548,0.700045,0.703335
2009-07-27T23:00:00+02:00,0.703335,0.7075,0.700595,0.70612
2009-07-28T11:00:00+02:00,0.70612,0.71018,0.70524,0.70747
2009-07-28T23:00:00+02:00,0.70747,0.708595,0.70436,0.7066
2009-07-29T11:00:00+02:00,0.7066,0.715335,0.70629,0.714605
2009-07-29T23:00:00+02:00,0.714605,0.714855,0.70463,0.71088
2009-07-30T11:00:00+02:00,0.71088,0.713505,0.708005,0.709305
2009-07-30T23:00:00+02:00,0.709305,0.71357,0.708615,0.712165
2009-07-31T11:00:00+02:00,0.712165,0.712895,0.70123,0.707005
2009-08-02T23:00:00+02:00,0.70505,0.71328,0.70411,0.71126
2009-08-03T11:00:00+02:00,0.71126,0.71288,0.705025,0.707925
2009-08-03T23:00:00+02:00,0.707925,0.711385,0.70556,0.70712
2009-08-04T11:00:00+02:00,0.70712,0.7152,0.705475,0.71438
2009-08-04T23:00:00+02:00,0.71438,0.715765,0.71213,0.715665
2009-08-05T11:00:00+02:00,0.715665,0.717805,0.71339,0.714505
2009-08-05T23:00:00+02:00,0.714505,0.715635,0.711145,0.712895
2009-08-06T11:00:00+02:00,0.712895,0.71659,0.71105,0.714655
2009-08-06T23:00:00+02:00,0.714655,0.717065,0.712905,0.714415
2009-08-07T11:00:00+02:00,0.714415,0.728775,0.703175,0.72755
2009-08-09T23:00:00+02:00,0.72406,0.730285,0.723645,0.72973
2009-08-10T11:00:00+02:00,0.72973,0.734975,0.728965,0.73449
2009-08-10T23:00:00+02:00,0.73449,0.73498,0.73046,0.731485
2009-08-11T11:00:00+02:00,0.731485,0.731795,0.721425,0.721805
2009-08-11T23:00:00+02:00,0.721805,0.723825,0.714885,0.718775
2009-08-12T11:00:00+02:00,0.718775,0.728325,0.71559,0.72434
2009-08-12T23:00:00+02:00,0.72434,0.726935,0.72108,0.725535
2009-08-13T11:00:00+02:00,0.725535,0.731235,0.724645,0.726385
2009-08-13T23:00:00+02:00,0.726385,0.730765,0.724845,0.7294
2009-08-14T11:00:00+02:00,0.7294,0.735845,0.724535,0.726895
2009-08-16T23:00:00+02:00,0.724925,0.72639,0.71833,0.7188
2009-08-17T11:00:00+02:00,0.7188,0.723245,0.717445,0.71967
2009-08-17T23:00:00+02:00,0.71967,0.724285,0.719135,0.722955
2009-08-18T11:00:00+02:00,0.722955,0.727555,0.720785,0.725865
2009-08-18T23:00:00+02:00,0.725865,0.7274,0.720105,0.721435
2009-08-19T11:00:00+02:00,0.721435,0.722155,0.715285,0.71863
2009-08-19T23:00:00+02:00,0.71863,0.72252,0.717815,0.720605
2009-08-20T11:00:00+02:00,0.720605,0.72089,0.717845,0.719805
2009-08-20T23:00:00+02:00,0.719805,0.72081,0.71491,0.716125
2009-08-21T11:00:00+02:00,0.716125,0.726305,0.715845,0.722195
2009-08-23T23:00:00+02:00,0.72302,0.727215,0.72273,0.727215
2009-08-24T11:00:00+02:00,0.727215,0.73049,0.725595,0.727155
2009-08-24T23:00:00+02:00,0.727155,0.729245,0.72606,0.728065
2009-08-25T11:00:00+02:00,0.728065,0.729975,0.725085,0.72638
2009-08-25T23:00:00+02:00,0.72638,0.73077,0.7255,0.72898
2009-08-26T11:00:00+02:00,0.72898,0.729685,0.725475,0.727725
2009-08-26T23:00:00+02:00,0.727725,0.728535,0.72419,0.726555
2009-08-27T11:00:00+02:00,0.726555,0.730965,0.72501,0.728295
2009-08-27T23:00:00+02:00,0.728295,0.7294,0.7258,0.726575
2009-08-28T11:00:00+02:00,0.726575,0.72714,0.723705,0.724805
2009-08-30T23:00:00+02:00,0.724645,0.72615,0.722385,0.724705
2009-08-31T11:00:00+02:00,0.724705,0.72737,0.72082,0.72565
2009-08-31T23:00:00+02:00,0.72565,0.72837,0.722895,0.723255
2009-09-01T11:00:00+02:00,0.723255,0.725315,0.7175,0.71944
2009-09-01T23:00:00+02:00,0.71944,0.722075,0.718095,0.719265
2009-09-02T11:00:00+02:00,0.719265,0.720755,0.71298,0.71391
2009-09-02T23:00:00+02:00,0.71391,0.719765,0.71307,0.719075
2009-09-03T11:00:00+02:00,0.719075,0.721275,0.71661,0.720045
2009-09-03T23:00:00+02:00,0.720045,0.726585,0.71919,0.72553
2009-09-04T11:00:00+02:00,0.72553,0.731105,0.72479,0.72905
2009-09-06T23:00:00+02:00,0.73019,0.73321,0.727615,0.73304
2009-09-07T11:00:00+02:00,0.73304,0.735195,0.73204,0.73429
2009-09-07T23:00:00+02:00,0.73429,0.7348,0.73072,0.73205
2009-09-08T11:00:00+02:00,0.73205,0.73255,0.72678,0.72916
2009-09-08T23:00:00+02:00,0.72916,0.730695,0.726575,0.72755
2009-09-09T11:00:00+02:00,0.72755,0.73005,0.723645,0.72432
2009-09-09T23:00:00+02:00,0.72432,0.72833,0.719535,0.72231
2009-09-10T11:00:00+02:00,0.72231,0.731205,0.72152,0.731115
2009-09-10T23:00:00+02:00,0.731115,0.731845,0.728695,0.73033
2009-09-11T11:00:00+02:00,0.73033,0.734655,0.73012,0.734655
2009-09-13T23:00:00+02:00,0.73089,0.732345,0.72473,0.72586
2009-09-14T11:00:00+02:00,0.72586,0.72814,0.72282,0.725385
2009-09-14T23:00:00+02:00,0.725385,0.72964,0.72381,0.72859
2009-09-15T11:00:00+02:00,0.72859,0.73046,0.725415,0.729645
2009-09-15T23:00:00+02:00,0.729645,0.73789,0.72852,0.73579
2009-09-16T11:00:00+02:00,0.73579,0.73838,0.73485,0.73696
2009-09-16T23:00:00+02:00,0.73696,0.73777,0.73513,0.73592
2009-09-17T11:00:00+02:00,0.73592,0.736275,0.729415,0.73078
2009-09-17T23:00:00+02:00,0.73078,0.73344,0.72962,0.73286
2009-09-18T11:00:00+02:00,0.73286,0.73356,0.728965,0.73025
2009-09-20T23:00:00+02:00,0.72973,0.7308,0.727,0.72845
2009-09-21T11:00:00+02:00,0.72845,0.73061,0.727855,0.729675
2009-09-21T23:00:00+02:00,0.729675,0.74107,0.72908,0.739635
2009-09-22T11:00:00+02:00,0.739635,0.740805,0.735795,0.735805
2009-09-22T23:00:00+02:00,0.735805,0.745425,0.735275,0.742665
2009-09-23T11:00:00+02:00,0.742665,0.743865,0.73753,0.739025
2009-09-23T23:00:00+02:00,0.739025,0.74202,0.73744,0.74058
2009-09-24T11:00:00+02:00,0.74058,0.743865,0.73694,0.73713
2009-09-24T23:00:00+02:00,0.73713,0.741115,0.73295,0.74045
2009-09-25T11:00:00+02:00,0.74045,0.74102,0.73487,0.73902
2009-09-27T23:00:00+02:00,0.73759,0.74164,0.735185,0.73826
2009-09-28T11:00:00+02:00,0.73826,0.74178,0.73453,0.7397
2009-09-28T23:00:00+02:00,0.7397,0.746045,0.73885,0.74533
2009-09-29T11:00:00+02:00,0.74533,0.746475,0.739735,0.740165
2009-09-29T23:00:00+02:00,0.740165,0.74681,0.74011,0.74383
2009-09-30T11:00:00+02:00,0.74383,0.752605,0.741955,0.74927
2009-09-30T23:00:00+02:00,0.74927,0.752945,0.74723,0.75163
2009-10-01T11:00:00+02:00,0.75163,0.75449,0.743355,0.744005
2009-10-01T23:00:00+02:00,0.744005,0.7473,0.7398,0.742685
2009-10-02T11:00:00+02:00,0.742685,0.743865,0.73789,0.74113
2009-10-04T23:00:00+02:00,0.740595,0.74488,0.738405,0.74253
2009-10-05T11:00:00+02:00,0.74253,0.754715,0.742215,0.75411
2009-10-05T23:00:00+02:00,0.75411,0.755765,0.751645,0.753435
2009-10-06T11:00:00+02:00,0.753435,0.756405,0.750505,0.75417
2009-10-06T23:00:00+02:00,0.75417,0.760355,0.753775,0.760115
2009-10-07T11:00:00+02:00,0.760115,0.760965,0.756005,0.76059
2009-10-07T23:00:00+02:00,0.76059,0.76505,0.758615,0.75902
2009-10-08T11:00:00+02:00,0.75902,0.76437,0.757805,0.762025
2009-10-08T23:00:00+02:00,0.762025,0.76322,0.758895,0.759275
2009-10-09T11:00:00+02:00,0.759275,0.76247,0.75499,0.75735
2009-10-11T23:00:00+02:00,0.7569,0.758315,0.74999,0.75555
2009-10-12T11:00:00+02:00,0.75555,0.756165,0.751635,0.75297
2009-10-12T23:00:00+02:00,0.75297,0.75925,0.75255,0.754855
2009-10-13T11:00:00+02:00,0.754855,0.756805,0.749605,0.75524
2009-10-13T23:00:00+02:00,0.75524,0.75741,0.752815,0.75607
2009-10-14T11:00:00+02:00,0.75607,0.756675,0.748105,0.75083
2009-10-14T23:00:00+02:00,0.75083,0.75834,0.75044,0.75742
2009-10-15T11:00:00+02:00,0.75742,0.757965,0.752745,0.75544
2009-10-15T23:00:00+02:00,0.75544,0.76026,0.754925,0.758385
2009-10-16T11:00:00+02:00,0.758385,0.75841,0.751285,0.754445
2009-10-18T23:00:00+02:00,0.751405,0.76051,0.751255,0.75804
2009-10-19T11:00:00+02:00,0.75804,0.766985,0.756085,0.765435
2009-10-19T23:00:00+02:00,0.765435,0.766215,0.7606,0.76081
2009-10-20T11:00:00+02:00,0.76081,0.76293,0.755195,0.758165
2009-10-20T23:00:00+02:00,0.758165,0.76537,0.756215,0.7645
2009-10-21T11:00:00+02:00,0.7645,0.766995,0.75869,0.7652
2009-10-21T23:00:00+02:00,0.7652,0.765275,0.756735,0.76055
2009-10-22T11:00:00+02:00,0.76055,0.763115,0.758515,0.761165
2009-10-22T23:00:00+02:00,0.761165,0.762565,0.75884,0.759945
2009-10-23T11:00:00+02:00,0.759945,0.76346,0.758975,0.761185
2009-10-25T22:00:00+01:00,0.76015,0.76173,0.75812,0.759705
2009-10-26T10:00:00+01:00,0.759705,0.762775,0.756865,0.761165
2009-10-26T22:00:00+01:00,0.761165,0.763685,0.758745,0.76118
2009-10-27T10:00:00+01:00,0.76118,0.763585,0.758835,0.760415
2009-10-27T22:00:00+01:00,0.760415,0.76184,0.752195,0.752705
2009-10-28T10:00:00+01:00,0.752705,0.752945,0.73946,0.740885
2009-10-28T22:00:00+01:00,0.740885,0.744865,0.73564,0.7438
2009-10-29T10:00:00+01:00,0.7438,0.749655,0.741985,0.747055
2009-10-29T22:00:00+01:00,0.747055,0.74745,0.73935,0.7429
2009-10-30T10:00:00+01:00,0.7429,0.748115,0.734075,0.73643
2009-11-01T23:00:00+01:00,0.73463,0.73923,0.727195,0.737685
2009-11-02T11:00:00+01:00,0.737685,0.73923,0.73063,0.73369
2009-11-02T23:00:00+01:00,0.73369,0.738825,0.73198,0.73361
2009-11-03T11:00:00+01:00,0.73361,0.741755,0.73294,0.739125
2009-11-03T23:00:00+01:00,0.739125,0.7428,0.7363,0.742625
2009-11-04T11:00:00+01:00,0.742625,0.74323,0.733205,0.736035
2009-11-04T23:00:00+01:00,0.736035,0.736035,0.72943,0.732445
2009-11-05T11:00:00+01:00,0.732445,0.735445,0.73051,0.7329
2009-11-05T23:00:00+01:00,0.7329,0.73913,0.73158,0.73698
2009-11-06T11:00:00+01:00,0.73698,0.738695,0.733745,0.7376
2009-11-08T23:00:00+01:00,0.74593,0.74787,0.742925,0.74378
2009-11-09T11:00:00+01:00,0.74378,0.74964,0.74218,0.74896
2009-11-09T23:00:00+01:00,0.74896,0.751645,0.74473,0.747405
2009-11-10T11:00:00+01:00,0.747405,0.749815,0.746305,0.74915
2009-11-10T23:00:00+01:00,0.74915,0.74944,0.745035,0.745755
2009-11-11T11:00:00+01:00,0.745755,0.74681,0.74371,0.744695
2009-11-11T23:00:00+01:00,0.744695,0.748785,0.74454,0.74525
2009-11-12T11:00:00+01:00,0.74525,0.747025,0.742905,0.745635
2009-11-12T23:00:00+01:00,0.745635,0.74861,0.744085,0.747125
2009-11-13T11:00:00+01:00,0.747125,0.753365,0.747,0.752805
2009-11-15T23:00:00+01:00,0.751495,0.75184,0.7467,0.74976
2009-11-16T11:00:00+01:00,0.74976,0.75619,0.74908,0.75412
2009-11-16T23:00:00+01:00,0.75412,0.755695,0.75288,0.754445
2009-11-17T11:00:00+01:00,0.754445,0.75839,0.753455,0.757285
2009-11-17T23:00:00+01:00,0.757285,0.758415,0.755345,0.756475
2009-11-18T11:00:00+01:00,0.756475,0.757285,0.751205,0.753575
2009-11-18T23:00:00+01:00,0.753575,0.753925,0.744855,0.745965
2009-11-19T11:00:00+01:00,0.745965,0.747275,0.739995,0.740615
2009-11-19T23:00:00+01:00,0.740615,0.74182,0.73727,0.73886
2009-11-20T11:00:00+01:00,0.73886,0.73969,0.73436,0.737275
2009-11-22T23:00:00+01:00,0.736795,0.739465,0.733895,0.73923
2009-11-23T11:00:00+01:00,0.73923,0.742715,0.739135,0.739955
2009-11-23T23:00:00+01:00,0.739955,0.74064,0.73297,0.73452
2009-11-24T11:00:00+01:00,0.73452,0.7356,0.7297,0.73225
2009-11-24T23:00:00+01:00,0.73225,0.736645,0.73146,0.733555
2009-11-25T11:00:00+01:00,0.733555,0.73409,0.72706,0.72997
2009-11-25T23:00:00+01:00,0.72997,0.73057,0.719095,0.719955
2009-11-26T11:00:00+01:00,0.719955,0.721275,0.716485,0.717445
2009-11-26T23:00:00+01:00,0.717445,0.719545,0.708725,0.716825
2009-11-27T11:00:00+01:00,0.716825,0.718685,0.711825,0.715105
2009-11-29T23:00:00+01:00,0.7169,0.722625,0.716085,0.71702
2009-11-30T11:00:00+01:00,0.71702,0.720095,0.714885,0.719795
2009-11-30T23:00:00+01:00,0.719795,0.72693,0.71788,0.72588
2009-12-01T11:00:00+01:00,0.72588,0.72914,0.72481,0.72543
2009-12-01T23:00:00+01:00,0.72543,0.72788,0.724815,0.72747
2009-12-02T11:00:00+01:00,0.72747,0.728645,0.72218,0.723605
2009-12-02T23:00:00+01:00,0.723605,0.72831,0.723335,0.72385
2009-12-03T11:00:00+01:00,0.72385,0.725185,0.721085,0.722415
2009-12-03T23:00:00+01:00,0.722415,0.72497,0.72056,0.723705
2009-12-04T11:00:00+01:00,0.723705,0.72953,0.72327,0.728255
2009-12-06T23:00:00+01:00,0.72768,0.72964,0.72451,0.72593
2009-12-07T11:00:00+01:00,0.72593,0.72935,0.72447,0.72723
2009-12-07T23:00:00+01:00,0.72723,0.73003,0.726005,0.72808
2009-12-08T11:00:00+01:00,0.72808,0.72885,0.724985,0.72616
2009-12-08T23:00:00+01:00,0.72616,0.72915,0.724545,0.72775
2009-12-09T11:00:00+01:00,0.72775,0.73982,0.72766,0.738165
2009-12-09T23:00:00+01:00,0.738165,0.749355,0.7379,0.74839
2009-12-10T11:00:00+01:00,0.74839,0.751265,0.745565,0.747705
2009-12-10T23:00:00+01:00,0.747705,0.74794,0.743915,0.74469
2009-12-11T11:00:00+01:00,0.74469,0.750915,0.743635,0.750325
2009-12-13T23:00:00+01:00,0.75031,0.751535,0.746205,0.748215
2009-12-14T11:00:00+01:00,0.748215,0.753185,0.747135,0.75087
2009-12-14T23:00:00+01:00,0.75087,0.751145,0.749415,0.750725
2009-12-15T11:00:00+01:00,0.750725,0.752735,0.74848,0.75085
2009-12-15T23:00:00+01:00,0.75085,0.751125,0.745025,0.745535
2009-12-16T11:00:00+01:00,0.745535,0.749855,0.745105,0.74822
2009-12-16T23:00:00+01:00,0.74822,0.749725,0.743465,0.745985
2009-12-17T11:00:00+01:00,0.745985,0.747845,0.74239,0.744145
2009-12-17T23:00:00+01:00,0.744145,0.74479,0.73638,0.74134
2009-12-18T11:00:00+01:00,0.74134,0.742285,0.738985,0.741835
2009-12-20T23:00:00+01:00,0.739355,0.74156,0.737355,0.74008
2009-12-21T11:00:00+01:00,0.74008,0.74049,0.73644,0.73791
2009-12-21T23:00:00+01:00,0.73791,0.73964,0.73507,0.73901
2009-12-22T11:00:00+01:00,0.73901,0.739945,0.73327,0.733955
2009-12-22T23:00:00+01:00,0.733955,0.734385,0.73159,0.73334
2009-12-23T11:00:00+01:00,0.73334,0.73385,0.73058,0.73202
2009-12-23T23:00:00+01:00,0.73202,0.73446,0.73104,0.73251
2009-12-24T11:00:00+01:00,0.73251,0.733795,0.728425,0.732415
2009-12-24T23:00:00+01:00,0.732415,0.73525,0.730125,0.730595
2009-12-27T23:00:00+01:00,0.731155,0.73507,0.730845,0.73351
2009-12-28T11:00:00+01:00,0.73351,0.734085,0.73186,0.732675
2009-12-28T23:00:00+01:00,0.732675,0.73594,0.732175,0.73588
2009-12-29T11:00:00+01:00,0.73588,0.74725,0.73581,0.743765
2009-12-29T23:00:00+01:00,0.743765,0.74595,0.742275,0.744815
2009-12-30T11:00:00+01:00,0.744815,0.750775,0.743465,0.748385
2009-12-30T23:00:00+01:00,0.748385,0.752085,0.74791,0.749505
2009-12-31T11:00:00+01:00,0.749505,0.753275,0.74731,0.74828
2009-12-31T23:00:00+01:00,0.74828,0.74892,0.74828,0.74858
2010-01-03T23:00:00+01:00,0.75075,0.753945,0.74637,0.751025
2010-01-04T11:00:00+01:00,0.751025,0.756875,0.750545,0.756255
2010-01-04T23:00:00+01:00,0.756255,0.757815,0.753265,0.75739
2010-01-05T11:00:00+01:00,0.75739,0.76012,0.75623,0.759135
2010-01-05T23:00:00+01:00,0.759135,0.760005,0.757015,0.757755
2010-01-06T11:00:00+01:00,0.757755,0.75936,0.754975,0.758165
2010-01-06T23:00:00+01:00,0.758165,0.761515,0.756385,0.758955
2010-01-07T11:00:00+01:00,0.758955,0.76041,0.756285,0.756955
2010-01-07T23:00:00+01:00,0.756955,0.759035,0.754685,0.757615
2010-01-08T11:00:00+01:00,0.757615,0.758905,0.753085,0.754315
2010-01-10T23:00:00+01:00,0.7565,0.7572,0.751035,0.752295
2010-01-11T11:00:00+01:00,0.752295,0.755775,0.751355,0.75374
2010-01-11T23:00:00+01:00,0.75374,0.75672,0.752205,0.756185
2010-01-12T11:00:00+01:00,0.756185,0.756265,0.75048,0.752235
2010-01-12T23:00:00+01:00,0.752235,0.757185,0.751595,0.756335
2010-01-13T11:00:00+01:00,0.756335,0.756625,0.750875,0.75396
2010-01-13T23:00:00+01:00,0.75396,0.75805,0.751525,0.757565
2010-01-14T11:00:00+01:00,0.757565,0.759685,0.754995,0.75655
2010-01-14T23:00:00+01:00,0.75655,0.75781,0.75433,0.756635
2010-01-15T11:00:00+01:00,0.756635,0.758725,0.755925,0.75668
2010-01-17T23:00:00+01:00,0.754045,0.757585,0.753875,0.75656
2010-01-18T11:00:00+01:00,0.75656,0.758985,0.755945,0.75726
2010-01-18T23:00:00+01:00,0.75726,0.759545,0.755495,0.75952
2010-01-19T11:00:00+01:00,0.75952,0.764175,0.75863,0.759465
2010-01-19T23:00:00+01:00,0.759465,0.7604,0.752645,0.75265
2010-01-20T11:00:00+01:00,0.75265,0.754515,0.74948,0.75347
2010-01-20T23:00:00+01:00,0.75347,0.754725,0.750245,0.751395
2010-01-21T11:00:00+01:00,0.751395,0.753865,0.739895,0.740435
2010-01-21T23:00:00+01:00,0.740435,0.745785,0.73849,0.741365
2010-01-22T11:00:00+01:00,0.741365,0.74388,0.73862,0.73914
2010-01-24T23:00:00+01:00,0.74064,0.74568,0.740615,0.742395
2010-01-25T11:00:00+01:00,0.742395,0.74406,0.740995,0.742145
2010-01-25T23:00:00+01:00,0.742145,0.744435,0.736865,0.738105
2010-01-26T11:00:00+01:00,0.738105,0.742945,0.735275,0.741045
2010-01-26T23:00:00+01:00,0.741045,0.742655,0.737165,0.73927
2010-01-27T11:00:00+01:00,0.73927,0.742665,0.738275,0.741895
2010-01-27T23:00:00+01:00,0.741895,0.748725,0.740275,0.74843
2010-01-28T11:00:00+01:00,0.74843,0.749215,0.74055,0.741665
2010-01-28T23:00:00+01:00,0.741665,0.744365,0.73904,0.74243
2010-01-29T11:00:00+01:00,0.74243,0.749365,0.741285,0.743615
2010-01-31T23:00:00+01:00,0.742715,0.747555,0.742175,0.743095
2010-02-01T11:00:00+01:00,0.743095,0.75008,0.741025,0.74842
2010-02-01T23:00:00+01:00,0.74842,0.74997,0.74569,0.747325
2010-02-02T11:00:00+01:00,0.747325,0.751785,0.746025,0.751315
2010-02-02T23:00:00+01:00,0.751315,0.75298,0.749105,0.75048
2010-02-03T11:00:00+01:00,0.75048,0.75136,0.742305,0.744295
2010-02-03T23:00:00+01:00,0.744295,0.744395,0.73679,0.738835
2010-02-04T11:00:00+01:00,0.738835,0.739745,0.73025,0.73321
2010-02-04T23:00:00+01:00,0.73321,0.74474,0.730155,0.73903
2010-02-05T11:00:00+01:00,0.73903,0.742435,0.734365,0.73942
2010-02-07T23:00:00+01:00,0.739735,0.741395,0.73806,0.739665
2010-02-08T11:00:00+01:00,0.739665,0.740215,0.73222,0.73311
2010-02-08T23:00:00+01:00,0.73311,0.739095,0.73207,0.738435
2010-02-09T11:00:00+01:00,0.738435,0.741095,0.736125,0.740545
2010-02-09T23:00:00+01:00,0.740545,0.74216,0.738515,0.73943
2010-02-10T11:00:00+01:00,0.73943,0.742435,0.738235,0.739595
2010-02-10T23:00:00+01:00,0.739595,0.746885,0.7387,0.746505
2010-02-11T11:00:00+01:00,0.746505,0.75308,0.745265,0.748085
2010-02-11T23:00:00+01:00,0.748085,0.75326,0.74633,0.751635
2010-02-12T11:00:00+01:00,0.751635,0.752565,0.744785,0.7502
2010-02-14T23:00:00+01:00,0.74927,0.753385,0.748555,0.75189
2010-02-15T11:00:00+01:00,0.75189,0.752705,0.75067,0.75067
2010-02-15T23:00:00+01:00,0.75067,0.757125,0.750615,0.7559
2010-02-16T11:00:00+01:00,0.7559,0.7565,0.75231,0.75384
2010-02-16T23:00:00+01:00,0.75384,0.754835,0.751125,0.75454
2010-02-17T11:00:00+01:00,0.75454,0.75963,0.753785,0.759
2010-02-17T23:00:00+01:00,0.759,0.759095,0.7551,0.75566
2010-02-18T11:00:00+01:00,0.75566,0.761375,0.75468,0.75675
2010-02-18T23:00:00+01:00,0.75675,0.75844,0.75477,0.75602
2010-02-19T11:00:00+01:00,0.75602,0.756405,0.75114,0.752365
2010-02-21T23:00:00+01:00,0.753125,0.75609,0.75225,0.75417
2010-02-22T11:00:00+01:00,0.75417,0.75657,0.753845,0.754935
2010-02-22T23:00:00+01:00,0.754935,0.756935,0.753165,0.756325
2010-02-23T11:00:00+01:00,0.756325,0.757835,0.7478,0.750225
2010-02-23T23:00:00+01:00,0.750225,0.75286,0.74424,0.745345
2010-02-24T11:00:00+01:00,0.745345,0.74983,0.74395,0.74959
2010-02-24T23:00:00+01:00,0.74959,0.751445,0.746955,0.749545
2010-02-25T11:00:00+01:00,0.749545,0.749985,0.74351,0.747215
2010-02-25T23:00:00+01:00,0.747215,0.74985,0.746545,0.74726
2010-02-26T11:00:00+01:00,0.74726,0.75278,0.746425,0.749345
2010-02-28T23:00:00+01:00,0.750565,0.752635,0.749215,0.75008
2010-03-01T11:00:00+01:00,0.75008,0.758185,0.748835,0.75516
2010-03-01T23:00:00+01:00,0.75516,0.755965,0.750985,0.753985
2010-03-02T11:00:00+01:00,0.753985,0.75473,0.747945,0.7481
2010-03-02T23:00:00+01:00,0.7481,0.7496,0.74343,0.74391
2010-03-03T11:00:00+01:00,0.74391,0.74431,0.739125,0.74167
2010-03-03T23:00:00+01:00,0.74167,0.742035,0.736235,0.73816
2010-03-04T11:00:00+01:00,0.73816,0.741385,0.737645,0.73958
2010-03-04T23:00:00+01:00,0.73958,0.74312,0.738295,0.742145
2010-03-05T11:00:00+01:00,0.742145,0.749615,0.74213,0.748505
2010-03-07T23:00:00+01:00,0.747045,0.75148,0.74698,0.75042
2010-03-08T11:00:00+01:00,0.75042,0.752335,0.74984,0.752215
2010-03-08T23:00:00+01:00,0.752215,0.752715,0.74915,0.751035
2010-03-09T11:00:00+01:00,0.751035,0.756455,0.75049,0.75557
2010-03-09T23:00:00+01:00,0.75557,0.76115,0.755175,0.759605
2010-03-10T11:00:00+01:00,0.759605,0.761195,0.75017,0.75114
2010-03-10T23:00:00+01:00,0.75114,0.75183,0.74741,0.74947
2010-03-11T11:00:00+01:00,0.74947,0.750625,0.7461,0.74829
2010-03-11T23:00:00+01:00,0.74829,0.74871,0.74432,0.74447
2010-03-12T11:00:00+01:00,0.74447,0.7467,0.741285,0.742395
2010-03-14T22:00:00+01:00,0.743495,0.7471,0.742835,0.744945
2010-03-15T10:00:00+01:00,0.744945,0.74604,0.742035,0.745005
2010-03-15T22:00:00+01:00,0.745005,0.74801,0.74475,0.74665
2010-03-16T10:00:00+01:00,0.74665,0.74919,0.7446,0.7487
2010-03-16T22:00:00+01:00,0.7487,0.75248,0.74855,0.75131
2010-03-17T10:00:00+01:00,0.75131,0.756625,0.750515,0.7527
2010-03-17T22:00:00+01:00,0.7527,0.756855,0.7518,0.756535
2010-03-18T10:00:00+01:00,0.756535,0.75976,0.753275,0.75607
2010-03-18T22:00:00+01:00,0.75607,0.757165,0.75124,0.751655
2010-03-19T10:00:00+01:00,0.751655,0.75511,0.750405,0.751755
2010-03-21T22:00:00+01:00,0.75024,0.75042,0.74741,0.747585
2010-03-22T10:00:00+01:00,0.747585,0.748325,0.744415,0.74746
2010-03-22T22:00:00+01:00,0.74746,0.74942,0.74656,0.749355
2010-03-23T10:00:00+01:00,0.749355,0.750305,0.74427,0.74808
2010-03-23T22:00:00+01:00,0.74808,0.751975,0.744555,0.75125
2010-03-24T10:00:00+01:00,0.75125,0.75423,0.74863,0.753135
2010-03-24T22:00:00+01:00,0.753135,0.756245,0.752075,0.756
2010-03-25T10:00:00+01:00,0.756,0.75943,0.7543,0.75593
2010-03-25T22:00:00+01:00,0.75593,0.759405,0.754275,0.754375
2010-03-26T10:00:00+01:00,0.754375,0.755565,0.748315,0.74941
2010-03-28T23:00:00+02:00,0.74709,0.755805,0.74615,0.75377
2010-03-29T11:00:00+02:00,0.75377,0.755275,0.75255,0.75377
2010-03-29T23:00:00+02:00,0.75377,0.756245,0.75324,0.755055
2010-03-30T11:00:00+02:00,0.755055,0.757975,0.754835,0.75737
2010-03-30T23:00:00+02:00,0.75737,0.75853,0.75433,0.75482
2010-03-31T11:00:00+02:00,0.75482,0.75482,0.743625,0.74895
2010-03-31T23:00:00+02:00,0.74895,0.74984,0.74153,0.742635
2010-04-01T11:00:00+02:00,0.742635,0.751655,0.73874,0.746355
2010-04-01T23:00:00+02:00,0.746355,0.74755,0.745535,0.74722
2010-04-02T11:00:00+02:00,0.74722,0.75134,0.74619,0.74899
2010-04-04T23:00:00+02:00,0.750385,0.75066,0.746515,0.74846
2010-04-05T11:00:00+02:00,0.74846,0.74922,0.744265,0.74695
2010-04-05T23:00:00+02:00,0.74695,0.750825,0.74682,0.74719
2010-04-06T11:00:00+02:00,0.74719,0.755945,0.746035,0.755315
2010-04-06T23:00:00+02:00,0.755315,0.75563,0.752435,0.753505
2010-04-07T11:00:00+02:00,0.753505,0.760825,0.753175,0.759175
2010-04-07T23:00:00+02:00,0.759175,0.76071,0.755555,0.755825
2010-04-08T11:00:00+02:00,0.755825,0.75912,0.7553,0.75876
2010-04-08T23:00:00+02:00,0.75876,0.762505,0.758205,0.7617
2010-04-09T11:00:00+02:00,0.7617,0.766625,0.761205,0.763295
2010-04-11T23:00:00+02:00,0.757305,0.761445,0.75543,0.758225
2010-04-12T11:00:00+02:00,0.758225,0.758285,0.7531,0.754395
2010-04-12T23:00:00+02:00,0.754395,0.75654,0.753485,0.754895
2010-04-13T11:00:00+02:00,0.754895,0.755795,0.748455,0.75206
2010-04-13T23:00:00+02:00,0.75206,0.75283,0.747325,0.75004
2010-04-14T11:00:00+02:00,0.75004,0.75313,0.749985,0.75158
2010-04-14T23:00:00+02:00,0.75158,0.755115,0.75067,0.754475
2010-04-15T11:00:00+02:00,0.754475,0.7565,0.75109,0.75204
2010-04-15T23:00:00+02:00,0.75204,0.75588,0.751485,0.755295
2010-04-16T11:00:00+02:00,0.755295,0.75792,0.750505,0.751915
2010-04-18T23:00:00+02:00,0.752335,0.757045,0.75113,0.754875
2010-04-19T11:00:00+02:00,0.754875,0.75818,0.752445,0.75604
2010-04-19T23:00:00+02:00,0.75604,0.75945,0.752635,0.755965
2010-04-20T11:00:00+02:00,0.755965,0.76075,0.753955,0.760495
2010-04-20T23:00:00+02:00,0.760495,0.761755,0.75846,0.759655
2010-04-21T11:00:00+02:00,0.759655,0.762615,0.75718,0.759785
2010-04-21T23:00:00+02:00,0.759785,0.763175,0.758965,0.762515
2010-04-22T11:00:00+02:00,0.762515,0.76663,0.761755,0.76633
2010-04-22T23:00:00+02:00,0.76633,0.77107,0.76553,0.766345
2010-04-23T11:00:00+02:00,0.766345,0.770555,0.765365,0.769235
2010-04-25T23:00:00+02:00,0.770545,0.7745,0.76898,0.77391
2010-04-26T11:00:00+02:00,0.77391,0.77996,0.77333,0.776085
2010-04-26T23:00:00+02:00,0.776085,0.776085,0.77186,0.77598
2010-04-27T11:00:00+02:00,0.77598,0.77845,0.77019,0.773935
2010-04-27T23:00:00+02:00,0.773935,0.777295,0.77276,0.77531
2010-04-28T11:00:00+02:00,0.77531,0.78419,0.77494,0.781685
2010-04-28T23:00:00+02:00,0.781685,0.78467,0.77716,0.78187
2010-04-29T11:00:00+02:00,0.78187,0.784705,0.780975,0.784355
2010-04-29T23:00:00+02:00,0.784355,0.78641,0.78326,0.78449
2010-04-30T11:00:00+02:00,0.78449,0.789945,0.7821,0.78326
2010-05-02T23:00:00+02:00,0.781065,0.79061,0.78023,0.79001
2010-05-03T11:00:00+02:00,0.79001,0.79489,0.78876,0.793515
2010-05-03T23:00:00+02:00,0.793515,0.795325,0.78938,0.795155
2010-05-04T11:00:00+02:00,0.795155,0.795675,0.79164,0.794445
2010-05-04T23:00:00+02:00,0.794445,0.797485,0.79278,0.794255
2010-05-05T11:00:00+02:00,0.794255,0.802095,0.79342,0.801935
2010-05-05T23:00:00+02:00,0.801935,0.814205,0.801915,0.812495
2010-05-06T11:00:00+02:00,0.812495,0.813175,0.78238,0.79165
2010-05-06T23:00:00+02:00,0.79165,0.795465,0.78504,0.790325
2010-05-07T11:00:00+02:00,0.790325,0.79593,0.787225,0.791695
2010-05-09T23:00:00+02:00,0.793525,0.800325,0.786385,0.797385
2010-05-10T11:00:00+02:00,0.797385,0.80407,0.794385,0.802115
2010-05-10T23:00:00+02:00,0.802115,0.802815,0.797165,0.798885
2010-05-11T11:00:00+02:00,0.798885,0.800745,0.79445,0.796415
2010-05-11T23:00:00+02:00,0.796415,0.798975,0.791255,0.79573
2010-05-12T11:00:00+02:00,0.79573,0.799405,0.78927,0.792755
2010-05-12T23:00:00+02:00,0.792755,0.7994,0.791885,0.798405
2010-05-13T11:00:00+02:00,0.798405,0.801135,0.79721,0.798945
2010-05-13T23:00:00+02:00,0.798945,0.801055,0.794655,0.800445
2010-05-14T11:00:00+02:00,0.800445,0.806355,0.79695,0.80155
2010-05-16T23:00:00+02:00,0.80182,0.802355,0.797295,0.79854
2010-05-17T11:00:00+02:00,0.79854,0.79974,0.786955,0.78832
2010-05-17T23:00:00+02:00,0.78832,0.79468,0.788,0.793135
2010-05-18T11:00:00+02:00,0.793135,0.79846,0.78829,0.796575
2010-05-18T23:00:00+02:00,0.796575,0.79701,0.78157,0.782715
2010-05-19T11:00:00+02:00,0.782715,0.78583,0.768195,0.77978
2010-05-19T23:00:00+02:00,0.77978,0.79324,0.774805,0.77637
2010-05-20T11:00:00+02:00,0.77637,0.778515,0.76265,0.766495
2010-05-20T23:00:00+02:00,0.766495,0.782095,0.76248,0.77414
2010-05-21T11:00:00+02:00,0.77414,0.78383,0.7674,0.780065
2010-05-23T23:00:00+02:00,0.779285,0.78235,0.7714,0.77941
2010-05-24T11:00:00+02:00,0.77941,0.78298,0.77549,0.77554
2010-05-24T23:00:00+02:00,0.77554,0.78017,0.76617,0.7685
2010-05-25T11:00:00+02:00,0.7685,0.776135,0.7671,0.775495
2010-05-25T23:00:00+02:00,0.775495,0.77624,0.770145,0.77445
2010-05-26T11:00:00+02:00,0.77445,0.78076,0.76599,0.7693
2010-05-26T23:00:00+02:00,0.7693,0.77622,0.76764,0.77449
2010-05-27T11:00:00+02:00,0.77449,0.79274,0.77409,0.7871
2010-05-27T23:00:00+02:00,0.7871,0.79199,0.78371,0.78688
2010-05-28T11:00:00+02:00,0.78688,0.787695,0.78111,0.78705
2010-05-30T23:00:00+02:00,0.78574,0.79127,0.782835,0.78961
2010-05-31T11:00:00+02:00,0.78961,0.790945,0.773685,0.785825
2010-05-31T23:00:00+02:00,0.785825,0.78876,0.78028,0.78449
2010-06-01T11:00:00+02:00,0.78449,0.788615,0.78018,0.78092
2010-06-01T23:00:00+02:00,0.78092,0.785705,0.77792,0.77889
2010-06-02T11:00:00+02:00,0.77889,0.787795,0.777345,0.78722
2010-06-02T23:00:00+02:00,0.78722,0.794115,0.78498,0.79359
2010-06-03T11:00:00+02:00,0.79359,0.79389,0.784145,0.79182
2010-06-03T23:00:00+02:00,0.79182,0.793195,0.787955,0.790735
2010-06-04T11:00:00+02:00,0.790735,0.791145,0.77571,0.779875
2010-06-06T23:00:00+02:00,0.778655,0.781525,0.770845,0.77135
2010-06-07T11:00:00+02:00,0.77135,0.77836,0.765315,0.76611
2010-06-07T23:00:00+02:00,0.76611,0.772225,0.76237,0.76308
2010-06-08T11:00:00+02:00,0.76308,0.7706,0.76007,0.76899
2010-06-08T23:00:00+02:00,0.76899,0.77057,0.762715,0.76546
2010-06-09T11:00:00+02:00,0.76546,0.771845,0.763915,0.766145
2010-06-09T23:00:00+02:00,0.766145,0.779855,0.766145,0.778515
2010-06-10T11:00:00+02:00,0.778515,0.786055,0.776765,0.784165
2010-06-10T23:00:00+02:00,0.784165,0.78475,0.778315,0.780895
2010-06-11T11:00:00+02:00,0.780895,0.79515,0.780785,0.793275
2010-06-13T23:00:00+02:00,0.79349,0.795795,0.789085,0.789845
2010-06-14T11:00:00+02:00,0.789845,0.797875,0.78969,0.7934
2010-06-14T23:00:00+02:00,0.7934,0.79577,0.788145,0.79272
2010-06-15T11:00:00+02:00,0.79272,0.79525,0.785365,0.79185
2010-06-15T23:00:00+02:00,0.79185,0.79256,0.78382,0.788975
2010-06-16T11:00:00+02:00,0.788975,0.789525,0.783905,0.78934
2010-06-16T23:00:00+02:00,0.78934,0.789505,0.779765,0.780655
2010-06-17T11:00:00+02:00,0.780655,0.78355,0.77785,0.783385
2010-06-17T23:00:00+02:00,0.783385,0.78589,0.780915,0.7828
2010-06-18T11:00:00+02:00,0.7828,0.78473,0.779535,0.78352
2010-06-20T23:00:00+02:00,0.78806,0.790995,0.781925,0.790995
2010-06-21T11:00:00+02:00,0.790995,0.793155,0.786495,0.787665
2010-06-21T23:00:00+02:00,0.787665,0.788945,0.78389,0.786095
2010-06-22T11:00:00+02:00,0.786095,0.786385,0.77965,0.779755
2010-06-22T23:00:00+02:00,0.779755,0.783935,0.778995,0.782445
2010-06-23T11:00:00+02:00,0.782445,0.79095,0.781945,0.788825
2010-06-23T23:00:00+02:00,0.788825,0.789275,0.77894,0.780725
2010-06-24T11:00:00+02:00,0.780725,0.785865,0.777675,0.78141
2010-06-24T23:00:00+02:00,0.78141,0.781735,0.774955,0.775895
2010-06-25T11:00:00+02:00,0.775895,0.782855,0.77148,0.78023
2010-06-27T23:00:00+02:00,0.781865,0.783075,0.76795,0.770095
2010-06-28T11:00:00+02:00,0.770095,0.77208,0.76478,0.7698
2010-06-28T23:00:00+02:00,0.7698,0.770685,0.757985,0.761135
2010-06-29T11:00:00+02:00,0.761135,0.761565,0.7475,0.748785
2010-06-29T23:00:00+02:00,0.748785,0.75349,0.74687,0.74984
2010-06-30T11:00:00+02:00,0.74984,0.75144,0.7376,0.737695
2010-06-30T23:00:00+02:00,0.737695,0.740495,0.72886,0.73265
2010-07-01T11:00:00+02:00,0.73265,0.73776,0.726285,0.73147
2010-07-01T23:00:00+02:00,0.73147,0.740835,0.73033,0.740165
2010-07-02T11:00:00+02:00,0.740165,0.743525,0.731585,0.731735
2010-07-04T23:00:00+02:00,0.73212,0.738465,0.729735,0.73377
2010-07-05T11:00:00+02:00,0.73377,0.73393,0.729865,0.73288
2010-07-05T23:00:00+02:00,0.73288,0.738815,0.726655,0.735895
2010-07-06T11:00:00+02:00,0.735895,0.740625,0.732135,0.73493
2010-07-06T23:00:00+02:00,0.73493,0.73694,0.73111,0.73132
2010-07-07T11:00:00+02:00,0.73132,0.741525,0.7298,0.7395
2010-07-07T23:00:00+02:00,0.7395,0.74675,0.737825,0.74343
2010-07-08T11:00:00+02:00,0.74343,0.74659,0.74039,0.744315
2010-07-08T23:00:00+02:00,0.744315,0.74839,0.74315,0.74833
2010-07-09T11:00:00+02:00,0.74833,0.751975,0.74622,0.751795
2010-07-11T23:00:00+02:00,0.75175,0.75568,0.74733,0.755215
2010-07-12T11:00:00+02:00,0.755215,0.75679,0.752065,0.754805
2010-07-12T23:00:00+02:00,0.754805,0.75807,0.752175,0.755085
2010-07-13T11:00:00+02:00,0.755085,0.76001,0.752445,0.75897
2010-07-13T23:00:00+02:00,0.75897,0.762145,0.75649,0.761355
2010-07-14T11:00:00+02:00,0.761355,0.765055,0.756265,0.76221
2010-07-14T23:00:00+02:00,0.76221,0.762945,0.755865,0.75812
2010-07-15T11:00:00+02:00,0.75812,0.76105,0.74889,0.75946
2010-07-15T23:00:00+02:00,0.75946,0.75949,0.74499,0.745565
2010-07-16T11:00:00+02:00,0.745565,0.750055,0.742155,0.74668
2010-07-18T23:00:00+02:00,0.743545,0.745175,0.73708,0.743925
2010-07-19T11:00:00+02:00,0.743925,0.746555,0.740295,0.74479
2010-07-19T23:00:00+02:00,0.74479,0.751535,0.74287,0.750015
2010-07-20T11:00:00+02:00,0.750015,0.755435,0.74425,0.754905
2010-07-20T23:00:00+02:00,0.754905,0.756625,0.752425,0.754495
2010-07-21T11:00:00+02:00,0.754495,0.756465,0.74846,0.74916
2010-07-21T23:00:00+02:00,0.74916,0.74976,0.744355,0.747635
2010-07-22T11:00:00+02:00,0.747635,0.757935,0.74656,0.755855
2010-07-22T23:00:00+02:00,0.755855,0.760055,0.75458,0.7579
2010-07-23T11:00:00+02:00,0.7579,0.768575,0.75463,0.76705
2010-07-25T23:00:00+02:00,0.76645,0.770955,0.764545,0.770955
2010-07-26T11:00:00+02:00,0.770955,0.770955,0.764215,0.769325
2010-07-26T23:00:00+02:00,0.769325,0.777845,0.768295,0.777845
2010-07-27T11:00:00+02:00,0.777845,0.782515,0.775945,0.777685
2010-07-27T23:00:00+02:00,0.777685,0.777875,0.771365,0.774175
2010-07-28T11:00:00+02:00,0.774175,0.774585,0.766355,0.768515
2010-07-28T23:00:00+02:00,0.768515,0.76985,0.761135,0.764385
2010-07-29T11:00:00+02:00,0.764385,0.764655,0.75005,0.75354
2010-07-29T23:00:00+02:00,0.75354,0.755015,0.74674,0.74988
2010-07-30T11:00:00+02:00,0.74988,0.75827,0.749495,0.75601
2010-08-01T23:00:00+02:00,0.75547,0.768785,0.755055,0.766425
2010-08-02T11:00:00+02:00,0.766425,0.76674,0.75829,0.76135
2010-08-02T23:00:00+02:00,0.76135,0.762695,0.757865,0.76038
2010-08-03T11:00:00+02:00,0.76038,0.76435,0.75924,0.76292
2010-08-03T23:00:00+02:00,0.76292,0.766085,0.76061,0.76175
2010-08-04T11:00:00+02:00,0.76175,0.7748,0.75998,0.773855
2010-08-04T23:00:00+02:00,0.773855,0.77502,0.7617,0.76274
2010-08-05T11:00:00+02:00,0.76274,0.765465,0.75763,0.76464
2010-08-05T23:00:00+02:00,0.76464,0.765415,0.761265,0.76264
2010-08-06T11:00:00+02:00,0.76264,0.76854,0.753405,0.761955
2010-08-08T23:00:00+02:00,0.76129,0.76237,0.758485,0.75973
2010-08-09T11:00:00+02:00,0.75973,0.76511,0.7576,0.76488
2010-08-09T23:00:00+02:00,0.76488,0.76508,0.759265,0.76154
2010-08-10T11:00:00+02:00,0.76154,0.76408,0.757865,0.75923
2010-08-10T23:00:00+02:00,0.75923,0.759945,0.75564,0.75697
2010-08-11T11:00:00+02:00,0.75697,0.759975,0.75389,0.757535
2010-08-11T23:00:00+02:00,0.757535,0.7581,0.75075,0.75118
2010-08-12T11:00:00+02:00,0.75118,0.75257,0.74198,0.74415
2010-08-12T23:00:00+02:00,0.74415,0.75348,0.743005,0.750795
2010-08-13T11:00:00+02:00,0.750795,0.751335,0.74141,0.741855
2010-08-15T23:00:00+02:00,0.743275,0.74338,0.728895,0.73247
2010-08-16T11:00:00+02:00,0.73247,0.73759,0.72666,0.73507
2010-08-16T23:00:00+02:00,0.73507,0.739825,0.731365,0.73834
2010-08-17T11:00:00+02:00,0.73834,0.74572,0.737175,0.743045
2010-08-17T23:00:00+02:00,0.743045,0.74447,0.739465,0.74372
2010-08-18T11:00:00+02:00,0.74372,0.74891,0.74329,0.74478
2010-08-18T23:00:00+02:00,0.74478,0.74757,0.74068,0.741705
2010-08-19T11:00:00+02:00,0.741705,0.74217,0.727355,0.729835
2010-08-19T23:00:00+02:00,0.729835,0.731565,0.725745,0.7282
2010-08-20T11:00:00+02:00,0.7282,0.73231,0.72526,0.73067
2010-08-22T23:00:00+02:00,0.72989,0.732265,0.727285,0.73041
2010-08-23T11:00:00+02:00,0.73041,0.73923,0.73041,0.735595
2010-08-23T23:00:00+02:00,0.735595,0.736235,0.73036,0.732665
2010-08-24T11:00:00+02:00,0.732665,0.73528,0.72511,0.725455
2010-08-24T23:00:00+02:00,0.725455,0.726565,0.72096,0.72387
2010-08-25T11:00:00+02:00,0.72387,0.724685,0.71408,0.720885
2010-08-25T23:00:00+02:00,0.720885,0.7282,0.71949,0.72405
2010-08-26T11:00:00+02:00,0.72405,0.726135,0.71934,0.719795
2010-08-26T23:00:00+02:00,0.719795,0.723205,0.718385,0.7214
2010-08-27T11:00:00+02:00,0.7214,0.7357,0.720135,0.7307
2010-08-29T23:00:00+02:00,0.733495,0.735455,0.72959,0.72987
2010-08-30T11:00:00+02:00,0.72987,0.730835,0.72477,0.725565
2010-08-30T23:00:00+02:00,0.725565,0.726025,0.712695,0.712855
2010-08-31T11:00:00+02:00,0.712855,0.7153,0.7067,0.709635
2010-08-31T23:00:00+02:00,0.709635,0.716215,0.708565,0.713655
2010-09-01T11:00:00+02:00,0.713655,0.72488,0.7114,0.72327
2010-09-01T23:00:00+02:00,0.72327,0.726735,0.71999,0.723275
2010-09-02T11:00:00+02:00,0.723275,0.726925,0.722205,0.723705
2010-09-02T23:00:00+02:00,0.723705,0.727175,0.72236,0.72638
2010-09-03T11:00:00+02:00,0.72638,0.737915,0.725915,0.73263
2010-09-05T23:00:00+02:00,0.730885,0.737075,0.730435,0.734065
2010-09-06T11:00:00+02:00,0.734065,0.735675,0.730865,0.73226
2010-09-06T23:00:00+02:00,0.73226,0.732545,0.72622,0.729
2010-09-07T11:00:00+02:00,0.729,0.731245,0.72603,0.72788
2010-09-07T23:00:00+02:00,0.72788,0.72817,0.7232,0.72563
2010-09-08T11:00:00+02:00,0.72563,0.732245,0.72428,0.73103
2010-09-08T23:00:00+02:00,0.73103,0.73754,0.728275,0.73696
2010-09-09T11:00:00+02:00,0.73696,0.738365,0.732995,0.73554
2010-09-09T23:00:00+02:00,0.73554,0.742715,0.734925,0.742
2010-09-10T11:00:00+02:00,0.742,0.74906,0.739875,0.742925
2010-09-12T23:00:00+02:00,0.74591,0.746225,0.73902,0.743075
2010-09-13T11:00:00+02:00,0.743075,0.74352,0.738135,0.73961
2010-09-13T23:00:00+02:00,0.73961,0.740295,0.72718,0.729735
2010-09-14T11:00:00+02:00,0.729735,0.735735,0.728895,0.73151
2010-09-14T23:00:00+02:00,0.73151,0.73559,0.72901,0.73401
2010-09-15T11:00:00+02:00,0.73401,0.737295,0.73136,0.733995
2010-09-15T23:00:00+02:00,0.733995,0.73412,0.724045,0.72583
2010-09-16T11:00:00+02:00,0.72583,0.73634,0.724255,0.73541
2010-09-16T23:00:00+02:00,0.73541,0.74645,0.73518,0.74359
2010-09-17T11:00:00+02:00,0.74359,0.74442,0.731875,0.732815
2010-09-19T23:00:00+02:00,0.7341,0.736775,0.73107,0.73328
2010-09-20T11:00:00+02:00,0.73328,0.7356,0.731715,0.73428
2010-09-20T23:00:00+02:00,0.73428,0.73453,0.729325,0.72945
2010-09-21T11:00:00+02:00,0.72945,0.735855,0.729305,0.73242
2010-09-21T23:00:00+02:00,0.73242,0.736,0.72993,0.73232
2010-09-22T11:00:00+02:00,0.73232,0.73376,0.724275,0.72832
2010-09-22T23:00:00+02:00,0.72832,0.729435,0.718575,0.718775
2010-09-23T11:00:00+02:00,0.718775,0.723005,0.714375,0.718625
2010-09-23T23:00:00+02:00,0.718625,0.719785,0.71508,0.71748
2010-09-24T11:00:00+02:00,0.71748,0.724235,0.71416,0.72159
2010-09-26T23:00:00+02:00,0.722495,0.725325,0.72135,0.72328
2010-09-27T11:00:00+02:00,0.72328,0.72569,0.72108,0.7237
2010-09-27T23:00:00+02:00,0.7237,0.724685,0.71805,0.72178
2010-09-28T11:00:00+02:00,0.72178,0.72548,0.71693,0.72147
2010-09-28T23:00:00+02:00,0.72147,0.723595,0.71909,0.721875
2010-09-29T11:00:00+02:00,0.721875,0.725625,0.7177,0.720995
2010-09-29T23:00:00+02:00,0.720995,0.72214,0.71798,0.720185
2010-09-30T11:00:00+02:00,0.720185,0.723735,0.716295,0.721495
2010-09-30T23:00:00+02:00,0.721495,0.726405,0.720465,0.724255
2010-10-01T11:00:00+02:00,0.724255,0.72829,0.721575,0.72481
2010-10-03T23:00:00+02:00,0.72499,0.72709,0.722215,0.723915
2010-10-04T11:00:00+02:00,0.723915,0.72491,0.71924,0.72062
2010-10-04T23:00:00+02:00,0.72062,0.72093,0.7159,0.717975
2010-10-05T11:00:00+02:00,0.717975,0.72517,0.71674,0.723935
2010-10-05T23:00:00+02:00,0.723935,0.726685,0.72052,0.72639
2010-10-06T11:00:00+02:00,0.72639,0.72752,0.722085,0.723495
2010-10-06T23:00:00+02:00,0.723495,0.72695,0.722485,0.72599
2010-10-07T11:00:00+02:00,0.72599,0.73045,0.722855,0.724825
2010-10-07T23:00:00+02:00,0.724825,0.728195,0.722105,0.72263
2010-10-08T11:00:00+02:00,0.72263,0.72914,0.717375,0.72756
2010-10-10T23:00:00+02:00,0.72692,0.7292,0.722105,0.72537
2010-10-11T11:00:00+02:00,0.72537,0.727485,0.723235,0.725315
2010-10-11T23:00:00+02:00,0.725315,0.728435,0.721625,0.72729
2010-10-12T11:00:00+02:00,0.72729,0.727875,0.720445,0.722555
2010-10-12T23:00:00+02:00,0.722555,0.72564,0.721455,0.72514
2010-10-13T11:00:00+02:00,0.72514,0.733415,0.724035,0.728885
2010-10-13T23:00:00+02:00,0.728885,0.72993,0.722,0.72365
2010-10-14T11:00:00+02:00,0.72365,0.72434,0.71938,0.72353
2010-10-14T23:00:00+02:00,0.72353,0.725515,0.721335,0.72421
2010-10-15T11:00:00+02:00,0.72421,0.725145,0.720465,0.725055
2010-10-17T23:00:00+02:00,0.7246,0.7254,0.72176,0.724335
2010-10-18T11:00:00+02:00,0.724335,0.72722,0.721095,0.724605
2010-10-18T23:00:00+02:00,0.724605,0.72863,0.722515,0.723955
2010-10-19T11:00:00+02:00,0.723955,0.728865,0.720655,0.723235
2010-10-19T23:00:00+02:00,0.723235,0.724785,0.720895,0.72279
2010-10-20T11:00:00+02:00,0.72279,0.72781,0.72105,0.726125
2010-10-20T23:00:00+02:00,0.726125,0.726715,0.72185,0.72468
2010-10-21T11:00:00+02:00,0.72468,0.72622,0.71891,0.721745
2010-10-21T23:00:00+02:00,0.721745,0.730025,0.721075,0.728185
2010-10-22T11:00:00+02:00,0.728185,0.731775,0.725785,0.729535
2010-10-24T23:00:00+02:00,0.730635,0.73331,0.72939,0.731195
2010-10-25T11:00:00+02:00,0.731195,0.733665,0.729825,0.730375
2010-10-25T23:00:00+02:00,0.730375,0.73299,0.729845,0.731735
2010-10-26T11:00:00+02:00,0.731735,0.740255,0.72975,0.73748
2010-10-26T23:00:00+02:00,0.73748,0.739625,0.734885,0.739085
2010-10-27T11:00:00+02:00,0.739085,0.739885,0.73397,0.73811
2010-10-27T23:00:00+02:00,0.73811,0.741395,0.73732,0.73919
2010-10-28T11:00:00+02:00,0.73919,0.74301,0.73798,0.74148
2010-10-28T23:00:00+02:00,0.74148,0.746435,0.738355,0.744605
2010-10-29T11:00:00+02:00,0.744605,0.75412,0.744025,0.752935
2010-10-31T22:00:00+01:00,0.752515,0.75743,0.75095,0.755465
2010-11-01T10:00:00+01:00,0.755465,0.7648,0.755415,0.76099
2010-11-01T22:00:00+01:00,0.76099,0.762335,0.75641,0.75661
2010-11-02T10:00:00+01:00,0.75661,0.76076,0.75333,0.75558
2010-11-02T22:00:00+01:00,0.75558,0.75828,0.754515,0.757615
2010-11-03T10:00:00+01:00,0.757615,0.76198,0.75463,0.75716
2010-11-03T22:00:00+01:00,0.75716,0.766445,0.75545,0.76214
2010-11-04T10:00:00+01:00,0.76214,0.77113,0.760065,0.76148
2010-11-04T22:00:00+01:00,0.76148,0.762495,0.757555,0.759225
2010-11-05T10:00:00+01:00,0.759225,0.76704,0.7548,0.764915
2010-11-07T23:00:00+01:00,0.76363,0.76518,0.75975,0.761055
2010-11-08T11:00:00+01:00,0.761055,0.76229,0.756605,0.76119
2010-11-08T23:00:00+01:00,0.76119,0.761805,0.754515,0.756515
2010-11-09T11:00:00+01:00,0.756515,0.76101,0.75181,0.75293
2010-11-09T23:00:00+01:00,0.75293,0.7604,0.7498,0.759015
2010-11-10T11:00:00+01:00,0.759015,0.76202,0.754485,0.760015
2010-11-10T23:00:00+01:00,0.760015,0.76342,0.7563,0.759905
2010-11-11T11:00:00+01:00,0.759905,0.7627,0.758055,0.76095
2010-11-11T23:00:00+01:00,0.76095,0.761535,0.749805,0.75223
2010-11-12T11:00:00+01:00,0.75223,0.76057,0.75201,0.75881
2010-11-14T23:00:00+01:00,0.76026,0.76069,0.752915,0.75645
2010-11-15T11:00:00+01:00,0.75645,0.765455,0.7563,0.76098
2010-11-15T23:00:00+01:00,0.76098,0.76267,0.758575,0.760205
2010-11-16T11:00:00+01:00,0.760205,0.76562,0.7576,0.764625
2010-11-16T23:00:00+01:00,0.764625,0.766055,0.760285,0.76358
2010-11-17T11:00:00+01:00,0.76358,0.765555,0.761515,0.76384
2010-11-17T23:00:00+01:00,0.76384,0.768005,0.76307,0.766975
2010-11-18T11:00:00+01:00,0.766975,0.77581,0.76579,0.775115
2010-11-18T23:00:00+01:00,0.775115,0.776165,0.76907,0.769435
2010-11-19T11:00:00+01:00,0.769435,0.777695,0.767995,0.77276
2010-11-21T23:00:00+01:00,0.7735,0.776875,0.765415,0.766925
2010-11-22T11:00:00+01:00,0.766925,0.767205,0.76284,0.76389
2010-11-22T23:00:00+01:00,0.76389,0.764945,0.7575,0.759275
2010-11-23T11:00:00+01:00,0.759275,0.76156,0.755055,0.756725
2010-11-23T23:00:00+01:00,0.756725,0.760155,0.754705,0.757405
2010-11-24T11:00:00+01:00,0.757405,0.759305,0.754565,0.75665
2010-11-24T23:00:00+01:00,0.75665,0.7618,0.75343,0.76132
2010-11-25T11:00:00+01:00,0.76132,0.76244,0.75883,0.760455
2010-11-25T23:00:00+01:00,0.760455,0.762485,0.751865,0.753335
2010-11-26T11:00:00+01:00,0.753335,0.75508,0.74964,0.75235
2010-11-28T23:00:00+01:00,0.75442,0.755355,0.74765,0.7505
2010-11-29T11:00:00+01:00,0.7505,0.750955,0.74442,0.74597
2010-11-29T23:00:00+01:00,0.74597,0.74693,0.73932,0.74159
2010-11-30T11:00:00+01:00,0.74159,0.748325,0.739475,0.74511
2010-11-30T23:00:00+01:00,0.74511,0.752675,0.74295,0.75023
2010-12-01T11:00:00+01:00,0.75023,0.75351,0.74786,0.750715
2010-12-01T23:00:00+01:00,0.750715,0.757005,0.74941,0.753575
2010-12-02T11:00:00+01:00,0.753575,0.754035,0.745655,0.74991
2010-12-02T23:00:00+01:00,0.74991,0.752455,0.74864,0.74897
2010-12-03T11:00:00+01:00,0.74897,0.75198,0.74371,0.74579
2010-12-05T23:00:00+01:00,0.74496,0.747115,0.743555,0.74556
2010-12-06T11:00:00+01:00,0.74556,0.75077,0.745385,0.74768
2010-12-06T23:00:00+01:00,0.74768,0.749205,0.744405,0.747525
2010-12-07T11:00:00+01:00,0.747525,0.75024,0.74703,0.74772
2010-12-07T23:00:00+01:00,0.74772,0.748625,0.739815,0.741075
2010-12-08T11:00:00+01:00,0.741075,0.743135,0.73395,0.7372
2010-12-08T23:00:00+01:00,0.7372,0.74091,0.73482,0.73722
2010-12-09T11:00:00+01:00,0.73722,0.73931,0.73396,0.736245
2010-12-09T23:00:00+01:00,0.736245,0.73836,0.735335,0.73638
2010-12-10T11:00:00+01:00,0.73638,0.73918,0.732735,0.732885
2010-12-12T23:00:00+01:00,0.734645,0.737845,0.733025,0.736225
2010-12-13T11:00:00+01:00,0.736225,0.73745,0.72549,0.72693
2010-12-13T23:00:00+01:00,0.72693,0.72864,0.725575,0.726855
2010-12-14T11:00:00+01:00,0.726855,0.728095,0.720785,0.721075
2010-12-14T23:00:00+01:00,0.721075,0.722185,0.71725,0.71833
2010-12-15T11:00:00+01:00,0.71833,0.72102,0.713595,0.716005
2010-12-15T23:00:00+01:00,0.716005,0.71682,0.712025,0.713495
2010-12-16T11:00:00+01:00,0.713495,0.71782,0.710515,0.713975
2010-12-16T23:00:00+01:00,0.713975,0.71549,0.707765,0.709655
2010-12-17T11:00:00+01:00,0.709655,0.716425,0.707575,0.713325
2010-12-19T23:00:00+01:00,0.71272,0.716395,0.712455,0.714975
2010-12-20T11:00:00+01:00,0.714975,0.71845,0.71417,0.71599
2010-12-20T23:00:00+01:00,0.71599,0.720445,0.713455,0.715635
2010-12-21T11:00:00+01:00,0.715635,0.716085,0.71153,0.713005
2010-12-21T23:00:00+01:00,0.713005,0.71417,0.707255,0.709155
2010-12-22T11:00:00+01:00,0.709155,0.71179,0.70343,0.70476
2010-12-22T23:00:00+01:00,0.70476,0.711015,0.70415,0.709415
2010-12-23T11:00:00+01:00,0.709415,0.722575,0.7093,0.7164
2010-12-23T23:00:00+01:00,0.7164,0.721165,0.71435,0.718785
2010-12-24T11:00:00+01:00,0.718785,0.72194,0.71778,0.720835
2010-12-26T23:00:00+01:00,0.7184,0.72181,0.71663,0.72016
2010-12-27T11:00:00+01:00,0.72016,0.72148,0.71806,0.72018
2010-12-27T23:00:00+01:00,0.72018,0.721085,0.714415,0.715485
2010-12-28T11:00:00+01:00,0.715485,0.72424,0.710625,0.719825
2010-12-28T23:00:00+01:00,0.719825,0.725865,0.71774,0.725185
2010-12-29T11:00:00+01:00,0.725185,0.728045,0.72041,0.72676
2010-12-29T23:00:00+01:00,0.72676,0.727435,0.72009,0.722575
2010-12-30T11:00:00+01:00,0.722575,0.72699,0.71901,0.72061
2010-12-30T23:00:00+01:00,0.72061,0.726335,0.72005,0.726045
2010-12-31T11:00:00+01:00,0.726045,0.729355,0.723025,0.72917
2011-01-02T23:00:00+01:00,0.725585,0.729565,0.7244,0.72956
2011-01-03T11:00:00+01:00,0.72956,0.72962,0.721605,0.72181
2011-01-03T23:00:00+01:00,0.72181,0.725675,0.72088,0.723405
2011-01-04T11:00:00+01:00,0.723405,0.730265,0.721875,0.72714
2011-01-04T23:00:00+01:00,0.72714,0.72903,0.723785,0.728325
2011-01-05T11:00:00+01:00,0.728325,0.73661,0.72625,0.73128
2011-01-05T23:00:00+01:00,0.73128,0.73449,0.730755,0.73161
2011-01-06T11:00:00+01:00,0.73161,0.73537,0.728055,0.730555
2011-01-06T23:00:00+01:00,0.730555,0.73302,0.728745,0.72978
2011-01-07T11:00:00+01:00,0.72978,0.737575,0.72716,0.734895
2011-01-09T23:00:00+01:00,0.734455,0.736965,0.731175,0.731785
2011-01-10T11:00:00+01:00,0.731785,0.74039,0.730805,0.73877
2011-01-10T23:00:00+01:00,0.73877,0.739155,0.73342,0.734365
2011-01-11T11:00:00+01:00,0.734365,0.74235,0.733355,0.74057
2011-01-11T23:00:00+01:00,0.74057,0.74264,0.73861,0.74005
2011-01-12T11:00:00+01:00,0.74005,0.740265,0.735105,0.73838
2011-01-12T23:00:00+01:00,0.73838,0.748135,0.7368,0.746175
2011-01-13T11:00:00+01:00,0.746175,0.748055,0.739135,0.743425
2011-01-13T23:00:00+01:00,0.743425,0.745305,0.73737,0.73786
2011-01-14T11:00:00+01:00,0.73786,0.74372,0.73552,0.738185
2011-01-16T23:00:00+01:00,0.73966,0.745225,0.739225,0.74453
2011-01-17T11:00:00+01:00,0.74453,0.74817,0.74442,0.74505
2011-01-17T23:00:00+01:00,0.74505,0.7455,0.73865,0.740895
2011-01-18T11:00:00+01:00,0.740895,0.74394,0.738645,0.743625
2011-01-18T23:00:00+01:00,0.743625,0.74523,0.74243,0.74324
2011-01-19T11:00:00+01:00,0.74324,0.74804,0.73376,0.73409
2011-01-19T23:00:00+01:00,0.73409,0.734185,0.727595,0.729605
2011-01-20T11:00:00+01:00,0.729605,0.73738,0.72655,0.732225
2011-01-20T23:00:00+01:00,0.732225,0.733315,0.72594,0.727895
2011-01-21T11:00:00+01:00,0.727895,0.73079,0.72456,0.726085
2011-01-23T23:00:00+01:00,0.724595,0.73094,0.724595,0.7284
2011-01-24T11:00:00+01:00,0.7284,0.72907,0.722835,0.724465
2011-01-24T23:00:00+01:00,0.724465,0.728295,0.7223,0.72374
2011-01-25T11:00:00+01:00,0.72374,0.72496,0.7199,0.72445
2011-01-25T23:00:00+01:00,0.72445,0.72717,0.7221,0.725625
2011-01-26T11:00:00+01:00,0.725625,0.728485,0.721405,0.72752
2011-01-26T23:00:00+01:00,0.72752,0.730485,0.72515,0.72801
2011-01-27T11:00:00+01:00,0.72801,0.732385,0.724885,0.73006
2011-01-27T23:00:00+01:00,0.73006,0.732185,0.72873,0.73124
2011-01-28T11:00:00+01:00,0.73124,0.73495,0.726665,0.728755
2011-01-30T23:00:00+01:00,0.724705,0.728695,0.723815,0.725195
2011-01-31T11:00:00+01:00,0.725195,0.72979,0.72462,0.72967
2011-01-31T23:00:00+01:00,0.72967,0.7323,0.727325,0.73096
2011-02-01T11:00:00+01:00,0.73096,0.73422,0.72892,0.73084
2011-02-01T23:00:00+01:00,0.73084,0.73215,0.728155,0.730525
2011-02-02T11:00:00+01:00,0.730525,0.7354,0.7256,0.727135
2011-02-02T23:00:00+01:00,0.727135,0.729365,0.724715,0.72863
2011-02-03T11:00:00+01:00,0.72863,0.733825,0.72794,0.73125
2011-02-03T23:00:00+01:00,0.73125,0.73318,0.73066,0.731615
2011-02-04T11:00:00+01:00,0.731615,0.74,0.72945,0.735395
2011-02-06T23:00:00+01:00,0.73704,0.737455,0.73398,0.73691
2011-02-07T11:00:00+01:00,0.73691,0.73862,0.73514,0.735595
2011-02-07T23:00:00+01:00,0.735595,0.742195,0.73547,0.740535
2011-02-08T11:00:00+01:00,0.740535,0.74741,0.737665,0.74663
2011-02-08T23:00:00+01:00,0.74663,0.74777,0.742275,0.74324
2011-02-09T11:00:00+01:00,0.74324,0.746065,0.737885,0.739765
2011-02-09T23:00:00+01:00,0.739765,0.740725,0.7359,0.73723
2011-02-10T11:00:00+01:00,0.73723,0.742475,0.73723,0.740755
2011-02-10T23:00:00+01:00,0.740755,0.74094,0.73434,0.73569
2011-02-11T11:00:00+01:00,0.73569,0.74162,0.735335,0.740135
2011-02-13T23:00:00+01:00,0.73713,0.739525,0.735125,0.73556
2011-02-14T11:00:00+01:00,0.73556,0.736465,0.732415,0.734075
2011-02-14T23:00:00+01:00,0.734075,0.735195,0.72993,0.73074
2011-02-15T11:00:00+01:00,0.73074,0.73291,0.72548,0.727085
2011-02-15T23:00:00+01:00,0.727085,0.7282,0.723585,0.726295
2011-02-16T11:00:00+01:00,0.726295,0.732345,0.7208,0.724055
2011-02-16T23:00:00+01:00,0.724055,0.72556,0.7212,0.721675
2011-02-17T11:00:00+01:00,0.721675,0.723565,0.71733,0.720775
2011-02-17T23:00:00+01:00,0.720775,0.726515,0.719935,0.724585
2011-02-18T11:00:00+01:00,0.724585,0.725725,0.71858,0.719365
2011-02-20T23:00:00+01:00,0.71981,0.72439,0.719765,0.72339
2011-02-21T11:00:00+01:00,0.72339,0.72492,0.719915,0.72315
2011-02-21T23:00:00+01:00,0.72315,0.723455,0.70599,0.70599
2011-02-22T11:00:00+01:00,0.70599,0.70718,0.699495,0.700755
2011-02-22T23:00:00+01:00,0.700755,0.70454,0.697495,0.70024
2011-02-23T11:00:00+01:00,0.70024,0.7014,0.69295,0.695785
2011-02-23T23:00:00+01:00,0.695785,0.69623,0.688825,0.69128
2011-02-24T11:00:00+01:00,0.69128,0.695665,0.689975,0.69233
2011-02-24T23:00:00+01:00,0.69233,0.696345,0.690615,0.69347
2011-02-25T11:00:00+01:00,0.69347,0.7007,0.693455,0.69774
2011-02-27T23:00:00+01:00,0.69678,0.69989,0.69496,0.69619
2011-02-28T11:00:00+01:00,0.69619,0.70034,0.695955,0.698875
2011-02-28T23:00:00+01:00,0.698875,0.70124,0.69764,0.69923
2011-03-01T11:00:00+01:00,0.69923,0.700535,0.69344,0.69377
2011-03-01T23:00:00+01:00,0.69377,0.69463,0.68545,0.68701
2011-03-02T11:00:00+01:00,0.68701,0.68809,0.6836,0.686385
2011-03-02T23:00:00+01:00,0.686385,0.691625,0.68546,0.690595
2011-03-03T11:00:00+01:00,0.690595,0.693265,0.68794,0.69031
2011-03-03T23:00:00+01:00,0.69031,0.69045,0.684625,0.685085
2011-03-04T11:00:00+01:00,0.685085,0.686175,0.680005,0.68227
2011-03-06T23:00:00+01:00,0.682235,0.684275,0.68034,0.68344
2011-03-07T11:00:00+01:00,0.68344,0.6843,0.680325,0.682825
2011-03-07T23:00:00+01:00,0.682825,0.692255,0.682585,0.689785
2011-03-08T11:00:00+01:00,0.689785,0.69292,0.688765,0.6916
2011-03-08T23:00:00+01:00,0.6916,0.693755,0.689605,0.69067
2011-03-09T11:00:00+01:00,0.69067,0.6912,0.68243,0.68482
2011-03-09T23:00:00+01:00,0.68482,0.687625,0.68328,0.68622
2011-03-10T11:00:00+01:00,0.68622,0.68794,0.68353,0.68542
2011-03-10T23:00:00+01:00,0.68542,0.68755,0.682725,0.68664
2011-03-11T11:00:00+01:00,0.68664,0.692245,0.68559,0.690515
2011-03-13T22:00:00+01:00,0.688365,0.6894,0.68272,0.687065
2011-03-14T10:00:00+01:00,0.687065,0.687215,0.681055,0.683465
2011-03-14T22:00:00+01:00,0.683465,0.68448,0.674255,0.675535
2011-03-15T10:00:00+01:00,0.675535,0.675595,0.66776,0.67067
2011-03-15T22:00:00+01:00,0.67067,0.675825,0.66866,0.674025
2011-03-16T10:00:00+01:00,0.674025,0.67489,0.658455,0.6612
2011-03-16T22:00:00+01:00,0.6612,0.66123,0.63812,0.65426
2011-03-17T10:00:00+01:00,0.65426,0.65502,0.64447,0.644995
2011-03-17T22:00:00+01:00,0.644995,0.662615,0.64374,0.65471
2011-03-18T10:00:00+01:00,0.65471,0.662655,0.65315,0.658385
2011-03-20T22:00:00+01:00,0.657855,0.665,0.65639,0.66491
2011-03-21T10:00:00+01:00,0.66491,0.66709,0.66306,0.665485
2011-03-21T22:00:00+01:00,0.665485,0.6725,0.663945,0.67134
2011-03-22T10:00:00+01:00,0.67134,0.67323,0.66748,0.668625
2011-03-22T22:00:00+01:00,0.668625,0.67071,0.664815,0.66564
2011-03-23T10:00:00+01:00,0.66564,0.674985,0.664765,0.67285
2011-03-23T22:00:00+01:00,0.67285,0.68173,0.67214,0.67923
2011-03-24T10:00:00+01:00,0.67923,0.681745,0.67702,0.68042
2011-03-24T22:00:00+01:00,0.68042,0.687075,0.679705,0.68667
2011-03-25T10:00:00+01:00,0.68667,0.694525,0.68594,0.693075
2011-03-27T23:00:00+02:00,0.694155,0.694315,0.688745,0.68902
2011-03-28T11:00:00+02:00,0.68902,0.69303,0.68756,0.68882
2011-03-28T23:00:00+02:00,0.68882,0.69067,0.686585,0.68972
2011-03-29T11:00:00+02:00,0.68972,0.698335,0.689295,0.695815
2011-03-29T23:00:00+02:00,0.695815,0.70186,0.69576,0.70054
2011-03-30T11:00:00+02:00,0.70054,0.70725,0.69854,0.70003
2011-03-30T23:00:00+02:00,0.70003,0.70092,0.69603,0.69737
2011-03-31T11:00:00+02:00,0.69737,0.700945,0.695635,0.699725
2011-03-31T23:00:00+02:00,0.699725,0.70269,0.697085,0.70219
2011-04-01T11:00:00+02:00,0.70219,0.71226,0.70161,0.709355
2011-04-03T23:00:00+02:00,0.709915,0.71246,0.708185,0.71041
2011-04-04T11:00:00+02:00,0.71041,0.71087,0.70498,0.709055
2011-04-04T23:00:00+02:00,0.709055,0.71082,0.70729,0.7102
2011-04-05T11:00:00+02:00,0.7102,0.713605,0.70857,0.711055
2011-04-05T23:00:00+02:00,0.711055,0.717615,0.708675,0.710375
2011-04-06T11:00:00+02:00,0.710375,0.71709,0.70715,0.716415
2011-04-06T23:00:00+02:00,0.716415,0.717525,0.70972,0.71349
2011-04-07T11:00:00+02:00,0.71349,0.716125,0.70849,0.71376
2011-04-07T23:00:00+02:00,0.71376,0.71504,0.710545,0.71194
2011-04-08T11:00:00+02:00,0.71194,0.71426,0.708455,0.709525
2011-04-10T23:00:00+02:00,0.710595,0.71276,0.708,0.71023
2011-04-11T11:00:00+02:00,0.71023,0.71273,0.70565,0.706915
2011-04-11T23:00:00+02:00,0.706915,0.710085,0.699305,0.70562
2011-04-12T11:00:00+02:00,0.70562,0.70879,0.701775,0.70258
2011-04-12T23:00:00+02:00,0.70258,0.71003,0.701775,0.70894
2011-04-13T11:00:00+02:00,0.70894,0.71055,0.705305,0.7076
2011-04-13T23:00:00+02:00,0.7076,0.710545,0.704745,0.70797
2011-04-14T11:00:00+02:00,0.70797,0.708645,0.703345,0.708395
2011-04-14T23:00:00+02:00,0.708395,0.711375,0.707455,0.71018
2011-04-15T11:00:00+02:00,0.71018,0.715275,0.70878,0.713375
2011-04-17T23:00:00+02:00,0.71394,0.71433,0.707495,0.708235
2011-04-18T11:00:00+02:00,0.708235,0.709785,0.70139,0.70907
2011-04-18T23:00:00+02:00,0.70907,0.709205,0.70115,0.705325
2011-04-19T11:00:00+02:00,0.705325,0.710265,0.705055,0.70979
2011-04-19T23:00:00+02:00,0.70979,0.714,0.708915,0.713785
2011-04-20T11:00:00+02:00,0.713785,0.714795,0.70516,0.70865
2011-04-20T23:00:00+02:00,0.70865,0.712905,0.70601,0.70664
2011-04-21T11:00:00+02:00,0.70664,0.71054,0.70374,0.709335
2011-04-21T23:00:00+02:00,0.709335,0.71186,0.709225,0.70973
2011-04-22T11:00:00+02:00,0.70973,0.71146,0.70883,0.710645
2011-04-24T23:00:00+02:00,0.709795,0.71133,0.707635,0.708195
2011-04-25T11:00:00+02:00,0.708195,0.708465,0.703365,0.70431
2011-04-25T23:00:00+02:00,0.70431,0.707945,0.703165,0.70478
2011-04-26T11:00:00+02:00,0.70478,0.70887,0.70353,0.70519
2011-04-26T23:00:00+02:00,0.70519,0.706775,0.699755,0.70582
2011-04-27T11:00:00+02:00,0.70582,0.70902,0.703985,0.706675
2011-04-27T23:00:00+02:00,0.706675,0.706875,0.70015,0.70155
2011-04-28T11:00:00+02:00,0.70155,0.70219,0.696325,0.70108
2011-04-28T23:00:00+02:00,0.70108,0.70324,0.697345,0.697535
2011-04-29T11:00:00+02:00,0.697535,0.701545,0.69659,0.700855
2011-05-01T23:00:00+02:00,0.7003,0.702075,0.69566,0.700805
2011-05-02T11:00:00+02:00,0.700805,0.701215,0.69598,0.697775
2011-05-02T23:00:00+02:00,0.697775,0.69795,0.693465,0.693795
2011-05-03T11:00:00+02:00,0.693795,0.695045,0.68677,0.687885
2011-05-03T23:00:00+02:00,0.687885,0.689145,0.682365,0.683395
2011-05-04T11:00:00+02:00,0.683395,0.684355,0.6744,0.68054
2011-05-04T23:00:00+02:00,0.68054,0.68393,0.67716,0.67767
2011-05-05T11:00:00+02:00,0.67767,0.68562,0.67401,0.682815
2011-05-05T23:00:00+02:00,0.682815,0.68889,0.681675,0.686825
2011-05-06T11:00:00+02:00,0.686825,0.69748,0.684415,0.69503
2011-05-08T23:00:00+02:00,0.694795,0.695505,0.692275,0.69392
2011-05-09T11:00:00+02:00,0.69392,0.694905,0.691155,0.69348
2011-05-09T23:00:00+02:00,0.69348,0.69701,0.6895,0.696885
2011-05-10T11:00:00+02:00,0.696885,0.70118,0.69404,0.69958
2011-05-10T23:00:00+02:00,0.69958,0.70166,0.698045,0.699555
2011-05-11T11:00:00+02:00,0.699555,0.70135,0.69827,0.700435
2011-05-11T23:00:00+02:00,0.700435,0.70246,0.69757,0.69914
2011-05-12T11:00:00+02:00,0.69914,0.70615,0.696025,0.70338
2011-05-12T23:00:00+02:00,0.70338,0.705415,0.69882,0.70068
2011-05-13T11:00:00+02:00,0.70068,0.705455,0.69789,0.70298
2011-05-15T23:00:00+02:00,0.70137,0.70365,0.696115,0.696985
2011-05-16T11:00:00+02:00,0.696985,0.697025,0.688505,0.6897
2011-05-16T23:00:00+02:00,0.6897,0.69302,0.68909,0.691065
2011-05-17T11:00:00+02:00,0.691065,0.693365,0.687325,0.690785
2011-05-17T23:00:00+02:00,0.690785,0.695695,0.688875,0.693735
2011-05-18T11:00:00+02:00,0.693735,0.697225,0.69246,0.69508
2011-05-18T23:00:00+02:00,0.69508,0.69865,0.69391,0.697635
2011-05-19T11:00:00+02:00,0.697635,0.699905,0.69388,0.696585
2011-05-19T23:00:00+02:00,0.696585,0.699615,0.69648,0.699555
2011-05-20T11:00:00+02:00,0.699555,0.702895,0.69394,0.69883
2011-05-22T23:00:00+02:00,0.69819,0.69877,0.693435,0.6965
2011-05-23T11:00:00+02:00,0.6965,0.69966,0.69418,0.69846
2011-05-23T23:00:00+02:00,0.69846,0.705405,0.697885,0.704895
2011-05-24T11:00:00+02:00,0.704895,0.7057,0.69946,0.700725
2011-05-24T23:00:00+02:00,0.700725,0.702315,0.6958,0.69724
2011-05-25T11:00:00+02:00,0.69724,0.700005,0.694925,0.696975
2011-05-25T23:00:00+02:00,0.696975,0.70644,0.695095,0.703385
2011-05-26T11:00:00+02:00,0.703385,0.705525,0.69954,0.70236
2011-05-26T23:00:00+02:00,0.70236,0.70472,0.69819,0.6994
2011-05-27T11:00:00+02:00,0.6994,0.7024,0.69084,0.695915
2011-05-29T23:00:00+02:00,0.695175,0.69948,0.6948,0.694975
2011-05-30T11:00:00+02:00,0.694975,0.697185,0.693985,0.695775
2011-05-30T23:00:00+02:00,0.695775,0.70419,0.694825,0.70218
2011-05-31T11:00:00+02:00,0.70218,0.70454,0.700065,0.703545
2011-05-31T23:00:00+02:00,0.703545,0.70431,0.69746,0.69869
2011-06-01T11:00:00+02:00,0.69869,0.69962,0.68519,0.68588
2011-06-01T23:00:00+02:00,0.68588,0.68998,0.683495,0.687735
2011-06-02T11:00:00+02:00,0.687735,0.689305,0.68336,0.68709
2011-06-02T23:00:00+02:00,0.68709,0.69037,0.68455,0.684635
2011-06-03T11:00:00+02:00,0.684635,0.68469,0.67414,0.680145
2011-06-05T23:00:00+02:00,0.68107,0.683735,0.679165,0.68271
2011-06-06T11:00:00+02:00,0.68271,0.68461,0.67882,0.67981
2011-06-06T23:00:00+02:00,0.67981,0.685835,0.67911,0.684805
2011-06-07T11:00:00+02:00,0.684805,0.68932,0.684385,0.68614
2011-06-07T23:00:00+02:00,0.68614,0.687355,0.680685,0.682665
2011-06-08T11:00:00+02:00,0.682665,0.68416,0.680595,0.681165
2011-06-08T23:00:00+02:00,0.681165,0.6895,0.68061,0.68852
2011-06-09T11:00:00+02:00,0.68852,0.698435,0.68852,0.693965
2011-06-09T23:00:00+02:00,0.693965,0.696165,0.69293,0.6957
2011-06-10T11:00:00+02:00,0.6957,0.69735,0.69141,0.69259
2011-06-12T23:00:00+02:00,0.69154,0.69239,0.68352,0.68367
2011-06-13T11:00:00+02:00,0.68367,0.684985,0.678545,0.68271
2011-06-13T23:00:00+02:00,0.68271,0.68868,0.680065,0.68826
2011-06-14T11:00:00+02:00,0.68826,0.69301,0.685495,0.691625
2011-06-14T23:00:00+02:00,0.691625,0.69332,0.68777,0.691915
2011-06-15T11:00:00+02:00,0.691915,0.69262,0.68549,0.687935
2011-06-15T23:00:00+02:00,0.687935,0.688515,0.681325,0.681325
2011-06-16T11:00:00+02:00,0.681325,0.684165,0.676765,0.68219
2011-06-16T23:00:00+02:00,0.68219,0.685725,0.679955,0.681255
2011-06-17T11:00:00+02:00,0.681255,0.69053,0.68071,0.6897
2011-06-19T23:00:00+02:00,0.68801,0.689185,0.681205,0.682055
2011-06-20T11:00:00+02:00,0.682055,0.685735,0.681265,0.685485
2011-06-20T23:00:00+02:00,0.685485,0.686925,0.68141,0.686125
2011-06-21T11:00:00+02:00,0.686125,0.686565,0.6816,0.68305
2011-06-21T23:00:00+02:00,0.68305,0.687145,0.68249,0.686285
2011-06-22T11:00:00+02:00,0.686285,0.687175,0.682905,0.68366
2011-06-22T23:00:00+02:00,0.68366,0.688875,0.683355,0.684005
2011-06-23T11:00:00+02:00,0.684005,0.684685,0.677695,0.6827
2011-06-23T23:00:00+02:00,0.6827,0.68352,0.679365,0.682945
2011-06-24T11:00:00+02:00,0.682945,0.683365,0.67502,0.67614
2011-06-26T23:00:00+02:00,0.673055,0.67471,0.669455,0.67265
2011-06-27T11:00:00+02:00,0.67265,0.675645,0.66851,0.67286
2011-06-27T23:00:00+02:00,0.67286,0.673755,0.670485,0.671475
2011-06-28T11:00:00+02:00,0.671475,0.676145,0.668075,0.67559
2011-06-28T23:00:00+02:00,0.67559,0.682455,0.67423,0.680945
2011-06-29T11:00:00+02:00,0.680945,0.689935,0.680835,0.68842
2011-06-29T23:00:00+02:00,0.68842,0.69188,0.68788,0.69099
2011-06-30T11:00:00+02:00,0.69099,0.70062,0.68897,0.696865
2011-06-30T23:00:00+02:00,0.696865,0.700395,0.69433,0.700315
2011-07-01T11:00:00+02:00,0.700315,0.70356,0.696995,0.700245
2011-07-03T23:00:00+02:00,0.70285,0.704955,0.701075,0.70428
2011-07-04T11:00:00+02:00,0.70428,0.70528,0.70258,0.703485
2011-07-04T23:00:00+02:00,0.703485,0.7064,0.69867,0.69999
2011-07-05T11:00:00+02:00,0.69999,0.701925,0.692445,0.693645
2011-07-05T23:00:00+02:00,0.693645,0.69796,0.69324,0.697145
2011-07-06T11:00:00+02:00,0.697145,0.697875,0.69205,0.694155
2011-07-06T23:00:00+02:00,0.694155,0.696035,0.692895,0.695375
2011-07-07T11:00:00+02:00,0.695375,0.704605,0.695145,0.703685
2011-07-07T23:00:00+02:00,0.703685,0.70785,0.701935,0.70718
2011-07-08T11:00:00+02:00,0.70718,0.70936,0.6963,0.701015
2011-07-10T23:00:00+02:00,0.700125,0.700475,0.69767,0.698895
2011-07-11T11:00:00+02:00,0.698895,0.699245,0.69064,0.693025
2011-07-11T23:00:00+02:00,0.693025,0.6941,0.67709,0.68008
2011-07-12T11:00:00+02:00,0.68008,0.686985,0.67772,0.67937
2011-07-12T23:00:00+02:00,0.67937,0.68638,0.67712,0.68546
2011-07-13T11:00:00+02:00,0.68546,0.68949,0.682735,0.68474
2011-07-13T23:00:00+02:00,0.68474,0.689905,0.678695,0.689585
2011-07-14T11:00:00+02:00,0.689585,0.6926,0.685575,0.687225
2011-07-14T23:00:00+02:00,0.687225,0.688555,0.685145,0.686565
2011-07-15T11:00:00+02:00,0.686565,0.69057,0.685355,0.68877
2011-07-17T23:00:00+02:00,0.68457,0.69085,0.682855,0.69085
2011-07-18T11:00:00+02:00,0.69085,0.6919,0.68838,0.69088
2011-07-18T23:00:00+02:00,0.69088,0.69862,0.68892,0.69785
2011-07-19T11:00:00+02:00,0.69785,0.70792,0.69651,0.705245
2011-07-19T23:00:00+02:00,0.705245,0.706295,0.70257,0.7033
2011-07-20T11:00:00+02:00,0.7033,0.70385,0.698385,0.701895
2011-07-20T23:00:00+02:00,0.701895,0.706935,0.701135,0.703815
2011-07-21T11:00:00+02:00,0.703815,0.7085,0.702195,0.703545
2011-07-21T23:00:00+02:00,0.703545,0.71178,0.701325,0.71056
2011-07-22T11:00:00+02:00,0.71056,0.71219,0.704135,0.70825
2011-07-24T23:00:00+02:00,0.70167,0.704565,0.694745,0.696985
2011-07-25T11:00:00+02:00,0.696985,0.69955,0.69347,0.6965
2011-07-25T23:00:00+02:00,0.6965,0.70065,0.6923,0.69956
2011-07-26T11:00:00+02:00,0.69956,0.701805,0.69651,0.69761
2011-07-26T23:00:00+02:00,0.69761,0.702535,0.6971,0.70054
2011-07-27T11:00:00+02:00,0.70054,0.70221,0.69594,0.69727
2011-07-27T23:00:00+02:00,0.69727,0.70157,0.69566,0.69997
2011-07-28T11:00:00+02:00,0.69997,0.70239,0.69579,0.698035
2011-07-28T23:00:00+02:00,0.698035,0.698295,0.69231,0.694045
2011-07-29T11:00:00+02:00,0.694045,0.694165,0.68282,0.691035
2011-07-31T23:00:00+02:00,0.69785,0.702,0.69519,0.696815
2011-08-01T11:00:00+02:00,0.696815,0.697085,0.67779,0.686815
2011-08-01T23:00:00+02:00,0.686815,0.688735,0.677435,0.68094
2011-08-02T11:00:00+02:00,0.68094,0.68216,0.66047,0.6605
2011-08-02T23:00:00+02:00,0.6605,0.674055,0.654965,0.671565
2011-08-03T11:00:00+02:00,0.671565,0.674485,0.65706,0.66523
2011-08-03T23:00:00+02:00,0.66523,0.66793,0.66003,0.66193
2011-08-04T11:00:00+02:00,0.66193,0.663415,0.637905,0.638735
2011-08-04T23:00:00+02:00,0.638735,0.647045,0.63093,0.64378
2011-08-05T11:00:00+02:00,0.64378,0.65116,0.632015,0.647065
2011-08-07T23:00:00+02:00,0.63927,0.63983,0.622095,0.63081
2011-08-08T11:00:00+02:00,0.63081,0.63612,0.61891,0.61982
2011-08-08T23:00:00+02:00,0.61982,0.62569,0.59682,0.61199
2011-08-09T11:00:00+02:00,0.61199,0.61264,0.573765,0.60365
2011-08-09T23:00:00+02:00,0.60365,0.61185,0.598115,0.60424
2011-08-10T11:00:00+02:00,0.60424,0.60844,0.586615,0.589395
2011-08-10T23:00:00+02:00,0.589395,0.60759,0.586445,0.6069
2011-08-11T11:00:00+02:00,0.6069,0.63629,0.601395,0.633255
2011-08-11T23:00:00+02:00,0.633255,0.63952,0.617935,0.635655
2011-08-12T11:00:00+02:00,0.635655,0.64865,0.634045,0.647285
2011-08-14T23:00:00+02:00,0.652455,0.670815,0.65135,0.66459
2011-08-15T11:00:00+02:00,0.66459,0.66579,0.645185,0.653135
2011-08-15T23:00:00+02:00,0.653135,0.654875,0.64565,0.64857
2011-08-16T11:00:00+02:00,0.64857,0.66581,0.643415,0.665745
2011-08-16T23:00:00+02:00,0.665745,0.669615,0.6524,0.65475
2011-08-17T11:00:00+02:00,0.65475,0.671085,0.65464,0.661645
2011-08-17T23:00:00+02:00,0.661645,0.66636,0.65747,0.66127
2011-08-18T11:00:00+02:00,0.66127,0.66335,0.648735,0.652325
2011-08-18T23:00:00+02:00,0.652325,0.654505,0.646845,0.65178
2011-08-19T11:00:00+02:00,0.65178,0.65404,0.64176,0.64176
2011-08-21T23:00:00+02:00,0.64693,0.647555,0.64062,0.64674
2011-08-22T11:00:00+02:00,0.64674,0.653725,0.64607,0.65128
2011-08-22T23:00:00+02:00,0.65128,0.657815,0.64743,0.654125
2011-08-23T11:00:00+02:00,0.654125,0.662885,0.653485,0.662435
2011-08-23T23:00:00+02:00,0.662435,0.662575,0.65461,0.6558
2011-08-24T11:00:00+02:00,0.6558,0.65976,0.6532,0.659315
2011-08-24T23:00:00+02:00,0.659315,0.66096,0.65671,0.65717
2011-08-25T11:00:00+02:00,0.65717,0.664,0.655055,0.65598
2011-08-25T23:00:00+02:00,0.65598,0.66028,0.6559,0.65956
2011-08-26T11:00:00+02:00,0.65956,0.68117,0.65956,0.677115
2011-08-28T23:00:00+02:00,0.678925,0.69034,0.67713,0.68682
2011-08-29T11:00:00+02:00,0.68682,0.69667,0.68635,0.69028
2011-08-29T23:00:00+02:00,0.69028,0.697935,0.689635,0.692285
2011-08-30T11:00:00+02:00,0.692285,0.70126,0.692275,0.699575
2011-08-30T23:00:00+02:00,0.699575,0.700135,0.692375,0.694535
2011-08-31T11:00:00+02:00,0.694535,0.695195,0.68257,0.68839
2011-08-31T23:00:00+02:00,0.68839,0.689825,0.676005,0.67875
2011-09-01T11:00:00+02:00,0.67875,0.682915,0.67467,0.676835
2011-09-01T23:00:00+02:00,0.676835,0.67803,0.663595,0.663905
2011-09-02T11:00:00+02:00,0.663905,0.66984,0.65697,0.66855
2011-09-04T23:00:00+02:00,0.664825,0.667065,0.659045,0.659755
2011-09-05T11:00:00+02:00,0.659755,0.662195,0.64965,0.655025
2011-09-05T23:00:00+02:00,0.655025,0.717585,0.649085,0.706725
2011-09-06T11:00:00+02:00,0.706725,0.710565,0.705075,0.70914
2011-09-06T23:00:00+02:00,0.70914,0.71149,0.7067,0.709585
2011-09-07T11:00:00+02:00,0.709585,0.71613,0.709375,0.713355
2011-09-07T23:00:00+02:00,0.713355,0.72115,0.712915,0.72105
2011-09-08T11:00:00+02:00,0.72105,0.730275,0.71997,0.727455
2011-09-08T23:00:00+02:00,0.727455,0.732045,0.726725,0.731185
2011-09-09T11:00:00+02:00,0.731185,0.733275,0.72401,0.726455
2011-09-11T23:00:00+02:00,0.729275,0.730835,0.72063,0.72321
2011-09-12T11:00:00+02:00,0.72321,0.72782,0.72223,0.724615
2011-09-12T23:00:00+02:00,0.724615,0.728205,0.723415,0.72513
2011-09-13T11:00:00+02:00,0.72513,0.72766,0.72261,0.724425
2011-09-13T23:00:00+02:00,0.724425,0.72678,0.71989,0.721575
2011-09-14T11:00:00+02:00,0.721575,0.724385,0.716575,0.72094
2011-09-14T23:00:00+02:00,0.72094,0.72145,0.71414,0.718
2011-09-15T11:00:00+02:00,0.718,0.71953,0.714295,0.71622
2011-09-15T23:00:00+02:00,0.71622,0.72412,0.7151,0.72405
2011-09-16T11:00:00+02:00,0.72405,0.72931,0.72338,0.72599
2011-09-18T23:00:00+02:00,0.726405,0.73066,0.724395,0.726835
2011-09-19T11:00:00+02:00,0.726835,0.729485,0.722775,0.727635
2011-09-19T23:00:00+02:00,0.727635,0.72783,0.72356,0.72502
2011-09-20T11:00:00+02:00,0.72502,0.73546,0.72465,0.731645
2011-09-20T23:00:00+02:00,0.731645,0.740245,0.728115,0.73333
2011-09-21T11:00:00+02:00,0.73333,0.735975,0.718465,0.721285
2011-09-21T23:00:00+02:00,0.721285,0.72452,0.71538,0.71903
2011-09-22T11:00:00+02:00,0.71903,0.71987,0.70326,0.70917
2011-09-22T23:00:00+02:00,0.70917,0.71465,0.705565,0.708
2011-09-23T11:00:00+02:00,0.708,0.70983,0.69938,0.70207
2011-09-25T23:00:00+02:00,0.702435,0.706035,0.69686,0.70314
2011-09-26T11:00:00+02:00,0.70314,0.70508,0.693385,0.70327
2011-09-26T23:00:00+02:00,0.70327,0.71196,0.701515,0.71154
2011-09-27T11:00:00+02:00,0.71154,0.713,0.704865,0.70648
2011-09-27T23:00:00+02:00,0.70648,0.70825,0.704585,0.705335
2011-09-28T11:00:00+02:00,0.705335,0.70698,0.69725,0.69924
2011-09-28T23:00:00+02:00,0.69924,0.70008,0.694735,0.69907
2011-09-29T11:00:00+02:00,0.69907,0.70068,0.68766,0.691715
2011-09-29T23:00:00+02:00,0.691715,0.692065,0.687135,0.688035
2011-09-30T11:00:00+02:00,0.688035,0.695535,0.68731,0.691445
2011-10-02T23:00:00+02:00,0.693445,0.69471,0.69037,0.69246
2011-10-03T11:00:00+02:00,0.69246,0.69839,0.690885,0.693765
2011-10-03T23:00:00+02:00,0.693765,0.697555,0.689845,0.69462
2011-10-04T11:00:00+02:00,0.69462,0.70161,0.690275,0.69665
2011-10-04T23:00:00+02:00,0.69665,0.70288,0.695885,0.70194
2011-10-05T11:00:00+02:00,0.70194,0.709015,0.69838,0.707315
2011-10-05T23:00:00+02:00,0.707315,0.7152,0.70459,0.71328
2011-10-06T11:00:00+02:00,0.71328,0.71527,0.70541,0.710345
2011-10-06T23:00:00+02:00,0.710345,0.71399,0.707275,0.71113
2011-10-07T11:00:00+02:00,0.71113,0.717625,0.709715,0.71431
2011-10-09T23:00:00+02:00,0.712395,0.717515,0.709535,0.710255
2011-10-10T11:00:00+02:00,0.710255,0.71162,0.7059,0.70838
2011-10-10T23:00:00+02:00,0.70838,0.709565,0.70522,0.70579
2011-10-11T11:00:00+02:00,0.70579,0.7113,0.70486,0.70863
2011-10-11T23:00:00+02:00,0.70863,0.713915,0.70542,0.711285
2011-10-12T11:00:00+02:00,0.711285,0.714295,0.709255,0.712365
2011-10-12T23:00:00+02:00,0.712365,0.71444,0.710065,0.71112
2011-10-13T11:00:00+02:00,0.71112,0.714635,0.71057,0.71439
2011-10-13T23:00:00+02:00,0.71439,0.71546,0.71196,0.71477
2011-10-14T11:00:00+02:00,0.71477,0.719305,0.71414,0.718095
2011-10-16T23:00:00+02:00,0.715925,0.718825,0.714575,0.717835
2011-10-17T11:00:00+02:00,0.717835,0.720045,0.710875,0.711845
2011-10-17T23:00:00+02:00,0.711845,0.713435,0.708905,0.710945
2011-10-18T11:00:00+02:00,0.710945,0.71756,0.709935,0.715085
2011-10-18T23:00:00+02:00,0.715085,0.720245,0.712465,0.71921
2011-10-19T11:00:00+02:00,0.71921,0.719785,0.71357,0.714865
2011-10-19T23:00:00+02:00,0.714865,0.719315,0.714425,0.71683
2011-10-20T11:00:00+02:00,0.71683,0.71683,0.707895,0.70883
2011-10-20T23:00:00+02:00,0.70883,0.71066,0.70221,0.705875
2011-10-21T11:00:00+02:00,0.705875,0.712145,0.705235,0.708775
2011-10-23T23:00:00+02:00,0.709235,0.714965,0.70679,0.711485
2011-10-24T11:00:00+02:00,0.711485,0.714715,0.71018,0.71114
2011-10-24T23:00:00+02:00,0.71114,0.71169,0.70617,0.70657
2011-10-25T11:00:00+02:00,0.70657,0.70697,0.69809,0.69982
2011-10-25T23:00:00+02:00,0.69982,0.700605,0.694505,0.69546
2011-10-26T11:00:00+02:00,0.69546,0.706065,0.69423,0.705735
2011-10-26T23:00:00+02:00,0.705735,0.71085,0.70352,0.70913
2011-10-27T11:00:00+02:00,0.70913,0.71196,0.703715,0.70758
2011-10-27T23:00:00+02:00,0.70758,0.709705,0.703985,0.706335
2011-10-28T11:00:00+02:00,0.706335,0.710715,0.704235,0.70874
2011-10-30T22:00:00+01:00,0.70739,0.710015,0.70563,0.708715
2011-10-31T10:00:00+01:00,0.708715,0.710535,0.705505,0.70742
2011-10-31T22:00:00+01:00,0.70742,0.712025,0.706515,0.71036
2011-11-01T10:00:00+01:00,0.71036,0.71149,0.70369,0.70542
2011-11-01T22:00:00+01:00,0.70542,0.70609,0.701915,0.704055
2011-11-02T10:00:00+01:00,0.704055,0.704195,0.695,0.69961
2011-11-02T22:00:00+01:00,0.69961,0.70026,0.692395,0.69539
2011-11-03T10:00:00+01:00,0.69539,0.70343,0.69303,0.69832
2011-11-03T22:00:00+01:00,0.69832,0.703175,0.69677,0.701425
2011-11-04T10:00:00+01:00,0.701425,0.70522,0.698795,0.70201
2011-11-06T23:00:00+01:00,0.707495,0.71665,0.70641,0.71469
2011-11-07T11:00:00+01:00,0.71469,0.7191,0.711515,0.717875
2011-11-07T23:00:00+01:00,0.717875,0.720055,0.716065,0.717815
2011-11-08T11:00:00+01:00,0.717815,0.719075,0.71035,0.714385
2011-11-08T23:00:00+01:00,0.714385,0.715025,0.70867,0.70935
2011-11-09T11:00:00+01:00,0.70935,0.71349,0.70734,0.710635
2011-11-09T23:00:00+01:00,0.710635,0.71226,0.70436,0.70624
2011-11-10T11:00:00+01:00,0.70624,0.70652,0.701895,0.704345
2011-11-10T23:00:00+01:00,0.704345,0.70584,0.70219,0.704035
2011-11-11T11:00:00+01:00,0.704035,0.709225,0.702635,0.706645
2011-11-13T23:00:00+01:00,0.71252,0.712905,0.70499,0.70839
2011-11-14T11:00:00+01:00,0.70839,0.709135,0.70535,0.708805
2011-11-14T23:00:00+01:00,0.708805,0.710095,0.70323,0.705875
2011-11-15T11:00:00+01:00,0.705875,0.70716,0.702685,0.705745
2011-11-15T23:00:00+01:00,0.705745,0.70813,0.702255,0.70596
2011-11-16T11:00:00+01:00,0.70596,0.70642,0.702115,0.704115
2011-11-16T23:00:00+01:00,0.704115,0.706555,0.70249,0.704625
2011-11-17T11:00:00+01:00,0.704625,0.705215,0.695855,0.699365
2011-11-17T23:00:00+01:00,0.699365,0.700735,0.692415,0.694505
2011-11-18T11:00:00+01:00,0.694505,0.69706,0.692855,0.693345
2011-11-20T23:00:00+01:00,0.69375,0.69502,0.69099,0.69144
2011-11-21T11:00:00+01:00,0.69144,0.69144,0.683195,0.685255
2011-11-21T23:00:00+01:00,0.685255,0.688055,0.68324,0.68333
2011-11-22T11:00:00+01:00,0.68333,0.6848,0.68099,0.6833
2011-11-22T23:00:00+01:00,0.6833,0.685285,0.67995,0.68167
2011-11-23T11:00:00+01:00,0.68167,0.68287,0.679145,0.680885
2011-11-23T23:00:00+01:00,0.680885,0.68525,0.679765,0.68462
2011-11-24T11:00:00+01:00,0.68462,0.68462,0.68063,0.68193
2011-11-24T23:00:00+01:00,0.68193,0.68618,0.68087,0.68562
2011-11-25T11:00:00+01:00,0.68562,0.69347,0.68321,0.688145
2011-11-27T23:00:00+01:00,0.696205,0.700335,0.693815,0.695325
2011-11-28T11:00:00+01:00,0.695325,0.697785,0.69347,0.696505
2011-11-28T23:00:00+01:00,0.696505,0.69936,0.694245,0.69899
2011-11-29T11:00:00+01:00,0.69899,0.703625,0.69826,0.700815
2011-11-29T23:00:00+01:00,0.700815,0.70449,0.69971,0.7007
2011-11-30T11:00:00+01:00,0.7007,0.7138,0.70055,0.71273
2011-11-30T23:00:00+01:00,0.71273,0.713765,0.70508,0.707245
2011-12-01T11:00:00+01:00,0.707245,0.71484,0.70591,0.713755
2011-12-01T23:00:00+01:00,0.713755,0.71657,0.712445,0.715325
2011-12-02T11:00:00+01:00,0.715325,0.71807,0.71259,0.716
2011-12-04T23:00:00+01:00,0.719535,0.720945,0.715835,0.719725
2011-12-05T11:00:00+01:00,0.719725,0.720605,0.71674,0.71825
2011-12-05T23:00:00+01:00,0.71825,0.721485,0.71566,0.718865
2011-12-06T11:00:00+01:00,0.718865,0.72394,0.7178,0.722115
2011-12-06T23:00:00+01:00,0.722115,0.723805,0.72077,0.721835
2011-12-07T11:00:00+01:00,0.721835,0.723445,0.717435,0.72023
2011-12-07T23:00:00+01:00,0.72023,0.722575,0.71951,0.7217
2011-12-08T11:00:00+01:00,0.7217,0.72471,0.71484,0.71588
2011-12-08T23:00:00+01:00,0.71588,0.71634,0.707995,0.70946
2011-12-09T11:00:00+01:00,0.70946,0.717645,0.70808,0.71595
2011-12-11T23:00:00+01:00,0.716965,0.71764,0.71164,0.71259
2011-12-12T11:00:00+01:00,0.71259,0.71571,0.71046,0.71506
2011-12-12T23:00:00+01:00,0.71506,0.71744,0.714285,0.715835
2011-12-13T11:00:00+01:00,0.715835,0.71971,0.714675,0.71571
2011-12-13T23:00:00+01:00,0.71571,0.7166,0.71313,0.71453
2011-12-14T11:00:00+01:00,0.71453,0.716855,0.711175,0.715555
2011-12-14T23:00:00+01:00,0.715555,0.715645,0.705725,0.70737
2011-12-15T11:00:00+01:00,0.70737,0.711345,0.70667,0.70813
2011-12-15T23:00:00+01:00,0.70813,0.715485,0.708,0.71401
2011-12-16T11:00:00+01:00,0.71401,0.716945,0.7116,0.71315
2011-12-18T23:00:00+01:00,0.71558,0.71563,0.71061,0.712895
2011-12-19T11:00:00+01:00,0.712895,0.713665,0.707065,0.70822
2011-12-19T23:00:00+01:00,0.70822,0.7135,0.707975,0.71074
2011-12-20T11:00:00+01:00,0.71074,0.717575,0.70947,0.71555
2011-12-20T23:00:00+01:00,0.71555,0.72067,0.71351,0.72052
2011-12-21T11:00:00+01:00,0.72052,0.72259,0.715905,0.72087
2011-12-21T23:00:00+01:00,0.72087,0.721595,0.717415,0.721355
2011-12-22T11:00:00+01:00,0.721355,0.72639,0.720895,0.72494
2011-12-22T23:00:00+01:00,0.72494,0.7253,0.72261,0.724625
2011-12-23T11:00:00+01:00,0.724625,0.72674,0.723535,0.72528
2011-12-25T23:00:00+01:00,0.72497,0.726095,0.723125,0.724285
2011-12-26T11:00:00+01:00,0.724285,0.72531,0.722875,0.72499
2011-12-26T23:00:00+01:00,0.72499,0.7261,0.722735,0.7235
2011-12-27T11:00:00+01:00,0.7235,0.72357,0.71955,0.7216
2011-12-27T23:00:00+01:00,0.7216,0.725,0.720935,0.72421
2011-12-28T11:00:00+01:00,0.72421,0.72779,0.7237,0.724775
2011-12-28T23:00:00+01:00,0.724775,0.72628,0.722945,0.7253
2011-12-29T11:00:00+01:00,0.7253,0.72739,0.72401,0.725085
2011-12-29T23:00:00+01:00,0.725085,0.727875,0.724795,0.725775
2011-12-30T11:00:00+01:00,0.725775,0.73279,0.72562,0.72925
2012-01-01T23:00:00+01:00,0.7295,0.73286,0.72876,0.73121
2012-01-02T11:00:00+01:00,0.73121,0.73276,0.726855,0.73154
2012-01-02T23:00:00+01:00,0.73154,0.737505,0.73126,0.736475
2012-01-03T11:00:00+01:00,0.736475,0.737595,0.733635,0.735855
2012-01-03T23:00:00+01:00,0.735855,0.738125,0.73506,0.737575
2012-01-04T11:00:00+01:00,0.737575,0.742725,0.737375,0.741785
2012-01-04T23:00:00+01:00,0.741785,0.742255,0.740075,0.741085
2012-01-05T11:00:00+01:00,0.741085,0.745335,0.740525,0.7436
2012-01-05T23:00:00+01:00,0.7436,0.744875,0.742035,0.744105
2012-01-06T11:00:00+01:00,0.744105,0.748725,0.743235,0.74564
2012-01-08T23:00:00+01:00,0.746455,0.74792,0.744885,0.747355
2012-01-09T11:00:00+01:00,0.747355,0.749185,0.745585,0.74749
2012-01-09T23:00:00+01:00,0.74749,0.75383,0.74698,0.75265
2012-01-10T11:00:00+01:00,0.75265,0.75576,0.75209,0.75409
2012-01-10T23:00:00+01:00,0.75409,0.756405,0.75284,0.75492
2012-01-11T11:00:00+01:00,0.75492,0.76112,0.75488,0.7604
2012-01-11T23:00:00+01:00,0.7604,0.76106,0.75708,0.75733
2012-01-12T11:00:00+01:00,0.75733,0.75817,0.747345,0.74979
2012-01-12T23:00:00+01:00,0.74979,0.75066,0.746225,0.750185
2012-01-13T11:00:00+01:00,0.750185,0.757685,0.749395,0.756635
2012-01-15T23:00:00+01:00,0.757065,0.758525,0.755865,0.757555
2012-01-16T11:00:00+01:00,0.757555,0.759905,0.755875,0.75725
2012-01-16T23:00:00+01:00,0.75725,0.760405,0.75696,0.759195
2012-01-17T11:00:00+01:00,0.759195,0.761195,0.756465,0.75991
2012-01-17T23:00:00+01:00,0.75991,0.76178,0.75801,0.75897
2012-01-18T11:00:00+01:00,0.75897,0.76172,0.75442,0.75583
2012-01-18T23:00:00+01:00,0.75583,0.75606,0.75078,0.75111
2012-01-19T11:00:00+01:00,0.75111,0.75208,0.748105,0.748355
2012-01-19T23:00:00+01:00,0.748355,0.750225,0.747075,0.749675
2012-01-20T11:00:00+01:00,0.749675,0.753875,0.749505,0.753695
2012-01-22T23:00:00+01:00,0.75662,0.75734,0.753895,0.755185
2012-01-23T11:00:00+01:00,0.755185,0.755865,0.75045,0.751515
2012-01-23T23:00:00+01:00,0.751515,0.752955,0.74619,0.74954
2012-01-24T11:00:00+01:00,0.74954,0.753455,0.74901,0.753115
2012-01-24T23:00:00+01:00,0.753115,0.75401,0.75095,0.75173
2012-01-25T11:00:00+01:00,0.75173,0.75434,0.74846,0.752765
2012-01-25T23:00:00+01:00,0.752765,0.757125,0.751605,0.75362
2012-01-26T11:00:00+01:00,0.75362,0.756415,0.752345,0.756415
2012-01-26T23:00:00+01:00,0.756415,0.759125,0.755235,0.758085
2012-01-27T11:00:00+01:00,0.758085,0.758205,0.7501,0.75285
2012-01-29T23:00:00+01:00,0.75102,0.752345,0.7494,0.75
2012-01-30T11:00:00+01:00,0.75,0.753665,0.74983,0.75128
2012-01-30T23:00:00+01:00,0.75128,0.75807,0.75054,0.75807
2012-01-31T11:00:00+01:00,0.75807,0.76107,0.75584,0.760755
2012-01-31T23:00:00+01:00,0.760755,0.76177,0.75849,0.75984
2012-02-01T11:00:00+01:00,0.75984,0.7634,0.7585,0.761945
2012-02-01T23:00:00+01:00,0.761945,0.764465,0.760895,0.76353
2012-02-02T11:00:00+01:00,0.76353,0.76649,0.7624,0.763845
2012-02-02T23:00:00+01:00,0.763845,0.764135,0.761815,0.762245
2012-02-03T11:00:00+01:00,0.762245,0.77044,0.759815,0.76752
2012-02-05T23:00:00+01:00,0.76774,0.768745,0.764705,0.767925
2012-02-06T11:00:00+01:00,0.767925,0.769905,0.765515,0.765925
2012-02-06T23:00:00+01:00,0.765925,0.769105,0.765805,0.768095
2012-02-07T11:00:00+01:00,0.768095,0.769415,0.761195,0.762005
2012-02-07T23:00:00+01:00,0.762005,0.766245,0.760895,0.766225
2012-02-08T11:00:00+01:00,0.766225,0.766735,0.759985,0.761775
2012-02-08T23:00:00+01:00,0.761775,0.76332,0.760555,0.76297
2012-02-09T11:00:00+01:00,0.76297,0.76313,0.759755,0.760435
2012-02-09T23:00:00+01:00,0.760435,0.760585,0.75487,0.75668
2012-02-10T11:00:00+01:00,0.75668,0.760725,0.75578,0.757625
2012-02-12T23:00:00+01:00,0.758985,0.76306,0.75665,0.76281
2012-02-13T11:00:00+01:00,0.76281,0.765495,0.7615,0.764365
2012-02-13T23:00:00+01:00,0.764365,0.765315,0.76097,0.76191
2012-02-14T11:00:00+01:00,0.76191,0.76732,0.76157,0.766555
2012-02-14T23:00:00+01:00,0.766555,0.77139,0.766215,0.77139
2012-02-15T11:00:00+01:00,0.77139,0.77457,0.76926,0.76926
2012-02-15T23:00:00+01:00,0.76926,0.77035,0.76464,0.766605
2012-02-16T11:00:00+01:00,0.766605,0.77001,0.76496,0.765825
2012-02-16T23:00:00+01:00,0.765825,0.770335,0.765435,0.76806
2012-02-17T11:00:00+01:00,0.76806,0.76987,0.76398,0.76567
2012-02-19T23:00:00+01:00,0.769465,0.771195,0.76772,0.76791
2012-02-20T11:00:00+01:00,0.76791,0.7686,0.76326,0.76569
2012-02-20T23:00:00+01:00,0.76569,0.766075,0.761085,0.761705
2012-02-21T11:00:00+01:00,0.761705,0.763535,0.760105,0.76109
2012-02-21T23:00:00+01:00,0.76109,0.76196,0.75901,0.759935
2012-02-22T11:00:00+01:00,0.759935,0.760125,0.75382,0.754735
2012-02-22T23:00:00+01:00,0.754735,0.75578,0.752865,0.75403
2012-02-23T11:00:00+01:00,0.75403,0.756925,0.752,0.753845
2012-02-23T23:00:00+01:00,0.753845,0.75709,0.753315,0.754865
2012-02-24T11:00:00+01:00,0.754865,0.755655,0.74761,0.74914
2012-02-26T23:00:00+01:00,0.748905,0.749185,0.74622,0.74813
2012-02-27T11:00:00+01:00,0.74813,0.756685,0.74802,0.756615
2012-02-27T23:00:00+01:00,0.756615,0.756625,0.7522,0.75273
2012-02-28T11:00:00+01:00,0.75273,0.75293,0.748265,0.7503
2012-02-28T23:00:00+01:00,0.7503,0.75497,0.74972,0.7548
2012-02-29T11:00:00+01:00,0.7548,0.76043,0.753775,0.754425
2012-02-29T23:00:00+01:00,0.754425,0.756035,0.75334,0.755275
2012-03-01T11:00:00+01:00,0.755275,0.760935,0.754845,0.760645
2012-03-01T23:00:00+01:00,0.760645,0.761075,0.757785,0.758305
2012-03-02T11:00:00+01:00,0.758305,0.76213,0.75734,0.757965
2012-03-04T23:00:00+01:00,0.759495,0.759705,0.75246,0.75342
2012-03-05T11:00:00+01:00,0.75342,0.75348,0.74813,0.748625
2012-03-05T23:00:00+01:00,0.748625,0.7498,0.7433,0.74545
2012-03-06T11:00:00+01:00,0.74545,0.748655,0.744705,0.746595
2012-03-06T23:00:00+01:00,0.746595,0.750765,0.745815,0.75022
2012-03-07T11:00:00+01:00,0.75022,0.752235,0.747475,0.748445
2012-03-07T23:00:00+01:00,0.748445,0.753445,0.74665,0.752215
2012-03-08T11:00:00+01:00,0.752215,0.754785,0.74665,0.748655
2012-03-08T23:00:00+01:00,0.748655,0.75231,0.747915,0.7518
2012-03-09T11:00:00+01:00,0.7518,0.7577,0.75022,0.754805
2012-03-11T22:00:00+01:00,0.75315,0.754345,0.751215,0.751335
2012-03-12T10:00:00+01:00,0.751335,0.751865,0.748565,0.749695
2012-03-12T22:00:00+01:00,0.749695,0.75415,0.749525,0.75377
2012-03-13T10:00:00+01:00,0.75377,0.760175,0.75344,0.759925
2012-03-13T22:00:00+01:00,0.759925,0.760105,0.755205,0.755605
2012-03-14T10:00:00+01:00,0.755605,0.756295,0.750565,0.753075
2012-03-14T22:00:00+01:00,0.753075,0.75518,0.7514,0.75417
2012-03-15T10:00:00+01:00,0.75417,0.75761,0.75339,0.756045
2012-03-15T22:00:00+01:00,0.756045,0.759365,0.755555,0.756885
2012-03-16T10:00:00+01:00,0.756885,0.758165,0.754095,0.754905
2012-03-18T22:00:00+01:00,0.75549,0.757725,0.75528,0.755585
2012-03-19T10:00:00+01:00,0.755585,0.757535,0.750965,0.752975
2012-03-19T22:00:00+01:00,0.752975,0.753665,0.74823,0.748345
2012-03-20T10:00:00+01:00,0.748345,0.748585,0.74173,0.745065
2012-03-20T22:00:00+01:00,0.745065,0.7468,0.743775,0.74547
2012-03-21T10:00:00+01:00,0.74547,0.74547,0.740535,0.744145
2012-03-21T22:00:00+01:00,0.744145,0.744185,0.735105,0.739745
2012-03-22T10:00:00+01:00,0.739745,0.741165,0.73806,0.73922
2012-03-22T22:00:00+01:00,0.73922,0.74186,0.73903,0.74072
2012-03-23T10:00:00+01:00,0.74072,0.743915,0.738265,0.743005
2012-03-25T23:00:00+02:00,0.742145,0.744525,0.740925,0.744375
2012-03-26T11:00:00+02:00,0.744375,0.745475,0.74166,0.74335
2012-03-26T23:00:00+02:00,0.74335,0.746225,0.742325,0.745535
2012-03-27T11:00:00+02:00,0.745535,0.745875,0.741725,0.74282
2012-03-27T23:00:00+02:00,0.74282,0.74296,0.739825,0.740655
2012-03-28T11:00:00+02:00,0.740655,0.742075,0.7386,0.73933
2012-03-28T23:00:00+02:00,0.73933,0.741165,0.737955,0.73917
2012-03-29T11:00:00+02:00,0.73917,0.74133,0.737075,0.7407
2012-03-29T23:00:00+02:00,0.7407,0.74172,0.738575,0.74136
2012-03-30T11:00:00+02:00,0.74136,0.74269,0.738185,0.738505
2012-04-01T23:00:00+02:00,0.742285,0.74312,0.738515,0.739305
2012-04-02T11:00:00+02:00,0.739305,0.745985,0.738985,0.74412
2012-04-02T23:00:00+02:00,0.74412,0.74558,0.741945,0.741975
2012-04-03T11:00:00+02:00,0.741975,0.74598,0.740525,0.745085
2012-04-03T23:00:00+02:00,0.745085,0.746295,0.74273,0.74394
2012-04-04T11:00:00+02:00,0.74394,0.7473,0.74356,0.746215
2012-04-04T23:00:00+02:00,0.746215,0.74921,0.74577,0.7484
2012-04-05T11:00:00+02:00,0.7484,0.752165,0.746815,0.750525
2012-04-05T23:00:00+02:00,0.750525,0.75241,0.749875,0.75212
2012-04-06T11:00:00+02:00,0.75212,0.75296,0.747155,0.75152
2012-04-08T23:00:00+02:00,0.749925,0.75283,0.749805,0.751645
2012-04-09T11:00:00+02:00,0.751645,0.756465,0.751305,0.753575
2012-04-09T23:00:00+02:00,0.753575,0.754035,0.750425,0.7511
2012-04-10T11:00:00+02:00,0.7511,0.75211,0.746125,0.748535
2012-04-10T23:00:00+02:00,0.748535,0.750455,0.74733,0.74763
2012-04-11T11:00:00+02:00,0.74763,0.751705,0.7475,0.750565
2012-04-11T23:00:00+02:00,0.750565,0.754565,0.750135,0.751895
2012-04-12T11:00:00+02:00,0.751895,0.755095,0.749855,0.754265
2012-04-12T23:00:00+02:00,0.754265,0.758355,0.753685,0.75681
2012-04-13T11:00:00+02:00,0.75681,0.759705,0.75628,0.756675
2012-04-15T23:00:00+02:00,0.759025,0.75924,0.756285,0.75812
2012-04-16T11:00:00+02:00,0.75812,0.75822,0.749745,0.750305
2012-04-16T23:00:00+02:00,0.750305,0.750975,0.747075,0.747675
2012-04-17T11:00:00+02:00,0.747675,0.753595,0.746795,0.751455
2012-04-17T23:00:00+02:00,0.751455,0.753615,0.750925,0.75278
2012-04-18T11:00:00+02:00,0.75278,0.75376,0.746495,0.747285
2012-04-18T23:00:00+02:00,0.747285,0.749655,0.746785,0.74895
2012-04-19T11:00:00+02:00,0.74895,0.75037,0.743955,0.744635
2012-04-19T23:00:00+02:00,0.744635,0.745585,0.741985,0.743255
2012-04-20T11:00:00+02:00,0.743255,0.744525,0.740905,0.744155
2012-04-22T23:00:00+02:00,0.744955,0.7452,0.741605,0.742065
2012-04-23T11:00:00+02:00,0.742065,0.743895,0.740735,0.743065
2012-04-23T23:00:00+02:00,0.743065,0.74371,0.74077,0.74208
2012-04-24T11:00:00+02:00,0.74208,0.74348,0.73758,0.7404
2012-04-24T23:00:00+02:00,0.7404,0.741435,0.737865,0.739395
2012-04-25T11:00:00+02:00,0.739395,0.741465,0.73866,0.73938
2012-04-25T23:00:00+02:00,0.73938,0.743435,0.738415,0.742515
2012-04-26T11:00:00+02:00,0.742515,0.742925,0.737765,0.74036
2012-04-26T23:00:00+02:00,0.74036,0.74171,0.739025,0.740925
2012-04-27T11:00:00+02:00,0.740925,0.74651,0.73983,0.745315
2012-04-29T23:00:00+02:00,0.74641,0.74718,0.744495,0.744855
2012-04-30T11:00:00+02:00,0.744855,0.745925,0.74119,0.74275
2012-04-30T23:00:00+02:00,0.74275,0.74321,0.735715,0.736685
2012-05-01T11:00:00+02:00,0.736685,0.741845,0.73577,0.74016
2012-05-01T23:00:00+02:00,0.74016,0.742895,0.738565,0.742615
2012-05-02T11:00:00+02:00,0.742615,0.744015,0.738555,0.74032
2012-05-02T23:00:00+02:00,0.74032,0.74046,0.732805,0.733725
2012-05-03T11:00:00+02:00,0.733725,0.735665,0.73008,0.73058
2012-05-03T23:00:00+02:00,0.73058,0.732545,0.729575,0.730595
2012-05-04T11:00:00+02:00,0.730595,0.731575,0.724925,0.73061
2012-05-06T23:00:00+02:00,0.73184,0.73417,0.73109,0.73284
2012-05-07T11:00:00+02:00,0.73284,0.73396,0.73081,0.73166
2012-05-07T23:00:00+02:00,0.73166,0.73343,0.728885,0.728885
2012-05-08T11:00:00+02:00,0.728885,0.730135,0.72601,0.72756
2012-05-08T23:00:00+02:00,0.72756,0.728525,0.72609,0.726785
2012-05-09T11:00:00+02:00,0.726785,0.729,0.72596,0.72845
2012-05-09T23:00:00+02:00,0.72845,0.73104,0.72722,0.72993
2012-05-10T11:00:00+02:00,0.72993,0.732085,0.728615,0.72917
2012-05-10T23:00:00+02:00,0.72917,0.72963,0.72599,0.72731
2012-05-11T11:00:00+02:00,0.72731,0.731505,0.72703,0.72782
2012-05-13T23:00:00+02:00,0.72873,0.72909,0.72481,0.72498
2012-05-14T11:00:00+02:00,0.72498,0.72932,0.72459,0.727385
2012-05-14T23:00:00+02:00,0.727385,0.728905,0.72462,0.72534
2012-05-15T11:00:00+02:00,0.72534,0.727275,0.7244,0.725845
2012-05-15T23:00:00+02:00,0.725845,0.726555,0.721675,0.72294
2012-05-16T11:00:00+02:00,0.72294,0.7246,0.721065,0.721965
2012-05-16T23:00:00+02:00,0.721965,0.72395,0.721625,0.7229
2012-05-17T11:00:00+02:00,0.7229,0.7248,0.721345,0.722035
2012-05-17T23:00:00+02:00,0.722035,0.724225,0.71635,0.71735
2012-05-18T11:00:00+02:00,0.71735,0.71876,0.70755,0.71098
2012-05-20T23:00:00+02:00,0.71268,0.71396,0.71051,0.713345
2012-05-21T11:00:00+02:00,0.713345,0.71764,0.712465,0.71711
2012-05-21T23:00:00+02:00,0.71711,0.72063,0.71645,0.717925
2012-05-22T11:00:00+02:00,0.717925,0.71849,0.71342,0.71445
2012-05-22T23:00:00+02:00,0.71445,0.715365,0.709585,0.710255
2012-05-23T11:00:00+02:00,0.710255,0.71786,0.710165,0.71596
2012-05-23T23:00:00+02:00,0.71596,0.719445,0.7155,0.717485
2012-05-24T11:00:00+02:00,0.717485,0.724775,0.717115,0.722215
2012-05-24T23:00:00+02:00,0.722215,0.724685,0.721445,0.72266
2012-05-25T11:00:00+02:00,0.72266,0.726415,0.72191,0.72335
2012-05-27T23:00:00+02:00,0.72619,0.728605,0.724645,0.72852
2012-05-28T11:00:00+02:00,0.72852,0.730475,0.728135,0.730335
2012-05-28T23:00:00+02:00,0.730335,0.73166,0.72777,0.72955
2012-05-29T11:00:00+02:00,0.72955,0.733405,0.72765,0.732885
2012-05-29T23:00:00+02:00,0.732885,0.733415,0.731275,0.732575
2012-05-30T11:00:00+02:00,0.732575,0.732715,0.729895,0.73132
2012-05-30T23:00:00+02:00,0.73132,0.732825,0.728745,0.732115
2012-05-31T11:00:00+02:00,0.732115,0.73325,0.729315,0.73168
2012-05-31T23:00:00+02:00,0.73168,0.732455,0.72879,0.72985
2012-06-01T11:00:00+02:00,0.72985,0.731605,0.72784,0.728915
2012-06-03T23:00:00+02:00,0.728645,0.729735,0.727045,0.72901
2012-06-04T11:00:00+02:00,0.72901,0.7313,0.725995,0.726935
2012-06-04T23:00:00+02:00,0.726935,0.730505,0.72588,0.729185
2012-06-05T11:00:00+02:00,0.729185,0.73012,0.726565,0.729325
2012-06-05T23:00:00+02:00,0.729325,0.734225,0.729275,0.73294
2012-06-06T11:00:00+02:00,0.73294,0.736735,0.73247,0.735645
2012-06-06T23:00:00+02:00,0.735645,0.738215,0.734295,0.736785
2012-06-07T11:00:00+02:00,0.736785,0.738745,0.733065,0.733485
2012-06-07T23:00:00+02:00,0.733485,0.736125,0.731485,0.735785
2012-06-08T11:00:00+02:00,0.735785,0.74111,0.735675,0.739185
2012-06-10T23:00:00+02:00,0.738695,0.739615,0.736535,0.739495
2012-06-11T11:00:00+02:00,0.739495,0.743295,0.738915,0.7399
2012-06-11T23:00:00+02:00,0.7399,0.743785,0.739145,0.743465
2012-06-12T11:00:00+02:00,0.743465,0.74732,0.743285,0.7466
2012-06-12T23:00:00+02:00,0.7466,0.748245,0.745665,0.746735
2012-06-13T11:00:00+02:00,0.746735,0.747235,0.738405,0.738975
2012-06-13T23:00:00+02:00,0.738975,0.743365,0.738895,0.742485
2012-06-14T11:00:00+02:00,0.742485,0.74539,0.742025,0.74395
2012-06-14T23:00:00+02:00,0.74395,0.747235,0.743545,0.747205
2012-06-15T11:00:00+02:00,0.747205,0.75097,0.74657,0.74875
2012-06-17T23:00:00+02:00,0.74844,0.752275,0.74615,0.751535
2012-06-18T11:00:00+02:00,0.751535,0.757905,0.751165,0.756355
2012-06-18T23:00:00+02:00,0.756355,0.757715,0.753955,0.756715
2012-06-19T11:00:00+02:00,0.756715,0.758215,0.752825,0.755605
2012-06-19T23:00:00+02:00,0.755605,0.755965,0.752425,0.753005
2012-06-20T11:00:00+02:00,0.753005,0.754995,0.750355,0.752505
2012-06-20T23:00:00+02:00,0.752505,0.758685,0.752335,0.756765
2012-06-21T11:00:00+02:00,0.756765,0.759445,0.751725,0.753045
2012-06-21T23:00:00+02:00,0.753045,0.754915,0.751565,0.752975
2012-06-22T11:00:00+02:00,0.752975,0.757345,0.752685,0.755215
2012-06-24T23:00:00+02:00,0.755945,0.757205,0.75337,0.757065
2012-06-25T11:00:00+02:00,0.757065,0.757625,0.754665,0.75615
2012-06-25T23:00:00+02:00,0.75615,0.76147,0.755805,0.76103
2012-06-26T11:00:00+02:00,0.76103,0.76218,0.759065,0.76056
2012-06-26T23:00:00+02:00,0.76056,0.760765,0.757835,0.758575
2012-06-27T11:00:00+02:00,0.758575,0.76309,0.758415,0.76266
2012-06-27T23:00:00+02:00,0.76266,0.765735,0.762065,0.765485
2012-06-28T11:00:00+02:00,0.765485,0.765845,0.75843,0.76087
2012-06-28T23:00:00+02:00,0.76087,0.76298,0.755915,0.76266
2012-06-29T11:00:00+02:00,0.76266,0.76419,0.758955,0.760125
2012-07-01T23:00:00+02:00,0.758735,0.763495,0.758675,0.763095
2012-07-02T11:00:00+02:00,0.763095,0.768035,0.762715,0.76737
2012-07-02T23:00:00+02:00,0.76737,0.769055,0.766025,0.766135
2012-07-03T11:00:00+02:00,0.766135,0.768125,0.765345,0.76587
2012-07-03T23:00:00+02:00,0.76587,0.76893,0.7649,0.76753
2012-07-04T11:00:00+02:00,0.76753,0.77231,0.767,0.77049
2012-07-04T23:00:00+02:00,0.77049,0.7719,0.76821,0.771495
2012-07-05T11:00:00+02:00,0.771495,0.78086,0.770825,0.779015
2012-07-05T23:00:00+02:00,0.779015,0.78007,0.77732,0.778445
2012-07-06T11:00:00+02:00,0.778445,0.781355,0.776445,0.77993
2012-07-08T23:00:00+02:00,0.780985,0.781405,0.77535,0.77626
2012-07-09T11:00:00+02:00,0.77626,0.778,0.77511,0.776795
2012-07-09T23:00:00+02:00,0.776795,0.77839,0.775365,0.77722
2012-07-10T11:00:00+02:00,0.77722,0.781165,0.77651,0.778335
2012-07-10T23:00:00+02:00,0.778335,0.780305,0.77752,0.779765
2012-07-11T11:00:00+02:00,0.779765,0.783425,0.779295,0.781525
2012-07-11T23:00:00+02:00,0.781525,0.78307,0.77524,0.77583
2012-07-12T11:00:00+02:00,0.77583,0.77884,0.77446,0.777205
2012-07-12T23:00:00+02:00,0.777205,0.78059,0.776395,0.78009
2012-07-13T11:00:00+02:00,0.78009,0.78164,0.77918,0.78081
2012-07-15T23:00:00+02:00,0.78129,0.78269,0.78046,0.78238
2012-07-16T11:00:00+02:00,0.78238,0.78378,0.77967,0.780645
2012-07-16T23:00:00+02:00,0.780645,0.781615,0.778515,0.780005
2012-07-17T11:00:00+02:00,0.780005,0.78204,0.778745,0.778745
2012-07-17T23:00:00+02:00,0.778745,0.780505,0.777355,0.777665
2012-07-18T11:00:00+02:00,0.777665,0.78373,0.777135,0.782565
2012-07-18T23:00:00+02:00,0.782565,0.78508,0.781275,0.78495
2012-07-19T11:00:00+02:00,0.78495,0.788635,0.78402,0.785615
2012-07-19T23:00:00+02:00,0.785615,0.787,0.784765,0.78699
2012-07-20T11:00:00+02:00,0.78699,0.790705,0.78642,0.790155
2012-07-22T23:00:00+02:00,0.790245,0.791795,0.783915,0.784945
2012-07-23T11:00:00+02:00,0.784945,0.785595,0.779815,0.78039
2012-07-23T23:00:00+02:00,0.78039,0.785,0.77992,0.78479
2012-07-24T11:00:00+02:00,0.78479,0.78591,0.78103,0.78124
2012-07-24T23:00:00+02:00,0.78124,0.78161,0.77755,0.778175
2012-07-25T11:00:00+02:00,0.778175,0.781825,0.77761,0.77953
2012-07-25T23:00:00+02:00,0.77953,0.78429,0.77953,0.78353
2012-07-26T11:00:00+02:00,0.78353,0.784795,0.780375,0.784125
2012-07-26T23:00:00+02:00,0.784125,0.7864,0.78177,0.78599
2012-07-27T11:00:00+02:00,0.78599,0.790915,0.78323,0.7888
2012-07-29T23:00:00+02:00,0.79133,0.79203,0.78869,0.79129
2012-07-30T11:00:00+02:00,0.79129,0.79448,0.79109,0.79248
2012-07-30T23:00:00+02:00,0.79248,0.79348,0.791445,0.79307
2012-07-31T11:00:00+02:00,0.79307,0.79399,0.78949,0.78966
2012-07-31T23:00:00+02:00,0.78966,0.79383,0.78931,0.79375
2012-08-01T11:00:00+02:00,0.79375,0.795025,0.79101,0.79377
2012-08-01T23:00:00+02:00,0.79377,0.79557,0.79285,0.794515
2012-08-02T11:00:00+02:00,0.794515,0.80106,0.791805,0.79884
2012-08-02T23:00:00+02:00,0.79884,0.80273,0.79762,0.801495
2012-08-03T11:00:00+02:00,0.801495,0.801535,0.79416,0.7945
2012-08-05T23:00:00+02:00,0.793595,0.79497,0.79031,0.79456
2012-08-06T11:00:00+02:00,0.79456,0.79899,0.79346,0.79447
2012-08-06T23:00:00+02:00,0.79447,0.796385,0.793765,0.793995
2012-08-07T11:00:00+02:00,0.793995,0.79481,0.78903,0.79072
2012-08-07T23:00:00+02:00,0.79072,0.79135,0.787275,0.789665
2012-08-08T11:00:00+02:00,0.789665,0.79356,0.789165,0.7916
2012-08-08T23:00:00+02:00,0.7916,0.79283,0.78784,0.7907
2012-08-09T11:00:00+02:00,0.7907,0.79372,0.79067,0.79232
2012-08-09T23:00:00+02:00,0.79232,0.79336,0.79022,0.79185
2012-08-10T11:00:00+02:00,0.79185,0.79554,0.79176,0.794375
2012-08-12T23:00:00+02:00,0.793315,0.79462,0.79155,0.79158
2012-08-13T11:00:00+02:00,0.79158,0.79162,0.785815,0.787845
2012-08-13T23:00:00+02:00,0.787845,0.79008,0.785425,0.785425
2012-08-14T11:00:00+02:00,0.785425,0.787425,0.783965,0.785045
2012-08-14T23:00:00+02:00,0.785045,0.785495,0.78315,0.784285
2012-08-15T11:00:00+02:00,0.784285,0.78982,0.784075,0.78873
2012-08-15T23:00:00+02:00,0.78873,0.79053,0.78821,0.79016
2012-08-16T11:00:00+02:00,0.79016,0.79068,0.78596,0.787805
2012-08-16T23:00:00+02:00,0.787805,0.789395,0.78464,0.78511
2012-08-17T11:00:00+02:00,0.78511,0.78861,0.78392,0.78639
2012-08-19T23:00:00+02:00,0.785385,0.78857,0.784795,0.787675
2012-08-20T11:00:00+02:00,0.787675,0.789285,0.786385,0.786775
2012-08-20T23:00:00+02:00,0.786775,0.789375,0.786585,0.787255
2012-08-21T11:00:00+02:00,0.787255,0.787755,0.78002,0.780965
2012-08-21T23:00:00+02:00,0.780965,0.781815,0.77844,0.779925
2012-08-22T11:00:00+02:00,0.779925,0.78129,0.77759,0.780475
2012-08-22T23:00:00+02:00,0.780475,0.78379,0.77949,0.78225
2012-08-23T11:00:00+02:00,0.78225,0.78263,0.77679,0.776885
2012-08-23T23:00:00+02:00,0.776885,0.77831,0.77561,0.77603
2012-08-24T11:00:00+02:00,0.77603,0.779535,0.775565,0.778505
2012-08-26T23:00:00+02:00,0.77874,0.780175,0.7766,0.77776
2012-08-27T11:00:00+02:00,0.77776,0.77825,0.77619,0.777145
2012-08-27T23:00:00+02:00,0.777145,0.778225,0.773755,0.773945
2012-08-28T11:00:00+02:00,0.773945,0.773965,0.767915,0.76905
2012-08-28T23:00:00+02:00,0.76905,0.770565,0.766215,0.766765
2012-08-29T11:00:00+02:00,0.766765,0.770665,0.766455,0.76719
2012-08-29T23:00:00+02:00,0.76719,0.768835,0.766015,0.766225
2012-08-30T11:00:00+02:00,0.766225,0.768035,0.764505,0.76659
2012-08-30T23:00:00+02:00,0.76659,0.76827,0.765515,0.76664
2012-08-31T11:00:00+02:00,0.76664,0.7679,0.762915,0.76731
2012-09-02T23:00:00+02:00,0.764575,0.765475,0.762525,0.762985
2012-09-03T11:00:00+02:00,0.762985,0.763775,0.759955,0.76063
2012-09-03T23:00:00+02:00,0.76063,0.762205,0.758525,0.75941
2012-09-04T11:00:00+02:00,0.75941,0.75951,0.75599,0.75945
2012-09-04T23:00:00+02:00,0.75945,0.762545,0.758705,0.760955
2012-09-05T11:00:00+02:00,0.760955,0.761145,0.75716,0.75943
2012-09-05T23:00:00+02:00,0.75943,0.762305,0.759065,0.760615
2012-09-06T11:00:00+02:00,0.760615,0.766235,0.758395,0.76429
2012-09-06T23:00:00+02:00,0.76429,0.770375,0.763415,0.768525
2012-09-07T11:00:00+02:00,0.768525,0.769915,0.76328,0.767
2012-09-09T23:00:00+02:00,0.765295,0.768345,0.764815,0.767935
2012-09-10T11:00:00+02:00,0.767935,0.768975,0.764545,0.76543
2012-09-10T23:00:00+02:00,0.76543,0.767105,0.763705,0.766785
2012-09-11T11:00:00+02:00,0.766785,0.770205,0.766705,0.76736
2012-09-11T23:00:00+02:00,0.76736,0.772995,0.76725,0.771365
2012-09-12T11:00:00+02:00,0.771365,0.772495,0.766715,0.76933
2012-09-12T23:00:00+02:00,0.76933,0.769915,0.767485,0.769625
2012-09-13T11:00:00+02:00,0.769625,0.77878,0.769515,0.77721
2012-09-13T23:00:00+02:00,0.77721,0.780475,0.776605,0.778695
2012-09-14T11:00:00+02:00,0.778695,0.778925,0.76678,0.768365
2012-09-16T23:00:00+02:00,0.76861,0.77183,0.765945,0.76957
2012-09-17T11:00:00+02:00,0.76957,0.77067,0.765235,0.7663
2012-09-17T23:00:00+02:00,0.7663,0.767965,0.763815,0.76572
2012-09-18T11:00:00+02:00,0.76572,0.769325,0.7648,0.76814
2012-09-18T23:00:00+02:00,0.76814,0.769525,0.766805,0.767805
2012-09-19T11:00:00+02:00,0.767805,0.769965,0.766575,0.76672
2012-09-19T23:00:00+02:00,0.76672,0.7698,0.76526,0.767865
2012-09-20T11:00:00+02:00,0.767865,0.773935,0.767745,0.77378
2012-09-20T23:00:00+02:00,0.77378,0.776155,0.772705,0.773415
2012-09-21T11:00:00+02:00,0.773415,0.777505,0.772515,0.773655
2012-09-23T23:00:00+02:00,0.774345,0.775465,0.769175,0.770595
2012-09-24T11:00:00+02:00,0.770595,0.770715,0.766795,0.77
2012-09-24T23:00:00+02:00,0.77,0.774205,0.768005,0.772365
2012-09-25T11:00:00+02:00,0.772365,0.774095,0.76918,0.77048
2012-09-25T23:00:00+02:00,0.77048,0.77142,0.767705,0.770745
2012-09-26T11:00:00+02:00,0.770745,0.775435,0.770235,0.77446
2012-09-26T23:00:00+02:00,0.77446,0.776295,0.77416,0.775635
2012-09-27T11:00:00+02:00,0.775635,0.781235,0.775555,0.77929
2012-09-27T23:00:00+02:00,0.77929,0.78188,0.778205,0.779405
2012-09-28T11:00:00+02:00,0.779405,0.78122,0.777055,0.78039
2012-09-30T23:00:00+02:00,0.779835,0.78141,0.77894,0.78003
2012-10-01T11:00:00+02:00,0.78003,0.78003,0.77615,0.77646
2012-10-01T23:00:00+02:00,0.77646,0.779425,0.7761,0.777915
2012-10-02T11:00:00+02:00,0.777915,0.78028,0.773085,0.77484
2012-10-02T23:00:00+02:00,0.77484,0.77506,0.76836,0.76881
2012-10-03T11:00:00+02:00,0.76881,0.77137,0.767545,0.76907
2012-10-03T23:00:00+02:00,0.76907,0.770615,0.768165,0.768585
2012-10-04T11:00:00+02:00,0.768585,0.768755,0.762595,0.76465
2012-10-04T23:00:00+02:00,0.76465,0.768215,0.76432,0.767365
2012-10-05T11:00:00+02:00,0.767365,0.769625,0.75846,0.76032
2012-10-07T23:00:00+02:00,0.75961,0.7633,0.75948,0.76305
2012-10-08T11:00:00+02:00,0.76305,0.76725,0.7622,0.76477
2012-10-08T23:00:00+02:00,0.76477,0.770205,0.764185,0.76863
2012-10-09T11:00:00+02:00,0.76863,0.770015,0.76694,0.76902
2012-10-09T23:00:00+02:00,0.76902,0.770235,0.767305,0.770235
2012-10-10T11:00:00+02:00,0.770235,0.771075,0.76554,0.76691
2012-10-10T23:00:00+02:00,0.76691,0.768885,0.766135,0.76724
2012-10-11T11:00:00+02:00,0.76724,0.7675,0.763625,0.7644
2012-10-11T23:00:00+02:00,0.7644,0.767035,0.762715,0.764335
2012-10-12T11:00:00+02:00,0.764335,0.765535,0.761565,0.762285
2012-10-14T23:00:00+02:00,0.76316,0.76359,0.759855,0.760155
2012-10-15T11:00:00+02:00,0.760155,0.76531,0.760065,0.76386
2012-10-15T23:00:00+02:00,0.76386,0.76428,0.757385,0.758035
2012-10-16T11:00:00+02:00,0.758035,0.758225,0.752775,0.754035
2012-10-16T23:00:00+02:00,0.754035,0.756415,0.752685,0.754385
2012-10-17T11:00:00+02:00,0.754385,0.758755,0.753765,0.758025
2012-10-17T23:00:00+02:00,0.758025,0.759375,0.75731,0.758145
2012-10-18T11:00:00+02:00,0.758145,0.75907,0.75615,0.756815
2012-10-18T23:00:00+02:00,0.756815,0.759025,0.756265,0.758705
2012-10-19T11:00:00+02:00,0.758705,0.759715,0.75666,0.75703
2012-10-21T23:00:00+02:00,0.75711,0.759155,0.756285,0.758985
2012-10-22T11:00:00+02:00,0.758985,0.759135,0.75638,0.757865
2012-10-22T23:00:00+02:00,0.757865,0.758575,0.757075,0.758075
2012-10-23T11:00:00+02:00,0.758075,0.758555,0.755645,0.756975
2012-10-23T23:00:00+02:00,0.756975,0.76092,0.756235,0.76062
2012-10-24T11:00:00+02:00,0.76062,0.76551,0.75976,0.76505
2012-10-24T23:00:00+02:00,0.76505,0.767505,0.764105,0.76635
2012-10-25T11:00:00+02:00,0.76635,0.768645,0.763205,0.76512
2012-10-25T23:00:00+02:00,0.76512,0.76681,0.76416,0.76591
2012-10-26T11:00:00+02:00,0.76591,0.77034,0.76561,0.769165
2012-10-28T22:00:00+01:00,0.76857,0.77024,0.767345,0.76927
2012-10-29T10:00:00+01:00,0.76927,0.76976,0.7664,0.76736
2012-10-29T22:00:00+01:00,0.76736,0.769145,0.766595,0.76863
2012-10-30T10:00:00+01:00,0.76863,0.76928,0.76357,0.76522
2012-10-30T22:00:00+01:00,0.76522,0.76685,0.764115,0.764145
2012-10-31T10:00:00+01:00,0.764145,0.76633,0.76217,0.76619
2012-10-31T22:00:00+01:00,0.76619,0.767635,0.76516,0.767305
2012-11-01T10:00:00+01:00,0.767305,0.771635,0.767035,0.77066
2012-11-01T22:00:00+01:00,0.77066,0.774015,0.769715,0.773615
2012-11-02T10:00:00+01:00,0.773615,0.778315,0.773585,0.77591
2012-11-04T23:00:00+01:00,0.77611,0.7789,0.775125,0.77721
2012-11-05T11:00:00+01:00,0.77721,0.779505,0.77673,0.77878
2012-11-05T23:00:00+01:00,0.77878,0.78195,0.77861,0.78068
2012-11-06T11:00:00+01:00,0.78068,0.781805,0.779265,0.77981
2012-11-06T23:00:00+01:00,0.77981,0.78123,0.77701,0.77966
2012-11-07T11:00:00+01:00,0.77966,0.78374,0.77332,0.77356
2012-11-07T23:00:00+01:00,0.77356,0.775415,0.771645,0.77296
2012-11-08T11:00:00+01:00,0.77296,0.774185,0.770265,0.77067
2012-11-08T23:00:00+01:00,0.77067,0.773605,0.769255,0.773415
2012-11-09T11:00:00+01:00,0.773415,0.774305,0.771175,0.77246
2012-11-11T23:00:00+01:00,0.773365,0.775265,0.77156,0.775135
2012-11-12T11:00:00+01:00,0.775135,0.77584,0.773145,0.77522
2012-11-12T23:00:00+01:00,0.77522,0.77848,0.77516,0.77796
2012-11-13T11:00:00+01:00,0.77796,0.77855,0.77292,0.77313
2012-11-13T23:00:00+01:00,0.77313,0.774085,0.771305,0.771915
2012-11-14T11:00:00+01:00,0.771915,0.772485,0.764695,0.76565
2012-11-14T23:00:00+01:00,0.76565,0.767545,0.764935,0.76575
2012-11-15T11:00:00+01:00,0.76575,0.76699,0.761645,0.76236
2012-11-15T23:00:00+01:00,0.76236,0.766815,0.76226,0.76522
2012-11-16T11:00:00+01:00,0.76522,0.76848,0.76357,0.76832
2012-11-18T23:00:00+01:00,0.76863,0.770255,0.767305,0.768435
2012-11-19T11:00:00+01:00,0.768435,0.772045,0.768215,0.77079
2012-11-19T23:00:00+01:00,0.77079,0.7723,0.768925,0.768975
2012-11-20T11:00:00+01:00,0.768975,0.769125,0.766035,0.76817
2012-11-20T23:00:00+01:00,0.76817,0.76941,0.766885,0.767365
2012-11-21T11:00:00+01:00,0.767365,0.767555,0.761975,0.76486
2012-11-21T23:00:00+01:00,0.76486,0.76588,0.762765,0.763285
2012-11-22T11:00:00+01:00,0.763285,0.76378,0.761455,0.76288
2012-11-22T23:00:00+01:00,0.76288,0.765,0.76185,0.76388
2012-11-23T11:00:00+01:00,0.76388,0.766125,0.76308,0.76435
2012-11-25T23:00:00+01:00,0.764325,0.76574,0.76402,0.76404
2012-11-26T11:00:00+01:00,0.76404,0.76523,0.76208,0.76242
2012-11-26T23:00:00+01:00,0.76242,0.765295,0.76157,0.765155
2012-11-27T11:00:00+01:00,0.765155,0.765765,0.762775,0.76401
2012-11-27T23:00:00+01:00,0.76401,0.766035,0.76299,0.764965
2012-11-28T11:00:00+01:00,0.764965,0.767125,0.764685,0.7654
2012-11-28T23:00:00+01:00,0.7654,0.7677,0.76481,0.76562
2012-11-29T11:00:00+01:00,0.76562,0.76647,0.76202,0.76307
2012-11-29T23:00:00+01:00,0.76307,0.76385,0.759695,0.760665
2012-11-30T11:00:00+01:00,0.760665,0.7619,0.758545,0.76153
2012-12-02T23:00:00+01:00,0.76153,0.761875,0.75725,0.758705
2012-12-03T11:00:00+01:00,0.758705,0.762275,0.758675,0.759965
2012-12-03T23:00:00+01:00,0.759965,0.765655,0.759235,0.765635
2012-12-04T11:00:00+01:00,0.765635,0.766275,0.76301,0.76318
2012-12-04T23:00:00+01:00,0.76318,0.765485,0.76318,0.764905
2012-12-05T11:00:00+01:00,0.764905,0.76811,0.763765,0.76768
2012-12-05T23:00:00+01:00,0.76768,0.77026,0.76746,0.769575
2012-12-06T11:00:00+01:00,0.769575,0.777785,0.769475,0.77641
2012-12-06T23:00:00+01:00,0.77641,0.778585,0.775105,0.777685
2012-12-07T11:00:00+01:00,0.777685,0.780545,0.776925,0.77817
2012-12-09T23:00:00+01:00,0.77817,0.780695,0.77817,0.778685
2012-12-10T11:00:00+01:00,0.778685,0.779775,0.77809,0.7794
2012-12-10T23:00:00+01:00,0.7794,0.783335,0.777955,0.781575
2012-12-11T11:00:00+01:00,0.781575,0.783795,0.779985,0.78237
2012-12-11T23:00:00+01:00,0.78237,0.784105,0.781685,0.783455
2012-12-12T11:00:00+01:00,0.783455,0.783685,0.779595,0.78146
2012-12-12T23:00:00+01:00,0.78146,0.78263,0.77981,0.781605
2012-12-13T11:00:00+01:00,0.781605,0.783135,0.77819,0.778695
2012-12-13T23:00:00+01:00,0.778695,0.779925,0.777255,0.77774
2012-12-14T11:00:00+01:00,0.77774,0.777945,0.77555,0.776665
2012-12-16T23:00:00+01:00,0.77562,0.77801,0.77402,0.775325
2012-12-17T11:00:00+01:00,0.775325,0.77583,0.773455,0.77532
2012-12-17T23:00:00+01:00,0.77532,0.775725,0.77289,0.773485
2012-12-18T11:00:00+01:00,0.773485,0.773535,0.76797,0.768275
2012-12-18T23:00:00+01:00,0.768275,0.769005,0.76451,0.764605
2012-12-19T11:00:00+01:00,0.764605,0.7647,0.759615,0.76192
2012-12-19T23:00:00+01:00,0.76192,0.764735,0.761215,0.76242
2012-12-20T11:00:00+01:00,0.76242,0.76242,0.757905,0.76019
2012-12-20T23:00:00+01:00,0.76019,0.761155,0.753845,0.75444
2012-12-21T11:00:00+01:00,0.75444,0.75659,0.752065,0.75334
2012-12-23T23:00:00+01:00,0.75534,0.756135,0.75085,0.75193
2012-12-24T11:00:00+01:00,0.75193,0.754005,0.750735,0.75268
2012-12-26T11:00:00+01:00,0.75268,0.75268,0.744405,0.748685
2012-12-26T23:00:00+01:00,0.748685,0.7498,0.747135,0.74783
2012-12-27T11:00:00+01:00,0.74783,0.74991,0.74506,0.74982
2012-12-27T23:00:00+01:00,0.74982,0.753605,0.747905,0.752875
2012-12-28T11:00:00+01:00,0.752875,0.75455,0.747115,0.74902
2012-12-30T23:00:00+01:00,0.74907,0.75394,0.74907,0.752565
2012-12-31T11:00:00+01:00,0.752565,0.75716,0.74999,0.755845
2013-01-01T23:00:00+01:00,0.755845,0.765295,0.755845,0.763805
2013-01-02T11:00:00+01:00,0.763805,0.76576,0.76098,0.765545
2013-01-02T23:00:00+01:00,0.765545,0.76891,0.76358,0.76676
2013-01-03T11:00:00+01:00,0.76676,0.77077,0.766395,0.76742
2013-01-03T23:00:00+01:00,0.76742,0.768225,0.763445,0.764845
2013-01-04T11:00:00+01:00,0.764845,0.76931,0.763325,0.76904
2013-01-06T23:00:00+01:00,0.76802,0.77386,0.767655,0.773145
2013-01-07T11:00:00+01:00,0.773145,0.775595,0.76963,0.7712
2013-01-07T23:00:00+01:00,0.7712,0.772885,0.769215,0.771005
2013-01-08T11:00:00+01:00,0.771005,0.774365,0.769765,0.7731
2013-01-08T23:00:00+01:00,0.7731,0.776135,0.77273,0.77436
2013-01-09T11:00:00+01:00,0.77436,0.77927,0.773605,0.776915
2013-01-09T23:00:00+01:00,0.776915,0.77918,0.776425,0.777215
2013-01-10T11:00:00+01:00,0.777215,0.78021,0.771285,0.773105
2013-01-10T23:00:00+01:00,0.773105,0.77363,0.76934,0.77119
2013-01-11T11:00:00+01:00,0.77119,0.771315,0.76318,0.764045
2013-01-13T23:00:00+01:00,0.765665,0.7717,0.76396,0.7717
2013-01-14T11:00:00+01:00,0.7717,0.77803,0.77,0.777405
2013-01-14T23:00:00+01:00,0.777405,0.77951,0.77507,0.777675
2013-01-15T11:00:00+01:00,0.777675,0.78279,0.777285,0.782535
2013-01-15T23:00:00+01:00,0.782535,0.78489,0.77802,0.77951
2013-01-16T11:00:00+01:00,0.77951,0.784025,0.778985,0.78287
2013-01-16T23:00:00+01:00,0.78287,0.785585,0.780945,0.782345
2013-01-17T11:00:00+01:00,0.782345,0.78696,0.776955,0.77991
2013-01-17T23:00:00+01:00,0.77991,0.784285,0.77886,0.78087
2013-01-18T11:00:00+01:00,0.78087,0.78249,0.776435,0.78232
2013-01-20T23:00:00+01:00,0.78234,0.78249,0.777825,0.779245
2013-01-21T11:00:00+01:00,0.779245,0.78118,0.77816,0.779585
2013-01-21T23:00:00+01:00,0.779585,0.784915,0.77928,0.783045
2013-01-22T11:00:00+01:00,0.783045,0.783665,0.779125,0.781505
2013-01-22T23:00:00+01:00,0.781505,0.7857,0.78048,0.78288
2013-01-23T11:00:00+01:00,0.78288,0.78408,0.781445,0.782985
2013-01-23T23:00:00+01:00,0.782985,0.78589,0.78198,0.78331
2013-01-24T11:00:00+01:00,0.78331,0.78352,0.777675,0.778225
2013-01-24T23:00:00+01:00,0.778225,0.77913,0.775555,0.77674
2013-01-25T11:00:00+01:00,0.77674,0.77703,0.772995,0.77563
2013-01-27T23:00:00+01:00,0.77454,0.77645,0.76788,0.76923
2013-01-28T11:00:00+01:00,0.76923,0.7737,0.767245,0.772415
2013-01-28T23:00:00+01:00,0.772415,0.775525,0.77149,0.772945
2013-01-29T11:00:00+01:00,0.772945,0.77371,0.769185,0.77339
2013-01-29T23:00:00+01:00,0.77339,0.773415,0.76708,0.76795
2013-01-30T11:00:00+01:00,0.76795,0.767975,0.756175,0.761455
2013-01-30T23:00:00+01:00,0.761455,0.763355,0.75854,0.762935
2013-01-31T11:00:00+01:00,0.762935,0.766575,0.76215,0.76331
2013-01-31T23:00:00+01:00,0.76331,0.76752,0.76003,0.76013
2013-02-01T11:00:00+01:00,0.76013,0.768425,0.75938,0.76762
2013-02-03T23:00:00+01:00,0.77033,0.77051,0.766945,0.769565
2013-02-04T11:00:00+01:00,0.769565,0.772045,0.764995,0.765875
2013-02-04T23:00:00+01:00,0.765875,0.768245,0.765125,0.767475
2013-02-05T11:00:00+01:00,0.767475,0.768855,0.764375,0.76727
2013-02-05T23:00:00+01:00,0.76727,0.77045,0.76515,0.76773
2013-02-06T11:00:00+01:00,0.76773,0.77075,0.763015,0.764105
2013-02-06T23:00:00+01:00,0.764105,0.764535,0.758315,0.759495
2013-02-07T11:00:00+01:00,0.759495,0.7658,0.757575,0.765025
2013-02-07T23:00:00+01:00,0.765025,0.76785,0.764705,0.76718
2013-02-08T11:00:00+01:00,0.76718,0.7698,0.76505,0.766915
2013-02-10T23:00:00+01:00,0.766915,0.767985,0.761875,0.762595
2013-02-11T11:00:00+01:00,0.762595,0.76997,0.76208,0.768725
2013-02-11T23:00:00+01:00,0.768725,0.77071,0.765665,0.76622
2013-02-12T11:00:00+01:00,0.76622,0.773785,0.76375,0.770565
2013-02-12T23:00:00+01:00,0.770565,0.773555,0.77016,0.772355
2013-02-13T11:00:00+01:00,0.772355,0.77586,0.76935,0.77518
2013-02-13T23:00:00+01:00,0.77518,0.78418,0.775085,0.783845
2013-02-14T11:00:00+01:00,0.783845,0.78572,0.778745,0.783545
2013-02-14T23:00:00+01:00,0.783545,0.786665,0.78302,0.7837
2013-02-15T11:00:00+01:00,0.7837,0.78496,0.777795,0.779005
2013-02-17T23:00:00+01:00,0.779005,0.78159,0.776965,0.778565
2013-02-18T11:00:00+01:00,0.778565,0.781525,0.77755,0.78047
2013-02-18T23:00:00+01:00,0.78047,0.78168,0.776155,0.78086
2013-02-19T11:00:00+01:00,0.78086,0.783555,0.779085,0.781335
2013-02-19T23:00:00+01:00,0.781335,0.781515,0.770305,0.771115
2013-02-20T11:00:00+01:00,0.771115,0.775355,0.770085,0.77471
2013-02-20T23:00:00+01:00,0.77471,0.777985,0.773355,0.777615
2013-02-21T11:00:00+01:00,0.777615,0.779715,0.77435,0.7764
2013-02-21T23:00:00+01:00,0.7764,0.780025,0.776005,0.778705
2013-02-22T11:00:00+01:00,0.778705,0.78237,0.77769,0.7791
2013-02-24T23:00:00+01:00,0.7791,0.77979,0.776535,0.777545
2013-02-25T11:00:00+01:00,0.777545,0.781425,0.775325,0.77617
2013-02-25T23:00:00+01:00,0.77617,0.778165,0.77326,0.77366
2013-02-26T11:00:00+01:00,0.77366,0.774165,0.766755,0.768955
2013-02-26T23:00:00+01:00,0.768955,0.77052,0.76632,0.767195
2013-02-27T11:00:00+01:00,0.767195,0.77145,0.765185,0.769435
2013-02-27T23:00:00+01:00,0.769435,0.773635,0.76653,0.773205
2013-02-28T11:00:00+01:00,0.773205,0.77538,0.771115,0.772695
2013-02-28T23:00:00+01:00,0.772695,0.77667,0.77204,0.775645
2013-03-01T11:00:00+01:00,0.775645,0.77996,0.77419,0.77776
2013-03-03T23:00:00+01:00,0.77776,0.77776,0.77263,0.77506
2013-03-04T11:00:00+01:00,0.77506,0.779155,0.7742,0.778825
2013-03-04T23:00:00+01:00,0.778825,0.781065,0.77769,0.77866
2013-03-05T11:00:00+01:00,0.77866,0.784295,0.777515,0.782055
2013-03-05T23:00:00+01:00,0.782055,0.78545,0.78184,0.785355
2013-03-06T11:00:00+01:00,0.785355,0.78862,0.784175,0.78598
2013-03-06T23:00:00+01:00,0.78598,0.786685,0.78361,0.78435
2013-03-07T11:00:00+01:00,0.78435,0.785675,0.778965,0.780835
2013-03-07T23:00:00+01:00,0.780835,0.7818,0.778995,0.78076
2013-03-08T11:00:00+01:00,0.78076,0.787085,0.779745,0.782155
2013-03-10T22:00:00+01:00,0.782155,0.782625,0.77916,0.780785
2013-03-11T10:00:00+01:00,0.780785,0.78517,0.779595,0.784275
2013-03-11T22:00:00+01:00,0.784275,0.784685,0.78113,0.781495
2013-03-12T10:00:00+01:00,0.781495,0.78327,0.779085,0.78327
2013-03-12T22:00:00+01:00,0.78327,0.78338,0.77965,0.781905
2013-03-13T10:00:00+01:00,0.781905,0.787885,0.77783,0.779475
2013-03-13T22:00:00+01:00,0.779475,0.78136,0.777405,0.78065
2013-03-14T10:00:00+01:00,0.78065,0.78298,0.77706,0.778565
2013-03-14T22:00:00+01:00,0.778565,0.778785,0.775915,0.776155
2013-03-15T10:00:00+01:00,0.776155,0.777945,0.773155,0.77662
2013-03-17T22:00:00+01:00,0.77662,0.77954,0.775795,0.777255
2013-03-18T10:00:00+01:00,0.777255,0.782475,0.776185,0.782135
2013-03-18T22:00:00+01:00,0.782135,0.782985,0.78009,0.78067
2013-03-19T10:00:00+01:00,0.78067,0.78148,0.776765,0.78093
2013-03-19T22:00:00+01:00,0.78093,0.782325,0.77792,0.7797
2013-03-20T10:00:00+01:00,0.7797,0.77973,0.77483,0.777565
2013-03-20T22:00:00+01:00,0.777565,0.783815,0.7763,0.783315
2013-03-21T10:00:00+01:00,0.783315,0.790465,0.78295,0.78709
2013-03-21T22:00:00+01:00,0.78709,0.788825,0.78618,0.78864
2013-03-22T10:00:00+01:00,0.78864,0.789005,0.782625,0.78621
2013-03-24T22:00:00+01:00,0.78621,0.787765,0.781985,0.78514
2013-03-25T10:00:00+01:00,0.78514,0.79295,0.78436,0.79204
2013-03-25T22:00:00+01:00,0.79204,0.79428,0.79084,0.79285
2013-03-26T10:00:00+01:00,0.79285,0.79655,0.791365,0.79577
2013-03-26T22:00:00+01:00,0.79577,0.797205,0.794685,0.79552
2013-03-27T10:00:00+01:00,0.79552,0.799775,0.79436,0.798065
2013-03-27T22:00:00+01:00,0.798065,0.79968,0.79624,0.79946
2013-03-28T10:00:00+01:00,0.79946,0.799955,0.79294,0.794875
2013-03-28T22:00:00+01:00,0.794875,0.79636,0.793325,0.79398
2013-03-29T10:00:00+01:00,0.79398,0.79491,0.79343,0.79481
2013-03-31T23:00:00+02:00,0.79481,0.79626,0.79348,0.794165
2013-04-01T11:00:00+02:00,0.794165,0.79532,0.79173,0.79233
2013-04-01T23:00:00+02:00,0.79233,0.79626,0.7921,0.795465
2013-04-02T11:00:00+02:00,0.795465,0.80053,0.795285,0.798515
2013-04-02T23:00:00+02:00,0.798515,0.802305,0.797915,0.800215
2013-04-03T11:00:00+02:00,0.800215,0.800685,0.79484,0.795505
2013-04-03T23:00:00+02:00,0.795505,0.79652,0.792985,0.79531
2013-04-04T11:00:00+02:00,0.79531,0.799125,0.789655,0.79162
2013-04-04T23:00:00+02:00,0.79162,0.793325,0.788785,0.79163
2013-04-05T11:00:00+02:00,0.79163,0.791945,0.782915,0.787915
2013-04-07T23:00:00+02:00,0.787915,0.789545,0.784585,0.78762
2013-04-08T11:00:00+02:00,0.78762,0.792035,0.78747,0.79118
2013-04-08T23:00:00+02:00,0.79118,0.794665,0.78953,0.794475
2013-04-09T11:00:00+02:00,0.794475,0.795965,0.792035,0.79502
2013-04-09T23:00:00+02:00,0.79502,0.796125,0.794185,0.79585
2013-04-10T11:00:00+02:00,0.79585,0.800595,0.79497,0.79972
2013-04-10T23:00:00+02:00,0.79972,0.808015,0.799535,0.80709
2013-04-11T11:00:00+02:00,0.80709,0.80821,0.8019,0.803575
2013-04-11T23:00:00+02:00,0.803575,0.80413,0.80076,0.801865
2013-04-12T11:00:00+02:00,0.801865,0.80228,0.79417,0.79649
2013-04-14T23:00:00+02:00,0.79649,0.796585,0.787915,0.78916
2013-04-15T11:00:00+02:00,0.78916,0.79005,0.780875,0.782875
2013-04-15T23:00:00+02:00,0.782875,0.789075,0.78191,0.78759
2013-04-16T11:00:00+02:00,0.78759,0.78917,0.782675,0.78343
2013-04-16T23:00:00+02:00,0.78343,0.78483,0.779845,0.78083
2013-04-17T11:00:00+02:00,0.78083,0.788235,0.78057,0.78748
2013-04-17T23:00:00+02:00,0.78748,0.788805,0.786055,0.787635
2013-04-18T11:00:00+02:00,0.787635,0.7882,0.7826,0.78455
2013-04-18T23:00:00+02:00,0.78455,0.79058,0.78354,0.78811
2013-04-19T11:00:00+02:00,0.78811,0.78872,0.78281,0.78644
2013-04-21T23:00:00+02:00,0.78644,0.788605,0.78266,0.785755
2013-04-22T11:00:00+02:00,0.785755,0.7899,0.785425,0.786955
2013-04-22T23:00:00+02:00,0.786955,0.78792,0.781835,0.78725
2013-04-23T11:00:00+02:00,0.78725,0.79514,0.786985,0.79349
2013-04-23T23:00:00+02:00,0.79349,0.8018,0.793255,0.799875
2013-04-24T11:00:00+02:00,0.799875,0.803635,0.799085,0.802555
2013-04-24T23:00:00+02:00,0.802555,0.808005,0.8016,0.80699
2013-04-25T11:00:00+02:00,0.80699,0.80846,0.802745,0.80299
2013-04-25T23:00:00+02:00,0.80299,0.805705,0.80229,0.80327
2013-04-26T11:00:00+02:00,0.80327,0.80413,0.798735,0.79947
2013-04-28T23:00:00+02:00,0.79947,0.80318,0.797865,0.801225
2013-04-29T11:00:00+02:00,0.801225,0.80384,0.800285,0.802225
2013-04-29T23:00:00+02:00,0.802225,0.80392,0.80027,0.80206
2013-04-30T11:00:00+02:00,0.80206,0.80238,0.794765,0.795795
2013-04-30T23:00:00+02:00,0.795795,0.798405,0.795235,0.795525
2013-05-01T11:00:00+02:00,0.795525,0.796665,0.7859,0.78824
2013-05-01T23:00:00+02:00,0.78824,0.789105,0.785485,0.785835
2013-05-02T11:00:00+02:00,0.785835,0.795175,0.78577,0.79423
2013-05-02T23:00:00+02:00,0.79423,0.797445,0.792775,0.79295
2013-05-03T11:00:00+02:00,0.79295,0.800895,0.79179,0.798205
2013-05-05T23:00:00+02:00,0.798205,0.800745,0.797645,0.79876
2013-05-06T11:00:00+02:00,0.79876,0.80013,0.795895,0.79891
2013-05-06T23:00:00+02:00,0.79891,0.799845,0.795595,0.798245
2013-05-07T11:00:00+02:00,0.798245,0.799545,0.792295,0.79521
2013-05-07T23:00:00+02:00,0.79521,0.7962,0.78588,0.788595
2013-05-08T11:00:00+02:00,0.788595,0.790105,0.783395,0.78601
2013-05-08T23:00:00+02:00,0.78601,0.792845,0.785325,0.78942
2013-05-09T11:00:00+02:00,0.78942,0.798425,0.788465,0.79562
2013-05-09T23:00:00+02:00,0.79562,0.798765,0.791135,0.798295
2013-05-10T11:00:00+02:00,0.798295,0.798635,0.79136,0.79455
2013-05-12T23:00:00+02:00,0.79455,0.79674,0.79204,0.796115
2013-05-13T11:00:00+02:00,0.796115,0.796115,0.788375,0.789925
2013-05-13T23:00:00+02:00,0.789925,0.792065,0.788245,0.789675
2013-05-14T11:00:00+02:00,0.789675,0.793025,0.786795,0.792815
2013-05-14T23:00:00+02:00,0.792815,0.79534,0.791975,0.794415
2013-05-15T11:00:00+02:00,0.794415,0.7997,0.79282,0.795085
2013-05-15T23:00:00+02:00,0.795085,0.798375,0.789575,0.78985
2013-05-16T11:00:00+02:00,0.78985,0.790315,0.785045,0.787305
2013-05-16T23:00:00+02:00,0.787305,0.788655,0.780995,0.783
2013-05-17T11:00:00+02:00,0.783,0.787605,0.781365,0.784475
2013-05-19T23:00:00+02:00,0.784475,0.78957,0.784475,0.787745
2013-05-20T11:00:00+02:00,0.787745,0.7909,0.786605,0.790385
2013-05-20T23:00:00+02:00,0.790385,0.79456,0.78881,0.790875
2013-05-21T11:00:00+02:00,0.790875,0.793425,0.78767,0.792525
2013-05-21T23:00:00+02:00,0.792525,0.793165,0.788125,0.788275
2013-05-22T11:00:00+02:00,0.788275,0.79627,0.787665,0.790205
2013-05-22T23:00:00+02:00,0.790205,0.790605,0.775385,0.778385
2013-05-23T11:00:00+02:00,0.778385,0.790265,0.778365,0.788165
2013-05-23T23:00:00+02:00,0.788165,0.789295,0.779705,0.780525
2013-05-24T11:00:00+02:00,0.780525,0.782175,0.775535,0.77836
2013-05-26T23:00:00+02:00,0.77836,0.78019,0.775655,0.778675
2013-05-27T11:00:00+02:00,0.778675,0.78042,0.776815,0.778435
2013-05-27T23:00:00+02:00,0.778435,0.78746,0.77753,0.785865
2013-05-28T11:00:00+02:00,0.785865,0.790435,0.783855,0.78889
2013-05-28T23:00:00+02:00,0.78889,0.790925,0.78272,0.783815
2013-05-29T11:00:00+02:00,0.783815,0.78594,0.778295,0.778595
2013-05-29T23:00:00+02:00,0.778595,0.78179,0.776575,0.77679
2013-05-30T11:00:00+02:00,0.77679,0.777645,0.76782,0.769605
2013-05-30T23:00:00+02:00,0.769605,0.772705,0.7627,0.763435
2013-05-31T11:00:00+02:00,0.763435,0.76597,0.758195,0.758205
2013-06-02T23:00:00+02:00,0.758205,0.763755,0.758205,0.76365
2013-06-03T11:00:00+02:00,0.76365,0.76988,0.761305,0.76621
2013-06-03T23:00:00+02:00,0.76621,0.76803,0.75952,0.76036
2013-06-04T11:00:00+02:00,0.76036,0.76235,0.75582,0.75906
2013-06-04T23:00:00+02:00,0.75906,0.76292,0.75674,0.75871
2013-06-05T11:00:00+02:00,0.75871,0.75953,0.74528,0.75098
2013-06-05T23:00:00+02:00,0.75098,0.7525,0.74354,0.74849
2013-06-06T11:00:00+02:00,0.74849,0.75031,0.74329,0.74557
2013-06-06T23:00:00+02:00,0.74557,0.74635,0.73682,0.74036
2013-06-07T11:00:00+02:00,0.74036,0.742425,0.73455,0.73837
2013-06-09T23:00:00+02:00,0.73837,0.73894,0.73282,0.73782
2013-06-10T11:00:00+02:00,0.73782,0.742525,0.73616,0.73797
2013-06-10T23:00:00+02:00,0.73797,0.7387,0.72736,0.72776
2013-06-11T11:00:00+02:00,0.72776,0.731885,0.71954,0.72787
2013-06-11T23:00:00+02:00,0.72787,0.7382,0.725245,0.73725
2013-06-12T11:00:00+02:00,0.73725,0.744785,0.73099,0.73591
2013-06-12T23:00:00+02:00,0.73591,0.736475,0.724575,0.730595
2013-06-13T11:00:00+02:00,0.730595,0.74744,0.730345,0.74656
2013-06-13T23:00:00+02:00,0.74656,0.74796,0.74211,0.74435
2013-06-14T11:00:00+02:00,0.74435,0.750945,0.740575,0.741535
2013-06-16T23:00:00+02:00,0.741535,0.74843,0.741535,0.746315
2013-06-17T11:00:00+02:00,0.746315,0.7467,0.7369,0.73745
2013-06-17T23:00:00+02:00,0.73745,0.739385,0.733245,0.733835
2013-06-18T11:00:00+02:00,0.733835,0.738895,0.73108,0.73517
2013-06-18T23:00:00+02:00,0.73517,0.73793,0.73278,0.73678
2013-06-19T11:00:00+02:00,0.73678,0.7407,0.73146,0.73313
2013-06-19T23:00:00+02:00,0.73313,0.73341,0.72443,0.72758
2013-06-20T11:00:00+02:00,0.72758,0.72892,0.71603,0.71948
2013-06-20T23:00:00+02:00,0.71948,0.72275,0.71834,0.72162
2013-06-21T11:00:00+02:00,0.72162,0.726985,0.719335,0.724265
2013-06-23T23:00:00+02:00,0.724265,0.727865,0.718875,0.720235
2013-06-24T11:00:00+02:00,0.720235,0.72706,0.719035,0.72355
2013-06-24T23:00:00+02:00,0.72355,0.727525,0.719465,0.7268
2013-06-25T11:00:00+02:00,0.7268,0.727085,0.722345,0.72644
2013-06-25T23:00:00+02:00,0.72644,0.730135,0.724245,0.72861
2013-06-26T11:00:00+02:00,0.72861,0.738955,0.72845,0.73481
2013-06-26T23:00:00+02:00,0.73481,0.73939,0.73216,0.738595
2013-06-27T11:00:00+02:00,0.738595,0.74236,0.734775,0.73679
2013-06-27T23:00:00+02:00,0.73679,0.739955,0.733515,0.738295
2013-06-28T11:00:00+02:00,0.738295,0.73836,0.7284,0.73122
2013-06-30T23:00:00+02:00,0.73122,0.735625,0.729205,0.733835
2013-07-01T11:00:00+02:00,0.733835,0.740815,0.73302,0.73929
2013-07-01T23:00:00+02:00,0.73929,0.74002,0.73478,0.738685
2013-07-02T11:00:00+02:00,0.738685,0.7397,0.73453,0.73684
2013-07-02T23:00:00+02:00,0.73684,0.73983,0.732875,0.73543
2013-07-03T11:00:00+02:00,0.73543,0.73809,0.73278,0.73642
2013-07-03T23:00:00+02:00,0.73642,0.74035,0.73516,0.739905
2013-07-04T11:00:00+02:00,0.739905,0.752025,0.738695,0.74924
2013-07-04T23:00:00+02:00,0.74924,0.750645,0.746815,0.749625
2013-07-05T11:00:00+02:00,0.749625,0.752775,0.7396,0.74309
2013-07-07T23:00:00+02:00,0.74309,0.747505,0.74309,0.745635
2013-07-08T11:00:00+02:00,0.745635,0.75376,0.745455,0.7516
2013-07-08T23:00:00+02:00,0.7516,0.761755,0.74918,0.75787
2013-07-09T11:00:00+02:00,0.75787,0.765785,0.75785,0.7638
2013-07-09T23:00:00+02:00,0.7638,0.766675,0.76065,0.76068
2013-07-10T11:00:00+02:00,0.76068,0.762875,0.75062,0.75112
2013-07-10T23:00:00+02:00,0.75112,0.75617,0.748245,0.749015
2013-07-11T11:00:00+02:00,0.749015,0.75003,0.73727,0.74378
2013-07-11T23:00:00+02:00,0.74378,0.747085,0.741075,0.74624
2013-07-12T11:00:00+02:00,0.74624,0.746685,0.73511,0.73706
2013-07-14T23:00:00+02:00,0.73706,0.743025,0.735685,0.742665
2013-07-15T11:00:00+02:00,0.742665,0.742845,0.736835,0.74045
2013-07-15T23:00:00+02:00,0.74045,0.74519,0.73912,0.74468
2013-07-16T11:00:00+02:00,0.74468,0.745885,0.74015,0.74116
2013-07-16T23:00:00+02:00,0.74116,0.74314,0.7374,0.73742
2013-07-17T11:00:00+02:00,0.73742,0.746025,0.73675,0.74423
2013-07-17T23:00:00+02:00,0.74423,0.7458,0.740975,0.74285
2013-07-18T11:00:00+02:00,0.74285,0.747305,0.74213,0.74639
2013-07-18T23:00:00+02:00,0.74639,0.74983,0.744295,0.74899
2013-07-19T11:00:00+02:00,0.74899,0.75269,0.745995,0.7461
2013-07-21T23:00:00+02:00,0.7461,0.746755,0.743195,0.74376
2013-07-22T11:00:00+02:00,0.74376,0.74674,0.74177,0.74585
2013-07-22T23:00:00+02:00,0.74585,0.749865,0.745705,0.74955
2013-07-23T11:00:00+02:00,0.74955,0.749915,0.745685,0.74766
2013-07-23T23:00:00+02:00,0.74766,0.749145,0.742845,0.74524
2013-07-24T11:00:00+02:00,0.74524,0.747005,0.74136,0.7439
2013-07-24T23:00:00+02:00,0.7439,0.75311,0.74358,0.75265
2013-07-25T11:00:00+02:00,0.75265,0.7541,0.750645,0.75136
2013-07-25T23:00:00+02:00,0.75136,0.75208,0.748845,0.749755
2013-07-26T11:00:00+02:00,0.749755,0.75225,0.748515,0.75061
2013-07-28T23:00:00+02:00,0.75061,0.751315,0.74897,0.750465
2013-07-29T11:00:00+02:00,0.750465,0.75217,0.74606,0.74798
2013-07-29T23:00:00+02:00,0.74798,0.74843,0.742265,0.74327
2013-07-30T11:00:00+02:00,0.74327,0.74402,0.740765,0.7426
2013-07-30T23:00:00+02:00,0.7426,0.743855,0.739455,0.739475
2013-07-31T11:00:00+02:00,0.739475,0.742785,0.73573,0.739495
2013-07-31T23:00:00+02:00,0.739495,0.74166,0.73447,0.739095
2013-08-01T11:00:00+02:00,0.739095,0.74215,0.733325,0.73934
2013-08-01T23:00:00+02:00,0.73934,0.74103,0.736325,0.736945
2013-08-02T11:00:00+02:00,0.736945,0.739715,0.725685,0.72829
2013-08-04T23:00:00+02:00,0.72829,0.72829,0.7194,0.72355
2013-08-05T11:00:00+02:00,0.72355,0.72664,0.72201,0.72552
2013-08-05T23:00:00+02:00,0.72552,0.73128,0.72497,0.73123
2013-08-06T11:00:00+02:00,0.73123,0.73291,0.72639,0.731485
2013-08-06T23:00:00+02:00,0.731485,0.73356,0.729905,0.73257
2013-08-07T11:00:00+02:00,0.73257,0.737575,0.729805,0.73467
2013-08-07T23:00:00+02:00,0.73467,0.735305,0.73203,0.734465
2013-08-08T11:00:00+02:00,0.734465,0.73941,0.732965,0.736975
2013-08-08T23:00:00+02:00,0.736975,0.738215,0.734495,0.737875
2013-08-09T11:00:00+02:00,0.737875,0.74325,0.73747,0.74133
2013-08-11T23:00:00+02:00,0.74133,0.744415,0.7399,0.741215
2013-08-12T11:00:00+02:00,0.741215,0.746325,0.740235,0.7418
2013-08-12T23:00:00+02:00,0.7418,0.74271,0.73848,0.74157
2013-08-13T11:00:00+02:00,0.74157,0.74473,0.740835,0.74314
2013-08-13T23:00:00+02:00,0.74314,0.748825,0.742455,0.748035
2013-08-14T11:00:00+02:00,0.748035,0.75335,0.748015,0.75107
2013-08-14T23:00:00+02:00,0.75107,0.756285,0.75006,0.756255
2013-08-15T11:00:00+02:00,0.756255,0.756935,0.74652,0.74771
2013-08-15T23:00:00+02:00,0.74771,0.751745,0.74634,0.748955
2013-08-16T11:00:00+02:00,0.748955,0.75317,0.74645,0.75079
2013-08-18T23:00:00+02:00,0.75079,0.756705,0.75037,0.75492
2013-08-19T11:00:00+02:00,0.75492,0.755535,0.74449,0.74561
2013-08-19T23:00:00+02:00,0.74561,0.746715,0.73402,0.73537
2013-08-20T11:00:00+02:00,0.73537,0.736125,0.730965,0.732
2013-08-20T23:00:00+02:00,0.732,0.73206,0.72503,0.726455
2013-08-21T11:00:00+02:00,0.726455,0.730495,0.72328,0.72369
2013-08-21T23:00:00+02:00,0.72369,0.726715,0.721495,0.724445
2013-08-22T11:00:00+02:00,0.724445,0.726225,0.72201,0.722925
2013-08-22T23:00:00+02:00,0.722925,0.72556,0.7213,0.721545
2013-08-23T11:00:00+02:00,0.721545,0.72201,0.71693,0.71911
2013-08-25T23:00:00+02:00,0.71911,0.72456,0.717165,0.723865
2013-08-26T11:00:00+02:00,0.723865,0.726745,0.72212,0.72476
2013-08-26T23:00:00+02:00,0.72476,0.72525,0.714505,0.717045
2013-08-27T11:00:00+02:00,0.717045,0.71885,0.71312,0.71548
2013-08-27T23:00:00+02:00,0.71548,0.716585,0.710845,0.713555
2013-08-28T11:00:00+02:00,0.713555,0.71979,0.7121,0.71913
2013-08-28T23:00:00+02:00,0.71913,0.72528,0.71833,0.722765
2013-08-29T11:00:00+02:00,0.722765,0.723955,0.720755,0.72331
2013-08-29T23:00:00+02:00,0.72331,0.726515,0.72074,0.72284
2013-08-30T11:00:00+02:00,0.72284,0.723555,0.71816,0.71853
2013-09-01T23:00:00+02:00,0.71853,0.729955,0.71853,0.72803
2013-09-02T11:00:00+02:00,0.72803,0.730695,0.727855,0.72985
2013-09-02T23:00:00+02:00,0.72985,0.733945,0.729255,0.729775
2013-09-03T11:00:00+02:00,0.729775,0.734215,0.72794,0.73053
2013-09-03T23:00:00+02:00,0.73053,0.7377,0.72999,0.736725
2013-09-04T11:00:00+02:00,0.736725,0.742905,0.73655,0.739545
2013-09-04T23:00:00+02:00,0.739545,0.741535,0.738115,0.739375
2013-09-05T11:00:00+02:00,0.739375,0.746435,0.73705,0.745065
2013-09-05T23:00:00+02:00,0.745065,0.750305,0.744835,0.74885
2013-09-06T11:00:00+02:00,0.74885,0.75512,0.747545,0.750105
2013-09-08T23:00:00+02:00,0.750105,0.75197,0.747015,0.750435
2013-09-09T11:00:00+02:00,0.750435,0.750625,0.74561,0.74761
2013-09-09T23:00:00+02:00,0.74761,0.75138,0.74683,0.74986
2013-09-10T11:00:00+02:00,0.74986,0.75493,0.74975,0.754155
2013-09-10T23:00:00+02:00,0.754155,0.755105,0.75136,0.754465
2013-09-11T11:00:00+02:00,0.754465,0.754675,0.74985,0.751985
2013-09-11T23:00:00+02:00,0.751985,0.75879,0.751965,0.758745
2013-09-12T11:00:00+02:00,0.758745,0.759335,0.75543,0.75737
2013-09-12T23:00:00+02:00,0.75737,0.758435,0.755425,0.75679
2013-09-13T11:00:00+02:00,0.75679,0.76237,0.755375,0.755885
2013-09-15T23:00:00+02:00,0.755885,0.76086,0.755885,0.759965
2013-09-16T11:00:00+02:00,0.759965,0.76191,0.75647,0.75773
2013-09-16T23:00:00+02:00,0.75773,0.7596,0.75654,0.7593
2013-09-17T11:00:00+02:00,0.7593,0.76475,0.75788,0.762785
2013-09-17T23:00:00+02:00,0.762785,0.763595,0.760865,0.761775
2013-09-18T11:00:00+02:00,0.761775,0.766125,0.75748,0.76324
2013-09-18T23:00:00+02:00,0.76324,0.768045,0.760105,0.7659
2013-09-19T11:00:00+02:00,0.7659,0.767275,0.76016,0.762565
2013-09-19T23:00:00+02:00,0.762565,0.764955,0.76227,0.7631
2013-09-20T11:00:00+02:00,0.7631,0.764465,0.76084,0.7617
2013-09-22T23:00:00+02:00,0.7617,0.764795,0.75848,0.76425
2013-09-23T11:00:00+02:00,0.76425,0.764925,0.76131,0.76272
2013-09-23T23:00:00+02:00,0.76272,0.763155,0.75412,0.754375
2013-09-24T11:00:00+02:00,0.754375,0.757355,0.752675,0.755975
2013-09-24T23:00:00+02:00,0.755975,0.756145,0.749205,0.74929
2013-09-25T11:00:00+02:00,0.74929,0.752425,0.74832,0.74929
2013-09-25T23:00:00+02:00,0.74929,0.754995,0.749255,0.7544
2013-09-26T11:00:00+02:00,0.7544,0.755835,0.75261,0.754815
2013-09-26T23:00:00+02:00,0.754815,0.756485,0.75185,0.752275
2013-09-27T11:00:00+02:00,0.752275,0.7528,0.745465,0.74983
2013-09-29T23:00:00+02:00,0.74983,0.750485,0.747275,0.74895
2013-09-30T11:00:00+02:00,0.74895,0.75397,0.74824,0.75158
2013-09-30T23:00:00+02:00,0.75158,0.7527,0.748845,0.74932
2013-10-01T11:00:00+02:00,0.74932,0.750715,0.746345,0.749385
2013-10-01T23:00:00+02:00,0.749385,0.75004,0.7427,0.744345
2013-10-02T11:00:00+02:00,0.744345,0.752205,0.74136,0.75196
2013-10-02T23:00:00+02:00,0.75196,0.752715,0.747795,0.748805
2013-10-03T11:00:00+02:00,0.748805,0.74903,0.743295,0.74592
2013-10-03T23:00:00+02:00,0.74592,0.74793,0.744345,0.747785
2013-10-04T11:00:00+02:00,0.747785,0.75626,0.747295,0.75453
2013-10-06T23:00:00+02:00,0.75453,0.75466,0.746015,0.746575
2013-10-07T11:00:00+02:00,0.746575,0.754045,0.74643,0.749885
2013-10-07T23:00:00+02:00,0.749885,0.75209,0.747825,0.75192
2013-10-08T11:00:00+02:00,0.75192,0.75439,0.748695,0.749365
2013-10-08T23:00:00+02:00,0.749365,0.75534,0.74874,0.7551
2013-10-09T11:00:00+02:00,0.7551,0.758505,0.753905,0.755765
2013-10-09T23:00:00+02:00,0.755765,0.757115,0.750465,0.75134
2013-10-10T11:00:00+02:00,0.75134,0.756195,0.74986,0.75526
2013-10-10T23:00:00+02:00,0.75526,0.758685,0.75311,0.756655
2013-10-11T11:00:00+02:00,0.756655,0.761065,0.75551,0.759085
2013-10-13T23:00:00+02:00,0.759085,0.76299,0.75551,0.762575
2013-10-14T11:00:00+02:00,0.762575,0.7627,0.75752,0.7607
2013-10-14T23:00:00+02:00,0.7607,0.765595,0.760095,0.765485
2013-10-15T11:00:00+02:00,0.765485,0.76987,0.762495,0.764285
2013-10-15T23:00:00+02:00,0.764285,0.769845,0.763505,0.768485
2013-10-16T11:00:00+02:00,0.768485,0.77148,0.76511,0.769675
2013-10-16T23:00:00+02:00,0.769675,0.77126,0.76393,0.76615
2013-10-17T11:00:00+02:00,0.76615,0.769,0.76526,0.765785
2013-10-17T23:00:00+02:00,0.765785,0.76657,0.76323,0.76579
2013-10-18T11:00:00+02:00,0.76579,0.76816,0.76488,0.766765
2013-10-20T23:00:00+02:00,0.766765,0.767815,0.7646,0.765215
2013-10-21T11:00:00+02:00,0.765215,0.76585,0.762315,0.76233
2013-10-21T23:00:00+02:00,0.76233,0.76391,0.76203,0.763
2013-10-22T11:00:00+02:00,0.763,0.76641,0.75981,0.76176
2013-10-22T23:00:00+02:00,0.76176,0.76252,0.7498,0.750855
2013-10-23T11:00:00+02:00,0.750855,0.75187,0.74625,0.749005
2013-10-23T23:00:00+02:00,0.749005,0.75317,0.746035,0.74624
2013-10-24T11:00:00+02:00,0.74624,0.74642,0.74145,0.74546
2013-10-24T23:00:00+02:00,0.74546,0.746075,0.739705,0.74037
2013-10-25T11:00:00+02:00,0.74037,0.74518,0.73844,0.73911
2013-10-27T22:00:00+01:00,0.73911,0.742705,0.739015,0.74262
2013-10-28T10:00:00+01:00,0.74262,0.74479,0.740715,0.743625
2013-10-28T22:00:00+01:00,0.743625,0.743875,0.739715,0.74078
2013-10-29T10:00:00+01:00,0.74078,0.743145,0.73924,0.742155
2013-10-29T22:00:00+01:00,0.742155,0.745035,0.739625,0.743535
2013-10-30T10:00:00+01:00,0.743535,0.74442,0.73838,0.74334
2013-10-30T22:00:00+01:00,0.74334,0.744175,0.74063,0.74372
2013-10-31T10:00:00+01:00,0.74372,0.75126,0.74342,0.74921
2013-10-31T22:00:00+01:00,0.74921,0.75454,0.747615,0.753205
2013-11-01T10:00:00+01:00,0.753205,0.754425,0.749525,0.75402
2013-11-03T23:00:00+01:00,0.75402,0.757005,0.752285,0.756035
2013-11-04T11:00:00+01:00,0.756035,0.7584,0.753055,0.75375
2013-11-04T23:00:00+01:00,0.75375,0.75677,0.752115,0.755385
2013-11-05T11:00:00+01:00,0.755385,0.76439,0.754795,0.76415
2013-11-05T23:00:00+01:00,0.76415,0.76625,0.763025,0.766025
2013-11-06T11:00:00+01:00,0.766025,0.76729,0.76307,0.76415
2013-11-06T23:00:00+01:00,0.76415,0.76454,0.761305,0.763435
2013-11-07T11:00:00+01:00,0.763435,0.77298,0.759555,0.76224
2013-11-07T23:00:00+01:00,0.76224,0.76581,0.761685,0.76301
2013-11-08T11:00:00+01:00,0.76301,0.766935,0.758855,0.76023
2013-11-10T23:00:00+01:00,0.76023,0.76464,0.759595,0.75984
2013-11-11T11:00:00+01:00,0.75984,0.76015,0.756835,0.75872
2013-11-11T23:00:00+01:00,0.75872,0.759685,0.75571,0.75673
2013-11-12T11:00:00+01:00,0.75673,0.7577,0.75007,0.75434
2013-11-12T23:00:00+01:00,0.75434,0.75557,0.752095,0.75423
2013-11-13T11:00:00+01:00,0.75423,0.75811,0.753905,0.757155
2013-11-13T23:00:00+01:00,0.757155,0.763545,0.755445,0.757745
2013-11-14T11:00:00+01:00,0.757745,0.75921,0.75603,0.75819
2013-11-14T23:00:00+01:00,0.75819,0.7614,0.758,0.76138
2013-11-15T11:00:00+01:00,0.76138,0.76348,0.76001,0.76318
2013-11-17T23:00:00+01:00,0.76318,0.768715,0.76266,0.7654
2013-11-18T11:00:00+01:00,0.7654,0.76596,0.76066,0.76091
2013-11-18T23:00:00+01:00,0.76091,0.762945,0.757895,0.762005
2013-11-19T11:00:00+01:00,0.762005,0.76285,0.759835,0.762635
2013-11-19T23:00:00+01:00,0.762635,0.762965,0.757385,0.759785
2013-11-20T11:00:00+01:00,0.759785,0.76166,0.755585,0.757975
2013-11-20T23:00:00+01:00,0.757975,0.759,0.752805,0.75421
2013-11-21T11:00:00+01:00,0.75421,0.7544,0.748455,0.748975
2013-11-21T23:00:00+01:00,0.748975,0.753305,0.746415,0.74672
2013-11-22T11:00:00+01:00,0.74672,0.746745,0.7392,0.74298
2013-11-24T23:00:00+01:00,0.74298,0.747995,0.741755,0.746745
2013-11-25T11:00:00+01:00,0.746745,0.748965,0.74668,0.74872
2013-11-25T23:00:00+01:00,0.74872,0.75244,0.74524,0.745715
2013-11-26T11:00:00+01:00,0.745715,0.746655,0.741655,0.74285
2013-11-26T23:00:00+01:00,0.74285,0.744165,0.740605,0.740605
2013-11-27T11:00:00+01:00,0.740605,0.74277,0.736075,0.739675
2013-11-27T23:00:00+01:00,0.739675,0.74251,0.73685,0.73828
2013-11-28T11:00:00+01:00,0.73828,0.7402,0.73477,0.73516
2013-11-28T23:00:00+01:00,0.73516,0.7366,0.731565,0.735575
2013-11-29T11:00:00+01:00,0.735575,0.73822,0.73332,0.7358
2013-12-01T23:00:00+01:00,0.7358,0.74464,0.7358,0.74433
2013-12-02T11:00:00+01:00,0.74433,0.747185,0.741425,0.74361
2013-12-02T23:00:00+01:00,0.74361,0.746425,0.74184,0.74569
2013-12-03T11:00:00+01:00,0.74569,0.747095,0.744095,0.7455
2013-12-03T23:00:00+01:00,0.7455,0.745745,0.73936,0.74029
2013-12-04T11:00:00+01:00,0.74029,0.7432,0.73687,0.73973
2013-12-04T23:00:00+01:00,0.73973,0.74186,0.737855,0.73877
2013-12-05T11:00:00+01:00,0.73877,0.74154,0.73358,0.73704
2013-12-05T23:00:00+01:00,0.73704,0.737875,0.73311,0.733665
2013-12-06T11:00:00+01:00,0.733665,0.74066,0.73063,0.73865
2013-12-08T23:00:00+01:00,0.73865,0.7427,0.73785,0.739005
2013-12-09T11:00:00+01:00,0.739005,0.73956,0.73589,0.73753
2013-12-09T23:00:00+01:00,0.73753,0.739065,0.735955,0.73719
2013-12-10T11:00:00+01:00,0.73719,0.73925,0.73606,0.737705
2013-12-10T23:00:00+01:00,0.737705,0.73785,0.73291,0.73478
2013-12-11T11:00:00+01:00,0.73478,0.735035,0.72714,0.73205
2013-12-11T23:00:00+01:00,0.73205,0.73812,0.73163,0.735845
2013-12-12T11:00:00+01:00,0.735845,0.73748,0.730245,0.7336
2013-12-12T23:00:00+01:00,0.7336,0.73383,0.728285,0.731635
2013-12-13T11:00:00+01:00,0.731635,0.73651,0.730635,0.73525
2013-12-15T23:00:00+01:00,0.73525,0.736455,0.73226,0.732325
2013-12-16T11:00:00+01:00,0.732325,0.734995,0.730025,0.73272
2013-12-16T23:00:00+01:00,0.73272,0.735445,0.732005,0.733805
2013-12-17T11:00:00+01:00,0.733805,0.7351,0.72919,0.731925
2013-12-17T23:00:00+01:00,0.731925,0.733445,0.72933,0.73321
2013-12-18T11:00:00+01:00,0.73321,0.73828,0.72654,0.73638
2013-12-18T23:00:00+01:00,0.73638,0.73663,0.731595,0.73324
2013-12-19T11:00:00+01:00,0.73324,0.73578,0.73035,0.73557
2013-12-19T23:00:00+01:00,0.73557,0.738505,0.733415,0.7337
2013-12-20T11:00:00+01:00,0.7337,0.73614,0.7314,0.73479
2013-12-22T23:00:00+01:00,0.73479,0.73624,0.733455,0.73458
2013-12-23T11:00:00+01:00,0.73458,0.735,0.7321,0.732985
2013-12-23T23:00:00+01:00,0.732985,0.73361,0.729745,0.733035
2013-12-24T11:00:00+01:00,0.733035,0.73475,0.73141,0.7338
2013-12-25T23:00:00+01:00,0.7338,0.733895,0.73137,0.73142
2013-12-26T11:00:00+01:00,0.73142,0.732205,0.73004,0.73212
2013-12-26T23:00:00+01:00,0.73212,0.732375,0.72582,0.72644
2013-12-27T11:00:00+01:00,0.72644,0.728125,0.719245,0.72639
2013-12-29T23:00:00+01:00,0.72639,0.72841,0.72439,0.72741
2013-12-30T11:00:00+01:00,0.72741,0.72883,0.726295,0.728175
2013-12-30T23:00:00+01:00,0.728175,0.73178,0.728035,0.73153
2013-12-31T11:00:00+01:00,0.73153,0.73446,0.730785,0.732175
2014-01-01T23:00:00+01:00,0.732175,0.73492,0.730355,0.73403
2014-01-02T11:00:00+01:00,0.73403,0.741965,0.731215,0.735845
2014-01-02T23:00:00+01:00,0.735845,0.74583,0.735695,0.745135
2014-01-03T11:00:00+01:00,0.745135,0.751715,0.744695,0.74901
2014-01-05T23:00:00+01:00,0.74901,0.75001,0.746445,0.74825
2014-01-06T11:00:00+01:00,0.74825,0.75111,0.747605,0.749625
2014-01-06T23:00:00+01:00,0.749625,0.75176,0.74747,0.75162
2014-01-07T11:00:00+01:00,0.75162,0.75403,0.750295,0.75306
2014-01-07T23:00:00+01:00,0.75306,0.75419,0.75166,0.752865
2014-01-08T11:00:00+01:00,0.752865,0.75698,0.75197,0.75311
2014-01-08T23:00:00+01:00,0.75311,0.75379,0.750025,0.75077
2014-01-09T11:00:00+01:00,0.75077,0.754105,0.74794,0.748545
2014-01-09T23:00:00+01:00,0.748545,0.74907,0.746625,0.747585
2014-01-10T11:00:00+01:00,0.747585,0.750195,0.74412,0.749345
2014-01-12T23:00:00+01:00,0.749345,0.75293,0.74739,0.75271
2014-01-13T11:00:00+01:00,0.75271,0.75796,0.75225,0.7531
2014-01-13T23:00:00+01:00,0.7531,0.75755,0.7526,0.75673
2014-01-14T11:00:00+01:00,0.75673,0.76039,0.7553,0.75644
2014-01-14T23:00:00+01:00,0.75644,0.758625,0.754715,0.75819
2014-01-15T11:00:00+01:00,0.75819,0.759925,0.757065,0.757855
2014-01-15T23:00:00+01:00,0.757855,0.758535,0.753015,0.753655
2014-01-16T11:00:00+01:00,0.753655,0.757115,0.75147,0.755955
2014-01-16T23:00:00+01:00,0.755955,0.75649,0.748465,0.7489
2014-01-17T11:00:00+01:00,0.7489,0.753265,0.748695,0.75139
2014-01-19T23:00:00+01:00,0.75139,0.753385,0.747465,0.750855
2014-01-20T11:00:00+01:00,0.750855,0.75767,0.750345,0.75751
2014-01-20T23:00:00+01:00,0.75751,0.760255,0.756695,0.758095
2014-01-21T11:00:00+01:00,0.758095,0.760235,0.754995,0.75705
2014-01-21T23:00:00+01:00,0.75705,0.759435,0.75595,0.75913
2014-01-22T11:00:00+01:00,0.75913,0.759985,0.755405,0.7575
2014-01-22T23:00:00+01:00,0.7575,0.757925,0.74909,0.75146
2014-01-23T11:00:00+01:00,0.75146,0.752325,0.742575,0.745055
2014-01-23T23:00:00+01:00,0.745055,0.74629,0.74026,0.74244
2014-01-24T11:00:00+01:00,0.74244,0.74258,0.732545,0.734775
2014-01-26T23:00:00+01:00,0.734775,0.73961,0.73318,0.736045
2014-01-27T11:00:00+01:00,0.736045,0.74166,0.735525,0.738125
2014-01-27T23:00:00+01:00,0.738125,0.74577,0.73657,0.744625
2014-01-28T11:00:00+01:00,0.744625,0.746065,0.74045,0.74094
2014-01-28T23:00:00+01:00,0.74094,0.74648,0.74083,0.743775
2014-01-29T11:00:00+01:00,0.743775,0.74595,0.7316,0.73473
2014-01-29T23:00:00+01:00,0.73473,0.73555,0.731585,0.731875
2014-01-30T11:00:00+01:00,0.731875,0.738425,0.731865,0.737315
2014-01-30T23:00:00+01:00,0.737315,0.738655,0.73327,0.73609
2014-01-31T11:00:00+01:00,0.73609,0.737985,0.72949,0.7328
2014-02-02T23:00:00+01:00,0.7328,0.737015,0.7328,0.73418
2014-02-03T11:00:00+01:00,0.73418,0.735015,0.727755,0.72837
2014-02-03T23:00:00+01:00,0.72837,0.73829,0.72625,0.73736
2014-02-04T11:00:00+01:00,0.73736,0.74642,0.735545,0.74493
2014-02-04T23:00:00+01:00,0.74493,0.745865,0.73996,0.74374
2014-02-05T11:00:00+01:00,0.74374,0.744505,0.738785,0.74227
2014-02-05T23:00:00+01:00,0.74227,0.74607,0.74154,0.744635
2014-02-06T11:00:00+01:00,0.744635,0.74689,0.738075,0.743145
2014-02-06T23:00:00+01:00,0.743145,0.743695,0.73976,0.74345
2014-02-07T11:00:00+01:00,0.74345,0.747155,0.739995,0.7447
2014-02-09T23:00:00+01:00,0.7447,0.744995,0.7401,0.742125
2014-02-10T11:00:00+01:00,0.742125,0.74255,0.740855,0.741515
2014-02-10T23:00:00+01:00,0.741515,0.746005,0.740485,0.74565
2014-02-11T11:00:00+01:00,0.74565,0.748995,0.74358,0.74756
2014-02-11T23:00:00+01:00,0.74756,0.75142,0.745945,0.7502
2014-02-12T11:00:00+01:00,0.7502,0.753645,0.748265,0.749445
2014-02-12T23:00:00+01:00,0.749445,0.75058,0.743425,0.743845
2014-02-13T11:00:00+01:00,0.743845,0.747775,0.743235,0.74528
2014-02-13T23:00:00+01:00,0.74528,0.748575,0.743405,0.74711
2014-02-14T11:00:00+01:00,0.74711,0.74766,0.745625,0.74649
2014-02-16T23:00:00+01:00,0.74649,0.747405,0.74514,0.746485
2014-02-17T11:00:00+01:00,0.746485,0.7466,0.744715,0.745735
2014-02-17T23:00:00+01:00,0.745735,0.747855,0.74036,0.74044
2014-02-18T11:00:00+01:00,0.74044,0.74154,0.736825,0.737455
2014-02-18T23:00:00+01:00,0.737455,0.74068,0.73483,0.740405
2014-02-19T11:00:00+01:00,0.740405,0.74141,0.73424,0.73544
2014-02-19T23:00:00+01:00,0.73544,0.738715,0.73128,0.73774
2014-02-20T11:00:00+01:00,0.73774,0.73957,0.73643,0.73866
2014-02-20T23:00:00+01:00,0.73866,0.739855,0.737445,0.738345
2014-02-21T11:00:00+01:00,0.738345,0.73922,0.7338,0.735135
2014-02-23T23:00:00+01:00,0.735135,0.736025,0.73322,0.734545
2014-02-24T11:00:00+01:00,0.734545,0.741485,0.733905,0.74041
2014-02-24T23:00:00+01:00,0.74041,0.741555,0.737745,0.73878
2014-02-25T11:00:00+01:00,0.73878,0.74074,0.73786,0.738625
2014-02-25T23:00:00+01:00,0.738625,0.74089,0.73703,0.74051
2014-02-26T11:00:00+01:00,0.74051,0.74163,0.738115,0.74053
2014-02-26T23:00:00+01:00,0.74053,0.74457,0.738745,0.74423
2014-02-27T11:00:00+01:00,0.74423,0.745765,0.742195,0.743395
2014-02-27T23:00:00+01:00,0.743395,0.74731,0.74282,0.74617
2014-02-28T11:00:00+01:00,0.74617,0.74617,0.73648,0.738115
2014-03-02T23:00:00+01:00,0.738115,0.738715,0.73371,0.73663
2014-03-03T11:00:00+01:00,0.73663,0.73944,0.735335,0.73913
2014-03-03T23:00:00+01:00,0.73913,0.74195,0.738165,0.74116
2014-03-04T11:00:00+01:00,0.74116,0.74523,0.740735,0.74472
2014-03-04T23:00:00+01:00,0.74472,0.74665,0.74305,0.7464
2014-03-05T11:00:00+01:00,0.7464,0.748615,0.74601,0.74665
2014-03-05T23:00:00+01:00,0.74665,0.75199,0.74602,0.751615
2014-03-06T11:00:00+01:00,0.751615,0.752955,0.74602,0.746195
2014-03-06T23:00:00+01:00,0.746195,0.7476,0.744965,0.747445
2014-03-07T11:00:00+01:00,0.747445,0.74787,0.741565,0.743165
2014-03-09T22:00:00+01:00,0.743165,0.74437,0.740685,0.742655
2014-03-10T10:00:00+01:00,0.742655,0.744105,0.7412,0.743545
2014-03-10T22:00:00+01:00,0.743545,0.747725,0.743275,0.746365
2014-03-11T10:00:00+01:00,0.746365,0.74711,0.74223,0.74387
2014-03-11T22:00:00+01:00,0.74387,0.7451,0.74146,0.744045
2014-03-12T10:00:00+01:00,0.744045,0.745055,0.73743,0.744975
2014-03-12T22:00:00+01:00,0.744975,0.749185,0.74397,0.7462
2014-03-13T10:00:00+01:00,0.7462,0.750205,0.745055,0.74696
2014-03-13T22:00:00+01:00,0.74696,0.7488,0.74604,0.747405
2014-03-14T10:00:00+01:00,0.747405,0.747685,0.743565,0.74497
2014-03-16T22:00:00+01:00,0.74497,0.748445,0.743795,0.74807
2014-03-17T10:00:00+01:00,0.74807,0.75139,0.746375,0.747925
2014-03-17T22:00:00+01:00,0.747925,0.74917,0.745575,0.74803
2014-03-18T10:00:00+01:00,0.74803,0.75656,0.74784,0.752895
2014-03-18T22:00:00+01:00,0.752895,0.753695,0.751085,0.75336
2014-03-19T10:00:00+01:00,0.75336,0.75558,0.751575,0.753895
2014-03-19T22:00:00+01:00,0.753895,0.755355,0.750775,0.75394
2014-03-20T10:00:00+01:00,0.75394,0.75609,0.753265,0.753925
2014-03-20T22:00:00+01:00,0.753925,0.75626,0.75327,0.75599
2014-03-21T10:00:00+01:00,0.75599,0.7569,0.7527,0.753535
2014-03-23T22:00:00+01:00,0.753535,0.75499,0.75073,0.754555
2014-03-24T10:00:00+01:00,0.754555,0.75708,0.751885,0.752865
2014-03-24T22:00:00+01:00,0.752865,0.754385,0.75227,0.753965
2014-03-25T10:00:00+01:00,0.753965,0.759525,0.7537,0.75713
2014-03-25T22:00:00+01:00,0.75713,0.762875,0.756385,0.76281
2014-03-26T10:00:00+01:00,0.76281,0.76396,0.759785,0.760445
2014-03-26T22:00:00+01:00,0.760445,0.769735,0.759965,0.768625
2014-03-27T10:00:00+01:00,0.768625,0.76961,0.76563,0.768915
2014-03-27T22:00:00+01:00,0.768915,0.77361,0.767925,0.772475
2014-03-28T10:00:00+01:00,0.772475,0.772975,0.76706,0.76826
2014-03-30T23:00:00+02:00,0.76826,0.769675,0.76625,0.7678
2014-03-31T11:00:00+02:00,0.7678,0.76922,0.763575,0.767435
2014-03-31T23:00:00+02:00,0.767435,0.768505,0.7662,0.76686
2014-04-01T11:00:00+02:00,0.76686,0.7684,0.76331,0.763375
2014-04-01T23:00:00+02:00,0.763375,0.763375,0.757495,0.75785
2014-04-02T11:00:00+02:00,0.75785,0.76024,0.75693,0.76014
2014-04-02T23:00:00+02:00,0.76014,0.76086,0.75543,0.75677
2014-04-03T11:00:00+02:00,0.75677,0.762105,0.754415,0.761285
2014-04-03T23:00:00+02:00,0.761285,0.763865,0.76076,0.76262
2014-04-04T11:00:00+02:00,0.76262,0.769355,0.7619,0.767665
2014-04-06T23:00:00+02:00,0.767665,0.768295,0.76554,0.76658
2014-04-07T11:00:00+02:00,0.76658,0.76669,0.7624,0.763835
2014-04-07T23:00:00+02:00,0.763835,0.768795,0.763625,0.76819
2014-04-08T11:00:00+02:00,0.76819,0.76942,0.76437,0.766325
2014-04-08T23:00:00+02:00,0.766325,0.770025,0.765715,0.76881
2014-04-09T11:00:00+02:00,0.76881,0.769335,0.76188,0.766705
2014-04-09T23:00:00+02:00,0.766705,0.769095,0.76589,0.765895
2014-04-10T11:00:00+02:00,0.765895,0.76636,0.760725,0.76097
2014-04-10T23:00:00+02:00,0.76097,0.761245,0.75569,0.760385
2014-04-11T11:00:00+02:00,0.760385,0.76244,0.75876,0.761175
2014-04-13T23:00:00+02:00,0.761175,0.76275,0.757905,0.760395
2014-04-14T11:00:00+02:00,0.760395,0.764365,0.76001,0.76429
2014-04-14T23:00:00+02:00,0.76429,0.76501,0.760205,0.76225
2014-04-15T11:00:00+02:00,0.76225,0.763555,0.758645,0.76072
2014-04-15T23:00:00+02:00,0.76072,0.761305,0.754465,0.755665
2014-04-16T11:00:00+02:00,0.755665,0.761425,0.755035,0.76058
2014-04-16T23:00:00+02:00,0.76058,0.76197,0.75797,0.758785
2014-04-17T11:00:00+02:00,0.758785,0.7588,0.75518,0.757025
2014-04-17T23:00:00+02:00,0.757025,0.758285,0.756715,0.75783
2014-04-18T11:00:00+02:00,0.75783,0.75851,0.756675,0.758325
2014-04-20T23:00:00+02:00,0.758325,0.75974,0.756065,0.756495
2014-04-21T11:00:00+02:00,0.756495,0.758315,0.756125,0.75815
2014-04-21T23:00:00+02:00,0.75815,0.7608,0.757715,0.759355
2014-04-22T11:00:00+02:00,0.759355,0.762645,0.75901,0.761205
2014-04-22T23:00:00+02:00,0.761205,0.7629,0.757075,0.75723
2014-04-23T11:00:00+02:00,0.75723,0.759295,0.755025,0.758495
2014-04-23T23:00:00+02:00,0.758495,0.76288,0.7575,0.757725
2014-04-24T11:00:00+02:00,0.757725,0.75875,0.75392,0.755285
2014-04-24T23:00:00+02:00,0.755285,0.756395,0.75429,0.756205
2014-04-25T11:00:00+02:00,0.756205,0.757395,0.754965,0.75613
2014-04-27T23:00:00+02:00,0.75613,0.757185,0.75243,0.75259
2014-04-28T11:00:00+02:00,0.75259,0.75275,0.74943,0.75162
2014-04-28T23:00:00+02:00,0.75162,0.75238,0.74881,0.749925
2014-04-29T11:00:00+02:00,0.749925,0.75653,0.74989,0.75535
2014-04-29T23:00:00+02:00,0.75535,0.757685,0.755205,0.756835
2014-04-30T11:00:00+02:00,0.756835,0.759605,0.753015,0.75862
2014-04-30T23:00:00+02:00,0.75862,0.759095,0.75726,0.75822
2014-05-01T11:00:00+02:00,0.75822,0.760015,0.75598,0.75908
2014-05-01T23:00:00+02:00,0.75908,0.760705,0.75748,0.76009
2014-05-02T11:00:00+02:00,0.76009,0.762505,0.75837,0.760865
2014-05-04T23:00:00+02:00,0.760865,0.761025,0.758725,0.760165
2014-05-05T11:00:00+02:00,0.760165,0.76238,0.75942,0.76175
2014-05-05T23:00:00+02:00,0.76175,0.765435,0.76168,0.76281
2014-05-06T11:00:00+02:00,0.76281,0.766925,0.7626,0.76423
2014-05-06T23:00:00+02:00,0.76423,0.764405,0.75822,0.75877
2014-05-07T11:00:00+02:00,0.75877,0.760305,0.757175,0.75876
2014-05-07T23:00:00+02:00,0.75876,0.759535,0.75688,0.757575
2014-05-08T11:00:00+02:00,0.757575,0.76141,0.752735,0.7609
2014-05-08T23:00:00+02:00,0.7609,0.762525,0.758875,0.76179
2014-05-09T11:00:00+02:00,0.76179,0.764595,0.761185,0.76326
2014-05-11T23:00:00+02:00,0.76326,0.765715,0.76326,0.764365
2014-05-12T11:00:00+02:00,0.764365,0.76634,0.764215,0.765355
2014-05-12T23:00:00+02:00,0.765355,0.766555,0.76482,0.765745
2014-05-13T11:00:00+02:00,0.765745,0.770635,0.765745,0.76802
2014-05-13T23:00:00+02:00,0.76802,0.7703,0.766295,0.76924
2014-05-14T11:00:00+02:00,0.76924,0.77201,0.76909,0.771315
2014-05-14T23:00:00+02:00,0.771315,0.775225,0.76954,0.774845
2014-05-15T11:00:00+02:00,0.774845,0.77594,0.767005,0.770035
2014-05-15T23:00:00+02:00,0.770035,0.77114,0.76767,0.769355
2014-05-16T11:00:00+02:00,0.769355,0.770965,0.76818,0.770095
2014-05-18T23:00:00+02:00,0.770095,0.77185,0.769215,0.770865
2014-05-19T11:00:00+02:00,0.770865,0.77151,0.76895,0.7701
2014-05-19T23:00:00+02:00,0.7701,0.770375,0.765775,0.766725
2014-05-20T11:00:00+02:00,0.766725,0.767885,0.76386,0.76475
2014-05-20T23:00:00+02:00,0.76475,0.765565,0.762325,0.765255
2014-05-21T11:00:00+02:00,0.765255,0.766305,0.763665,0.766095
2014-05-21T23:00:00+02:00,0.766095,0.768075,0.76433,0.76565
2014-05-22T11:00:00+02:00,0.76565,0.767645,0.76386,0.765965
2014-05-22T23:00:00+02:00,0.765965,0.76739,0.765475,0.766755
2014-05-23T11:00:00+02:00,0.766755,0.766755,0.764215,0.76564
2014-05-25T23:00:00+02:00,0.76564,0.76623,0.76425,0.764545
2014-05-26T11:00:00+02:00,0.764545,0.765775,0.764095,0.7649
2014-05-26T23:00:00+02:00,0.7649,0.767015,0.76452,0.766365
2014-05-27T11:00:00+02:00,0.766365,0.76804,0.76494,0.7679
2014-05-27T23:00:00+02:00,0.7679,0.768595,0.762065,0.7628
2014-05-28T11:00:00+02:00,0.7628,0.764025,0.760995,0.76318
2014-05-28T23:00:00+02:00,0.76318,0.76372,0.76066,0.76238
2014-05-29T11:00:00+02:00,0.76238,0.762885,0.75807,0.761965
2014-05-29T23:00:00+02:00,0.761965,0.764475,0.760735,0.76164
2014-05-30T11:00:00+02:00,0.76164,0.76186,0.758425,0.760525
2014-06-01T23:00:00+02:00,0.760525,0.76112,0.7583,0.760625
2014-06-02T11:00:00+02:00,0.760625,0.76116,0.757985,0.7596
2014-06-02T23:00:00+02:00,0.7596,0.761725,0.758365,0.76141
2014-06-03T11:00:00+02:00,0.76141,0.76153,0.754695,0.755715
2014-06-03T23:00:00+02:00,0.755715,0.757995,0.7543,0.75511
2014-06-04T11:00:00+02:00,0.75511,0.755805,0.753185,0.755545
2014-06-04T23:00:00+02:00,0.755545,0.758055,0.75514,0.75577
2014-06-05T11:00:00+02:00,0.75577,0.76311,0.754235,0.75755
2014-06-05T23:00:00+02:00,0.75755,0.76237,0.75619,0.76157
2014-06-06T11:00:00+02:00,0.76157,0.762695,0.75878,0.759815
2014-06-08T23:00:00+02:00,0.759815,0.761795,0.75908,0.761655
2014-06-09T11:00:00+02:00,0.761655,0.763125,0.761045,0.761885
2014-06-09T23:00:00+02:00,0.761885,0.76571,0.76167,0.7655
2014-06-10T11:00:00+02:00,0.7655,0.766925,0.76484,0.766725
2014-06-10T23:00:00+02:00,0.766725,0.771335,0.76616,0.771235
2014-06-11T11:00:00+02:00,0.771235,0.771905,0.76736,0.769
2014-06-11T23:00:00+02:00,0.769,0.78159,0.76572,0.78013
2014-06-12T11:00:00+02:00,0.78013,0.7821,0.778655,0.780605
2014-06-12T23:00:00+02:00,0.780605,0.78108,0.776375,0.776955
2014-06-13T11:00:00+02:00,0.776955,0.78117,0.775665,0.780385
2014-06-15T23:00:00+02:00,0.780385,0.78233,0.77952,0.78085
2014-06-16T11:00:00+02:00,0.78085,0.7811,0.77802,0.77803
2014-06-16T23:00:00+02:00,0.77803,0.77923,0.77684,0.77725
2014-06-17T11:00:00+02:00,0.77725,0.779535,0.77706,0.77907
2014-06-17T23:00:00+02:00,0.77907,0.78023,0.77811,0.779545
2014-06-18T11:00:00+02:00,0.779545,0.7831,0.777715,0.782625
2014-06-18T23:00:00+02:00,0.782625,0.783155,0.77803,0.778515
2014-06-19T11:00:00+02:00,0.778515,0.77994,0.7775,0.779075
2014-06-19T23:00:00+02:00,0.779075,0.779695,0.77812,0.778165
2014-06-20T11:00:00+02:00,0.778165,0.77983,0.77776,0.7784
2014-06-22T23:00:00+02:00,0.7784,0.783365,0.7784,0.78288
2014-06-23T11:00:00+02:00,0.78288,0.78314,0.77855,0.779145
2014-06-23T23:00:00+02:00,0.779145,0.780855,0.777295,0.77735
2014-06-24T11:00:00+02:00,0.77735,0.77876,0.774915,0.774955
2014-06-24T23:00:00+02:00,0.774955,0.77686,0.774485,0.77645
2014-06-25T11:00:00+02:00,0.77645,0.78022,0.776375,0.779655
2014-06-25T23:00:00+02:00,0.779655,0.78383,0.779155,0.78345
2014-06-26T11:00:00+02:00,0.78345,0.78521,0.78221,0.784725
2014-06-26T23:00:00+02:00,0.784725,0.78581,0.781615,0.78242
2014-06-27T11:00:00+02:00,0.78242,0.78313,0.78065,0.78248
2014-06-29T23:00:00+02:00,0.78248,0.782825,0.77702,0.7772
2014-06-30T11:00:00+02:00,0.7772,0.778695,0.77576,0.77673
2014-06-30T23:00:00+02:00,0.77673,0.77883,0.77631,0.77631
2014-07-01T11:00:00+02:00,0.77631,0.7795,0.77575,0.77883
2014-07-01T23:00:00+02:00,0.77883,0.77968,0.77691,0.779675
2014-07-02T11:00:00+02:00,0.779675,0.78005,0.777835,0.779795
2014-07-02T23:00:00+02:00,0.779795,0.780595,0.77787,0.77931
2014-07-03T11:00:00+02:00,0.77931,0.782975,0.778295,0.781915
2014-07-03T23:00:00+02:00,0.781915,0.78234,0.780365,0.781885
2014-07-04T11:00:00+02:00,0.781885,0.78289,0.78087,0.781525
2014-07-06T23:00:00+02:00,0.781525,0.782815,0.780285,0.78152
2014-07-07T11:00:00+02:00,0.78152,0.783625,0.781145,0.782745
2014-07-07T23:00:00+02:00,0.782745,0.78754,0.780795,0.786195
2014-07-08T11:00:00+02:00,0.786195,0.78663,0.783965,0.784755
2014-07-08T23:00:00+02:00,0.784755,0.786955,0.784335,0.786665
2014-07-09T11:00:00+02:00,0.786665,0.78686,0.78459,0.786095
2014-07-09T23:00:00+02:00,0.786095,0.78686,0.784905,0.78504
2014-07-10T11:00:00+02:00,0.78504,0.78794,0.78416,0.78704
2014-07-10T23:00:00+02:00,0.78704,0.78783,0.78615,0.7869
2014-07-11T11:00:00+02:00,0.7869,0.787865,0.78557,0.78616
2014-07-13T23:00:00+02:00,0.78616,0.787775,0.784495,0.78451
2014-07-14T11:00:00+02:00,0.78451,0.785855,0.78434,0.785355
2014-07-14T23:00:00+02:00,0.785355,0.786305,0.78362,0.78494
2014-07-15T11:00:00+02:00,0.78494,0.78682,0.784145,0.78529
2014-07-15T23:00:00+02:00,0.78529,0.78567,0.77904,0.78027
2014-07-16T11:00:00+02:00,0.78027,0.7834,0.780165,0.782565
2014-07-16T23:00:00+02:00,0.782565,0.78318,0.77958,0.780515
2014-07-17T11:00:00+02:00,0.780515,0.78175,0.7778,0.77796
2014-07-17T23:00:00+02:00,0.77796,0.78061,0.776585,0.778675
2014-07-18T11:00:00+02:00,0.778675,0.78139,0.778515,0.78117
2014-07-20T23:00:00+02:00,0.78117,0.78326,0.780375,0.781195
2014-07-21T11:00:00+02:00,0.781195,0.781695,0.77998,0.780215
2014-07-21T23:00:00+02:00,0.780215,0.781305,0.778905,0.781105
2014-07-22T11:00:00+02:00,0.781105,0.783225,0.780095,0.782135
2014-07-22T23:00:00+02:00,0.782135,0.78483,0.78128,0.78398
2014-07-23T11:00:00+02:00,0.78398,0.785755,0.78267,0.78499
2014-07-23T23:00:00+02:00,0.78499,0.78579,0.773115,0.773465
2014-07-24T11:00:00+02:00,0.773465,0.775485,0.77342,0.773755
2014-07-24T23:00:00+02:00,0.773755,0.7749,0.77184,0.77246
2014-07-25T11:00:00+02:00,0.77246,0.774545,0.77151,0.77405
2014-07-27T23:00:00+02:00,0.77405,0.77429,0.771775,0.772225
2014-07-28T11:00:00+02:00,0.772225,0.774035,0.77206,0.77268
2014-07-28T23:00:00+02:00,0.77268,0.77364,0.76919,0.76938
2014-07-29T11:00:00+02:00,0.76938,0.772075,0.76912,0.771325
2014-07-29T23:00:00+02:00,0.771325,0.772525,0.770955,0.771875
2014-07-30T11:00:00+02:00,0.771875,0.773095,0.77013,0.771695
2014-07-30T23:00:00+02:00,0.771695,0.774135,0.770435,0.77118
2014-07-31T11:00:00+02:00,0.77118,0.77266,0.770075,0.7725
2014-07-31T23:00:00+02:00,0.7725,0.773465,0.77042,0.77081
2014-08-01T11:00:00+02:00,0.77081,0.772445,0.76834,0.77083
2014-08-03T23:00:00+02:00,0.77083,0.77211,0.77014,0.77082
2014-08-04T11:00:00+02:00,0.77082,0.77334,0.77008,0.77292
2014-08-04T23:00:00+02:00,0.77292,0.77544,0.771875,0.77477
2014-08-05T11:00:00+02:00,0.77477,0.775015,0.769355,0.769745
2014-08-05T23:00:00+02:00,0.769745,0.77087,0.766275,0.767355
2014-08-06T11:00:00+02:00,0.767355,0.77111,0.766965,0.769465
2014-08-06T23:00:00+02:00,0.769465,0.77001,0.76738,0.76904
2014-08-07T11:00:00+02:00,0.76904,0.77187,0.768085,0.770565
2014-08-07T23:00:00+02:00,0.770565,0.770635,0.76558,0.766985
2014-08-08T11:00:00+02:00,0.766985,0.769205,0.76568,0.766105
2014-08-10T23:00:00+02:00,0.766105,0.76798,0.766065,0.766845
2014-08-11T11:00:00+02:00,0.766845,0.767345,0.766195,0.766855
2014-08-11T23:00:00+02:00,0.766855,0.767345,0.763485,0.765915
2014-08-12T11:00:00+02:00,0.765915,0.7673,0.76545,0.765525
2014-08-12T23:00:00+02:00,0.765525,0.7671,0.764285,0.76674
2014-08-13T11:00:00+02:00,0.76674,0.768285,0.765275,0.767555
2014-08-13T23:00:00+02:00,0.767555,0.771425,0.767345,0.771005
2014-08-14T11:00:00+02:00,0.771005,0.7713,0.768135,0.769885
2014-08-14T23:00:00+02:00,0.769885,0.77003,0.76794,0.76886
2014-08-15T11:00:00+02:00,0.76886,0.7698,0.765845,0.76618
2014-08-17T23:00:00+02:00,0.76618,0.767705,0.76597,0.76676
2014-08-18T11:00:00+02:00,0.76676,0.76872,0.766655,0.768575
2014-08-18T23:00:00+02:00,0.768575,0.76919,0.764325,0.765965
2014-08-19T11:00:00+02:00,0.765965,0.768535,0.76503,0.765555
2014-08-19T23:00:00+02:00,0.765555,0.766915,0.7624,0.764905
2014-08-20T11:00:00+02:00,0.764905,0.766625,0.76372,0.76495
2014-08-20T23:00:00+02:00,0.76495,0.76538,0.763335,0.76449
2014-08-21T11:00:00+02:00,0.76449,0.766725,0.76439,0.766165
2014-08-21T23:00:00+02:00,0.766165,0.767365,0.764895,0.76677
2014-08-22T11:00:00+02:00,0.76677,0.769145,0.76644,0.76816
2014-08-24T23:00:00+02:00,0.76816,0.77062,0.76406,0.76613
2014-08-25T11:00:00+02:00,0.76613,0.76646,0.763215,0.763705
2014-08-25T23:00:00+02:00,0.763705,0.76421,0.761345,0.76258
2014-08-26T11:00:00+02:00,0.76258,0.764585,0.761935,0.76452
2014-08-26T23:00:00+02:00,0.76452,0.768845,0.76412,0.766835
2014-08-27T11:00:00+02:00,0.766835,0.767575,0.76474,0.766055
2014-08-27T23:00:00+02:00,0.766055,0.76762,0.765275,0.766875
2014-08-28T11:00:00+02:00,0.766875,0.767685,0.765825,0.76719
2014-08-28T23:00:00+02:00,0.76719,0.76899,0.76509,0.767895
2014-08-29T11:00:00+02:00,0.767895,0.76899,0.765235,0.7678
2014-08-31T23:00:00+02:00,0.7678,0.77061,0.76709,0.769885
2014-09-01T11:00:00+02:00,0.769885,0.771015,0.76962,0.77027
2014-09-01T23:00:00+02:00,0.77027,0.77149,0.767115,0.76746
2014-09-02T11:00:00+02:00,0.76746,0.76769,0.76335,0.764225
2014-09-02T23:00:00+02:00,0.764225,0.76589,0.762415,0.76502
2014-09-03T11:00:00+02:00,0.76502,0.765665,0.763355,0.76414
2014-09-03T23:00:00+02:00,0.76414,0.76461,0.763235,0.764535
2014-09-04T11:00:00+02:00,0.764535,0.775075,0.764265,0.774145
2014-09-04T23:00:00+02:00,0.774145,0.77446,0.7715,0.771545
2014-09-05T11:00:00+02:00,0.771545,0.775875,0.771425,0.77555
2014-09-07T23:00:00+02:00,0.77555,0.77616,0.773265,0.77475
2014-09-08T11:00:00+02:00,0.77475,0.77527,0.7714,0.774035
2014-09-08T23:00:00+02:00,0.774035,0.77489,0.77276,0.7738
2014-09-09T11:00:00+02:00,0.7738,0.774635,0.767915,0.76904
2014-09-09T23:00:00+02:00,0.76904,0.770705,0.766665,0.7673
2014-09-10T11:00:00+02:00,0.7673,0.77379,0.76692,0.77038
2014-09-10T23:00:00+02:00,0.77038,0.77118,0.76407,0.764445
2014-09-11T11:00:00+02:00,0.764445,0.76697,0.763975,0.76592
2014-09-11T23:00:00+02:00,0.76592,0.767225,0.763795,0.764275
2014-09-12T11:00:00+02:00,0.764275,0.7657,0.76012,0.760845
2014-09-14T23:00:00+02:00,0.760845,0.76243,0.75889,0.762015
2014-09-15T11:00:00+02:00,0.762015,0.76574,0.761755,0.76457
2014-09-15T23:00:00+02:00,0.76457,0.76567,0.76146,0.761515
2014-09-16T11:00:00+02:00,0.761515,0.766125,0.760515,0.76481
2014-09-16T23:00:00+02:00,0.76481,0.765725,0.762335,0.76497
2014-09-17T11:00:00+02:00,0.76497,0.765245,0.7598,0.76213
2014-09-17T23:00:00+02:00,0.76213,0.76437,0.75903,0.76234
2014-09-18T11:00:00+02:00,0.76234,0.763195,0.75987,0.76119
2014-09-18T23:00:00+02:00,0.76119,0.763915,0.75903,0.76207
2014-09-19T11:00:00+02:00,0.76207,0.76632,0.761775,0.76476
2014-09-21T23:00:00+02:00,0.76476,0.767865,0.761415,0.76163
2014-09-22T11:00:00+02:00,0.76163,0.76488,0.761335,0.763145
2014-09-22T23:00:00+02:00,0.763145,0.764515,0.761395,0.76195
2014-09-23T11:00:00+02:00,0.76195,0.763455,0.755025,0.75675
2014-09-23T23:00:00+02:00,0.75675,0.760445,0.756135,0.758555
2014-09-24T11:00:00+02:00,0.758555,0.76407,0.75808,0.76364
2014-09-24T23:00:00+02:00,0.76364,0.763965,0.753555,0.755195
2014-09-25T11:00:00+02:00,0.755195,0.75638,0.74964,0.75011
2014-09-25T23:00:00+02:00,0.75011,0.752895,0.747315,0.74879
2014-09-26T11:00:00+02:00,0.74879,0.751235,0.747165,0.74844
2014-09-28T23:00:00+02:00,0.74844,0.74899,0.733815,0.738445
2014-09-29T11:00:00+02:00,0.738445,0.740475,0.737745,0.738675
2014-09-29T23:00:00+02:00,0.738675,0.744095,0.736995,0.7399
2014-09-30T11:00:00+02:00,0.7399,0.746255,0.739885,0.745725
2014-09-30T23:00:00+02:00,0.745725,0.746985,0.74228,0.746315
2014-10-01T11:00:00+02:00,0.746315,0.75065,0.74364,0.74437
2014-10-01T23:00:00+02:00,0.74437,0.755515,0.742815,0.75395
2014-10-02T11:00:00+02:00,0.75395,0.75462,0.74917,0.75373
2014-10-02T23:00:00+02:00,0.75373,0.75454,0.749955,0.753015
2014-10-03T11:00:00+02:00,0.753015,0.75492,0.748575,0.751135
2014-10-05T23:00:00+02:00,0.751135,0.75339,0.74676,0.751645
2014-10-06T11:00:00+02:00,0.751645,0.75317,0.74989,0.751275
2014-10-06T23:00:00+02:00,0.751275,0.754535,0.748145,0.75212
2014-10-07T11:00:00+02:00,0.75212,0.75447,0.74925,0.74949
2014-10-07T23:00:00+02:00,0.74949,0.74999,0.74688,0.74899
2014-10-08T11:00:00+02:00,0.74899,0.75322,0.745265,0.752475
2014-10-08T23:00:00+02:00,0.752475,0.75571,0.75136,0.75408
2014-10-09T11:00:00+02:00,0.75408,0.75526,0.749015,0.750875
2014-10-09T23:00:00+02:00,0.750875,0.75114,0.746715,0.74822
2014-10-10T11:00:00+02:00,0.74822,0.75074,0.745775,0.7481
2014-10-12T23:00:00+02:00,0.7481,0.751285,0.744925,0.74954
2014-10-13T11:00:00+02:00,0.74954,0.7523,0.74793,0.74823
2014-10-13T23:00:00+02:00,0.74823,0.751925,0.746655,0.74951
2014-10-14T11:00:00+02:00,0.74951,0.752075,0.746405,0.747985
2014-10-14T23:00:00+02:00,0.747985,0.74995,0.74635,0.747885
2014-10-15T11:00:00+02:00,0.747885,0.753115,0.74571,0.75082
2014-10-15T23:00:00+02:00,0.75082,0.75293,0.747395,0.747695
2014-10-16T11:00:00+02:00,0.747695,0.7521,0.74496,0.7493
2014-10-16T23:00:00+02:00,0.7493,0.75079,0.74328,0.7487
2014-10-17T11:00:00+02:00,0.7487,0.75222,0.747915,0.7493
2014-10-19T23:00:00+02:00,0.7493,0.753285,0.7493,0.751565
2014-10-20T11:00:00+02:00,0.751565,0.75323,0.749385,0.751125
2014-10-20T23:00:00+02:00,0.751125,0.75615,0.750255,0.752265
2014-10-21T11:00:00+02:00,0.752265,0.758495,0.75204,0.75561
2014-10-21T23:00:00+02:00,0.75561,0.758415,0.75487,0.75821
2014-10-22T11:00:00+02:00,0.75821,0.75857,0.75523,0.756245
2014-10-22T23:00:00+02:00,0.756245,0.7564,0.747415,0.74803
2014-10-23T11:00:00+02:00,0.74803,0.749755,0.7445,0.7464
2014-10-23T23:00:00+02:00,0.7464,0.74853,0.743745,0.74663
2014-10-24T11:00:00+02:00,0.74663,0.74889,0.746565,0.747705
2014-10-26T22:00:00+01:00,0.747705,0.748725,0.746385,0.748375
2014-10-27T10:00:00+01:00,0.748375,0.749775,0.747335,0.749515
2014-10-27T22:00:00+01:00,0.749515,0.75082,0.748645,0.749935
2014-10-28T10:00:00+01:00,0.749935,0.7521,0.749285,0.75025
2014-10-28T22:00:00+01:00,0.75025,0.752465,0.74946,0.751915
2014-10-29T10:00:00+01:00,0.751915,0.75354,0.741595,0.745005
2014-10-29T22:00:00+01:00,0.745005,0.748605,0.7426,0.748515
2014-10-30T10:00:00+01:00,0.748515,0.750735,0.745795,0.7499
2014-10-30T22:00:00+01:00,0.7499,0.755825,0.74839,0.75432
2014-10-31T10:00:00+01:00,0.75432,0.755725,0.74841,0.750105
2014-11-02T23:00:00+01:00,0.750105,0.75212,0.747955,0.749885
2014-11-03T11:00:00+01:00,0.749885,0.75032,0.743835,0.74568
2014-11-03T23:00:00+01:00,0.74568,0.748475,0.7441,0.74791
2014-11-04T11:00:00+01:00,0.74791,0.750215,0.74509,0.74955
2014-11-04T23:00:00+01:00,0.74955,0.75247,0.74705,0.747215
2014-11-05T11:00:00+01:00,0.747215,0.74749,0.741915,0.74513
2014-11-05T23:00:00+01:00,0.74513,0.74672,0.73953,0.74588
2014-11-06T11:00:00+01:00,0.74588,0.749725,0.74365,0.748325
2014-11-06T23:00:00+01:00,0.748325,0.749165,0.74538,0.747235
2014-11-07T11:00:00+01:00,0.747235,0.751055,0.746375,0.748675
2014-11-09T23:00:00+01:00,0.748675,0.75344,0.748675,0.752445
2014-11-10T11:00:00+01:00,0.752445,0.75256,0.74937,0.75031
2014-11-10T23:00:00+01:00,0.75031,0.7515,0.74782,0.74955
2014-11-11T11:00:00+01:00,0.74955,0.755195,0.749515,0.753145
2014-11-11T23:00:00+01:00,0.753145,0.76019,0.752455,0.75983
2014-11-12T11:00:00+01:00,0.75983,0.762345,0.75754,0.761505
2014-11-12T23:00:00+01:00,0.761505,0.76335,0.75822,0.763095
2014-11-13T11:00:00+01:00,0.763095,0.76438,0.759325,0.75956
2014-11-13T23:00:00+01:00,0.75956,0.759565,0.756915,0.75903
2014-11-14T11:00:00+01:00,0.75903,0.761305,0.75759,0.758465
2014-11-16T23:00:00+01:00,0.758465,0.763285,0.758465,0.76102
2014-11-17T11:00:00+01:00,0.76102,0.766075,0.760645,0.763435
2014-11-17T23:00:00+01:00,0.763435,0.76597,0.76316,0.76339
2014-11-18T11:00:00+01:00,0.76339,0.76535,0.759195,0.75924
2014-11-18T23:00:00+01:00,0.75924,0.759775,0.751485,0.752155
2014-11-19T11:00:00+01:00,0.752155,0.75406,0.75109,0.751505
2014-11-19T23:00:00+01:00,0.751505,0.753305,0.748715,0.75239
2014-11-20T11:00:00+01:00,0.75239,0.754785,0.751255,0.75415
2014-11-20T23:00:00+01:00,0.75415,0.760145,0.752945,0.759795
2014-11-21T11:00:00+01:00,0.759795,0.768655,0.75969,0.764515
2014-11-23T23:00:00+01:00,0.764515,0.768135,0.76291,0.7634
2014-11-24T11:00:00+01:00,0.7634,0.763815,0.759045,0.75978
2014-11-24T23:00:00+01:00,0.75978,0.76076,0.752965,0.75383
2014-11-25T11:00:00+01:00,0.75383,0.754585,0.751435,0.75283
2014-11-25T23:00:00+01:00,0.75283,0.75737,0.752485,0.75442
2014-11-26T11:00:00+01:00,0.75442,0.758295,0.7537,0.756785
2014-11-26T23:00:00+01:00,0.756785,0.7614,0.756105,0.76078
2014-11-27T11:00:00+01:00,0.76078,0.76105,0.75664,0.758345
2014-11-27T23:00:00+01:00,0.758345,0.759175,0.755905,0.75911
2014-11-28T11:00:00+01:00,0.75911,0.759405,0.75471,0.7575
2014-11-30T23:00:00+01:00,0.7575,0.758935,0.75245,0.758145
2014-12-01T11:00:00+01:00,0.758145,0.761395,0.756955,0.758785
2014-12-01T23:00:00+01:00,0.758785,0.761315,0.757975,0.75936
2014-12-02T11:00:00+01:00,0.75936,0.760095,0.75575,0.7588
2014-12-02T23:00:00+01:00,0.7588,0.759375,0.75499,0.75835
2014-12-03T11:00:00+01:00,0.75835,0.760885,0.75648,0.758575
2014-12-03T23:00:00+01:00,0.758575,0.758965,0.755765,0.756855
2014-12-04T11:00:00+01:00,0.756855,0.758885,0.75255,0.75566
2014-12-04T23:00:00+01:00,0.75566,0.75606,0.753215,0.7548
2014-12-05T11:00:00+01:00,0.7548,0.757175,0.753025,0.754915
2014-12-07T23:00:00+01:00,0.754915,0.754915,0.747715,0.748885
2014-12-08T11:00:00+01:00,0.748885,0.751095,0.74662,0.74696
2014-12-08T23:00:00+01:00,0.74696,0.74804,0.74376,0.746785
2014-12-09T11:00:00+01:00,0.746785,0.7496,0.744765,0.745945
2014-12-09T23:00:00+01:00,0.745945,0.74921,0.74468,0.747605
2014-12-10T11:00:00+01:00,0.747605,0.75735,0.74261,0.75511
2014-12-10T23:00:00+01:00,0.75511,0.75905,0.752195,0.75315
2014-12-11T11:00:00+01:00,0.75315,0.75822,0.75187,0.756775
2014-12-11T23:00:00+01:00,0.756775,0.75703,0.753145,0.755435
2014-12-12T11:00:00+01:00,0.755435,0.75586,0.747915,0.749545
2014-12-14T23:00:00+01:00,0.749545,0.75135,0.74664,0.751125
2014-12-15T11:00:00+01:00,0.751125,0.75114,0.74603,0.747795
2014-12-15T23:00:00+01:00,0.747795,0.748525,0.744355,0.746405
2014-12-16T11:00:00+01:00,0.746405,0.751065,0.744865,0.748575
2014-12-16T23:00:00+01:00,0.748575,0.748985,0.742985,0.744165
2014-12-17T11:00:00+01:00,0.744165,0.754295,0.74416,0.74962
2014-12-17T23:00:00+01:00,0.74962,0.7613,0.747775,0.75641
2014-12-18T11:00:00+01:00,0.75641,0.76108,0.75585,0.760695
2014-12-18T23:00:00+01:00,0.760695,0.76491,0.760105,0.76153
2014-12-19T11:00:00+01:00,0.76153,0.763665,0.760695,0.762575
2014-12-21T23:00:00+01:00,0.762575,0.762815,0.75892,0.762245
2014-12-22T11:00:00+01:00,0.762245,0.762505,0.75881,0.760385
2014-12-22T23:00:00+01:00,0.760385,0.76183,0.759335,0.761715
2014-12-23T11:00:00+01:00,0.761715,0.763625,0.76005,0.76159
2014-12-23T23:00:00+01:00,0.76159,0.763485,0.76106,0.76182
2014-12-24T11:00:00+01:00,0.76182,0.762825,0.759985,0.761655
2014-12-25T23:00:00+01:00,0.761655,0.764095,0.76076,0.763995
2014-12-26T11:00:00+01:00,0.763995,0.766945,0.76383,0.76666
2014-12-28T23:00:00+01:00,0.76666,0.769225,0.76477,0.768395
2014-12-29T11:00:00+01:00,0.768395,0.77137,0.76766,0.77099
2014-12-29T23:00:00+01:00,0.77099,0.77426,0.769635,0.77353
2014-12-30T11:00:00+01:00,0.77353,0.775845,0.77319,0.774225
2014-12-30T23:00:00+01:00,0.774225,0.77636,0.773835,0.77586
2014-12-31T11:00:00+01:00,0.77586,0.776865,0.773895,0.774495
2015-01-01T23:00:00+01:00,0.774495,0.776005,0.77236,0.772515
2015-01-02T11:00:00+01:00,0.772515,0.773305,0.76893,0.7712
2015-01-04T23:00:00+01:00,0.7712,0.77761,0.766265,0.77114
2015-01-05T11:00:00+01:00,0.77114,0.777035,0.77107,0.773865
2015-01-05T23:00:00+01:00,0.773865,0.781295,0.7735,0.780675
2015-01-06T11:00:00+01:00,0.780675,0.78567,0.779975,0.784
2015-01-06T23:00:00+01:00,0.784,0.78667,0.782695,0.785065
2015-01-07T11:00:00+01:00,0.785065,0.78989,0.78353,0.789475
2015-01-07T23:00:00+01:00,0.789475,0.79656,0.787935,0.796095
2015-01-08T11:00:00+01:00,0.796095,0.79719,0.7934,0.79679
2015-01-08T23:00:00+01:00,0.79679,0.79768,0.793515,0.794215
2015-01-09T11:00:00+01:00,0.794215,0.79796,0.793265,0.794555
2015-01-11T23:00:00+01:00,0.794555,0.796755,0.78924,0.78971
2015-01-12T11:00:00+01:00,0.78971,0.791785,0.78728,0.78972
2015-01-12T23:00:00+01:00,0.78972,0.790175,0.78755,0.788775
2015-01-13T11:00:00+01:00,0.788775,0.79044,0.786785,0.78936
2015-01-13T23:00:00+01:00,0.78936,0.791335,0.783235,0.79047
2015-01-14T11:00:00+01:00,0.79047,0.790545,0.78611,0.78611
2015-01-14T23:00:00+01:00,0.78611,0.79111,0.75537,0.761195
2015-01-15T11:00:00+01:00,0.761195,0.761195,0.653795,0.656845
2015-01-15T23:00:00+01:00,0.656845,0.6903,0.655365,0.681015
2015-01-16T11:00:00+01:00,0.681015,0.685995,0.65806,0.667115
2015-01-18T23:00:00+01:00,0.667115,0.67776,0.66599,0.675145
2015-01-19T11:00:00+01:00,0.675145,0.68499,0.673325,0.68438
2015-01-19T23:00:00+01:00,0.68438,0.684695,0.67528,0.67695
2015-01-20T11:00:00+01:00,0.67695,0.6777,0.667565,0.668845
2015-01-20T23:00:00+01:00,0.668845,0.672205,0.66016,0.66016
2015-01-21T11:00:00+01:00,0.66016,0.66451,0.648795,0.649355
2015-01-21T23:00:00+01:00,0.649355,0.65207,0.64529,0.6488
2015-01-22T11:00:00+01:00,0.6488,0.65953,0.645305,0.653465
2015-01-22T23:00:00+01:00,0.653465,0.655565,0.651265,0.651595
2015-01-23T11:00:00+01:00,0.651595,0.658265,0.65076,0.656085
2015-01-25T23:00:00+01:00,0.656085,0.66157,0.65097,0.660905
2015-01-26T11:00:00+01:00,0.660905,0.67188,0.660575,0.67054
2015-01-26T23:00:00+01:00,0.67054,0.68267,0.668595,0.671635
2015-01-27T11:00:00+01:00,0.671635,0.676115,0.66456,0.67279
2015-01-27T23:00:00+01:00,0.67279,0.67776,0.66851,0.67369
2015-01-28T11:00:00+01:00,0.67369,0.67839,0.66222,0.662425
2015-01-28T23:00:00+01:00,0.662425,0.669415,0.66219,0.666755
2015-01-29T11:00:00+01:00,0.666755,0.672725,0.66597,0.671225
2015-01-29T23:00:00+01:00,0.671225,0.6758,0.669125,0.67287
2015-01-30T11:00:00+01:00,0.67287,0.673085,0.665025,0.66861
2015-02-01T23:00:00+01:00,0.66861,0.679375,0.668005,0.675405
2015-02-02T11:00:00+01:00,0.675405,0.679375,0.673365,0.67785
2015-02-02T23:00:00+01:00,0.67785,0.679065,0.664675,0.666195
2015-02-03T11:00:00+01:00,0.666195,0.683825,0.666195,0.679735
2015-02-03T23:00:00+01:00,0.679735,0.68951,0.674255,0.68349
2015-02-04T11:00:00+01:00,0.68349,0.687245,0.678765,0.682005
2015-02-04T23:00:00+01:00,0.682005,0.68576,0.679285,0.68545
2015-02-05T11:00:00+01:00,0.68545,0.68757,0.68092,0.681425
2015-02-05T23:00:00+01:00,0.681425,0.68694,0.68097,0.682875
2015-02-06T11:00:00+01:00,0.682875,0.68561,0.678435,0.68194
2015-02-08T23:00:00+01:00,0.68194,0.685835,0.67936,0.684735
2015-02-09T11:00:00+01:00,0.684735,0.687785,0.68278,0.684385
2015-02-09T23:00:00+01:00,0.684385,0.687265,0.68321,0.68519
2015-02-10T11:00:00+01:00,0.68519,0.687295,0.682705,0.68572
2015-02-10T23:00:00+01:00,0.68572,0.689505,0.684465,0.687285
2015-02-11T11:00:00+01:00,0.687285,0.68929,0.68251,0.684075
2015-02-11T23:00:00+01:00,0.684075,0.68559,0.67959,0.68544
2015-02-12T11:00:00+01:00,0.68544,0.693915,0.684755,0.691285
2015-02-12T23:00:00+01:00,0.691285,0.69237,0.68907,0.68945
2015-02-13T11:00:00+01:00,0.68945,0.696335,0.68889,0.6954
2015-02-15T23:00:00+01:00,0.6954,0.701185,0.6954,0.700195
2015-02-16T11:00:00+01:00,0.700195,0.701395,0.697285,0.69906
2015-02-16T23:00:00+01:00,0.69906,0.704065,0.69769,0.703755
2015-02-17T11:00:00+01:00,0.703755,0.70753,0.700115,0.706395
2015-02-17T23:00:00+01:00,0.706395,0.70807,0.702585,0.707755
2015-02-18T11:00:00+01:00,0.707755,0.71316,0.70576,0.711025
2015-02-18T23:00:00+01:00,0.711025,0.71351,0.706615,0.709605
2015-02-19T11:00:00+01:00,0.709605,0.715085,0.708915,0.71379
2015-02-19T23:00:00+01:00,0.71379,0.71953,0.713115,0.717815
2015-02-20T11:00:00+01:00,0.717815,0.719335,0.705425,0.70594
2015-02-22T23:00:00+01:00,0.70594,0.712995,0.70594,0.712725
2015-02-23T11:00:00+01:00,0.712725,0.716875,0.712035,0.714695
2015-02-23T23:00:00+01:00,0.714695,0.71666,0.706195,0.706235
2015-02-24T11:00:00+01:00,0.706235,0.712545,0.70602,0.71214
2015-02-24T23:00:00+01:00,0.71214,0.71773,0.710065,0.716495
2015-02-25T11:00:00+01:00,0.716495,0.71756,0.714425,0.716635
2015-02-25T23:00:00+01:00,0.716635,0.7208,0.716205,0.718445
2015-02-26T11:00:00+01:00,0.718445,0.72198,0.716795,0.717895
2015-02-26T23:00:00+01:00,0.717895,0.719855,0.715155,0.71787
2015-02-27T11:00:00+01:00,0.71787,0.722085,0.715265,0.72134
2015-03-01T23:00:00+01:00,0.72134,0.72155,0.717745,0.72093
2015-03-02T11:00:00+01:00,0.72093,0.721145,0.717805,0.719825
2015-03-02T23:00:00+01:00,0.719825,0.725205,0.71841,0.72351
2015-03-03T11:00:00+01:00,0.72351,0.727015,0.722875,0.72587
2015-03-03T23:00:00+01:00,0.72587,0.73063,0.72516,0.730415
2015-03-04T11:00:00+01:00,0.730415,0.733485,0.72721,0.73095
2015-03-04T23:00:00+01:00,0.73095,0.732395,0.727045,0.72824
2015-03-05T11:00:00+01:00,0.72824,0.729555,0.723375,0.729285
2015-03-05T23:00:00+01:00,0.729285,0.729915,0.72583,0.729095
2015-03-06T11:00:00+01:00,0.729095,0.732245,0.723575,0.725855
2015-03-08T22:00:00+01:00,0.725855,0.72763,0.72246,0.726605
2015-03-09T10:00:00+01:00,0.726605,0.72721,0.724415,0.72512
2015-03-09T22:00:00+01:00,0.72512,0.725615,0.71868,0.72198
2015-03-10T10:00:00+01:00,0.72198,0.727535,0.721835,0.727175
2015-03-10T22:00:00+01:00,0.727175,0.72896,0.722665,0.727845
2015-03-11T10:00:00+01:00,0.727845,0.737025,0.725155,0.736035
2015-03-11T22:00:00+01:00,0.736035,0.74458,0.73398,0.74134
2015-03-12T10:00:00+01:00,0.74134,0.74457,0.74028,0.74047
2015-03-12T22:00:00+01:00,0.74047,0.743195,0.738885,0.739535
2015-03-13T10:00:00+01:00,0.739535,0.740515,0.735065,0.73791
2015-03-15T22:00:00+01:00,0.73791,0.74244,0.736035,0.74002
2015-03-16T10:00:00+01:00,0.74002,0.74465,0.737765,0.742245
2015-03-16T22:00:00+01:00,0.742245,0.745945,0.741785,0.742835
2015-03-17T10:00:00+01:00,0.742835,0.74297,0.73385,0.735235
2015-03-17T22:00:00+01:00,0.735235,0.73694,0.730835,0.7325
2015-03-18T10:00:00+01:00,0.7325,0.738525,0.725735,0.732445
2015-03-18T22:00:00+01:00,0.732445,0.740895,0.730055,0.73348
2015-03-19T10:00:00+01:00,0.73348,0.73798,0.72999,0.73413
2015-03-19T22:00:00+01:00,0.73413,0.73761,0.733095,0.73577
2015-03-20T10:00:00+01:00,0.73577,0.74009,0.731875,0.737965
2015-03-22T22:00:00+01:00,0.737965,0.748985,0.737965,0.74353
2015-03-23T10:00:00+01:00,0.74353,0.743645,0.73596,0.73937
2015-03-23T22:00:00+01:00,0.73937,0.741895,0.73519,0.73572
2015-03-24T10:00:00+01:00,0.73572,0.73594,0.7286,0.733265
2015-03-24T22:00:00+01:00,0.733265,0.734755,0.729865,0.732445
2015-03-25T10:00:00+01:00,0.732445,0.736025,0.729505,0.730015
2015-03-25T22:00:00+01:00,0.730015,0.73062,0.72628,0.726875
2015-03-26T10:00:00+01:00,0.726875,0.732175,0.725885,0.731735
2015-03-26T22:00:00+01:00,0.731735,0.73392,0.72904,0.72994
2015-03-27T10:00:00+01:00,0.72994,0.732325,0.723215,0.727875
2015-03-29T23:00:00+02:00,0.727875,0.72802,0.72393,0.72574
2015-03-30T11:00:00+02:00,0.72574,0.72829,0.72309,0.725575
2015-03-30T23:00:00+02:00,0.725575,0.72778,0.724415,0.727085
2015-03-31T11:00:00+02:00,0.727085,0.729445,0.72523,0.726485
2015-03-31T23:00:00+02:00,0.726485,0.72694,0.7199,0.720255
2015-04-01T11:00:00+02:00,0.720255,0.722545,0.71788,0.72055
2015-04-01T23:00:00+02:00,0.72055,0.72176,0.71782,0.71943
2015-04-02T11:00:00+02:00,0.71943,0.7208,0.716095,0.720675
2015-04-02T23:00:00+02:00,0.720675,0.72164,0.71972,0.72064
2015-04-03T11:00:00+02:00,0.72064,0.724615,0.71766,0.723225
2015-04-05T23:00:00+02:00,0.723225,0.726075,0.721085,0.723395
2015-04-06T11:00:00+02:00,0.723395,0.725435,0.721365,0.723025
2015-04-06T23:00:00+02:00,0.723025,0.72494,0.71985,0.72429
2015-04-07T11:00:00+02:00,0.72429,0.726735,0.722575,0.72397
2015-04-07T23:00:00+02:00,0.72397,0.730335,0.72327,0.7295
2015-04-08T11:00:00+02:00,0.7295,0.73144,0.727045,0.730035
2015-04-08T23:00:00+02:00,0.730035,0.73596,0.72874,0.735195
2015-04-09T11:00:00+02:00,0.735195,0.73978,0.73512,0.739635
2015-04-09T23:00:00+02:00,0.739635,0.74169,0.73734,0.73802
2015-04-10T11:00:00+02:00,0.73802,0.74015,0.73715,0.73762
2015-04-12T23:00:00+02:00,0.73762,0.73836,0.729755,0.731685
2015-04-13T11:00:00+02:00,0.731685,0.733885,0.726535,0.729
2015-04-13T23:00:00+02:00,0.729,0.73077,0.727395,0.727845
2015-04-14T11:00:00+02:00,0.727845,0.733415,0.72743,0.73132
2015-04-14T23:00:00+02:00,0.73132,0.734455,0.72945,0.73234
2015-04-15T11:00:00+02:00,0.73234,0.73509,0.730545,0.7324
2015-04-15T23:00:00+02:00,0.7324,0.738535,0.73093,0.73748
2015-04-16T11:00:00+02:00,0.73748,0.73817,0.732275,0.733225
2015-04-16T23:00:00+02:00,0.733225,0.73647,0.731335,0.734675
2015-04-17T11:00:00+02:00,0.734675,0.73729,0.73069,0.73168
2015-04-19T23:00:00+02:00,0.73168,0.73617,0.731385,0.735315
2015-04-20T11:00:00+02:00,0.735315,0.73844,0.730155,0.732785
2015-04-20T23:00:00+02:00,0.732785,0.73745,0.73066,0.73724
2015-04-21T11:00:00+02:00,0.73724,0.73869,0.73152,0.73252
2015-04-21T23:00:00+02:00,0.73252,0.736615,0.731705,0.73502
2015-04-22T11:00:00+02:00,0.73502,0.74533,0.734475,0.744775
2015-04-22T23:00:00+02:00,0.744775,0.744775,0.73132,0.732125
2015-04-23T11:00:00+02:00,0.732125,0.73241,0.723105,0.724835
2015-04-23T23:00:00+02:00,0.724835,0.72545,0.71972,0.72101
2015-04-24T11:00:00+02:00,0.72101,0.726045,0.71982,0.725655
2015-04-26T23:00:00+02:00,0.725655,0.72894,0.72408,0.726425
2015-04-27T11:00:00+02:00,0.726425,0.7312,0.725985,0.730105
2015-04-27T23:00:00+02:00,0.730105,0.73348,0.72751,0.73322
2015-04-28T11:00:00+02:00,0.73322,0.7389,0.732595,0.737635
2015-04-28T23:00:00+02:00,0.737635,0.739495,0.734675,0.734875
2015-04-29T11:00:00+02:00,0.734875,0.73554,0.721335,0.72172
2015-04-29T23:00:00+02:00,0.72172,0.72261,0.71032,0.712605
2015-04-30T11:00:00+02:00,0.712605,0.71735,0.709755,0.710135
2015-04-30T23:00:00+02:00,0.710135,0.711245,0.705645,0.706445
2015-05-01T11:00:00+02:00,0.706445,0.707745,0.701365,0.70341
2015-05-03T23:00:00+02:00,0.70341,0.70705,0.70082,0.70636
2015-05-04T11:00:00+02:00,0.70636,0.7068,0.702465,0.7037
2015-05-04T23:00:00+02:00,0.7037,0.707305,0.70299,0.70402
2015-05-05T11:00:00+02:00,0.70402,0.70402,0.696885,0.70019
2015-05-05T23:00:00+02:00,0.70019,0.70124,0.691265,0.69275
2015-05-06T11:00:00+02:00,0.69275,0.693615,0.685685,0.68688
2015-05-06T23:00:00+02:00,0.68688,0.68994,0.681315,0.68195
2015-05-07T11:00:00+02:00,0.68195,0.68689,0.67769,0.686805
2015-05-07T23:00:00+02:00,0.686805,0.689275,0.68417,0.685255
2015-05-08T11:00:00+02:00,0.685255,0.698185,0.68477,0.697315
2015-05-10T23:00:00+02:00,0.697315,0.697315,0.68658,0.68743
2015-05-11T11:00:00+02:00,0.68743,0.689835,0.684975,0.685175
2015-05-11T23:00:00+02:00,0.685175,0.68792,0.680345,0.681255
2015-05-12T11:00:00+02:00,0.681255,0.68509,0.67833,0.684205
2015-05-12T23:00:00+02:00,0.684205,0.68954,0.680085,0.688775
2015-05-13T11:00:00+02:00,0.688775,0.6923,0.684955,0.68609
2015-05-13T23:00:00+02:00,0.68609,0.693465,0.684435,0.684605
2015-05-14T11:00:00+02:00,0.684605,0.689115,0.68071,0.6839
2015-05-14T23:00:00+02:00,0.6839,0.684735,0.68057,0.68314
2015-05-15T11:00:00+02:00,0.68314,0.68839,0.682785,0.6846
2015-05-17T23:00:00+02:00,0.6846,0.6846,0.68111,0.682595
2015-05-18T11:00:00+02:00,0.682595,0.68446,0.679675,0.684395
2015-05-18T23:00:00+02:00,0.684395,0.69223,0.68214,0.69129
2015-05-19T11:00:00+02:00,0.69129,0.69147,0.687325,0.688135
2015-05-19T23:00:00+02:00,0.688135,0.690675,0.687195,0.68783
2015-05-20T11:00:00+02:00,0.68783,0.68931,0.68292,0.68475
2015-05-20T23:00:00+02:00,0.68475,0.6867,0.682125,0.68345
2015-05-21T11:00:00+02:00,0.68345,0.68822,0.68056,0.68814
2015-05-21T23:00:00+02:00,0.68814,0.692315,0.687145,0.687305
2015-05-22T11:00:00+02:00,0.687305,0.69114,0.68444,0.689345
2015-05-24T23:00:00+02:00,0.689345,0.690755,0.687175,0.689145
2015-05-25T11:00:00+02:00,0.689145,0.69156,0.688145,0.69095
2015-05-25T23:00:00+02:00,0.69095,0.693545,0.690665,0.691705
2015-05-26T11:00:00+02:00,0.691705,0.69261,0.686295,0.689445
2015-05-26T23:00:00+02:00,0.689445,0.691105,0.68614,0.686935
2015-05-27T11:00:00+02:00,0.686935,0.69027,0.68558,0.68949
2015-05-27T23:00:00+02:00,0.68949,0.69095,0.68452,0.685215
2015-05-28T11:00:00+02:00,0.685215,0.686065,0.67534,0.677355
2015-05-28T23:00:00+02:00,0.677355,0.67819,0.670835,0.67198
2015-05-29T11:00:00+02:00,0.67198,0.672545,0.6665,0.66829
2015-05-31T23:00:00+02:00,0.66829,0.67434,0.66562,0.67331
2015-06-01T11:00:00+02:00,0.67331,0.67447,0.670125,0.67066
2015-06-01T23:00:00+02:00,0.67066,0.673165,0.668505,0.668655
2015-06-02T11:00:00+02:00,0.668655,0.671575,0.667115,0.670125
2015-06-02T23:00:00+02:00,0.670125,0.67138,0.66751,0.668345
2015-06-03T11:00:00+02:00,0.668345,0.671765,0.6666,0.66805
2015-06-03T23:00:00+02:00,0.66805,0.669105,0.663385,0.66523
2015-06-04T11:00:00+02:00,0.66523,0.66737,0.66351,0.665675
2015-06-04T23:00:00+02:00,0.665675,0.667915,0.662745,0.664775
2015-06-05T11:00:00+02:00,0.664775,0.6695,0.660475,0.6621
2015-06-07T23:00:00+02:00,0.6621,0.665025,0.661305,0.66349
2015-06-08T11:00:00+02:00,0.66349,0.665785,0.660205,0.662595
2015-06-08T23:00:00+02:00,0.662595,0.66271,0.656665,0.65939
2015-06-09T11:00:00+02:00,0.65939,0.666405,0.65939,0.663925
2015-06-09T23:00:00+02:00,0.663925,0.668835,0.662385,0.66664
2015-06-10T11:00:00+02:00,0.66664,0.671415,0.666445,0.67089
2015-06-10T23:00:00+02:00,0.67089,0.670955,0.65255,0.65677
2015-06-11T11:00:00+02:00,0.65677,0.657725,0.65307,0.65442
2015-06-11T23:00:00+02:00,0.65442,0.656095,0.650115,0.65237
2015-06-12T11:00:00+02:00,0.65237,0.65321,0.645545,0.64875
2015-06-14T23:00:00+02:00,0.64875,0.651395,0.648185,0.64869
2015-06-15T11:00:00+02:00,0.64869,0.6572,0.648,0.650545
2015-06-15T23:00:00+02:00,0.650545,0.652205,0.648035,0.64987
2015-06-16T11:00:00+02:00,0.64987,0.652375,0.6493,0.651615
2015-06-16T23:00:00+02:00,0.651615,0.65208,0.641035,0.641805
2015-06-17T11:00:00+02:00,0.641805,0.646025,0.638895,0.644185
2015-06-17T23:00:00+02:00,0.644185,0.644745,0.63377,0.63598
2015-06-18T11:00:00+02:00,0.63598,0.64033,0.63513,0.63824
2015-06-18T23:00:00+02:00,0.63824,0.639235,0.63682,0.637175
2015-06-19T11:00:00+02:00,0.637175,0.63842,0.63241,0.634335
2015-06-21T23:00:00+02:00,0.634335,0.636145,0.632535,0.634675
2015-06-22T11:00:00+02:00,0.634675,0.634825,0.63074,0.63236
2015-06-22T23:00:00+02:00,0.63236,0.63698,0.63228,0.63603
2015-06-23T11:00:00+02:00,0.63603,0.64073,0.635405,0.640195
2015-06-23T23:00:00+02:00,0.640195,0.641585,0.63825,0.64067
2015-06-24T11:00:00+02:00,0.64067,0.64504,0.640025,0.64331
2015-06-24T23:00:00+02:00,0.64331,0.64693,0.64222,0.64588
2015-06-25T11:00:00+02:00,0.64588,0.650675,0.64586,0.64712
2015-06-25T23:00:00+02:00,0.64712,0.647545,0.641215,0.64122
2015-06-26T11:00:00+02:00,0.64122,0.64161,0.636985,0.63838
2015-06-28T23:00:00+02:00,0.63838,0.644485,0.638325,0.639915
2015-06-29T11:00:00+02:00,0.639915,0.64053,0.63228,0.63371
2015-06-29T23:00:00+02:00,0.63371,0.63528,0.63017,0.630435
2015-06-30T11:00:00+02:00,0.630435,0.635225,0.627595,0.6328
2015-06-30T23:00:00+02:00,0.6328,0.638875,0.6327,0.63621
2015-07-01T11:00:00+02:00,0.63621,0.640335,0.63492,0.63882
2015-07-01T23:00:00+02:00,0.63882,0.6389,0.63214,0.632905
2015-07-02T11:00:00+02:00,0.632905,0.636165,0.631805,0.63428
2015-07-02T23:00:00+02:00,0.63428,0.6349,0.6293,0.63002
2015-07-03T11:00:00+02:00,0.63002,0.631995,0.627985,0.629535
2015-07-05T23:00:00+02:00,0.629535,0.632375,0.627375,0.63147
2015-07-06T11:00:00+02:00,0.63147,0.635065,0.629535,0.630335
2015-07-06T23:00:00+02:00,0.630335,0.63084,0.62583,0.62815
2015-07-07T11:00:00+02:00,0.62815,0.632415,0.62743,0.62965
2015-07-07T23:00:00+02:00,0.62965,0.631355,0.62684,0.628935
2015-07-08T11:00:00+02:00,0.628935,0.63925,0.62875,0.636245
2015-07-08T23:00:00+02:00,0.636245,0.639235,0.63337,0.638205
2015-07-09T11:00:00+02:00,0.638205,0.64176,0.63667,0.63889
2015-07-09T23:00:00+02:00,0.63889,0.64206,0.633915,0.63502
2015-07-10T11:00:00+02:00,0.63502,0.635395,0.627815,0.63108
2015-07-12T23:00:00+02:00,0.63108,0.63567,0.62955,0.635405
2015-07-13T11:00:00+02:00,0.635405,0.636385,0.63369,0.63606
2015-07-13T23:00:00+02:00,0.63606,0.63657,0.63037,0.6309
2015-07-14T11:00:00+02:00,0.6309,0.63524,0.62988,0.634155
2015-07-14T23:00:00+02:00,0.634155,0.63562,0.632255,0.633265
2015-07-15T11:00:00+02:00,0.633265,0.635335,0.626835,0.62735
2015-07-15T23:00:00+02:00,0.62735,0.62851,0.620045,0.62335
2015-07-16T11:00:00+02:00,0.62335,0.62597,0.62261,0.623885
2015-07-16T23:00:00+02:00,0.623885,0.626485,0.623245,0.62567
2015-07-17T11:00:00+02:00,0.62567,0.62884,0.625525,0.6273
2015-07-19T23:00:00+02:00,0.6273,0.635305,0.626095,0.632425
2015-07-20T11:00:00+02:00,0.632425,0.634365,0.63087,0.633425
2015-07-20T23:00:00+02:00,0.633425,0.637375,0.63241,0.63542
2015-07-21T11:00:00+02:00,0.63542,0.637015,0.633055,0.63487
2015-07-21T23:00:00+02:00,0.63487,0.636065,0.632405,0.63416
2015-07-22T11:00:00+02:00,0.63416,0.63542,0.63061,0.630735
2015-07-22T23:00:00+02:00,0.630735,0.63961,0.630405,0.63864
2015-07-23T11:00:00+02:00,0.63864,0.638795,0.633055,0.634305
2015-07-23T23:00:00+02:00,0.634305,0.635785,0.63037,0.632465
2015-07-24T11:00:00+02:00,0.632465,0.634055,0.63024,0.63327
2015-07-26T23:00:00+02:00,0.63327,0.634495,0.629795,0.63259
2015-07-27T11:00:00+02:00,0.63259,0.63803,0.631375,0.63592
2015-07-27T23:00:00+02:00,0.63592,0.64366,0.63498,0.643165
2015-07-28T11:00:00+02:00,0.643165,0.64556,0.642065,0.644175
2015-07-28T23:00:00+02:00,0.644175,0.648605,0.64084,0.643255
2015-07-29T11:00:00+02:00,0.643255,0.646795,0.64128,0.645395
2015-07-29T23:00:00+02:00,0.645395,0.645855,0.641225,0.643775
2015-07-30T11:00:00+02:00,0.643775,0.64454,0.63769,0.639865
2015-07-30T23:00:00+02:00,0.639865,0.641395,0.630755,0.63117
2015-07-31T11:00:00+02:00,0.63117,0.639795,0.628855,0.63675
2015-08-02T23:00:00+02:00,0.63675,0.639,0.63541,0.637555
2015-08-03T11:00:00+02:00,0.637555,0.639675,0.63565,0.635945
2015-08-03T23:00:00+02:00,0.635945,0.639415,0.63481,0.63933
2015-08-04T11:00:00+02:00,0.63933,0.641955,0.637805,0.63981
2015-08-04T23:00:00+02:00,0.63981,0.640675,0.63779,0.64052
2015-08-05T11:00:00+02:00,0.64052,0.64235,0.63589,0.63754
2015-08-05T23:00:00+02:00,0.63754,0.64304,0.637225,0.642645
2015-08-06T11:00:00+02:00,0.642645,0.643555,0.641475,0.64287
2015-08-06T23:00:00+02:00,0.64287,0.64491,0.640715,0.64487
2015-08-07T11:00:00+02:00,0.64487,0.652435,0.644295,0.65166
2015-08-09T23:00:00+02:00,0.65166,0.65166,0.64496,0.645115
2015-08-10T11:00:00+02:00,0.645115,0.651495,0.64502,0.65113
2015-08-10T23:00:00+02:00,0.65113,0.65172,0.643155,0.644105
2015-08-11T11:00:00+02:00,0.644105,0.64677,0.641415,0.64582
2015-08-11T23:00:00+02:00,0.64582,0.648105,0.63846,0.642885
2015-08-12T11:00:00+02:00,0.642885,0.646155,0.64011,0.645695
2015-08-12T23:00:00+02:00,0.645695,0.64779,0.642255,0.642685
2015-08-13T11:00:00+02:00,0.642685,0.644265,0.639435,0.64154
2015-08-13T23:00:00+02:00,0.64154,0.641835,0.63625,0.638265
2015-08-14T11:00:00+02:00,0.638265,0.640895,0.63735,0.638195
2015-08-16T23:00:00+02:00,0.638195,0.641335,0.637995,0.63953
2015-08-17T11:00:00+02:00,0.63953,0.64363,0.63843,0.643315
2015-08-17T23:00:00+02:00,0.643315,0.64626,0.641805,0.642065
2015-08-18T11:00:00+02:00,0.642065,0.64543,0.641495,0.64531
2015-08-18T23:00:00+02:00,0.64531,0.64531,0.641435,0.64165
2015-08-19T11:00:00+02:00,0.64165,0.642915,0.63612,0.637445
2015-08-19T23:00:00+02:00,0.637445,0.639595,0.63342,0.63371
2015-08-20T11:00:00+02:00,0.63371,0.63941,0.633415,0.635655
2015-08-20T23:00:00+02:00,0.635655,0.636445,0.63208,0.63444
2015-08-21T11:00:00+02:00,0.63444,0.63885,0.632435,0.63275
2015-08-23T23:00:00+02:00,0.63275,0.633065,0.61692,0.622405
2015-08-24T11:00:00+02:00,0.622405,0.622795,0.56544,0.602815
2015-08-24T23:00:00+02:00,0.602815,0.614405,0.599745,0.610575
2015-08-25T11:00:00+02:00,0.610575,0.62008,0.607555,0.607915
2015-08-25T23:00:00+02:00,0.607915,0.615325,0.60722,0.61215
2015-08-26T11:00:00+02:00,0.61215,0.61639,0.60709,0.614895
2015-08-26T23:00:00+02:00,0.614895,0.61854,0.612655,0.616065
2015-08-27T11:00:00+02:00,0.616065,0.62554,0.615485,0.625015
2015-08-27T23:00:00+02:00,0.625015,0.62838,0.620925,0.6226
2015-08-28T11:00:00+02:00,0.6226,0.622945,0.61766,0.62209
2015-08-30T23:00:00+02:00,0.62209,0.623495,0.615275,0.618565
2015-08-31T11:00:00+02:00,0.618565,0.618995,0.610845,0.61338
2015-08-31T23:00:00+02:00,0.61338,0.614845,0.607095,0.60847
2015-09-01T11:00:00+02:00,0.60847,0.612575,0.60663,0.60698
2015-09-01T23:00:00+02:00,0.60698,0.61417,0.60606,0.610445
2015-09-02T11:00:00+02:00,0.610445,0.61695,0.609195,0.61548
2015-09-02T23:00:00+02:00,0.61548,0.618365,0.6135,0.61525
2015-09-03T11:00:00+02:00,0.61525,0.625645,0.61485,0.622955
2015-09-03T23:00:00+02:00,0.622955,0.623275,0.616405,0.62063
2015-09-04T11:00:00+02:00,0.62063,0.621345,0.61018,0.61102
2015-09-06T23:00:00+02:00,0.61102,0.613035,0.608485,0.60971
2015-09-07T11:00:00+02:00,0.60971,0.61182,0.608405,0.61023
2015-09-07T23:00:00+02:00,0.61023,0.614505,0.60868,0.61309
2015-09-08T11:00:00+02:00,0.61309,0.62326,0.612575,0.62102
2015-09-08T23:00:00+02:00,0.62102,0.62747,0.61792,0.619635
2015-09-09T11:00:00+02:00,0.619635,0.62935,0.6189,0.623955
2015-09-09T23:00:00+02:00,0.623955,0.624155,0.609155,0.61483
2015-09-10T11:00:00+02:00,0.61483,0.617505,0.610815,0.612405
2015-09-10T23:00:00+02:00,0.612405,0.61508,0.61101,0.611795
2015-09-11T11:00:00+02:00,0.611795,0.616345,0.61157,0.61228
2015-09-13T23:00:00+02:00,0.61228,0.615055,0.61026,0.61384
2015-09-14T11:00:00+02:00,0.61384,0.6152,0.611135,0.61304
2015-09-14T23:00:00+02:00,0.61304,0.61441,0.609955,0.61321
2015-09-15T11:00:00+02:00,0.61321,0.62054,0.61206,0.619055
2015-09-15T23:00:00+02:00,0.619055,0.620805,0.61692,0.61853
2015-09-16T11:00:00+02:00,0.61853,0.61961,0.613525,0.618365
2015-09-16T23:00:00+02:00,0.618365,0.619325,0.613455,0.614605
2015-09-17T11:00:00+02:00,0.614605,0.620235,0.6089,0.609155
2015-09-17T23:00:00+02:00,0.609155,0.615525,0.609085,0.61462
2015-09-18T11:00:00+02:00,0.61462,0.62149,0.61265,0.619765
2015-09-20T23:00:00+02:00,0.619765,0.62041,0.611895,0.61382
2015-09-21T11:00:00+02:00,0.61382,0.61689,0.611215,0.61379
2015-09-21T23:00:00+02:00,0.61379,0.617205,0.61297,0.614475
2015-09-22T11:00:00+02:00,0.614475,0.61592,0.61034,0.613625
2015-09-22T23:00:00+02:00,0.613625,0.615065,0.60958,0.613985
2015-09-23T11:00:00+02:00,0.613985,0.615375,0.609935,0.6149
2015-09-23T23:00:00+02:00,0.6149,0.61787,0.612585,0.61371
2015-09-24T11:00:00+02:00,0.61371,0.622185,0.61049,0.61966
2015-09-24T23:00:00+02:00,0.61966,0.62317,0.6145,0.621575
2015-09-25T11:00:00+02:00,0.621575,0.62602,0.616725,0.62539
2015-09-27T23:00:00+02:00,0.62539,0.62794,0.622235,0.624675
2015-09-28T11:00:00+02:00,0.624675,0.625115,0.615735,0.61625
2015-09-28T23:00:00+02:00,0.61625,0.617215,0.610595,0.616155
2015-09-29T11:00:00+02:00,0.616155,0.62184,0.614615,0.616775
2015-09-29T23:00:00+02:00,0.616775,0.622565,0.616045,0.621475
2015-09-30T11:00:00+02:00,0.621475,0.625515,0.620075,0.622755
2015-09-30T23:00:00+02:00,0.622755,0.6279,0.62199,0.627645
2015-10-01T11:00:00+02:00,0.627645,0.630705,0.62332,0.625385
2015-10-01T23:00:00+02:00,0.625385,0.627695,0.62386,0.62742
2015-10-02T11:00:00+02:00,0.62742,0.62801,0.61836,0.626305
2015-10-04T23:00:00+02:00,0.626305,0.633055,0.62562,0.63176
2015-10-05T11:00:00+02:00,0.63176,0.636075,0.63165,0.63315
2015-10-05T23:00:00+02:00,0.63315,0.6357,0.6322,0.63345
2015-10-06T11:00:00+02:00,0.63345,0.634025,0.629875,0.6326
2015-10-06T23:00:00+02:00,0.6326,0.641925,0.632025,0.639
2015-10-07T11:00:00+02:00,0.639,0.646435,0.638925,0.643535
2015-10-07T23:00:00+02:00,0.643535,0.64514,0.63785,0.639065
2015-10-08T11:00:00+02:00,0.639065,0.646075,0.638395,0.644225
2015-10-08T23:00:00+02:00,0.644225,0.64714,0.642745,0.646095
2015-10-09T11:00:00+02:00,0.646095,0.646645,0.64184,0.64399
2015-10-11T23:00:00+02:00,0.64399,0.64768,0.641545,0.64628
2015-10-12T11:00:00+02:00,0.64628,0.6481,0.64439,0.64669
2015-10-12T23:00:00+02:00,0.64669,0.647045,0.63986,0.64196
2015-10-13T11:00:00+02:00,0.64196,0.644105,0.633705,0.63625
2015-10-13T23:00:00+02:00,0.63625,0.64571,0.63398,0.645105
2015-10-14T11:00:00+02:00,0.645105,0.647485,0.64171,0.644575
2015-10-14T23:00:00+02:00,0.644575,0.65502,0.64431,0.65205
2015-10-15T11:00:00+02:00,0.65205,0.65503,0.64987,0.651415
2015-10-15T23:00:00+02:00,0.651415,0.65588,0.648375,0.648965
2015-10-16T11:00:00+02:00,0.648965,0.650405,0.645085,0.64946
2015-10-18T23:00:00+02:00,0.64946,0.65042,0.646525,0.64958
2015-10-19T11:00:00+02:00,0.64958,0.65226,0.64864,0.64932
2015-10-19T23:00:00+02:00,0.64932,0.65287,0.648225,0.64907
2015-10-20T11:00:00+02:00,0.64907,0.65086,0.64359,0.645735
2015-10-20T23:00:00+02:00,0.645735,0.646385,0.639755,0.64222
2015-10-21T11:00:00+02:00,0.64222,0.64707,0.642135,0.643405
2015-10-21T23:00:00+02:00,0.643405,0.650985,0.64304,0.65018
2015-10-22T11:00:00+02:00,0.65018,0.662055,0.649855,0.661105
2015-10-22T23:00:00+02:00,0.661105,0.668425,0.659495,0.66356
2015-10-23T11:00:00+02:00,0.66356,0.665625,0.65779,0.660925
2015-10-25T22:00:00+01:00,0.660925,0.663455,0.65979,0.66133
2015-10-26T10:00:00+01:00,0.66133,0.66829,0.66076,0.66774
2015-10-26T22:00:00+01:00,0.66774,0.667995,0.66393,0.666805
2015-10-27T10:00:00+01:00,0.666805,0.67053,0.665895,0.66754
2015-10-27T22:00:00+01:00,0.66754,0.66889,0.66217,0.66266
2015-10-28T10:00:00+01:00,0.66266,0.66797,0.65706,0.66592
2015-10-28T22:00:00+01:00,0.66592,0.66739,0.6607,0.662025
2015-10-29T10:00:00+01:00,0.662025,0.664215,0.660125,0.662375
2015-10-29T22:00:00+01:00,0.662375,0.669755,0.66172,0.667695
2015-10-30T10:00:00+01:00,0.667695,0.670615,0.664775,0.66943
2015-11-01T23:00:00+01:00,0.66943,0.67008,0.664075,0.665855
2015-11-02T11:00:00+01:00,0.665855,0.66698,0.66339,0.665755
2015-11-02T23:00:00+01:00,0.665755,0.6693,0.6628,0.664005
2015-11-03T11:00:00+01:00,0.664005,0.66512,0.659355,0.66031
2015-11-03T23:00:00+01:00,0.66031,0.66168,0.656685,0.657945
2015-11-04T11:00:00+01:00,0.657945,0.65802,0.65249,0.65499
2015-11-04T23:00:00+01:00,0.65499,0.658465,0.653855,0.658215
2015-11-05T11:00:00+01:00,0.658215,0.66184,0.657575,0.658095
2015-11-05T23:00:00+01:00,0.658095,0.658715,0.6562,0.657615
2015-11-06T11:00:00+01:00,0.657615,0.660455,0.6533,0.656395
2015-11-08T23:00:00+01:00,0.656395,0.65941,0.654895,0.65589
2015-11-09T11:00:00+01:00,0.65589,0.658545,0.653585,0.655565
2015-11-09T23:00:00+01:00,0.655565,0.657485,0.65412,0.656145
2015-11-10T11:00:00+01:00,0.656145,0.659335,0.654785,0.657365
2015-11-10T23:00:00+01:00,0.657365,0.661165,0.65716,0.658325
2015-11-11T11:00:00+01:00,0.658325,0.660965,0.65769,0.65881
2015-11-11T23:00:00+01:00,0.65881,0.66061,0.656225,0.65766
2015-11-12T11:00:00+01:00,0.65766,0.65849,0.65267,0.65439
2015-11-12T23:00:00+01:00,0.65439,0.65622,0.65385,0.654685
2015-11-13T11:00:00+01:00,0.654685,0.659055,0.653935,0.658
2015-11-15T23:00:00+01:00,0.658,0.659705,0.65597,0.65612
2015-11-16T11:00:00+01:00,0.65612,0.656395,0.65136,0.655585
2015-11-16T23:00:00+01:00,0.655585,0.655845,0.6526,0.654555
2015-11-17T11:00:00+01:00,0.654555,0.65743,0.653975,0.656455
2015-11-17T23:00:00+01:00,0.656455,0.659115,0.655835,0.656985
2015-11-18T11:00:00+01:00,0.656985,0.66022,0.65541,0.660075
2015-11-18T23:00:00+01:00,0.660075,0.66488,0.659235,0.66384
2015-11-19T11:00:00+01:00,0.66384,0.668045,0.66244,0.664935
2015-11-19T23:00:00+01:00,0.664935,0.66963,0.664315,0.666295
2015-11-20T11:00:00+01:00,0.666295,0.67046,0.665075,0.668635
2015-11-22T23:00:00+01:00,0.668635,0.669095,0.662505,0.663035
2015-11-23T11:00:00+01:00,0.663035,0.66533,0.66261,0.66404
2015-11-23T23:00:00+01:00,0.66404,0.6654,0.662665,0.66411
2015-11-24T11:00:00+01:00,0.66411,0.666845,0.661405,0.666315
2015-11-24T23:00:00+01:00,0.666315,0.66912,0.66609,0.66854
2015-11-25T11:00:00+01:00,0.66854,0.672995,0.668505,0.67215
2015-11-25T23:00:00+01:00,0.67215,0.67453,0.670565,0.67244
2015-11-26T11:00:00+01:00,0.67244,0.673775,0.671065,0.67265
2015-11-26T23:00:00+01:00,0.67265,0.67368,0.6691,0.67294
2015-11-27T11:00:00+01:00,0.67294,0.674745,0.671885,0.672965
2015-11-29T23:00:00+01:00,0.672965,0.676365,0.67133,0.675275
2015-11-30T11:00:00+01:00,0.675275,0.67834,0.674785,0.677315
2015-11-30T23:00:00+01:00,0.677315,0.685175,0.6772,0.68463
2015-12-01T11:00:00+01:00,0.68463,0.687785,0.682735,0.684995
2015-12-01T23:00:00+01:00,0.684995,0.685845,0.683185,0.684395
2015-12-02T11:00:00+01:00,0.684395,0.68599,0.67579,0.67633
2015-12-02T23:00:00+01:00,0.67633,0.682505,0.675375,0.68156
2015-12-03T11:00:00+01:00,0.68156,0.683555,0.66043,0.664435
2015-12-03T23:00:00+01:00,0.664435,0.66848,0.661145,0.6677
2015-12-04T11:00:00+01:00,0.6677,0.676515,0.66487,0.672095
2015-12-06T23:00:00+01:00,0.672095,0.672745,0.6679,0.66847
2015-12-07T11:00:00+01:00,0.66847,0.668795,0.662905,0.66441
2015-12-07T23:00:00+01:00,0.66441,0.6654,0.66171,0.66196
2015-12-08T11:00:00+01:00,0.66196,0.662675,0.657415,0.65929
2015-12-08T23:00:00+01:00,0.65929,0.661085,0.65397,0.65551
2015-12-09T11:00:00+01:00,0.65551,0.66495,0.646855,0.66069
2015-12-09T23:00:00+01:00,0.66069,0.667375,0.66064,0.664325
2015-12-10T11:00:00+01:00,0.664325,0.670085,0.664055,0.66721
2015-12-10T23:00:00+01:00,0.66721,0.669595,0.665295,0.666545
2015-12-11T11:00:00+01:00,0.666545,0.667805,0.6575,0.66049
2015-12-13T23:00:00+01:00,0.66049,0.663695,0.65894,0.662885
2015-12-14T11:00:00+01:00,0.662885,0.667475,0.660615,0.665885
2015-12-14T23:00:00+01:00,0.665885,0.669705,0.665565,0.66746
2015-12-15T11:00:00+01:00,0.66746,0.671975,0.66674,0.67084
2015-12-15T23:00:00+01:00,0.67084,0.67178,0.666755,0.668285
2015-12-16T11:00:00+01:00,0.668285,0.673385,0.663595,0.67323
2015-12-16T23:00:00+01:00,0.67323,0.673545,0.668925,0.67219
2015-12-17T11:00:00+01:00,0.67219,0.6748,0.665095,0.667815
2015-12-17T23:00:00+01:00,0.667815,0.668545,0.665135,0.66745
2015-12-18T11:00:00+01:00,0.66745,0.671435,0.665805,0.667425
2015-12-20T23:00:00+01:00,0.667425,0.67241,0.666555,0.671535
2015-12-21T11:00:00+01:00,0.671535,0.672855,0.669885,0.671085
2015-12-21T23:00:00+01:00,0.671085,0.678785,0.6709,0.675755
2015-12-22T11:00:00+01:00,0.675755,0.67666,0.671225,0.67195
2015-12-22T23:00:00+01:00,0.67195,0.67578,0.67172,0.673515
2015-12-23T11:00:00+01:00,0.673515,0.67486,0.669715,0.67316
2015-12-23T23:00:00+01:00,0.67316,0.673875,0.67109,0.672085
2015-12-24T11:00:00+01:00,0.672085,0.675825,0.671565,0.67359
2015-12-27T23:00:00+01:00,0.67359,0.67603,0.67342,0.675855
2015-12-28T11:00:00+01:00,0.675855,0.677655,0.674385,0.676655
2015-12-28T23:00:00+01:00,0.676655,0.680105,0.676215,0.67824
2015-12-29T11:00:00+01:00,0.67824,0.68303,0.67776,0.68233
2015-12-29T23:00:00+01:00,0.68233,0.68233,0.67814,0.67938
2015-12-30T11:00:00+01:00,0.67938,0.679895,0.674225,0.676535
2015-12-30T23:00:00+01:00,0.676535,0.67984,0.675465,0.679465
2015-12-31T11:00:00+01:00,0.679465,0.68665,0.67913,0.683385
2016-01-03T23:00:00+01:00,0.683385,0.683735,0.671325,0.67246
2016-01-04T11:00:00+01:00,0.67246,0.67856,0.672035,0.676495
2016-01-04T23:00:00+01:00,0.676495,0.67782,0.6735,0.67472
2016-01-05T11:00:00+01:00,0.67472,0.67916,0.673895,0.676225
2016-01-05T23:00:00+01:00,0.676225,0.676575,0.66828,0.67123
2016-01-06T11:00:00+01:00,0.67123,0.67202,0.667105,0.66896
2016-01-06T23:00:00+01:00,0.66896,0.671505,0.66374,0.665435
2016-01-07T11:00:00+01:00,0.665435,0.667395,0.657095,0.65824
2016-01-07T23:00:00+01:00,0.65824,0.666755,0.65756,0.66341
2016-01-08T11:00:00+01:00,0.66341,0.663575,0.65065,0.651125
2016-01-10T23:00:00+01:00,0.651125,0.65708,0.643785,0.65623
2016-01-11T11:00:00+01:00,0.65623,0.65779,0.651265,0.656935
2016-01-11T23:00:00+01:00,0.656935,0.658295,0.650305,0.65506
2016-01-12T11:00:00+01:00,0.65506,0.656705,0.65295,0.65528
2016-01-12T23:00:00+01:00,0.65528,0.662645,0.65478,0.661105
2016-01-13T11:00:00+01:00,0.661105,0.66271,0.655145,0.655535
2016-01-13T23:00:00+01:00,0.655535,0.656395,0.64769,0.650575
2016-01-14T11:00:00+01:00,0.650575,0.65301,0.64301,0.65061
2016-01-14T23:00:00+01:00,0.65061,0.652695,0.64106,0.64278
2016-01-15T11:00:00+01:00,0.64278,0.64878,0.63843,0.64712
2016-01-17T23:00:00+01:00,0.64712,0.652415,0.641915,0.648705
2016-01-18T11:00:00+01:00,0.648705,0.65022,0.64712,0.64863
2016-01-18T23:00:00+01:00,0.64863,0.652745,0.645055,0.652585
2016-01-19T11:00:00+01:00,0.652585,0.65588,0.64243,0.64346
2016-01-19T23:00:00+01:00,0.64346,0.643925,0.63466,0.638395
2016-01-20T11:00:00+01:00,0.638395,0.647385,0.63709,0.645715
2016-01-20T23:00:00+01:00,0.645715,0.651535,0.643075,0.646035
2016-01-21T11:00:00+01:00,0.646035,0.661205,0.64459,0.65792
2016-01-21T23:00:00+01:00,0.65792,0.66145,0.653695,0.65488
2016-01-22T11:00:00+01:00,0.65488,0.661155,0.654455,0.65934
2016-01-24T23:00:00+01:00,0.65934,0.662535,0.65597,0.658485
2016-01-25T11:00:00+01:00,0.658485,0.658905,0.6534,0.6537
2016-01-25T23:00:00+01:00,0.6537,0.65592,0.65077,0.655435
2016-01-26T11:00:00+01:00,0.655435,0.66343,0.65308,0.66087
2016-01-26T23:00:00+01:00,0.66087,0.66304,0.657435,0.66032
2016-01-27T11:00:00+01:00,0.66032,0.664925,0.650365,0.65285
2016-01-27T23:00:00+01:00,0.65285,0.65807,0.651065,0.65696
2016-01-28T11:00:00+01:00,0.65696,0.660355,0.65307,0.65701
2016-01-28T23:00:00+01:00,0.65701,0.66598,0.656065,0.663
2016-01-29T11:00:00+01:00,0.663,0.666725,0.658945,0.663125
2016-01-31T23:00:00+01:00,0.663125,0.66393,0.659395,0.66136
2016-02-01T11:00:00+01:00,0.66136,0.668735,0.65877,0.667785
2016-02-01T23:00:00+01:00,0.667785,0.66835,0.660955,0.66156
2016-02-02T11:00:00+01:00,0.66156,0.66694,0.65851,0.66357
2016-02-02T23:00:00+01:00,0.66357,0.67188,0.662965,0.66949
2016-02-03T11:00:00+01:00,0.66949,0.673735,0.66759,0.66953
2016-02-03T23:00:00+01:00,0.66953,0.67195,0.667425,0.6711
2016-02-04T11:00:00+01:00,0.6711,0.67433,0.666595,0.66776
2016-02-04T23:00:00+01:00,0.66776,0.66948,0.664015,0.666085
2016-02-05T11:00:00+01:00,0.666085,0.668045,0.656205,0.656655
2016-02-07T23:00:00+01:00,0.656655,0.660745,0.65637,0.65741
2016-02-08T11:00:00+01:00,0.65741,0.66085,0.651675,0.654175
2016-02-08T23:00:00+01:00,0.654175,0.654225,0.64675,0.64904
2016-02-09T11:00:00+01:00,0.64904,0.650565,0.639875,0.64544
2016-02-09T23:00:00+01:00,0.64544,0.6499,0.6421,0.64884
2016-02-10T11:00:00+01:00,0.64884,0.65478,0.646195,0.65072
2016-02-10T23:00:00+01:00,0.65072,0.65434,0.637245,0.64335
2016-02-11T11:00:00+01:00,0.64335,0.65333,0.642745,0.65312
2016-02-11T23:00:00+01:00,0.65312,0.65545,0.648165,0.64972
2016-02-12T11:00:00+01:00,0.64972,0.651325,0.645155,0.647495
2016-02-14T23:00:00+01:00,0.647495,0.65606,0.64654,0.654965
2016-02-15T11:00:00+01:00,0.654965,0.659015,0.65457,0.656265
2016-02-15T23:00:00+01:00,0.656265,0.658345,0.649065,0.651085
2016-02-16T11:00:00+01:00,0.651085,0.65282,0.646225,0.65058
2016-02-16T23:00:00+01:00,0.65058,0.653865,0.64658,0.65371
2016-02-17T11:00:00+01:00,0.65371,0.65933,0.652085,0.658415
2016-02-17T23:00:00+01:00,0.658415,0.66105,0.656825,0.658365
2016-02-18T11:00:00+01:00,0.658365,0.66047,0.657215,0.659785
2016-02-18T23:00:00+01:00,0.659785,0.66043,0.655,0.658535
2016-02-19T11:00:00+01:00,0.658535,0.65925,0.65123,0.65643
2016-02-21T23:00:00+01:00,0.65643,0.663,0.656065,0.66155
2016-02-22T11:00:00+01:00,0.66155,0.67219,0.661495,0.669675
2016-02-22T23:00:00+01:00,0.669675,0.671355,0.66331,0.666415
2016-02-23T11:00:00+01:00,0.666415,0.66773,0.65824,0.658475
2016-02-23T23:00:00+01:00,0.658475,0.65912,0.65529,0.656805
2016-02-24T11:00:00+01:00,0.656805,0.65977,0.652945,0.65834
2016-02-24T23:00:00+01:00,0.65834,0.66141,0.656945,0.660585
2016-02-25T11:00:00+01:00,0.660585,0.66602,0.659515,0.66579
2016-02-25T23:00:00+01:00,0.66579,0.67052,0.66545,0.66987
2016-02-26T11:00:00+01:00,0.66987,0.67182,0.659605,0.66064
2016-02-28T23:00:00+01:00,0.66064,0.66086,0.65452,0.659895
2016-02-29T11:00:00+01:00,0.659895,0.662965,0.655615,0.657955
2016-02-29T23:00:00+01:00,0.657955,0.662965,0.65724,0.659965
2016-03-01T11:00:00+01:00,0.659965,0.66233,0.65682,0.66123
2016-03-01T23:00:00+01:00,0.66123,0.663765,0.658805,0.659185
2016-03-02T11:00:00+01:00,0.659185,0.66576,0.658215,0.66525
2016-03-02T23:00:00+01:00,0.66525,0.668005,0.663395,0.66766
2016-03-03T11:00:00+01:00,0.66766,0.669785,0.664835,0.66715
2016-03-03T23:00:00+01:00,0.66715,0.6721,0.665935,0.66997
2016-03-04T11:00:00+01:00,0.66997,0.67785,0.668915,0.677185
2016-03-06T23:00:00+01:00,0.677185,0.677665,0.67361,0.67498
2016-03-07T11:00:00+01:00,0.67498,0.67984,0.673715,0.67728
2016-03-07T23:00:00+01:00,0.67728,0.67731,0.66894,0.670015
2016-03-08T11:00:00+01:00,0.670015,0.67514,0.66887,0.671695
2016-03-08T23:00:00+01:00,0.671695,0.67639,0.67033,0.675845
2016-03-09T11:00:00+01:00,0.675845,0.68097,0.6622,0.663655
2016-03-09T23:00:00+01:00,0.663655,0.666435,0.660645,0.66501
2016-03-10T11:00:00+01:00,0.66501,0.673355,0.653455,0.65688
2016-03-10T23:00:00+01:00,0.65688,0.661095,0.65571,0.659955
2016-03-11T11:00:00+01:00,0.659955,0.664705,0.658735,0.66276
2016-03-13T22:00:00+01:00,0.66276,0.66471,0.660475,0.66359
2016-03-14T10:00:00+01:00,0.66359,0.66437,0.65723,0.659095
2016-03-14T22:00:00+01:00,0.659095,0.659905,0.654105,0.65618
2016-03-15T10:00:00+01:00,0.65618,0.657925,0.649795,0.65164
2016-03-15T22:00:00+01:00,0.65164,0.6552,0.649585,0.654445
2016-03-16T10:00:00+01:00,0.654445,0.658165,0.650605,0.656985
2016-03-16T22:00:00+01:00,0.656985,0.665675,0.65664,0.663605
2016-03-17T10:00:00+01:00,0.663605,0.664125,0.659625,0.66297
2016-03-17T22:00:00+01:00,0.66297,0.664045,0.659145,0.6595
2016-03-18T10:00:00+01:00,0.6595,0.660765,0.65685,0.65897
2016-03-20T22:00:00+01:00,0.65897,0.66016,0.65438,0.65911
2016-03-21T10:00:00+01:00,0.65911,0.65925,0.654135,0.655755
2016-03-21T22:00:00+01:00,0.655755,0.657375,0.65348,0.6547
2016-03-22T10:00:00+01:00,0.6547,0.65741,0.65335,0.656975
2016-03-22T22:00:00+01:00,0.656975,0.658715,0.65481,0.655375
2016-03-23T10:00:00+01:00,0.655375,0.655815,0.651125,0.65409
2016-03-23T22:00:00+01:00,0.65409,0.655675,0.65148,0.652105
2016-03-24T10:00:00+01:00,0.652105,0.65478,0.651575,0.65392
2016-03-24T22:00:00+01:00,0.65392,0.6562,0.652625,0.65507
2016-03-25T10:00:00+01:00,0.65507,0.656025,0.65266,0.653475
2016-03-27T23:00:00+02:00,0.653475,0.655145,0.652245,0.65449
2016-03-28T11:00:00+02:00,0.65449,0.656845,0.653755,0.65479
2016-03-28T23:00:00+02:00,0.65479,0.65846,0.65416,0.656625
2016-03-29T11:00:00+02:00,0.656625,0.66598,0.654845,0.662175
2016-03-29T23:00:00+02:00,0.662175,0.671085,0.66119,0.66729
2016-03-30T11:00:00+02:00,0.66729,0.669015,0.66525,0.667815
2016-03-30T23:00:00+02:00,0.667815,0.668095,0.664375,0.66645
2016-03-31T11:00:00+02:00,0.66645,0.667955,0.661795,0.66452
2016-03-31T23:00:00+02:00,0.66452,0.66627,0.662215,0.66316
2016-04-01T11:00:00+02:00,0.66316,0.6638,0.656645,0.661725
2016-04-03T23:00:00+02:00,0.661725,0.661725,0.65793,0.658865
2016-04-04T11:00:00+02:00,0.658865,0.65963,0.654895,0.655335
2016-04-04T23:00:00+02:00,0.655335,0.65562,0.64947,0.65071
2016-04-05T11:00:00+02:00,0.65071,0.652015,0.647845,0.650535
2016-04-05T23:00:00+02:00,0.650535,0.654075,0.64963,0.65259
2016-04-06T11:00:00+02:00,0.65259,0.65334,0.64953,0.65227
2016-04-06T23:00:00+02:00,0.65227,0.653835,0.65061,0.6529
2016-04-07T11:00:00+02:00,0.6529,0.65341,0.646105,0.647905
2016-04-07T23:00:00+02:00,0.647905,0.651145,0.647385,0.649125
2016-04-08T11:00:00+02:00,0.649125,0.65179,0.64834,0.649365
2016-04-10T23:00:00+02:00,0.649365,0.65247,0.646965,0.651725
2016-04-11T11:00:00+02:00,0.651725,0.65555,0.651575,0.65441
2016-04-11T23:00:00+02:00,0.65441,0.65764,0.653755,0.655465
2016-04-12T11:00:00+02:00,0.655465,0.661555,0.65538,0.66135
2016-04-12T23:00:00+02:00,0.66135,0.66524,0.660615,0.665035
2016-04-13T11:00:00+02:00,0.665035,0.669665,0.66484,0.669125
2016-04-13T23:00:00+02:00,0.669125,0.669125,0.66022,0.66369
2016-04-14T11:00:00+02:00,0.66369,0.664915,0.66163,0.662065
2016-04-14T23:00:00+02:00,0.662065,0.66978,0.66162,0.668435
2016-04-15T11:00:00+02:00,0.668435,0.670405,0.666445,0.669765
2016-04-17T23:00:00+02:00,0.669765,0.67022,0.661905,0.66915
2016-04-18T11:00:00+02:00,0.66915,0.67134,0.667075,0.670335
2016-04-18T23:00:00+02:00,0.670335,0.67674,0.66996,0.675255
2016-04-19T11:00:00+02:00,0.675255,0.67831,0.67376,0.67771
2016-04-19T23:00:00+02:00,0.67771,0.67825,0.672505,0.67388
2016-04-20T11:00:00+02:00,0.67388,0.679055,0.672185,0.67845
2016-04-20T23:00:00+02:00,0.67845,0.678805,0.67552,0.676215
2016-04-21T11:00:00+02:00,0.676215,0.67704,0.671,0.67403
2016-04-21T23:00:00+02:00,0.67403,0.675515,0.67141,0.67235
2016-04-22T11:00:00+02:00,0.67235,0.673245,0.669105,0.67054
2016-04-24T23:00:00+02:00,0.67054,0.67207,0.66865,0.670335
2016-04-25T11:00:00+02:00,0.670335,0.670455,0.66705,0.668465
2016-04-25T23:00:00+02:00,0.668465,0.672835,0.668115,0.671055
2016-04-26T11:00:00+02:00,0.671055,0.672045,0.66898,0.67154
2016-04-26T23:00:00+02:00,0.67154,0.67243,0.666615,0.667035
2016-04-27T11:00:00+02:00,0.667035,0.667655,0.662255,0.663695
2016-04-27T23:00:00+02:00,0.663695,0.675355,0.663595,0.672645
2016-04-28T11:00:00+02:00,0.672645,0.67634,0.67136,0.67295
2016-04-28T23:00:00+02:00,0.67295,0.67419,0.66945,0.671085
2016-04-29T11:00:00+02:00,0.671085,0.673995,0.667815,0.669365
2016-05-01T23:00:00+02:00,0.669365,0.67277,0.66827,0.67108
2016-05-02T11:00:00+02:00,0.67108,0.67263,0.66777,0.6701
2016-05-02T23:00:00+02:00,0.6701,0.672935,0.66347,0.663935
2016-05-03T11:00:00+02:00,0.663935,0.66405,0.6582,0.65995
2016-05-03T23:00:00+02:00,0.65995,0.66204,0.657465,0.657905
2016-05-04T11:00:00+02:00,0.657905,0.66148,0.656665,0.65888
2016-05-04T23:00:00+02:00,0.65888,0.66264,0.658105,0.662635
2016-05-05T11:00:00+02:00,0.662635,0.668315,0.66177,0.666125
2016-05-05T23:00:00+02:00,0.666125,0.667055,0.6611,0.6619
2016-05-06T11:00:00+02:00,0.6619,0.665725,0.65989,0.665145
2016-05-08T23:00:00+02:00,0.665145,0.66589,0.66061,0.66198
2016-05-09T11:00:00+02:00,0.66198,0.663205,0.65584,0.65733
2016-05-09T23:00:00+02:00,0.65733,0.65833,0.65372,0.6569
2016-05-10T11:00:00+02:00,0.6569,0.66033,0.653975,0.659775
2016-05-10T23:00:00+02:00,0.659775,0.66625,0.659645,0.66111
2016-05-11T11:00:00+02:00,0.66111,0.66473,0.660605,0.662105
2016-05-11T23:00:00+02:00,0.662105,0.663845,0.66146,0.662235
2016-05-12T11:00:00+02:00,0.662235,0.66313,0.660105,0.661885
2016-05-12T23:00:00+02:00,0.661885,0.66297,0.659875,0.66033
2016-05-13T11:00:00+02:00,0.66033,0.662455,0.659505,0.660305
2016-05-15T23:00:00+02:00,0.660305,0.66311,0.658635,0.662885
2016-05-16T11:00:00+02:00,0.662885,0.664985,0.662545,0.663875
2016-05-16T23:00:00+02:00,0.663875,0.66857,0.662895,0.665015
2016-05-17T11:00:00+02:00,0.665015,0.668195,0.66385,0.667845
2016-05-17T23:00:00+02:00,0.667845,0.667985,0.664535,0.665635
2016-05-18T11:00:00+02:00,0.665635,0.667665,0.662695,0.66573
2016-05-18T23:00:00+02:00,0.66573,0.668295,0.664255,0.666005
2016-05-19T11:00:00+02:00,0.666005,0.66878,0.66554,0.66793
2016-05-19T23:00:00+02:00,0.66793,0.671485,0.66748,0.67015
2016-05-20T11:00:00+02:00,0.67015,0.672155,0.66896,0.66975
2016-05-22T23:00:00+02:00,0.66975,0.674255,0.66975,0.67317
2016-05-23T11:00:00+02:00,0.67317,0.67351,0.668845,0.66911
2016-05-23T23:00:00+02:00,0.66911,0.66987,0.664415,0.667705
2016-05-24T11:00:00+02:00,0.667705,0.669785,0.66591,0.669335
2016-05-24T23:00:00+02:00,0.669335,0.67196,0.66839,0.669765
2016-05-25T11:00:00+02:00,0.669765,0.671135,0.6667,0.668215
2016-05-25T23:00:00+02:00,0.668215,0.668215,0.662685,0.666505
2016-05-26T11:00:00+02:00,0.666505,0.66866,0.665415,0.66684
2016-05-26T23:00:00+02:00,0.66684,0.66825,0.66551,0.66635
2016-05-27T11:00:00+02:00,0.66635,0.66814,0.66487,0.66591
2016-05-29T23:00:00+02:00,0.66591,0.66683,0.66334,0.66474
2016-05-30T11:00:00+02:00,0.66474,0.665785,0.663785,0.66423
2016-05-30T23:00:00+02:00,0.66423,0.668255,0.66382,0.666145
2016-05-31T11:00:00+02:00,0.666145,0.673205,0.66596,0.67219
2016-05-31T23:00:00+02:00,0.67219,0.67703,0.6718,0.674315
2016-06-01T11:00:00+02:00,0.674315,0.675355,0.671195,0.67364
2016-06-01T23:00:00+02:00,0.67364,0.67514,0.670805,0.67173
2016-06-02T11:00:00+02:00,0.67173,0.675445,0.669495,0.674435
2016-06-02T23:00:00+02:00,0.674435,0.67895,0.673495,0.67777
2016-06-03T11:00:00+02:00,0.67777,0.681185,0.67695,0.67872
2016-06-05T23:00:00+02:00,0.67872,0.679325,0.674225,0.674455
2016-06-06T11:00:00+02:00,0.674455,0.675745,0.67185,0.671885
2016-06-06T23:00:00+02:00,0.671885,0.6734,0.66926,0.671115
2016-06-07T11:00:00+02:00,0.671115,0.674825,0.66973,0.673625
2016-06-07T23:00:00+02:00,0.673625,0.67564,0.67048,0.67397
2016-06-08T11:00:00+02:00,0.67397,0.6746,0.67132,0.672815
2016-06-08T23:00:00+02:00,0.672815,0.68577,0.671805,0.684335
2016-06-09T11:00:00+02:00,0.684335,0.68939,0.68197,0.685335
2016-06-09T23:00:00+02:00,0.685335,0.68712,0.68222,0.68426
2016-06-10T11:00:00+02:00,0.68426,0.68618,0.679135,0.68024
2016-06-12T23:00:00+02:00,0.68024,0.68224,0.678215,0.681115
2016-06-13T11:00:00+02:00,0.681115,0.68416,0.67902,0.680985
2016-06-13T23:00:00+02:00,0.680985,0.680985,0.67594,0.67711
2016-06-14T11:00:00+02:00,0.67711,0.678705,0.67356,0.67371
2016-06-14T23:00:00+02:00,0.67371,0.6798,0.67081,0.678435
2016-06-15T11:00:00+02:00,0.678435,0.680085,0.675405,0.67623
2016-06-15T23:00:00+02:00,0.67623,0.681615,0.673925,0.676975
2016-06-16T11:00:00+02:00,0.676975,0.68308,0.674775,0.679655
2016-06-16T23:00:00+02:00,0.679655,0.682045,0.67788,0.678965
2016-06-17T11:00:00+02:00,0.678965,0.68062,0.67685,0.677055
2016-06-19T23:00:00+02:00,0.677055,0.683905,0.677055,0.683905
2016-06-20T11:00:00+02:00,0.683905,0.685095,0.681855,0.684895
2016-06-20T23:00:00+02:00,0.684895,0.6863,0.682835,0.6863
2016-06-21T11:00:00+02:00,0.6863,0.687895,0.6829,0.685445
2016-06-21T23:00:00+02:00,0.685445,0.68762,0.68478,0.685925
2016-06-22T11:00:00+02:00,0.685925,0.689615,0.68532,0.68675
2016-06-22T23:00:00+02:00,0.68675,0.690485,0.686105,0.688495
2016-06-23T11:00:00+02:00,0.688495,0.69601,0.68789,0.69511
2016-06-23T23:00:00+02:00,0.69511,0.701765,0.677735,0.68763
2016-06-24T11:00:00+02:00,0.68763,0.69817,0.68627,0.69344
2016-06-26T23:00:00+02:00,0.69344,0.69344,0.686875,0.68878
2016-06-27T11:00:00+02:00,0.68878,0.69209,0.682665,0.68453
2016-06-27T23:00:00+02:00,0.68453,0.69386,0.683215,0.69303
2016-06-28T11:00:00+02:00,0.69303,0.693605,0.689005,0.692075
2016-06-28T23:00:00+02:00,0.692075,0.69579,0.69093,0.6946
2016-06-29T11:00:00+02:00,0.6946,0.698835,0.694465,0.696875
2016-06-29T23:00:00+02:00,0.696875,0.698075,0.69305,0.695605
2016-06-30T11:00:00+02:00,0.695605,0.697655,0.69188,0.696405
2016-06-30T23:00:00+02:00,0.696405,0.700185,0.6948,0.69927
2016-07-01T11:00:00+02:00,0.69927,0.70038,0.69669,0.698045
2016-07-03T23:00:00+02:00,0.698045,0.701145,0.697655,0.70071
2016-07-04T11:00:00+02:00,0.70071,0.703875,0.700575,0.70153
2016-07-04T23:00:00+02:00,0.70153,0.70257,0.69808,0.69819
2016-07-05T11:00:00+02:00,0.69819,0.70052,0.69616,0.698765
2016-07-05T23:00:00+02:00,0.698765,0.69931,0.692435,0.696055
2016-07-06T11:00:00+02:00,0.696055,0.697395,0.69356,0.69543
2016-07-06T23:00:00+02:00,0.69543,0.706475,0.694125,0.705645
2016-07-07T11:00:00+02:00,0.705645,0.70825,0.703445,0.70752
2016-07-07T23:00:00+02:00,0.70752,0.711855,0.706115,0.710315
2016-07-08T11:00:00+02:00,0.710315,0.71857,0.70977,0.718325
2016-07-10T23:00:00+02:00,0.718325,0.718325,0.71259,0.7126
2016-07-11T11:00:00+02:00,0.7126,0.7139,0.709,0.709565
2016-07-11T23:00:00+02:00,0.709565,0.71715,0.708515,0.716085
2016-07-12T11:00:00+02:00,0.716085,0.722835,0.71522,0.72213
2016-07-12T23:00:00+02:00,0.72213,0.72213,0.714985,0.71856
2016-07-13T11:00:00+02:00,0.71856,0.72067,0.71462,0.716915
2016-07-13T23:00:00+02:00,0.716915,0.71778,0.707355,0.707915
2016-07-14T11:00:00+02:00,0.707915,0.708545,0.70291,0.70612
2016-07-14T23:00:00+02:00,0.70612,0.706495,0.70021,0.70439
2016-07-15T11:00:00+02:00,0.70439,0.70446,0.69883,0.69923
2016-07-17T23:00:00+02:00,0.69923,0.70354,0.695245,0.700425
2016-07-18T11:00:00+02:00,0.700425,0.700465,0.69755,0.699165
2016-07-18T23:00:00+02:00,0.699165,0.699165,0.689155,0.690825
2016-07-19T11:00:00+02:00,0.690825,0.69533,0.690175,0.69509
2016-07-19T23:00:00+02:00,0.69509,0.697315,0.69217,0.69619
2016-07-20T11:00:00+02:00,0.69619,0.697095,0.69237,0.693685
2016-07-20T23:00:00+02:00,0.693685,0.693685,0.686075,0.690245
2016-07-21T11:00:00+02:00,0.690245,0.691435,0.687455,0.689685
2016-07-21T23:00:00+02:00,0.689685,0.691215,0.68736,0.68919
2016-07-22T11:00:00+02:00,0.68919,0.69231,0.688215,0.691015
2016-07-24T23:00:00+02:00,0.691015,0.69343,0.6879,0.687985
2016-07-25T11:00:00+02:00,0.687985,0.690065,0.687905,0.689765
2016-07-25T23:00:00+02:00,0.689765,0.696105,0.68875,0.695775
2016-07-26T11:00:00+02:00,0.695775,0.70123,0.69574,0.70011
2016-07-26T23:00:00+02:00,0.70011,0.70204,0.695215,0.70047
2016-07-27T11:00:00+02:00,0.70047,0.70128,0.69645,0.697785
2016-07-27T23:00:00+02:00,0.697785,0.70167,0.69666,0.698425
2016-07-28T11:00:00+02:00,0.698425,0.698975,0.69295,0.693865
2016-07-28T23:00:00+02:00,0.693865,0.69783,0.6927,0.694095
2016-07-29T11:00:00+02:00,0.694095,0.70023,0.692475,0.6989
2016-07-31T23:00:00+02:00,0.6989,0.70073,0.69636,0.696435
2016-08-01T11:00:00+02:00,0.696435,0.6973,0.693705,0.694595
2016-08-01T23:00:00+02:00,0.694595,0.698155,0.693255,0.697235
2016-08-02T11:00:00+02:00,0.697235,0.700125,0.69519,0.69842
2016-08-02T23:00:00+02:00,0.69842,0.698995,0.694215,0.69566
2016-08-03T11:00:00+02:00,0.69566,0.696935,0.694315,0.696715
2016-08-03T23:00:00+02:00,0.696715,0.69853,0.695345,0.69767
2016-08-04T11:00:00+02:00,0.69767,0.701445,0.69761,0.698695
2016-08-04T23:00:00+02:00,0.698695,0.703325,0.69834,0.702345
2016-08-05T11:00:00+02:00,0.702345,0.703115,0.69843,0.70041
2016-08-07T23:00:00+02:00,0.70041,0.70041,0.69437,0.70007
2016-08-08T11:00:00+02:00,0.70007,0.702695,0.69913,0.701435
2016-08-08T23:00:00+02:00,0.701435,0.70359,0.699035,0.701515
2016-08-09T11:00:00+02:00,0.701515,0.70554,0.700755,0.703345
2016-08-09T23:00:00+02:00,0.703345,0.7079,0.70277,0.70644
2016-08-10T11:00:00+02:00,0.70644,0.708825,0.7005,0.702655
2016-08-10T23:00:00+02:00,0.702655,0.716205,0.701135,0.705635
2016-08-11T11:00:00+02:00,0.705635,0.708245,0.702555,0.703255
2016-08-11T23:00:00+02:00,0.703255,0.70521,0.700685,0.7021
2016-08-12T11:00:00+02:00,0.7021,0.705045,0.70074,0.701435
2016-08-14T23:00:00+02:00,0.701435,0.70313,0.699195,0.702835
2016-08-15T11:00:00+02:00,0.702835,0.70335,0.700775,0.70131
2016-08-15T23:00:00+02:00,0.70131,0.703525,0.70074,0.70203
2016-08-16T11:00:00+02:00,0.70203,0.702825,0.69607,0.700325
2016-08-16T23:00:00+02:00,0.700325,0.70404,0.697215,0.697635
2016-08-17T11:00:00+02:00,0.697635,0.69824,0.694555,0.69767
2016-08-17T23:00:00+02:00,0.69767,0.70161,0.69717,0.698095
2016-08-18T11:00:00+02:00,0.698095,0.698745,0.695275,0.69557
2016-08-18T23:00:00+02:00,0.69557,0.696335,0.69208,0.69506
2016-08-19T11:00:00+02:00,0.69506,0.698605,0.694605,0.698405
2016-08-21T23:00:00+02:00,0.698405,0.699,0.6951,0.6984
2016-08-22T11:00:00+02:00,0.6984,0.70124,0.6976,0.6996
2016-08-22T23:00:00+02:00,0.6996,0.705115,0.6996,0.70343
2016-08-23T11:00:00+02:00,0.70343,0.705415,0.70142,0.70224
2016-08-23T23:00:00+02:00,0.70224,0.70617,0.700415,0.70582
2016-08-24T11:00:00+02:00,0.70582,0.708515,0.70507,0.706995
2016-08-24T23:00:00+02:00,0.706995,0.708985,0.705075,0.705705
2016-08-25T11:00:00+02:00,0.705705,0.70708,0.704135,0.706445
2016-08-25T23:00:00+02:00,0.706445,0.707905,0.70563,0.706925
2016-08-26T11:00:00+02:00,0.706925,0.713115,0.70649,0.707965
2016-08-28T23:00:00+02:00,0.707965,0.70848,0.70546,0.708175
2016-08-29T11:00:00+02:00,0.708175,0.710605,0.707105,0.7094
2016-08-29T23:00:00+02:00,0.7094,0.711325,0.70767,0.709045
2016-08-30T11:00:00+02:00,0.709045,0.710545,0.70817,0.710255
2016-08-30T23:00:00+02:00,0.710255,0.71345,0.7097,0.71313
2016-08-31T11:00:00+02:00,0.71313,0.714155,0.711795,0.71328
2016-08-31T23:00:00+02:00,0.71328,0.71758,0.711885,0.717155
2016-09-01T11:00:00+02:00,0.717155,0.717155,0.712445,0.713735
2016-09-01T23:00:00+02:00,0.713735,0.714995,0.713315,0.71437
2016-09-02T11:00:00+02:00,0.71437,0.718125,0.713015,0.71486
2016-09-04T23:00:00+02:00,0.71486,0.718485,0.713725,0.717035
2016-09-05T11:00:00+02:00,0.717035,0.717185,0.71555,0.71589
2016-09-05T23:00:00+02:00,0.71589,0.720225,0.71543,0.71955
2016-09-06T11:00:00+02:00,0.71955,0.72131,0.717625,0.719225
2016-09-06T23:00:00+02:00,0.719225,0.723115,0.71786,0.72233
2016-09-07T11:00:00+02:00,0.72233,0.724685,0.721445,0.72262
2016-09-07T23:00:00+02:00,0.72262,0.725065,0.72188,0.724325
2016-09-08T11:00:00+02:00,0.724325,0.724325,0.718245,0.719585
2016-09-08T23:00:00+02:00,0.719585,0.72038,0.71674,0.717615
2016-09-09T11:00:00+02:00,0.717615,0.718385,0.714095,0.714095
2016-09-11T23:00:00+02:00,0.714095,0.715925,0.710425,0.71142
2016-09-12T11:00:00+02:00,0.71142,0.714895,0.7106,0.71467
2016-09-12T23:00:00+02:00,0.71467,0.71562,0.711125,0.71322
2016-09-13T11:00:00+02:00,0.71322,0.713975,0.70613,0.708175
2016-09-13T23:00:00+02:00,0.708175,0.712695,0.70717,0.71182
2016-09-14T11:00:00+02:00,0.71182,0.71182,0.70808,0.708835
2016-09-14T23:00:00+02:00,0.708835,0.71068,0.70632,0.70833
2016-09-15T11:00:00+02:00,0.70833,0.71195,0.706635,0.71085
2016-09-15T23:00:00+02:00,0.71085,0.712425,0.70988,0.711665
2016-09-16T11:00:00+02:00,0.711665,0.71297,0.71053,0.71241
2016-09-18T23:00:00+02:00,0.71241,0.71775,0.71102,0.716545
2016-09-19T11:00:00+02:00,0.716545,0.718275,0.71463,0.71486
2016-09-19T23:00:00+02:00,0.71486,0.7203,0.7146,0.71746
2016-09-20T11:00:00+02:00,0.71746,0.720225,0.71493,0.71627
2016-09-20T23:00:00+02:00,0.71627,0.717285,0.713965,0.71506
2016-09-21T11:00:00+02:00,0.71506,0.717865,0.71377,0.71591
2016-09-21T23:00:00+02:00,0.71591,0.71789,0.710635,0.71079
2016-09-22T11:00:00+02:00,0.71079,0.712115,0.70682,0.70833
2016-09-22T23:00:00+02:00,0.70833,0.708965,0.70303,0.703745
2016-09-23T11:00:00+02:00,0.703745,0.70546,0.700205,0.70282
2016-09-25T23:00:00+02:00,0.70282,0.703455,0.699595,0.69989
2016-09-26T11:00:00+02:00,0.69989,0.70583,0.69974,0.705075
2016-09-26T23:00:00+02:00,0.705075,0.710705,0.704175,0.7093
2016-09-27T11:00:00+02:00,0.7093,0.7094,0.706185,0.70882
2016-09-27T23:00:00+02:00,0.70882,0.70911,0.70426,0.704755
2016-09-28T11:00:00+02:00,0.704755,0.707365,0.70238,0.7073
2016-09-28T23:00:00+02:00,0.7073,0.70865,0.70539,0.706705
2016-09-29T11:00:00+02:00,0.706705,0.70725,0.69983,0.70078
2016-09-29T23:00:00+02:00,0.70078,0.70381,0.698665,0.703125
2016-09-30T11:00:00+02:00,0.703125,0.70897,0.70291,0.707615
2016-10-02T23:00:00+02:00,0.707615,0.708495,0.705145,0.70806
2016-10-03T11:00:00+02:00,0.70806,0.70842,0.705615,0.70826
2016-10-03T23:00:00+02:00,0.70826,0.713175,0.707775,0.713
2016-10-04T11:00:00+02:00,0.713,0.71471,0.7049,0.7056
2016-10-04T23:00:00+02:00,0.7056,0.705865,0.70094,0.702125
2016-10-05T11:00:00+02:00,0.702125,0.703315,0.69773,0.69876
2016-10-05T23:00:00+02:00,0.69876,0.699855,0.69716,0.699745
2016-10-06T11:00:00+02:00,0.699745,0.703295,0.69801,0.702635
2016-10-06T23:00:00+02:00,0.702635,0.70349,0.698995,0.699725
2016-10-07T11:00:00+02:00,0.699725,0.704575,0.69744,0.700965
2016-10-09T23:00:00+02:00,0.700965,0.703695,0.698735,0.69965
2016-10-10T11:00:00+02:00,0.69965,0.70208,0.699245,0.70122
2016-10-10T23:00:00+02:00,0.70122,0.701975,0.694475,0.69672
2016-10-11T11:00:00+02:00,0.69672,0.69954,0.69592,0.69776
2016-10-11T23:00:00+02:00,0.69776,0.70124,0.69717,0.699985
2016-10-12T11:00:00+02:00,0.699985,0.70094,0.697325,0.699655
2016-10-12T23:00:00+02:00,0.699655,0.70034,0.695365,0.696945
2016-10-13T11:00:00+02:00,0.696945,0.70055,0.696785,0.69969
2016-10-13T23:00:00+02:00,0.69969,0.703195,0.698415,0.70183
2016-10-14T11:00:00+02:00,0.70183,0.70337,0.700405,0.701875
2016-10-16T23:00:00+02:00,0.701875,0.704525,0.701,0.704215
2016-10-17T11:00:00+02:00,0.704215,0.70669,0.703525,0.705675
2016-10-17T23:00:00+02:00,0.705675,0.71142,0.70476,0.71118
2016-10-18T11:00:00+02:00,0.71118,0.714125,0.710555,0.711665
2016-10-18T23:00:00+02:00,0.711665,0.715595,0.711665,0.713145
2016-10-19T11:00:00+02:00,0.713145,0.717055,0.711605,0.715265
2016-10-19T23:00:00+02:00,0.715265,0.71874,0.71349,0.7146
2016-10-20T11:00:00+02:00,0.7146,0.716225,0.71066,0.71403
2016-10-20T23:00:00+02:00,0.71403,0.71441,0.7123,0.71251
2016-10-21T11:00:00+02:00,0.71251,0.713615,0.7109,0.71162
2016-10-23T23:00:00+02:00,0.71162,0.71328,0.710835,0.71251
2016-10-24T11:00:00+02:00,0.71251,0.712975,0.707265,0.70926
2016-10-24T23:00:00+02:00,0.70926,0.711785,0.70673,0.710155
2016-10-25T11:00:00+02:00,0.710155,0.71425,0.71006,0.712475
2016-10-25T23:00:00+02:00,0.712475,0.71359,0.71128,0.71197
2016-10-26T11:00:00+02:00,0.71197,0.712045,0.70968,0.710745
2016-10-26T23:00:00+02:00,0.710745,0.71211,0.708845,0.708895
2016-10-27T11:00:00+02:00,0.708895,0.709755,0.706495,0.70759
2016-10-27T23:00:00+02:00,0.70759,0.71015,0.70702,0.709795
2016-10-28T11:00:00+02:00,0.709795,0.71045,0.7053,0.707625
2016-10-30T22:00:00+01:00,0.707625,0.707735,0.705485,0.707335
2016-10-31T10:00:00+01:00,0.707335,0.708215,0.70641,0.707155
2016-10-31T22:00:00+01:00,0.707155,0.709775,0.70697,0.70785
2016-11-01T10:00:00+01:00,0.70785,0.708105,0.697885,0.700615
2016-11-01T22:00:00+01:00,0.700615,0.70454,0.70028,0.704365
2016-11-02T10:00:00+01:00,0.704365,0.71072,0.703915,0.70932
2016-11-02T22:00:00+01:00,0.70932,0.71076,0.706415,0.70964
2016-11-03T10:00:00+01:00,0.70964,0.714925,0.708615,0.714855
2016-11-03T22:00:00+01:00,0.714855,0.714855,0.712055,0.712785
2016-11-04T10:00:00+01:00,0.712785,0.713645,0.7072,0.709415
2016-11-06T23:00:00+01:00,0.709415,0.718325,0.709415,0.713925
2016-11-07T11:00:00+01:00,0.713925,0.71595,0.712895,0.715645
2016-11-07T23:00:00+01:00,0.715645,0.716265,0.713685,0.716015
2016-11-08T11:00:00+01:00,0.716015,0.724125,0.71484,0.72231
2016-11-08T23:00:00+01:00,0.72231,0.72599,0.695405,0.713245
2016-11-09T11:00:00+01:00,0.713245,0.7243,0.710045,0.716605
2016-11-09T23:00:00+01:00,0.716605,0.719485,0.711735,0.71799
2016-11-10T11:00:00+01:00,0.71799,0.71984,0.70965,0.71187
2016-11-10T23:00:00+01:00,0.71187,0.713015,0.707795,0.709935
2016-11-11T11:00:00+01:00,0.709935,0.71077,0.70254,0.702965
2016-11-13T23:00:00+01:00,0.702965,0.706685,0.701845,0.70561
2016-11-14T11:00:00+01:00,0.70561,0.710475,0.704955,0.710305
2016-11-14T23:00:00+01:00,0.710305,0.71182,0.70695,0.70768
2016-11-15T11:00:00+01:00,0.70768,0.71163,0.70738,0.71137
2016-11-15T23:00:00+01:00,0.71137,0.71167,0.70806,0.710345
2016-11-16T11:00:00+01:00,0.710345,0.711235,0.70709,0.70851
2016-11-16T23:00:00+01:00,0.70851,0.711715,0.70826,0.7102
2016-11-17T11:00:00+01:00,0.7102,0.710675,0.705965,0.7075
2016-11-17T23:00:00+01:00,0.7075,0.71111,0.70636,0.709395
2016-11-18T11:00:00+01:00,0.709395,0.71139,0.70757,0.707995
2016-11-20T23:00:00+01:00,0.707995,0.709765,0.70599,0.70864
2016-11-21T11:00:00+01:00,0.70864,0.714185,0.70815,0.71287
2016-11-21T23:00:00+01:00,0.71287,0.71488,0.71227,0.713945
2016-11-22T11:00:00+01:00,0.713945,0.71483,0.711565,0.714265
2016-11-22T23:00:00+01:00,0.714265,0.71544,0.713665,0.71379
2016-11-23T11:00:00+01:00,0.71379,0.71406,0.71137,0.71233
2016-11-23T23:00:00+01:00,0.71233,0.713175,0.70987,0.71203
2016-11-24T11:00:00+01:00,0.71203,0.7127,0.709635,0.71161
2016-11-24T23:00:00+01:00,0.71161,0.71482,0.711305,0.71336
2016-11-25T11:00:00+01:00,0.71336,0.71501,0.71257,0.714175
2016-11-27T23:00:00+01:00,0.714175,0.71662,0.712535,0.71581
2016-11-28T11:00:00+01:00,0.71581,0.717945,0.714765,0.716645
2016-11-28T23:00:00+01:00,0.716645,0.719975,0.71636,0.719355
2016-11-29T11:00:00+01:00,0.719355,0.722475,0.718205,0.72111
2016-11-29T23:00:00+01:00,0.72111,0.72749,0.720885,0.725145
2016-11-30T11:00:00+01:00,0.725145,0.725395,0.71927,0.720565
2016-11-30T23:00:00+01:00,0.720565,0.721265,0.71798,0.718245
2016-12-01T11:00:00+01:00,0.718245,0.719045,0.714375,0.716305
2016-12-01T23:00:00+01:00,0.716305,0.71756,0.715795,0.71727
2016-12-02T11:00:00+01:00,0.71727,0.72239,0.716595,0.721665
2016-12-04T23:00:00+01:00,0.721665,0.724225,0.71794,0.719445
2016-12-05T11:00:00+01:00,0.719445,0.72091,0.713795,0.71888
2016-12-05T23:00:00+01:00,0.71888,0.72112,0.71421,0.717115
2016-12-06T11:00:00+01:00,0.717115,0.719905,0.716895,0.719315
2016-12-06T23:00:00+01:00,0.719315,0.72087,0.717545,0.72085
2016-12-07T11:00:00+01:00,0.72085,0.72244,0.720035,0.72165
2016-12-07T23:00:00+01:00,0.72165,0.72697,0.72165,0.724395
2016-12-08T11:00:00+01:00,0.724395,0.73057,0.721855,0.729045
2016-12-08T23:00:00+01:00,0.729045,0.73093,0.72828,0.72945
2016-12-09T11:00:00+01:00,0.72945,0.73129,0.72558,0.725665
2016-12-11T23:00:00+01:00,0.725665,0.728465,0.724385,0.727645
2016-12-12T11:00:00+01:00,0.727645,0.731525,0.726745,0.72865
2016-12-12T23:00:00+01:00,0.72865,0.730155,0.727565,0.728635
2016-12-13T11:00:00+01:00,0.728635,0.73146,0.727945,0.728935
2016-12-13T23:00:00+01:00,0.728935,0.730605,0.728065,0.729035
2016-12-14T11:00:00+01:00,0.729035,0.731045,0.72561,0.726375
2016-12-14T23:00:00+01:00,0.726375,0.728225,0.72475,0.725505
2016-12-15T11:00:00+01:00,0.725505,0.728375,0.72407,0.72504
2016-12-15T23:00:00+01:00,0.72504,0.726045,0.72186,0.72278
2016-12-16T11:00:00+01:00,0.72278,0.723605,0.71386,0.714545
2016-12-18T23:00:00+01:00,0.714545,0.71673,0.71415,0.714525
2016-12-19T11:00:00+01:00,0.714525,0.71484,0.709955,0.7117
2016-12-19T23:00:00+01:00,0.7117,0.712575,0.710325,0.710895
2016-12-20T11:00:00+01:00,0.710895,0.712585,0.709585,0.71154
2016-12-20T23:00:00+01:00,0.71154,0.714055,0.709735,0.710575
2016-12-21T11:00:00+01:00,0.710575,0.711455,0.70752,0.708415
2016-12-21T23:00:00+01:00,0.708415,0.709975,0.70683,0.70883
2016-12-22T11:00:00+01:00,0.70883,0.70887,0.7059,0.70815
2016-12-22T23:00:00+01:00,0.70815,0.709165,0.707545,0.7082
2016-12-23T11:00:00+01:00,0.7082,0.708835,0.70399,0.706355
2016-12-26T23:00:00+01:00,0.706355,0.709755,0.706355,0.70865
2016-12-27T11:00:00+01:00,0.70865,0.709855,0.70778,0.708345
2016-12-27T23:00:00+01:00,0.708345,0.71287,0.708125,0.712425
2016-12-28T11:00:00+01:00,0.712425,0.71277,0.710355,0.71154
2016-12-28T23:00:00+01:00,0.71154,0.713795,0.71044,0.712725
2016-12-29T11:00:00+01:00,0.712725,0.712815,0.709645,0.712325
2016-12-29T23:00:00+01:00,0.712325,0.712715,0.70128,0.705965
2016-12-30T11:00:00+01:00,0.705965,0.709495,0.70478,0.70592
2017-01-02T23:00:00+01:00,0.70592,0.713,0.70592,0.71241
2017-01-03T11:00:00+01:00,0.71241,0.71342,0.70956,0.7108
2017-01-03T23:00:00+01:00,0.7108,0.71306,0.7082,0.71169
2017-01-04T11:00:00+01:00,0.71169,0.713625,0.70968,0.71153
2017-01-04T23:00:00+01:00,0.71153,0.71378,0.71023,0.710835
2017-01-05T11:00:00+01:00,0.710835,0.71164,0.70848,0.70928
2017-01-05T23:00:00+01:00,0.70928,0.71101,0.70824,0.710065
2017-01-06T11:00:00+01:00,0.710065,0.71231,0.70734,0.70834
2017-01-08T23:00:00+01:00,0.70834,0.70996,0.70773,0.70904
2017-01-09T11:00:00+01:00,0.70904,0.714,0.7089,0.712285
2017-01-09T23:00:00+01:00,0.712285,0.71306,0.70846,0.70911
2017-01-10T11:00:00+01:00,0.70911,0.71118,0.70628,0.7107
2017-01-10T23:00:00+01:00,0.7107,0.7145,0.70868,0.71386
2017-01-11T11:00:00+01:00,0.71386,0.71689,0.712815,0.715445
2017-01-11T23:00:00+01:00,0.715445,0.71848,0.7147,0.717615
2017-01-12T11:00:00+01:00,0.717615,0.72008,0.71602,0.71778
2017-01-12T23:00:00+01:00,0.71778,0.71968,0.71649,0.7177
2017-01-13T11:00:00+01:00,0.7177,0.71962,0.71511,0.7194
2017-01-15T23:00:00+01:00,0.7194,0.72169,0.71606,0.718085
2017-01-16T11:00:00+01:00,0.718085,0.71882,0.71686,0.718655
2017-01-16T23:00:00+01:00,0.718655,0.7222,0.71754,0.7201
2017-01-17T11:00:00+01:00,0.7201,0.72332,0.71807,0.722755
2017-01-17T23:00:00+01:00,0.722755,0.72328,0.72073,0.721105
2017-01-18T11:00:00+01:00,0.721105,0.72251,0.71758,0.717665
2017-01-18T23:00:00+01:00,0.717665,0.72347,0.71745,0.722225
2017-01-19T11:00:00+01:00,0.722225,0.72528,0.72145,0.7234
2017-01-19T23:00:00+01:00,0.7234,0.72592,0.71954,0.72018
2017-01-20T11:00:00+01:00,0.72018,0.72112,0.7179,0.718205
2017-01-22T23:00:00+01:00,0.718205,0.72034,0.71743,0.717865
2017-01-23T11:00:00+01:00,0.717865,0.72184,0.71672,0.72093
2017-01-23T23:00:00+01:00,0.72093,0.72404,0.72042,0.722365
2017-01-24T11:00:00+01:00,0.722365,0.72672,0.72192,0.7254
2017-01-24T23:00:00+01:00,0.7254,0.7269,0.72306,0.72374
2017-01-25T11:00:00+01:00,0.72374,0.7303,0.7236,0.729345
2017-01-25T23:00:00+01:00,0.729345,0.73074,0.72408,0.72484
2017-01-26T11:00:00+01:00,0.72484,0.72562,0.72125,0.724525
2017-01-26T23:00:00+01:00,0.724525,0.72637,0.72362,0.725525
2017-01-27T11:00:00+01:00,0.725525,0.72702,0.72424,0.725825
2017-01-29T23:00:00+01:00,0.725825,0.72634,0.72336,0.724575
2017-01-30T11:00:00+01:00,0.724575,0.72784,0.72428,0.72503
2017-01-30T23:00:00+01:00,0.72503,0.7261,0.72356,0.724655
2017-01-31T11:00:00+01:00,0.724655,0.72676,0.72266,0.72343
2017-01-31T23:00:00+01:00,0.72343,0.7236,0.71898,0.72053
2017-02-01T11:00:00+01:00,0.72053,0.723105,0.71926,0.72289
2017-02-01T23:00:00+01:00,0.72289,0.7242,0.71934,0.72238
2017-02-02T11:00:00+01:00,0.72238,0.72464,0.72178,0.72352
2017-02-02T23:00:00+01:00,0.72352,0.72398,0.72185,0.723695
2017-02-03T11:00:00+01:00,0.723695,0.72704,0.7233,0.72637
2017-02-05T23:00:00+01:00,0.72637,0.72873,0.72415,0.727605
2017-02-06T11:00:00+01:00,0.727605,0.728,0.72368,0.725495
2017-02-06T23:00:00+01:00,0.725495,0.73248,0.72496,0.729625
2017-02-07T11:00:00+01:00,0.729625,0.72998,0.72746,0.72836
2017-02-07T23:00:00+01:00,0.72836,0.73002,0.72738,0.729685
2017-02-08T11:00:00+01:00,0.729685,0.73018,0.72137,0.722505
2017-02-08T23:00:00+01:00,0.722505,0.72322,0.7162,0.718525
2017-02-09T11:00:00+01:00,0.718525,0.72176,0.71802,0.71985
2017-02-09T23:00:00+01:00,0.71985,0.72168,0.71892,0.72043
2017-02-10T11:00:00+01:00,0.72043,0.72358,0.71952,0.721875
2017-02-12T23:00:00+01:00,0.721875,0.7244,0.72096,0.721205
2017-02-13T11:00:00+01:00,0.721205,0.72208,0.71972,0.721855
2017-02-13T23:00:00+01:00,0.721855,0.72266,0.72027,0.72162
2017-02-14T11:00:00+01:00,0.72162,0.72231,0.7192,0.721355
2017-02-14T23:00:00+01:00,0.721355,0.7253,0.72055,0.72428
2017-02-15T11:00:00+01:00,0.72428,0.72692,0.72252,0.7262
2017-02-15T23:00:00+01:00,0.7262,0.72706,0.72346,0.72367
2017-02-16T11:00:00+01:00,0.72367,0.7239,0.71916,0.719275
2017-02-16T23:00:00+01:00,0.719275,0.72026,0.71763,0.7183
2017-02-17T11:00:00+01:00,0.7183,0.7209,0.71766,0.720055
2017-02-19T23:00:00+01:00,0.720055,0.72202,0.71923,0.72062
2017-02-20T11:00:00+01:00,0.72062,0.72129,0.719985,0.72106
2017-02-20T23:00:00+01:00,0.72106,0.72114,0.7186,0.719905
2017-02-21T11:00:00+01:00,0.719905,0.7234,0.71968,0.723175
2017-02-21T23:00:00+01:00,0.723175,0.72662,0.7219,0.72601
2017-02-22T11:00:00+01:00,0.72601,0.72682,0.72334,0.726525
2017-02-22T23:00:00+01:00,0.726525,0.72913,0.72526,0.72806
2017-02-23T11:00:00+01:00,0.72806,0.73019,0.72638,0.727745
2017-02-23T23:00:00+01:00,0.727745,0.72837,0.7262,0.726435
2017-02-24T11:00:00+01:00,0.726435,0.72744,0.72256,0.725205
2017-02-26T23:00:00+01:00,0.725205,0.7265,0.72408,0.72469
2017-02-27T11:00:00+01:00,0.72469,0.72682,0.72396,0.725665
2017-02-27T23:00:00+01:00,0.725665,0.72615,0.72288,0.722875
2017-02-28T11:00:00+01:00,0.722875,0.72564,0.72216,0.72345
2017-02-28T23:00:00+01:00,0.72345,0.7239,0.71712,0.7199
2017-03-01T11:00:00+01:00,0.7199,0.72303,0.71796,0.720735
2017-03-01T23:00:00+01:00,0.720735,0.72182,0.7175,0.71788
2017-03-02T11:00:00+01:00,0.71788,0.71906,0.71468,0.71554
2017-03-02T23:00:00+01:00,0.71554,0.71605,0.71103,0.71217
2017-03-03T11:00:00+01:00,0.71217,0.71232,0.70806,0.710055
2017-03-05T23:00:00+01:00,0.710055,0.71068,0.70674,0.70985
2017-03-06T11:00:00+01:00,0.70985,0.71005,0.70716,0.707855
2017-03-06T23:00:00+01:00,0.707855,0.7095,0.7061,0.70822
2017-03-07T11:00:00+01:00,0.70822,0.71075,0.70438,0.70465
2017-03-07T23:00:00+01:00,0.70465,0.70717,0.70293,0.703915
2017-03-08T11:00:00+01:00,0.703915,0.70406,0.70096,0.701585
2017-03-08T23:00:00+01:00,0.701585,0.70188,0.69936,0.70038
2017-03-09T11:00:00+01:00,0.70038,0.70166,0.69603,0.69842
2017-03-09T23:00:00+01:00,0.69842,0.70056,0.69764,0.700125
2017-03-10T11:00:00+01:00,0.700125,0.70206,0.69831,0.69962
2017-03-12T22:00:00+01:00,0.69962,0.70182,0.69833,0.7014
2017-03-13T10:00:00+01:00,0.7014,0.70157,0.69663,0.697365
2017-03-13T22:00:00+01:00,0.697365,0.69826,0.69567,0.695885
2017-03-14T10:00:00+01:00,0.695885,0.69961,0.69549,0.69897
2017-03-14T22:00:00+01:00,0.69897,0.70064,0.6986,0.69954
2017-03-15T10:00:00+01:00,0.69954,0.70512,0.69952,0.704705
2017-03-15T22:00:00+01:00,0.704705,0.70524,0.69868,0.69996
2017-03-16T10:00:00+01:00,0.69996,0.70082,0.69428,0.69619
2017-03-16T22:00:00+01:00,0.69619,0.69757,0.69485,0.69618
2017-03-17T10:00:00+01:00,0.69618,0.7014,0.69563,0.700575
2017-03-19T22:00:00+01:00,0.700575,0.70463,0.69972,0.70202
2017-03-20T10:00:00+01:00,0.70202,0.70472,0.70138,0.704375
2017-03-20T22:00:00+01:00,0.704375,0.70488,0.70082,0.701485
2017-03-21T10:00:00+01:00,0.701485,0.70456,0.6991,0.69985
2017-03-21T22:00:00+01:00,0.69985,0.70038,0.69755,0.697555
2017-03-22T10:00:00+01:00,0.697555,0.70111,0.69651,0.69831
2017-03-22T22:00:00+01:00,0.69831,0.7005,0.69733,0.700125
2017-03-23T10:00:00+01:00,0.700125,0.70014,0.6973,0.698265
2017-03-23T22:00:00+01:00,0.698265,0.69926,0.69504,0.695435
2017-03-24T10:00:00+01:00,0.695435,0.69756,0.69475,0.696995
2017-03-26T23:00:00+02:00,0.696995,0.696995,0.6935,0.694855
2017-03-27T11:00:00+02:00,0.694855,0.69596,0.6916,0.694265
2017-03-27T23:00:00+02:00,0.694265,0.69508,0.69138,0.692185
2017-03-28T11:00:00+02:00,0.692185,0.69684,0.69114,0.696165
2017-03-28T23:00:00+02:00,0.696165,0.6979,0.69434,0.697425
2017-03-29T11:00:00+02:00,0.697425,0.70164,0.69699,0.700865
2017-03-29T23:00:00+02:00,0.700865,0.70212,0.69856,0.69912
2017-03-30T11:00:00+02:00,0.69912,0.70124,0.6979,0.700345
2017-03-30T23:00:00+02:00,0.700345,0.70116,0.69802,0.698725
2017-03-31T11:00:00+02:00,0.698725,0.70346,0.69814,0.703125
2017-04-02T23:00:00+02:00,0.703125,0.703125,0.69962,0.700335
2017-04-03T11:00:00+02:00,0.700335,0.70253,0.70022,0.702385
2017-04-03T23:00:00+02:00,0.702385,0.70334,0.69932,0.69959
2017-04-04T11:00:00+02:00,0.69959,0.70031,0.69808,0.69867
2017-04-04T23:00:00+02:00,0.69867,0.69978,0.69799,0.699065
2017-04-05T11:00:00+02:00,0.699065,0.70054,0.698,0.699835
2017-04-05T23:00:00+02:00,0.699835,0.70176,0.69862,0.700935
2017-04-06T11:00:00+02:00,0.700935,0.70112,0.69934,0.70037
2017-04-06T23:00:00+02:00,0.70037,0.70185,0.69824,0.701535
2017-04-07T11:00:00+02:00,0.701535,0.70202,0.69892,0.699875
2017-04-09T23:00:00+02:00,0.699875,0.70119,0.69912,0.700875
2017-04-10T11:00:00+02:00,0.700875,0.70241,0.70058,0.702055
2017-04-10T23:00:00+02:00,0.702055,0.70282,0.69973,0.700175
2017-04-11T11:00:00+02:00,0.700175,0.70156,0.69774,0.701035
2017-04-11T23:00:00+02:00,0.701035,0.70135,0.69806,0.69822
2017-04-12T11:00:00+02:00,0.69822,0.6992,0.69566,0.698945
2017-04-12T23:00:00+02:00,0.698945,0.70306,0.69832,0.70305
2017-04-13T11:00:00+02:00,0.70305,0.705,0.70261,0.703895
2017-04-13T23:00:00+02:00,0.703895,0.70471,0.70195,0.702375
2017-04-14T11:00:00+02:00,0.702375,0.70514,0.7015,0.70368
2017-04-16T23:00:00+02:00,0.70368,0.70642,0.70171,0.704025
2017-04-17T11:00:00+02:00,0.704025,0.70506,0.70332,0.704205
2017-04-17T23:00:00+02:00,0.704205,0.70484,0.70287,0.7032
2017-04-18T11:00:00+02:00,0.7032,0.70485,0.70033,0.70148
2017-04-18T23:00:00+02:00,0.70148,0.70289,0.69918,0.699665
2017-04-19T11:00:00+02:00,0.699665,0.7004,0.69808,0.69906
2017-04-19T23:00:00+02:00,0.69906,0.70292,0.69842,0.69843
2017-04-20T11:00:00+02:00,0.69843,0.70052,0.69692,0.70029
2017-04-20T23:00:00+02:00,0.70029,0.7005,0.69778,0.699985
2017-04-21T11:00:00+02:00,0.699985,0.70186,0.69856,0.700395
2017-04-23T23:00:00+02:00,0.700395,0.70178,0.69666,0.699525
2017-04-24T11:00:00+02:00,0.699525,0.70044,0.6978,0.698685
2017-04-24T23:00:00+02:00,0.698685,0.69906,0.69139,0.69148
2017-04-25T11:00:00+02:00,0.69148,0.69315,0.68892,0.69084
2017-04-25T23:00:00+02:00,0.69084,0.69135,0.68584,0.686755
2017-04-26T11:00:00+02:00,0.686755,0.68746,0.6838,0.68451
2017-04-26T23:00:00+02:00,0.68451,0.68766,0.68394,0.68402
2017-04-27T11:00:00+02:00,0.68402,0.68483,0.68142,0.68375
2017-04-27T23:00:00+02:00,0.68375,0.68532,0.68176,0.68201
2017-04-28T11:00:00+02:00,0.68201,0.68384,0.67952,0.683185
2017-04-30T23:00:00+02:00,0.683185,0.68388,0.68168,0.683525
2017-05-01T11:00:00+02:00,0.683525,0.6886,0.68332,0.68837
2017-05-01T23:00:00+02:00,0.68837,0.69086,0.68692,0.68799
2017-05-02T11:00:00+02:00,0.68799,0.68882,0.68602,0.6877
2017-05-02T23:00:00+02:00,0.6877,0.69088,0.68648,0.687205
2017-05-03T11:00:00+02:00,0.687205,0.6873,0.68266,0.68426
2017-05-03T23:00:00+02:00,0.68426,0.68534,0.68148,0.682225
2017-05-04T11:00:00+02:00,0.682225,0.68242,0.67662,0.67751
2017-05-04T23:00:00+02:00,0.67751,0.68182,0.67716,0.68178
2017-05-05T11:00:00+02:00,0.68178,0.68442,0.6805,0.68349
2017-05-07T23:00:00+02:00,0.68349,0.68835,0.6817,0.687665
2017-05-08T11:00:00+02:00,0.687665,0.69078,0.68727,0.689995
2017-05-08T23:00:00+02:00,0.689995,0.69142,0.68796,0.690105
2017-05-09T11:00:00+02:00,0.690105,0.69545,0.6895,0.6948
2017-05-09T23:00:00+02:00,0.6948,0.69756,0.69375,0.69754
2017-05-10T11:00:00+02:00,0.69754,0.70123,0.69663,0.70073
2017-05-10T23:00:00+02:00,0.70073,0.70112,0.68776,0.69015
2017-05-11T11:00:00+02:00,0.69015,0.69121,0.68857,0.690385
2017-05-11T23:00:00+02:00,0.690385,0.69061,0.68802,0.689905
2017-05-12T11:00:00+02:00,0.689905,0.69108,0.6853,0.68695
2017-05-14T23:00:00+02:00,0.68695,0.68999,0.68535,0.68816
2017-05-15T11:00:00+02:00,0.68816,0.69026,0.6849,0.685615
2017-05-15T23:00:00+02:00,0.685615,0.68765,0.68083,0.680895
2017-05-16T11:00:00+02:00,0.680895,0.68212,0.67816,0.67865
2017-05-16T23:00:00+02:00,0.67865,0.68046,0.6769,0.67773
2017-05-17T11:00:00+02:00,0.67773,0.68035,0.67476,0.679445
2017-05-17T23:00:00+02:00,0.679445,0.68036,0.67724,0.679985
2017-05-18T11:00:00+02:00,0.679985,0.68024,0.67507,0.67604
2017-05-18T23:00:00+02:00,0.67604,0.67648,0.6733,0.67359
2017-05-19T11:00:00+02:00,0.67359,0.67556,0.67244,0.673915
2017-05-21T23:00:00+02:00,0.673915,0.6791,0.67279,0.677075
2017-05-22T11:00:00+02:00,0.677075,0.68112,0.6745,0.68107
2017-05-22T23:00:00+02:00,0.68107,0.68532,0.68011,0.682585
2017-05-23T11:00:00+02:00,0.682585,0.68527,0.68164,0.68434
2017-05-23T23:00:00+02:00,0.68434,0.68508,0.68232,0.684455
2017-05-24T11:00:00+02:00,0.684455,0.6874,0.68402,0.685875
2017-05-24T23:00:00+02:00,0.685875,0.68651,0.68198,0.682415
2017-05-25T11:00:00+02:00,0.682415,0.6853,0.68233,0.683295
2017-05-25T23:00:00+02:00,0.683295,0.68582,0.68244,0.683455
2017-05-26T11:00:00+02:00,0.683455,0.68956,0.68318,0.688285
2017-05-28T23:00:00+02:00,0.688285,0.68972,0.68624,0.68816
2017-05-29T11:00:00+02:00,0.68816,0.69136,0.68798,0.689695
2017-05-29T23:00:00+02:00,0.689695,0.69244,0.68878,0.69065
2017-05-30T11:00:00+02:00,0.69065,0.69218,0.68918,0.69162
2017-05-30T23:00:00+02:00,0.69162,0.69438,0.69076,0.691635
2017-05-31T11:00:00+02:00,0.691635,0.69228,0.685315,0.68568
2017-05-31T23:00:00+02:00,0.68568,0.68704,0.6834,0.686875
2017-06-01T11:00:00+02:00,0.686875,0.68717,0.68492,0.686055
2017-06-01T23:00:00+02:00,0.686055,0.68816,0.6857,0.68764
2017-06-02T11:00:00+02:00,0.68764,0.68986,0.68693,0.687295
2017-06-04T23:00:00+02:00,0.687295,0.68854,0.68582,0.68738
2017-06-05T11:00:00+02:00,0.68738,0.68992,0.68735,0.688875
2017-06-05T23:00:00+02:00,0.688875,0.69212,0.68712,0.691835
2017-06-06T11:00:00+02:00,0.691835,0.69414,0.69082,0.690855
2017-06-06T23:00:00+02:00,0.690855,0.69432,0.6901,0.69347
2017-06-07T11:00:00+02:00,0.69347,0.6962,0.69264,0.694085
2017-06-07T23:00:00+02:00,0.694085,0.69718,0.69323,0.69672
2017-06-08T11:00:00+02:00,0.69672,0.6989,0.69572,0.697915
2017-06-08T23:00:00+02:00,0.697915,0.70164,0.69574,0.7002
2017-06-09T11:00:00+02:00,0.7002,0.7012,0.69793,0.699155
2017-06-11T23:00:00+02:00,0.699155,0.699155,0.69438,0.69555
2017-06-12T11:00:00+02:00,0.69555,0.6984,0.69537,0.69754
2017-06-12T23:00:00+02:00,0.69754,0.701,0.6962,0.69788
2017-06-13T11:00:00+02:00,0.69788,0.70042,0.6975,0.699565
2017-06-13T23:00:00+02:00,0.699565,0.70248,0.69735,0.70223
2017-06-14T11:00:00+02:00,0.70223,0.70748,0.70193,0.70587
2017-06-14T23:00:00+02:00,0.70587,0.70626,0.70012,0.703965
2017-06-15T11:00:00+02:00,0.703965,0.70418,0.70078,0.70289
2017-06-15T23:00:00+02:00,0.70289,0.70504,0.70202,0.70449
2017-06-16T11:00:00+02:00,0.70449,0.70691,0.70403,0.70622
2017-06-18T23:00:00+02:00,0.70622,0.7106,0.7053,0.70576
2017-06-19T11:00:00+02:00,0.70576,0.70722,0.70378,0.705475
2017-06-19T23:00:00+02:00,0.705475,0.70845,0.70442,0.706985
2017-06-20T11:00:00+02:00,0.706985,0.70762,0.70382,0.706045
2017-06-20T23:00:00+02:00,0.706045,0.70646,0.7032,0.705235
2017-06-21T11:00:00+02:00,0.705235,0.706,0.70156,0.702595
2017-06-21T23:00:00+02:00,0.702595,0.70818,0.7002,0.7068
2017-06-22T11:00:00+02:00,0.7068,0.70755,0.70542,0.70604
2017-06-22T23:00:00+02:00,0.70604,0.70758,0.70449,0.70676
2017-06-23T11:00:00+02:00,0.70676,0.70806,0.70486,0.70603
2017-06-25T23:00:00+02:00,0.70603,0.70722,0.70512,0.705545
2017-06-26T11:00:00+02:00,0.705545,0.70938,0.70524,0.708795
2017-06-26T23:00:00+02:00,0.708795,0.71419,0.70753,0.707645
2017-06-27T11:00:00+02:00,0.707645,0.70806,0.69776,0.698145
2017-06-27T23:00:00+02:00,0.698145,0.70038,0.69602,0.69871
2017-06-28T11:00:00+02:00,0.69871,0.70286,0.69658,0.70098
2017-06-28T23:00:00+02:00,0.70098,0.70261,0.69914,0.699195
2017-06-29T11:00:00+02:00,0.699195,0.70018,0.69579,0.697825
2017-06-29T23:00:00+02:00,0.697825,0.70272,0.69688,0.70254
2017-06-30T11:00:00+02:00,0.70254,0.70324,0.70055,0.702935
2017-07-02T23:00:00+02:00,0.702935,0.704425,0.70014,0.70073
2017-07-03T11:00:00+02:00,0.70073,0.70404,0.70062,0.702865
2017-07-03T23:00:00+02:00,0.702865,0.7033,0.69974,0.701505
2017-07-04T11:00:00+02:00,0.701505,0.70472,0.70112,0.703495
2017-07-04T23:00:00+02:00,0.703495,0.70398,0.70106,0.7024
2017-07-05T11:00:00+02:00,0.7024,0.70359,0.70126,0.702755
2017-07-05T23:00:00+02:00,0.702755,0.70366,0.70114,0.70325
2017-07-06T11:00:00+02:00,0.70325,0.70346,0.6983,0.69883
2017-07-06T23:00:00+02:00,0.69883,0.70094,0.69842,0.70045
2017-07-07T11:00:00+02:00,0.70045,0.7024,0.69968,0.70185
2017-07-09T23:00:00+02:00,0.70185,0.70212,0.70019,0.70176
2017-07-10T11:00:00+02:00,0.70176,0.70358,0.70126,0.702575
2017-07-10T23:00:00+02:00,0.702575,0.70301,0.69858,0.700295
2017-07-11T11:00:00+02:00,0.700295,0.70041,0.69586,0.696455
2017-07-11T23:00:00+02:00,0.696455,0.69802,0.69511,0.69639
2017-07-12T11:00:00+02:00,0.69639,0.70172,0.69616,0.700955
2017-07-12T23:00:00+02:00,0.700955,0.70486,0.69939,0.70424
2017-07-13T11:00:00+02:00,0.70424,0.71163,0.70423,0.70798
2017-07-13T23:00:00+02:00,0.70798,0.70982,0.70725,0.70907
2017-07-14T11:00:00+02:00,0.70907,0.70981,0.7064,0.70785
2017-07-16T23:00:00+02:00,0.70785,0.7092,0.7053,0.705665
2017-07-17T11:00:00+02:00,0.705665,0.70695,0.7036,0.704415
2017-07-17T23:00:00+02:00,0.704415,0.70658,0.69888,0.70359
2017-07-18T11:00:00+02:00,0.70359,0.70389,0.70086,0.70193
2017-07-18T23:00:00+02:00,0.70193,0.706025,0.70098,0.70219
2017-07-19T11:00:00+02:00,0.70219,0.7037,0.7016,0.70293
2017-07-19T23:00:00+02:00,0.70293,0.70394,0.70078,0.702305
2017-07-20T11:00:00+02:00,0.702305,0.70722,0.70111,0.70388
2017-07-20T23:00:00+02:00,0.70388,0.7075,0.70353,0.706825
2017-07-21T11:00:00+02:00,0.706825,0.70766,0.70294,0.704895
2017-07-23T23:00:00+02:00,0.704895,0.70492,0.70244,0.70373
2017-07-24T11:00:00+02:00,0.70373,0.70478,0.70244,0.703915
2017-07-24T23:00:00+02:00,0.703915,0.70502,0.70152,0.70382
2017-07-25T11:00:00+02:00,0.70382,0.70661,0.70309,0.70647
2017-07-25T23:00:00+02:00,0.70647,0.70901,0.70624,0.70854
2017-07-26T11:00:00+02:00,0.70854,0.71574,0.7084,0.71494
2017-07-26T23:00:00+02:00,0.71494,0.7193,0.71414,0.718415
2017-07-27T11:00:00+02:00,0.718415,0.72463,0.71824,0.7225
2017-07-27T23:00:00+02:00,0.7225,0.72868,0.72188,0.725665
2017-07-28T11:00:00+02:00,0.725665,0.72923,0.72256,0.728005
2017-07-30T23:00:00+02:00,0.728005,0.72888,0.72457,0.726655
2017-07-31T11:00:00+02:00,0.726655,0.72712,0.7224,0.72634
2017-07-31T23:00:00+02:00,0.72634,0.72776,0.72348,0.72354
2017-08-01T11:00:00+02:00,0.72354,0.72416,0.72016,0.72124
2017-08-01T23:00:00+02:00,0.72124,0.72184,0.71652,0.718435
2017-08-02T11:00:00+02:00,0.718435,0.72232,0.71812,0.721375
2017-08-02T23:00:00+02:00,0.721375,0.72162,0.716,0.71752
2017-08-03T11:00:00+02:00,0.71752,0.7216,0.71744,0.72002
2017-08-03T23:00:00+02:00,0.72002,0.72094,0.71872,0.720595
2017-08-04T11:00:00+02:00,0.720595,0.72344,0.71951,0.721405
2017-08-06T23:00:00+02:00,0.721405,0.72148,0.71574,0.716235
2017-08-07T11:00:00+02:00,0.716235,0.71677,0.7149,0.71665
2017-08-07T23:00:00+02:00,0.71665,0.71688,0.71536,0.715895
2017-08-08T11:00:00+02:00,0.715895,0.71643,0.71359,0.714075
2017-08-08T23:00:00+02:00,0.714075,0.71482,0.70372,0.706355
2017-08-09T11:00:00+02:00,0.706355,0.70818,0.70483,0.707075
2017-08-09T23:00:00+02:00,0.707075,0.71062,0.70064,0.7021
2017-08-10T11:00:00+02:00,0.7021,0.70363,0.69988,0.700375
2017-08-10T23:00:00+02:00,0.700375,0.70172,0.69747,0.699285
2017-08-11T11:00:00+02:00,0.699285,0.70454,0.69827,0.704125
2017-08-13T23:00:00+02:00,0.704125,0.7062,0.703,0.704685
2017-08-14T11:00:00+02:00,0.704685,0.70948,0.70467,0.70821
2017-08-14T23:00:00+02:00,0.70821,0.71177,0.70746,0.708115
2017-08-15T11:00:00+02:00,0.708115,0.7086,0.70319,0.703755
2017-08-15T23:00:00+02:00,0.703755,0.70707,0.70276,0.706145
2017-08-16T11:00:00+02:00,0.706145,0.70893,0.70401,0.7061
2017-08-16T23:00:00+02:00,0.7061,0.70784,0.70428,0.70543
2017-08-17T11:00:00+02:00,0.70543,0.7074,0.70104,0.701285
2017-08-17T23:00:00+02:00,0.701285,0.70416,0.70034,0.70406
2017-08-18T11:00:00+02:00,0.70406,0.70896,0.70222,0.70569
2017-08-20T23:00:00+02:00,0.70569,0.70722,0.70501,0.706985
2017-08-21T11:00:00+02:00,0.706985,0.70792,0.704,0.70468
2017-08-21T23:00:00+02:00,0.70468,0.70646,0.7042,0.70485
2017-08-22T11:00:00+02:00,0.70485,0.70651,0.7027,0.704755
2017-08-22T23:00:00+02:00,0.704755,0.70534,0.69803,0.69847
2017-08-23T11:00:00+02:00,0.69847,0.7008,0.69538,0.697495
2017-08-23T23:00:00+02:00,0.697495,0.6986,0.69413,0.69556
2017-08-24T11:00:00+02:00,0.69556,0.69701,0.69402,0.69581
2017-08-24T23:00:00+02:00,0.69581,0.69678,0.69458,0.6963
2017-08-25T11:00:00+02:00,0.6963,0.69732,0.69116,0.69227
2017-08-27T23:00:00+02:00,0.69227,0.69365,0.68967,0.69032
2017-08-28T11:00:00+02:00,0.69032,0.69366,0.68978,0.693185
2017-08-28T23:00:00+02:00,0.693185,0.6934,0.68626,0.6879
2017-08-29T11:00:00+02:00,0.6879,0.69338,0.68622,0.69301
2017-08-29T23:00:00+02:00,0.69301,0.69532,0.69106,0.692715
2017-08-30T11:00:00+02:00,0.692715,0.6944,0.69034,0.69414
2017-08-30T23:00:00+02:00,0.69414,0.69485,0.68897,0.68991
2017-08-31T11:00:00+02:00,0.68991,0.6916,0.68761,0.688095
2017-08-31T23:00:00+02:00,0.688095,0.69,0.68712,0.687815
2017-09-01T11:00:00+02:00,0.687815,0.69173,0.68576,0.69063
2017-09-03T23:00:00+02:00,0.69063,0.69063,0.68548,0.68629
2017-09-04T11:00:00+02:00,0.68629,0.687645,0.68498,0.686125
2017-09-04T23:00:00+02:00,0.686125,0.69036,0.68448,0.68994
2017-09-05T11:00:00+02:00,0.68994,0.69504,0.68906,0.691155
2017-09-05T23:00:00+02:00,0.691155,0.69256,0.68929,0.68958
2017-09-06T11:00:00+02:00,0.68958,0.69076,0.68698,0.688715
2017-09-06T23:00:00+02:00,0.688715,0.69066,0.68512,0.68595
2017-09-07T11:00:00+02:00,0.68595,0.68875,0.68532,0.687655
2017-09-07T23:00:00+02:00,0.687655,0.69276,0.68667,0.691735
2017-09-08T11:00:00+02:00,0.691735,0.6923,0.68557,0.68571
2017-09-10T23:00:00+02:00,0.68571,0.69102,0.68492,0.69086
2017-09-11T11:00:00+02:00,0.69086,0.6941,0.6904,0.693685
2017-09-11T23:00:00+02:00,0.693685,0.69982,0.6902,0.699325
2017-09-12T11:00:00+02:00,0.699325,0.70158,0.69809,0.69984
2017-09-12T23:00:00+02:00,0.69984,0.70122,0.69702,0.69945
2017-09-13T11:00:00+02:00,0.69945,0.70008,0.69664,0.69809
2017-09-13T23:00:00+02:00,0.69809,0.70172,0.69604,0.699835
2017-09-14T11:00:00+02:00,0.699835,0.70021,0.69432,0.69576
2017-09-14T23:00:00+02:00,0.69576,0.69929,0.69447,0.69842
2017-09-15T11:00:00+02:00,0.69842,0.7015,0.69724,0.70022
2017-09-17T23:00:00+02:00,0.70022,0.7048,0.6989,0.70168
2017-09-18T11:00:00+02:00,0.70168,0.70194,0.6971,0.69854
2017-09-18T23:00:00+02:00,0.69854,0.70072,0.69764,0.700375
2017-09-19T11:00:00+02:00,0.700375,0.70549,0.70014,0.70442
2017-09-19T23:00:00+02:00,0.70442,0.70938,0.70217,0.70603
2017-09-20T11:00:00+02:00,0.70603,0.71396,0.706,0.71344
2017-09-20T23:00:00+02:00,0.71344,0.71446,0.7097,0.71177
2017-09-21T11:00:00+02:00,0.71177,0.71274,0.70883,0.709165
2017-09-21T23:00:00+02:00,0.709165,0.71004,0.70454,0.70813
2017-09-22T11:00:00+02:00,0.70813,0.71231,0.7078,0.711315
2017-09-24T23:00:00+02:00,0.711315,0.71158,0.70377,0.709035
2017-09-25T11:00:00+02:00,0.709035,0.70944,0.69996,0.702245
2017-09-25T23:00:00+02:00,0.702245,0.7032,0.6991,0.699855
2017-09-26T11:00:00+02:00,0.699855,0.7012,0.69658,0.698015
2017-09-26T23:00:00+02:00,0.698015,0.70232,0.69755,0.700795
2017-09-27T11:00:00+02:00,0.700795,0.704,0.6996,0.700095
2017-09-27T23:00:00+02:00,0.700095,0.70342,0.69822,0.7006
2017-09-28T11:00:00+02:00,0.7006,0.7029,0.6994,0.702065
2017-09-28T23:00:00+02:00,0.702065,0.70218,0.69956,0.70018
2017-09-29T11:00:00+02:00,0.70018,0.70192,0.69714,0.69829
2017-10-01T23:00:00+02:00,0.69829,0.69988,0.696615,0.69757
2017-10-02T11:00:00+02:00,0.69757,0.70235,0.69673,0.70131
2017-10-02T23:00:00+02:00,0.70131,0.70316,0.6988,0.6997
2017-10-03T11:00:00+02:00,0.6997,0.69981,0.6961,0.6971
2017-10-03T23:00:00+02:00,0.6971,0.69998,0.69605,0.69773
2017-10-04T11:00:00+02:00,0.69773,0.69924,0.69694,0.698875
2017-10-04T23:00:00+02:00,0.698875,0.69992,0.69712,0.698335
2017-10-05T11:00:00+02:00,0.698335,0.69948,0.696075,0.69627
2017-10-05T23:00:00+02:00,0.69627,0.69673,0.69466,0.695055
2017-10-06T11:00:00+02:00,0.695055,0.69558,0.69255,0.693365
2017-10-08T23:00:00+02:00,0.693365,0.693365,0.6902,0.69255
2017-10-09T11:00:00+02:00,0.69255,0.69382,0.69152,0.692215
2017-10-09T23:00:00+02:00,0.692215,0.69318,0.69064,0.69092
2017-10-10T11:00:00+02:00,0.69092,0.69128,0.68912,0.68951
2017-10-10T23:00:00+02:00,0.68951,0.69164,0.68834,0.689285
2017-10-11T11:00:00+02:00,0.689285,0.689965,0.68714,0.68955
2017-10-11T23:00:00+02:00,0.68955,0.69398,0.68925,0.693515
2017-10-12T11:00:00+02:00,0.693515,0.69651,0.69224,0.69536
2017-10-12T23:00:00+02:00,0.69536,0.69785,0.69404,0.696765
2017-10-13T11:00:00+02:00,0.696765,0.70169,0.69558,0.699615
2017-10-15T23:00:00+02:00,0.699615,0.70138,0.6985,0.70043
2017-10-16T11:00:00+02:00,0.70043,0.70224,0.6986,0.6996
2017-10-16T23:00:00+02:00,0.6996,0.70402,0.69914,0.70147
2017-10-17T11:00:00+02:00,0.70147,0.70278,0.70063,0.701495
2017-10-17T23:00:00+02:00,0.701495,0.70244,0.69798,0.69866
2017-10-18T11:00:00+02:00,0.69866,0.70235,0.69834,0.701955
2017-10-18T23:00:00+02:00,0.701955,0.7029,0.68772,0.687985
2017-10-19T11:00:00+02:00,0.687985,0.6887,0.684,0.68636
2017-10-19T23:00:00+02:00,0.68636,0.68736,0.68275,0.68619
2017-10-20T11:00:00+02:00,0.68619,0.68733,0.68435,0.685385
2017-10-22T23:00:00+02:00,0.685385,0.68758,0.68324,0.68659
2017-10-23T11:00:00+02:00,0.68659,0.68864,0.68566,0.686115
2017-10-23T23:00:00+02:00,0.686115,0.68946,0.6819,0.683965
2017-10-24T11:00:00+02:00,0.683965,0.68466,0.68186,0.68465
2017-10-24T23:00:00+02:00,0.68465,0.685,0.68228,0.682765
2017-10-25T11:00:00+02:00,0.682765,0.68423,0.67874,0.681675
2017-10-25T23:00:00+02:00,0.681675,0.68214,0.67956,0.680335
2017-10-26T11:00:00+02:00,0.680335,0.68344,0.68015,0.68281
2017-10-26T23:00:00+02:00,0.68281,0.68472,0.68086,0.684315
2017-10-27T11:00:00+02:00,0.684315,0.68759,0.68366,0.68623
2017-10-29T22:00:00+01:00,0.68623,0.68786,0.68186,0.684085
2017-10-30T10:00:00+01:00,0.684085,0.68585,0.68312,0.683815
2017-10-30T22:00:00+01:00,0.683815,0.68468,0.68106,0.681505
2017-10-31T10:00:00+01:00,0.681505,0.684,0.68106,0.683155
2017-10-31T22:00:00+01:00,0.683155,0.692585,0.68176,0.69186
2017-11-01T10:00:00+01:00,0.69186,0.6927,0.68954,0.690905
2017-11-01T22:00:00+01:00,0.690905,0.694,0.69037,0.690705
2017-11-02T10:00:00+01:00,0.690705,0.69202,0.68852,0.690935
2017-11-02T22:00:00+01:00,0.690935,0.69378,0.69028,0.6924
2017-11-03T10:00:00+01:00,0.6924,0.69362,0.6893,0.69112
2017-11-05T23:00:00+01:00,0.69112,0.69171,0.68875,0.69012
2017-11-06T11:00:00+01:00,0.69012,0.69402,0.689675,0.692785
2017-11-06T23:00:00+01:00,0.692785,0.69392,0.6915,0.69282
2017-11-07T11:00:00+01:00,0.69282,0.69287,0.68852,0.69021
2017-11-07T23:00:00+01:00,0.69021,0.69132,0.689,0.69076
2017-11-08T11:00:00+01:00,0.69076,0.69746,0.69038,0.696625
2017-11-08T23:00:00+01:00,0.696625,0.69789,0.69388,0.696555
2017-11-09T11:00:00+01:00,0.696555,0.69662,0.68948,0.69021
2017-11-09T23:00:00+01:00,0.69021,0.69169,0.68822,0.68982
2017-11-10T11:00:00+01:00,0.68982,0.69166,0.68904,0.6895
2017-11-12T23:00:00+01:00,0.6895,0.69122,0.68878,0.68909
2017-11-13T11:00:00+01:00,0.68909,0.68996,0.68638,0.687855
2017-11-13T23:00:00+01:00,0.687855,0.68788,0.68163,0.68271
2017-11-14T11:00:00+01:00,0.68271,0.68366,0.68016,0.680155
2017-11-14T23:00:00+01:00,0.680155,0.6815,0.67794,0.680015
2017-11-15T11:00:00+01:00,0.680015,0.68194,0.67879,0.67967
2017-11-15T23:00:00+01:00,0.67967,0.6807,0.67758,0.679425
2017-11-16T11:00:00+01:00,0.679425,0.68188,0.67856,0.681075
2017-11-16T23:00:00+01:00,0.681075,0.68231,0.67251,0.673815
2017-11-17T11:00:00+01:00,0.673815,0.67446,0.6721,0.67406
2017-11-19T23:00:00+01:00,0.67406,0.67656,0.67226,0.67578
2017-11-20T11:00:00+01:00,0.67578,0.677285,0.6751,0.676495
2017-11-20T23:00:00+01:00,0.676495,0.67758,0.67434,0.676575
2017-11-21T11:00:00+01:00,0.676575,0.67827,0.6764,0.67713
2017-11-21T23:00:00+01:00,0.67713,0.67878,0.67517,0.675795
2017-11-22T11:00:00+01:00,0.675795,0.67678,0.67308,0.67595
2017-11-22T23:00:00+01:00,0.67595,0.67662,0.67404,0.67619
2017-11-23T11:00:00+01:00,0.67619,0.67707,0.67511,0.67639
2017-11-23T23:00:00+01:00,0.67639,0.67678,0.67347,0.674085
2017-11-24T11:00:00+01:00,0.674085,0.67548,0.67258,0.673415
2017-11-26T23:00:00+01:00,0.673415,0.67564,0.67176,0.675635
2017-11-27T11:00:00+01:00,0.675635,0.67922,0.675475,0.678445
2017-11-27T23:00:00+01:00,0.678445,0.6817,0.67806,0.68046
2017-11-28T11:00:00+01:00,0.68046,0.6824,0.67833,0.67904
2017-11-28T23:00:00+01:00,0.67904,0.68128,0.67757,0.68062
2017-11-29T11:00:00+01:00,0.68062,0.68196,0.67714,0.67745
2017-11-29T23:00:00+01:00,0.67745,0.67853,0.67274,0.674595
2017-11-30T11:00:00+01:00,0.674595,0.67634,0.67164,0.67191
2017-11-30T23:00:00+01:00,0.67191,0.67351,0.671,0.673435
2017-12-01T11:00:00+01:00,0.673435,0.67786,0.67172,0.673195
2017-12-03T23:00:00+01:00,0.673195,0.67508,0.67216,0.674315
2017-12-04T11:00:00+01:00,0.674315,0.676,0.67394,0.675365
2017-12-04T23:00:00+01:00,0.675365,0.67991,0.67488,0.67953
2017-12-05T11:00:00+01:00,0.67953,0.68022,0.67809,0.67897
2017-12-05T23:00:00+01:00,0.67897,0.68228,0.6784,0.681955
2017-12-06T11:00:00+01:00,0.681955,0.683,0.6803,0.681295
2017-12-06T23:00:00+01:00,0.681295,0.68196,0.67697,0.678015
2017-12-07T11:00:00+01:00,0.678015,0.67993,0.6775,0.67933
2017-12-07T23:00:00+01:00,0.67933,0.68248,0.67872,0.681465
2017-12-08T11:00:00+01:00,0.681465,0.68306,0.6785,0.67892
2017-12-10T23:00:00+01:00,0.67892,0.68706,0.67867,0.686455
2017-12-11T11:00:00+01:00,0.686455,0.68651,0.68442,0.685255
2017-12-11T23:00:00+01:00,0.685255,0.68924,0.68438,0.687895
2017-12-12T11:00:00+01:00,0.687895,0.68924,0.68686,0.6876
2017-12-12T23:00:00+01:00,0.6876,0.68939,0.68728,0.68782
2017-12-13T11:00:00+01:00,0.68782,0.69297,0.68768,0.692195
2017-12-13T23:00:00+01:00,0.692195,0.69269,0.68868,0.69112
2017-12-14T11:00:00+01:00,0.69112,0.69248,0.68944,0.690785
2017-12-14T23:00:00+01:00,0.690785,0.69503,0.69025,0.69335
2017-12-15T11:00:00+01:00,0.69335,0.69614,0.69172,0.6928
2017-12-17T23:00:00+01:00,0.6928,0.69584,0.69241,0.693385
2017-12-18T11:00:00+01:00,0.693385,0.69362,0.6892,0.68953
2017-12-18T23:00:00+01:00,0.68953,0.69148,0.68856,0.69038
2017-12-19T11:00:00+01:00,0.69038,0.69114,0.68604,0.68654
2017-12-19T23:00:00+01:00,0.68654,0.68847,0.68502,0.688135
2017-12-20T11:00:00+01:00,0.688135,0.69226,0.68566,0.69226
2017-12-20T23:00:00+01:00,0.69226,0.69248,0.68935,0.69103
2017-12-21T11:00:00+01:00,0.69103,0.69442,0.69039,0.693605
2017-12-21T23:00:00+01:00,0.693605,0.69523,0.6931,0.69417
2017-12-22T11:00:00+01:00,0.69417,0.69544,0.69315,0.695
2017-12-25T23:00:00+01:00,0.695,0.6963,0.69389,0.69555
2017-12-26T11:00:00+01:00,0.69555,0.69693,0.6943,0.69655
2017-12-26T23:00:00+01:00,0.69655,0.69948,0.69552,0.698845
2017-12-27T11:00:00+01:00,0.698845,0.70049,0.69606,0.69612
2017-12-27T23:00:00+01:00,0.69612,0.69801,0.6949,0.695055
2017-12-28T11:00:00+01:00,0.695055,0.69525,0.69265,0.693505
2017-12-28T23:00:00+01:00,0.693505,0.69524,0.69294,0.69451
2017-12-29T11:00:00+01:00,0.69451,0.69534,0.69032,0.6909
2018-01-01T23:00:00+01:00,0.6909,0.694,0.6885,0.6915
2018-01-02T11:00:00+01:00,0.6915,0.6918,0.68946,0.69034
2018-01-02T23:00:00+01:00,0.69034,0.69137,0.68788,0.690815
2018-01-03T11:00:00+01:00,0.690815,0.69465,0.6906,0.69282
2018-01-03T23:00:00+01:00,0.69282,0.6964,0.69162,0.69519
2018-01-04T11:00:00+01:00,0.69519,0.69816,0.69376,0.69735
2018-01-04T23:00:00+01:00,0.69735,0.69914,0.69636,0.69887
2018-01-05T11:00:00+01:00,0.69887,0.70106,0.69822,0.698665
2018-01-07T23:00:00+01:00,0.698665,0.701305,0.69786,0.70118
2018-01-08T11:00:00+01:00,0.70118,0.7024,0.70028,0.70114
2018-01-08T23:00:00+01:00,0.70114,0.70489,0.70014,0.704035
2018-01-09T11:00:00+01:00,0.704035,0.70662,0.70388,0.70418
2018-01-09T23:00:00+01:00,0.70418,0.70809,0.70248,0.70634
2018-01-10T11:00:00+01:00,0.70634,0.707,0.70216,0.704235
2018-01-10T23:00:00+01:00,0.704235,0.70734,0.70277,0.705835
2018-01-11T11:00:00+01:00,0.705835,0.70888,0.70404,0.708405
2018-01-11T23:00:00+01:00,0.708405,0.70949,0.7045,0.705035
2018-01-12T11:00:00+01:00,0.705035,0.70531,0.70136,0.701635
2018-01-14T23:00:00+01:00,0.701635,0.70436,0.69999,0.70176
2018-01-15T11:00:00+01:00,0.70176,0.70474,0.70044,0.70307
2018-01-15T23:00:00+01:00,0.70307,0.70376,0.70069,0.70154
2018-01-16T11:00:00+01:00,0.70154,0.70266,0.69726,0.69743
2018-01-16T23:00:00+01:00,0.69743,0.70053,0.6962,0.700415
2018-01-17T11:00:00+01:00,0.700415,0.70318,0.69864,0.702315
2018-01-17T23:00:00+01:00,0.702315,0.70396,0.69928,0.70072
2018-01-18T11:00:00+01:00,0.70072,0.70226,0.69826,0.700095
2018-01-18T23:00:00+01:00,0.700095,0.70046,0.69666,0.69788
2018-01-19T11:00:00+01:00,0.69788,0.70192,0.6972,0.70157
2018-01-21T23:00:00+01:00,0.70157,0.70174,0.69942,0.700895
2018-01-22T11:00:00+01:00,0.700895,0.705,0.70077,0.70488
2018-01-22T23:00:00+01:00,0.70488,0.70668,0.7035,0.705395
2018-01-23T11:00:00+01:00,0.705395,0.70564,0.70304,0.70424
2018-01-23T23:00:00+01:00,0.70424,0.7046,0.70229,0.703545
2018-01-24T11:00:00+01:00,0.703545,0.70478,0.69364,0.69385
2018-01-24T23:00:00+01:00,0.69385,0.69772,0.6926,0.69334
2018-01-25T11:00:00+01:00,0.69334,0.69516,0.68373,0.68945
2018-01-25T23:00:00+01:00,0.68945,0.6899,0.68681,0.68845
2018-01-26T11:00:00+01:00,0.68845,0.689,0.6859,0.687035
2018-01-28T23:00:00+01:00,0.687035,0.68808,0.68503,0.686115
2018-01-29T11:00:00+01:00,0.686115,0.68714,0.68453,0.686425
2018-01-29T23:00:00+01:00,0.686425,0.6877,0.6826,0.684135
2018-01-30T11:00:00+01:00,0.684135,0.68668,0.68316,0.68472
2018-01-30T23:00:00+01:00,0.68472,0.68972,0.68424,0.68913
2018-01-31T11:00:00+01:00,0.68913,0.69254,0.6848,0.685895
2018-01-31T23:00:00+01:00,0.685895,0.68733,0.68486,0.68486
2018-02-01T11:00:00+01:00,0.68486,0.68738,0.68412,0.68532
2018-02-01T23:00:00+01:00,0.68532,0.68594,0.682,0.683235
2018-02-02T11:00:00+01:00,0.683235,0.68424,0.67946,0.680145
2018-02-04T23:00:00+01:00,0.680145,0.68164,0.67777,0.68154
2018-02-05T11:00:00+01:00,0.68154,0.68426,0.67574,0.67676
2018-02-05T23:00:00+01:00,0.67676,0.68352,0.67576,0.68294
2018-02-06T11:00:00+01:00,0.68294,0.68866,0.68164,0.68733
2018-02-06T23:00:00+01:00,0.68733,0.68852,0.68284,0.68569
2018-02-07T11:00:00+01:00,0.68569,0.68856,0.67984,0.6826
2018-02-07T23:00:00+01:00,0.6826,0.68335,0.67802,0.68162
2018-02-08T11:00:00+01:00,0.68162,0.68408,0.6738,0.67578
2018-02-08T23:00:00+01:00,0.67578,0.67837,0.67485,0.67813
2018-02-09T11:00:00+01:00,0.67813,0.68245,0.67666,0.68149
2018-02-11T23:00:00+01:00,0.68149,0.68254,0.67902,0.6794
2018-02-12T11:00:00+01:00,0.6794,0.68254,0.67844,0.682395
2018-02-12T23:00:00+01:00,0.682395,0.68361,0.6801,0.68137
2018-02-13T11:00:00+01:00,0.68137,0.68244,0.67898,0.68013
2018-02-13T23:00:00+01:00,0.68013,0.68374,0.67948,0.68345
2018-02-14T11:00:00+01:00,0.68345,0.68588,0.67803,0.684445
2018-02-14T23:00:00+01:00,0.684445,0.68634,0.68336,0.68478
2018-02-15T11:00:00+01:00,0.68478,0.685565,0.6806,0.682935
2018-02-15T23:00:00+01:00,0.682935,0.68421,0.68146,0.683515
2018-02-16T11:00:00+01:00,0.683515,0.68584,0.68262,0.685405
2018-02-18T23:00:00+01:00,0.685405,0.68707,0.68407,0.68494
2018-02-19T11:00:00+01:00,0.68494,0.68565,0.6841,0.68488
2018-02-19T23:00:00+01:00,0.68488,0.68716,0.68394,0.686735
2018-02-20T11:00:00+01:00,0.686735,0.68867,0.6862,0.687815
2018-02-20T23:00:00+01:00,0.687815,0.6893,0.686875,0.68841
2018-02-21T11:00:00+01:00,0.68841,0.69024,0.68684,0.6872
2018-02-21T23:00:00+01:00,0.6872,0.6884,0.68618,0.687675
2018-02-22T11:00:00+01:00,0.687675,0.6881,0.68358,0.684725
2018-02-22T23:00:00+01:00,0.684725,0.68558,0.681775,0.682415
2018-02-23T11:00:00+01:00,0.682415,0.68348,0.68109,0.683255
2018-02-25T23:00:00+01:00,0.683255,0.68582,0.68128,0.684715
2018-02-26T11:00:00+01:00,0.684715,0.68652,0.68409,0.685085
2018-02-26T23:00:00+01:00,0.685085,0.68532,0.68169,0.682155
2018-02-27T11:00:00+01:00,0.682155,0.68314,0.67913,0.679465
2018-02-27T23:00:00+01:00,0.679465,0.68173,0.67842,0.680755
2018-02-28T11:00:00+01:00,0.680755,0.6832,0.67916,0.6811
2018-02-28T23:00:00+01:00,0.6811,0.68302,0.67942,0.68098
2018-03-01T11:00:00+01:00,0.68098,0.68686,0.68095,0.682665
2018-03-01T23:00:00+01:00,0.682665,0.68512,0.67977,0.679935
2018-03-02T11:00:00+01:00,0.679935,0.68035,0.67584,0.679365
2018-03-04T23:00:00+01:00,0.679365,0.679365,0.67474,0.675935
2018-03-05T11:00:00+01:00,0.675935,0.68049,0.67574,0.679255
2018-03-05T23:00:00+01:00,0.679255,0.682,0.67884,0.680955
2018-03-06T11:00:00+01:00,0.680955,0.68654,0.68073,0.68596
2018-03-06T23:00:00+01:00,0.68596,0.68644,0.6817,0.682335
2018-03-07T11:00:00+01:00,0.682335,0.68774,0.68226,0.687615
2018-03-07T23:00:00+01:00,0.687615,0.68828,0.68556,0.686015
2018-03-08T11:00:00+01:00,0.686015,0.69154,0.68493,0.69059
2018-03-08T23:00:00+01:00,0.69059,0.69328,0.68969,0.691375
2018-03-09T11:00:00+01:00,0.691375,0.69358,0.69055,0.69308
2018-03-11T22:00:00+01:00,0.69308,0.6956,0.69271,0.693615
2018-03-12T10:00:00+01:00,0.693615,0.69462,0.69022,0.691465
2018-03-12T22:00:00+01:00,0.691465,0.6949,0.69066,0.6947
2018-03-13T10:00:00+01:00,0.6947,0.69499,0.6909,0.691505
2018-03-13T22:00:00+01:00,0.691505,0.69328,0.69095,0.692955
2018-03-14T10:00:00+01:00,0.692955,0.69484,0.69213,0.69281
2018-03-14T22:00:00+01:00,0.69281,0.69305,0.69008,0.692145
2018-03-15T10:00:00+01:00,0.692145,0.69284,0.68976,0.692255
2018-03-15T22:00:00+01:00,0.692255,0.69298,0.68818,0.68861
2018-03-16T10:00:00+01:00,0.68861,0.68886,0.68674,0.687045
2018-03-18T22:00:00+01:00,0.687045,0.68883,0.68636,0.68681
2018-03-19T10:00:00+01:00,0.68681,0.6896,0.68618,0.688815
2018-03-19T22:00:00+01:00,0.688815,0.68944,0.6861,0.686545
2018-03-20T10:00:00+01:00,0.686545,0.6886,0.68563,0.68713
2018-03-20T22:00:00+01:00,0.68713,0.68765,0.683,0.683135
2018-03-21T10:00:00+01:00,0.683135,0.68762,0.68178,0.68633
2018-03-21T22:00:00+01:00,0.68633,0.68774,0.68453,0.68732
2018-03-22T10:00:00+01:00,0.68732,0.6876,0.6836,0.684095
2018-03-22T22:00:00+01:00,0.684095,0.68605,0.68226,0.684885
2018-03-23T10:00:00+01:00,0.684885,0.68901,0.6847,0.685505
2018-03-25T23:00:00+02:00,0.685505,0.69084,0.6844,0.68936
2018-03-26T11:00:00+02:00,0.68936,0.69032,0.68744,0.6897
2018-03-26T23:00:00+02:00,0.6897,0.69077,0.68732,0.68901
2018-03-27T11:00:00+02:00,0.68901,0.69066,0.68724,0.688125
2018-03-27T23:00:00+02:00,0.688125,0.68952,0.68708,0.688965
2018-03-28T11:00:00+02:00,0.688965,0.69296,0.6883,0.690005
2018-03-28T23:00:00+02:00,0.690005,0.69028,0.6873,0.689125
2018-03-29T11:00:00+02:00,0.689125,0.69196,0.68798,0.691695
2018-03-29T23:00:00+02:00,0.691695,0.69214,0.68946,0.690945
2018-03-30T11:00:00+02:00,0.690945,0.69132,0.68873,0.69109
2018-04-01T23:00:00+02:00,0.69109,0.6912,0.689305,0.689305
2018-04-02T11:00:00+02:00,0.689305,0.69028,0.68822,0.689285
2018-04-02T23:00:00+02:00,0.689285,0.69289,0.68758,0.69153
2018-04-03T11:00:00+02:00,0.69153,0.69734,0.69152,0.695735
2018-04-03T23:00:00+02:00,0.695735,0.69958,0.6953,0.698365
2018-04-04T11:00:00+02:00,0.698365,0.70228,0.69678,0.701945
2018-04-04T23:00:00+02:00,0.701945,0.70312,0.70014,0.70038
2018-04-05T11:00:00+02:00,0.70038,0.70332,0.69887,0.700775
2018-04-05T23:00:00+02:00,0.700775,0.70154,0.69788,0.698065
2018-04-06T11:00:00+02:00,0.698065,0.70001,0.69658,0.69748
2018-04-08T23:00:00+02:00,0.69748,0.7012,0.69671,0.699755
2018-04-09T11:00:00+02:00,0.699755,0.70106,0.69776,0.69865
2018-04-09T23:00:00+02:00,0.69865,0.70314,0.69829,0.701665
2018-04-10T11:00:00+02:00,0.701665,0.70588,0.70087,0.70457
2018-04-10T23:00:00+02:00,0.70457,0.70653,0.702635,0.70559
2018-04-11T11:00:00+02:00,0.70559,0.70628,0.70434,0.70482
2018-04-11T23:00:00+02:00,0.70482,0.70948,0.70358,0.70923
2018-04-12T11:00:00+02:00,0.70923,0.71124,0.70894,0.709755
2018-04-12T23:00:00+02:00,0.709755,0.71214,0.70936,0.710565
2018-04-13T11:00:00+02:00,0.710565,0.71104,0.70667,0.70748
2018-04-15T23:00:00+02:00,0.70748,0.70878,0.7059,0.7059
2018-04-16T11:00:00+02:00,0.7059,0.7072,0.7043,0.70708
2018-04-16T23:00:00+02:00,0.70708,0.7077,0.70442,0.70626
2018-04-17T11:00:00+02:00,0.70626,0.70985,0.70572,0.70928
2018-04-17T23:00:00+02:00,0.70928,0.71018,0.70748,0.70804
2018-04-18T11:00:00+02:00,0.70804,0.70976,0.7075,0.70922
2018-04-18T23:00:00+02:00,0.70922,0.71114,0.70786,0.7085
2018-04-19T11:00:00+02:00,0.7085,0.70916,0.70532,0.70636
2018-04-19T23:00:00+02:00,0.70636,0.70662,0.70186,0.70323
2018-04-20T11:00:00+02:00,0.70323,0.7042,0.70186,0.70304
2018-04-22T23:00:00+02:00,0.70304,0.70436,0.70166,0.70264
2018-04-23T11:00:00+02:00,0.70264,0.70272,0.69882,0.6993
2018-04-23T23:00:00+02:00,0.6993,0.70014,0.69499,0.69696
2018-04-24T11:00:00+02:00,0.69696,0.69866,0.69606,0.69692
2018-04-24T23:00:00+02:00,0.69692,0.69732,0.69482,0.69597
2018-04-25T11:00:00+02:00,0.69597,0.69694,0.69348,0.69478
2018-04-25T23:00:00+02:00,0.69478,0.69596,0.69336,0.6949
2018-04-26T11:00:00+02:00,0.6949,0.69934,0.69438,0.69845
2018-04-26T23:00:00+02:00,0.69845,0.69943,0.69772,0.69878
2018-04-27T11:00:00+02:00,0.69878,0.70078,0.69728,0.69991
2018-04-29T23:00:00+02:00,0.69991,0.70036,0.69779,0.69796
2018-04-30T11:00:00+02:00,0.69796,0.69878,0.69648,0.69699
2018-04-30T23:00:00+02:00,0.69699,0.69824,0.69642,0.69714
2018-05-01T11:00:00+02:00,0.69714,0.69837,0.69628,0.6981
2018-05-01T23:00:00+02:00,0.6981,0.70049,0.69688,0.69929
2018-05-02T11:00:00+02:00,0.69929,0.69984,0.6983,0.69913
2018-05-02T23:00:00+02:00,0.69913,0.70024,0.69854,0.70004
2018-05-03T11:00:00+02:00,0.70004,0.70344,0.70002,0.70245
2018-05-03T23:00:00+02:00,0.70245,0.70342,0.70034,0.70046
2018-05-04T11:00:00+02:00,0.70046,0.70297,0.69962,0.702
2018-05-06T23:00:00+02:00,0.702,0.70368,0.70146,0.70346
2018-05-07T11:00:00+02:00,0.70346,0.70458,0.70291,0.7033
2018-05-07T23:00:00+02:00,0.7033,0.70455,0.70146,0.70162
2018-05-08T11:00:00+02:00,0.70162,0.70163,0.69679,0.69822
2018-05-08T23:00:00+02:00,0.69822,0.6995,0.69736,0.6989
2018-05-09T11:00:00+02:00,0.6989,0.70258,0.69802,0.70212
2018-05-09T23:00:00+02:00,0.70212,0.70279,0.6933,0.69648
2018-05-10T11:00:00+02:00,0.69648,0.69846,0.69432,0.69846
2018-05-10T23:00:00+02:00,0.69846,0.69982,0.69768,0.69868
2018-05-11T11:00:00+02:00,0.69868,0.6991,0.69532,0.69668
2018-05-13T23:00:00+02:00,0.69668,0.69704,0.6939,0.69444
2018-05-14T11:00:00+02:00,0.69444,0.69554,0.69124,0.69162
2018-05-14T23:00:00+02:00,0.69162,0.69242,0.69033,0.69158
2018-05-15T11:00:00+02:00,0.69158,0.69251,0.68633,0.68711
2018-05-15T23:00:00+02:00,0.68711,0.68874,0.686,0.68801
2018-05-16T11:00:00+02:00,0.68801,0.6913,0.68772,0.69069
2018-05-16T23:00:00+02:00,0.69069,0.69314,0.68852,0.69008
2018-05-17T11:00:00+02:00,0.69008,0.69096,0.68805,0.68874
2018-05-17T23:00:00+02:00,0.68874,0.69098,0.68836,0.69003
2018-05-18T11:00:00+02:00,0.69003,0.69148,0.6881,0.69024
2018-05-20T23:00:00+02:00,0.69024,0.69171,0.68797,0.6897
2018-05-21T11:00:00+02:00,0.6897,0.69306,0.68895,0.69284
2018-05-21T23:00:00+02:00,0.69284,0.69579,0.69194,0.69366
2018-05-22T11:00:00+02:00,0.69366,0.69389,0.68742,0.68829
2018-05-22T23:00:00+02:00,0.68829,0.68925,0.6823,0.68423
2018-05-23T11:00:00+02:00,0.68423,0.68969,0.68272,0.68859
2018-05-23T23:00:00+02:00,0.68859,0.68974,0.68598,0.6863
2018-05-24T11:00:00+02:00,0.6863,0.6876,0.68397,0.68704
2018-05-24T23:00:00+02:00,0.68704,0.68851,0.6856,0.68834
2018-05-25T11:00:00+02:00,0.68834,0.68894,0.68423,0.68502
2018-05-27T23:00:00+02:00,0.68502,0.69024,0.68502,0.68901
2018-05-28T11:00:00+02:00,0.68901,0.69183,0.68884,0.68988
2018-05-28T23:00:00+02:00,0.68988,0.69014,0.68584,0.68624
2018-05-29T11:00:00+02:00,0.68624,0.69078,0.67978,0.6844
2018-05-29T23:00:00+02:00,0.6844,0.68798,0.68202,0.68618
2018-05-30T11:00:00+02:00,0.68618,0.69287,0.68564,0.69134
2018-05-30T23:00:00+02:00,0.69134,0.69243,0.68896,0.69072
2018-05-31T11:00:00+02:00,0.69072,0.69266,0.68815,0.6904
2018-05-31T23:00:00+02:00,0.6904,0.69226,0.68912,0.68936
2018-06-01T11:00:00+02:00,0.68936,0.69109,0.68803,0.69002
2018-06-03T23:00:00+02:00,0.69002,0.69286,0.68974,0.69231
2018-06-04T11:00:00+02:00,0.69231,0.69568,0.69177,0.69458
2018-06-04T23:00:00+02:00,0.69458,0.69574,0.69369,0.69398
2018-06-05T11:00:00+02:00,0.69398,0.69443,0.69114,0.69148
2018-06-05T23:00:00+02:00,0.69148,0.69501,0.69148,0.69334
2018-06-06T11:00:00+02:00,0.69334,0.69656,0.69296,0.69376
2018-06-06T23:00:00+02:00,0.69376,0.69484,0.69204,0.69214
2018-06-07T11:00:00+02:00,0.69214,0.69235,0.68786,0.68913
2018-06-07T23:00:00+02:00,0.68913,0.68988,0.68759,0.68869
2018-06-08T11:00:00+02:00,0.68869,0.69464,0.68858,0.69276
2018-06-10T23:00:00+02:00,0.69276,0.69484,0.69144,0.69332
2018-06-11T11:00:00+02:00,0.69332,0.69467,0.69118,0.69218
2018-06-11T23:00:00+02:00,0.69218,0.69574,0.69067,0.69216
2018-06-12T11:00:00+02:00,0.69216,0.69282,0.69046,0.69111
2018-06-12T23:00:00+02:00,0.69111,0.69379,0.69098,0.69376
2018-06-13T11:00:00+02:00,0.69376,0.69558,0.68963,0.69216
2018-06-13T23:00:00+02:00,0.69216,0.6934,0.69115,0.69191
2018-06-14T11:00:00+02:00,0.69191,0.6978,0.69138,0.69566
2018-06-14T23:00:00+02:00,0.69566,0.69579,0.69157,0.69176
2018-06-15T11:00:00+02:00,0.69176,0.69456,0.69082,0.69242
2018-06-17T23:00:00+02:00,0.69242,0.69328,0.69,0.69187
2018-06-18T11:00:00+02:00,0.69187,0.69298,0.68878,0.69038
2018-06-18T23:00:00+02:00,0.69038,0.69101,0.68452,0.68782
2018-06-19T11:00:00+02:00,0.68782,0.68927,0.68539,0.6864
2018-06-19T23:00:00+02:00,0.6864,0.68852,0.68498,0.68636
2018-06-20T11:00:00+02:00,0.68636,0.68772,0.68318,0.68367
2018-06-20T23:00:00+02:00,0.68367,0.68447,0.68077,0.68145
2018-06-21T11:00:00+02:00,0.68145,0.6837,0.68092,0.68136
2018-06-21T23:00:00+02:00,0.68136,0.68442,0.67999,0.68399
2018-06-22T11:00:00+02:00,0.68399,0.68436,0.68198,0.68219
2018-06-24T23:00:00+02:00,0.68219,0.68388,0.68106,0.68122
2018-06-25T11:00:00+02:00,0.68122,0.68189,0.6797,0.68077
2018-06-25T23:00:00+02:00,0.68077,0.68175,0.67887,0.6795
2018-06-26T11:00:00+02:00,0.6795,0.68022,0.67802,0.67906
2018-06-26T23:00:00+02:00,0.67906,0.67978,0.67444,0.67594
2018-06-27T11:00:00+02:00,0.67594,0.67864,0.6755,0.67698
2018-06-27T23:00:00+02:00,0.67698,0.67904,0.67408,0.67509
2018-06-28T11:00:00+02:00,0.67509,0.67606,0.673,0.67378
2018-06-28T23:00:00+02:00,0.67378,0.67453,0.6719,0.67209
2018-06-29T11:00:00+02:00,0.67209,0.67352,0.67022,0.67104
2018-07-01T23:00:00+02:00,0.67104,0.67342,0.66952,0.66988
2018-07-02T11:00:00+02:00,0.66988,0.67012,0.6659,0.66724
2018-07-02T23:00:00+02:00,0.66724,0.66908,0.66526,0.66874
2018-07-03T11:00:00+02:00,0.66874,0.6709,0.66831,0.67042
2018-07-03T23:00:00+02:00,0.67042,0.67236,0.66952,0.6717
2018-07-04T11:00:00+02:00,0.6717,0.67261,0.67038,0.67144
2018-07-04T23:00:00+02:00,0.67144,0.67386,0.67019,0.67374
2018-07-05T11:00:00+02:00,0.67374,0.67484,0.67219,0.67426
2018-07-05T23:00:00+02:00,0.67426,0.67692,0.67358,0.67662
2018-07-06T11:00:00+02:00,0.67662,0.67796,0.67504,0.67654
2018-07-08T23:00:00+02:00,0.67654,0.67789,0.67448,0.67522
2018-07-09T11:00:00+02:00,0.67522,0.6789,0.6749,0.67768
2018-07-09T23:00:00+02:00,0.67768,0.67999,0.67704,0.6772
2018-07-10T11:00:00+02:00,0.6772,0.67892,0.67629,0.67797
2018-07-10T23:00:00+02:00,0.67797,0.67818,0.67513,0.6757
2018-07-11T11:00:00+02:00,0.6757,0.6761,0.67279,0.67316
2018-07-11T23:00:00+02:00,0.67316,0.67488,0.6718,0.67458
2018-07-12T11:00:00+02:00,0.67458,0.67965,0.67398,0.67965
2018-07-12T23:00:00+02:00,0.67965,0.68002,0.67556,0.67564
2018-07-13T11:00:00+02:00,0.67564,0.67872,0.67522,0.67748
2018-07-15T23:00:00+02:00,0.67748,0.67913,0.67694,0.67769
2018-07-16T11:00:00+02:00,0.67769,0.67817,0.6746,0.67554
2018-07-16T23:00:00+02:00,0.67554,0.68144,0.67354,0.67916
2018-07-17T11:00:00+02:00,0.67916,0.67986,0.67605,0.67842
2018-07-17T23:00:00+02:00,0.67842,0.67907,0.67592,0.67716
2018-07-18T11:00:00+02:00,0.67716,0.67949,0.67568,0.6787
2018-07-18T23:00:00+02:00,0.6787,0.67944,0.67528,0.67584
2018-07-19T11:00:00+02:00,0.67584,0.67586,0.67218,0.67344
2018-07-19T23:00:00+02:00,0.67344,0.67592,0.67248,0.67564
2018-07-20T11:00:00+02:00,0.67564,0.67706,0.67398,0.6757
2018-07-22T23:00:00+02:00,0.6757,0.67626,0.67401,0.67532
2018-07-23T11:00:00+02:00,0.67532,0.67588,0.67294,0.67336
2018-07-23T23:00:00+02:00,0.67336,0.67535,0.67285,0.67495
2018-07-24T11:00:00+02:00,0.67495,0.677,0.67482,0.67574
2018-07-24T23:00:00+02:00,0.67574,0.67688,0.6747,0.67586
2018-07-25T11:00:00+02:00,0.67586,0.67836,0.67488,0.67795
2018-07-25T23:00:00+02:00,0.67795,0.67875,0.67706,0.67798
2018-07-26T11:00:00+02:00,0.67798,0.6781,0.67398,0.67444
2018-07-26T23:00:00+02:00,0.67444,0.67508,0.6733,0.67438
2018-07-27T11:00:00+02:00,0.67438,0.67662,0.6743,0.67556
2018-07-29T23:00:00+02:00,0.67556,0.67754,0.67512,0.67526
2018-07-30T11:00:00+02:00,0.67526,0.67598,0.67417,0.67464
2018-07-30T23:00:00+02:00,0.67464,0.6751,0.67296,0.6733
2018-07-31T11:00:00+02:00,0.6733,0.6755,0.67273,0.67536
2018-07-31T23:00:00+02:00,0.67536,0.67568,0.67326,0.67443
2018-08-01T11:00:00+02:00,0.67443,0.67534,0.67294,0.67374
2018-08-01T23:00:00+02:00,0.67374,0.6743,0.67214,0.67218
2018-08-02T11:00:00+02:00,0.67218,0.67254,0.67076,0.67122
2018-08-02T23:00:00+02:00,0.67122,0.67143,0.66958,0.67028
2018-08-03T11:00:00+02:00,0.67028,0.67239,0.66945,0.6705
2018-08-05T23:00:00+02:00,0.6705,0.67186,0.66975,0.67074
2018-08-06T11:00:00+02:00,0.67074,0.67201,0.67035,0.67102
2018-08-06T23:00:00+02:00,0.67102,0.67237,0.67,0.67218
2018-08-07T11:00:00+02:00,0.67218,0.6723,0.66962,0.67066
2018-08-07T23:00:00+02:00,0.67066,0.6722,0.66984,0.67168
2018-08-08T11:00:00+02:00,0.67168,0.67182,0.6701,0.67024
2018-08-08T23:00:00+02:00,0.67024,0.67069,0.66036,0.66147
2018-08-09T11:00:00+02:00,0.66147,0.66147,0.65586,0.65714
2018-08-09T23:00:00+02:00,0.65714,0.65789,0.65459,0.65524
2018-08-10T11:00:00+02:00,0.65524,0.65764,0.65408,0.65464
2018-08-12T23:00:00+02:00,0.65464,0.65532,0.65208,0.65491
2018-08-13T11:00:00+02:00,0.65491,0.65521,0.65262,0.65342
2018-08-13T23:00:00+02:00,0.65342,0.65677,0.65291,0.65449
2018-08-14T11:00:00+02:00,0.65449,0.65624,0.65318,0.65352
2018-08-14T23:00:00+02:00,0.65352,0.65396,0.65219,0.65326
2018-08-15T11:00:00+02:00,0.65326,0.65464,0.65138,0.6524
2018-08-15T23:00:00+02:00,0.6524,0.65441,0.65126,0.6539
2018-08-16T11:00:00+02:00,0.6539,0.65752,0.65341,0.65646
2018-08-16T23:00:00+02:00,0.65646,0.65857,0.65615,0.65789
2018-08-17T11:00:00+02:00,0.65789,0.66102,0.65659,0.66102
2018-08-19T23:00:00+02:00,0.66102,0.66133,0.65784,0.65904
2018-08-20T11:00:00+02:00,0.65904,0.65966,0.65752,0.65866
2018-08-20T23:00:00+02:00,0.65866,0.6598,0.6567,0.65873
2018-08-21T11:00:00+02:00,0.65873,0.65995,0.65785,0.65954
2018-08-21T23:00:00+02:00,0.65954,0.66192,0.65777,0.658
2018-08-22T11:00:00+02:00,0.658,0.65907,0.65758,0.65871
2018-08-22T23:00:00+02:00,0.65871,0.65899,0.65618,0.65618
2018-08-23T11:00:00+02:00,0.65618,0.6567,0.65404,0.65464
2018-08-23T23:00:00+02:00,0.65464,0.6559,0.65295,0.65398
2018-08-24T11:00:00+02:00,0.65398,0.65827,0.65352,0.65738
2018-08-26T23:00:00+02:00,0.65738,0.65842,0.65617,0.65628
2018-08-27T11:00:00+02:00,0.65628,0.65708,0.65535,0.65654
2018-08-27T23:00:00+02:00,0.65654,0.65738,0.65436,0.65474
2018-08-28T11:00:00+02:00,0.65474,0.65592,0.65446,0.65499
2018-08-28T23:00:00+02:00,0.65499,0.65626,0.65357,0.65481
2018-08-29T11:00:00+02:00,0.65481,0.6556,0.64964,0.65192
2018-08-29T23:00:00+02:00,0.65192,0.65228,0.64482,0.64542
2018-08-30T11:00:00+02:00,0.64542,0.64699,0.64336,0.64514
2018-08-30T23:00:00+02:00,0.64514,0.6458,0.64164,0.64352
2018-08-31T11:00:00+02:00,0.64352,0.64361,0.64057,0.64146
2018-09-02T23:00:00+02:00,0.64146,0.64226,0.63947,0.64184
2018-09-03T11:00:00+02:00,0.64184,0.64212,0.63956,0.63964
2018-09-03T23:00:00+02:00,0.63964,0.64053,0.63662,0.63704
2018-09-04T11:00:00+02:00,0.63704,0.6398,0.63681,0.63876
2018-09-04T23:00:00+02:00,0.63876,0.639,0.63631,0.63866
2018-09-05T11:00:00+02:00,0.63866,0.64142,0.63844,0.64044
2018-09-05T23:00:00+02:00,0.64044,0.6419,0.63774,0.63966
2018-09-06T11:00:00+02:00,0.63966,0.63996,0.6358,0.63606
2018-09-06T23:00:00+02:00,0.63606,0.63674,0.63374,0.63522
2018-09-07T11:00:00+02:00,0.63522,0.63666,0.63268,0.63328
2018-09-09T23:00:00+02:00,0.63328,0.6346,0.63141,0.63444
2018-09-10T11:00:00+02:00,0.63444,0.63725,0.63432,0.6364
2018-09-10T23:00:00+02:00,0.6364,0.63792,0.63536,0.63593
2018-09-11T11:00:00+02:00,0.63593,0.6361,0.63317,0.63448
2018-09-11T23:00:00+02:00,0.63448,0.63604,0.63314,0.63573
2018-09-12T11:00:00+02:00,0.63573,0.63713,0.63394,0.63699
2018-09-12T23:00:00+02:00,0.63699,0.63721,0.63506,0.636
2018-09-13T11:00:00+02:00,0.636,0.63695,0.63381,0.63424
2018-09-13T23:00:00+02:00,0.63424,0.63641,0.63368,0.63539
2018-09-14T11:00:00+02:00,0.63539,0.63546,0.63286,0.63348
2018-09-16T23:00:00+02:00,0.63348,0.63476,0.63246,0.6335
2018-09-17T11:00:00+02:00,0.6335,0.6344,0.63254,0.6333
2018-09-17T23:00:00+02:00,0.6333,0.63526,0.6317,0.63324
2018-09-18T11:00:00+02:00,0.63324,0.63561,0.63282,0.6351
2018-09-18T23:00:00+02:00,0.6351,0.63772,0.63434,0.63768
2018-09-19T11:00:00+02:00,0.63768,0.64055,0.63767,0.63974
2018-09-19T23:00:00+02:00,0.63974,0.64432,0.6385,0.64298
2018-09-20T11:00:00+02:00,0.64298,0.64404,0.6396,0.64104
2018-09-20T23:00:00+02:00,0.64104,0.64193,0.63962,0.63988
2018-09-21T11:00:00+02:00,0.63988,0.64174,0.6374,0.64058
2018-09-23T23:00:00+02:00,0.64058,0.64148,0.63901,0.64004
2018-09-24T11:00:00+02:00,0.64004,0.6412,0.63821,0.64102
2018-09-24T23:00:00+02:00,0.64102,0.64245,0.63986,0.64215
2018-09-25T11:00:00+02:00,0.64215,0.64312,0.64065,0.64156
2018-09-25T23:00:00+02:00,0.64156,0.64572,0.64034,0.64278
2018-09-26T11:00:00+02:00,0.64278,0.64477,0.64204,0.6437
2018-09-26T23:00:00+02:00,0.6437,0.64587,0.64176,0.64404
2018-09-27T11:00:00+02:00,0.64404,0.64784,0.64301,0.64644
2018-09-27T23:00:00+02:00,0.64644,0.64696,0.6445,0.64585
2018-09-28T11:00:00+02:00,0.64585,0.65086,0.64348,0.64979
2018-09-30T23:00:00+02:00,0.64979,0.65103,0.64818,0.65078
2018-10-01T11:00:00+02:00,0.65078,0.65173,0.64881,0.651
2018-10-01T23:00:00+02:00,0.651,0.65132,0.64662,0.64688
2018-10-02T11:00:00+02:00,0.64688,0.65076,0.64646,0.6487
2018-10-02T23:00:00+02:00,0.6487,0.64896,0.64667,0.64742
2018-10-03T11:00:00+02:00,0.64742,0.6482,0.6458,0.64662
2018-10-03T23:00:00+02:00,0.64662,0.64662,0.64271,0.64359
2018-10-04T11:00:00+02:00,0.64359,0.6454,0.64205,0.64252
2018-10-04T23:00:00+02:00,0.64252,0.64326,0.64156,0.64266
2018-10-05T11:00:00+02:00,0.64266,0.64388,0.63802,0.63898
2018-10-07T23:00:00+02:00,0.63898,0.63994,0.63715,0.63946
2018-10-08T11:00:00+02:00,0.63946,0.6411,0.63922,0.6406
2018-10-08T23:00:00+02:00,0.6406,0.64251,0.63914,0.64014
2018-10-09T11:00:00+02:00,0.64014,0.64215,0.63918,0.64214
2018-10-09T23:00:00+02:00,0.64214,0.64376,0.64106,0.64121
2018-10-10T11:00:00+02:00,0.64121,0.64256,0.63786,0.63858
2018-10-10T23:00:00+02:00,0.63858,0.64127,0.63779,0.64091
2018-10-11T11:00:00+02:00,0.64091,0.64729,0.64006,0.64546
2018-10-11T23:00:00+02:00,0.64546,0.64684,0.6444,0.64608
2018-10-12T11:00:00+02:00,0.64608,0.6469,0.64424,0.6459
2018-10-14T23:00:00+02:00,0.6459,0.64678,0.64364,0.64624
2018-10-15T11:00:00+02:00,0.64624,0.64751,0.64385,0.64656
2018-10-15T23:00:00+02:00,0.64656,0.65114,0.64568,0.64917
2018-10-16T11:00:00+02:00,0.64917,0.6531,0.64906,0.65256
2018-10-16T23:00:00+02:00,0.65256,0.65423,0.65152,0.65272
2018-10-17T11:00:00+02:00,0.65272,0.65346,0.65092,0.65202
2018-10-17T23:00:00+02:00,0.65202,0.65296,0.6501,0.65262
2018-10-18T11:00:00+02:00,0.65262,0.65455,0.65085,0.65148
2018-10-18T23:00:00+02:00,0.65148,0.65579,0.64958,0.65528
2018-10-19T11:00:00+02:00,0.65528,0.65816,0.65484,0.65634
2018-10-21T23:00:00+02:00,0.65634,0.65886,0.65524,0.6567
2018-10-22T11:00:00+02:00,0.6567,0.65688,0.6521,0.65288
2018-10-22T23:00:00+02:00,0.65288,0.65402,0.65134,0.65248
2018-10-23T11:00:00+02:00,0.65248,0.65321,0.65078,0.65195
2018-10-23T23:00:00+02:00,0.65195,0.65351,0.65101,0.65262
2018-10-24T11:00:00+02:00,0.65262,0.65364,0.65006,0.65108
2018-10-24T23:00:00+02:00,0.65108,0.65149,0.64814,0.65075
2018-10-25T11:00:00+02:00,0.65075,0.65474,0.6504,0.65175
2018-10-25T23:00:00+02:00,0.65175,0.65315,0.64634,0.64746
2018-10-26T11:00:00+02:00,0.64746,0.65176,0.6471,0.65074
2018-10-28T22:00:00+01:00,0.65074,0.6543,0.65012,0.654
2018-10-29T10:00:00+01:00,0.654,0.65527,0.65285,0.65333
2018-10-29T22:00:00+01:00,0.65333,0.65716,0.65324,0.65642
2018-10-30T10:00:00+01:00,0.65642,0.66012,0.65534,0.65876
2018-10-30T22:00:00+01:00,0.65876,0.66056,0.65642,0.65667
2018-10-31T10:00:00+01:00,0.65667,0.65867,0.65595,0.65724
2018-10-31T22:00:00+01:00,0.65724,0.66394,0.65681,0.66286
2018-11-01T10:00:00+01:00,0.66286,0.66773,0.66264,0.66682
2018-11-01T22:00:00+01:00,0.66682,0.67006,0.66533,0.66676
2018-11-02T10:00:00+01:00,0.66676,0.6681,0.66456,0.66722
2018-11-04T23:00:00+01:00,0.66722,0.66996,0.66516,0.66948
2018-11-05T11:00:00+01:00,0.66948,0.67066,0.66865,0.66928
2018-11-05T23:00:00+01:00,0.66928,0.67057,0.66808,0.67028
2018-11-06T11:00:00+01:00,0.67028,0.6758,0.66846,0.67565
2018-11-06T23:00:00+01:00,0.67565,0.67764,0.67394,0.676
2018-11-07T11:00:00+01:00,0.676,0.68256,0.67474,0.68018
2018-11-07T23:00:00+01:00,0.68018,0.68106,0.67857,0.67977
2018-11-08T11:00:00+01:00,0.67977,0.68114,0.67862,0.67962
2018-11-08T23:00:00+01:00,0.67962,0.68098,0.67786,0.67928
2018-11-09T11:00:00+01:00,0.67928,0.67974,0.6769,0.67758
2018-11-11T23:00:00+01:00,0.67758,0.67928,0.67611,0.678
2018-11-12T11:00:00+01:00,0.678,0.68163,0.67786,0.6784
2018-11-12T23:00:00+01:00,0.6784,0.68275,0.67762,0.68158
2018-11-13T11:00:00+01:00,0.68158,0.68264,0.68063,0.68112
2018-11-13T23:00:00+01:00,0.68112,0.6848,0.68026,0.68373
2018-11-14T11:00:00+01:00,0.68373,0.68576,0.68254,0.68374
2018-11-14T23:00:00+01:00,0.68374,0.6858,0.68241,0.68547
2018-11-15T11:00:00+01:00,0.68547,0.68807,0.68384,0.68742
2018-11-15T23:00:00+01:00,0.68742,0.68846,0.68488,0.6851
2018-11-16T11:00:00+01:00,0.6851,0.68884,0.68502,0.68768
2018-11-18T23:00:00+01:00,0.68768,0.68768,0.68204,0.6823
2018-11-19T11:00:00+01:00,0.6823,0.68246,0.67837,0.67954
2018-11-19T23:00:00+01:00,0.67954,0.68159,0.67864,0.67986
2018-11-20T11:00:00+01:00,0.67986,0.68091,0.67551,0.67588
2018-11-20T23:00:00+01:00,0.67588,0.67897,0.67484,0.67897
2018-11-21T11:00:00+01:00,0.67897,0.68166,0.6776,0.67965
2018-11-21T23:00:00+01:00,0.67965,0.68028,0.67484,0.67551
2018-11-22T11:00:00+01:00,0.67551,0.6786,0.67551,0.67808
2018-11-22T23:00:00+01:00,0.67808,0.67855,0.67605,0.67625
2018-11-23T11:00:00+01:00,0.67625,0.67838,0.6745,0.67628
2018-11-25T23:00:00+01:00,0.67628,0.679,0.67362,0.67888
2018-11-26T11:00:00+01:00,0.67888,0.6789,0.67592,0.67612
2018-11-26T23:00:00+01:00,0.67612,0.67892,0.67434,0.67816
2018-11-27T11:00:00+01:00,0.67816,0.67956,0.67703,0.67818
2018-11-27T23:00:00+01:00,0.67818,0.68016,0.67763,0.67956
2018-11-28T11:00:00+01:00,0.67956,0.68458,0.67823,0.683
2018-11-28T23:00:00+01:00,0.683,0.68328,0.67904,0.68264
2018-11-29T11:00:00+01:00,0.68264,0.68465,0.6825,0.68307
2018-11-29T23:00:00+01:00,0.68307,0.68467,0.68284,0.68364
2018-11-30T11:00:00+01:00,0.68364,0.68756,0.68328,0.68648
2018-12-02T23:00:00+01:00,0.68648,0.69146,0.68648,0.69046
2018-12-03T11:00:00+01:00,0.69046,0.69223,0.69016,0.69132
2018-12-03T23:00:00+01:00,0.69132,0.69394,0.6909,0.6922
2018-12-04T11:00:00+01:00,0.6922,0.6927,0.69051,0.69124
2018-12-04T23:00:00+01:00,0.69124,0.6931,0.69036,0.69063
2018-12-05T11:00:00+01:00,0.69063,0.69122,0.68732,0.68824
2018-12-05T23:00:00+01:00,0.68824,0.68854,0.68334,0.68526
2018-12-06T11:00:00+01:00,0.68526,0.68578,0.68167,0.68274
2018-12-06T23:00:00+01:00,0.68274,0.68503,0.68219,0.68438
2018-12-07T11:00:00+01:00,0.68438,0.68439,0.67859,0.68005
2018-12-09T23:00:00+01:00,0.68005,0.68206,0.67698,0.68168
2018-12-10T11:00:00+01:00,0.68168,0.68252,0.67966,0.68052
2018-12-10T23:00:00+01:00,0.68052,0.68132,0.67726,0.67816
2018-12-11T11:00:00+01:00,0.67816,0.68382,0.67792,0.68285
2018-12-11T23:00:00+01:00,0.68285,0.68468,0.68023,0.68154
2018-12-12T11:00:00+01:00,0.68154,0.68245,0.67846,0.68133
2018-12-12T23:00:00+01:00,0.68133,0.68345,0.67962,0.68188
2018-12-13T11:00:00+01:00,0.68188,0.6829,0.68064,0.68178
2018-12-13T23:00:00+01:00,0.68178,0.68256,0.67489,0.6767
2018-12-14T11:00:00+01:00,0.6767,0.67919,0.67629,0.67826
2018-12-16T23:00:00+01:00,0.67826,0.67926,0.67697,0.6787
2018-12-17T11:00:00+01:00,0.6787,0.6788,0.67474,0.6757
2018-12-17T23:00:00+01:00,0.6757,0.68232,0.6753,0.6814
2018-12-18T11:00:00+01:00,0.6814,0.68148,0.67925,0.6799
2018-12-18T23:00:00+01:00,0.6799,0.68182,0.67917,0.68176
2018-12-19T11:00:00+01:00,0.68176,0.68212,0.67244,0.67326
2018-12-19T23:00:00+01:00,0.67326,0.67468,0.66787,0.66928
2018-12-20T11:00:00+01:00,0.66928,0.67293,0.66737,0.66935
2018-12-20T23:00:00+01:00,0.66935,0.67022,0.6657,0.66618
2018-12-21T11:00:00+01:00,0.66618,0.66994,0.66584,0.66732
2018-12-23T23:00:00+01:00,0.66732,0.67064,0.66704,0.67018
2018-12-24T11:00:00+01:00,0.67018,0.67027,0.66284,0.66387
2018-12-25T23:00:00+01:00,0.66387,0.666,0.66236,0.6658
2018-12-26T11:00:00+01:00,0.6658,0.67056,0.66548,0.67026
2018-12-26T23:00:00+01:00,0.67026,0.67084,0.66448,0.66466
2018-12-27T11:00:00+01:00,0.66466,0.66568,0.66019,0.66184
2018-12-27T23:00:00+01:00,0.66184,0.66348,0.65953,0.65984
2018-12-28T11:00:00+01:00,0.65984,0.66153,0.65628,0.66017
2018-12-30T23:00:00+01:00,0.66017,0.66286,0.65962,0.66096
2018-12-31T11:00:00+01:00,0.66096,0.66152,0.6589,0.65939
2019-01-01T23:00:00+01:00,0.65939,0.66058,0.65731,0.66009
2019-01-02T11:00:00+01:00,0.66009,0.66052,0.65836,0.6588
2019-01-02T23:00:00+01:00,0.6588,0.66302,0.65122,0.65516
2019-01-03T11:00:00+01:00,0.65516,0.66265,0.65454,0.66053
2019-01-03T23:00:00+01:00,0.66053,0.66206,0.65868,0.66146
2019-01-04T11:00:00+01:00,0.66146,0.66582,0.65948,0.66464
2019-01-06T23:00:00+01:00,0.66464,0.66622,0.66315,0.6639
2019-01-07T11:00:00+01:00,0.6639,0.66426,0.66134,0.66157
2019-01-07T23:00:00+01:00,0.66157,0.66271,0.66014,0.66052
2019-01-08T11:00:00+01:00,0.66052,0.66096,0.65867,0.65977
2019-01-08T23:00:00+01:00,0.65977,0.6633,0.65935,0.6618
2019-01-09T11:00:00+01:00,0.6618,0.66526,0.66137,0.6616
2019-01-09T23:00:00+01:00,0.6616,0.66282,0.6589,0.66238
2019-01-10T11:00:00+01:00,0.66238,0.66794,0.66204,0.66734
2019-01-10T23:00:00+01:00,0.66734,0.67214,0.66688,0.67146
2019-01-11T11:00:00+01:00,0.67146,0.6727,0.66985,0.67151
2019-01-13T23:00:00+01:00,0.67151,0.6726,0.66822,0.66891
2019-01-14T11:00:00+01:00,0.66891,0.67046,0.66867,0.66912
2019-01-14T23:00:00+01:00,0.66912,0.67262,0.66846,0.67197
2019-01-15T11:00:00+01:00,0.67197,0.67398,0.67164,0.67319
2019-01-15T23:00:00+01:00,0.67319,0.67516,0.6704,0.67049
2019-01-16T11:00:00+01:00,0.67049,0.67257,0.66784,0.6711
2019-01-16T23:00:00+01:00,0.6711,0.67142,0.66758,0.66867
2019-01-17T11:00:00+01:00,0.66867,0.67448,0.66786,0.67252
2019-01-17T23:00:00+01:00,0.67252,0.67338,0.67114,0.67161
2019-01-18T11:00:00+01:00,0.67161,0.67436,0.67082,0.67146
2019-01-20T23:00:00+01:00,0.67146,0.67216,0.66826,0.67103
2019-01-21T11:00:00+01:00,0.67103,0.67159,0.66978,0.67124
2019-01-21T23:00:00+01:00,0.67124,0.67194,0.66882,0.6689
2019-01-22T11:00:00+01:00,0.6689,0.67361,0.66836,0.67278
2019-01-22T23:00:00+01:00,0.67278,0.67781,0.67222,0.67771
2019-01-23T11:00:00+01:00,0.67771,0.67888,0.675,0.67544
2019-01-23T23:00:00+01:00,0.67544,0.67706,0.67292,0.6731
2019-01-24T11:00:00+01:00,0.6731,0.67508,0.6726,0.67367
2019-01-24T23:00:00+01:00,0.67367,0.6755,0.67188,0.67462
2019-01-25T11:00:00+01:00,0.67462,0.68033,0.67417,0.67938
2019-01-27T23:00:00+01:00,0.67938,0.68203,0.67818,0.67958
2019-01-28T11:00:00+01:00,0.67958,0.68024,0.67694,0.67792
2019-01-28T23:00:00+01:00,0.67792,0.68076,0.67614,0.67958
2019-01-29T11:00:00+01:00,0.67958,0.68056,0.67898,0.67983
2019-01-29T23:00:00+01:00,0.67983,0.68236,0.67853,0.68142
2019-01-30T11:00:00+01:00,0.68142,0.68736,0.68101,0.68575
2019-01-30T23:00:00+01:00,0.68575,0.68784,0.68466,0.68624
2019-01-31T11:00:00+01:00,0.68624,0.68903,0.68504,0.6879
2019-01-31T23:00:00+01:00,0.6879,0.68832,0.68618,0.68718
2019-02-01T11:00:00+01:00,0.68718,0.68903,0.68601,0.68643
2019-02-03T23:00:00+01:00,0.68643,0.68769,0.68558,0.68704
2019-02-04T11:00:00+01:00,0.68704,0.68758,0.68578,0.68702
2019-02-04T23:00:00+01:00,0.68702,0.68936,0.6857,0.6893
2019-02-05T11:00:00+01:00,0.6893,0.69111,0.68884,0.68929
2019-02-05T23:00:00+01:00,0.68929,0.69046,0.68484,0.68584
2019-02-06T11:00:00+01:00,0.68584,0.68604,0.6783,0.67928
2019-02-06T23:00:00+01:00,0.67928,0.67934,0.67596,0.67724
2019-02-07T11:00:00+01:00,0.67724,0.67802,0.67605,0.67656
2019-02-07T23:00:00+01:00,0.67656,0.67798,0.67457,0.67612
2019-02-08T11:00:00+01:00,0.67612,0.67638,0.6744,0.67458
2019-02-10T23:00:00+01:00,0.67458,0.68097,0.6737,0.67684
2019-02-11T11:00:00+01:00,0.67684,0.67754,0.67554,0.67594
2019-02-11T23:00:00+01:00,0.67594,0.67778,0.67498,0.67758
2019-02-12T11:00:00+01:00,0.67758,0.68004,0.67736,0.67802
2019-02-12T23:00:00+01:00,0.67802,0.68894,0.67704,0.68614
2019-02-13T11:00:00+01:00,0.68614,0.68718,0.6848,0.686
2019-02-13T23:00:00+01:00,0.686,0.69,0.68548,0.68878
2019-02-14T11:00:00+01:00,0.68878,0.69034,0.68666,0.68714
2019-02-14T23:00:00+01:00,0.68714,0.68822,0.68485,0.68822
2019-02-15T11:00:00+01:00,0.68822,0.69093,0.68801,0.68993
2019-02-17T23:00:00+01:00,0.68993,0.69155,0.68892,0.68926
2019-02-18T11:00:00+01:00,0.68926,0.69002,0.68681,0.68782
2019-02-18T23:00:00+01:00,0.68782,0.68926,0.68544,0.68552
2019-02-19T11:00:00+01:00,0.68552,0.68946,0.68516,0.68908
2019-02-19T23:00:00+01:00,0.68908,0.68926,0.6872,0.68744
2019-02-20T11:00:00+01:00,0.68744,0.68846,0.68589,0.68625
2019-02-20T23:00:00+01:00,0.68625,0.68794,0.68154,0.68278
2019-02-21T11:00:00+01:00,0.68278,0.68323,0.68079,0.68108
2019-02-21T23:00:00+01:00,0.68108,0.68233,0.67674,0.67988
2019-02-22T11:00:00+01:00,0.67988,0.6851,0.67961,0.68488
2019-02-24T23:00:00+01:00,0.68488,0.68796,0.68488,0.68772
2019-02-25T11:00:00+01:00,0.68772,0.68984,0.6877,0.68886
2019-02-25T23:00:00+01:00,0.68886,0.6893,0.68698,0.68757
2019-02-26T11:00:00+01:00,0.68757,0.6897,0.68756,0.6892
2019-02-26T23:00:00+01:00,0.6892,0.69004,0.6856,0.68567
2019-02-27T11:00:00+01:00,0.68567,0.68604,0.6829,0.68604
2019-02-27T23:00:00+01:00,0.68604,0.68604,0.68114,0.68126
2019-02-28T11:00:00+01:00,0.68126,0.6813,0.67838,0.67939
2019-02-28T23:00:00+01:00,0.67939,0.68218,0.6792,0.68148
2019-03-01T11:00:00+01:00,0.68148,0.6828,0.67888,0.6792
2019-03-03T23:00:00+01:00,0.6792,0.68202,0.6792,0.68108
2019-03-04T11:00:00+01:00,0.68108,0.68211,0.67968,0.68168
2019-03-04T23:00:00+01:00,0.68168,0.68261,0.67878,0.68086
2019-03-05T11:00:00+01:00,0.68086,0.6834,0.67908,0.68264
2019-03-05T23:00:00+01:00,0.68264,0.68324,0.67901,0.68214
2019-03-06T11:00:00+01:00,0.68214,0.68214,0.67884,0.68028
2019-03-06T23:00:00+01:00,0.68028,0.68213,0.67958,0.681
2019-03-07T11:00:00+01:00,0.681,0.6845,0.68047,0.68312
2019-03-07T23:00:00+01:00,0.68312,0.68554,0.68226,0.6855
2019-03-08T11:00:00+01:00,0.6855,0.68626,0.6845,0.68594
2019-03-10T22:00:00+01:00,0.68594,0.68746,0.68424,0.68656
2019-03-11T10:00:00+01:00,0.68656,0.69108,0.68624,0.69041
2019-03-11T22:00:00+01:00,0.69041,0.69213,0.68959,0.68993
2019-03-12T10:00:00+01:00,0.68993,0.69225,0.68954,0.6915
2019-03-12T22:00:00+01:00,0.6915,0.6915,0.68828,0.68836
2019-03-13T10:00:00+01:00,0.68836,0.6891,0.68724,0.68847
2019-03-13T22:00:00+01:00,0.68847,0.68862,0.686,0.68656
2019-03-14T10:00:00+01:00,0.68656,0.68661,0.6839,0.68512
2019-03-14T22:00:00+01:00,0.68512,0.68768,0.6849,0.68766
2019-03-15T10:00:00+01:00,0.68766,0.68814,0.6858,0.68606
2019-03-17T22:00:00+01:00,0.68606,0.68842,0.68552,0.68724
2019-03-18T10:00:00+01:00,0.68724,0.68782,0.6855,0.68601
2019-03-18T22:00:00+01:00,0.68601,0.6867,0.68488,0.68576
2019-03-19T10:00:00+01:00,0.68576,0.68688,0.68459,0.68494
2019-03-19T22:00:00+01:00,0.68494,0.6853,0.68267,0.68427
2019-03-20T10:00:00+01:00,0.68427,0.68522,0.68158,0.68316
2019-03-20T22:00:00+01:00,0.68316,0.68743,0.68114,0.68688
2019-03-21T10:00:00+01:00,0.68688,0.68698,0.68114,0.6822
2019-03-21T22:00:00+01:00,0.6822,0.68448,0.68188,0.68406
2019-03-22T10:00:00+01:00,0.68406,0.68568,0.68294,0.68339
2019-03-24T22:00:00+01:00,0.68339,0.68502,0.68301,0.68359
2019-03-25T10:00:00+01:00,0.68359,0.68627,0.68329,0.68548
2019-03-25T22:00:00+01:00,0.68548,0.68692,0.68486,0.68526
2019-03-26T10:00:00+01:00,0.68526,0.68806,0.68454,0.68692
2019-03-26T22:00:00+01:00,0.68692,0.68766,0.67604,0.67692
2019-03-27T10:00:00+01:00,0.67692,0.6774,0.67504,0.67627
2019-03-27T22:00:00+01:00,0.67627,0.67954,0.67456,0.67858
2019-03-28T10:00:00+01:00,0.67858,0.67862,0.67458,0.6746
2019-03-28T22:00:00+01:00,0.6746,0.67754,0.67396,0.67622
2019-03-29T10:00:00+01:00,0.67622,0.67999,0.67568,0.67724
2019-03-31T23:00:00+02:00,0.67724,0.6808,0.67724,0.67886
2019-04-01T11:00:00+02:00,0.67886,0.68094,0.6782,0.67994
2019-04-01T23:00:00+02:00,0.67994,0.67994,0.67632,0.67656
2019-04-02T11:00:00+02:00,0.67656,0.67726,0.67278,0.67444
2019-04-02T23:00:00+02:00,0.67444,0.67762,0.67324,0.6765
2019-04-03T11:00:00+02:00,0.6765,0.67776,0.67556,0.67663
2019-04-03T23:00:00+02:00,0.67663,0.67828,0.67595,0.67675
2019-04-04T11:00:00+02:00,0.67675,0.67699,0.67469,0.67542
2019-04-04T23:00:00+02:00,0.67542,0.67662,0.67365,0.67393
2019-04-05T11:00:00+02:00,0.67393,0.67498,0.67228,0.67335
2019-04-07T23:00:00+02:00,0.67335,0.67368,0.67186,0.67344
2019-04-08T11:00:00+02:00,0.67344,0.6744,0.6731,0.67354
2019-04-08T23:00:00+02:00,0.67354,0.6748,0.6731,0.67443
2019-04-09T11:00:00+02:00,0.67443,0.675,0.67312,0.67432
2019-04-09T23:00:00+02:00,0.67432,0.67618,0.67403,0.6761
2019-04-10T11:00:00+02:00,0.6761,0.67873,0.67477,0.6783
2019-04-10T23:00:00+02:00,0.6783,0.67874,0.67608,0.6768
2019-04-11T11:00:00+02:00,0.6768,0.67748,0.67456,0.67504
2019-04-11T23:00:00+02:00,0.67504,0.67561,0.67363,0.67532
2019-04-12T11:00:00+02:00,0.67532,0.67923,0.67473,0.67802
2019-04-14T23:00:00+02:00,0.67802,0.67995,0.67728,0.67807
2019-04-15T11:00:00+02:00,0.67807,0.67929,0.67715,0.67914
2019-04-15T23:00:00+02:00,0.67914,0.67962,0.6769,0.6788
2019-04-16T11:00:00+02:00,0.6788,0.68176,0.67852,0.68169
2019-04-16T23:00:00+02:00,0.68169,0.68266,0.67209,0.67888
2019-04-17T11:00:00+02:00,0.67888,0.68007,0.67716,0.67986
2019-04-17T23:00:00+02:00,0.67986,0.68014,0.67733,0.67796
2019-04-18T11:00:00+02:00,0.67796,0.6789,0.67624,0.67871
2019-04-18T23:00:00+02:00,0.67871,0.67929,0.67802,0.67812
2019-04-19T11:00:00+02:00,0.67812,0.67882,0.67767,0.67831
2019-04-21T23:00:00+02:00,0.67831,0.67879,0.67723,0.67788
2019-04-22T11:00:00+02:00,0.67788,0.67852,0.67712,0.67848
2019-04-22T23:00:00+02:00,0.67848,0.6792,0.67699,0.67872
2019-04-23T11:00:00+02:00,0.67872,0.67986,0.67754,0.67909
2019-04-23T23:00:00+02:00,0.67909,0.6795,0.6742,0.67454
2019-04-24T11:00:00+02:00,0.67454,0.6752,0.672,0.67274
2019-04-24T23:00:00+02:00,0.67274,0.67365,0.67206,0.6729
2019-04-25T11:00:00+02:00,0.6729,0.67636,0.67258,0.67602
2019-04-25T23:00:00+02:00,0.67602,0.67928,0.67554,0.67897
2019-04-26T11:00:00+02:00,0.67897,0.68073,0.67844,0.67904
2019-04-28T23:00:00+02:00,0.67904,0.68104,0.67832,0.67952
2019-04-29T11:00:00+02:00,0.67952,0.68107,0.679,0.67996
2019-04-29T23:00:00+02:00,0.67996,0.681,0.6782,0.67962
2019-04-30T11:00:00+02:00,0.67962,0.68102,0.67932,0.68034
2019-04-30T23:00:00+02:00,0.68034,0.68067,0.67569,0.67712
2019-05-01T11:00:00+02:00,0.67712,0.67751,0.6735,0.67413
2019-05-01T23:00:00+02:00,0.67413,0.67636,0.67359,0.67564
2019-05-02T11:00:00+02:00,0.67564,0.67643,0.67348,0.6745
2019-05-02T23:00:00+02:00,0.6745,0.67573,0.67374,0.67522
2019-05-03T11:00:00+02:00,0.67522,0.67702,0.67472,0.6755
2019-05-05T23:00:00+02:00,0.6755,0.6755,0.67064,0.67336
2019-05-06T11:00:00+02:00,0.67336,0.67422,0.67164,0.67262
2019-05-06T23:00:00+02:00,0.67262,0.67404,0.67063,0.67278
2019-05-07T11:00:00+02:00,0.67278,0.67436,0.6722,0.67291
2019-05-07T23:00:00+02:00,0.67291,0.67332,0.66528,0.67065
2019-05-08T11:00:00+02:00,0.67065,0.672,0.66924,0.67116
2019-05-08T23:00:00+02:00,0.67116,0.67224,0.6688,0.66958
2019-05-09T11:00:00+02:00,0.66958,0.67049,0.66638,0.66897
2019-05-09T23:00:00+02:00,0.66897,0.67186,0.66804,0.6687
2019-05-10T11:00:00+02:00,0.6687,0.66931,0.66654,0.66756
2019-05-12T23:00:00+02:00,0.66756,0.66814,0.66373,0.66458
2019-05-13T11:00:00+02:00,0.66458,0.66508,0.66003,0.66091
2019-05-13T23:00:00+02:00,0.66091,0.66352,0.65986,0.66314
2019-05-14T11:00:00+02:00,0.66314,0.66403,0.66222,0.66324
2019-05-14T23:00:00+02:00,0.66324,0.6634,0.6601,0.66012
2019-05-15T11:00:00+02:00,0.66012,0.66262,0.65992,0.6621
2019-05-15T23:00:00+02:00,0.6621,0.66392,0.6598,0.66342
2019-05-16T11:00:00+02:00,0.66342,0.66406,0.6599,0.6601
2019-05-16T23:00:00+02:00,0.6601,0.66083,0.65905,0.65922
2019-05-17T11:00:00+02:00,0.65922,0.66031,0.6583,0.65894
2019-05-19T23:00:00+02:00,0.65894,0.66186,0.65894,0.6597
2019-05-20T11:00:00+02:00,0.6597,0.66032,0.65834,0.65901
2019-05-20T23:00:00+02:00,0.65901,0.66044,0.65686,0.65729
2019-05-21T11:00:00+02:00,0.65729,0.65842,0.65668,0.65766
2019-05-21T23:00:00+02:00,0.65766,0.6582,0.65688,0.65736
2019-05-22T11:00:00+02:00,0.65736,0.65784,0.65466,0.65574
2019-05-22T23:00:00+02:00,0.65574,0.65584,0.65395,0.65514
2019-05-23T11:00:00+02:00,0.65514,0.65579,0.65342,0.65431
2019-05-23T23:00:00+02:00,0.65431,0.65499,0.65332,0.65472
2019-05-24T11:00:00+02:00,0.65472,0.65699,0.65436,0.65642
2019-05-26T23:00:00+02:00,0.65642,0.65878,0.65622,0.65836
2019-05-27T11:00:00+02:00,0.65836,0.65848,0.65662,0.65683
2019-05-27T23:00:00+02:00,0.65683,0.659,0.65682,0.65737
2019-05-28T11:00:00+02:00,0.65737,0.66096,0.65734,0.65929
2019-05-28T23:00:00+02:00,0.65929,0.65959,0.65539,0.65547
2019-05-29T11:00:00+02:00,0.65547,0.65681,0.65498,0.65644
2019-05-29T23:00:00+02:00,0.65644,0.65854,0.65614,0.65816
2019-05-30T11:00:00+02:00,0.65816,0.65894,0.65488,0.65618
2019-05-30T23:00:00+02:00,0.65618,0.65644,0.65408,0.6552
2019-05-31T11:00:00+02:00,0.6552,0.65595,0.65332,0.65414
2019-06-02T23:00:00+02:00,0.65414,0.65465,0.6521,0.65357
2019-06-03T11:00:00+02:00,0.65357,0.65783,0.65346,0.65485
2019-06-03T23:00:00+02:00,0.65485,0.65494,0.65319,0.65476
2019-06-04T11:00:00+02:00,0.65476,0.65676,0.65385,0.65571
2019-06-04T23:00:00+02:00,0.65571,0.65938,0.65528,0.659
2019-06-05T11:00:00+02:00,0.659,0.65955,0.65608,0.6582
2019-06-05T23:00:00+02:00,0.6582,0.65954,0.65796,0.6592
2019-06-06T11:00:00+02:00,0.6592,0.65976,0.65604,0.6565
2019-06-06T23:00:00+02:00,0.6565,0.6583,0.65571,0.65827
2019-06-07T11:00:00+02:00,0.65827,0.65927,0.65632,0.65829
2019-06-09T23:00:00+02:00,0.65829,0.65942,0.65532,0.65572
2019-06-10T11:00:00+02:00,0.65572,0.65654,0.65397,0.65414
2019-06-10T23:00:00+02:00,0.65414,0.6544,0.65224,0.65313
2019-06-11T11:00:00+02:00,0.65313,0.65392,0.65218,0.65321
2019-06-11T23:00:00+02:00,0.65321,0.65376,0.6511,0.65271
2019-06-12T11:00:00+02:00,0.65271,0.65518,0.6521,0.65448
2019-06-12T23:00:00+02:00,0.65448,0.65524,0.65152,0.65172
2019-06-13T11:00:00+02:00,0.65172,0.65352,0.65098,0.6526
2019-06-13T23:00:00+02:00,0.6526,0.65326,0.6484,0.65074
2019-06-14T11:00:00+02:00,0.65074,0.6515,0.64809,0.64834
2019-06-16T23:00:00+02:00,0.64834,0.6509,0.64812,0.65084
2019-06-17T11:00:00+02:00,0.65084,0.651,0.64837,0.64888
2019-06-17T23:00:00+02:00,0.64888,0.65078,0.64722,0.65076
2019-06-18T11:00:00+02:00,0.65076,0.65364,0.64966,0.65313
2019-06-18T23:00:00+02:00,0.65313,0.65436,0.65098,0.65114
2019-06-19T11:00:00+02:00,0.65114,0.65184,0.6489,0.65008
2019-06-19T23:00:00+02:00,0.65008,0.6516,0.64896,0.65034
2019-06-20T11:00:00+02:00,0.65034,0.65086,0.6449,0.64654
2019-06-20T23:00:00+02:00,0.64654,0.64806,0.64522,0.64534
2019-06-21T11:00:00+02:00,0.64534,0.64542,0.64251,0.64328
2019-06-23T23:00:00+02:00,0.64328,0.6465,0.64298,0.64552
2019-06-24T11:00:00+02:00,0.64552,0.64582,0.64256,0.64331
2019-06-24T23:00:00+02:00,0.64331,0.64859,0.64308,0.64826
2019-06-25T11:00:00+02:00,0.64826,0.64956,0.64627,0.64768
2019-06-25T23:00:00+02:00,0.64768,0.65096,0.64418,0.65034
2019-06-26T11:00:00+02:00,0.65034,0.65389,0.65022,0.65334
2019-06-26T23:00:00+02:00,0.65334,0.65568,0.65256,0.6548
2019-06-27T11:00:00+02:00,0.6548,0.65624,0.65345,0.65434
2019-06-27T23:00:00+02:00,0.65434,0.65486,0.65274,0.65328
2019-06-28T11:00:00+02:00,0.65328,0.65627,0.65322,0.65581
2019-06-30T23:00:00+02:00,0.65581,0.66017,0.65581,0.66012
2019-07-01T11:00:00+02:00,0.66012,0.66044,0.65731,0.65938
2019-07-01T23:00:00+02:00,0.65938,0.65938,0.6573,0.6582
2019-07-02T11:00:00+02:00,0.6582,0.65972,0.65678,0.65802
2019-07-02T23:00:00+02:00,0.65802,0.65966,0.6565,0.65954
2019-07-03T11:00:00+02:00,0.65954,0.66242,0.65824,0.66171
2019-07-03T23:00:00+02:00,0.66171,0.66242,0.6584,0.65902
2019-07-04T11:00:00+02:00,0.65902,0.65993,0.65833,0.65877
2019-07-04T23:00:00+02:00,0.65877,0.65956,0.65753,0.65876
2019-07-05T11:00:00+02:00,0.65876,0.65882,0.65543,0.65711
2019-07-07T23:00:00+02:00,0.65711,0.65944,0.65668,0.65877
2019-07-08T11:00:00+02:00,0.65877,0.66038,0.65786,0.65841
2019-07-08T23:00:00+02:00,0.65841,0.65939,0.65652,0.65704
2019-07-09T11:00:00+02:00,0.65704,0.65813,0.65554,0.65642
2019-07-09T23:00:00+02:00,0.65642,0.6566,0.65284,0.65456
2019-07-10T11:00:00+02:00,0.65456,0.65866,0.65428,0.65764
2019-07-10T23:00:00+02:00,0.65764,0.65834,0.65612,0.65756
2019-07-11T11:00:00+02:00,0.65756,0.66009,0.65751,0.65972
2019-07-11T23:00:00+02:00,0.65972,0.66159,0.65902,0.65936
2019-07-12T11:00:00+02:00,0.65936,0.65948,0.65666,0.65878
2019-07-14T23:00:00+02:00,0.65878,0.6623,0.65772,0.6607
2019-07-15T11:00:00+02:00,0.6607,0.662,0.66038,0.66148
2019-07-15T23:00:00+02:00,0.66148,0.66366,0.66088,0.6619
2019-07-16T11:00:00+02:00,0.6619,0.66394,0.66149,0.66195
2019-07-16T23:00:00+02:00,0.66195,0.66524,0.66166,0.66514
2019-07-17T11:00:00+02:00,0.66514,0.66614,0.66422,0.66468
2019-07-17T23:00:00+02:00,0.66468,0.66476,0.66302,0.66396
2019-07-18T11:00:00+02:00,0.66396,0.66694,0.66364,0.6658
2019-07-18T23:00:00+02:00,0.6658,0.66721,0.66532,0.66583
2019-07-19T11:00:00+02:00,0.66583,0.66606,0.6636,0.66404
2019-07-21T23:00:00+02:00,0.66404,0.66692,0.66368,0.66546
2019-07-22T11:00:00+02:00,0.66546,0.66606,0.66382,0.66389
2019-07-22T23:00:00+02:00,0.66389,0.66406,0.66179,0.66239
2019-07-23T11:00:00+02:00,0.66239,0.66296,0.65951,0.66054
2019-07-23T23:00:00+02:00,0.66054,0.66169,0.65976,0.66019
2019-07-24T11:00:00+02:00,0.66019,0.6617,0.65962,0.66034
2019-07-24T23:00:00+02:00,0.66034,0.66062,0.65916,0.65926
2019-07-25T11:00:00+02:00,0.65926,0.66326,0.6591,0.66034
2019-07-25T23:00:00+02:00,0.66034,0.66099,0.65876,0.65918
2019-07-26T11:00:00+02:00,0.65918,0.6598,0.65831,0.65909
2019-07-28T23:00:00+02:00,0.65909,0.65947,0.65718,0.65734
2019-07-29T11:00:00+02:00,0.65734,0.6578,0.65611,0.65762
2019-07-29T23:00:00+02:00,0.65762,0.65794,0.65581,0.65586
2019-07-30T11:00:00+02:00,0.65586,0.65599,0.65421,0.6549
2019-07-30T23:00:00+02:00,0.6549,0.65522,0.65238,0.65471
2019-07-31T11:00:00+02:00,0.65471,0.65518,0.6505,0.65214
2019-07-31T23:00:00+02:00,0.65214,0.65406,0.65099,0.65276
2019-08-01T11:00:00+02:00,0.65276,0.65384,0.64852,0.64919
2019-08-01T23:00:00+02:00,0.64919,0.64986,0.64332,0.64402
2019-08-02T11:00:00+02:00,0.64402,0.64426,0.64117,0.64217
2019-08-04T23:00:00+02:00,0.64217,0.64249,0.63506,0.63506
2019-08-05T11:00:00+02:00,0.63506,0.63789,0.6343,0.63551
2019-08-05T23:00:00+02:00,0.63551,0.64046,0.63264,0.63804
2019-08-06T11:00:00+02:00,0.63804,0.6403,0.63666,0.63696
2019-08-06T23:00:00+02:00,0.63696,0.63905,0.62164,0.62823
2019-08-07T11:00:00+02:00,0.62823,0.631,0.62484,0.62868
2019-08-07T23:00:00+02:00,0.62868,0.63068,0.62752,0.62988
2019-08-08T11:00:00+02:00,0.62988,0.63422,0.62906,0.63168
2019-08-08T23:00:00+02:00,0.63168,0.63314,0.62956,0.63164
2019-08-09T11:00:00+02:00,0.63164,0.6324,0.62802,0.62906
2019-08-11T23:00:00+02:00,0.62906,0.62997,0.62576,0.62849
2019-08-12T11:00:00+02:00,0.62849,0.62854,0.62445,0.62477
2019-08-12T23:00:00+02:00,0.62477,0.62746,0.62408,0.62641
2019-08-13T11:00:00+02:00,0.62641,0.63196,0.62054,0.63035
2019-08-13T23:00:00+02:00,0.63035,0.63146,0.62737,0.6274
2019-08-14T11:00:00+02:00,0.6274,0.62742,0.62382,0.62638
2019-08-14T23:00:00+02:00,0.62638,0.62886,0.62596,0.62746
2019-08-15T11:00:00+02:00,0.62746,0.6304,0.62536,0.62948
2019-08-15T23:00:00+02:00,0.62948,0.63098,0.62803,0.63008
2019-08-16T11:00:00+02:00,0.63008,0.63123,0.62858,0.62886
2019-08-18T23:00:00+02:00,0.62982,0.63047,0.62684,0.62705
2019-08-19T11:00:00+02:00,0.62705,0.63051,0.62695,0.62926
2019-08-19T23:00:00+02:00,0.62926,0.6307,0.62778,0.62786
2019-08-20T11:00:00+02:00,0.62786,0.63005,0.62713,0.62742
2019-08-20T23:00:00+02:00,0.62742,0.62857,0.62602,0.62745
2019-08-21T11:00:00+02:00,0.62745,0.6298,0.6272,0.62924
2019-08-21T23:00:00+02:00,0.62924,0.6298,0.62602,0.62707
2019-08-22T11:00:00+02:00,0.62707,0.6281,0.62576,0.6263
2019-08-22T23:00:00+02:00,0.6263,0.63029,0.62619,0.63024
2019-08-23T11:00:00+02:00,0.63024,0.63024,0.62231,0.62372
2019-08-25T23:00:00+02:00,0.62372,0.62538,0.6163,0.62389
2019-08-26T11:00:00+02:00,0.62389,0.62688,0.62354,0.62586
2019-08-26T23:00:00+02:00,0.62586,0.6266,0.62189,0.62438
2019-08-27T11:00:00+02:00,0.62438,0.6264,0.62353,0.62434
2019-08-27T23:00:00+02:00,0.62434,0.62491,0.62128,0.62254
2019-08-28T11:00:00+02:00,0.62254,0.6238,0.62123,0.6219
2019-08-28T23:00:00+02:00,0.6219,0.62338,0.6183,0.62338
2019-08-29T11:00:00+02:00,0.62338,0.62474,0.62129,0.62272
2019-08-29T23:00:00+02:00,0.62272,0.62356,0.62106,0.62275
2019-08-30T11:00:00+02:00,0.62275,0.62472,0.62174,0.62472
2019-09-01T23:00:00+02:00,0.62407,0.62568,0.62221,0.62498
2019-09-02T11:00:00+02:00,0.62498,0.62635,0.62438,0.625
2019-09-02T23:00:00+02:00,0.625,0.6251,0.62238,0.6234
2019-09-03T11:00:00+02:00,0.6234,0.62548,0.62192,0.62535
2019-09-03T23:00:00+02:00,0.62535,0.62789,0.62411,0.62662
2019-09-04T11:00:00+02:00,0.62662,0.62728,0.62297,0.62401
2019-09-04T23:00:00+02:00,0.62401,0.62779,0.62323,0.62684
2019-09-05T11:00:00+02:00,0.62684,0.62945,0.62668,0.6286
2019-09-05T23:00:00+02:00,0.6286,0.63386,0.62737,0.6338
2019-09-06T11:00:00+02:00,0.6338,0.63658,0.63378,0.63464
2019-09-08T23:00:00+02:00,0.63394,0.63704,0.63376,0.637
2019-09-09T11:00:00+02:00,0.637,0.63833,0.6363,0.6375
2019-09-09T23:00:00+02:00,0.6375,0.63963,0.63629,0.63646
2019-09-10T11:00:00+02:00,0.63646,0.63737,0.63456,0.63733
2019-09-10T23:00:00+02:00,0.63733,0.63876,0.63565,0.63758
2019-09-11T11:00:00+02:00,0.63758,0.63828,0.63642,0.63674
2019-09-11T23:00:00+02:00,0.63674,0.64026,0.63652,0.63764
2019-09-12T11:00:00+02:00,0.63764,0.64038,0.63412,0.63468
2019-09-12T23:00:00+02:00,0.63468,0.63496,0.63159,0.63248
2019-09-13T11:00:00+02:00,0.63248,0.63255,0.62975,0.63152
2019-09-15T23:00:00+02:00,0.63152,0.63276,0.62868,0.63244
2019-09-16T11:00:00+02:00,0.63244,0.63295,0.62924,0.62982
2019-09-16T23:00:00+02:00,0.62982,0.6305,0.6271,0.62878
2019-09-17T11:00:00+02:00,0.62878,0.63165,0.62854,0.63148
2019-09-17T23:00:00+02:00,0.63148,0.6318,0.62922,0.63038
2019-09-18T11:00:00+02:00,0.63038,0.63146,0.62874,0.63028
2019-09-18T23:00:00+02:00,0.63028,0.63132,0.62568,0.62623
2019-09-19T11:00:00+02:00,0.62623,0.62697,0.62478,0.62563
2019-09-19T23:00:00+02:00,0.62563,0.62601,0.62218,0.62218
2019-09-20T11:00:00+02:00,0.62218,0.62262,0.61994,0.62041
2019-09-22T23:00:00+02:00,0.62118,0.62225,0.61962,0.62006
2019-09-23T11:00:00+02:00,0.62006,0.62364,0.61982,0.62293
2019-09-23T23:00:00+02:00,0.62293,0.6246,0.62264,0.62324
2019-09-24T11:00:00+02:00,0.62324,0.62556,0.62264,0.62338
2019-09-24T23:00:00+02:00,0.62338,0.62677,0.62211,0.62305
2019-09-25T11:00:00+02:00,0.62305,0.62335,0.61996,0.6221
2019-09-25T23:00:00+02:00,0.6221,0.62618,0.6215,0.62594
2019-09-26T11:00:00+02:00,0.62594,0.62821,0.62496,0.62554
2019-09-26T23:00:00+02:00,0.62554,0.62634,0.62422,0.62472
2019-09-27T11:00:00+02:00,0.62472,0.62646,0.62272,0.62391
2019-09-29T23:00:00+02:00,0.62278,0.62383,0.61997,0.62194
2019-09-30T11:00:00+02:00,0.62194,0.62599,0.62194,0.62512
2019-09-30T23:00:00+02:00,0.62512,0.6267,0.62184,0.623
2019-10-01T11:00:00+02:00,0.623,0.62386,0.6194,0.6201
2019-10-01T23:00:00+02:00,0.6201,0.62384,0.61956,0.62226
2019-10-02T11:00:00+02:00,0.62226,0.62585,0.62172,0.62502
2019-10-02T23:00:00+02:00,0.62502,0.62941,0.62437,0.62824
2019-10-03T11:00:00+02:00,0.62824,0.63028,0.628,0.62924
2019-10-03T23:00:00+02:00,0.62924,0.63282,0.62853,0.63082
2019-10-04T11:00:00+02:00,0.63082,0.63108,0.62794,0.62895
2019-10-06T23:00:00+02:00,0.62718,0.6293,0.62516,0.62537
2019-10-07T11:00:00+02:00,0.62537,0.62722,0.62476,0.62564
2019-10-07T23:00:00+02:00,0.62564,0.62892,0.62532,0.62743
2019-10-08T11:00:00+02:00,0.62743,0.62792,0.62498,0.62541
2019-10-08T23:00:00+02:00,0.62541,0.62754,0.62484,0.62738
2019-10-09T11:00:00+02:00,0.62738,0.62915,0.62624,0.62656
2019-10-09T23:00:00+02:00,0.62656,0.62844,0.62314,0.62715
2019-10-10T11:00:00+02:00,0.62715,0.6305,0.6271,0.62998
2019-10-10T23:00:00+02:00,0.62998,0.63304,0.6293,0.633
2019-10-11T11:00:00+02:00,0.633,0.63358,0.63133,0.63176
2019-10-13T23:00:00+02:00,0.63165,0.63211,0.62742,0.62754
2019-10-14T11:00:00+02:00,0.62754,0.6284,0.62546,0.62812
2019-10-14T23:00:00+02:00,0.62812,0.62974,0.62696,0.62753
2019-10-15T11:00:00+02:00,0.62753,0.62877,0.62484,0.62868
2019-10-15T23:00:00+02:00,0.62868,0.63133,0.62522,0.62556
2019-10-16T11:00:00+02:00,0.62556,0.62614,0.62205,0.62604
2019-10-16T23:00:00+02:00,0.62604,0.62794,0.62414,0.62756
2019-10-17T11:00:00+02:00,0.62756,0.6291,0.6254,0.6271
2019-10-17T23:00:00+02:00,0.6271,0.62962,0.62664,0.62958
2019-10-18T11:00:00+02:00,0.62958,0.63006,0.62737,0.62852
2019-10-20T23:00:00+02:00,0.62847,0.63111,0.62748,0.63056
2019-10-21T11:00:00+02:00,0.63056,0.63246,0.62992,0.63146
2019-10-21T23:00:00+02:00,0.63146,0.63524,0.63116,0.63424
2019-10-22T11:00:00+02:00,0.63424,0.63468,0.6332,0.63388
2019-10-22T23:00:00+02:00,0.63388,0.63445,0.63195,0.63336
2019-10-23T11:00:00+02:00,0.63336,0.63658,0.63302,0.63642
2019-10-23T23:00:00+02:00,0.63642,0.63642,0.6329,0.63319
2019-10-24T11:00:00+02:00,0.63319,0.63386,0.63266,0.6333
2019-10-24T23:00:00+02:00,0.6333,0.63368,0.63114,0.63148
2019-10-25T11:00:00+02:00,0.63148,0.63327,0.6301,0.63148
2019-10-27T22:00:00+01:00,0.63148,0.63301,0.63104,0.63242
2019-10-28T10:00:00+01:00,0.63242,0.63283,0.63068,0.63154
2019-10-28T22:00:00+01:00,0.63154,0.63408,0.63136,0.63202
2019-10-29T10:00:00+01:00,0.63202,0.63246,0.6309,0.6318
2019-10-29T22:00:00+01:00,0.6318,0.63312,0.62983,0.6306
2019-10-30T10:00:00+01:00,0.6306,0.6324,0.62926,0.63209
2019-10-30T22:00:00+01:00,0.63209,0.63486,0.63164,0.634
2019-10-31T10:00:00+01:00,0.634,0.63494,0.6306,0.63266
2019-10-31T22:00:00+01:00,0.63266,0.63521,0.63231,0.63406
2019-11-01T10:00:00+01:00,0.63406,0.63708,0.63292,0.6336
2019-11-03T23:00:00+01:00,0.6336,0.63772,0.6336,0.63683
2019-11-04T11:00:00+01:00,0.63683,0.63718,0.63136,0.63244
2019-11-04T23:00:00+01:00,0.63244,0.63688,0.63134,0.63676
2019-11-05T11:00:00+01:00,0.63676,0.63715,0.6323,0.63286
2019-11-05T23:00:00+01:00,0.63286,0.63399,0.63162,0.63348
2019-11-06T11:00:00+01:00,0.63348,0.63432,0.63114,0.63232
2019-11-06T23:00:00+01:00,0.63232,0.63429,0.62996,0.6339
2019-11-07T11:00:00+01:00,0.6339,0.63499,0.63127,0.63354
2019-11-07T23:00:00+01:00,0.63354,0.63514,0.63162,0.63198
2019-11-08T11:00:00+01:00,0.63198,0.63216,0.63006,0.63106
2019-11-10T23:00:00+01:00,0.63106,0.63404,0.6309,0.63336
2019-11-11T11:00:00+01:00,0.63336,0.63402,0.63176,0.63186
2019-11-11T23:00:00+01:00,0.63186,0.63254,0.62897,0.62995
2019-11-12T11:00:00+01:00,0.62995,0.63138,0.6281,0.6287
2019-11-12T23:00:00+01:00,0.6287,0.63698,0.6283,0.63294
2019-11-13T11:00:00+01:00,0.63294,0.63511,0.63164,0.63472
2019-11-13T23:00:00+01:00,0.63472,0.63526,0.63056,0.63152
2019-11-14T11:00:00+01:00,0.63152,0.63276,0.62825,0.63049
2019-11-14T23:00:00+01:00,0.63049,0.63235,0.63006,0.63226
2019-11-15T11:00:00+01:00,0.63226,0.63456,0.63084,0.63382
2019-11-17T23:00:00+01:00,0.63382,0.63472,0.63272,0.63447
2019-11-18T11:00:00+01:00,0.63447,0.63494,0.63164,0.63316
2019-11-18T23:00:00+01:00,0.63316,0.63543,0.63179,0.63536
2019-11-19T11:00:00+01:00,0.63536,0.63721,0.63496,0.63702
2019-11-19T23:00:00+01:00,0.63702,0.63757,0.63466,0.63681
2019-11-20T11:00:00+01:00,0.63681,0.63876,0.63454,0.63594
2019-11-20T23:00:00+01:00,0.63594,0.63686,0.63283,0.6366
2019-11-21T11:00:00+01:00,0.6366,0.63834,0.6352,0.63594
2019-11-21T23:00:00+01:00,0.63594,0.6387,0.63528,0.6376
2019-11-22T11:00:00+01:00,0.6376,0.63932,0.63728,0.6389
2019-11-24T23:00:00+01:00,0.6389,0.64084,0.6389,0.64017
2019-11-25T11:00:00+01:00,0.64017,0.64096,0.63751,0.6396
2019-11-25T23:00:00+01:00,0.6396,0.64113,0.63868,0.64032
2019-11-26T11:00:00+01:00,0.64032,0.64139,0.63894,0.64102
2019-11-26T23:00:00+01:00,0.64102,0.64195,0.64078,0.64154
2019-11-27T11:00:00+01:00,0.64154,0.64264,0.64088,0.64158
2019-11-27T23:00:00+01:00,0.64158,0.64232,0.63929,0.64178
2019-11-28T11:00:00+01:00,0.64178,0.64224,0.64008,0.64104
2019-11-28T23:00:00+01:00,0.64104,0.64342,0.6406,0.64322
2019-11-29T11:00:00+01:00,0.64322,0.64405,0.64078,0.64232
2019-12-01T23:00:00+01:00,0.64232,0.64657,0.64232,0.64637
2019-12-02T11:00:00+01:00,0.64637,0.6471,0.64441,0.64464
2019-12-02T23:00:00+01:00,0.64464,0.6468,0.64376,0.64627
2019-12-03T11:00:00+01:00,0.64627,0.64662,0.6424,0.64366
2019-12-03T23:00:00+01:00,0.64366,0.6444,0.64116,0.64366
2019-12-04T11:00:00+01:00,0.64366,0.64652,0.64293,0.64546
2019-12-04T23:00:00+01:00,0.64546,0.64858,0.64494,0.64629
2019-12-05T11:00:00+01:00,0.64629,0.6468,0.64462,0.64624
2019-12-05T23:00:00+01:00,0.64624,0.64874,0.64574,0.64866
2019-12-06T11:00:00+01:00,0.64866,0.65144,0.64852,0.65028
2019-12-08T23:00:00+01:00,0.65028,0.65034,0.64838,0.6491
2019-12-09T11:00:00+01:00,0.6491,0.64968,0.6465,0.6466
2019-12-09T23:00:00+01:00,0.6466,0.64876,0.64539,0.64545
2019-12-10T11:00:00+01:00,0.64545,0.64608,0.64367,0.64428
2019-12-10T23:00:00+01:00,0.64428,0.64544,0.64212,0.64434
2019-12-11T11:00:00+01:00,0.64434,0.64866,0.64432,0.6473
2019-12-11T23:00:00+01:00,0.6473,0.64762,0.64582,0.64646
2019-12-12T11:00:00+01:00,0.64646,0.65128,0.64638,0.64964
2019-12-12T23:00:00+01:00,0.64964,0.6541,0.64746,0.65022
2019-12-13T11:00:00+01:00,0.65022,0.6514,0.64715,0.64903
2019-12-15T23:00:00+01:00,0.64903,0.64992,0.64804,0.64988
2019-12-16T11:00:00+01:00,0.64988,0.65057,0.64804,0.64816
2019-12-16T23:00:00+01:00,0.64816,0.64955,0.64629,0.64691
2019-12-17T11:00:00+01:00,0.64691,0.64708,0.64376,0.64437
2019-12-17T23:00:00+01:00,0.64437,0.64461,0.6428,0.64354
2019-12-18T11:00:00+01:00,0.64354,0.64833,0.64324,0.64602
2019-12-18T23:00:00+01:00,0.64602,0.6466,0.6447,0.64652
2019-12-19T11:00:00+01:00,0.64652,0.64656,0.6443,0.64649
2019-12-19T23:00:00+01:00,0.64649,0.64719,0.64514,0.64634
2019-12-20T11:00:00+01:00,0.64634,0.64954,0.64608,0.64896
2019-12-22T23:00:00+01:00,0.64896,0.64986,0.64728,0.64904
2019-12-23T11:00:00+01:00,0.64904,0.65197,0.64833,0.65196
2019-12-23T23:00:00+01:00,0.65196,0.65267,0.65002,0.65204
2019-12-24T11:00:00+01:00,0.65204,0.65222,0.64922,0.6505
2019-12-25T23:00:00+01:00,0.6505,0.65258,0.64991,0.6521
2019-12-26T11:00:00+01:00,0.6521,0.65507,0.65186,0.65452
2019-12-26T23:00:00+01:00,0.65452,0.65524,0.65269,0.65278
2019-12-27T11:00:00+01:00,0.65278,0.65486,0.65207,0.65333
2019-12-29T23:00:00+01:00,0.65333,0.65466,0.65208,0.65352
2019-12-30T11:00:00+01:00,0.65352,0.65397,0.6514,0.65222
2019-12-30T23:00:00+01:00,0.65222,0.65283,0.6505,0.65196
2019-12-31T11:00:00+01:00,0.65196,0.65412,0.65082,0.65118
2020-01-01T23:00:00+01:00,0.65118,0.65232,0.64948,0.65046
2020-01-02T11:00:00+01:00,0.65046,0.65149,0.64878,0.65075
2020-01-02T23:00:00+01:00,0.65075,0.65129,0.64641,0.64732
2020-01-03T11:00:00+01:00,0.64732,0.64884,0.64713,0.64806
2020-01-05T23:00:00+01:00,0.64806,0.64806,0.64526,0.64648
2020-01-06T11:00:00+01:00,0.64648,0.64772,0.64538,0.64576
2020-01-06T23:00:00+01:00,0.64576,0.64736,0.64458,0.64582
2020-01-07T11:00:00+01:00,0.64582,0.64598,0.64334,0.6444
2020-01-07T23:00:00+01:00,0.6444,0.64757,0.63976,0.64684
2020-01-08T11:00:00+01:00,0.64684,0.64836,0.64289,0.64744
2020-01-08T23:00:00+01:00,0.64744,0.6484,0.64472,0.6454
2020-01-09T11:00:00+01:00,0.6454,0.6457,0.64214,0.64374
2020-01-09T23:00:00+01:00,0.64374,0.64524,0.6426,0.64494
2020-01-10T11:00:00+01:00,0.64494,0.64637,0.64439,0.64548
2020-01-12T23:00:00+01:00,0.64548,0.64734,0.6451,0.64527
2020-01-13T11:00:00+01:00,0.64527,0.64536,0.6428,0.64372
2020-01-13T23:00:00+01:00,0.64372,0.64396,0.64143,0.64213
2020-01-14T11:00:00+01:00,0.64213,0.64223,0.63924,0.63998
2020-01-14T23:00:00+01:00,0.63998,0.64034,0.63807,0.63826
2020-01-15T11:00:00+01:00,0.63826,0.63897,0.6354,0.63802
2020-01-15T23:00:00+01:00,0.63802,0.64028,0.63762,0.64018
2020-01-16T11:00:00+01:00,0.64018,0.64238,0.63951,0.64042
2020-01-16T23:00:00+01:00,0.64042,0.64222,0.63981,0.64126
2020-01-17T11:00:00+01:00,0.64126,0.64166,0.63926,0.64012
2020-01-19T23:00:00+01:00,0.64012,0.64146,0.63964,0.63988
2020-01-20T11:00:00+01:00,0.63988,0.64059,0.63896,0.63986
2020-01-20T23:00:00+01:00,0.63986,0.64044,0.63766,0.63884
2020-01-21T11:00:00+01:00,0.63884,0.63994,0.63812,0.63901
2020-01-21T23:00:00+01:00,0.63901,0.64124,0.63802,0.64053
2020-01-22T11:00:00+01:00,0.64053,0.64166,0.63809,0.63828
2020-01-22T23:00:00+01:00,0.63828,0.63934,0.6374,0.63925
2020-01-23T11:00:00+01:00,0.63925,0.64194,0.63798,0.64146
2020-01-23T23:00:00+01:00,0.64146,0.643,0.64086,0.64198
2020-01-24T11:00:00+01:00,0.64198,0.64286,0.64076,0.6417
2020-01-26T23:00:00+01:00,0.6417,0.6417,0.63648,0.63652
2020-01-27T11:00:00+01:00,0.63652,0.63673,0.63424,0.63457
2020-01-27T23:00:00+01:00,0.63457,0.635705,0.63129,0.63258
2020-01-28T11:00:00+01:00,0.63258,0.63716,0.63206,0.6369
2020-01-28T23:00:00+01:00,0.6369,0.63723,0.63534,0.63663
2020-01-29T11:00:00+01:00,0.63663,0.63694,0.63486,0.6353
2020-01-29T23:00:00+01:00,0.6353,0.63562,0.63075,0.63104
2020-01-30T11:00:00+01:00,0.63104,0.63197,0.62776,0.62907
2020-01-30T23:00:00+01:00,0.62907,0.63014,0.62601,0.62648
2020-01-31T11:00:00+01:00,0.62648,0.62666,0.6225,0.6229
2020-02-02T23:00:00+01:00,0.6229,0.62483,0.62178,0.6232
2020-02-03T11:00:00+01:00,0.6232,0.62594,0.62302,0.62432
2020-02-03T23:00:00+01:00,0.62432,0.62776,0.62292,0.62557
2020-02-04T11:00:00+01:00,0.62557,0.63034,0.62486,0.6292
2020-02-04T23:00:00+01:00,0.6292,0.63204,0.62747,0.63192
2020-02-05T11:00:00+01:00,0.63192,0.63222,0.62946,0.63028
2020-02-05T23:00:00+01:00,0.63028,0.63152,0.62875,0.62992
2020-02-06T11:00:00+01:00,0.62992,0.63115,0.62937,0.6296
2020-02-06T23:00:00+01:00,0.6296,0.63009,0.62624,0.62624
2020-02-07T11:00:00+01:00,0.62624,0.62722,0.62493,0.62592
2020-02-09T23:00:00+01:00,0.62592,0.62756,0.62442,0.62678
2020-02-10T11:00:00+01:00,0.62678,0.62712,0.62374,0.62408
2020-02-10T23:00:00+01:00,0.62408,0.62614,0.62352,0.62483
2020-02-11T11:00:00+01:00,0.62483,0.62759,0.62417,0.62492
2020-02-11T23:00:00+01:00,0.62492,0.63232,0.62432,0.63045
2020-02-12T11:00:00+01:00,0.63045,0.6328,0.63015,0.63238
2020-02-12T23:00:00+01:00,0.63238,0.63264,0.62886,0.63023
2020-02-13T11:00:00+01:00,0.63023,0.63274,0.62937,0.63058
2020-02-13T23:00:00+01:00,0.63058,0.63156,0.62986,0.63131
2020-02-14T11:00:00+01:00,0.63131,0.632045,0.63034,0.63204
2020-02-16T23:00:00+01:00,0.63204,0.63308,0.631,0.63184
2020-02-17T11:00:00+01:00,0.63184,0.63224,0.63056,0.63134
2020-02-17T23:00:00+01:00,0.63134,0.63176,0.62698,0.6275
2020-02-18T11:00:00+01:00,0.6275,0.62892,0.62687,0.62786
2020-02-18T23:00:00+01:00,0.62786,0.6305,0.62753,0.62984
2020-02-19T11:00:00+01:00,0.62984,0.62991,0.62696,0.62828
2020-02-19T23:00:00+01:00,0.62828,0.62877,0.62254,0.62386
2020-02-20T11:00:00+01:00,0.62386,0.62395,0.6221,0.62328
2020-02-20T23:00:00+01:00,0.62328,0.62416,0.618955,0.61929
2020-02-21T11:00:00+01:00,0.61929,0.62166,0.61898,0.62112
2020-02-23T23:00:00+01:00,0.62112,0.62112,0.618,0.61953
2020-02-24T11:00:00+01:00,0.61953,0.62112,0.61868,0.62076
2020-02-24T23:00:00+01:00,0.62076,0.62241,0.61791,0.61807
2020-02-25T11:00:00+01:00,0.61807,0.61927,0.61668,0.61712
2020-02-25T23:00:00+01:00,0.61712,0.61782,0.61392,0.61438
2020-02-26T11:00:00+01:00,0.61438,0.61662,0.61382,0.61436
2020-02-26T23:00:00+01:00,0.61436,0.61538,0.61227,0.61427
2020-02-27T11:00:00+01:00,0.61427,0.61544,0.610155,0.61023
2020-02-27T23:00:00+01:00,0.61023,0.61197,0.60038,0.60242
2020-02-28T11:00:00+01:00,0.60242,0.60476,0.59927,0.60316
2020-03-01T23:00:00+01:00,0.60316,0.60555,0.59686,0.60232
2020-03-02T11:00:00+01:00,0.60232,0.60349,0.5977,0.60068
2020-03-02T23:00:00+01:00,0.60068,0.60185,0.5986,0.59988
2020-03-03T11:00:00+01:00,0.59988,0.6039,0.59922,0.60016
2020-03-03T23:00:00+01:00,0.60016,0.6027,0.59844,0.6004
2020-03-04T11:00:00+01:00,0.6004,0.60342,0.59968,0.60288
2020-03-04T23:00:00+01:00,0.60288,0.6037,0.60058,0.60262
2020-03-05T11:00:00+01:00,0.60262,0.60348,0.59502,0.5955
2020-03-05T23:00:00+01:00,0.5955,0.60014,0.59461,0.59704
2020-03-06T11:00:00+01:00,0.59704,0.59722,0.59272,0.59604
2020-03-08T22:00:00+01:00,0.59604,0.59604,0.55161,0.58628
2020-03-09T10:00:00+01:00,0.58628,0.59772,0.58482,0.58634
2020-03-09T22:00:00+01:00,0.58634,0.59155,0.58549,0.58872
2020-03-10T10:00:00+01:00,0.58872,0.59035,0.584,0.58951
2020-03-10T22:00:00+01:00,0.58951,0.59179,0.5861,0.59142
2020-03-11T10:00:00+01:00,0.59142,0.59312,0.5877,0.58826
2020-03-11T22:00:00+01:00,0.58826,0.58954,0.5829,0.58588
2020-03-12T10:00:00+01:00,0.58588,0.58796,0.57458,0.57476
2020-03-12T22:00:00+01:00,0.57476,0.58203,0.57465,0.57897
2020-03-13T10:00:00+01:00,0.57897,0.58746,0.57396,0.57849
2020-03-15T22:00:00+01:00,0.57849,0.5811,0.56725,0.56828
2020-03-16T10:00:00+01:00,0.56828,0.57999,0.56656,0.57235
2020-03-16T22:00:00+01:00,0.57235,0.57897,0.57094,0.5732
2020-03-17T10:00:00+01:00,0.5732,0.5764,0.56837,0.5713
2020-03-17T22:00:00+01:00,0.5713,0.57349,0.56306,0.56342
2020-03-18T10:00:00+01:00,0.56342,0.56646,0.5551,0.55581
2020-03-18T22:00:00+01:00,0.55581,0.55668,0.53,0.54993
2020-03-19T10:00:00+01:00,0.54993,0.57945,0.54794,0.55928
2020-03-19T22:00:00+01:00,0.55928,0.57554,0.5542,0.57104
2020-03-20T10:00:00+01:00,0.57104,0.57308,0.55782,0.56146
2020-03-22T22:00:00+01:00,0.56146,0.56146,0.55179,0.5559
2020-03-23T10:00:00+01:00,0.5559,0.5634,0.55452,0.56319
2020-03-23T22:00:00+01:00,0.56319,0.57017,0.55998,0.56878
2020-03-24T10:00:00+01:00,0.56878,0.57232,0.56042,0.57217
2020-03-24T22:00:00+01:00,0.57217,0.57922,0.56896,0.57818
2020-03-25T10:00:00+01:00,0.57818,0.57866,0.56792,0.57181
2020-03-25T22:00:00+01:00,0.57181,0.57181,0.56344,0.56915
2020-03-26T10:00:00+01:00,0.56915,0.57645,0.56846,0.57414
2020-03-26T22:00:00+01:00,0.57414,0.57722,0.57062,0.57258
2020-03-27T10:00:00+01:00,0.57258,0.57821,0.56968,0.57386
2020-03-29T23:00:00+02:00,0.57386,0.57742,0.57132,0.57494
2020-03-30T11:00:00+02:00,0.57494,0.57748,0.57368,0.57664
2020-03-30T23:00:00+02:00,0.57664,0.57982,0.57269,0.57591
2020-03-31T11:00:00+02:00,0.57591,0.57675,0.57055,0.57295
2020-03-31T23:00:00+02:00,0.57295,0.57508,0.56795,0.57
2020-04-01T11:00:00+02:00,0.57,0.57784,0.56903,0.57103
2020-04-01T23:00:00+02:00,0.57103,0.577,0.57054,0.57626
2020-04-02T11:00:00+02:00,0.57626,0.57743,0.57145,0.57602
2020-04-02T23:00:00+02:00,0.57602,0.57714,0.57414,0.57434
2020-04-03T11:00:00+02:00,0.57434,0.5744,0.57048,0.57288
2020-04-05T23:00:00+02:00,0.57288,0.57906,0.57164,0.57876
2020-04-06T11:00:00+02:00,0.57876,0.58323,0.57833,0.58078
2020-04-06T23:00:00+02:00,0.58078,0.58546,0.57948,0.58168
2020-04-07T11:00:00+02:00,0.58168,0.5834,0.57916,0.57942
2020-04-07T23:00:00+02:00,0.57942,0.58003,0.57694,0.57842
2020-04-08T11:00:00+02:00,0.57842,0.58534,0.57793,0.58426
2020-04-08T23:00:00+02:00,0.58426,0.58514,0.58236,0.58344
2020-04-09T11:00:00+02:00,0.58344,0.58826,0.582,0.58788
2020-04-09T23:00:00+02:00,0.58788,0.58951,0.58572,0.58696
2020-04-10T11:00:00+02:00,0.58696,0.58857,0.58502,0.58754
2020-04-12T23:00:00+02:00,0.58754,0.58816,0.58551,0.58684
2020-04-13T11:00:00+02:00,0.58684,0.59079,0.58624,0.58898
2020-04-13T23:00:00+02:00,0.58898,0.59165,0.58811,0.5885
2020-04-14T11:00:00+02:00,0.5885,0.58864,0.58336,0.58636
2020-04-14T23:00:00+02:00,0.58636,0.5866,0.57912,0.58025
2020-04-15T11:00:00+02:00,0.58025,0.58065,0.5766,0.57802
2020-04-15T23:00:00+02:00,0.57802,0.57894,0.57516,0.57724
2020-04-16T11:00:00+02:00,0.57724,0.57894,0.57516,0.57894
2020-04-16T23:00:00+02:00,0.57894,0.58345,0.57867,0.58093
2020-04-17T11:00:00+02:00,0.58093,0.58479,0.58084,0.58333
2020-04-19T23:00:00+02:00,0.58333,0.58677,0.58185,0.58638
2020-04-20T11:00:00+02:00,0.58638,0.58848,0.5842,0.58429
2020-04-20T23:00:00+02:00,0.58429,0.58526,0.5794,0.58019
2020-04-21T11:00:00+02:00,0.58019,0.58058,0.57618,0.57868
2020-04-21T23:00:00+02:00,0.57868,0.58154,0.57704,0.5804
2020-04-22T11:00:00+02:00,0.5804,0.5814,0.57672,0.57839
2020-04-22T23:00:00+02:00,0.57839,0.58214,0.57511,0.58175
2020-04-23T11:00:00+02:00,0.58175,0.58807,0.58175,0.58634
2020-04-23T23:00:00+02:00,0.58634,0.58738,0.5844,0.58568
2020-04-24T11:00:00+02:00,0.58568,0.58661,0.58357,0.58536
2020-04-26T23:00:00+02:00,0.58536,0.59095,0.58418,0.5892
2020-04-27T11:00:00+02:00,0.5892,0.59118,0.58895,0.58991
2020-04-27T23:00:00+02:00,0.58991,0.59088,0.58472,0.58935
2020-04-28T11:00:00+02:00,0.58935,0.5913,0.58862,0.59046
2020-04-28T23:00:00+02:00,0.59046,0.59506,0.59,0.59265
2020-04-29T11:00:00+02:00,0.59265,0.59801,0.59177,0.59727
2020-04-29T23:00:00+02:00,0.59727,0.59948,0.59412,0.59412
2020-04-30T11:00:00+02:00,0.59412,0.59747,0.59148,0.59165
2020-04-30T23:00:00+02:00,0.59165,0.59194,0.58554,0.58628
2020-05-01T11:00:00+02:00,0.58628,0.58638,0.58064,0.58272
2020-05-03T23:00:00+02:00,0.58272,0.5844,0.5787,0.58332
2020-05-04T11:00:00+02:00,0.58332,0.58467,0.57992,0.5842
2020-05-04T23:00:00+02:00,0.5842,0.58676,0.58301,0.5859
2020-05-05T11:00:00+02:00,0.5859,0.59041,0.58568,0.58892
2020-05-05T23:00:00+02:00,0.58892,0.59074,0.58734,0.58923
2020-05-06T11:00:00+02:00,0.58923,0.5905,0.58548,0.58602
2020-05-06T23:00:00+02:00,0.58602,0.59048,0.58454,0.58951
2020-05-07T11:00:00+02:00,0.58951,0.59366,0.58938,0.59242
2020-05-07T23:00:00+02:00,0.59242,0.59596,0.5921,0.59491
2020-05-08T11:00:00+02:00,0.59491,0.59638,0.59424,0.59596
2020-05-10T23:00:00+02:00,0.59596,0.59812,0.59316,0.59364
2020-05-11T11:00:00+02:00,0.59364,0.59372,0.58895,0.59138
2020-05-11T23:00:00+02:00,0.59138,0.59214,0.58902,0.59109
2020-05-12T11:00:00+02:00,0.59109,0.59336,0.58902,0.58916
2020-05-12T23:00:00+02:00,0.58916,0.59088,0.58196,0.58358
2020-05-13T11:00:00+02:00,0.58358,0.58602,0.58138,0.58302
2020-05-13T23:00:00+02:00,0.58302,0.58375,0.58063,0.58212
2020-05-14T11:00:00+02:00,0.58212,0.58424,0.58034,0.5838
2020-05-14T23:00:00+02:00,0.5838,0.58546,0.58217,0.58332
2020-05-15T11:00:00+02:00,0.58332,0.58346,0.57598,0.57649
2020-05-17T23:00:00+02:00,0.57649,0.57969,0.57568,0.57884
2020-05-18T11:00:00+02:00,0.57884,0.58844,0.57839,0.58654
2020-05-18T23:00:00+02:00,0.58654,0.59241,0.58646,0.59158
2020-05-19T11:00:00+02:00,0.59158,0.59398,0.58966,0.59042
2020-05-19T23:00:00+02:00,0.59042,0.59331,0.58902,0.59034
2020-05-20T11:00:00+02:00,0.59034,0.59374,0.58996,0.59305
2020-05-20T23:00:00+02:00,0.59305,0.59338,0.59024,0.59176
2020-05-21T11:00:00+02:00,0.59176,0.59528,0.59038,0.59401
2020-05-21T23:00:00+02:00,0.59401,0.59499,0.59193,0.59322
2020-05-22T11:00:00+02:00,0.59322,0.59441,0.5908,0.59228
2020-05-24T23:00:00+02:00,0.59228,0.59334,0.59142,0.59292
2020-05-25T11:00:00+02:00,0.59292,0.59328,0.59174,0.59294
2020-05-25T23:00:00+02:00,0.59294,0.5983,0.59214,0.59796
2020-05-26T11:00:00+02:00,0.59796,0.60189,0.59742,0.59856
2020-05-26T23:00:00+02:00,0.59856,0.60326,0.59681,0.60294
2020-05-27T11:00:00+02:00,0.60294,0.60408,0.59648,0.59915
2020-05-27T23:00:00+02:00,0.59915,0.60092,0.59805,0.59908
2020-05-28T11:00:00+02:00,0.59908,0.6022,0.598,0.59876
2020-05-28T23:00:00+02:00,0.59876,0.59904,0.59635,0.59644
2020-05-29T11:00:00+02:00,0.59644,0.60039,0.59348,0.59654
2020-05-31T23:00:00+02:00,0.59654,0.60095,0.59467,0.59784
2020-06-01T11:00:00+02:00,0.59784,0.60579,0.5975,0.60467
2020-06-01T23:00:00+02:00,0.60467,0.60578,0.60141,0.60335
2020-06-02T11:00:00+02:00,0.60335,0.61328,0.6033,0.61308
2020-06-02T23:00:00+02:00,0.61308,0.61816,0.61186,0.61466
2020-06-03T11:00:00+02:00,0.61466,0.61956,0.6141,0.61756
2020-06-03T23:00:00+02:00,0.61756,0.61847,0.61562,0.61689
2020-06-04T11:00:00+02:00,0.61689,0.61944,0.61462,0.6176
2020-06-04T23:00:00+02:00,0.6176,0.62371,0.61658,0.62225
2020-06-05T11:00:00+02:00,0.62225,0.62949,0.6215,0.62624
2020-06-07T23:00:00+02:00,0.62624,0.62914,0.62486,0.62886
2020-06-08T11:00:00+02:00,0.62886,0.6292,0.62349,0.62822
2020-06-08T23:00:00+02:00,0.62822,0.62984,0.61836,0.61938
2020-06-09T11:00:00+02:00,0.61938,0.62078,0.61754,0.61936
2020-06-09T23:00:00+02:00,0.61936,0.62261,0.61748,0.61949
2020-06-10T11:00:00+02:00,0.61949,0.62075,0.61614,0.61701
2020-06-10T23:00:00+02:00,0.61701,0.6178,0.61013,0.6113
2020-06-11T11:00:00+02:00,0.6113,0.61268,0.60426,0.60722
2020-06-11T23:00:00+02:00,0.60722,0.6124,0.60412,0.61175
2020-06-12T11:00:00+02:00,0.61175,0.61466,0.60873,0.61387
2020-06-14T23:00:00+02:00,0.61387,0.61527,0.60786,0.61154
2020-06-15T11:00:00+02:00,0.61154,0.61509,0.61038,0.6145
2020-06-15T23:00:00+02:00,0.6145,0.61736,0.61042,0.61282
2020-06-16T11:00:00+02:00,0.61282,0.61607,0.61014,0.61374
2020-06-16T23:00:00+02:00,0.61374,0.6148,0.61157,0.61396
2020-06-17T11:00:00+02:00,0.61396,0.6166,0.6114,0.6126
2020-06-17T23:00:00+02:00,0.6126,0.61468,0.60962,0.61331
2020-06-18T11:00:00+02:00,0.61331,0.6135,0.61039,0.6117
2020-06-18T23:00:00+02:00,0.6117,0.6127,0.60947,0.61056
2020-06-19T11:00:00+02:00,0.61056,0.61296,0.60949,0.61018
2020-06-21T23:00:00+02:00,0.61018,0.6132,0.60798,0.61287
2020-06-22T11:00:00+02:00,0.61287,0.61561,0.61238,0.61404
2020-06-22T23:00:00+02:00,0.61404,0.61523,0.61059,0.61258
2020-06-23T11:00:00+02:00,0.61258,0.61636,0.61225,0.61334
2020-06-23T23:00:00+02:00,0.61334,0.61515,0.6077,0.60865
2020-06-24T11:00:00+02:00,0.60865,0.61058,0.60691,0.60762
2020-06-24T23:00:00+02:00,0.60762,0.61102,0.60694,0.6109
2020-06-25T11:00:00+02:00,0.6109,0.61097,0.60852,0.6098
2020-06-25T23:00:00+02:00,0.6098,0.61152,0.60874,0.61052
2020-06-26T11:00:00+02:00,0.61052,0.61113,0.60781,0.60894
2020-06-28T23:00:00+02:00,0.60894,0.61034,0.60657,0.60938
2020-06-29T11:00:00+02:00,0.60938,0.61103,0.60716,0.61076
2020-06-29T23:00:00+02:00,0.61076,0.61158,0.60862,0.60924
2020-06-30T11:00:00+02:00,0.60924,0.61184,0.60776,0.61148
2020-06-30T23:00:00+02:00,0.61148,0.6125,0.60998,0.61224
2020-07-01T11:00:00+02:00,0.61224,0.614,0.6111,0.61266
2020-07-01T23:00:00+02:00,0.61266,0.61536,0.61245,0.61456
2020-07-02T11:00:00+02:00,0.61456,0.61685,0.61414,0.61544
2020-07-02T23:00:00+02:00,0.61544,0.61796,0.61523,0.61775
2020-07-03T11:00:00+02:00,0.61775,0.61796,0.61464,0.61751
2020-07-05T23:00:00+02:00,0.61751,0.61885,0.61627,0.61632
2020-07-06T11:00:00+02:00,0.61632,0.61796,0.61477,0.61752
2020-07-06T23:00:00+02:00,0.61752,0.61934,0.61568,0.61594
2020-07-07T11:00:00+02:00,0.61594,0.61928,0.6159,0.61704
2020-07-07T23:00:00+02:00,0.61704,0.61826,0.61566,0.61586
2020-07-08T11:00:00+02:00,0.61586,0.6173,0.61498,0.61698
2020-07-08T23:00:00+02:00,0.61698,0.61787,0.61589,0.61728
2020-07-09T11:00:00+02:00,0.61728,0.61911,0.61601,0.61758
2020-07-09T23:00:00+02:00,0.61758,0.61874,0.61622,0.61778
2020-07-10T11:00:00+02:00,0.61778,0.61956,0.61733,0.61872
2020-07-12T23:00:00+02:00,0.61872,0.61941,0.61698,0.61782
2020-07-13T11:00:00+02:00,0.61782,0.62054,0.6157,0.61584
2020-07-13T23:00:00+02:00,0.61584,0.6163,0.61238,0.61302
2020-07-14T11:00:00+02:00,0.61302,0.61446,0.61152,0.61392
2020-07-14T23:00:00+02:00,0.61392,0.61694,0.6137,0.61507
2020-07-15T11:00:00+02:00,0.61507,0.62138,0.61505,0.62052
2020-07-15T23:00:00+02:00,0.62052,0.62149,0.61835,0.61908
2020-07-16T11:00:00+02:00,0.61908,0.62008,0.61679,0.61818
2020-07-16T23:00:00+02:00,0.61818,0.61904,0.61772,0.61777
2020-07-17T11:00:00+02:00,0.61777,0.61782,0.61427,0.6153
2020-07-19T23:00:00+02:00,0.6153,0.61694,0.61484,0.61672
2020-07-20T11:00:00+02:00,0.61672,0.6178,0.61539,0.61748
2020-07-20T23:00:00+02:00,0.61748,0.61846,0.61608,0.61792
2020-07-21T11:00:00+02:00,0.61792,0.62218,0.61782,0.6198
2020-07-21T23:00:00+02:00,0.6198,0.62192,0.61902,0.62082
2020-07-22T11:00:00+02:00,0.62082,0.62265,0.61908,0.6194
2020-07-22T23:00:00+02:00,0.6194,0.62108,0.61841,0.62024
2020-07-23T11:00:00+02:00,0.62024,0.6203,0.61353,0.61394
2020-07-23T23:00:00+02:00,0.61394,0.61491,0.61188,0.61342
2020-07-24T11:00:00+02:00,0.61342,0.61405,0.61105,0.61142
2020-07-26T23:00:00+02:00,0.61142,0.61321,0.60944,0.61321
2020-07-27T11:00:00+02:00,0.61321,0.6163,0.61264,0.6149
2020-07-27T23:00:00+02:00,0.6149,0.61665,0.61156,0.6123
2020-07-28T11:00:00+02:00,0.6123,0.61245,0.60958,0.61134
2020-07-28T23:00:00+02:00,0.61134,0.61236,0.60986,0.6104
2020-07-29T11:00:00+02:00,0.6104,0.61156,0.6075,0.60865
2020-07-29T23:00:00+02:00,0.60865,0.60922,0.60484,0.60589
2020-07-30T11:00:00+02:00,0.60589,0.60934,0.60478,0.60901
2020-07-30T23:00:00+02:00,0.60901,0.60918,0.60583,0.60636
2020-07-31T11:00:00+02:00,0.60636,0.60765,0.60496,0.60552
2020-08-02T23:00:00+02:00,0.60552,0.60898,0.60508,0.60856
2020-08-03T11:00:00+02:00,0.60856,0.6097,0.60634,0.60684
2020-08-03T23:00:00+02:00,0.60684,0.60794,0.60407,0.60545
2020-08-04T11:00:00+02:00,0.60545,0.6062,0.60368,0.60482
2020-08-04T23:00:00+02:00,0.60482,0.60706,0.60437,0.60548
2020-08-05T11:00:00+02:00,0.60548,0.60638,0.6028,0.6039
2020-08-05T23:00:00+02:00,0.6039,0.60448,0.60187,0.60293
2020-08-06T11:00:00+02:00,0.60293,0.60892,0.60242,0.60842
2020-08-06T23:00:00+02:00,0.60842,0.60931,0.60668,0.6076
2020-08-07T11:00:00+02:00,0.6076,0.60836,0.60208,0.6021
2020-08-09T23:00:00+02:00,0.6021,0.60413,0.6016,0.60406
2020-08-10T11:00:00+02:00,0.60406,0.60534,0.6025,0.6035
2020-08-10T23:00:00+02:00,0.6035,0.60641,0.6031,0.60516
2020-08-11T11:00:00+02:00,0.60516,0.60584,0.60163,0.60293
2020-08-11T23:00:00+02:00,0.60293,0.60361,0.59897,0.59928
2020-08-12T11:00:00+02:00,0.59928,0.60104,0.59736,0.6001
2020-08-12T23:00:00+02:00,0.6001,0.60094,0.59677,0.59724
2020-08-13T11:00:00+02:00,0.59724,0.59848,0.59508,0.59562
2020-08-13T23:00:00+02:00,0.59562,0.59646,0.59401,0.59496
2020-08-14T11:00:00+02:00,0.59496,0.59657,0.59448,0.5947
2020-08-16T23:00:00+02:00,0.5947,0.59577,0.59232,0.59286
2020-08-17T11:00:00+02:00,0.59286,0.5957,0.59212,0.59462
2020-08-17T23:00:00+02:00,0.59462,0.59492,0.59167,0.59359
2020-08-18T11:00:00+02:00,0.59359,0.59696,0.59344,0.59657
2020-08-18T23:00:00+02:00,0.59657,0.59904,0.59612,0.59886
2020-08-19T11:00:00+02:00,0.59886,0.60326,0.59876,0.60012
2020-08-19T23:00:00+02:00,0.60012,0.60096,0.59608,0.59608
2020-08-20T11:00:00+02:00,0.59608,0.59654,0.59088,0.59323
2020-08-20T23:00:00+02:00,0.59323,0.59496,0.59245,0.59495
2020-08-21T11:00:00+02:00,0.59495,0.59684,0.59483,0.59619
2020-08-23T23:00:00+02:00,0.59619,0.59706,0.59394,0.5943
2020-08-24T11:00:00+02:00,0.5943,0.5965,0.59408,0.59518
2020-08-24T23:00:00+02:00,0.59518,0.59568,0.59314,0.59373
2020-08-25T11:00:00+02:00,0.59373,0.59624,0.59284,0.5944
2020-08-25T23:00:00+02:00,0.5944,0.5984,0.59393,0.5979
2020-08-26T11:00:00+02:00,0.5979,0.60179,0.59596,0.60136
2020-08-26T23:00:00+02:00,0.60136,0.6032,0.6001,0.60226
2020-08-27T11:00:00+02:00,0.60226,0.60442,0.60116,0.60356
2020-08-27T23:00:00+02:00,0.60356,0.60493,0.60302,0.60394
2020-08-28T11:00:00+02:00,0.60394,0.60972,0.6037,0.60965
2020-08-30T23:00:00+02:00,0.60965,0.60985,0.60732,0.608
2020-08-31T11:00:00+02:00,0.608,0.60967,0.60698,0.60854
2020-08-31T23:00:00+02:00,0.60854,0.61109,0.6082,0.61102
2020-09-01T11:00:00+02:00,0.61102,0.616,0.61059,0.61476
2020-09-01T23:00:00+02:00,0.61476,0.61861,0.61441,0.6169
2020-09-02T11:00:00+02:00,0.6169,0.61742,0.61428,0.61648
2020-09-02T23:00:00+02:00,0.61648,0.61763,0.6149,0.61544
2020-09-03T11:00:00+02:00,0.61544,0.61546,0.60868,0.61042
2020-09-03T23:00:00+02:00,0.61042,0.61187,0.60869,0.61154
2020-09-04T11:00:00+02:00,0.61154,0.61496,0.61028,0.614
2020-09-06T23:00:00+02:00,0.614,0.6141,0.61096,0.61209
2020-09-07T11:00:00+02:00,0.61209,0.61384,0.61202,0.61313
2020-09-07T23:00:00+02:00,0.61313,0.61486,0.61264,0.61269
2020-09-08T11:00:00+02:00,0.61269,0.61334,0.60654,0.60754
2020-09-08T23:00:00+02:00,0.60754,0.60954,0.60624,0.6083
2020-09-09T11:00:00+02:00,0.6083,0.61094,0.60814,0.60994
2020-09-09T23:00:00+02:00,0.60994,0.61016,0.60631,0.60661
2020-09-10T11:00:00+02:00,0.60661,0.60784,0.60455,0.60567
2020-09-10T23:00:00+02:00,0.60567,0.60806,0.60471,0.60694
2020-09-11T11:00:00+02:00,0.60694,0.60865,0.60424,0.60602
2020-09-13T23:00:00+02:00,0.60602,0.6089,0.60547,0.60766
2020-09-14T11:00:00+02:00,0.60766,0.60935,0.60658,0.60876
2020-09-14T23:00:00+02:00,0.60876,0.60993,0.607,0.60959
2020-09-15T11:00:00+02:00,0.60959,0.61065,0.6086,0.60964
2020-09-15T23:00:00+02:00,0.60964,0.61152,0.6093,0.61138
2020-09-16T11:00:00+02:00,0.61138,0.6137,0.61054,0.61226
2020-09-16T23:00:00+02:00,0.61226,0.61299,0.60966,0.61226
2020-09-17T11:00:00+02:00,0.61226,0.6139,0.61124,0.6138
2020-09-17T23:00:00+02:00,0.6138,0.61714,0.61293,0.6161
2020-09-18T11:00:00+02:00,0.6161,0.61744,0.61478,0.61623
2020-09-20T23:00:00+02:00,0.61623,0.6173,0.61353,0.6149
2020-09-21T11:00:00+02:00,0.6149,0.61572,0.60926,0.60972
2020-09-21T23:00:00+02:00,0.60972,0.61146,0.6085,0.61054
2020-09-22T11:00:00+02:00,0.61054,0.61158,0.60912,0.60999
2020-09-22T23:00:00+02:00,0.60999,0.6121,0.6066,0.60708
2020-09-23T11:00:00+02:00,0.60708,0.60762,0.60402,0.60609
2020-09-23T23:00:00+02:00,0.60609,0.60617,0.60256,0.60376
2020-09-24T11:00:00+02:00,0.60376,0.60757,0.60297,0.60706
2020-09-24T23:00:00+02:00,0.60706,0.61055,0.60586,0.60932
2020-09-25T11:00:00+02:00,0.60932,0.60968,0.6067,0.6079
2020-09-27T23:00:00+02:00,0.6079,0.60948,0.60672,0.6069
2020-09-28T11:00:00+02:00,0.6069,0.6093,0.6054,0.60594
2020-09-28T23:00:00+02:00,0.60594,0.60756,0.60569,0.60756
2020-09-29T11:00:00+02:00,0.60756,0.60846,0.60538,0.60557
2020-09-29T23:00:00+02:00,0.60557,0.60821,0.60552,0.60737
2020-09-30T11:00:00+02:00,0.60737,0.61086,0.60596,0.60906
2020-09-30T23:00:00+02:00,0.60906,0.61106,0.6089,0.60952
2020-10-01T11:00:00+02:00,0.60952,0.61166,0.60838,0.61102
2020-10-01T23:00:00+02:00,0.61102,0.61166,0.60868,0.61056
2020-10-02T11:00:00+02:00,0.61056,0.61133,0.6094,0.61088
2020-10-04T23:00:00+02:00,0.61088,0.61126,0.60812,0.60886
2020-10-05T11:00:00+02:00,0.60886,0.60946,0.60704,0.60814
2020-10-05T23:00:00+02:00,0.60814,0.60911,0.60592,0.60759
2020-10-06T11:00:00+02:00,0.60759,0.60874,0.60403,0.60488
2020-10-06T23:00:00+02:00,0.60488,0.60604,0.60365,0.60532
2020-10-07T11:00:00+02:00,0.60532,0.60542,0.60238,0.60348
2020-10-07T23:00:00+02:00,0.60348,0.60528,0.6004,0.60478
2020-10-08T11:00:00+02:00,0.60478,0.6055,0.60291,0.60314
2020-10-08T23:00:00+02:00,0.60314,0.60598,0.60314,0.60402
2020-10-09T11:00:00+02:00,0.60402,0.60724,0.60326,0.60708
2020-10-11T23:00:00+02:00,0.60708,0.60746,0.60577,0.60594
2020-10-12T11:00:00+02:00,0.60594,0.60698,0.60398,0.60444
2020-10-12T23:00:00+02:00,0.60444,0.60684,0.6032,0.6068
2020-10-13T11:00:00+02:00,0.6068,0.60851,0.60516,0.60842
2020-10-13T23:00:00+02:00,0.60842,0.60983,0.60803,0.60934
2020-10-14T11:00:00+02:00,0.60934,0.6107,0.6073,0.60806
2020-10-14T23:00:00+02:00,0.60806,0.60859,0.60382,0.60382
2020-10-15T11:00:00+02:00,0.60382,0.60444,0.60144,0.60328
2020-10-15T23:00:00+02:00,0.60328,0.60484,0.60279,0.60448
2020-10-16T11:00:00+02:00,0.60448,0.60544,0.60276,0.6044
2020-10-18T23:00:00+02:00,0.6044,0.60708,0.60401,0.60566
2020-10-19T11:00:00+02:00,0.60566,0.60601,0.60112,0.60125
2020-10-19T23:00:00+02:00,0.60125,0.60149,0.59679,0.59696
2020-10-20T11:00:00+02:00,0.59696,0.598,0.59497,0.59698
2020-10-20T23:00:00+02:00,0.59698,0.59915,0.59638,0.59772
2020-10-21T11:00:00+02:00,0.59772,0.60366,0.59771,0.6024
2020-10-21T23:00:00+02:00,0.6024,0.60481,0.60127,0.60416
2020-10-22T11:00:00+02:00,0.60416,0.60663,0.60388,0.60566
2020-10-22T23:00:00+02:00,0.60566,0.60657,0.60416,0.60559
2020-10-23T11:00:00+02:00,0.60559,0.60646,0.60359,0.60488
2020-10-25T22:00:00+01:00,0.60488,0.60626,0.60398,0.60586
2020-10-26T10:00:00+01:00,0.60586,0.60759,0.60532,0.60616
2020-10-26T22:00:00+01:00,0.60616,0.60759,0.60572,0.60728
2020-10-27T10:00:00+01:00,0.60728,0.6101,0.60693,0.60966
2020-10-27T22:00:00+01:00,0.60966,0.6112,0.60858,0.60884
2020-10-28T10:00:00+01:00,0.60884,0.6095,0.6038,0.60437
2020-10-28T22:00:00+01:00,0.60437,0.60646,0.6041,0.6057
2020-10-29T10:00:00+01:00,0.6057,0.60752,0.60384,0.60708
2020-10-29T22:00:00+01:00,0.60708,0.60754,0.60453,0.60698
2020-10-30T10:00:00+01:00,0.60698,0.61015,0.60502,0.60645
2020-11-01T23:00:00+01:00,0.60645,0.60686,0.60462,0.60676
2020-11-02T11:00:00+01:00,0.60676,0.61004,0.60644,0.6096
2020-11-02T23:00:00+01:00,0.6096,0.61222,0.60828,0.61139
2020-11-03T11:00:00+01:00,0.61139,0.6129,0.6095,0.61066
2020-11-03T23:00:00+01:00,0.61066,0.61334,0.60628,0.6081
2020-11-04T11:00:00+01:00,0.6081,0.61195,0.6063,0.61066
2020-11-04T23:00:00+01:00,0.61066,0.61218,0.60949,0.61066
2020-11-05T11:00:00+01:00,0.61066,0.61354,0.6097,0.61174
2020-11-05T23:00:00+01:00,0.61174,0.61401,0.61107,0.61171
2020-11-06T11:00:00+01:00,0.61171,0.61248,0.60899,0.60983
2020-11-08T23:00:00+01:00,0.60983,0.6131,0.60983,0.61227
2020-11-09T11:00:00+01:00,0.61227,0.62446,0.61209,0.62322
2020-11-09T23:00:00+01:00,0.62322,0.62607,0.62196,0.62586
2020-11-10T11:00:00+01:00,0.62586,0.6269,0.62248,0.62522
2020-11-10T23:00:00+01:00,0.62522,0.63272,0.62287,0.63183
2020-11-11T11:00:00+01:00,0.63183,0.63264,0.62983,0.63102
2020-11-11T23:00:00+01:00,0.63102,0.63335,0.62735,0.62831
2020-11-12T11:00:00+01:00,0.62831,0.62921,0.62566,0.62599
2020-11-12T23:00:00+01:00,0.62599,0.62621,0.62309,0.62397
2020-11-13T11:00:00+01:00,0.62397,0.62535,0.62353,0.625
2020-11-15T23:00:00+01:00,0.625,0.62826,0.62471,0.62642
2020-11-16T11:00:00+01:00,0.62642,0.63027,0.6258,0.63006
2020-11-16T23:00:00+01:00,0.63006,0.63096,0.62726,0.62812
2020-11-17T11:00:00+01:00,0.62812,0.6285,0.62554,0.62816
2020-11-17T23:00:00+01:00,0.62816,0.63096,0.62678,0.63008
2020-11-18T11:00:00+01:00,0.63008,0.632,0.62971,0.63098
2020-11-18T23:00:00+01:00,0.63098,0.63118,0.62788,0.62912
2020-11-19T11:00:00+01:00,0.62912,0.63088,0.62828,0.62952
2020-11-19T23:00:00+01:00,0.62952,0.63178,0.62888,0.6313
2020-11-20T11:00:00+01:00,0.6313,0.6336,0.63124,0.6314
2020-11-22T23:00:00+01:00,0.6314,0.63363,0.63125,0.63324
2020-11-23T11:00:00+01:00,0.63324,0.6334,0.63072,0.63174
2020-11-23T23:00:00+01:00,0.63174,0.63778,0.6313,0.63738
2020-11-24T11:00:00+01:00,0.63738,0.63829,0.63442,0.63557
2020-11-24T23:00:00+01:00,0.63557,0.63708,0.63428,0.63676
2020-11-25T11:00:00+01:00,0.63676,0.6373,0.63536,0.63646
2020-11-25T23:00:00+01:00,0.63646,0.63726,0.63467,0.63594
2020-11-26T11:00:00+01:00,0.63594,0.63669,0.63452,0.6351
2020-11-26T23:00:00+01:00,0.6351,0.63766,0.63462,0.63656
2020-11-27T11:00:00+01:00,0.63656,0.63752,0.63506,0.63576
2020-11-29T23:00:00+01:00,0.63576,0.63698,0.63366,0.63586
2020-11-30T11:00:00+01:00,0.63586,0.63782,0.63524,0.63777
2020-11-30T23:00:00+01:00,0.63777,0.6389,0.63658,0.63746
2020-12-01T11:00:00+01:00,0.63746,0.63788,0.63502,0.63569
2020-12-01T23:00:00+01:00,0.63569,0.63706,0.63441,0.63677
2020-12-02T11:00:00+01:00,0.63677,0.63679,0.63033,0.63264
2020-12-02T23:00:00+01:00,0.63264,0.63294,0.63079,0.63114
2020-12-03T11:00:00+01:00,0.63114,0.63268,0.62983,0.63053
2020-12-03T23:00:00+01:00,0.63053,0.6312,0.62732,0.62871
2020-12-04T11:00:00+01:00,0.62871,0.62871,0.62633,0.62804
2020-12-06T23:00:00+01:00,0.62804,0.62826,0.62639,0.62662
2020-12-07T11:00:00+01:00,0.62662,0.62814,0.62547,0.62737
2020-12-07T23:00:00+01:00,0.62737,0.62764,0.62624,0.6269
2020-12-08T11:00:00+01:00,0.6269,0.62732,0.62436,0.62586
2020-12-08T23:00:00+01:00,0.62586,0.62941,0.6254,0.62912
2020-12-09T11:00:00+01:00,0.62912,0.63019,0.62422,0.62441
2020-12-09T23:00:00+01:00,0.62441,0.62731,0.62366,0.62621
2020-12-10T11:00:00+01:00,0.62621,0.62952,0.6251,0.6288
2020-12-10T23:00:00+01:00,0.6288,0.62988,0.62772,0.62864
2020-12-11T11:00:00+01:00,0.62864,0.6314,0.62819,0.63044
2020-12-13T23:00:00+01:00,0.63044,0.63148,0.62955,0.6299
2020-12-14T11:00:00+01:00,0.6299,0.6309,0.6278,0.62804
2020-12-14T23:00:00+01:00,0.62804,0.62886,0.6251,0.62612
2020-12-15T11:00:00+01:00,0.62612,0.62872,0.62584,0.6276
2020-12-15T23:00:00+01:00,0.6276,0.6296,0.62738,0.62844
2020-12-16T11:00:00+01:00,0.62844,0.62983,0.62579,0.62946
2020-12-16T23:00:00+01:00,0.62946,0.6325,0.62906,0.63178
2020-12-17T11:00:00+01:00,0.63178,0.63396,0.63163,0.63225
2020-12-17T23:00:00+01:00,0.63225,0.63294,0.62936,0.62949
2020-12-18T11:00:00+01:00,0.62949,0.63159,0.62898,0.63034
2020-12-20T23:00:00+01:00,0.63034,0.6307,0.62344,0.62395
2020-12-21T11:00:00+01:00,0.62395,0.63026,0.6237,0.63018
2020-12-21T23:00:00+01:00,0.63018,0.63025,0.62454,0.62462
2020-12-22T11:00:00+01:00,0.62462,0.62722,0.62412,0.6263
2020-12-22T23:00:00+01:00,0.6263,0.6303,0.62516,0.62968
2020-12-23T11:00:00+01:00,0.62968,0.63152,0.62918,0.6306
2020-12-23T23:00:00+01:00,0.6306,0.63183,0.62942,0.63178
2020-12-24T11:00:00+01:00,0.63178,0.63461,0.63114,0.6325
2020-12-27T23:00:00+01:00,0.6325,0.63505,0.63188,0.63388
2020-12-28T11:00:00+01:00,0.63388,0.6341,0.63034,0.63094
2020-12-28T23:00:00+01:00,0.63094,0.63238,0.6307,0.63158
2020-12-29T11:00:00+01:00,0.63158,0.63424,0.63112,0.63232
2020-12-29T23:00:00+01:00,0.63232,0.6358,0.63138,0.63528
2020-12-30T11:00:00+01:00,0.63528,0.63692,0.63409,0.63504
2020-12-30T23:00:00+01:00,0.63504,0.63732,0.63482,0.63626
2020-12-31T11:00:00+01:00,0.63626,0.63804,0.63546,0.63556
2021-01-03T23:00:00+01:00,0.63556,0.63732,0.63459,0.63512
2021-01-04T11:00:00+01:00,0.63512,0.63616,0.6304,0.63194
2021-01-04T23:00:00+01:00,0.63194,0.63576,0.63165,0.63477
2021-01-05T11:00:00+01:00,0.63477,0.63759,0.63284,0.63697
2021-01-05T23:00:00+01:00,0.63697,0.64072,0.63636,0.64054
2021-01-06T11:00:00+01:00,0.64054,0.64246,0.63882,0.6413
2021-01-06T23:00:00+01:00,0.6413,0.64157,0.63968,0.64094
2021-01-07T11:00:00+01:00,0.64094,0.64331,0.63884,0.64208
2021-01-07T23:00:00+01:00,0.64208,0.6441,0.64188,0.64357
2021-01-08T11:00:00+01:00,0.64357,0.64378,0.63936,0.6406
2021-01-10T23:00:00+01:00,0.6406,0.64116,0.6381,0.63928
2021-01-11T11:00:00+01:00,0.63928,0.64106,0.63722,0.63772
2021-01-11T23:00:00+01:00,0.63772,0.64027,0.63758,0.63974
2021-01-12T11:00:00+01:00,0.63974,0.64104,0.63738,0.63987
2021-01-12T23:00:00+01:00,0.63987,0.6413,0.63848,0.63888
2021-01-13T11:00:00+01:00,0.63888,0.63892,0.63622,0.63715
2021-01-13T23:00:00+01:00,0.63715,0.63958,0.637,0.63887
2021-01-14T11:00:00+01:00,0.63887,0.6421,0.63844,0.64188
2021-01-14T23:00:00+01:00,0.64188,0.64188,0.63727,0.63796
2021-01-15T11:00:00+01:00,0.63796,0.6384,0.63334,0.63546
2021-01-17T23:00:00+01:00,0.63546,0.63612,0.63276,0.63318
2021-01-18T11:00:00+01:00,0.63318,0.63424,0.63258,0.63354
2021-01-18T23:00:00+01:00,0.63354,0.63594,0.63218,0.6324
2021-01-19T11:00:00+01:00,0.6324,0.63374,0.63087,0.63294
2021-01-19T23:00:00+01:00,0.63294,0.63476,0.63201,0.63433
2021-01-20T11:00:00+01:00,0.63433,0.63821,0.63411,0.63801
2021-01-20T23:00:00+01:00,0.63801,0.6408,0.63794,0.64043
2021-01-21T11:00:00+01:00,0.64043,0.64054,0.63655,0.63878
2021-01-21T23:00:00+01:00,0.63878,0.63933,0.63554,0.6358
2021-01-22T11:00:00+01:00,0.6358,0.63646,0.6347,0.63604
2021-01-24T23:00:00+01:00,0.63604,0.63924,0.63472,0.63921
2021-01-25T11:00:00+01:00,0.63921,0.64028,0.6373,0.64004
2021-01-25T23:00:00+01:00,0.64004,0.6401,0.6375,0.64006
2021-01-26T11:00:00+01:00,0.64006,0.64328,0.63984,0.64182
2021-01-26T23:00:00+01:00,0.64182,0.64225,0.64027,0.64166
2021-01-27T11:00:00+01:00,0.64166,0.6424,0.63541,0.63636
2021-01-27T23:00:00+01:00,0.63636,0.63746,0.63208,0.63292
2021-01-28T11:00:00+01:00,0.63292,0.63864,0.63268,0.63744
2021-01-28T23:00:00+01:00,0.63744,0.63834,0.63618,0.63731
2021-01-29T11:00:00+01:00,0.63731,0.6421,0.63679,0.63984
2021-01-31T23:00:00+01:00,0.63984,0.643,0.63712,0.64248
2021-02-01T11:00:00+01:00,0.64248,0.64329,0.64012,0.642
2021-02-01T23:00:00+01:00,0.642,0.64415,0.64128,0.6434
2021-02-02T11:00:00+01:00,0.6434,0.64589,0.64148,0.6454
2021-02-02T23:00:00+01:00,0.6454,0.64863,0.6451,0.64672
2021-02-03T11:00:00+01:00,0.64672,0.64832,0.64657,0.64807
2021-02-03T23:00:00+01:00,0.64807,0.64995,0.64678,0.64962
2021-02-04T11:00:00+01:00,0.64962,0.64965,0.64609,0.6472
2021-02-04T23:00:00+01:00,0.6472,0.64768,0.64543,0.64664
2021-02-05T11:00:00+01:00,0.64664,0.64838,0.64476,0.64694
2021-02-07T23:00:00+01:00,0.64694,0.64867,0.64636,0.64826
2021-02-08T11:00:00+01:00,0.64826,0.64991,0.64668,0.64909
2021-02-08T23:00:00+01:00,0.64909,0.6503,0.64739,0.64762
2021-02-09T11:00:00+01:00,0.64762,0.64766,0.64518,0.64607
2021-02-09T23:00:00+01:00,0.64607,0.64648,0.64244,0.64265
2021-02-10T11:00:00+01:00,0.64265,0.64376,0.64116,0.64237
2021-02-10T23:00:00+01:00,0.64237,0.64368,0.64142,0.64322
2021-02-11T11:00:00+01:00,0.64322,0.64514,0.64266,0.64333
2021-02-11T23:00:00+01:00,0.64333,0.64401,0.6408,0.64142
2021-02-12T11:00:00+01:00,0.64142,0.64436,0.64118,0.64392
2021-02-14T23:00:00+01:00,0.64392,0.64588,0.64268,0.64455
2021-02-15T11:00:00+01:00,0.64455,0.64474,0.6428,0.64342
2021-02-15T23:00:00+01:00,0.64342,0.64582,0.64318,0.64524
2021-02-16T11:00:00+01:00,0.64524,0.64527,0.64253,0.64358
2021-02-16T23:00:00+01:00,0.64358,0.64542,0.6419,0.64366
2021-02-17T11:00:00+01:00,0.64366,0.64628,0.64256,0.6462
2021-02-17T23:00:00+01:00,0.6462,0.64708,0.64548,0.64698
2021-02-18T11:00:00+01:00,0.64698,0.64738,0.64464,0.64696
2021-02-18T23:00:00+01:00,0.64696,0.64956,0.64588,0.6489
2021-02-19T11:00:00+01:00,0.6489,0.65476,0.64863,0.65389
2021-02-21T23:00:00+01:00,0.65389,0.65781,0.65328,0.6569
2021-02-22T11:00:00+01:00,0.6569,0.65776,0.65572,0.65682
2021-02-22T23:00:00+01:00,0.65682,0.65951,0.65466,0.65824
2021-02-23T11:00:00+01:00,0.65824,0.66504,0.65811,0.66476
2021-02-23T23:00:00+01:00,0.66476,0.6715,0.66264,0.66958
2021-02-24T11:00:00+01:00,0.66958,0.67589,0.66848,0.67464
2021-02-24T23:00:00+01:00,0.67464,0.67628,0.67278,0.67595
2021-02-25T11:00:00+01:00,0.67595,0.67673,0.66661,0.66676
2021-02-25T23:00:00+01:00,0.66676,0.66813,0.66186,0.66194
2021-02-26T11:00:00+01:00,0.66194,0.66303,0.65674,0.65722
2021-02-28T23:00:00+01:00,0.65722,0.66242,0.65722,0.65977
2021-03-01T11:00:00+01:00,0.65977,0.66635,0.6597,0.66472
2021-03-01T23:00:00+01:00,0.66472,0.6663,0.66142,0.66422
2021-03-02T11:00:00+01:00,0.66422,0.66778,0.6617,0.66694
2021-03-02T23:00:00+01:00,0.66694,0.66884,0.66602,0.66818
2021-03-03T11:00:00+01:00,0.66818,0.66861,0.6643,0.66658
2021-03-03T23:00:00+01:00,0.66658,0.67088,0.66491,0.66893
2021-03-04T11:00:00+01:00,0.66893,0.67286,0.6669,0.66762
2021-03-04T23:00:00+01:00,0.66762,0.66845,0.66292,0.66354
2021-03-05T11:00:00+01:00,0.66354,0.66806,0.66037,0.6666
2021-03-07T23:00:00+01:00,0.6666,0.66888,0.66356,0.66394
2021-03-08T11:00:00+01:00,0.66394,0.66875,0.6636,0.66716
2021-03-08T23:00:00+01:00,0.66716,0.66957,0.66544,0.66883
2021-03-09T11:00:00+01:00,0.66883,0.6691,0.66428,0.66566
2021-03-09T23:00:00+01:00,0.66566,0.66668,0.66364,0.6662
2021-03-10T11:00:00+01:00,0.6662,0.66934,0.66564,0.66905
2021-03-10T23:00:00+01:00,0.66905,0.67161,0.66622,0.66893
2021-03-11T11:00:00+01:00,0.66893,0.66974,0.6665,0.66826
2021-03-11T23:00:00+01:00,0.66826,0.6692,0.66638,0.66808
2021-03-12T11:00:00+01:00,0.66808,0.66816,0.66591,0.66739
2021-03-14T22:00:00+01:00,0.66739,0.66993,0.66586,0.66987
2021-03-15T10:00:00+01:00,0.66987,0.67066,0.66634,0.66796
2021-03-15T22:00:00+01:00,0.66796,0.66854,0.66598,0.66611
2021-03-16T10:00:00+01:00,0.66611,0.6668,0.66398,0.66494
2021-03-16T22:00:00+01:00,0.66494,0.6667,0.66421,0.66532
2021-03-17T10:00:00+01:00,0.66532,0.66954,0.6631,0.66794
2021-03-17T22:00:00+01:00,0.66794,0.6703,0.66682,0.66789
2021-03-18T10:00:00+01:00,0.66789,0.67036,0.66447,0.6646
2021-03-18T22:00:00+01:00,0.6646,0.66626,0.66358,0.66598
2021-03-19T10:00:00+01:00,0.66598,0.66711,0.6645,0.6657
2021-03-21T22:00:00+01:00,0.6657,0.66632,0.66324,0.66362
2021-03-22T10:00:00+01:00,0.66362,0.66452,0.66093,0.6613
2021-03-22T22:00:00+01:00,0.6613,0.6616,0.65366,0.65636
2021-03-23T10:00:00+01:00,0.65636,0.65662,0.65267,0.65372
2021-03-23T22:00:00+01:00,0.65372,0.6555,0.65151,0.6533
2021-03-24T10:00:00+01:00,0.6533,0.65442,0.65132,0.65134
2021-03-24T22:00:00+01:00,0.65134,0.65394,0.65117,0.65366
2021-03-25T10:00:00+01:00,0.65366,0.65376,0.65136,0.65352
2021-03-25T22:00:00+01:00,0.65352,0.65742,0.65274,0.65695
2021-03-26T10:00:00+01:00,0.65695,0.65816,0.65566,0.6573
2021-03-28T23:00:00+02:00,0.6573,0.6573,0.65425,0.65453
2021-03-29T11:00:00+02:00,0.65453,0.65924,0.65444,0.65738
2021-03-29T23:00:00+02:00,0.65738,0.66066,0.65664,0.66022
2021-03-30T11:00:00+02:00,0.66022,0.66054,0.65702,0.65795
2021-03-30T23:00:00+02:00,0.65795,0.6595,0.65752,0.65894
2021-03-31T11:00:00+02:00,0.65894,0.6612,0.658,0.65904
2021-03-31T23:00:00+02:00,0.65904,0.6599,0.6569,0.65923
2021-04-01T11:00:00+02:00,0.65923,0.66304,0.65886,0.66113
2021-04-01T23:00:00+02:00,0.66113,0.66307,0.66044,0.66127
2021-04-02T11:00:00+02:00,0.66127,0.66382,0.66082,0.6632
2021-04-04T23:00:00+02:00,0.6632,0.66388,0.66162,0.66372
2021-04-05T11:00:00+02:00,0.66372,0.66451,0.66052,0.66097
2021-04-05T23:00:00+02:00,0.66097,0.66226,0.65879,0.65911
2021-04-06T11:00:00+02:00,0.65911,0.6592,0.65626,0.65702
2021-04-06T23:00:00+02:00,0.65702,0.65864,0.65393,0.6546
2021-04-07T11:00:00+02:00,0.6546,0.65473,0.65088,0.65215
2021-04-07T23:00:00+02:00,0.65215,0.65396,0.65112,0.65182
2021-04-08T11:00:00+02:00,0.65182,0.65412,0.6514,0.65236
2021-04-08T23:00:00+02:00,0.65236,0.65303,0.64848,0.65134
2021-04-09T11:00:00+02:00,0.65134,0.65324,0.64994,0.64994
2021-04-11T23:00:00+02:00,0.64994,0.65176,0.6489,0.65067
2021-04-12T11:00:00+02:00,0.65067,0.65114,0.64794,0.64834
2021-04-12T23:00:00+02:00,0.64834,0.6509,0.64738,0.65022
2021-04-13T11:00:00+02:00,0.65022,0.65127,0.6479,0.6495
2021-04-13T23:00:00+02:00,0.6495,0.65465,0.6487,0.65376
2021-04-14T11:00:00+02:00,0.65376,0.65968,0.65354,0.65924
2021-04-14T23:00:00+02:00,0.65924,0.66266,0.6583,0.66189
2021-04-15T11:00:00+02:00,0.66189,0.66212,0.6597,0.66139
2021-04-15T23:00:00+02:00,0.66139,0.66233,0.65728,0.65876
2021-04-16T11:00:00+02:00,0.65876,0.65914,0.65567,0.65736
2021-04-18T23:00:00+02:00,0.65736,0.65866,0.65531,0.65781
2021-04-19T11:00:00+02:00,0.65781,0.65812,0.65626,0.6569
2021-04-19T23:00:00+02:00,0.6569,0.66122,0.65634,0.65995
2021-04-20T11:00:00+02:00,0.65995,0.66046,0.65644,0.65728
2021-04-20T23:00:00+02:00,0.65728,0.65964,0.6561,0.65852
2021-04-21T11:00:00+02:00,0.65852,0.66212,0.65798,0.66109
2021-04-21T23:00:00+02:00,0.66109,0.66146,0.65697,0.65736
2021-04-22T11:00:00+02:00,0.65736,0.65884,0.65626,0.65709
2021-04-22T23:00:00+02:00,0.65709,0.65884,0.65592,0.65724
2021-04-23T11:00:00+02:00,0.65724,0.65817,0.65618,0.6578
2021-04-25T23:00:00+02:00,0.6578,0.65986,0.65685,0.65968
2021-04-26T11:00:00+02:00,0.65968,0.6624,0.65916,0.66164
2021-04-26T23:00:00+02:00,0.66164,0.66209,0.66038,0.66096
2021-04-27T11:00:00+02:00,0.66096,0.66111,0.65762,0.65856
2021-04-27T23:00:00+02:00,0.65856,0.66125,0.65758,0.66048
2021-04-28T11:00:00+02:00,0.66048,0.662,0.65934,0.66021
2021-04-28T23:00:00+02:00,0.66021,0.66187,0.65939,0.66
2021-04-29T11:00:00+02:00,0.66,0.66034,0.65743,0.65842
2021-04-29T23:00:00+02:00,0.65842,0.65934,0.65742,0.65804
2021-04-30T11:00:00+02:00,0.65804,0.65806,0.65338,0.65398
2021-05-02T23:00:00+02:00,0.65398,0.6561,0.65342,0.65344
2021-05-03T11:00:00+02:00,0.65344,0.65715,0.65306,0.65566
2021-05-03T23:00:00+02:00,0.65566,0.65704,0.6536,0.65392
2021-05-04T11:00:00+02:00,0.65392,0.6541,0.64988,0.65282
2021-05-04T23:00:00+02:00,0.65282,0.65725,0.65258,0.65654
2021-05-05T11:00:00+02:00,0.65654,0.65904,0.65608,0.65864
2021-05-05T23:00:00+02:00,0.65864,0.66044,0.65498,0.65587
2021-05-06T11:00:00+02:00,0.65587,0.65748,0.65366,0.65642
2021-05-06T23:00:00+02:00,0.65642,0.65748,0.65432,0.65588
2021-05-07T11:00:00+02:00,0.65588,0.65771,0.65404,0.65534
2021-05-09T23:00:00+02:00,0.65534,0.65712,0.65424,0.65622
2021-05-10T11:00:00+02:00,0.65622,0.65714,0.65443,0.65496
2021-05-10T23:00:00+02:00,0.65496,0.65692,0.65351,0.65666
2021-05-11T11:00:00+02:00,0.65666,0.65766,0.65456,0.65724
2021-05-11T23:00:00+02:00,0.65724,0.65776,0.65324,0.65384
2021-05-12T11:00:00+02:00,0.65384,0.65528,0.64968,0.65084
2021-05-12T23:00:00+02:00,0.65084,0.65192,0.64871,0.64995
2021-05-13T11:00:00+02:00,0.64995,0.65156,0.64778,0.65085
2021-05-13T23:00:00+02:00,0.65085,0.65131,0.64853,0.65046
2021-05-14T11:00:00+02:00,0.65046,0.6544,0.65038,0.65376
2021-05-16T23:00:00+02:00,0.65376,0.65378,0.65004,0.65084
2021-05-17T11:00:00+02:00,0.65084,0.65188,0.64743,0.6509
2021-05-17T23:00:00+02:00,0.6509,0.65324,0.65013,0.65076
2021-05-18T11:00:00+02:00,0.65076,0.65242,0.64958,0.65062
2021-05-18T23:00:00+02:00,0.65062,0.6509,0.6478,0.64836
2021-05-19T11:00:00+02:00,0.64836,0.64905,0.64594,0.64796
2021-05-19T23:00:00+02:00,0.64796,0.65009,0.64684,0.64714
2021-05-20T11:00:00+02:00,0.64714,0.64897,0.64606,0.6466
2021-05-20T23:00:00+02:00,0.6466,0.6466,0.64299,0.6447
2021-05-21T11:00:00+02:00,0.6447,0.64803,0.64294,0.64437
2021-05-23T23:00:00+02:00,0.64437,0.64547,0.64291,0.64446
2021-05-24T11:00:00+02:00,0.64446,0.64742,0.64366,0.64728
2021-05-24T23:00:00+02:00,0.64728,0.64837,0.64562,0.64622
2021-05-25T11:00:00+02:00,0.64622,0.64928,0.64588,0.64716
2021-05-25T23:00:00+02:00,0.64716,0.65446,0.64652,0.65308
2021-05-26T11:00:00+02:00,0.65308,0.65596,0.65272,0.65376
2021-05-26T23:00:00+02:00,0.65376,0.65539,0.65266,0.65501
2021-05-27T11:00:00+02:00,0.65501,0.65706,0.65333,0.6542
2021-05-27T23:00:00+02:00,0.6542,0.6546,0.65078,0.6518
2021-05-28T11:00:00+02:00,0.6518,0.65322,0.65046,0.65216
2021-05-30T23:00:00+02:00,0.65216,0.65408,0.65113,0.65333
2021-05-31T11:00:00+02:00,0.65333,0.655,0.65296,0.65358
2021-05-31T23:00:00+02:00,0.65358,0.65478,0.65298,0.65301
2021-06-01T11:00:00+02:00,0.65301,0.6537,0.64892,0.6512
2021-06-01T23:00:00+02:00,0.6512,0.65231,0.64824,0.65052
2021-06-02T11:00:00+02:00,0.65052,0.65242,0.64932,0.64984
2021-06-02T23:00:00+02:00,0.64984,0.65032,0.6483,0.64996
2021-06-03T11:00:00+02:00,0.64996,0.65006,0.64456,0.64566
2021-06-03T23:00:00+02:00,0.64566,0.64769,0.64494,0.64684
2021-06-04T11:00:00+02:00,0.64684,0.64875,0.64567,0.64844
2021-06-06T23:00:00+02:00,0.64844,0.64916,0.64724,0.64904
2021-06-07T11:00:00+02:00,0.64904,0.65068,0.6482,0.64864
2021-06-07T23:00:00+02:00,0.64864,0.64916,0.64682,0.64694
2021-06-08T11:00:00+02:00,0.64694,0.64696,0.64411,0.6454
2021-06-08T23:00:00+02:00,0.6454,0.64638,0.6448,0.64562
2021-06-09T11:00:00+02:00,0.64562,0.64582,0.64222,0.64308
2021-06-09T23:00:00+02:00,0.64308,0.64403,0.64218,0.64391
2021-06-10T11:00:00+02:00,0.64391,0.64567,0.64306,0.64359
2021-06-10T23:00:00+02:00,0.64359,0.64504,0.64242,0.64466
2021-06-11T11:00:00+02:00,0.64466,0.6449,0.6397,0.63998
2021-06-13T23:00:00+02:00,0.63998,0.64243,0.63998,0.64172
2021-06-14T11:00:00+02:00,0.64172,0.6431,0.6412,0.64246
2021-06-14T23:00:00+02:00,0.64246,0.64384,0.64034,0.64083
2021-06-15T11:00:00+02:00,0.64083,0.64199,0.63874,0.6397
2021-06-15T23:00:00+02:00,0.6397,0.64228,0.63939,0.64146
2021-06-16T11:00:00+02:00,0.64146,0.64297,0.63877,0.6408
2021-06-16T23:00:00+02:00,0.6408,0.64522,0.64037,0.64472
2021-06-17T11:00:00+02:00,0.64472,0.64502,0.64066,0.64311
2021-06-17T23:00:00+02:00,0.64311,0.64402,0.63957,0.64202
2021-06-18T11:00:00+02:00,0.64202,0.64274,0.6388,0.6401
2021-06-20T23:00:00+02:00,0.6401,0.6431,0.6386,0.6413
2021-06-21T11:00:00+02:00,0.6413,0.6427,0.64094,0.64142
2021-06-21T23:00:00+02:00,0.64142,0.64274,0.64074,0.64166
2021-06-22T11:00:00+02:00,0.64166,0.64552,0.64148,0.64483
2021-06-22T23:00:00+02:00,0.64483,0.6471,0.64349,0.64666
2021-06-23T11:00:00+02:00,0.64666,0.64796,0.64586,0.64724
2021-06-23T23:00:00+02:00,0.64724,0.64925,0.64564,0.64899
2021-06-24T11:00:00+02:00,0.64899,0.64942,0.64756,0.64811
2021-06-24T23:00:00+02:00,0.64811,0.64979,0.64762,0.6487
2021-06-25T11:00:00+02:00,0.6487,0.64985,0.64758,0.64802
2021-06-27T23:00:00+02:00,0.64802,0.65028,0.64757,0.64851
2021-06-28T11:00:00+02:00,0.64851,0.6488,0.64704,0.64749
2021-06-28T23:00:00+02:00,0.64749,0.64867,0.64403,0.64482
2021-06-29T11:00:00+02:00,0.64482,0.6452,0.64324,0.64415
2021-06-29T23:00:00+02:00,0.64415,0.64552,0.64356,0.64404
2021-06-30T11:00:00+02:00,0.64404,0.64704,0.64355,0.64628
2021-06-30T23:00:00+02:00,0.64628,0.64821,0.64568,0.64722
2021-07-01T11:00:00+02:00,0.64722,0.64782,0.64476,0.64514
2021-07-01T23:00:00+02:00,0.64514,0.64566,0.64434,0.64436
2021-07-02T11:00:00+02:00,0.64436,0.64779,0.6436,0.64696
2021-07-04T23:00:00+02:00,0.64696,0.64838,0.64681,0.64756
2021-07-05T11:00:00+02:00,0.64756,0.6503,0.64653,0.648
2021-07-05T23:00:00+02:00,0.648,0.65412,0.64752,0.65405
2021-07-06T11:00:00+02:00,0.65405,0.65462,0.6462,0.64817
2021-07-06T23:00:00+02:00,0.64817,0.64976,0.64724,0.64859
2021-07-07T11:00:00+02:00,0.64859,0.65188,0.64766,0.64954
2021-07-07T23:00:00+02:00,0.64954,0.65021,0.63838,0.63952
2021-07-08T11:00:00+02:00,0.63952,0.64013,0.63344,0.63586
2021-07-08T23:00:00+02:00,0.63586,0.63696,0.6337,0.6364
2021-07-09T11:00:00+02:00,0.6364,0.64025,0.63626,0.6392
2021-07-11T23:00:00+02:00,0.6392,0.64106,0.63634,0.63764
2021-07-12T11:00:00+02:00,0.63764,0.63996,0.63632,0.63894
2021-07-12T23:00:00+02:00,0.63894,0.64093,0.63866,0.63977
2021-07-13T11:00:00+02:00,0.63977,0.64015,0.63626,0.63818
2021-07-13T23:00:00+02:00,0.63818,0.64546,0.63732,0.64383
2021-07-14T11:00:00+02:00,0.64383,0.64562,0.64227,0.64364
2021-07-14T23:00:00+02:00,0.64364,0.64456,0.64043,0.64084
2021-07-15T11:00:00+02:00,0.64084,0.64289,0.63964,0.64092
2021-07-15T23:00:00+02:00,0.64092,0.64622,0.6403,0.64601
2021-07-16T11:00:00+02:00,0.64601,0.64604,0.6432,0.64358
2021-07-18T23:00:00+02:00,0.64358,0.64408,0.6412,0.64186
2021-07-19T11:00:00+02:00,0.64186,0.64243,0.63488,0.63738
2021-07-19T23:00:00+02:00,0.63738,0.6384,0.63306,0.63474
2021-07-20T11:00:00+02:00,0.63474,0.63788,0.63328,0.63734
2021-07-20T23:00:00+02:00,0.63734,0.6388,0.63571,0.638
2021-07-21T11:00:00+02:00,0.638,0.64026,0.6376,0.63966
2021-07-21T23:00:00+02:00,0.63966,0.63976,0.63746,0.63888
2021-07-22T11:00:00+02:00,0.63888,0.64175,0.63754,0.64097
2021-07-22T23:00:00+02:00,0.64097,0.64236,0.6399,0.64223
2021-07-23T11:00:00+02:00,0.64223,0.64384,0.64117,0.64118
2021-07-25T23:00:00+02:00,0.64118,0.64243,0.63832,0.63952
2021-07-26T11:00:00+02:00,0.63952,0.64224,0.63927,0.64119
2021-07-26T23:00:00+02:00,0.64119,0.6415,0.6372,0.63774
2021-07-27T11:00:00+02:00,0.63774,0.63938,0.6349,0.63625
2021-07-27T23:00:00+02:00,0.63625,0.63764,0.6347,0.63487
2021-07-28T11:00:00+02:00,0.63487,0.63566,0.63117,0.63308
2021-07-28T23:00:00+02:00,0.63308,0.63576,0.63198,0.63512
2021-07-29T11:00:00+02:00,0.63512,0.63592,0.63379,0.6353
2021-07-29T23:00:00+02:00,0.6353,0.63584,0.63401,0.63495
2021-07-30T11:00:00+02:00,0.63495,0.63544,0.63063,0.63114
2021-08-01T23:00:00+02:00,0.63114,0.63277,0.63022,0.63182
2021-08-02T11:00:00+02:00,0.63182,0.63245,0.63056,0.631
2021-08-02T23:00:00+02:00,0.631,0.63543,0.63064,0.63358
2021-08-03T11:00:00+02:00,0.63358,0.63464,0.63122,0.63446
2021-08-03T23:00:00+02:00,0.63446,0.64065,0.6339,0.64002
2021-08-04T11:00:00+02:00,0.64002,0.6406,0.638,0.63916
2021-08-04T23:00:00+02:00,0.63916,0.64018,0.63801,0.64004
2021-08-05T11:00:00+02:00,0.64004,0.64125,0.63936,0.63993
2021-08-05T23:00:00+02:00,0.63993,0.64038,0.63889,0.64031
2021-08-06T11:00:00+02:00,0.64031,0.64237,0.64016,0.64146
2021-08-08T23:00:00+02:00,0.64146,0.64296,0.63958,0.64248
2021-08-09T11:00:00+02:00,0.64248,0.64464,0.64213,0.64368
2021-08-09T23:00:00+02:00,0.64368,0.64402,0.64126,0.6436
2021-08-10T11:00:00+02:00,0.6436,0.64704,0.64322,0.64684
2021-08-10T23:00:00+02:00,0.64684,0.64723,0.64592,0.64643
2021-08-11T11:00:00+02:00,0.64643,0.65038,0.64626,0.64921
2021-08-11T23:00:00+02:00,0.64921,0.64958,0.64716,0.64847
2021-08-12T11:00:00+02:00,0.64847,0.64871,0.6461,0.64668
2021-08-12T23:00:00+02:00,0.64668,0.648,0.64582,0.64646
2021-08-13T11:00:00+02:00,0.64646,0.64682,0.644,0.64458
2021-08-15T23:00:00+02:00,0.64458,0.64561,0.64194,0.64208
2021-08-16T11:00:00+02:00,0.64208,0.64279,0.63958,0.64064
2021-08-16T23:00:00+02:00,0.64064,0.64175,0.62964,0.63106
2021-08-17T11:00:00+02:00,0.63106,0.63325,0.62986,0.63308
2021-08-17T23:00:00+02:00,0.63308,0.63522,0.62804,0.63151
2021-08-18T11:00:00+02:00,0.63151,0.63343,0.62919,0.63136
2021-08-18T23:00:00+02:00,0.63136,0.63356,0.62404,0.62488
2021-08-19T11:00:00+02:00,0.62488,0.62945,0.62388,0.6272
2021-08-19T23:00:00+02:00,0.6272,0.62896,0.62366,0.62615
2021-08-20T11:00:00+02:00,0.62615,0.62768,0.6245,0.62581
2021-08-22T23:00:00+02:00,0.62581,0.62798,0.6252,0.6265
2021-08-23T11:00:00+02:00,0.6265,0.63044,0.62512,0.62865
2021-08-23T23:00:00+02:00,0.62865,0.63402,0.62806,0.63331
2021-08-24T11:00:00+02:00,0.63331,0.63499,0.63222,0.63497
2021-08-24T23:00:00+02:00,0.63497,0.6356,0.63314,0.63516
2021-08-25T11:00:00+02:00,0.63516,0.63822,0.63452,0.63715
2021-08-25T23:00:00+02:00,0.63715,0.63841,0.63618,0.63761
2021-08-26T11:00:00+02:00,0.63761,0.64016,0.63668,0.63786
2021-08-26T23:00:00+02:00,0.63786,0.63876,0.63602,0.63874
2021-08-27T11:00:00+02:00,0.63874,0.64011,0.63684,0.6387
2021-08-29T23:00:00+02:00,0.6387,0.64118,0.63688,0.64118
2021-08-30T11:00:00+02:00,0.64118,0.64253,0.63952,0.64196
2021-08-30T23:00:00+02:00,0.64196,0.6471,0.6412,0.64492
2021-08-31T11:00:00+02:00,0.64492,0.64592,0.64236,0.64503
2021-08-31T23:00:00+02:00,0.64503,0.64852,0.64426,0.64783
2021-09-01T11:00:00+02:00,0.64783,0.64796,0.64528,0.64738
2021-09-01T23:00:00+02:00,0.64738,0.64902,0.64604,0.64894
2021-09-02T11:00:00+02:00,0.64894,0.65142,0.64849,0.64998
2021-09-02T23:00:00+02:00,0.64998,0.65194,0.64932,0.65166
2021-09-03T11:00:00+02:00,0.65166,0.65477,0.65084,0.65362
2021-09-05T23:00:00+02:00,0.65362,0.65459,0.6526,0.65376
2021-09-06T11:00:00+02:00,0.65376,0.65476,0.65254,0.65294
2021-09-06T23:00:00+02:00,0.65294,0.6541,0.65029,0.65116
2021-09-07T11:00:00+02:00,0.65116,0.65308,0.65007,0.6529
2021-09-07T23:00:00+02:00,0.6529,0.65388,0.65082,0.65217
2021-09-08T11:00:00+02:00,0.65217,0.65528,0.65202,0.65472
2021-09-08T23:00:00+02:00,0.65472,0.65528,0.65217,0.65373
2021-09-09T11:00:00+02:00,0.65373,0.65502,0.65144,0.65158
2021-09-09T23:00:00+02:00,0.65158,0.6551,0.64998,0.65472
2021-09-10T11:00:00+02:00,0.65472,0.6564,0.65258,0.6529
2021-09-12T23:00:00+02:00,0.6529,0.65556,0.65242,0.65546
2021-09-13T11:00:00+02:00,0.65546,0.65664,0.65455,0.65652
2021-09-13T23:00:00+02:00,0.65652,0.65724,0.65461,0.65636
2021-09-14T11:00:00+02:00,0.65636,0.65752,0.65115,0.65333
2021-09-14T23:00:00+02:00,0.65333,0.65338,0.65062,0.65215
2021-09-15T11:00:00+02:00,0.65215,0.65447,0.65022,0.65376
2021-09-15T23:00:00+02:00,0.65376,0.65722,0.6534,0.65722
2021-09-16T11:00:00+02:00,0.65722,0.65815,0.65292,0.65632
2021-09-16T23:00:00+02:00,0.65632,0.65684,0.65465,0.65679
2021-09-17T11:00:00+02:00,0.65679,0.65679,0.654,0.65596
2021-09-19T23:00:00+02:00,0.65596,0.65652,0.6535,0.65377
2021-09-20T11:00:00+02:00,0.65377,0.65482,0.65062,0.65229
2021-09-20T23:00:00+02:00,0.65229,0.65356,0.64961,0.65261
2021-09-21T11:00:00+02:00,0.65261,0.65285,0.64534,0.64704
2021-09-21T23:00:00+02:00,0.64704,0.6499,0.64587,0.64797
2021-09-22T11:00:00+02:00,0.64797,0.65066,0.64602,0.64873
2021-09-22T23:00:00+02:00,0.64873,0.6511,0.64708,0.65059
2021-09-23T11:00:00+02:00,0.65059,0.65439,0.65038,0.65352
2021-09-23T23:00:00+02:00,0.65352,0.65465,0.65106,0.65166
2021-09-24T11:00:00+02:00,0.65166,0.65168,0.64738,0.64818
2021-09-26T23:00:00+02:00,0.64818,0.651,0.6477,0.64998
2021-09-27T11:00:00+02:00,0.64998,0.65049,0.64854,0.64945
2021-09-27T23:00:00+02:00,0.64945,0.65099,0.64704,0.6475
2021-09-28T11:00:00+02:00,0.6475,0.64752,0.64515,0.64672
2021-09-28T23:00:00+02:00,0.64672,0.64702,0.6449,0.64564
2021-09-29T11:00:00+02:00,0.64564,0.64575,0.6407,0.64182
2021-09-29T23:00:00+02:00,0.64182,0.64354,0.64144,0.6421
2021-09-30T11:00:00+02:00,0.6421,0.64538,0.64174,0.64282
2021-09-30T23:00:00+02:00,0.64282,0.64402,0.64048,0.64297
2021-10-01T11:00:00+02:00,0.64297,0.64659,0.64244,0.64592
2021-10-03T23:00:00+02:00,0.64592,0.6468,0.64455,0.64572
2021-10-04T11:00:00+02:00,0.64572,0.64724,0.64221,0.64461
2021-10-04T23:00:00+02:00,0.64461,0.64513,0.64183,0.64487
2021-10-05T11:00:00+02:00,0.64487,0.64712,0.64476,0.64618
2021-10-05T23:00:00+02:00,0.64618,0.64824,0.6402,0.64026
2021-10-06T11:00:00+02:00,0.64026,0.64235,0.63946,0.64118
2021-10-06T23:00:00+02:00,0.64118,0.64288,0.64094,0.64192
2021-10-07T11:00:00+02:00,0.64192,0.64452,0.64088,0.64355
2021-10-07T23:00:00+02:00,0.64355,0.64567,0.64264,0.64348
2021-10-08T11:00:00+02:00,0.64348,0.64463,0.64218,0.64264
2021-10-10T23:00:00+02:00,0.64264,0.64432,0.64121,0.64418
2021-10-11T11:00:00+02:00,0.64418,0.64538,0.64241,0.6437
2021-10-11T23:00:00+02:00,0.6437,0.6458,0.64191,0.6455
2021-10-12T11:00:00+02:00,0.6455,0.64728,0.6441,0.64506
2021-10-12T23:00:00+02:00,0.64506,0.64599,0.64382,0.64588
2021-10-13T11:00:00+02:00,0.64588,0.64596,0.64242,0.64356
2021-10-13T23:00:00+02:00,0.64356,0.64656,0.64298,0.64607
2021-10-14T11:00:00+02:00,0.64607,0.65024,0.64584,0.6499
2021-10-14T23:00:00+02:00,0.6499,0.65226,0.64907,0.65101
2021-10-15T11:00:00+02:00,0.65101,0.65367,0.6507,0.65309
2021-10-17T23:00:00+02:00,0.65309,0.65596,0.65298,0.65362
2021-10-18T11:00:00+02:00,0.65362,0.65478,0.65149,0.6546
2021-10-18T23:00:00+02:00,0.6546,0.6583,0.65392,0.65714
2021-10-19T11:00:00+02:00,0.65714,0.66173,0.65655,0.66029
2021-10-19T23:00:00+02:00,0.66029,0.66344,0.6593,0.66256
2021-10-20T11:00:00+02:00,0.66256,0.66284,0.66112,0.66166
2021-10-20T23:00:00+02:00,0.66166,0.66316,0.65846,0.66008
2021-10-21T11:00:00+02:00,0.66008,0.66012,0.65602,0.65713
2021-10-21T23:00:00+02:00,0.65713,0.65898,0.65668,0.6589
2021-10-22T11:00:00+02:00,0.6589,0.65918,0.65395,0.65544
2021-10-24T23:00:00+02:00,0.65544,0.65816,0.65454,0.65676
2021-10-25T11:00:00+02:00,0.65676,0.65976,0.65553,0.65899
2021-10-25T23:00:00+02:00,0.65899,0.66104,0.65759,0.66052
2021-10-26T11:00:00+02:00,0.66052,0.66132,0.65804,0.65872
2021-10-26T23:00:00+02:00,0.65872,0.66052,0.65492,0.65501
2021-10-27T11:00:00+02:00,0.65501,0.65972,0.65458,0.65809
2021-10-27T23:00:00+02:00,0.65809,0.66004,0.65702,0.65899
2021-10-28T11:00:00+02:00,0.65899,0.66036,0.65568,0.6567
2021-10-28T23:00:00+02:00,0.6567,0.65733,0.65342,0.65468
2021-10-29T11:00:00+02:00,0.65468,0.65692,0.6511,0.65674
2021-10-31T22:00:00+01:00,0.65674,0.65804,0.6552,0.65728
2021-11-01T10:00:00+01:00,0.65728,0.65745,0.65292,0.6534
2021-11-01T22:00:00+01:00,0.6534,0.65424,0.651,0.6528
2021-11-02T10:00:00+01:00,0.6528,0.65322,0.64871,0.65054
2021-11-02T22:00:00+01:00,0.65054,0.65236,0.64974,0.65114
2021-11-03T10:00:00+01:00,0.65114,0.65386,0.65007,0.6528
2021-11-03T22:00:00+01:00,0.6528,0.65419,0.65112,0.65146
2021-11-04T10:00:00+01:00,0.65146,0.65187,0.648,0.64808
2021-11-04T22:00:00+01:00,0.64808,0.64892,0.64596,0.64729
2021-11-05T10:00:00+01:00,0.64729,0.65066,0.64727,0.64949
2021-11-07T23:00:00+01:00,0.64949,0.65374,0.64801,0.6536
2021-11-08T11:00:00+01:00,0.6536,0.65684,0.65297,0.65464
2021-11-08T23:00:00+01:00,0.65464,0.65483,0.65211,0.65322
2021-11-09T11:00:00+01:00,0.65322,0.6552,0.64861,0.64977
2021-11-09T23:00:00+01:00,0.64977,0.64986,0.64786,0.64868
2021-11-10T11:00:00+01:00,0.64868,0.64994,0.64702,0.64828
2021-11-10T23:00:00+01:00,0.64828,0.6492,0.64537,0.64621
2021-11-11T11:00:00+01:00,0.64621,0.64876,0.64534,0.64688
2021-11-11T23:00:00+01:00,0.64688,0.6482,0.64555,0.64688
2021-11-12T11:00:00+01:00,0.64688,0.64952,0.64669,0.64895
2021-11-14T23:00:00+01:00,0.64895,0.65085,0.64725,0.6504
2021-11-15T11:00:00+01:00,0.6504,0.65206,0.6496,0.6519
2021-11-15T23:00:00+01:00,0.6519,0.65263,0.65,0.65154
2021-11-16T11:00:00+01:00,0.65154,0.65232,0.64931,0.65048
2021-11-16T23:00:00+01:00,0.65048,0.65355,0.64984,0.65252
2021-11-17T11:00:00+01:00,0.65252,0.65252,0.64922,0.64976
2021-11-17T23:00:00+01:00,0.64976,0.65418,0.6491,0.65323
2021-11-18T11:00:00+01:00,0.65323,0.6539,0.64946,0.65236
2021-11-18T23:00:00+01:00,0.65236,0.6531,0.64814,0.64864
2021-11-19T11:00:00+01:00,0.64864,0.65132,0.64758,0.65006
2021-11-21T23:00:00+01:00,0.65006,0.65183,0.64878,0.64958
2021-11-22T11:00:00+01:00,0.64958,0.65094,0.64766,0.64917
2021-11-22T23:00:00+01:00,0.64917,0.65074,0.64476,0.64616
2021-11-23T11:00:00+01:00,0.64616,0.64924,0.64478,0.64859
2021-11-23T23:00:00+01:00,0.64859,0.65138,0.64393,0.64638
2021-11-24T11:00:00+01:00,0.64638,0.64722,0.64095,0.64216
2021-11-24T23:00:00+01:00,0.64216,0.64373,0.6395,0.64014
2021-11-25T11:00:00+01:00,0.64014,0.64298,0.63912,0.64206
2021-11-25T23:00:00+01:00,0.64206,0.64238,0.63078,0.63204
2021-11-26T11:00:00+01:00,0.63204,0.633,0.62763,0.62978
2021-11-28T23:00:00+01:00,0.62978,0.63362,0.6288,0.63172
2021-11-29T11:00:00+01:00,0.63172,0.63256,0.62786,0.6297
2021-11-29T23:00:00+01:00,0.6297,0.63067,0.62446,0.62652
2021-11-30T11:00:00+01:00,0.62652,0.62876,0.62523,0.62668
2021-11-30T23:00:00+01:00,0.62668,0.63178,0.62628,0.62977
2021-12-01T11:00:00+01:00,0.62977,0.63089,0.62626,0.62682
2021-12-01T23:00:00+01:00,0.62682,0.6287,0.62597,0.6279
2021-12-02T11:00:00+01:00,0.6279,0.6281,0.6245,0.62757
2021-12-02T23:00:00+01:00,0.62757,0.62846,0.62362,0.62393
2021-12-03T11:00:00+01:00,0.62393,0.62559,0.61875,0.61948
2021-12-05T23:00:00+01:00,0.61948,0.62347,0.61948,0.62244
2021-12-06T11:00:00+01:00,0.62244,0.62554,0.62132,0.62521
2021-12-06T23:00:00+01:00,0.62521,0.62654,0.62313,0.62497
2021-12-07T11:00:00+01:00,0.62497,0.62868,0.62486,0.62794
2021-12-07T23:00:00+01:00,0.62794,0.62878,0.62598,0.62664
2021-12-08T11:00:00+01:00,0.62664,0.62825,0.62482,0.62684
2021-12-08T23:00:00+01:00,0.62684,0.6283,0.62596,0.62696
2021-12-09T11:00:00+01:00,0.62696,0.62867,0.62586,0.62768
2021-12-09T23:00:00+01:00,0.62768,0.62889,0.62562,0.62602
2021-12-10T11:00:00+01:00,0.62602,0.62812,0.6248,0.6259
2021-12-12T23:00:00+01:00,0.6259,0.6272,0.62508,0.62668
2021-12-13T11:00:00+01:00,0.62668,0.62678,0.62212,0.623
2021-12-13T23:00:00+01:00,0.623,0.6252,0.62173,0.62196
2021-12-14T11:00:00+01:00,0.62196,0.62438,0.62034,0.62312
2021-12-14T23:00:00+01:00,0.62312,0.62482,0.62174,0.6235
2021-12-15T11:00:00+01:00,0.6235,0.62754,0.6224,0.62748
2021-12-15T23:00:00+01:00,0.62748,0.63018,0.6245,0.62996
2021-12-16T11:00:00+01:00,0.62996,0.6315,0.62357,0.62534
2021-12-16T23:00:00+01:00,0.62534,0.62601,0.62148,0.62176
2021-12-17T11:00:00+01:00,0.62176,0.6237,0.62066,0.62306
2021-12-19T23:00:00+01:00,0.62306,0.62347,0.61897,0.61976
2021-12-20T11:00:00+01:00,0.61976,0.62108,0.61753,0.61869
2021-12-20T23:00:00+01:00,0.61869,0.62146,0.61764,0.62117
2021-12-21T11:00:00+01:00,0.62117,0.62574,0.62116,0.62542
2021-12-21T23:00:00+01:00,0.62542,0.62596,0.62303,0.6257
2021-12-22T11:00:00+01:00,0.6257,0.62772,0.62499,0.6264
2021-12-22T23:00:00+01:00,0.6264,0.62982,0.62478,0.62908
2021-12-23T11:00:00+01:00,0.62908,0.62932,0.6259,0.62688
2021-12-23T23:00:00+01:00,0.62688,0.62776,0.6247,0.62614
2021-12-24T11:00:00+01:00,0.62614,0.62814,0.62504,0.62588
2021-12-26T23:00:00+01:00,0.62588,0.62768,0.6241,0.6247
2021-12-27T11:00:00+01:00,0.6247,0.62606,0.62374,0.62542
2021-12-27T23:00:00+01:00,0.62542,0.62616,0.62415,0.62447
2021-12-28T11:00:00+01:00,0.62447,0.6257,0.62284,0.62412
2021-12-28T23:00:00+01:00,0.62412,0.62484,0.623,0.62416
2021-12-29T11:00:00+01:00,0.62416,0.62556,0.6232,0.62458
2021-12-29T23:00:00+01:00,0.62458,0.6268,0.62443,0.62626
2021-12-30T11:00:00+01:00,0.62626,0.62692,0.624,0.62446
2021-12-30T23:00:00+01:00,0.62446,0.62496,0.6233,0.62432
2021-12-31T11:00:00+01:00,0.62432,0.62487,0.62249,0.6243
2022-01-02T23:00:00+01:00,0.6243,0.6261,0.62236,0.623
2022-01-03T11:00:00+01:00,0.623,0.62442,0.62208,0.6235
2022-01-03T23:00:00+01:00,0.6235,0.62436,0.62263,0.62382
2022-01-04T11:00:00+01:00,0.62382,0.62444,0.62106,0.62379
2022-01-04T23:00:00+01:00,0.62379,0.62497,0.62153,0.62352
2022-01-05T11:00:00+01:00,0.62352,0.62575,0.62297,0.62362
2022-01-05T23:00:00+01:00,0.62362,0.62366,0.61903,0.6198
2022-01-06T11:00:00+01:00,0.6198,0.62222,0.61833,0.62172
2022-01-06T23:00:00+01:00,0.62172,0.6225,0.62088,0.62202
2022-01-07T11:00:00+01:00,0.62202,0.62369,0.62126,0.62234
2022-01-09T23:00:00+01:00,0.62234,0.62446,0.6219,0.62358
2022-01-10T11:00:00+01:00,0.62358,0.62719,0.62327,0.627
2022-01-10T23:00:00+01:00,0.627,0.62786,0.6258,0.62756
2022-01-11T11:00:00+01:00,0.62756,0.62789,0.62486,0.62668
2022-01-11T23:00:00+01:00,0.62668,0.62778,0.62571,0.62621
2022-01-12T11:00:00+01:00,0.62621,0.62793,0.62482,0.62603
2022-01-12T23:00:00+01:00,0.62603,0.62854,0.62427,0.62784
2022-01-13T11:00:00+01:00,0.62784,0.6285,0.62491,0.62532
2022-01-13T23:00:00+01:00,0.62532,0.62573,0.62351,0.62427
2022-01-14T11:00:00+01:00,0.62427,0.62497,0.62092,0.6217
2022-01-16T23:00:00+01:00,0.6217,0.62292,0.62102,0.62206
2022-01-17T11:00:00+01:00,0.62206,0.62282,0.62074,0.62119
2022-01-17T23:00:00+01:00,0.62119,0.6221,0.6188,0.61947
2022-01-18T11:00:00+01:00,0.61947,0.62136,0.61904,0.62112
2022-01-18T23:00:00+01:00,0.62112,0.62221,0.62042,0.6221
2022-01-19T11:00:00+01:00,0.6221,0.62385,0.62096,0.62136
2022-01-19T23:00:00+01:00,0.62136,0.62142,0.61864,0.62022
2022-01-20T11:00:00+01:00,0.62022,0.62246,0.61944,0.61974
2022-01-20T23:00:00+01:00,0.61974,0.6199,0.6117,0.61266
2022-01-21T11:00:00+01:00,0.61266,0.61446,0.6117,0.61244
2022-01-23T23:00:00+01:00,0.61244,0.61446,0.61054,0.61132
2022-01-24T11:00:00+01:00,0.61132,0.61276,0.60877,0.61242
2022-01-24T23:00:00+01:00,0.61242,0.61454,0.6102,0.61406
2022-01-25T11:00:00+01:00,0.61406,0.61534,0.61144,0.61372
2022-01-25T23:00:00+01:00,0.61372,0.61604,0.61272,0.6156
2022-01-26T11:00:00+01:00,0.6156,0.61691,0.61355,0.61472
2022-01-26T23:00:00+01:00,0.61472,0.6155,0.61006,0.6143
2022-01-27T11:00:00+01:00,0.6143,0.61666,0.6117,0.61294
2022-01-27T23:00:00+01:00,0.61294,0.61394,0.6101,0.61048
2022-01-28T11:00:00+01:00,0.61048,0.61118,0.60818,0.60928
2022-01-30T23:00:00+01:00,0.60928,0.61346,0.60926,0.61314
2022-01-31T11:00:00+01:00,0.61314,0.61443,0.609,0.60952
2022-01-31T23:00:00+01:00,0.60952,0.61048,0.60845,0.60863
2022-02-01T11:00:00+01:00,0.60863,0.6124,0.60824,0.61144
2022-02-01T23:00:00+01:00,0.61144,0.61252,0.60978,0.61103
2022-02-02T11:00:00+01:00,0.61103,0.61178,0.60865,0.60959
2022-02-02T23:00:00+01:00,0.60959,0.61255,0.60747,0.612
2022-02-03T11:00:00+01:00,0.612,0.61422,0.61118,0.61327
2022-02-03T23:00:00+01:00,0.61327,0.61462,0.6119,0.61227
2022-02-04T11:00:00+01:00,0.61227,0.61322,0.60906,0.61199
2022-02-06T23:00:00+01:00,0.61199,0.61496,0.61084,0.61242
2022-02-07T11:00:00+01:00,0.61242,0.61338,0.61056,0.61276
2022-02-07T23:00:00+01:00,0.61276,0.615,0.6123,0.61394
2022-02-08T11:00:00+01:00,0.61394,0.61518,0.61204,0.61508
2022-02-08T23:00:00+01:00,0.61508,0.61606,0.61422,0.6156
2022-02-09T11:00:00+01:00,0.6156,0.6183,0.61557,0.61744
2022-02-09T23:00:00+01:00,0.61744,0.61854,0.61692,0.6178
2022-02-10T11:00:00+01:00,0.6178,0.62158,0.6174,0.61772
2022-02-10T23:00:00+01:00,0.61772,0.61784,0.61494,0.61675
2022-02-11T11:00:00+01:00,0.61675,0.61972,0.61373,0.61422
2022-02-13T23:00:00+01:00,0.61422,0.61499,0.60938,0.61066
2022-02-14T11:00:00+01:00,0.61066,0.6134,0.60952,0.61184
2022-02-14T23:00:00+01:00,0.61184,0.61458,0.61048,0.61344
2022-02-15T11:00:00+01:00,0.61344,0.61509,0.61125,0.61424
2022-02-15T23:00:00+01:00,0.61424,0.61626,0.6139,0.61479
2022-02-16T11:00:00+01:00,0.61479,0.61646,0.613,0.61601
2022-02-16T23:00:00+01:00,0.61601,0.61846,0.61429,0.61722
2022-02-17T11:00:00+01:00,0.61722,0.61847,0.6152,0.61582
2022-02-17T23:00:00+01:00,0.61582,0.62024,0.61524,0.61876
2022-02-18T11:00:00+01:00,0.61876,0.61901,0.61602,0.61702
2022-02-20T23:00:00+01:00,0.61702,0.61896,0.61529,0.61722
2022-02-21T11:00:00+01:00,0.61722,0.61724,0.61356,0.61364
2022-02-21T23:00:00+01:00,0.61364,0.61702,0.61192,0.61663
2022-02-22T11:00:00+01:00,0.61663,0.62178,0.61647,0.62074
2022-02-22T23:00:00+01:00,0.62074,0.62632,0.62,0.62548
2022-02-23T11:00:00+01:00,0.62548,0.6256,0.62122,0.62193
2022-02-23T23:00:00+01:00,0.62193,0.62198,0.61542,0.61776
2022-02-24T11:00:00+01:00,0.61776,0.6208,0.61481,0.61936
2022-02-24T23:00:00+01:00,0.61936,0.62156,0.61816,0.62137
2022-02-25T11:00:00+01:00,0.62137,0.62589,0.62096,0.6243
2022-02-27T23:00:00+01:00,0.6243,0.6243,0.61866,0.6196
2022-02-28T11:00:00+01:00,0.6196,0.6222,0.61876,0.62127
2022-02-28T23:00:00+01:00,0.62127,0.62286,0.62002,0.62062
2022-03-01T11:00:00+01:00,0.62062,0.62334,0.61944,0.62088
2022-03-01T23:00:00+01:00,0.62088,0.62399,0.61982,0.62016
2022-03-02T11:00:00+01:00,0.62016,0.62596,0.61988,0.62462
2022-03-02T23:00:00+01:00,0.62462,0.62482,0.62285,0.62331
2022-03-03T11:00:00+01:00,0.62331,0.62583,0.62308,0.62374
2022-03-03T23:00:00+01:00,0.62374,0.62852,0.6221,0.62752
2022-03-04T11:00:00+01:00,0.62752,0.63178,0.62605,0.62929
2022-03-06T23:00:00+01:00,0.62929,0.63796,0.62816,0.6364
2022-03-07T11:00:00+01:00,0.6364,0.63768,0.63132,0.63146
2022-03-07T23:00:00+01:00,0.63146,0.6347,0.6298,0.63467
2022-03-08T11:00:00+01:00,0.63467,0.63492,0.63204,0.63234
2022-03-08T23:00:00+01:00,0.63234,0.63504,0.63122,0.6347
2022-03-09T11:00:00+01:00,0.6347,0.63612,0.63306,0.6339
2022-03-09T23:00:00+01:00,0.6339,0.63575,0.63219,0.6353
2022-03-10T11:00:00+01:00,0.6353,0.6394,0.6336,0.63848
2022-03-10T23:00:00+01:00,0.63848,0.63903,0.63614,0.63741
2022-03-11T11:00:00+01:00,0.63741,0.6385,0.63552,0.63636
2022-03-13T22:00:00+01:00,0.63636,0.63735,0.63364,0.63556
2022-03-14T10:00:00+01:00,0.63556,0.63634,0.63246,0.63316
2022-03-14T22:00:00+01:00,0.63316,0.63428,0.63208,0.6332
2022-03-15T10:00:00+01:00,0.6332,0.63856,0.63232,0.63748
2022-03-15T22:00:00+01:00,0.63748,0.63854,0.63422,0.63802
2022-03-16T10:00:00+01:00,0.63802,0.64354,0.63737,0.64322
2022-03-16T22:00:00+01:00,0.64322,0.64488,0.6417,0.64386
2022-03-17T10:00:00+01:00,0.64386,0.64554,0.6422,0.64476
2022-03-17T22:00:00+01:00,0.64476,0.64725,0.64364,0.64396
2022-03-18T10:00:00+01:00,0.64396,0.64526,0.64222,0.64364
2022-03-20T22:00:00+01:00,0.64364,0.64544,0.64162,0.64162
2022-03-21T10:00:00+01:00,0.64162,0.6433,0.64033,0.64292
2022-03-21T22:00:00+01:00,0.64292,0.64602,0.64214,0.64528
2022-03-22T10:00:00+01:00,0.64528,0.64994,0.64522,0.64962
2022-03-22T22:00:00+01:00,0.64962,0.65117,0.64864,0.64928
2022-03-23T10:00:00+01:00,0.64928,0.65138,0.64814,0.64904
2022-03-23T22:00:00+01:00,0.64904,0.64978,0.64759,0.6488
2022-03-24T10:00:00+01:00,0.6488,0.64916,0.64628,0.64795
2022-03-24T22:00:00+01:00,0.64795,0.64802,0.64449,0.64519
2022-03-25T10:00:00+01:00,0.64519,0.64856,0.64448,0.64728
2022-03-27T23:00:00+02:00,0.64728,0.65168,0.64677,0.65032
2022-03-28T11:00:00+02:00,0.65032,0.65042,0.64403,0.64438
2022-03-28T23:00:00+02:00,0.64438,0.646,0.6432,0.64454
2022-03-29T11:00:00+02:00,0.64454,0.64662,0.64166,0.6456
2022-03-29T23:00:00+02:00,0.6456,0.64712,0.64484,0.64538
2022-03-30T11:00:00+02:00,0.64538,0.64728,0.64306,0.64413
2022-03-30T23:00:00+02:00,0.64413,0.64437,0.6412,0.64122
2022-03-31T11:00:00+02:00,0.64122,0.64222,0.63888,0.63996
2022-03-31T23:00:00+02:00,0.63996,0.64125,0.63746,0.64081
2022-04-01T11:00:00+02:00,0.64081,0.6427,0.63888,0.64074
2022-04-03T23:00:00+02:00,0.64074,0.64286,0.63914,0.64225
2022-04-04T11:00:00+02:00,0.64225,0.64512,0.64156,0.64395
2022-04-04T23:00:00+02:00,0.64395,0.64929,0.64278,0.64914
2022-04-05T11:00:00+02:00,0.64914,0.65032,0.6446,0.64554
2022-04-05T23:00:00+02:00,0.64554,0.65065,0.64436,0.64848
2022-04-06T11:00:00+02:00,0.64848,0.65044,0.64415,0.64546
2022-04-06T23:00:00+02:00,0.64546,0.64766,0.64266,0.64332
2022-04-07T11:00:00+02:00,0.64332,0.64454,0.64204,0.64366
2022-04-07T23:00:00+02:00,0.64366,0.64426,0.6409,0.6414
2022-04-08T11:00:00+02:00,0.6414,0.64182,0.63872,0.6396
2022-04-10T23:00:00+02:00,0.6396,0.63993,0.63772,0.63852
2022-04-11T11:00:00+02:00,0.63852,0.6397,0.63512,0.63554
2022-04-11T23:00:00+02:00,0.63554,0.63798,0.63431,0.6375
2022-04-12T11:00:00+02:00,0.6375,0.64082,0.63684,0.6391
2022-04-12T23:00:00+02:00,0.6391,0.64357,0.63221,0.63244
2022-04-13T11:00:00+02:00,0.63244,0.63549,0.63177,0.63542
2022-04-13T23:00:00+02:00,0.63542,0.63756,0.63416,0.63738
2022-04-14T11:00:00+02:00,0.63738,0.64072,0.63688,0.63966
2022-04-14T23:00:00+02:00,0.63966,0.64194,0.63722,0.63874
2022-04-15T11:00:00+02:00,0.63874,0.64035,0.63733,0.63741
2022-04-17T23:00:00+02:00,0.63741,0.6397,0.63494,0.6361
2022-04-18T11:00:00+02:00,0.6361,0.63632,0.63424,0.63602
2022-04-18T23:00:00+02:00,0.63602,0.64,0.63509,0.63996
2022-04-19T11:00:00+02:00,0.63996,0.64148,0.63512,0.64111
2022-04-19T23:00:00+02:00,0.64111,0.64448,0.64056,0.64334
2022-04-20T11:00:00+02:00,0.64334,0.64582,0.64245,0.64574
2022-04-20T23:00:00+02:00,0.64574,0.64627,0.64203,0.6447
2022-04-21T11:00:00+02:00,0.6447,0.64526,0.6413,0.64185
2022-04-21T23:00:00+02:00,0.64185,0.6424,0.63733,0.63775
2022-04-22T11:00:00+02:00,0.63775,0.63871,0.63408,0.63484
2022-04-24T23:00:00+02:00,0.63484,0.63617,0.63075,0.63426
2022-04-25T11:00:00+02:00,0.63426,0.63547,0.62978,0.63544
2022-04-25T23:00:00+02:00,0.63544,0.63721,0.63345,0.6364
2022-04-26T11:00:00+02:00,0.6364,0.63654,0.6316,0.63182
2022-04-26T23:00:00+02:00,0.63182,0.63464,0.63096,0.63434
2022-04-27T11:00:00+02:00,0.63434,0.63592,0.633,0.63401
2022-04-27T23:00:00+02:00,0.63401,0.63428,0.62902,0.63278
2022-04-28T11:00:00+02:00,0.63278,0.6329,0.62814,0.63057
2022-04-28T23:00:00+02:00,0.63057,0.63352,0.63046,0.63176
2022-04-29T11:00:00+02:00,0.63176,0.63555,0.62754,0.62858
2022-05-01T23:00:00+02:00,0.62858,0.62982,0.62524,0.62592
2022-05-02T11:00:00+02:00,0.62592,0.62964,0.62592,0.62918
2022-05-02T23:00:00+02:00,0.62918,0.63295,0.6279,0.62862
2022-05-03T11:00:00+02:00,0.62862,0.6306,0.6264,0.62984
2022-05-03T23:00:00+02:00,0.62984,0.6326,0.62894,0.63258
2022-05-04T11:00:00+02:00,0.63258,0.63797,0.63154,0.63626
2022-05-04T23:00:00+02:00,0.63626,0.63815,0.63478,0.63744
2022-05-05T11:00:00+02:00,0.63744,0.6378,0.63201,0.63287
2022-05-05T23:00:00+02:00,0.63287,0.6348,0.63008,0.63163
2022-05-06T11:00:00+02:00,0.63163,0.63501,0.63136,0.63342
2022-05-08T23:00:00+02:00,0.63342,0.6337,0.62854,0.63021
2022-05-09T11:00:00+02:00,0.63021,0.63196,0.62776,0.62818
2022-05-09T23:00:00+02:00,0.62818,0.62938,0.62387,0.62859
2022-05-10T11:00:00+02:00,0.62859,0.63023,0.6247,0.62654
2022-05-10T23:00:00+02:00,0.62654,0.6282,0.62572,0.62678
2022-05-11T11:00:00+02:00,0.62678,0.63026,0.62454,0.6257
2022-05-11T23:00:00+02:00,0.6257,0.6266,0.62118,0.62179
2022-05-12T11:00:00+02:00,0.62179,0.62712,0.62076,0.62502
2022-05-12T23:00:00+02:00,0.62502,0.62754,0.62448,0.62471
2022-05-13T11:00:00+02:00,0.62471,0.63058,0.62343,0.63034
2022-05-15T23:00:00+02:00,0.63034,0.63073,0.62476,0.63021
2022-05-16T11:00:00+02:00,0.63021,0.63319,0.6291,0.63218
2022-05-16T23:00:00+02:00,0.63218,0.63486,0.63186,0.63441
2022-05-17T11:00:00+02:00,0.63441,0.63473,0.62914,0.63202
2022-05-17T23:00:00+02:00,0.63202,0.63453,0.63056,0.63322
2022-05-18T11:00:00+02:00,0.63322,0.6343,0.62186,0.62233
2022-05-18T23:00:00+02:00,0.62233,0.62557,0.61831,0.61831
2022-05-19T11:00:00+02:00,0.61831,0.62359,0.61746,0.62102
2022-05-19T23:00:00+02:00,0.62102,0.62413,0.61793,0.62344
2022-05-20T11:00:00+02:00,0.62344,0.6251,0.62106,0.62452
2022-05-22T23:00:00+02:00,0.62452,0.62938,0.62334,0.62688
2022-05-23T11:00:00+02:00,0.62688,0.6275,0.62348,0.6245
2022-05-23T23:00:00+02:00,0.6245,0.6252,0.61865,0.6188
2022-05-24T11:00:00+02:00,0.6188,0.62258,0.61682,0.62054
2022-05-24T23:00:00+02:00,0.62054,0.6272,0.6175,0.62294
2022-05-25T11:00:00+02:00,0.62294,0.62356,0.61932,0.62344
2022-05-25T23:00:00+02:00,0.62344,0.62474,0.62048,0.62086
2022-05-26T11:00:00+02:00,0.62086,0.62223,0.6198,0.6214
2022-05-26T23:00:00+02:00,0.6214,0.6261,0.6206,0.62543
2022-05-27T11:00:00+02:00,0.62543,0.62618,0.6233,0.6258
2022-05-29T23:00:00+02:00,0.6258,0.62708,0.62444,0.62594
2022-05-30T11:00:00+02:00,0.62594,0.62874,0.62594,0.62794
2022-05-30T23:00:00+02:00,0.62794,0.62928,0.62626,0.62698
2022-05-31T11:00:00+02:00,0.62698,0.62722,0.62268,0.6253
2022-05-31T23:00:00+02:00,0.6253,0.62672,0.62282,0.6252
2022-06-01T11:00:00+02:00,0.6252,0.62812,0.62342,0.6245
2022-06-01T23:00:00+02:00,0.6245,0.6251,0.62088,0.62458
2022-06-02T11:00:00+02:00,0.62458,0.62915,0.62416,0.62825
2022-06-02T23:00:00+02:00,0.62825,0.62924,0.62666,0.62806
2022-06-03T11:00:00+02:00,0.62806,0.62844,0.62619,0.62627
2022-06-05T23:00:00+02:00,0.62627,0.62818,0.62489,0.62793
2022-06-06T11:00:00+02:00,0.62793,0.63114,0.62694,0.62997
2022-06-06T23:00:00+02:00,0.62997,0.63065,0.62623,0.62965
2022-06-07T11:00:00+02:00,0.62965,0.632,0.62724,0.63129
2022-06-07T23:00:00+02:00,0.63129,0.63171,0.62858,0.63038
2022-06-08T11:00:00+02:00,0.63038,0.63132,0.62918,0.63098
2022-06-08T23:00:00+02:00,0.63098,0.63212,0.62968,0.63166
2022-06-09T11:00:00+02:00,0.63166,0.63175,0.62422,0.62568
2022-06-09T23:00:00+02:00,0.62568,0.62932,0.62551,0.62916
2022-06-10T11:00:00+02:00,0.62916,0.63183,0.62714,0.6279
2022-06-12T23:00:00+02:00,0.6279,0.62819,0.62466,0.62578
2022-06-13T11:00:00+02:00,0.62578,0.62638,0.62326,0.62417
2022-06-13T23:00:00+02:00,0.62417,0.62644,0.61828,0.61922
2022-06-14T11:00:00+02:00,0.61922,0.62374,0.61876,0.62262
2022-06-14T23:00:00+02:00,0.62262,0.62376,0.62098,0.62216
2022-06-15T11:00:00+02:00,0.62216,0.6278,0.6215,0.62498
2022-06-15T23:00:00+02:00,0.62498,0.62748,0.61036,0.61448
2022-06-16T11:00:00+02:00,0.61448,0.61654,0.60968,0.61516
2022-06-16T23:00:00+02:00,0.61516,0.61592,0.60964,0.61147
2022-06-17T11:00:00+02:00,0.61147,0.61302,0.60788,0.61233
2022-06-19T23:00:00+02:00,0.61233,0.6139,0.61023,0.61279
2022-06-20T11:00:00+02:00,0.61279,0.61472,0.61184,0.61274
2022-06-20T23:00:00+02:00,0.61274,0.61506,0.61135,0.61382
2022-06-21T11:00:00+02:00,0.61382,0.61424,0.61114,0.61203
2022-06-21T23:00:00+02:00,0.61203,0.61207,0.60403,0.60464
2022-06-22T11:00:00+02:00,0.60464,0.60564,0.6025,0.60436
2022-06-22T23:00:00+02:00,0.60436,0.60518,0.60142,0.60518
2022-06-23T11:00:00+02:00,0.60518,0.60646,0.60163,0.6035
2022-06-23T23:00:00+02:00,0.6035,0.60598,0.6025,0.60461
2022-06-24T11:00:00+02:00,0.60461,0.60626,0.60075,0.60513
2022-06-26T23:00:00+02:00,0.60513,0.60598,0.60309,0.60584
2022-06-27T11:00:00+02:00,0.60584,0.60592,0.60146,0.60254
2022-06-27T23:00:00+02:00,0.60254,0.60328,0.59992,0.60132
2022-06-28T11:00:00+02:00,0.60132,0.60193,0.59698,0.59727
2022-06-28T23:00:00+02:00,0.59727,0.59876,0.59439,0.59452
2022-06-29T11:00:00+02:00,0.59452,0.59466,0.59165,0.594
2022-06-29T23:00:00+02:00,0.594,0.59583,0.59194,0.59566
2022-06-30T11:00:00+02:00,0.59566,0.59763,0.594,0.59636
2022-06-30T23:00:00+02:00,0.59636,0.59663,0.59024,0.59195
2022-07-01T11:00:00+02:00,0.59195,0.59713,0.59128,0.5956
2022-07-03T23:00:00+02:00,0.5956,0.59843,0.59392,0.59805
2022-07-04T11:00:00+02:00,0.59805,0.60006,0.59604,0.59694
2022-07-04T23:00:00+02:00,0.59694,0.59842,0.59276,0.59393
2022-07-05T11:00:00+02:00,0.59393,0.59798,0.59202,0.5975
2022-07-05T23:00:00+02:00,0.5975,0.59926,0.59525,0.59852
2022-07-06T11:00:00+02:00,0.59852,0.60114,0.59511,0.5969
2022-07-06T23:00:00+02:00,0.5969,0.60069,0.59596,0.60054
2022-07-07T11:00:00+02:00,0.60054,0.60242,0.5998,0.60176
2022-07-07T23:00:00+02:00,0.60176,0.6025,0.60014,0.60124
2022-07-08T11:00:00+02:00,0.60124,0.60592,0.6002,0.60452
2022-07-10T23:00:00+02:00,0.60452,0.60526,0.60284,0.60384
2022-07-11T11:00:00+02:00,0.60384,0.60398,0.59902,0.60105
2022-07-11T23:00:00+02:00,0.60105,0.6024,0.59992,0.60105
2022-07-12T11:00:00+02:00,0.60105,0.60314,0.60074,0.60166
2022-07-12T23:00:00+02:00,0.60166,0.60324,0.60005,0.6006
2022-07-13T11:00:00+02:00,0.6006,0.60318,0.596,0.60012
2022-07-13T23:00:00+02:00,0.60012,0.6027,0.59876,0.59996
2022-07-14T11:00:00+02:00,0.59996,0.60284,0.59818,0.60252
2022-07-14T23:00:00+02:00,0.60252,0.60366,0.6,0.60094
2022-07-15T11:00:00+02:00,0.60094,0.60455,0.60034,0.60124
2022-07-17T23:00:00+02:00,0.60124,0.60408,0.60005,0.60183
2022-07-18T11:00:00+02:00,0.60183,0.60373,0.60116,0.60146
2022-07-18T23:00:00+02:00,0.60146,0.60434,0.60092,0.60412
2022-07-19T11:00:00+02:00,0.60412,0.60448,0.60224,0.60306
2022-07-19T23:00:00+02:00,0.60306,0.60742,0.6025,0.60524
2022-07-20T11:00:00+02:00,0.60524,0.6072,0.60458,0.60514
2022-07-20T23:00:00+02:00,0.60514,0.60542,0.6025,0.60253
2022-07-21T11:00:00+02:00,0.60253,0.60458,0.60048,0.60456
2022-07-21T23:00:00+02:00,0.60456,0.6046,0.6018,0.6034
2022-07-22T11:00:00+02:00,0.6034,0.60594,0.60049,0.60114
2022-07-24T23:00:00+02:00,0.60114,0.60316,0.59937,0.60258
2022-07-25T11:00:00+02:00,0.60258,0.60518,0.60254,0.60402
2022-07-25T23:00:00+02:00,0.60402,0.60451,0.6025,0.60266
2022-07-26T11:00:00+02:00,0.60266,0.60332,0.59944,0.60014
2022-07-26T23:00:00+02:00,0.60014,0.60102,0.59879,0.59901
2022-07-27T11:00:00+02:00,0.59901,0.60178,0.59698,0.60118
2022-07-27T23:00:00+02:00,0.60118,0.6033,0.59941,0.60223
2022-07-28T11:00:00+02:00,0.60223,0.6038,0.5989,0.60082
2022-07-28T23:00:00+02:00,0.60082,0.60222,0.59938,0.60028
2022-07-29T11:00:00+02:00,0.60028,0.60031,0.59598,0.59844
2022-07-31T23:00:00+02:00,0.59844,0.60148,0.59724,0.60051
2022-08-01T11:00:00+02:00,0.60051,0.60309,0.60024,0.60158
2022-08-01T23:00:00+02:00,0.60158,0.60219,0.59728,0.59744
2022-08-02T11:00:00+02:00,0.59744,0.60032,0.59738,0.59881
2022-08-02T23:00:00+02:00,0.59881,0.60066,0.59562,0.60027
2022-08-03T11:00:00+02:00,0.60027,0.6036,0.59934,0.60252
2022-08-03T23:00:00+02:00,0.60252,0.60644,0.60121,0.60556
2022-08-04T11:00:00+02:00,0.60556,0.60593,0.60146,0.60162
2022-08-04T23:00:00+02:00,0.60162,0.60388,0.60059,0.60172
2022-08-05T11:00:00+02:00,0.60172,0.60209,0.59854,0.60032
2022-08-07T23:00:00+02:00,0.60032,0.60177,0.59919,0.59994
2022-08-08T11:00:00+02:00,0.59994,0.6031,0.5995,0.60044
2022-08-08T23:00:00+02:00,0.60044,0.60114,0.59842,0.59876
2022-08-09T11:00:00+02:00,0.59876,0.60041,0.59766,0.59978
2022-08-09T23:00:00+02:00,0.59978,0.60058,0.59835,0.60046
2022-08-10T11:00:00+02:00,0.60046,0.60546,0.59597,0.60367
2022-08-10T23:00:00+02:00,0.60367,0.60454,0.60278,0.60374
2022-08-11T11:00:00+02:00,0.60374,0.60616,0.60316,0.6052
2022-08-11T23:00:00+02:00,0.6052,0.60881,0.60506,0.60648
2022-08-12T11:00:00+02:00,0.60648,0.60834,0.60552,0.6075
2022-08-14T23:00:00+02:00,0.6075,0.6079,0.6026,0.60268
2022-08-15T11:00:00+02:00,0.60268,0.60314,0.59986,0.60232
2022-08-15T23:00:00+02:00,0.60232,0.60254,0.59952,0.60116
2022-08-16T11:00:00+02:00,0.60116,0.60314,0.60043,0.60237
2022-08-16T23:00:00+02:00,0.60237,0.60537,0.59997,0.6002
2022-08-17T11:00:00+02:00,0.6002,0.60104,0.59679,0.59766
2022-08-17T23:00:00+02:00,0.59766,0.59858,0.59576,0.5977
2022-08-18T11:00:00+02:00,0.5977,0.60037,0.59762,0.59876
2022-08-18T23:00:00+02:00,0.59876,0.59923,0.59537,0.59603
2022-08-19T11:00:00+02:00,0.59603,0.59646,0.59141,0.59205
2022-08-21T23:00:00+02:00,0.59205,0.59558,0.59138,0.59479
2022-08-22T11:00:00+02:00,0.59479,0.59563,0.59266,0.5951
2022-08-22T23:00:00+02:00,0.5951,0.59859,0.59421,0.59783
2022-08-23T11:00:00+02:00,0.59783,0.60009,0.59674,0.5991
2022-08-23T23:00:00+02:00,0.5991,0.5997,0.59634,0.59662
2022-08-24T11:00:00+02:00,0.59662,0.59918,0.595,0.59846
2022-08-24T23:00:00+02:00,0.59846,0.6013,0.59719,0.60122
2022-08-25T11:00:00+02:00,0.60122,0.60148,0.59904,0.59965
2022-08-25T23:00:00+02:00,0.59965,0.59997,0.59688,0.598
2022-08-26T11:00:00+02:00,0.598,0.59905,0.59248,0.5928
2022-08-28T23:00:00+02:00,0.5928,0.59401,0.59145,0.59172
2022-08-29T11:00:00+02:00,0.59172,0.59706,0.59033,0.59586
2022-08-29T23:00:00+02:00,0.59586,0.60064,0.59371,0.6004
2022-08-30T11:00:00+02:00,0.6004,0.6008,0.59686,0.59728
2022-08-30T23:00:00+02:00,0.59728,0.59978,0.59652,0.59883
2022-08-31T11:00:00+02:00,0.59883,0.60092,0.59719,0.59855
2022-08-31T23:00:00+02:00,0.59855,0.599,0.59492,0.59572
2022-09-01T11:00:00+02:00,0.59572,0.59872,0.59566,0.5969
2022-09-01T23:00:00+02:00,0.5969,0.59726,0.59378,0.59654
2022-09-02T11:00:00+02:00,0.59654,0.60221,0.59622,0.59949
2022-09-04T23:00:00+02:00,0.59949,0.59949,0.59696,0.59852
2022-09-05T11:00:00+02:00,0.59852,0.59922,0.59686,0.5971
2022-09-05T23:00:00+02:00,0.5971,0.59876,0.59448,0.59564
2022-09-06T11:00:00+02:00,0.59564,0.59784,0.59442,0.59457
2022-09-06T23:00:00+02:00,0.59457,0.59474,0.59116,0.59287
2022-09-07T11:00:00+02:00,0.59287,0.59426,0.59124,0.59314
2022-09-07T23:00:00+02:00,0.59314,0.5939,0.5893,0.58954
2022-09-08T11:00:00+02:00,0.58954,0.5909,0.58615,0.5875
2022-09-08T23:00:00+02:00,0.5875,0.58976,0.58692,0.5882
2022-09-09T11:00:00+02:00,0.5882,0.58862,0.58581,0.58648
2022-09-11T23:00:00+02:00,0.58648,0.58814,0.58361,0.58698
2022-09-12T11:00:00+02:00,0.58698,0.58778,0.58512,0.58536
2022-09-12T23:00:00+02:00,0.58536,0.58587,0.58272,0.58396
2022-09-13T11:00:00+02:00,0.58396,0.58785,0.57522,0.57716
2022-09-13T23:00:00+02:00,0.57716,0.57776,0.57514,0.57588
2022-09-14T11:00:00+02:00,0.57588,0.57857,0.57523,0.5778
2022-09-14T23:00:00+02:00,0.5778,0.57972,0.57704,0.57734
2022-09-15T11:00:00+02:00,0.57734,0.57744,0.5723,0.57376
2022-09-15T23:00:00+02:00,0.57376,0.57612,0.57254,0.57402
2022-09-16T11:00:00+02:00,0.57402,0.57822,0.57246,0.57789
2022-09-18T23:00:00+02:00,0.57789,0.57811,0.57507,0.57517
2022-09-19T11:00:00+02:00,0.57517,0.57545,0.57324,0.57465
2022-09-19T23:00:00+02:00,0.57465,0.57546,0.57126,0.57158
2022-09-20T11:00:00+02:00,0.57158,0.57197,0.5675,0.56836
2022-09-20T23:00:00+02:00,0.56836,0.57024,0.56654,0.56762
2022-09-21T11:00:00+02:00,0.56762,0.56908,0.56551,0.56561
2022-09-21T23:00:00+02:00,0.56561,0.57514,0.55982,0.57212
2022-09-22T11:00:00+02:00,0.57212,0.57592,0.57049,0.57119
2022-09-22T23:00:00+02:00,0.57119,0.5719,0.56905,0.56955
2022-09-23T11:00:00+02:00,0.56955,0.5699,0.56354,0.56372
2022-09-25T23:00:00+02:00,0.56372,0.56595,0.5607,0.56518
2022-09-26T11:00:00+02:00,0.56518,0.56711,0.55914,0.55964
2022-09-26T23:00:00+02:00,0.55964,0.56592,0.55964,0.56251
2022-09-27T11:00:00+02:00,0.56251,0.56386,0.55722,0.5589
2022-09-27T23:00:00+02:00,0.5589,0.55938,0.55312,0.55603
2022-09-28T11:00:00+02:00,0.55603,0.55984,0.55398,0.55908
2022-09-28T23:00:00+02:00,0.55908,0.55954,0.55524,0.55695
2022-09-29T11:00:00+02:00,0.55695,0.56002,0.55613,0.5585
2022-09-29T23:00:00+02:00,0.5585,0.56047,0.55722,0.55928
2022-09-30T11:00:00+02:00,0.55928,0.5594,0.55188,0.5527
2022-10-02T23:00:00+02:00,0.5527,0.55944,0.55162,0.55892
2022-10-03T11:00:00+02:00,0.55892,0.56907,0.5582,0.56775
2022-10-03T23:00:00+02:00,0.56775,0.56975,0.5636,0.56648
2022-10-04T11:00:00+02:00,0.56648,0.56682,0.5601,0.56118
2022-10-04T23:00:00+02:00,0.56118,0.56836,0.55995,0.56288
2022-10-05T11:00:00+02:00,0.56288,0.56488,0.55903,0.5643
2022-10-05T23:00:00+02:00,0.5643,0.56977,0.5619,0.56236
2022-10-06T11:00:00+02:00,0.56236,0.56338,0.55892,0.5604
2022-10-06T23:00:00+02:00,0.5604,0.56196,0.55764,0.56
2022-10-07T11:00:00+02:00,0.56,0.56116,0.55696,0.55776
2022-10-09T23:00:00+02:00,0.55776,0.55938,0.55534,0.55727
2022-10-10T11:00:00+02:00,0.55727,0.55908,0.55453,0.55652
2022-10-10T23:00:00+02:00,0.55652,0.55784,0.55466,0.55699
2022-10-11T11:00:00+02:00,0.55699,0.56122,0.55578,0.55658
2022-10-11T23:00:00+02:00,0.55658,0.55876,0.55537,0.55692
2022-10-12T11:00:00+02:00,0.55692,0.56085,0.55542,0.55962
2022-10-12T23:00:00+02:00,0.55962,0.56142,0.55878,0.56114
2022-10-13T11:00:00+02:00,0.56114,0.5648,0.5549,0.56474
2022-10-13T23:00:00+02:00,0.56474,0.56699,0.56254,0.56383
2022-10-14T11:00:00+02:00,0.56383,0.5658,0.55844,0.55895
2022-10-16T23:00:00+02:00,0.55895,0.56101,0.55722,0.56082
2022-10-17T11:00:00+02:00,0.56082,0.56255,0.56023,0.56126
2022-10-17T23:00:00+02:00,0.56126,0.5666,0.55905,0.5646
2022-10-18T11:00:00+02:00,0.5646,0.56844,0.56287,0.5652
2022-10-18T23:00:00+02:00,0.5652,0.56859,0.56504,0.56832
2022-10-19T11:00:00+02:00,0.56832,0.57126,0.56777,0.56962
2022-10-19T23:00:00+02:00,0.56962,0.57051,0.5658,0.56962
2022-10-20T11:00:00+02:00,0.56962,0.57454,0.56927,0.56954
2022-10-20T23:00:00+02:00,0.56954,0.57048,0.56822,0.57002
2022-10-21T11:00:00+02:00,0.57002,0.57564,0.568,0.5748
2022-10-23T23:00:00+02:00,0.5748,0.5769,0.5698,0.57076
2022-10-24T11:00:00+02:00,0.57076,0.57081,0.5664,0.5698
2022-10-24T23:00:00+02:00,0.5698,0.57248,0.56884,0.57094
2022-10-25T11:00:00+02:00,0.57094,0.5746,0.56876,0.57247
2022-10-25T23:00:00+02:00,0.57247,0.5742,0.57028,0.57327
2022-10-26T11:00:00+02:00,0.57327,0.57628,0.57299,0.57571
2022-10-26T23:00:00+02:00,0.57571,0.57847,0.57389,0.57568
2022-10-27T11:00:00+02:00,0.57568,0.57999,0.57394,0.57738
2022-10-27T23:00:00+02:00,0.57738,0.58088,0.57634,0.57764
2022-10-28T11:00:00+02:00,0.57764,0.5797,0.57607,0.5791
2022-10-30T22:00:00+01:00,0.5791,0.5822,0.57786,0.58038
2022-10-31T10:00:00+01:00,0.58038,0.5828,0.57886,0.58245
2022-10-31T22:00:00+01:00,0.58245,0.58685,0.58164,0.58371
2022-11-01T10:00:00+01:00,0.58371,0.58562,0.58203,0.58423
2022-11-01T22:00:00+01:00,0.58423,0.58738,0.58332,0.58618
2022-11-02T10:00:00+01:00,0.58618,0.58897,0.58346,0.58364
2022-11-02T22:00:00+01:00,0.58364,0.58516,0.5819,0.58418
2022-11-03T10:00:00+01:00,0.58418,0.58604,0.5824,0.585
2022-11-03T22:00:00+01:00,0.585,0.5886,0.58308,0.5884
2022-11-04T10:00:00+01:00,0.5884,0.59034,0.58586,0.58954
2022-11-06T23:00:00+01:00,0.58954,0.58954,0.58508,0.5869
2022-11-07T11:00:00+01:00,0.5869,0.58751,0.58504,0.58715
2022-11-07T23:00:00+01:00,0.58715,0.58848,0.58524,0.5871
2022-11-08T11:00:00+01:00,0.5871,0.59038,0.58652,0.58754
2022-11-08T23:00:00+01:00,0.58754,0.58772,0.58225,0.5827
2022-11-09T11:00:00+01:00,0.5827,0.58279,0.57896,0.57908
2022-11-09T23:00:00+01:00,0.57908,0.57966,0.57606,0.57888
2022-11-10T11:00:00+01:00,0.57888,0.58345,0.57738,0.58078
2022-11-10T23:00:00+01:00,0.58078,0.58274,0.57848,0.58056
2022-11-11T11:00:00+01:00,0.58056,0.58089,0.5732,0.57604
2022-11-13T23:00:00+01:00,0.57604,0.57738,0.57226,0.57531
2022-11-14T11:00:00+01:00,0.57531,0.57767,0.57396,0.575
2022-11-14T23:00:00+01:00,0.575,0.57918,0.57443,0.5781
2022-11-15T11:00:00+01:00,0.5781,0.58372,0.57782,0.58159
2022-11-15T23:00:00+01:00,0.58159,0.58228,0.57915,0.58196
2022-11-16T11:00:00+01:00,0.58196,0.5823,0.57908,0.58104
2022-11-16T23:00:00+01:00,0.58104,0.58255,0.57908,0.58004
2022-11-17T11:00:00+01:00,0.58004,0.58368,0.577,0.58358
2022-11-17T23:00:00+01:00,0.58358,0.58776,0.58196,0.58691
2022-11-18T11:00:00+01:00,0.58691,0.59092,0.58583,0.58751
2022-11-20T23:00:00+01:00,0.58751,0.5884,0.58487,0.58588
2022-11-21T11:00:00+01:00,0.58588,0.58705,0.58382,0.58504
2022-11-21T23:00:00+01:00,0.58504,0.588,0.5843,0.58741
2022-11-22T11:00:00+01:00,0.58741,0.58829,0.58429,0.5858
2022-11-22T23:00:00+01:00,0.5858,0.58896,0.58249,0.58772
2022-11-23T11:00:00+01:00,0.58772,0.58908,0.5857,0.5888
2022-11-23T23:00:00+01:00,0.5888,0.59096,0.58738,0.59002
2022-11-24T11:00:00+01:00,0.59002,0.59256,0.58984,0.59101
2022-11-24T23:00:00+01:00,0.59101,0.59169,0.58874,0.58918
2022-11-25T11:00:00+01:00,0.58918,0.59224,0.58835,0.59119
2022-11-27T23:00:00+01:00,0.59119,0.59119,0.5862,0.58706
2022-11-28T11:00:00+01:00,0.58706,0.58827,0.58461,0.58503
2022-11-28T23:00:00+01:00,0.58503,0.5932,0.58468,0.5928
2022-11-29T11:00:00+01:00,0.5928,0.59371,0.58912,0.59158
2022-11-29T23:00:00+01:00,0.59158,0.59391,0.59031,0.59289
2022-11-30T11:00:00+01:00,0.59289,0.59666,0.59046,0.59513
2022-11-30T23:00:00+01:00,0.59513,0.59876,0.59454,0.5987
2022-12-01T11:00:00+01:00,0.5987,0.60184,0.59625,0.59705
2022-12-01T23:00:00+01:00,0.59705,0.5996,0.59603,0.59922
2022-12-02T11:00:00+01:00,0.59922,0.6013,0.59632,0.60062
2022-12-04T23:00:00+01:00,0.60062,0.6021,0.59745,0.59846
2022-12-05T11:00:00+01:00,0.59846,0.60031,0.59386,0.59556
2022-12-05T23:00:00+01:00,0.59556,0.59862,0.59476,0.59624
2022-12-06T11:00:00+01:00,0.59624,0.59682,0.59338,0.59517
2022-12-06T23:00:00+01:00,0.59517,0.59716,0.59464,0.59533
2022-12-07T11:00:00+01:00,0.59533,0.59944,0.59506,0.59782
2022-12-07T23:00:00+01:00,0.59782,0.59923,0.59612,0.59826
2022-12-08T11:00:00+01:00,0.59826,0.59917,0.59552,0.59724
2022-12-08T23:00:00+01:00,0.59724,0.59874,0.59503,0.59538
2022-12-09T11:00:00+01:00,0.59538,0.6,0.59472,0.59932
2022-12-11T23:00:00+01:00,0.59932,0.59938,0.59726,0.59878
2022-12-12T11:00:00+01:00,0.59878,0.59924,0.59598,0.59752
2022-12-12T23:00:00+01:00,0.59752,0.59972,0.59689,0.59864
2022-12-13T11:00:00+01:00,0.59864,0.60344,0.59772,0.60032
2022-12-13T23:00:00+01:00,0.60032,0.60047,0.5971,0.59803
2022-12-14T11:00:00+01:00,0.59803,0.59862,0.59287,0.59698
2022-12-14T23:00:00+01:00,0.59698,0.59728,0.591,0.59256
2022-12-15T11:00:00+01:00,0.59256,0.5938,0.58838,0.58885
2022-12-15T23:00:00+01:00,0.58885,0.59042,0.58802,0.59034
2022-12-16T11:00:00+01:00,0.59034,0.5966,0.5899,0.59592
2022-12-18T23:00:00+01:00,0.59592,0.59646,0.59342,0.59494
2022-12-19T11:00:00+01:00,0.59494,0.59549,0.59106,0.5912
2022-12-19T23:00:00+01:00,0.5912,0.59212,0.58564,0.58867
2022-12-20T11:00:00+01:00,0.58867,0.58929,0.58498,0.58792
2022-12-20T23:00:00+01:00,0.58792,0.58818,0.58206,0.5831
2022-12-21T11:00:00+01:00,0.5831,0.58436,0.58183,0.58358
2022-12-21T23:00:00+01:00,0.58358,0.58534,0.58219,0.58224
2022-12-22T11:00:00+01:00,0.58224,0.58363,0.58032,0.58178
2022-12-22T23:00:00+01:00,0.58178,0.58609,0.58098,0.58548
2022-12-23T11:00:00+01:00,0.58548,0.58772,0.58341,0.58652
2022-12-26T23:00:00+01:00,0.58652,0.58847,0.58406,0.58592
2022-12-27T11:00:00+01:00,0.58592,0.58616,0.5829,0.58318
2022-12-27T23:00:00+01:00,0.58318,0.58686,0.58189,0.58616
2022-12-28T11:00:00+01:00,0.58616,0.58862,0.58428,0.5863
2022-12-28T23:00:00+01:00,0.5863,0.58882,0.58256,0.583
2022-12-29T11:00:00+01:00,0.583,0.58735,0.58259,0.58612
2022-12-29T23:00:00+01:00,0.58612,0.58634,0.58324,0.58487
2022-12-30T11:00:00+01:00,0.58487,0.58758,0.58322,0.58722
2023-01-01T23:00:00+01:00,0.58722,0.58738,0.5791,0.58488
2023-01-02T11:00:00+01:00,0.58488,0.58649,0.58432,0.58534
2023-01-02T23:00:00+01:00,0.58534,0.58763,0.58162,0.58542
2023-01-03T11:00:00+01:00,0.58542,0.5868,0.5824,0.5849
2023-01-03T23:00:00+01:00,0.5849,0.58884,0.58419,0.5867
2023-01-04T11:00:00+01:00,0.5867,0.5883,0.58395,0.58515
2023-01-04T23:00:00+01:00,0.58515,0.58642,0.58143,0.58194
2023-01-05T11:00:00+01:00,0.58194,0.58553,0.58137,0.58304
2023-01-05T23:00:00+01:00,0.58304,0.58528,0.58216,0.58394
2023-01-06T11:00:00+01:00,0.58394,0.58978,0.58214,0.58888
2023-01-08T23:00:00+01:00,0.58888,0.59238,0.58774,0.59082
2023-01-09T11:00:00+01:00,0.59082,0.59106,0.58622,0.58696
2023-01-09T23:00:00+01:00,0.58696,0.58818,0.58586,0.58708
2023-01-10T11:00:00+01:00,0.58708,0.58857,0.58615,0.5879
2023-01-10T23:00:00+01:00,0.5879,0.5886,0.58642,0.58798
2023-01-11T11:00:00+01:00,0.58798,0.5936,0.5867,0.59292
2023-01-11T23:00:00+01:00,0.59292,0.59388,0.59153,0.59236
2023-01-12T11:00:00+01:00,0.59236,0.59536,0.58998,0.59296
2023-01-12T23:00:00+01:00,0.59296,0.59559,0.59117,0.59374
2023-01-13T11:00:00+01:00,0.59374,0.59442,0.58928,0.59145
2023-01-15T23:00:00+01:00,0.59145,0.59304,0.5902,0.59142
2023-01-16T11:00:00+01:00,0.59142,0.59275,0.5905,0.59108
2023-01-16T23:00:00+01:00,0.59108,0.59342,0.59014,0.5905
2023-01-17T11:00:00+01:00,0.5905,0.59332,0.58717,0.59278
2023-01-17T23:00:00+01:00,0.59278,0.59684,0.59158,0.59226
2023-01-18T11:00:00+01:00,0.59226,0.59429,0.58859,0.59066
2023-01-18T23:00:00+01:00,0.59066,0.59072,0.58432,0.5852
2023-01-19T11:00:00+01:00,0.5852,0.58704,0.58369,0.58566
2023-01-19T23:00:00+01:00,0.58566,0.59246,0.58546,0.59056
2023-01-20T11:00:00+01:00,0.59056,0.59621,0.58974,0.5956
2023-01-22T23:00:00+01:00,0.5956,0.59714,0.59365,0.59595
2023-01-23T11:00:00+01:00,0.59595,0.59928,0.59467,0.59824
2023-01-23T23:00:00+01:00,0.59824,0.6005,0.59674,0.59791
2023-01-24T11:00:00+01:00,0.59791,0.60204,0.59736,0.60007
2023-01-24T23:00:00+01:00,0.60007,0.6003,0.59692,0.59813
2023-01-25T11:00:00+01:00,0.59813,0.5985,0.5935,0.59474
2023-01-25T23:00:00+01:00,0.59474,0.59634,0.59388,0.59556
2023-01-26T11:00:00+01:00,0.59556,0.59758,0.59432,0.5973
2023-01-26T23:00:00+01:00,0.5973,0.59976,0.59642,0.59744
2023-01-27T11:00:00+01:00,0.59744,0.59902,0.59656,0.59804
2023-01-29T23:00:00+01:00,0.59804,0.59935,0.59636,0.59671
2023-01-30T11:00:00+01:00,0.59671,0.59964,0.59621,0.59832
2023-01-30T23:00:00+01:00,0.59832,0.59902,0.59557,0.59573
2023-01-31T11:00:00+01:00,0.59573,0.59684,0.58925,0.58996
2023-01-31T23:00:00+01:00,0.58996,0.5911,0.58848,0.58976
2023-02-01T11:00:00+01:00,0.58976,0.5913,0.58826,0.5911
2023-02-01T23:00:00+01:00,0.5911,0.59312,0.59037,0.592
2023-02-02T11:00:00+01:00,0.592,0.59453,0.59018,0.59122
2023-02-02T23:00:00+01:00,0.59122,0.59264,0.59028,0.59079
2023-02-03T11:00:00+01:00,0.59079,0.5925,0.58561,0.58587
2023-02-05T23:00:00+01:00,0.58587,0.58682,0.58256,0.58276
2023-02-06T11:00:00+01:00,0.58276,0.58537,0.5817,0.5853
2023-02-06T23:00:00+01:00,0.5853,0.58755,0.58479,0.5861
2023-02-07T11:00:00+01:00,0.5861,0.58616,0.58116,0.58321
2023-02-07T23:00:00+01:00,0.58321,0.58348,0.58164,0.58242
2023-02-08T11:00:00+01:00,0.58242,0.58278,0.57992,0.58078
2023-02-08T23:00:00+01:00,0.58078,0.58498,0.58042,0.58454
2023-02-09T11:00:00+01:00,0.58454,0.58567,0.58302,0.58348
2023-02-09T23:00:00+01:00,0.58348,0.58512,0.58186,0.584
2023-02-10T11:00:00+01:00,0.584,0.58522,0.58243,0.58282
2023-02-12T23:00:00+01:00,0.58282,0.58644,0.58233,0.58434
2023-02-13T11:00:00+01:00,0.58434,0.5861,0.58348,0.58469
2023-02-13T23:00:00+01:00,0.58469,0.58504,0.58036,0.58095
2023-02-14T11:00:00+01:00,0.58095,0.58463,0.58006,0.584
2023-02-14T23:00:00+01:00,0.584,0.58408,0.57968,0.58003
2023-02-15T11:00:00+01:00,0.58003,0.58124,0.57792,0.58029
2023-02-15T23:00:00+01:00,0.58029,0.58182,0.57801,0.58062
2023-02-16T11:00:00+01:00,0.58062,0.58068,0.57778,0.57924
2023-02-16T23:00:00+01:00,0.57924,0.57968,0.57626,0.57812
2023-02-17T11:00:00+01:00,0.57812,0.57879,0.57692,0.57692
2023-02-19T23:00:00+01:00,0.57692,0.57806,0.57496,0.5753
2023-02-20T11:00:00+01:00,0.5753,0.57836,0.57512,0.57722
2023-02-20T23:00:00+01:00,0.57722,0.5783,0.57449,0.57688
2023-02-21T11:00:00+01:00,0.57688,0.57807,0.57532,0.57647
2023-02-21T23:00:00+01:00,0.57647,0.57894,0.57526,0.57684
2023-02-22T11:00:00+01:00,0.57684,0.58022,0.57671,0.57925
2023-02-22T23:00:00+01:00,0.57925,0.58172,0.57854,0.5815
2023-02-23T11:00:00+01:00,0.5815,0.58205,0.57956,0.58164
2023-02-23T23:00:00+01:00,0.58164,0.5829,0.58066,0.58092
2023-02-24T11:00:00+01:00,0.58092,0.58144,0.57754,0.58018
2023-02-26T23:00:00+01:00,0.58018,0.5804,0.57748,0.57896
2023-02-27T11:00:00+01:00,0.57896,0.57922,0.57652,0.57705
2023-02-27T23:00:00+01:00,0.57705,0.57754,0.57544,0.57626
2023-02-28T11:00:00+01:00,0.57626,0.58288,0.57613,0.5827
2023-02-28T23:00:00+01:00,0.5827,0.5873,0.58118,0.58644
2023-03-01T11:00:00+01:00,0.58644,0.58853,0.58527,0.58796
2023-03-01T23:00:00+01:00,0.58796,0.58796,0.5855,0.58587
2023-03-02T11:00:00+01:00,0.58587,0.58696,0.5846,0.58609
2023-03-02T23:00:00+01:00,0.58609,0.58711,0.58396,0.58468
2023-03-03T11:00:00+01:00,0.58468,0.58518,0.58189,0.58254
2023-03-05T23:00:00+01:00,0.58254,0.58279,0.57778,0.57818
2023-03-06T11:00:00+01:00,0.57818,0.57905,0.57606,0.57674
2023-03-06T23:00:00+01:00,0.57674,0.57852,0.57623,0.57785
2023-03-07T11:00:00+01:00,0.57785,0.57909,0.57458,0.5753
2023-03-07T23:00:00+01:00,0.5753,0.57715,0.57418,0.57678
2023-03-08T11:00:00+01:00,0.57678,0.57712,0.5739,0.575
2023-03-08T23:00:00+01:00,0.575,0.57632,0.57401,0.57401
2023-03-09T11:00:00+01:00,0.57401,0.57618,0.56874,0.56894
2023-03-09T23:00:00+01:00,0.56894,0.56994,0.5662,0.56838
2023-03-10T11:00:00+01:00,0.56838,0.56938,0.56412,0.5652
2023-03-12T22:00:00+01:00,0.5652,0.56839,0.56266,0.56748
2023-03-13T10:00:00+01:00,0.56748,0.57048,0.56216,0.56724
2023-03-13T22:00:00+01:00,0.56724,0.56908,0.56652,0.56732
2023-03-14T10:00:00+01:00,0.56732,0.57078,0.56512,0.57012
2023-03-14T22:00:00+01:00,0.57012,0.57167,0.56751,0.56889
2023-03-15T10:00:00+01:00,0.56889,0.57816,0.5684,0.57766
2023-03-15T22:00:00+01:00,0.57766,0.57786,0.57004,0.57144
2023-03-16T10:00:00+01:00,0.57144,0.57613,0.57093,0.5758
2023-03-16T22:00:00+01:00,0.5758,0.57916,0.57468,0.57749
2023-03-17T10:00:00+01:00,0.57749,0.58263,0.57703,0.58059
2023-03-19T22:00:00+01:00,0.58059,0.58308,0.57779,0.58046
2023-03-20T10:00:00+01:00,0.58046,0.58088,0.57779,0.58036
2023-03-20T22:00:00+01:00,0.58036,0.58058,0.57426,0.57426
2023-03-21T10:00:00+01:00,0.57426,0.57512,0.56882,0.57132
2023-03-21T22:00:00+01:00,0.57132,0.5745,0.5692,0.57297
2023-03-22T10:00:00+01:00,0.57297,0.57572,0.57057,0.57062
2023-03-22T22:00:00+01:00,0.57062,0.57632,0.57052,0.57414
2023-03-23T10:00:00+01:00,0.57414,0.576,0.57208,0.57285
2023-03-23T22:00:00+01:00,0.57285,0.5733,0.57026,0.57048
2023-03-24T10:00:00+01:00,0.57048,0.5716,0.56904,0.57046
2023-03-26T23:00:00+02:00,0.57046,0.5709,0.5679,0.56836
2023-03-27T11:00:00+02:00,0.56836,0.56864,0.56642,0.56732
2023-03-27T23:00:00+02:00,0.56732,0.57226,0.56724,0.57041
2023-03-28T11:00:00+02:00,0.57041,0.57542,0.57036,0.5751
2023-03-28T23:00:00+02:00,0.5751,0.5772,0.57284,0.57336
2023-03-29T11:00:00+02:00,0.57336,0.57426,0.57134,0.57162
2023-03-29T23:00:00+02:00,0.57162,0.57316,0.57048,0.57206
2023-03-30T11:00:00+02:00,0.57206,0.57284,0.56972,0.57207
2023-03-30T23:00:00+02:00,0.57207,0.57522,0.57164,0.5735
2023-03-31T11:00:00+02:00,0.5735,0.5753,0.56974,0.57244
2023-04-02T23:00:00+02:00,0.57244,0.57294,0.57008,0.5722
2023-04-03T11:00:00+02:00,0.5722,0.57603,0.5722,0.57471
2023-04-03T23:00:00+02:00,0.57471,0.57626,0.57313,0.57362
2023-04-04T11:00:00+02:00,0.57362,0.57528,0.57026,0.57192
2023-04-04T23:00:00+02:00,0.57192,0.57792,0.57094,0.5714
2023-04-05T11:00:00+02:00,0.5714,0.57315,0.56914,0.57287
2023-04-05T23:00:00+02:00,0.57287,0.57324,0.56798,0.56838
2023-04-06T11:00:00+02:00,0.56838,0.56924,0.56459,0.5649
2023-04-06T23:00:00+02:00,0.5649,0.56652,0.56458,0.56621
2023-04-07T11:00:00+02:00,0.56621,0.56726,0.5632,0.56646
2023-04-09T23:00:00+02:00,0.56646,0.56646,0.56424,0.56556
2023-04-10T11:00:00+02:00,0.56556,0.5664,0.56378,0.5656
2023-04-10T23:00:00+02:00,0.5656,0.56648,0.5623,0.56252
2023-04-11T11:00:00+02:00,0.56252,0.56302,0.55866,0.55938
2023-04-11T23:00:00+02:00,0.55938,0.56002,0.55815,0.55891
2023-04-12T11:00:00+02:00,0.55891,0.5605,0.55554,0.55709
2023-04-12T23:00:00+02:00,0.55709,0.55768,0.55554,0.55604
2023-04-13T11:00:00+02:00,0.55604,0.56048,0.55526,0.56024
2023-04-13T23:00:00+02:00,0.56024,0.56091,0.55836,0.55857
2023-04-14T11:00:00+02:00,0.55857,0.56038,0.55474,0.55508
2023-04-16T23:00:00+02:00,0.55508,0.55578,0.5533,0.55442
2023-04-17T11:00:00+02:00,0.55442,0.55602,0.55307,0.55554
2023-04-17T23:00:00+02:00,0.55554,0.55756,0.55485,0.55647
2023-04-18T11:00:00+02:00,0.55647,0.5581,0.55618,0.55638
2023-04-18T23:00:00+02:00,0.55638,0.55715,0.55564,0.55575
2023-04-19T11:00:00+02:00,0.55575,0.5585,0.55526,0.55648
2023-04-19T23:00:00+02:00,0.55648,0.55726,0.55152,0.55261
2023-04-20T11:00:00+02:00,0.55261,0.55406,0.55108,0.55123
2023-04-20T23:00:00+02:00,0.55123,0.55166,0.548,0.54822
2023-04-21T11:00:00+02:00,0.54822,0.54923,0.54655,0.54778
2023-04-23T23:00:00+02:00,0.54778,0.54838,0.54648,0.54661
2023-04-24T11:00:00+02:00,0.54661,0.54767,0.54564,0.54744
2023-04-24T23:00:00+02:00,0.54744,0.54858,0.54552,0.54666
2023-04-25T11:00:00+02:00,0.54666,0.54844,0.54656,0.54746
2023-04-25T23:00:00+02:00,0.54746,0.54848,0.5452,0.54539
2023-04-26T11:00:00+02:00,0.54539,0.54621,0.54342,0.54512
2023-04-26T23:00:00+02:00,0.54512,0.54916,0.54474,0.54908
2023-04-27T11:00:00+02:00,0.54908,0.55084,0.54819,0.54985
2023-04-27T23:00:00+02:00,0.54985,0.55061,0.54848,0.54886
2023-04-28T11:00:00+02:00,0.54886,0.55356,0.54844,0.5529
2023-04-30T23:00:00+02:00,0.5529,0.55369,0.55103,0.55233
2023-05-01T11:00:00+02:00,0.55233,0.5535,0.55118,0.55232
2023-05-01T23:00:00+02:00,0.55232,0.55644,0.55218,0.55631
2023-05-02T11:00:00+02:00,0.55631,0.5579,0.554,0.55448
2023-05-02T23:00:00+02:00,0.55448,0.55699,0.55325,0.55348
2023-05-03T11:00:00+02:00,0.55348,0.55456,0.55089,0.55096
2023-05-03T23:00:00+02:00,0.55096,0.55365,0.5482,0.55349
2023-05-04T11:00:00+02:00,0.55349,0.55738,0.5531,0.55642
2023-05-04T23:00:00+02:00,0.55642,0.56236,0.55601,0.56146
2023-05-05T11:00:00+02:00,0.56146,0.56278,0.56022,0.56075
2023-05-07T23:00:00+02:00,0.56075,0.5619,0.55996,0.56181
2023-05-08T11:00:00+02:00,0.56181,0.56546,0.56168,0.56444
2023-05-08T23:00:00+02:00,0.56444,0.56552,0.56292,0.56482
2023-05-09T11:00:00+02:00,0.56482,0.56587,0.56344,0.56424
2023-05-09T23:00:00+02:00,0.56424,0.56484,0.56302,0.56382
2023-05-10T11:00:00+02:00,0.56382,0.56648,0.56366,0.56645
2023-05-10T23:00:00+02:00,0.56645,0.56783,0.56538,0.56758
2023-05-11T11:00:00+02:00,0.56758,0.56776,0.5628,0.56325
2023-05-11T23:00:00+02:00,0.56325,0.56396,0.55648,0.55676
2023-05-12T11:00:00+02:00,0.55676,0.55843,0.55484,0.55619
2023-05-14T23:00:00+02:00,0.55619,0.55864,0.5559,0.55794
2023-05-15T11:00:00+02:00,0.55794,0.5591,0.5557,0.55876
2023-05-15T23:00:00+02:00,0.55876,0.55993,0.55744,0.55796
2023-05-16T11:00:00+02:00,0.55796,0.55946,0.55754,0.55853
2023-05-16T23:00:00+02:00,0.55853,0.5619,0.55816,0.56154
2023-05-17T11:00:00+02:00,0.56154,0.56506,0.56068,0.56141
2023-05-17T23:00:00+02:00,0.56141,0.56362,0.56038,0.56184
2023-05-18T11:00:00+02:00,0.56184,0.5635,0.56063,0.5635
2023-05-18T23:00:00+02:00,0.5635,0.56666,0.5635,0.56626
2023-05-19T11:00:00+02:00,0.56626,0.5675,0.56411,0.56436
2023-05-21T23:00:00+02:00,0.56436,0.5649,0.56188,0.5625
2023-05-22T11:00:00+02:00,0.5625,0.56449,0.56198,0.56448
2023-05-22T23:00:00+02:00,0.56448,0.56571,0.56306,0.56382
2023-05-23T11:00:00+02:00,0.56382,0.56417,0.56242,0.56315
2023-05-23T23:00:00+02:00,0.56315,0.56378,0.55254,0.55386
2023-05-24T11:00:00+02:00,0.55386,0.55436,0.55158,0.55332
2023-05-24T23:00:00+02:00,0.55332,0.5535,0.55066,0.55114
2023-05-25T11:00:00+02:00,0.55114,0.55125,0.54736,0.54918
2023-05-25T23:00:00+02:00,0.54918,0.5503,0.54749,0.54894
2023-05-26T11:00:00+02:00,0.54894,0.55018,0.54688,0.54732
2023-05-28T23:00:00+02:00,0.54732,0.54938,0.54718,0.54754
2023-05-29T11:00:00+02:00,0.54754,0.54789,0.54682,0.54768
2023-05-29T23:00:00+02:00,0.54768,0.5489,0.54533,0.54746
2023-05-30T11:00:00+02:00,0.54746,0.54797,0.54552,0.54748
2023-05-30T23:00:00+02:00,0.54748,0.54814,0.5447,0.54636
2023-05-31T11:00:00+02:00,0.54636,0.5487,0.54596,0.5483
2023-05-31T23:00:00+02:00,0.5483,0.54862,0.54572,0.54664
2023-06-01T11:00:00+02:00,0.54664,0.5516,0.54606,0.54984
2023-06-01T23:00:00+02:00,0.54984,0.55254,0.5486,0.55242
2023-06-02T11:00:00+02:00,0.55242,0.55334,0.55038,0.55068
2023-06-04T23:00:00+02:00,0.55068,0.55293,0.54989,0.55144
2023-06-05T11:00:00+02:00,0.55144,0.55232,0.54978,0.55
2023-06-05T23:00:00+02:00,0.55,0.55212,0.54941,0.5511
2023-06-06T11:00:00+02:00,0.5511,0.55228,0.54979,0.55172
2023-06-06T23:00:00+02:00,0.55172,0.55226,0.55008,0.55104
2023-06-07T11:00:00+02:00,0.55104,0.55146,0.54872,0.54951
2023-06-07T23:00:00+02:00,0.54951,0.55274,0.54892,0.55212
2023-06-08T11:00:00+02:00,0.55212,0.55224,0.54789,0.54802
2023-06-08T23:00:00+02:00,0.54802,0.54948,0.54734,0.54887
2023-06-09T11:00:00+02:00,0.54887,0.55382,0.54866,0.55369
2023-06-11T23:00:00+02:00,0.55369,0.55472,0.55242,0.55466
2023-06-12T11:00:00+02:00,0.55466,0.55684,0.55463,0.5565
2023-06-12T23:00:00+02:00,0.5565,0.55686,0.5544,0.55602
2023-06-13T11:00:00+02:00,0.55602,0.55902,0.55554,0.55666
2023-06-13T23:00:00+02:00,0.55666,0.55806,0.55588,0.55774
2023-06-14T11:00:00+02:00,0.55774,0.56043,0.55655,0.55932
2023-06-14T23:00:00+02:00,0.55932,0.56008,0.55602,0.55776
2023-06-15T11:00:00+02:00,0.55776,0.5579,0.55462,0.55595
2023-06-15T23:00:00+02:00,0.55595,0.55728,0.55468,0.55572
2023-06-16T11:00:00+02:00,0.55572,0.5581,0.55462,0.5576
2023-06-18T23:00:00+02:00,0.5576,0.55772,0.5551,0.55712
2023-06-19T11:00:00+02:00,0.55712,0.55716,0.55384,0.55541
2023-06-19T23:00:00+02:00,0.55541,0.55656,0.5529,0.55496
2023-06-20T11:00:00+02:00,0.55496,0.55528,0.55178,0.55368
2023-06-20T23:00:00+02:00,0.55368,0.5558,0.55262,0.55262
2023-06-21T11:00:00+02:00,0.55262,0.555,0.55254,0.55394
2023-06-21T23:00:00+02:00,0.55394,0.55577,0.55246,0.55498
2023-06-22T11:00:00+02:00,0.55498,0.55604,0.5527,0.55278
2023-06-22T23:00:00+02:00,0.55278,0.55424,0.55074,0.552
2023-06-23T11:00:00+02:00,0.552,0.55238,0.54878,0.55112
2023-06-25T23:00:00+02:00,0.55112,0.55316,0.55008,0.55164
2023-06-26T11:00:00+02:00,0.55164,0.5527,0.54998,0.55204
2023-06-26T23:00:00+02:00,0.55204,0.55462,0.551,0.55264
2023-06-27T11:00:00+02:00,0.55264,0.55372,0.55058,0.55073
2023-06-27T23:00:00+02:00,0.55073,0.55147,0.54464,0.54493
2023-06-28T11:00:00+02:00,0.54493,0.54646,0.54442,0.54466
2023-06-28T23:00:00+02:00,0.54466,0.54665,0.54429,0.5453
2023-06-29T11:00:00+02:00,0.5453,0.54624,0.54424,0.546
2023-06-29T23:00:00+02:00,0.546,0.54832,0.54502,0.54783
2023-06-30T11:00:00+02:00,0.54783,0.54978,0.54732,0.54946
2023-07-02T23:00:00+02:00,0.54946,0.55252,0.54872,0.55248
2023-07-03T11:00:00+02:00,0.55248,0.55332,0.55085,0.55133
2023-07-03T23:00:00+02:00,0.55133,0.55388,0.55076,0.55327
2023-07-04T11:00:00+02:00,0.55327,0.55628,0.55309,0.55542
2023-07-04T23:00:00+02:00,0.55542,0.55672,0.55509,0.5559
2023-07-05T11:00:00+02:00,0.5559,0.55716,0.55506,0.55514
2023-07-05T23:00:00+02:00,0.55514,0.5578,0.55397,0.55601
2023-07-06T11:00:00+02:00,0.55601,0.55708,0.55092,0.55108
2023-07-06T23:00:00+02:00,0.55108,0.55399,0.55108,0.5538
2023-07-07T11:00:00+02:00,0.5538,0.55392,0.5508,0.55221
2023-07-09T23:00:00+02:00,0.55221,0.55276,0.54999,0.55034
2023-07-10T11:00:00+02:00,0.55034,0.551,0.5495,0.54977
2023-07-10T23:00:00+02:00,0.54977,0.55067,0.5451,0.54542
2023-07-11T11:00:00+02:00,0.54542,0.54648,0.54379,0.54488
2023-07-11T23:00:00+02:00,0.54488,0.54759,0.54398,0.54409
2023-07-12T11:00:00+02:00,0.54409,0.54712,0.54205,0.54615
2023-07-12T23:00:00+02:00,0.54615,0.5491,0.54546,0.54846
2023-07-13T11:00:00+02:00,0.54846,0.55024,0.5474,0.54903
2023-07-13T23:00:00+02:00,0.54903,0.54977,0.54645,0.5466
2023-07-14T11:00:00+02:00,0.5466,0.55028,0.5465,0.5493
2023-07-16T23:00:00+02:00,0.5493,0.5493,0.54454,0.54499
2023-07-17T11:00:00+02:00,0.54499,0.54544,0.54338,0.54405
2023-07-17T23:00:00+02:00,0.54405,0.54492,0.54067,0.54079
2023-07-18T11:00:00+02:00,0.54079,0.54118,0.53736,0.53788
2023-07-18T23:00:00+02:00,0.53788,0.54154,0.53486,0.53644
2023-07-19T11:00:00+02:00,0.53644,0.5377,0.5352,0.53745
2023-07-19T23:00:00+02:00,0.53745,0.5401,0.53702,0.53936
2023-07-20T11:00:00+02:00,0.53936,0.54054,0.53862,0.54022
2023-07-20T23:00:00+02:00,0.54022,0.54069,0.53584,0.53638
2023-07-21T11:00:00+02:00,0.53638,0.53726,0.53375,0.53412
2023-07-23T23:00:00+02:00,0.53412,0.53815,0.53336,0.53729
2023-07-24T11:00:00+02:00,0.53729,0.53946,0.53553,0.53946
2023-07-24T23:00:00+02:00,0.53946,0.54054,0.53832,0.53981
2023-07-25T11:00:00+02:00,0.53981,0.5408,0.53738,0.53744
2023-07-25T23:00:00+02:00,0.53744,0.53808,0.53521,0.5365
2023-07-26T11:00:00+02:00,0.5365,0.53658,0.5345,0.5345
2023-07-26T23:00:00+02:00,0.5345,0.53846,0.53408,0.53538
2023-07-27T11:00:00+02:00,0.53538,0.53936,0.53395,0.53724
2023-07-27T23:00:00+02:00,0.53724,0.5382,0.53368,0.53428
2023-07-28T11:00:00+02:00,0.53428,0.53633,0.53393,0.53578
2023-07-30T23:00:00+02:00,0.53578,0.54045,0.53524,0.53914
2023-07-31T11:00:00+02:00,0.53914,0.54196,0.53834,0.5412
2023-07-31T23:00:00+02:00,0.5412,0.54178,0.53842,0.53891
2023-08-01T11:00:00+02:00,0.53891,0.54,0.53716,0.53815
2023-08-01T23:00:00+02:00,0.53815,0.53951,0.53332,0.53612
2023-08-02T11:00:00+02:00,0.53612,0.53733,0.53284,0.53339
2023-08-02T23:00:00+02:00,0.53339,0.5343,0.53198,0.53232
2023-08-03T11:00:00+02:00,0.53232,0.53311,0.53069,0.53128
2023-08-03T23:00:00+02:00,0.53128,0.53436,0.53122,0.53343
2023-08-04T11:00:00+02:00,0.53343,0.53414,0.53173,0.53224
2023-08-06T23:00:00+02:00,0.53224,0.53492,0.532,0.53352
2023-08-07T11:00:00+02:00,0.53352,0.535,0.5327,0.53291
2023-08-07T23:00:00+02:00,0.53291,0.53346,0.529,0.5299
2023-08-08T11:00:00+02:00,0.5299,0.53124,0.5291,0.53121
2023-08-08T23:00:00+02:00,0.53121,0.53244,0.52948,0.53184
2023-08-09T11:00:00+02:00,0.53184,0.5322,0.53016,0.53074
2023-08-09T23:00:00+02:00,0.53074,0.53216,0.52968,0.53001
2023-08-10T11:00:00+02:00,0.53001,0.53196,0.52784,0.5279
2023-08-10T23:00:00+02:00,0.5279,0.52855,0.52611,0.52694
2023-08-11T11:00:00+02:00,0.52694,0.52726,0.52392,0.52452
2023-08-13T23:00:00+02:00,0.52452,0.52542,0.52264,0.52444
2023-08-14T11:00:00+02:00,0.52444,0.52577,0.52416,0.52473
2023-08-14T23:00:00+02:00,0.52473,0.52597,0.52206,0.52261
2023-08-15T11:00:00+02:00,0.52261,0.52466,0.52218,0.52264
2023-08-15T23:00:00+02:00,0.52264,0.52644,0.52136,0.52562
2023-08-16T11:00:00+02:00,0.52562,0.52575,0.52164,0.5224
2023-08-16T23:00:00+02:00,0.5224,0.52288,0.52005,0.52134
2023-08-17T11:00:00+02:00,0.52134,0.52326,0.52033,0.52044
2023-08-17T23:00:00+02:00,0.52044,0.52231,0.52006,0.5215
2023-08-18T11:00:00+02:00,0.5215,0.52407,0.5208,0.52254
2023-08-20T23:00:00+02:00,0.52254,0.52312,0.51968,0.52048
2023-08-21T11:00:00+02:00,0.52048,0.52126,0.51902,0.52062
2023-08-21T23:00:00+02:00,0.52062,0.52326,0.5202,0.52262
2023-08-22T11:00:00+02:00,0.52262,0.52388,0.52168,0.52352
2023-08-22T23:00:00+02:00,0.52352,0.52496,0.52228,0.52352
2023-08-23T11:00:00+02:00,0.52352,0.52554,0.52199,0.52472
2023-08-23T23:00:00+02:00,0.52472,0.52519,0.52242,0.52328
2023-08-24T11:00:00+02:00,0.52328,0.52415,0.52234,0.5239
2023-08-24T23:00:00+02:00,0.5239,0.52462,0.52242,0.5235
2023-08-25T11:00:00+02:00,0.5235,0.52454,0.52177,0.522
2023-08-27T23:00:00+02:00,0.522,0.52368,0.52084,0.52188
2023-08-28T11:00:00+02:00,0.52188,0.52322,0.52098,0.52234
2023-08-28T23:00:00+02:00,0.52234,0.5245,0.52138,0.52362
2023-08-29T11:00:00+02:00,0.52362,0.5247,0.52134,0.5244
2023-08-29T23:00:00+02:00,0.5244,0.52506,0.52238,0.52284
2023-08-30T11:00:00+02:00,0.52284,0.52598,0.52284,0.52304
2023-08-30T23:00:00+02:00,0.52304,0.52478,0.52214,0.52416
2023-08-31T11:00:00+02:00,0.52416,0.5271,0.52356,0.52708
2023-08-31T23:00:00+02:00,0.52708,0.52836,0.52508,0.52599
2023-09-01T11:00:00+02:00,0.52599,0.52926,0.52578,0.52676
2023-09-03T23:00:00+02:00,0.52676,0.52714,0.52533,0.52554
2023-09-04T11:00:00+02:00,0.52554,0.52615,0.52488,0.52522
2023-09-04T23:00:00+02:00,0.52522,0.52619,0.52087,0.52176
2023-09-05T11:00:00+02:00,0.52176,0.52352,0.52136,0.52327
2023-09-05T23:00:00+02:00,0.52327,0.52457,0.52173,0.52408
2023-09-06T11:00:00+02:00,0.52408,0.52564,0.52274,0.52318
2023-09-06T23:00:00+02:00,0.52318,0.52538,0.5226,0.52518
2023-09-07T11:00:00+02:00,0.52518,0.52648,0.52449,0.5245
2023-09-07T23:00:00+02:00,0.5245,0.52625,0.52426,0.52601
2023-09-08T11:00:00+02:00,0.52601,0.52728,0.52526,0.52538
2023-09-10T23:00:00+02:00,0.52538,0.5286,0.52538,0.52804
2023-09-11T11:00:00+02:00,0.52804,0.52892,0.52708,0.52736
2023-09-11T23:00:00+02:00,0.52736,0.52772,0.52601,0.52658
2023-09-12T11:00:00+02:00,0.52658,0.52698,0.52582,0.52624
2023-09-12T23:00:00+02:00,0.52624,0.52782,0.52532,0.52759
2023-09-13T11:00:00+02:00,0.52759,0.52881,0.52626,0.52878
2023-09-13T23:00:00+02:00,0.52878,0.53067,0.52842,0.52924
2023-09-14T11:00:00+02:00,0.52924,0.53082,0.5284,0.52946
2023-09-14T23:00:00+02:00,0.52946,0.53152,0.52887,0.5296
2023-09-15T11:00:00+02:00,0.5296,0.5306,0.52883,0.52956
2023-09-17T23:00:00+02:00,0.52956,0.53088,0.52863,0.52954
2023-09-18T11:00:00+02:00,0.52954,0.531,0.529,0.5307
2023-09-18T23:00:00+02:00,0.5307,0.53222,0.53022,0.5319
2023-09-19T11:00:00+02:00,0.5319,0.53319,0.53174,0.53287
2023-09-19T23:00:00+02:00,0.53287,0.53436,0.53257,0.53328
2023-09-20T11:00:00+02:00,0.53328,0.53561,0.53242,0.53266
2023-09-20T23:00:00+02:00,0.53266,0.53662,0.53105,0.5364
2023-09-21T11:00:00+02:00,0.5364,0.537,0.53428,0.53648
2023-09-21T23:00:00+02:00,0.53648,0.53968,0.53584,0.53964
2023-09-22T11:00:00+02:00,0.53964,0.54192,0.53936,0.54071
2023-09-24T23:00:00+02:00,0.54071,0.54208,0.53952,0.54124
2023-09-25T11:00:00+02:00,0.54124,0.54498,0.5411,0.54418
2023-09-25T23:00:00+02:00,0.54418,0.54506,0.54275,0.54378
2023-09-26T11:00:00+02:00,0.54378,0.54525,0.54348,0.54438
2023-09-26T23:00:00+02:00,0.54438,0.54556,0.54336,0.54464
2023-09-27T11:00:00+02:00,0.54464,0.54621,0.54368,0.54546
2023-09-27T23:00:00+02:00,0.54546,0.54754,0.54463,0.546
2023-09-28T11:00:00+02:00,0.546,0.54768,0.54519,0.5455
2023-09-28T23:00:00+02:00,0.5455,0.54992,0.5453,0.54852
2023-09-29T11:00:00+02:00,0.54852,0.55116,0.54804,0.54866
2023-10-01T23:00:00+02:00,0.54866,0.54942,0.5452,0.5452
2023-10-02T11:00:00+02:00,0.5452,0.54782,0.54476,0.54609
2023-10-02T23:00:00+02:00,0.54609,0.54686,0.54286,0.54384
2023-10-03T11:00:00+02:00,0.54384,0.54524,0.54282,0.54422
2023-10-03T23:00:00+02:00,0.54422,0.5454,0.54121,0.54208
2023-10-04T11:00:00+02:00,0.54208,0.54266,0.54084,0.54216
2023-10-04T23:00:00+02:00,0.54216,0.54424,0.54194,0.54367
2023-10-05T11:00:00+02:00,0.54367,0.545,0.54276,0.54432
2023-10-05T23:00:00+02:00,0.54432,0.5451,0.5438,0.54438
2023-10-06T11:00:00+02:00,0.54438,0.54571,0.54288,0.54502
2023-10-08T23:00:00+02:00,0.54502,0.54502,0.54226,0.54394
2023-10-09T11:00:00+02:00,0.54394,0.54604,0.54328,0.54599
2023-10-09T23:00:00+02:00,0.54599,0.54676,0.54336,0.5444
2023-10-10T11:00:00+02:00,0.5444,0.5472,0.54374,0.54698
2023-10-10T23:00:00+02:00,0.54698,0.54738,0.54354,0.54372
2023-10-11T11:00:00+02:00,0.54372,0.54434,0.54246,0.54282
2023-10-11T23:00:00+02:00,0.54282,0.54353,0.54012,0.54024
2023-10-12T11:00:00+02:00,0.54024,0.54062,0.53804,0.5383
2023-10-12T23:00:00+02:00,0.5383,0.539,0.53604,0.53621
2023-10-13T11:00:00+02:00,0.53621,0.53686,0.53027,0.53122
2023-10-15T23:00:00+02:00,0.53122,0.53574,0.53122,0.53436
2023-10-16T11:00:00+02:00,0.53436,0.53472,0.53308,0.53355
2023-10-16T23:00:00+02:00,0.53355,0.53386,0.53067,0.53107
2023-10-17T11:00:00+02:00,0.53107,0.53176,0.52986,0.53092
2023-10-17T23:00:00+02:00,0.53092,0.53195,0.52923,0.53064
2023-10-18T11:00:00+02:00,0.53064,0.53078,0.52576,0.52632
2023-10-18T23:00:00+02:00,0.52632,0.52692,0.52316,0.52346
2023-10-19T11:00:00+02:00,0.52346,0.52416,0.52094,0.52126
2023-10-19T23:00:00+02:00,0.52126,0.52126,0.5185,0.51998
2023-10-20T11:00:00+02:00,0.51998,0.52068,0.51911,0.52005
2023-10-22T23:00:00+02:00,0.52005,0.52192,0.51886,0.51902
2023-10-23T11:00:00+02:00,0.51902,0.5218,0.51826,0.52073
2023-10-23T23:00:00+02:00,0.52073,0.52299,0.52038,0.52228
2023-10-24T11:00:00+02:00,0.52228,0.52292,0.52084,0.52196
2023-10-24T23:00:00+02:00,0.52196,0.52401,0.52158,0.52278
2023-10-25T11:00:00+02:00,0.52278,0.52308,0.52008,0.52022
2023-10-25T23:00:00+02:00,0.52022,0.52246,0.51842,0.52214
2023-10-26T11:00:00+02:00,0.52214,0.52403,0.52028,0.52306
2023-10-26T23:00:00+02:00,0.52306,0.52501,0.52223,0.52468
2023-10-27T11:00:00+02:00,0.52468,0.52664,0.52352,0.52437
2023-10-29T22:00:00+01:00,0.52437,0.5268,0.52368,0.52561
2023-10-30T10:00:00+01:00,0.52561,0.5278,0.52546,0.5271
2023-10-30T22:00:00+01:00,0.5271,0.52764,0.52552,0.52746
2023-10-31T10:00:00+01:00,0.52746,0.53028,0.52692,0.53012
2023-10-31T22:00:00+01:00,0.53012,0.53012,0.52704,0.52942
2023-11-01T10:00:00+01:00,0.52942,0.53198,0.5289,0.53059
2023-11-01T22:00:00+01:00,0.53059,0.5335,0.53059,0.53288
2023-11-02T10:00:00+01:00,0.53288,0.53431,0.532,0.53425
2023-11-02T22:00:00+01:00,0.53425,0.53592,0.53313,0.53586
2023-11-03T10:00:00+01:00,0.53586,0.53978,0.53512,0.53938
2023-11-05T23:00:00+01:00,0.53938,0.53938,0.53629,0.53644
2023-11-06T11:00:00+01:00,0.53644,0.53698,0.53544,0.53635
2023-11-06T23:00:00+01:00,0.53635,0.53667,0.53194,0.53278
2023-11-07T11:00:00+01:00,0.53278,0.53468,0.53246,0.53417
2023-11-07T23:00:00+01:00,0.53417,0.53556,0.53361,0.53422
2023-11-08T11:00:00+01:00,0.53422,0.5345,0.53126,0.53154
2023-11-08T23:00:00+01:00,0.53154,0.5344,0.53111,0.53424
2023-11-09T11:00:00+01:00,0.53424,0.53582,0.53206,0.53214
2023-11-09T23:00:00+01:00,0.53214,0.53345,0.53141,0.53156
2023-11-10T11:00:00+01:00,0.53156,0.5321,0.53054,0.53156
2023-11-12T23:00:00+01:00,0.53156,0.53234,0.53046,0.53096
2023-11-13T11:00:00+01:00,0.53096,0.5324,0.52977,0.52984
2023-11-13T23:00:00+01:00,0.52984,0.53067,0.52875,0.52994
2023-11-14T11:00:00+01:00,0.52994,0.53438,0.52826,0.53404
2023-11-14T23:00:00+01:00,0.53404,0.53701,0.53352,0.53676
2023-11-15T11:00:00+01:00,0.53676,0.53682,0.53384,0.53482
2023-11-15T23:00:00+01:00,0.53482,0.53503,0.53053,0.53342
2023-11-16T11:00:00+01:00,0.53342,0.53362,0.53011,0.53066
2023-11-16T23:00:00+01:00,0.53066,0.53072,0.52822,0.53014
2023-11-17T11:00:00+01:00,0.53014,0.53196,0.52921,0.53044
2023-11-19T23:00:00+01:00,0.53044,0.53408,0.53029,0.53326
2023-11-20T11:00:00+01:00,0.53326,0.53439,0.5308,0.53401
2023-11-20T23:00:00+01:00,0.53401,0.53786,0.53375,0.53588
2023-11-21T11:00:00+01:00,0.53588,0.53732,0.53412,0.53462
2023-11-21T23:00:00+01:00,0.53462,0.53546,0.53246,0.53318
2023-11-22T11:00:00+01:00,0.53318,0.53414,0.53183,0.53216
2023-11-22T23:00:00+01:00,0.53216,0.53536,0.53195,0.53396
2023-11-23T11:00:00+01:00,0.53396,0.53512,0.53341,0.5347
2023-11-23T23:00:00+01:00,0.5347,0.5357,0.53442,0.53544
2023-11-24T11:00:00+01:00,0.53544,0.5374,0.5353,0.53712
2023-11-26T23:00:00+01:00,0.53712,0.53712,0.53478,0.53574
2023-11-27T11:00:00+01:00,0.53574,0.53766,0.53541,0.53675
2023-11-27T23:00:00+01:00,0.53675,0.53784,0.53564,0.53615
2023-11-28T11:00:00+01:00,0.53615,0.53892,0.53614,0.53878
2023-11-28T23:00:00+01:00,0.53878,0.54396,0.53802,0.53942
2023-11-29T11:00:00+01:00,0.53942,0.54,0.53708,0.53792
2023-11-29T23:00:00+01:00,0.53792,0.53966,0.53733,0.53834
2023-11-30T11:00:00+01:00,0.53834,0.5395,0.5363,0.5385
2023-11-30T23:00:00+01:00,0.5385,0.54126,0.53772,0.5402
2023-12-01T11:00:00+01:00,0.5402,0.54056,0.53824,0.53974
2023-12-03T23:00:00+01:00,0.53974,0.5407,0.53811,0.54004
2023-12-04T11:00:00+01:00,0.54004,0.54108,0.53724,0.53802
2023-12-04T23:00:00+01:00,0.53802,0.53843,0.53581,0.53724
2023-12-05T11:00:00+01:00,0.53724,0.53772,0.53586,0.53636
2023-12-05T23:00:00+01:00,0.53636,0.54007,0.53606,0.53741
2023-12-06T11:00:00+01:00,0.53741,0.53908,0.5366,0.53688
2023-12-06T23:00:00+01:00,0.53688,0.53753,0.5351,0.53721
2023-12-07T11:00:00+01:00,0.53721,0.54102,0.53648,0.5398
2023-12-07T23:00:00+01:00,0.5398,0.54059,0.5375,0.53796
2023-12-08T11:00:00+01:00,0.53796,0.53966,0.53748,0.53879
2023-12-10T23:00:00+01:00,0.53879,0.5392,0.53658,0.53718
2023-12-11T11:00:00+01:00,0.53718,0.54004,0.53717,0.5377
2023-12-11T23:00:00+01:00,0.5377,0.54024,0.5375,0.53998
2023-12-12T11:00:00+01:00,0.53998,0.54002,0.53555,0.5369
2023-12-12T23:00:00+01:00,0.5369,0.53724,0.53318,0.53414
2023-12-13T11:00:00+01:00,0.53414,0.54161,0.53362,0.53788
2023-12-13T23:00:00+01:00,0.53788,0.54324,0.53764,0.54158
2023-12-14T11:00:00+01:00,0.54158,0.54182,0.53672,0.53832
2023-12-14T23:00:00+01:00,0.53832,0.53996,0.53699,0.53941
2023-12-15T11:00:00+01:00,0.53941,0.54118,0.53736,0.54004
2023-12-17T23:00:00+01:00,0.54004,0.54285,0.53951,0.54261
2023-12-18T11:00:00+01:00,0.54261,0.54271,0.53832,0.53858
2023-12-18T23:00:00+01:00,0.53858,0.54092,0.53833,0.54037
2023-12-19T11:00:00+01:00,0.54037,0.54075,0.53865,0.53986
2023-12-19T23:00:00+01:00,0.53986,0.54206,0.53883,0.54172
2023-12-20T11:00:00+01:00,0.54172,0.54366,0.53864,0.53866
2023-12-20T23:00:00+01:00,0.53866,0.54006,0.53809,0.53896
2023-12-21T11:00:00+01:00,0.53896,0.53978,0.53723,0.53888
2023-12-21T23:00:00+01:00,0.53888,0.5394,0.53733,0.53788
2023-12-22T11:00:00+01:00,0.53788,0.53996,0.53718,0.53898
2023-12-25T11:00:00+01:00,0.53898,0.53898,0.53878,0.53878
2023-12-25T23:00:00+01:00,0.53878,0.54106,0.53878,0.5408
2023-12-26T11:00:00+01:00,0.5408,0.54146,0.53962,0.54008
2023-12-26T23:00:00+01:00,0.54008,0.54106,0.53882,0.53899
2023-12-27T11:00:00+01:00,0.53899,0.54028,0.5335,0.53442
2023-12-27T23:00:00+01:00,0.53442,0.5357,0.52807,0.5286
2023-12-28T11:00:00+01:00,0.5286,0.53515,0.5286,0.5351
2023-12-28T23:00:00+01:00,0.5351,0.536,0.52994,0.53036
2023-12-29T11:00:00+01:00,0.53036,0.53376,0.52803,0.53178
2024-01-01T11:00:00+01:00,0.53178,0.53178,0.53166,0.53166
2024-01-01T23:00:00+01:00,0.53166,0.53454,0.53106,0.53403
2024-01-02T11:00:00+01:00,0.53403,0.5352,0.53072,0.53153
2024-01-02T23:00:00+01:00,0.53153,0.53373,0.53082,0.53258
2024-01-03T11:00:00+01:00,0.53258,0.53424,0.53015,0.53029
2024-01-03T23:00:00+01:00,0.53029,0.53344,0.53003,0.53191
2024-01-04T11:00:00+01:00,0.53191,0.53218,0.52906,0.53
2024-01-04T23:00:00+01:00,0.53,0.53132,0.52942,0.53046
2024-01-05T11:00:00+01:00,0.53046,0.53128,0.52893,0.53107
2024-01-07T23:00:00+01:00,0.53107,0.53219,0.52885,0.53036
2024-01-08T11:00:00+01:00,0.53036,0.53038,0.52812,0.53017
2024-01-08T23:00:00+01:00,0.53017,0.53138,0.52892,0.53092
2024-01-09T11:00:00+01:00,0.53092,0.53205,0.53062,0.53188
2024-01-09T23:00:00+01:00,0.53188,0.53316,0.53132,0.53228
2024-01-10T11:00:00+01:00,0.53228,0.53238,0.52926,0.52971
2024-01-10T23:00:00+01:00,0.52971,0.53244,0.52952,0.53153
2024-01-11T11:00:00+01:00,0.53153,0.53232,0.52968,0.53107
2024-01-11T23:00:00+01:00,0.53107,0.53312,0.53061,0.53301
2024-01-12T11:00:00+01:00,0.53301,0.5338,0.53188,0.53205
2024-01-14T23:00:00+01:00,0.53205,0.53206,0.52807,0.52834
2024-01-15T11:00:00+01:00,0.52834,0.53098,0.52832,0.53044
2024-01-15T23:00:00+01:00,0.53044,0.53104,0.52833,0.53005
2024-01-16T11:00:00+01:00,0.53005,0.53046,0.52776,0.52886
2024-01-16T23:00:00+01:00,0.52886,0.52974,0.52704,0.52738
2024-01-17T11:00:00+01:00,0.52738,0.52968,0.52665,0.5284
2024-01-17T23:00:00+01:00,0.5284,0.53004,0.52782,0.52898
2024-01-18T11:00:00+01:00,0.52898,0.53093,0.5289,0.53076
2024-01-18T23:00:00+01:00,0.53076,0.53182,0.529,0.53142
2024-01-19T11:00:00+01:00,0.53142,0.53197,0.52944,0.53062
2024-01-21T23:00:00+01:00,0.53062,0.53274,0.5294,0.53002
2024-01-22T11:00:00+01:00,0.53002,0.5315,0.52754,0.52806
2024-01-22T23:00:00+01:00,0.52806,0.52944,0.52718,0.5287
2024-01-23T11:00:00+01:00,0.5287,0.53154,0.52822,0.53102
2024-01-23T23:00:00+01:00,0.53102,0.53152,0.5296,0.5307
2024-01-24T11:00:00+01:00,0.5307,0.53107,0.5269,0.52713
2024-01-24T23:00:00+01:00,0.52713,0.52916,0.52682,0.52874
2024-01-25T11:00:00+01:00,0.52874,0.53113,0.52868,0.52977
2024-01-25T23:00:00+01:00,0.52977,0.5303,0.52728,0.52791
2024-01-26T11:00:00+01:00,0.52791,0.52806,0.52598,0.52661
2024-01-28T23:00:00+01:00,0.52661,0.5276,0.52573,0.52706
2024-01-29T11:00:00+01:00,0.52706,0.52894,0.52676,0.52826
2024-01-29T23:00:00+01:00,0.52826,0.52984,0.52809,0.52935
2024-01-30T11:00:00+01:00,0.52935,0.52962,0.5275,0.52871
2024-01-30T23:00:00+01:00,0.52871,0.52924,0.52739,0.52854
2024-01-31T11:00:00+01:00,0.52854,0.53006,0.52657,0.52685
2024-01-31T23:00:00+01:00,0.52685,0.5294,0.52544,0.52576
2024-02-01T11:00:00+01:00,0.52576,0.52712,0.52502,0.52688
2024-02-01T23:00:00+01:00,0.52688,0.52771,0.52632,0.52692
2024-02-02T11:00:00+01:00,0.52692,0.52724,0.52512,0.5256
2024-02-04T23:00:00+01:00,0.5256,0.52799,0.52482,0.52765
2024-02-05T11:00:00+01:00,0.52765,0.52796,0.52584,0.52705
2024-02-05T23:00:00+01:00,0.52705,0.52848,0.52672,0.52838
2024-02-06T11:00:00+01:00,0.52838,0.53045,0.52741,0.53016
2024-02-06T23:00:00+01:00,0.53016,0.53229,0.52986,0.5319
2024-02-07T11:00:00+01:00,0.5319,0.53454,0.53185,0.53436
2024-02-07T23:00:00+01:00,0.53436,0.53456,0.53257,0.53316
2024-02-08T11:00:00+01:00,0.53316,0.5334,0.53191,0.5326
2024-02-08T23:00:00+01:00,0.5326,0.53862,0.53236,0.53798
2024-02-09T11:00:00+01:00,0.53798,0.53828,0.53643,0.53798
2024-02-11T23:00:00+01:00,0.53798,0.53812,0.53492,0.53608
2024-02-12T11:00:00+01:00,0.53608,0.53761,0.53586,0.53688
2024-02-12T23:00:00+01:00,0.53688,0.53812,0.53442,0.5368
2024-02-13T11:00:00+01:00,0.5368,0.53838,0.53634,0.53759
2024-02-13T23:00:00+01:00,0.53759,0.54018,0.53676,0.5394
2024-02-14T11:00:00+01:00,0.5394,0.53966,0.5384,0.5389
2024-02-14T23:00:00+01:00,0.5389,0.53974,0.53713,0.53752
2024-02-15T11:00:00+01:00,0.53752,0.5392,0.53704,0.5374
2024-02-15T23:00:00+01:00,0.5374,0.53868,0.53644,0.53828
2024-02-16T11:00:00+01:00,0.53828,0.54018,0.53758,0.5396
2024-02-18T23:00:00+01:00,0.5396,0.54211,0.5394,0.54152
2024-02-19T11:00:00+01:00,0.54152,0.54278,0.54012,0.54254
2024-02-19T23:00:00+01:00,0.54254,0.54374,0.54142,0.54357
2024-02-20T11:00:00+01:00,0.54357,0.54488,0.5432,0.54358
2024-02-20T23:00:00+01:00,0.54358,0.54584,0.54329,0.54452
2024-02-21T11:00:00+01:00,0.54452,0.54489,0.54266,0.5435
2024-02-21T23:00:00+01:00,0.5435,0.54475,0.54297,0.5444
2024-02-22T11:00:00+01:00,0.5444,0.54623,0.544,0.54516
2024-02-22T23:00:00+01:00,0.54516,0.54642,0.5446,0.54512
2024-02-23T11:00:00+01:00,0.54512,0.54662,0.545,0.54612
2024-02-25T23:00:00+01:00,0.54612,0.54612,0.5428,0.54287
2024-02-26T11:00:00+01:00,0.54287,0.54394,0.54276,0.5431
2024-02-26T23:00:00+01:00,0.5431,0.54315,0.5415,0.54246
2024-02-27T11:00:00+01:00,0.54246,0.54318,0.54196,0.54217
2024-02-27T23:00:00+01:00,0.54217,0.54316,0.5368,0.53705
2024-02-28T11:00:00+01:00,0.53705,0.53737,0.53499,0.53585
2024-02-28T23:00:00+01:00,0.53585,0.5366,0.53456,0.53466
2024-02-29T11:00:00+01:00,0.53466,0.5385,0.53458,0.53834
2024-02-29T23:00:00+01:00,0.53834,0.53994,0.53761,0.5392
2024-03-01T11:00:00+01:00,0.5392,0.54116,0.5391,0.5393
2024-03-03T23:00:00+01:00,0.5393,0.53986,0.53728,0.53884
2024-03-04T11:00:00+01:00,0.53884,0.54045,0.53873,0.53942
2024-03-04T23:00:00+01:00,0.53942,0.53979,0.53758,0.53814
2024-03-05T11:00:00+01:00,0.53814,0.53931,0.53725,0.53776
2024-03-05T23:00:00+01:00,0.53776,0.54001,0.53698,0.5398
2024-03-06T11:00:00+01:00,0.5398,0.54122,0.53957,0.54062
2024-03-06T23:00:00+01:00,0.54062,0.54254,0.5404,0.54218
2024-03-07T11:00:00+01:00,0.54218,0.54272,0.54139,0.54193
2024-03-07T23:00:00+01:00,0.54193,0.54236,0.54075,0.54211
2024-03-08T11:00:00+01:00,0.54211,0.54308,0.54123,0.54226
2024-03-10T22:00:00+01:00,0.54226,0.54238,0.5403,0.5404
2024-03-11T10:00:00+01:00,0.5404,0.54216,0.54038,0.54144
2024-03-11T22:00:00+01:00,0.54144,0.54192,0.54001,0.54021
2024-03-12T10:00:00+01:00,0.54021,0.54114,0.53928,0.53954
2024-03-12T22:00:00+01:00,0.53954,0.5416,0.53918,0.54124
2024-03-13T10:00:00+01:00,0.54124,0.54138,0.53978,0.54112
2024-03-13T22:00:00+01:00,0.54112,0.54238,0.54089,0.54202
2024-03-14T10:00:00+01:00,0.54202,0.54287,0.54092,0.54183
2024-03-14T22:00:00+01:00,0.54183,0.54217,0.53849,0.53866
2024-03-15T10:00:00+01:00,0.53866,0.5388,0.53756,0.53776
2024-03-17T22:00:00+01:00,0.53776,0.53922,0.5374,0.53893
2024-03-18T10:00:00+01:00,0.53893,0.54036,0.53758,0.54022
2024-03-18T22:00:00+01:00,0.54022,0.54035,0.53634,0.53665
2024-03-19T10:00:00+01:00,0.53665,0.53781,0.53565,0.53754
2024-03-19T22:00:00+01:00,0.53754,0.53826,0.53664,0.53735
2024-03-20T10:00:00+01:00,0.53735,0.53934,0.53692,0.53912
2024-03-20T22:00:00+01:00,0.53912,0.54621,0.53715,0.54463
2024-03-21T10:00:00+01:00,0.54463,0.54558,0.54197,0.54238
2024-03-21T22:00:00+01:00,0.54238,0.5433,0.53999,0.54141
2024-03-22T10:00:00+01:00,0.54141,0.54146,0.53724,0.53808
2024-03-24T22:00:00+01:00,0.53808,0.53942,0.53726,0.53924
2024-03-25T10:00:00+01:00,0.53924,0.54009,0.53861,0.53996
2024-03-25T22:00:00+01:00,0.53996,0.54225,0.53957,0.54211
2024-03-26T10:00:00+01:00,0.54211,0.54416,0.54208,0.54254
2024-03-26T22:00:00+01:00,0.54254,0.54397,0.5413,0.54302
2024-03-27T10:00:00+01:00,0.54302,0.5446,0.54253,0.54254
2024-03-27T22:00:00+01:00,0.54254,0.54312,0.5404,0.5404
2024-03-28T10:00:00+01:00,0.5404,0.54044,0.53838,0.53866
2024-03-28T22:00:00+01:00,0.53866,0.53936,0.53758,0.53824
2024-03-29T10:00:00+01:00,0.53824,0.54004,0.53796,0.53938
2024-03-31T23:00:00+02:00,0.53938,0.54042,0.53878,0.539
2024-04-01T11:00:00+02:00,0.539,0.53924,0.53755,0.53835
2024-04-01T23:00:00+02:00,0.53835,0.54142,0.53819,0.5411
2024-04-02T11:00:00+02:00,0.5411,0.54228,0.53998,0.54212
2024-04-02T23:00:00+02:00,0.54212,0.54325,0.54064,0.54181
2024-04-03T11:00:00+02:00,0.54181,0.5432,0.54168,0.54246
2024-04-03T23:00:00+02:00,0.54246,0.54766,0.54236,0.54693
2024-04-04T11:00:00+02:00,0.54693,0.54774,0.54246,0.54308
2024-04-04T23:00:00+02:00,0.54308,0.54443,0.54208,0.54376
2024-04-05T11:00:00+02:00,0.54376,0.54452,0.54101,0.54242
2024-04-07T23:00:00+02:00,0.54242,0.54463,0.54191,0.5445
2024-04-08T11:00:00+02:00,0.5445,0.54645,0.5443,0.54599
2024-04-08T23:00:00+02:00,0.54599,0.54741,0.54582,0.54658
2024-04-09T11:00:00+02:00,0.54658,0.54826,0.54638,0.54733
2024-04-09T23:00:00+02:00,0.54733,0.54926,0.54695,0.54889
2024-04-10T11:00:00+02:00,0.54889,0.54959,0.54487,0.54529
2024-04-10T23:00:00+02:00,0.54529,0.54756,0.54526,0.54714
2024-04-11T11:00:00+02:00,0.54714,0.54722,0.54398,0.5456
2024-04-11T23:00:00+02:00,0.5456,0.54673,0.54484,0.5453
2024-04-12T11:00:00+02:00,0.5453,0.54538,0.54071,0.54301
2024-04-14T23:00:00+02:00,0.54301,0.54412,0.54138,0.54231
2024-04-15T11:00:00+02:00,0.54231,0.543,0.53808,0.53824
2024-04-15T23:00:00+02:00,0.53824,0.53878,0.53652,0.53776
2024-04-16T11:00:00+02:00,0.53776,0.53797,0.53595,0.53688
2024-04-16T23:00:00+02:00,0.53688,0.53911,0.53504,0.53768
2024-04-17T11:00:00+02:00,0.53768,0.53916,0.53736,0.5387
2024-04-17T23:00:00+02:00,0.5387,0.53948,0.53804,0.53882
2024-04-18T11:00:00+02:00,0.53882,0.53991,0.53781,0.53856
2024-04-18T23:00:00+02:00,0.53856,0.53888,0.52814,0.53516
2024-04-19T11:00:00+02:00,0.53516,0.53646,0.53456,0.53632
2024-04-21T23:00:00+02:00,0.53632,0.53996,0.53598,0.53806
2024-04-22T11:00:00+02:00,0.53806,0.53994,0.53762,0.53982
2024-04-22T23:00:00+02:00,0.53982,0.54028,0.53791,0.53858
2024-04-23T11:00:00+02:00,0.53858,0.54183,0.53807,0.54077
2024-04-23T23:00:00+02:00,0.54077,0.54291,0.54046,0.5427
2024-04-24T11:00:00+02:00,0.5427,0.54317,0.54056,0.54316
2024-04-24T23:00:00+02:00,0.54316,0.54476,0.54264,0.54418
2024-04-25T11:00:00+02:00,0.54418,0.54468,0.54171,0.54241
2024-04-25T23:00:00+02:00,0.54241,0.54486,0.54238,0.54344
2024-04-26T11:00:00+02:00,0.54344,0.5443,0.54223,0.54326
2024-04-28T23:00:00+02:00,0.54326,0.5451,0.54273,0.5437
2024-04-29T11:00:00+02:00,0.5437,0.5452,0.54353,0.5442
2024-04-29T23:00:00+02:00,0.5442,0.54455,0.54106,0.54226
2024-04-30T11:00:00+02:00,0.54226,0.543,0.53998,0.54136
2024-04-30T23:00:00+02:00,0.54136,0.54286,0.54014,0.54253
2024-05-01T11:00:00+02:00,0.54253,0.54416,0.54202,0.54286
2024-05-01T23:00:00+02:00,0.54286,0.54402,0.5402,0.5416
2024-05-02T11:00:00+02:00,0.5416,0.54318,0.54003,0.54258
2024-05-02T23:00:00+02:00,0.54258,0.54342,0.54151,0.54296
2024-05-03T11:00:00+02:00,0.54296,0.54621,0.54231,0.54405
2024-05-05T23:00:00+02:00,0.54405,0.54487,0.54325,0.54456
2024-05-06T11:00:00+02:00,0.54456,0.54552,0.54394,0.54447
2024-05-06T23:00:00+02:00,0.54447,0.54587,0.54422,0.54556
2024-05-07T11:00:00+02:00,0.54556,0.54582,0.5449,0.54498
2024-05-07T23:00:00+02:00,0.54498,0.54564,0.54339,0.54343
2024-05-08T11:00:00+02:00,0.54343,0.54524,0.54328,0.54512
2024-05-08T23:00:00+02:00,0.54512,0.54568,0.5443,0.5453
2024-05-09T11:00:00+02:00,0.5453,0.54682,0.54522,0.54668
2024-05-09T23:00:00+02:00,0.54668,0.547,0.54504,0.54526
2024-05-10T11:00:00+02:00,0.54526,0.54683,0.54505,0.54588
2024-05-12T23:00:00+02:00,0.54588,0.54588,0.54406,0.54498
2024-05-13T11:00:00+02:00,0.54498,0.54676,0.54498,0.5464
2024-05-13T23:00:00+02:00,0.5464,0.54742,0.546,0.54668
2024-05-14T11:00:00+02:00,0.54668,0.54776,0.54556,0.54757
2024-05-14T23:00:00+02:00,0.54757,0.54933,0.54741,0.54874
2024-05-15T11:00:00+02:00,0.54874,0.55272,0.54788,0.55221
2024-05-15T23:00:00+02:00,0.55221,0.55261,0.5501,0.55142
2024-05-16T11:00:00+02:00,0.55142,0.55479,0.55072,0.55473
2024-05-16T23:00:00+02:00,0.55473,0.55579,0.55396,0.5551
2024-05-17T11:00:00+02:00,0.5551,0.55774,0.55485,0.55774
2024-05-19T23:00:00+02:00,0.55774,0.55791,0.55605,0.55614
2024-05-20T11:00:00+02:00,0.55614,0.55672,0.55492,0.55584
2024-05-20T23:00:00+02:00,0.55584,0.55639,0.55472,0.5554
2024-05-21T11:00:00+02:00,0.5554,0.55593,0.55452,0.55492
2024-05-21T23:00:00+02:00,0.55492,0.56036,0.55492,0.55814
2024-05-22T11:00:00+02:00,0.55814,0.55969,0.55667,0.558
2024-05-22T23:00:00+02:00,0.558,0.5599,0.55742,0.5593
2024-05-23T11:00:00+02:00,0.5593,0.56011,0.55724,0.55776
2024-05-23T23:00:00+02:00,0.55776,0.55874,0.55692,0.55858
2024-05-24T11:00:00+02:00,0.55858,0.56024,0.55839,0.5598
2024-05-26T23:00:00+02:00,0.5598,0.56132,0.55962,0.56108
2024-05-27T11:00:00+02:00,0.56108,0.56238,0.56084,0.56184
2024-05-27T23:00:00+02:00,0.56184,0.56254,0.56108,0.56189
2024-05-28T11:00:00+02:00,0.56189,0.56204,0.55982,0.56038
2024-05-28T23:00:00+02:00,0.56038,0.56074,0.55899,0.56024
2024-05-29T11:00:00+02:00,0.56024,0.56037,0.55812,0.55841
2024-05-29T23:00:00+02:00,0.55841,0.55872,0.55382,0.554
2024-05-30T11:00:00+02:00,0.554,0.55486,0.5521,0.55234
2024-05-30T23:00:00+02:00,0.55234,0.55536,0.55212,0.555
2024-05-31T11:00:00+02:00,0.555,0.55607,0.55356,0.55445
2024-06-02T23:00:00+02:00,0.55445,0.55496,0.55312,0.5544
2024-06-03T11:00:00+02:00,0.5544,0.55578,0.5524,0.55454
2024-06-03T23:00:00+02:00,0.55454,0.55495,0.55165,0.55237
2024-06-04T11:00:00+02:00,0.55237,0.55238,0.5487,0.5499
2024-06-04T23:00:00+02:00,0.5499,0.55314,0.54944,0.55188
2024-06-05T11:00:00+02:00,0.55188,0.55336,0.55088,0.55317
2024-06-05T23:00:00+02:00,0.55317,0.55356,0.55154,0.55182
2024-06-06T11:00:00+02:00,0.55182,0.55304,0.55046,0.55131
2024-06-06T23:00:00+02:00,0.55131,0.55207,0.55047,0.55077
2024-06-07T11:00:00+02:00,0.55077,0.55215,0.54705,0.5473
2024-06-09T23:00:00+02:00,0.5473,0.54894,0.54683,0.54775
2024-06-10T11:00:00+02:00,0.54775,0.54948,0.54724,0.54936
2024-06-10T23:00:00+02:00,0.54936,0.54988,0.54864,0.54935
2024-06-11T11:00:00+02:00,0.54935,0.55172,0.5488,0.55145
2024-06-11T23:00:00+02:00,0.55145,0.55206,0.55066,0.5508
2024-06-12T11:00:00+02:00,0.5508,0.55472,0.54995,0.5532
2024-06-12T23:00:00+02:00,0.5532,0.55333,0.55202,0.5533
2024-06-13T11:00:00+02:00,0.5533,0.55396,0.55079,0.5513
2024-06-13T23:00:00+02:00,0.5513,0.55152,0.5468,0.54728
2024-06-14T11:00:00+02:00,0.54728,0.54828,0.54521,0.54672
2024-06-16T23:00:00+02:00,0.54672,0.54695,0.54434,0.54592
2024-06-17T11:00:00+02:00,0.54592,0.54646,0.54497,0.54539
2024-06-17T23:00:00+02:00,0.54549,0.54568,0.54207,0.54273
2024-06-18T11:00:00+02:00,0.54272,0.5435,0.54067,0.54334
2024-06-18T23:00:00+02:00,0.5433,0.54336,0.54198,0.5428
2024-06-19T11:00:00+02:00,0.54277,0.5435,0.54182,0.54224
2024-06-19T23:00:00+02:00,0.54212,0.54602,0.54146,0.54492
2024-06-20T11:00:00+02:00,0.5449,0.5469,0.5444,0.54559
2024-06-20T23:00:00+02:00,0.54552,0.54677,0.54502,0.54662
2024-06-21T11:00:00+02:00,0.54662,0.54756,0.54611,0.54711
2024-06-23T23:00:00+02:00,0.54711,0.54794,0.5457,0.54778
2024-06-24T11:00:00+02:00,0.5478,0.5481,0.54628,0.54691
2024-06-24T23:00:00+02:00,0.54687,0.54774,0.54582,0.54755
2024-06-25T11:00:00+02:00,0.54752,0.54763,0.54629,0.54763
2024-06-25T23:00:00+02:00,0.54751,0.54836,0.54663,0.54746
2024-06-26T11:00:00+02:00,0.54744,0.54806,0.54492,0.54566
2024-06-26T23:00:00+02:00,0.54559,0.54722,0.54456,0.54716
2024-06-27T11:00:00+02:00,0.54712,0.54778,0.5463,0.54677
2024-06-27T23:00:00+02:00,0.54678,0.54721,0.54498,0.54601
2024-06-28T11:00:00+02:00,0.54599,0.54878,0.54588,0.54751
2024-06-30T23:00:00+02:00,0.54751,0.54989,0.54734,0.54954
2024-07-01T11:00:00+02:00,0.54956,0.54976,0.54823,0.54844
2024-07-01T23:00:00+02:00,0.54836,0.54888,0.54653,0.54769
2024-07-02T11:00:00+02:00,0.54771,0.54981,0.54698,0.54936
2024-07-02T23:00:00+02:00,0.54909,0.55034,0.54904,0.54912
2024-07-03T11:00:00+02:00,0.54912,0.55142,0.5479,0.55002
2024-07-03T23:00:00+02:00,0.55005,0.55262,0.54998,0.55134
2024-07-04T11:00:00+02:00,0.55136,0.5514,0.5503,0.55036
2024-07-04T23:00:00+02:00,0.55044,0.55089,0.54942,0.54982
2024-07-05T11:00:00+02:00,0.54984,0.55169,0.54951,0.55043
2024-07-07T23:00:00+02:00,0.54996,0.55087,0.54898,0.54931
2024-07-08T11:00:00+02:00,0.54933,0.55085,0.54922,0.54966
2024-07-08T23:00:00+02:00,0.5497,0.55054,0.54948,0.5495
2024-07-09T11:00:00+02:00,0.54946,0.55002,0.5488,0.54972
2024-07-09T23:00:00+02:00,0.54974,0.5505,0.54432,0.54473
2024-07-10T11:00:00+02:00,0.54474,0.5475,0.54472,0.54692
2024-07-10T23:00:00+02:00,0.54714,0.54836,0.54666,0.54734
2024-07-11T11:00:00+02:00,0.54734,0.54798,0.5452,0.54638
2024-07-11T23:00:00+02:00,0.54644,0.54745,0.54469,0.54734
2024-07-12T11:00:00+02:00,0.54733,0.54793,0.54613,0.54724
2024-07-14T23:00:00+02:00,0.54631,0.54718,0.54494,0.5453
2024-07-15T11:00:00+02:00,0.5453,0.54558,0.54394,0.54432
2024-07-15T23:00:00+02:00,0.54432,0.54451,0.5414,0.54238
2024-07-16T11:00:00+02:00,0.54238,0.54384,0.54042,0.54052
2024-07-16T23:00:00+02:00,0.54054,0.54376,0.53928,0.54054
2024-07-17T11:00:00+02:00,0.54054,0.54149,0.5362,0.53721
2024-07-17T23:00:00+02:00,0.53723,0.53786,0.53604,0.53684
2024-07-18T11:00:00+02:00,0.53684,0.5375,0.53626,0.53664
2024-07-18T23:00:00+02:00,0.53656,0.53691,0.53524,0.53534
2024-07-19T11:00:00+02:00,0.53532,0.5361,0.5337,0.53434
2024-07-21T23:00:00+02:00,0.53464,0.53522,0.53209,0.53272
2024-07-22T11:00:00+02:00,0.53272,0.53318,0.53116,0.53181
2024-07-22T23:00:00+02:00,0.53178,0.53209,0.53034,0.53081
2024-07-23T11:00:00+02:00,0.53084,0.5318,0.53046,0.53102
2024-07-23T23:00:00+02:00,0.53109,0.53109,0.52681,0.52692
2024-07-24T11:00:00+02:00,0.52693,0.52704,0.52445,0.52473
2024-07-24T23:00:00+02:00,0.52486,0.52504,0.51992,0.52068
2024-07-25T11:00:00+02:00,0.52066,0.52086,0.5169,0.51899
2024-07-25T23:00:00+02:00,0.519,0.5216,0.5183,0.52145
2024-07-26T11:00:00+02:00,0.52144,0.52153,0.5196,0.52036
2024-07-28T23:00:00+02:00,0.52037,0.52135,0.51966,0.52036
2024-07-29T11:00:00+02:00,0.52038,0.52098,0.51902,0.52042
2024-07-29T23:00:00+02:00,0.52048,0.52362,0.5202,0.5224
2024-07-30T11:00:00+02:00,0.5224,0.52266,0.52078,0.5211
2024-07-30T23:00:00+02:00,0.52104,0.52272,0.51902,0.52129
2024-07-31T11:00:00+02:00,0.52128,0.52426,0.5205,0.52249
2024-07-31T23:00:00+02:00,0.52248,0.52306,0.51999,0.52009
2024-08-01T11:00:00+02:00,0.52011,0.52339,0.51847,0.51938
2024-08-01T23:00:00+02:00,0.51942,0.52014,0.5173,0.5183
2024-08-02T11:00:00+02:00,0.51827,0.51921,0.51084,0.51104
2024-08-04T23:00:00+02:00,0.51086,0.51166,0.4944,0.50372
2024-08-05T11:00:00+02:00,0.50369,0.50776,0.50062,0.50617
2024-08-05T23:00:00+02:00,0.50626,0.51128,0.50545,0.50666
2024-08-06T11:00:00+02:00,0.50666,0.50906,0.50406,0.50684
2024-08-06T23:00:00+02:00,0.50699,0.51706,0.50692,0.5166
2024-08-07T11:00:00+02:00,0.5166,0.52161,0.51608,0.51641
2024-08-07T23:00:00+02:00,0.51635,0.5169,0.51343,0.51486
2024-08-08T11:00:00+02:00,0.51487,0.5213,0.51302,0.52124
2024-08-08T23:00:00+02:00,0.52117,0.52294,0.5196,0.5215
2024-08-09T11:00:00+02:00,0.52152,0.5216,0.51835,0.51902
2024-08-11T23:00:00+02:00,0.51908,0.52382,0.51801,0.52354
2024-08-12T11:00:00+02:00,0.52352,0.52514,0.52022,0.52086
2024-08-12T23:00:00+02:00,0.52084,0.5242,0.5206,0.52374
2024-08-13T11:00:00+02:00,0.52375,0.52574,0.52255,0.52562
2024-08-13T23:00:00+02:00,0.52562,0.52633,0.51796,0.51852
2024-08-14T11:00:00+02:00,0.5185,0.52085,0.51834,0.51888
2024-08-14T23:00:00+02:00,0.51882,0.52026,0.51778,0.51962
2024-08-15T11:00:00+02:00,0.51959,0.52382,0.51954,0.52227
2024-08-15T23:00:00+02:00,0.52242,0.52502,0.5216,0.52282
2024-08-16T11:00:00+02:00,0.52281,0.52502,0.522,0.52432
2024-08-18T23:00:00+02:00,0.52437,0.52646,0.52328,0.52496
2024-08-19T11:00:00+02:00,0.52495,0.52774,0.52458,0.52758
2024-08-19T23:00:00+02:00,0.52748,0.5284,0.52658,0.52775
2024-08-20T11:00:00+02:00,0.52772,0.5283,0.52546,0.52566
2024-08-20T23:00:00+02:00,0.52567,0.52622,0.52428,0.52496
2024-08-21T11:00:00+02:00,0.52498,0.52562,0.52384,0.52428
2024-08-21T23:00:00+02:00,0.52433,0.52504,0.5233,0.52446
2024-08-22T11:00:00+02:00,0.52448,0.52459,0.52243,0.52342
2024-08-22T23:00:00+02:00,0.52326,0.52456,0.52282,0.52426
2024-08-23T11:00:00+02:00,0.52425,0.5288,0.52419,0.52844
2024-08-25T23:00:00+02:00,0.52756,0.52844,0.52494,0.52504
2024-08-26T11:00:00+02:00,0.52504,0.52668,0.5248,0.52575
2024-08-26T23:00:00+02:00,0.52561,0.52778,0.52504,0.52707
2024-08-27T11:00:00+02:00,0.52706,0.52738,0.5247,0.52622
2024-08-27T23:00:00+02:00,0.52632,0.5273,0.52525,0.52646
2024-08-28T11:00:00+02:00,0.52644,0.52722,0.52463,0.5258
2024-08-28T23:00:00+02:00,0.52584,0.53054,0.52528,0.52986
2024-08-29T11:00:00+02:00,0.52988,0.53133,0.52934,0.53044
2024-08-29T23:00:00+02:00,0.53042,0.53182,0.52986,0.5314
2024-08-30T11:00:00+02:00,0.5314,0.5321,0.52986,0.53114
2024-09-01T23:00:00+02:00,0.53112,0.53189,0.52823,0.52971
2024-09-02T11:00:00+02:00,0.52969,0.53124,0.52925,0.53055
2024-09-02T23:00:00+02:00,0.53055,0.53154,0.52644,0.52819
2024-09-03T11:00:00+02:00,0.52818,0.52833,0.52536,0.52596
2024-09-03T23:00:00+02:00,0.52602,0.5263,0.52353,0.52438
2024-09-04T11:00:00+02:00,0.52441,0.52763,0.52434,0.5247
2024-09-04T23:00:00+02:00,0.52467,0.52522,0.52305,0.52495
2024-09-05T11:00:00+02:00,0.52496,0.52712,0.52444,0.52516
2024-09-05T23:00:00+02:00,0.5252,0.52552,0.5228,0.52372
2024-09-06T11:00:00+02:00,0.52369,0.52699,0.51947,0.52056
2024-09-08T23:00:00+02:00,0.5204,0.52292,0.51976,0.5205
2024-09-09T11:00:00+02:00,0.52051,0.52232,0.51979,0.52183
2024-09-09T23:00:00+02:00,0.52182,0.52277,0.52086,0.52161
2024-09-10T11:00:00+02:00,0.52159,0.52254,0.52002,0.52091
2024-09-10T23:00:00+02:00,0.52086,0.52114,0.51742,0.51968
2024-09-11T11:00:00+02:00,0.5197,0.52316,0.51784,0.52278
2024-09-11T23:00:00+02:00,0.52276,0.52526,0.52215,0.52385
2024-09-12T11:00:00+02:00,0.52389,0.5263,0.5232,0.52624
2024-09-12T23:00:00+02:00,0.52622,0.52678,0.52413,0.52446
2024-09-13T11:00:00+02:00,0.52447,0.52505,0.52136,0.52292
2024-09-15T23:00:00+02:00,0.52285,0.52302,0.52126,0.52272
2024-09-16T11:00:00+02:00,0.52269,0.52397,0.5221,0.52397
2024-09-16T23:00:00+02:00,0.52399,0.52411,0.52216,0.52346
2024-09-17T11:00:00+02:00,0.52348,0.52453,0.52282,0.52391
2024-09-17T23:00:00+02:00,0.52392,0.52522,0.52351,0.52475
2024-09-18T11:00:00+02:00,0.52476,0.52682,0.52403,0.52531
2024-09-18T23:00:00+02:00,0.52528,0.52969,0.52471,0.52932
2024-09-19T11:00:00+02:00,0.52934,0.53037,0.5281,0.52878
2024-09-19T23:00:00+02:00,0.52882,0.52971,0.52718,0.52847
2024-09-20T11:00:00+02:00,0.52844,0.5313,0.52787,0.5304
2024-09-22T23:00:00+02:00,0.53013,0.53168,0.52966,0.53078
2024-09-23T11:00:00+02:00,0.5308,0.53264,0.5304,0.53116
2024-09-23T23:00:00+02:00,0.53117,0.53234,0.53019,0.53172
2024-09-24T11:00:00+02:00,0.53172,0.53604,0.53155,0.53462
2024-09-24T23:00:00+02:00,0.53478,0.53506,0.53236,0.53496
2024-09-25T11:00:00+02:00,0.53498,0.53672,0.53208,0.53223
2024-09-25T23:00:00+02:00,0.53223,0.53534,0.53114,0.53378
2024-09-26T11:00:00+02:00,0.53376,0.53619,0.5329,0.53546
2024-09-26T23:00:00+02:00,0.53556,0.5362,0.5323,0.53328
2024-09-27T11:00:00+02:00,0.53324,0.5364,0.53262,0.53296
2024-09-29T23:00:00+02:00,0.53268,0.53675,0.53268,0.53626
2024-09-30T11:00:00+02:00,0.53628,0.53838,0.53511,0.53682
2024-09-30T23:00:00+02:00,0.53678,0.537,0.53418,0.53458
2024-10-01T11:00:00+02:00,0.53459,0.5356,0.5302,0.5317
2024-10-01T23:00:00+02:00,0.53176,0.53445,0.53118,0.53198
2024-10-02T11:00:00+02:00,0.53204,0.53432,0.5316,0.53198
2024-10-02T23:00:00+02:00,0.53198,0.53292,0.5292,0.5294
2024-10-03T11:00:00+02:00,0.5294,0.53128,0.52808,0.52975
2024-10-03T23:00:00+02:00,0.52974,0.53006,0.52758,0.52819
2024-10-04T11:00:00+02:00,0.52822,0.5301,0.52718,0.52852
2024-10-06T23:00:00+02:00,0.52852,0.5304,0.52704,0.52708
2024-10-07T11:00:00+02:00,0.52706,0.52706,0.52202,0.52324
2024-10-07T23:00:00+02:00,0.52328,0.5249,0.52126,0.52326
2024-10-08T11:00:00+02:00,0.52328,0.52636,0.52279,0.52623
2024-10-08T23:00:00+02:00,0.52608,0.52674,0.521,0.52156
2024-10-09T11:00:00+02:00,0.52154,0.52196,0.52006,0.5217
2024-10-09T23:00:00+02:00,0.52164,0.52448,0.52142,0.52282
2024-10-10T11:00:00+02:00,0.52281,0.52288,0.52004,0.52166
2024-10-10T23:00:00+02:00,0.52164,0.5232,0.52164,0.52202
2024-10-11T11:00:00+02:00,0.52204,0.52434,0.52182,0.52386
2024-10-13T23:00:00+02:00,0.52385,0.52409,0.52222,0.5236
2024-10-14T11:00:00+02:00,0.52361,0.52648,0.52292,0.52564
2024-10-14T23:00:00+02:00,0.5258,0.52603,0.5237,0.52463
2024-10-15T11:00:00+02:00,0.52463,0.52592,0.52402,0.52452
2024-10-15T23:00:00+02:00,0.52444,0.52508,0.52096,0.52328
2024-10-16T11:00:00+02:00,0.5233,0.52493,0.52303,0.52416
2024-10-16T23:00:00+02:00,0.52418,0.52584,0.52328,0.5236
2024-10-17T11:00:00+02:00,0.5236,0.52528,0.52336,0.52486
2024-10-17T23:00:00+02:00,0.52484,0.52625,0.52438,0.52582
2024-10-18T11:00:00+02:00,0.52582,0.52644,0.52483,0.52505
2024-10-20T23:00:00+02:00,0.52504,0.5261,0.5241,0.5241
2024-10-21T11:00:00+02:00,0.5241,0.5242,0.52188,0.52242
2024-10-21T23:00:00+02:00,0.52245,0.52438,0.5211,0.52359
2024-10-22T11:00:00+02:00,0.52359,0.52448,0.5228,0.52302
2024-10-22T23:00:00+02:00,0.52306,0.52464,0.52235,0.52236
2024-10-23T11:00:00+02:00,0.52235,0.5228,0.51918,0.52014
2024-10-23T23:00:00+02:00,0.52013,0.52236,0.51977,0.52176
2024-10-24T11:00:00+02:00,0.52176,0.52202,0.51986,0.52076
2024-10-24T23:00:00+02:00,0.52059,0.5212,0.51826,0.51985
2024-10-25T11:00:00+02:00,0.51988,0.52107,0.51734,0.518
2024-10-27T22:00:00+01:00,0.51888,0.51982,0.5178,0.51821
2024-10-28T10:00:00+01:00,0.51824,0.51904,0.51696,0.51736
2024-10-28T22:00:00+01:00,0.5174,0.51836,0.51626,0.51794
2024-10-29T10:00:00+01:00,0.51794,0.51842,0.51714,0.5179
2024-10-29T22:00:00+01:00,0.51812,0.5201,0.5164,0.5198
2024-10-30T10:00:00+01:00,0.51978,0.52,0.51725,0.51756
2024-10-30T22:00:00+01:00,0.51769,0.51819,0.51668,0.51731
2024-10-31T10:00:00+01:00,0.5173,0.51754,0.51389,0.51586
2024-10-31T22:00:00+01:00,0.51606,0.51883,0.51519,0.51837
2024-11-01T10:00:00+01:00,0.51838,0.52059,0.51758,0.51861
2024-11-03T23:00:00+01:00,0.52052,0.52058,0.51672,0.51724
2024-11-04T11:00:00+01:00,0.51724,0.5174,0.5157,0.51595
2024-11-04T23:00:00+01:00,0.51595,0.51816,0.51558,0.51714
2024-11-05T11:00:00+01:00,0.51714,0.51921,0.51682,0.51846
2024-11-05T23:00:00+01:00,0.51843,0.52208,0.51634,0.5218
2024-11-06T11:00:00+01:00,0.5218,0.52256,0.51966,0.52042
2024-11-06T23:00:00+01:00,0.52036,0.5258,0.51975,0.525
2024-11-07T11:00:00+01:00,0.52502,0.5265,0.52456,0.52566
2024-11-07T23:00:00+01:00,0.52568,0.52584,0.52308,0.52365
2024-11-08T11:00:00+01:00,0.52366,0.52394,0.52126,0.5225
2024-11-10T23:00:00+01:00,0.52284,0.52454,0.52165,0.52439
2024-11-11T11:00:00+01:00,0.52438,0.52544,0.52384,0.52528
2024-11-11T23:00:00+01:00,0.52526,0.52618,0.52394,0.52478
2024-11-12T11:00:00+01:00,0.52478,0.52506,0.5218,0.52242
2024-11-12T23:00:00+01:00,0.52234,0.52382,0.52212,0.5236
2024-11-13T11:00:00+01:00,0.5236,0.52382,0.52046,0.52092
2024-11-13T23:00:00+01:00,0.52086,0.52137,0.51964,0.52092
2024-11-14T11:00:00+01:00,0.52093,0.52236,0.52042,0.52084
2024-11-14T23:00:00+01:00,0.52077,0.52166,0.52,0.52146
2024-11-15T11:00:00+01:00,0.52149,0.52178,0.51974,0.52099
2024-11-17T23:00:00+01:00,0.52146,0.52146,0.51802,0.51814
2024-11-18T11:00:00+01:00,0.51814,0.52086,0.51802,0.52046
2024-11-18T23:00:00+01:00,0.52039,0.52134,0.519,0.51947
2024-11-19T11:00:00+01:00,0.51946,0.52207,0.519,0.52167
2024-11-19T23:00:00+01:00,0.52156,0.52237,0.52057,0.52116
2024-11-20T11:00:00+01:00,0.52114,0.52136,0.51842,0.51949
2024-11-20T23:00:00+01:00,0.5195,0.5198,0.51762,0.51834
2024-11-21T11:00:00+01:00,0.51832,0.52002,0.51816,0.5196
2024-11-21T23:00:00+01:00,0.51952,0.5197,0.51671,0.51858
2024-11-22T11:00:00+01:00,0.5186,0.5224,0.51826,0.5217
2024-11-24T23:00:00+01:00,0.52218,0.52272,0.51996,0.52012
2024-11-25T11:00:00+01:00,0.52012,0.52072,0.51776,0.51798
2024-11-25T23:00:00+01:00,0.51808,0.51868,0.51492,0.51767
2024-11-26T11:00:00+01:00,0.51765,0.51895,0.51653,0.51722
2024-11-26T23:00:00+01:00,0.5174,0.52104,0.51632,0.52012
2024-11-27T11:00:00+01:00,0.52013,0.52122,0.51905,0.51972
2024-11-27T23:00:00+01:00,0.51954,0.52125,0.51944,0.52106
2024-11-28T11:00:00+01:00,0.52107,0.52116,0.51962,0.51994
2024-11-28T23:00:00+01:00,0.52001,0.52187,0.51961,0.52112
2024-11-29T11:00:00+01:00,0.52113,0.52284,0.52012,0.5222
2024-12-01T23:00:00+01:00,0.52066,0.52328,0.52062,0.52313
2024-12-02T11:00:00+01:00,0.52314,0.52351,0.52066,0.52212
2024-12-02T23:00:00+01:00,0.52194,0.52306,0.52072,0.52196
2024-12-03T11:00:00+01:00,0.52197,0.52204,0.51958,0.52126
2024-12-03T23:00:00+01:00,0.52126,0.52164,0.51745,0.51827
2024-12-04T11:00:00+01:00,0.5183,0.51844,0.51692,0.51708
2024-12-04T23:00:00+01:00,0.51714,0.51978,0.51682,0.51897
2024-12-05T11:00:00+01:00,0.51895,0.51914,0.51602,0.51728
2024-12-05T23:00:00+01:00,0.51727,0.5176,0.514,0.51429
2024-12-06T11:00:00+01:00,0.51428,0.5143,0.5114,0.51236
2024-12-08T23:00:00+01:00,0.51316,0.51604,0.51084,0.51545
2024-12-09T11:00:00+01:00,0.51546,0.51666,0.51498,0.51548
2024-12-09T23:00:00+01:00,0.51562,0.51564,0.51124,0.51254
2024-12-10T11:00:00+01:00,0.51252,0.5128,0.51107,0.51192
2024-12-10T23:00:00+01:00,0.5119,0.51285,0.51,0.51029
2024-12-11T11:00:00+01:00,0.51026,0.51218,0.50969,0.5112
2024-12-11T23:00:00+01:00,0.5112,0.51632,0.511,0.51501
2024-12-12T11:00:00+01:00,0.51503,0.51552,0.51347,0.51452
2024-12-12T23:00:00+01:00,0.51459,0.51572,0.51389,0.51548
2024-12-13T11:00:00+01:00,0.5155,0.5156,0.51357,0.51448
2024-12-15T23:00:00+01:00,0.51446,0.51559,0.51404,0.51437
2024-12-16T11:00:00+01:00,0.51434,0.51732,0.51406,0.51725
2024-12-16T23:00:00+01:00,0.51705,0.51784,0.51554,0.5168
2024-12-17T11:00:00+01:00,0.51682,0.51696,0.5133,0.51393
2024-12-17T23:00:00+01:00,0.5139,0.51396,0.51148,0.51162
2024-12-18T11:00:00+01:00,0.51162,0.51274,0.50618,0.50638
2024-12-18T23:00:00+01:00,0.50648,0.50786,0.50539,0.50707
2024-12-19T11:00:00+01:00,0.50708,0.50839,0.50582,0.5061
2024-12-19T23:00:00+01:00,0.50614,0.50634,0.50428,0.5046
2024-12-20T11:00:00+01:00,0.5046,0.50594,0.50316,0.50504
2024-12-22T23:00:00+01:00,0.50502,0.5067,0.50356,0.50662
2024-12-23T11:00:00+01:00,0.50662,0.50817,0.50565,0.50734
2024-12-23T23:00:00+01:00,0.50728,0.50824,0.5068,0.50797
2024-12-24T11:00:00+01:00,0.50795,0.50917,0.50722,0.50786
2024-12-25T23:00:00+01:00,0.50786,0.50912,0.5069,0.50699
2024-12-26T11:00:00+01:00,0.50696,0.5078,0.5053,0.50556
2024-12-26T23:00:00+01:00,0.50549,0.5075,0.50498,0.50638
2024-12-27T11:00:00+01:00,0.50639,0.50854,0.50618,0.508
2024-12-29T23:00:00+01:00,0.50792,0.51102,0.50763,0.5099
2024-12-30T11:00:00+01:00,0.50991,0.51128,0.50916,0.50974
2024-12-30T23:00:00+01:00,0.50947,0.51038,0.50772,0.5088
2024-12-31T11:00:00+01:00,0.50878,0.5088,0.50686,0.50764
2025-01-01T23:00:00+01:00,0.50738,0.50916,0.50682,0.50842
2025-01-02T11:00:00+01:00,0.50842,0.51128,0.5082,0.51044
2025-01-02T23:00:00+01:00,0.51044,0.51148,0.5091,0.50927
2025-01-03T11:00:00+01:00,0.50925,0.51044,0.50902,0.50984
2025-01-05T23:00:00+01:00,0.51001,0.51246,0.50996,0.51062
2025-01-06T11:00:00+01:00,0.5106,0.51239,0.50951,0.5104
2025-01-06T23:00:00+01:00,0.5104,0.51431,0.51014,0.51411
2025-01-07T11:00:00+01:00,0.51414,0.51488,0.51189,0.51269
2025-01-07T23:00:00+01:00,0.51254,0.51312,0.51149,0.51242
2025-01-08T11:00:00+01:00,0.51245,0.5125,0.50964,0.51106
2025-01-08T23:00:00+01:00,0.51094,0.5112,0.5087,0.5095
2025-01-09T11:00:00+01:00,0.50948,0.51116,0.50934,0.5106
2025-01-09T23:00:00+01:00,0.51048,0.511,0.50905,0.50944
2025-01-10T11:00:00+01:00,0.50944,0.51054,0.50856,0.5091
2025-01-12T23:00:00+01:00,0.50985,0.51082,0.50836,0.50838
2025-01-13T11:00:00+01:00,0.50837,0.51212,0.50817,0.5119
2025-01-13T23:00:00+01:00,0.51186,0.51472,0.51142,0.51394
2025-01-14T11:00:00+01:00,0.51395,0.51422,0.51062,0.51128
2025-01-14T23:00:00+01:00,0.51128,0.51258,0.51068,0.51232
2025-01-15T11:00:00+01:00,0.51232,0.51366,0.51086,0.51236
2025-01-15T23:00:00+01:00,0.51238,0.51372,0.51048,0.51054
2025-01-16T11:00:00+01:00,0.51054,0.51218,0.50982,0.51084
2025-01-16T23:00:00+01:00,0.51065,0.51118,0.50924,0.51
2025-01-17T11:00:00+01:00,0.51002,0.51219,0.5086,0.51111
2025-01-19T23:00:00+01:00,0.51104,0.51291,0.5106,0.51178
2025-01-20T11:00:00+01:00,0.51182,0.51553,0.51136,0.51413
2025-01-20T23:00:00+01:00,0.51402,0.515,0.51127,0.51283
2025-01-21T11:00:00+01:00,0.51282,0.51464,0.51192,0.51444
2025-01-21T23:00:00+01:00,0.51442,0.51466,0.51236,0.51369
2025-01-22T11:00:00+01:00,0.51366,0.51448,0.51317,0.51355
2025-01-22T23:00:00+01:00,0.51354,0.51403,0.51267,0.51328
2025-01-23T11:00:00+01:00,0.51327,0.51554,0.51292,0.51476
2025-01-23T23:00:00+01:00,0.51476,0.5174,0.51448,0.51652
2025-01-24T11:00:00+01:00,0.51652,0.5178,0.51634,0.5173
2025-01-26T23:00:00+01:00,0.51632,0.51697,0.513,0.51308
2025-01-27T11:00:00+01:00,0.51309,0.51361,0.5111,0.51338
2025-01-27T23:00:00+01:00,0.51336,0.51362,0.5118,0.51274
2025-01-28T11:00:00+01:00,0.51277,0.51303,0.51143,0.51198
2025-01-28T23:00:00+01:00,0.51204,0.51266,0.51109,0.5118
2025-01-29T11:00:00+01:00,0.5118,0.51346,0.51156,0.51303
2025-01-29T23:00:00+01:00,0.51294,0.51365,0.5114,0.51284
2025-01-30T11:00:00+01:00,0.51282,0.51404,0.51174,0.51242
2025-01-30T23:00:00+01:00,0.51236,0.51522,0.51162,0.51474
2025-01-31T11:00:00+01:00,0.51472,0.51582,0.51284,0.51356
2025-02-02T23:00:00+01:00,0.5118,0.51186,0.50584,0.51005
2025-02-03T11:00:00+01:00,0.51003,0.51297,0.5081,0.51221
2025-02-03T23:00:00+01:00,0.5124,0.51346,0.50936,0.51002
2025-02-04T11:00:00+01:00,0.51,0.51178,0.5094,0.51136
2025-02-04T23:00:00+01:00,0.51107,0.51336,0.51086,0.51268
2025-02-05T11:00:00+01:00,0.51266,0.5137,0.51208,0.51262
2025-02-05T23:00:00+01:00,0.51264,0.51296,0.51102,0.51211
2025-02-06T11:00:00+01:00,0.51213,0.51366,0.51191,0.51346
2025-02-06T23:00:00+01:00,0.51348,0.51542,0.51301,0.51517
2025-02-07T11:00:00+01:00,0.51519,0.51574,0.51356,0.51486
2025-02-09T23:00:00+01:00,0.51358,0.51597,0.51358,0.51498
2025-02-10T11:00:00+01:00,0.51498,0.51518,0.51403,0.5142
2025-02-10T23:00:00+01:00,0.51413,0.51559,0.51308,0.51486
2025-02-11T11:00:00+01:00,0.51484,0.51672,0.51449,0.51642
2025-02-11T23:00:00+01:00,0.51632,0.51774,0.51343,0.51363
2025-02-12T11:00:00+01:00,0.51362,0.51612,0.51232,0.51509
2025-02-12T23:00:00+01:00,0.51503,0.51588,0.51136,0.5118
2025-02-13T11:00:00+01:00,0.5118,0.513,0.51052,0.51278
2025-02-13T23:00:00+01:00,0.51266,0.51529,0.51241,0.51477
2025-02-14T11:00:00+01:00,0.51478,0.51616,0.51364,0.51556
2025-02-16T23:00:00+01:00,0.51374,0.5172,0.51374,0.51632
2025-02-17T11:00:00+01:00,0.5163,0.51716,0.51614,0.5166
2025-02-17T23:00:00+01:00,0.51698,0.51698,0.51381,0.51412
2025-02-18T11:00:00+01:00,0.51414,0.51545,0.51361,0.51527
2025-02-18T23:00:00+01:00,0.51522,0.51845,0.51318,0.51776
2025-02-19T11:00:00+01:00,0.51778,0.51787,0.51497,0.51578
2025-02-19T23:00:00+01:00,0.51577,0.51726,0.51453,0.51678
2025-02-20T11:00:00+01:00,0.5168,0.51864,0.51642,0.51746
2025-02-20T23:00:00+01:00,0.5177,0.51854,0.51658,0.51753
2025-02-21T11:00:00+01:00,0.51752,0.51812,0.51452,0.51556
2025-02-23T23:00:00+01:00,0.51538,0.51688,0.51495,0.51664
2025-02-24T11:00:00+01:00,0.51665,0.51706,0.51396,0.51419
2025-02-24T23:00:00+01:00,0.5142,0.51484,0.51216,0.51216
2025-02-25T11:00:00+01:00,0.5122,0.5123,0.50942,0.5112
2025-02-25T23:00:00+01:00,0.5112,0.51164,0.51002,0.51046
2025-02-26T11:00:00+01:00,0.51048,0.51064,0.50869,0.50932
2025-02-26T23:00:00+01:00,0.50922,0.51044,0.50892,0.51038
2025-02-27T11:00:00+01:00,0.51039,0.5107,0.50635,0.50657
2025-02-27T23:00:00+01:00,0.50643,0.50696,0.5034,0.50518
2025-02-28T11:00:00+01:00,0.50516,0.50619,0.50421,0.50536
2025-03-02T23:00:00+01:00,0.50588,0.50656,0.5046,0.50521
2025-03-03T11:00:00+01:00,0.50522,0.5058,0.50224,0.5036
2025-03-03T23:00:00+01:00,0.50367,0.50393,0.5007,0.50147
2025-03-04T11:00:00+01:00,0.50148,0.50396,0.49916,0.50348
2025-03-04T23:00:00+01:00,0.50354,0.50462,0.50233,0.50306
2025-03-05T11:00:00+01:00,0.50306,0.51058,0.50288,0.50986
2025-03-05T23:00:00+01:00,0.50986,0.51175,0.5079,0.5081
2025-03-06T11:00:00+01:00,0.50811,0.50953,0.5063,0.50678
2025-03-06T23:00:00+01:00,0.50678,0.5071,0.50222,0.50318
2025-03-07T11:00:00+01:00,0.50318,0.50376,0.50002,0.50211
2025-03-09T22:00:00+01:00,0.50183,0.50448,0.50044,0.50334
2025-03-10T10:00:00+01:00,0.50332,0.5048,0.50123,0.5021
2025-03-10T22:00:00+01:00,0.5021,0.50265,0.49856,0.50228
2025-03-11T10:00:00+01:00,0.50229,0.50506,0.50053,0.50469
2025-03-11T22:00:00+01:00,0.50469,0.50492,0.50294,0.50418
2025-03-12T10:00:00+01:00,0.5042,0.50598,0.50314,0.50505
2025-03-12T22:00:00+01:00,0.5051,0.50632,0.50272,0.50296
2025-03-13T10:00:00+01:00,0.50298,0.50576,0.50214,0.50249
2025-03-13T22:00:00+01:00,0.50284,0.50623,0.50216,0.50618
2025-03-14T10:00:00+01:00,0.5062,0.50938,0.5056,0.50843
2025-03-16T22:00:00+01:00,0.50854,0.51051,0.5081,0.51006
2025-03-17T10:00:00+01:00,0.51005,0.513,0.50973,0.51242
2025-03-17T22:00:00+01:00,0.51242,0.5139,0.51211,0.51274
2025-03-18T10:00:00+01:00,0.51276,0.5129,0.50946,0.51052
2025-03-18T22:00:00+01:00,0.51031,0.51052,0.50738,0.50749
2025-03-19T10:00:00+01:00,0.50748,0.51046,0.50686,0.51019
2025-03-19T22:00:00+01:00,0.51034,0.51124,0.50539,0.50736
2025-03-20T10:00:00+01:00,0.50736,0.50823,0.50508,0.5077
2025-03-20T22:00:00+01:00,0.50754,0.50898,0.50724,0.50892
2025-03-21T10:00:00+01:00,0.5089,0.50902,0.5058,0.50628
2025-03-23T22:00:00+01:00,0.50626,0.50766,0.50536,0.50584
2025-03-24T10:00:00+01:00,0.50587,0.5065,0.5045,0.50584
2025-03-24T22:00:00+01:00,0.50561,0.50658,0.50493,0.50524
2025-03-25T10:00:00+01:00,0.5052,0.50696,0.50476,0.50601
2025-03-25T22:00:00+01:00,0.50588,0.50876,0.50481,0.50842
2025-03-26T10:00:00+01:00,0.50846,0.50929,0.50575,0.5059
2025-03-26T22:00:00+01:00,0.50603,0.50798,0.505,0.50793
2025-03-27T10:00:00+01:00,0.50792,0.50864,0.50574,0.50629
2025-03-27T22:00:00+01:00,0.50645,0.5066,0.50376,0.50458
2025-03-28T10:00:00+01:00,0.5046,0.506,0.50316,0.50345
2025-03-30T23:00:00+02:00,0.50309,0.50352,0.50084,0.50106
2025-03-31T11:00:00+02:00,0.50106,0.5024,0.49924,0.50204
2025-03-31T23:00:00+02:00,0.50203,0.50228,0.5002,0.50123
2025-04-01T11:00:00+02:00,0.50122,0.50381,0.50047,0.50364
2025-04-01T23:00:00+02:00,0.50366,0.50784,0.50335,0.50768
2025-04-02T11:00:00+02:00,0.50768,0.50935,0.50432,0.50631
2025-04-02T23:00:00+02:00,0.50668,0.50668,0.50072,0.50202
2025-04-03T11:00:00+02:00,0.50202,0.50215,0.4969,0.49776
2025-04-03T23:00:00+02:00,0.49784,0.49805,0.48598,0.48684
2025-04-04T11:00:00+02:00,0.48685,0.48706,0.47644,0.48153
2025-04-06T23:00:00+02:00,0.47745,0.47832,0.47062,0.47359
2025-04-07T11:00:00+02:00,0.47358,0.48754,0.47282,0.47682
2025-04-07T23:00:00+02:00,0.47686,0.4819,0.4743,0.4813
2025-04-08T11:00:00+02:00,0.48127,0.48174,0.46811,0.469
2025-04-08T23:00:00+02:00,0.46905,0.47095,0.4637,0.46876
2025-04-09T11:00:00+02:00,0.46875,0.48508,0.46528,0.48424
2025-04-09T23:00:00+02:00,0.48408,0.48828,0.47913,0.48003
2025-04-10T11:00:00+02:00,0.48005,0.48054,0.47148,0.47267
2025-04-10T23:00:00+02:00,0.47262,0.4759,0.46954,0.47244
2025-04-11T11:00:00+02:00,0.47243,0.47658,0.46997,0.47484
2025-04-13T23:00:00+02:00,0.47651,0.48136,0.47547,0.48076
2025-04-14T11:00:00+02:00,0.48076,0.48375,0.4768,0.47892
2025-04-14T23:00:00+02:00,0.47896,0.48416,0.47801,0.48126
2025-04-15T11:00:00+02:00,0.48128,0.48626,0.48078,0.4855
2025-04-15T23:00:00+02:00,0.48548,0.4861,0.4813,0.48384
2025-04-16T11:00:00+02:00,0.48386,0.48421,0.48062,0.48252
2025-04-16T23:00:00+02:00,0.48248,0.48477,0.48169,0.48394
2025-04-17T11:00:00+02:00,0.48398,0.49112,0.48394,0.48944
2025-04-17T23:00:00+02:00,0.4895,0.4895,0.4844,0.4855
2025-04-18T11:00:00+02:00,0.48548,0.48646,0.48443,0.48488
2025-04-20T23:00:00+02:00,0.48488,0.48606,0.4823,0.48436
2025-04-21T11:00:00+02:00,0.48434,0.48576,0.48364,0.48556
2025-04-21T23:00:00+02:00,0.48578,0.48749,0.48432,0.48676
2025-04-22T11:00:00+02:00,0.48674,0.49028,0.48605,0.4883
2025-04-22T23:00:00+02:00,0.48832,0.49306,0.48832,0.49168
2025-04-23T11:00:00+02:00,0.49166,0.49583,0.49116,0.49336
2025-04-23T23:00:00+02:00,0.4938,0.49433,0.49216,0.4938
2025-04-24T11:00:00+02:00,0.49381,0.49632,0.49281,0.49565
2025-04-24T23:00:00+02:00,0.49595,0.49853,0.4949,0.49534
2025-04-25T11:00:00+02:00,0.49535,0.4956,0.49311,0.49376
2025-04-27T23:00:00+02:00,0.49426,0.49437,0.49237,0.49326
2025-04-28T11:00:00+02:00,0.49326,0.49444,0.48946,0.49024
2025-04-28T23:00:00+02:00,0.49019,0.49264,0.48972,0.49222
2025-04-29T11:00:00+02:00,0.49221,0.49276,0.48758,0.48845
2025-04-29T23:00:00+02:00,0.48872,0.49027,0.48794,0.48874
2025-04-30T11:00:00+02:00,0.48875,0.49112,0.48542,0.4903
2025-04-30T23:00:00+02:00,0.48993,0.49187,0.48966,0.49009
2025-05-01T11:00:00+02:00,0.49011,0.49233,0.48916,0.48996
2025-05-01T23:00:00+02:00,0.48994,0.49268,0.48928,0.48954
2025-05-02T11:00:00+02:00,0.48954,0.49314,0.48778,0.49147
2025-05-04T23:00:00+02:00,0.49147,0.49434,0.48991,0.49254
2025-05-05T11:00:00+02:00,0.49252,0.49331,0.49018,0.4907
2025-05-05T23:00:00+02:00,0.49066,0.49357,0.48988,0.49272
2025-05-06T11:00:00+02:00,0.49273,0.49529,0.4919,0.49379
2025-05-06T23:00:00+02:00,0.49375,0.49746,0.49374,0.4948
2025-05-07T11:00:00+02:00,0.4948,0.495,0.48826,0.48938
2025-05-07T23:00:00+02:00,0.48924,0.49204,0.4888,0.48954
2025-05-08T11:00:00+02:00,0.48955,0.49204,0.48852,0.49124
2025-05-08T23:00:00+02:00,0.49118,0.49122,0.48911,0.48984
2025-05-09T11:00:00+02:00,0.48983,0.49178,0.48921,0.49131
2025-05-11T23:00:00+02:00,0.49471,0.49776,0.49293,0.49569
2025-05-12T11:00:00+02:00,0.4957,0.4974,0.49376,0.4951
2025-05-12T23:00:00+02:00,0.49511,0.49714,0.49354,0.49472
2025-05-13T11:00:00+02:00,0.4947,0.49997,0.49468,0.49844
2025-05-13T23:00:00+02:00,0.49876,0.49955,0.49749,0.49802
2025-05-14T11:00:00+02:00,0.49801,0.4982,0.49646,0.49651
2025-05-14T23:00:00+02:00,0.49654,0.49756,0.49273,0.49292
2025-05-15T11:00:00+02:00,0.49294,0.49327,0.49048,0.49107
2025-05-15T23:00:00+02:00,0.49116,0.4937,0.48878,0.49364
2025-05-16T11:00:00+02:00,0.49362,0.49444,0.49198,0.49264
2025-05-18T23:00:00+02:00,0.49176,0.49292,0.49097,0.49165
2025-05-19T11:00:00+02:00,0.49164,0.49512,0.49152,0.49497
2025-05-19T23:00:00+02:00,0.49497,0.49558,0.49226,0.49239
2025-05-20T11:00:00+02:00,0.4924,0.49318,0.49044,0.49076
2025-05-20T23:00:00+02:00,0.49062,0.49128,0.48851,0.48936
2025-05-21T11:00:00+02:00,0.48935,0.49236,0.48839,0.48981
2025-05-21T23:00:00+02:00,0.4898,0.49094,0.4881,0.48907
2025-05-22T11:00:00+02:00,0.48908,0.48996,0.48739,0.48896
2025-05-22T23:00:00+02:00,0.48896,0.49126,0.48826,0.49108
2025-05-23T11:00:00+02:00,0.49109,0.49252,0.48883,0.49167
2025-05-25T23:00:00+02:00,0.49138,0.49466,0.49093,0.49444
2025-05-26T11:00:00+02:00,0.49445,0.49485,0.49234,0.49245
2025-05-26T23:00:00+02:00,0.49238,0.49347,0.49062,0.4916
2025-05-27T11:00:00+02:00,0.49161,0.49266,0.49112,0.49188
2025-05-27T23:00:00+02:00,0.49196,0.49502,0.49042,0.4939
2025-05-28T11:00:00+02:00,0.49388,0.49427,0.49161,0.49366
2025-05-28T23:00:00+02:00,0.49345,0.49678,0.49298,0.4945
2025-05-29T11:00:00+02:00,0.49451,0.4951,0.49102,0.49114
2025-05-29T23:00:00+02:00,0.49104,0.4924,0.49028,0.4903
2025-05-30T11:00:00+02:00,0.49028,0.49172,0.48977,0.49064
2025-06-01T23:00:00+02:00,0.49092,0.49388,0.49007,0.49184
2025-06-02T11:00:00+02:00,0.49183,0.49364,0.4912,0.49328
2025-06-02T23:00:00+02:00,0.49316,0.49474,0.49008,0.49125
2025-06-03T11:00:00+02:00,0.49124,0.49494,0.49118,0.49415
2025-06-03T23:00:00+02:00,0.49416,0.49486,0.49334,0.49442
2025-06-04T11:00:00+02:00,0.49442,0.49562,0.49258,0.49296
2025-06-04T23:00:00+02:00,0.49304,0.49565,0.49256,0.49557
2025-06-05T11:00:00+02:00,0.49558,0.49731,0.49443,0.49474
2025-06-05T23:00:00+02:00,0.49564,0.4964,0.49409,0.49538
2025-06-06T11:00:00+02:00,0.49538,0.49672,0.49418,0.49469
2025-06-08T23:00:00+02:00,0.49466,0.49708,0.49434,0.49692
2025-06-09T11:00:00+02:00,0.49691,0.49736,0.49605,0.49694
2025-06-09T23:00:00+02:00,0.49694,0.49804,0.49564,0.4963
2025-06-10T11:00:00+02:00,0.49631,0.49802,0.49591,0.49783
2025-06-10T23:00:00+02:00,0.4977,0.4985,0.49554,0.49589
2025-06-11T11:00:00+02:00,0.49586,0.49712,0.49414,0.49433
2025-06-11T23:00:00+02:00,0.49433,0.49494,0.49004,0.49154
2025-06-12T11:00:00+02:00,0.49153,0.49368,0.49086,0.49167
2025-06-12T23:00:00+02:00,0.49184,0.49271,0.4847,0.48902
2025-06-13T11:00:00+02:00,0.48901,0.49024,0.48788,0.48831
2025-06-15T23:00:00+02:00,0.48831,0.49068,0.4874,0.49042
2025-06-16T11:00:00+02:00,0.49042,0.49366,0.48974,0.49294
2025-06-16T23:00:00+02:00,0.49304,0.49376,0.49193,0.49304
2025-06-17T11:00:00+02:00,0.49307,0.49452,0.49047,0.491
2025-06-17T23:00:00+02:00,0.491,0.49278,0.49029,0.49232
2025-06-18T11:00:00+02:00,0.49233,0.49421,0.49152,0.49342
2025-06-18T23:00:00+02:00,0.4934,0.49386,0.48824,0.48832
2025-06-19T11:00:00+02:00,0.48831,0.4896,0.48806,0.48938
2025-06-19T23:00:00+02:00,0.48938,0.49054,0.48799,0.4892
2025-06-20T11:00:00+02:00,0.4892,0.49016,0.48739,0.48788
2025-06-22T23:00:00+02:00,0.48618,0.4881,0.48362,0.4837
2025-06-23T11:00:00+02:00,0.48368,0.48574,0.48138,0.48568
2025-06-23T23:00:00+02:00,0.48566,0.48966,0.48449,0.48866
2025-06-24T11:00:00+02:00,0.48868,0.48926,0.48351,0.48363
2025-06-24T23:00:00+02:00,0.48364,0.48631,0.48347,0.48522
2025-06-25T11:00:00+02:00,0.48524,0.48611,0.48485,0.48572
2025-06-25T23:00:00+02:00,0.48567,0.487,0.48463,0.48519
2025-06-26T11:00:00+02:00,0.48518,0.48572,0.48374,0.48447
2025-06-26T23:00:00+02:00,0.48455,0.48637,0.48413,0.4848
2025-06-27T11:00:00+02:00,0.4848,0.48488,0.48312,0.48407
2025-06-29T23:00:00+02:00,0.48337,0.48576,0.48304,0.48407
2025-06-30T11:00:00+02:00,0.48406,0.48428,0.48258,0.48358
2025-06-30T23:00:00+02:00,0.48358,0.48391,0.48184,0.48296
2025-07-01T11:00:00+02:00,0.48296,0.48311,0.48111,0.4824
2025-07-01T23:00:00+02:00,0.48229,0.48303,0.48133,0.48152
2025-07-02T11:00:00+02:00,0.48153,0.48232,0.47958,0.48216
2025-07-02T23:00:00+02:00,0.48244,0.48281,0.47998,0.48126
2025-07-03T11:00:00+02:00,0.48124,0.48288,0.48052,0.48272
2025-07-03T23:00:00+02:00,0.48249,0.48307,0.48084,0.4812
2025-07-04T11:00:00+02:00,0.48121,0.48162,0.48006,0.48098
2025-07-06T23:00:00+02:00,0.48163,0.48198,0.47733,0.47766
2025-07-07T11:00:00+02:00,0.47766,0.47958,0.4774,0.47846
2025-07-07T23:00:00+02:00,0.47846,0.4803,0.47826,0.47944
2025-07-08T11:00:00+02:00,0.47943,0.47991,0.47709,0.47733
2025-07-08T23:00:00+02:00,0.4773,0.4789,0.47654,0.47784
2025-07-09T11:00:00+02:00,0.47784,0.4779,0.47617,0.47637
2025-07-09T23:00:00+02:00,0.47637,0.47838,0.47536,0.47812
2025-07-10T11:00:00+02:00,0.47807,0.48106,0.47801,0.48091
2025-07-10T23:00:00+02:00,0.48045,0.48145,0.47914,0.4793
2025-07-11T11:00:00+02:00,0.47931,0.47956,0.47788,0.47843
2025-07-13T23:00:00+02:00,0.47863,0.47913,0.47643,0.47738
2025-07-14T11:00:00+02:00,0.47735,0.47765,0.47594,0.47643
2025-07-14T23:00:00+02:00,0.47687,0.47744,0.47586,0.47719
2025-07-15T11:00:00+02:00,0.47716,0.47819,0.47592,0.4764
2025-07-15T23:00:00+02:00,0.47654,0.4782,0.47604,0.47614
2025-07-16T11:00:00+02:00,0.47612,0.47796,0.47433,0.47615
2025-07-16T23:00:00+02:00,0.47614,0.47738,0.47432,0.47599
2025-07-17T11:00:00+02:00,0.47601,0.47756,0.47545,0.47717
2025-07-17T23:00:00+02:00,0.47721,0.4787,0.47678,0.4786
2025-07-18T11:00:00+02:00,0.47861,0.47914,0.47751,0.47786
2025-07-20T23:00:00+02:00,0.47778,0.47816,0.47604,0.47726
2025-07-21T11:00:00+02:00,0.47727,0.47766,0.47596,0.47622
2025-07-21T23:00:00+02:00,0.47628,0.47706,0.4736,0.47386
2025-07-22T11:00:00+02:00,0.47388,0.4767,0.47388,0.47538
2025-07-22T23:00:00+02:00,0.47537,0.47825,0.47452,0.47809
2025-07-23T11:00:00+02:00,0.47806,0.47982,0.47787,0.47906
2025-07-23T23:00:00+02:00,0.47896,0.48088,0.47851,0.48081
2025-07-24T11:00:00+02:00,0.48078,0.48118,0.47916,0.47956
2025-07-24T23:00:00+02:00,0.47942,0.48022,0.4781,0.4784
2025-07-25T11:00:00+02:00,0.47838,0.47938,0.47796,0.47859
2025-07-27T23:00:00+02:00,0.47872,0.4794,0.47675,0.47754
2025-07-28T11:00:00+02:00,0.47752,0.47984,0.47736,0.47948
2025-07-28T23:00:00+02:00,0.47951,0.48036,0.47908,0.47984
2025-07-29T11:00:00+02:00,0.47982,0.48082,0.47904,0.47982
2025-07-29T23:00:00+02:00,0.4799,0.48046,0.47886,0.4793
2025-07-30T11:00:00+02:00,0.47928,0.48086,0.47882,0.48024
2025-07-30T23:00:00+02:00,0.48034,0.48191,0.47941,0.48065
2025-07-31T11:00:00+02:00,0.48067,0.4807,0.47824,0.47836
2025-07-31T23:00:00+02:00,0.47836,0.47974,0.47754,0.47916
2025-08-01T11:00:00+02:00,0.47914,0.47927,0.47476,0.4756
2025-08-03T23:00:00+02:00,0.47558,0.47828,0.47474,0.47826
2025-08-04T11:00:00+02:00,0.47828,0.4786,0.47668,0.47732
2025-08-04T23:00:00+02:00,0.47734,0.47834,0.47651,0.47748
2025-08-05T11:00:00+02:00,0.4775,0.47786,0.47536,0.47656
2025-08-05T23:00:00+02:00,0.47657,0.47886,0.47578,0.47878
2025-08-06T11:00:00+02:00,0.47876,0.47912,0.4777,0.47784
2025-08-06T23:00:00+02:00,0.47861,0.48086,0.47772,0.48005
2025-08-07T11:00:00+02:00,0.48008,0.4816,0.47951,0.48078
2025-08-07T23:00:00+02:00,0.48081,0.482,0.47998,0.48128
2025-08-08T11:00:00+02:00,0.48126,0.48154,0.48032,0.48118
2025-08-10T23:00:00+02:00,0.48166,0.48167,0.47958,0.48062
2025-08-11T11:00:00+02:00,0.48061,0.4826,0.48046,0.48246
2025-08-11T23:00:00+02:00,0.48244,0.4826,0.47944,0.47971
2025-08-12T11:00:00+02:00,0.4797,0.4815,0.47961,0.48042
2025-08-12T23:00:00+02:00,0.48037,0.48164,0.47959,0.48076
2025-08-13T11:00:00+02:00,0.48078,0.48142,0.4804,0.48118
2025-08-13T23:00:00+02:00,0.48004,0.48215,0.47985,0.47985
2025-08-14T11:00:00+02:00,0.47988,0.48018,0.47772,0.47793
2025-08-14T23:00:00+02:00,0.47793,0.47872,0.47699,0.47726
2025-08-15T11:00:00+02:00,0.47727,0.47828,0.4771,0.47784
2025-08-17T23:00:00+02:00,0.47724,0.4796,0.47666,0.47948
2025-08-18T11:00:00+02:00,0.47948,0.47959,0.47712,0.47817
2025-08-18T23:00:00+02:00,0.47838,0.47876,0.47677,0.47706
2025-08-19T11:00:00+02:00,0.47706,0.47744,0.47588,0.47596
2025-08-19T23:00:00+02:00,0.47622,0.4769,0.46994,0.47102
2025-08-20T11:00:00+02:00,0.471,0.47121,0.46798,0.46812
2025-08-20T23:00:00+02:00,0.4677,0.4697,0.4677,0.46898
2025-08-21T11:00:00+02:00,0.469,0.47094,0.46892,0.47063
2025-08-21T23:00:00+02:00,0.47015,0.4713,0.46984,0.47049
2025-08-22T11:00:00+02:00,0.4705,0.471,0.46935,0.47035
2025-08-24T23:00:00+02:00,0.47038,0.4719,0.46987,0.47045
2025-08-25T11:00:00+02:00,0.47044,0.47186,0.47,0.47132
2025-08-25T23:00:00+02:00,0.47144,0.47218,0.46954,0.4711
2025-08-26T11:00:00+02:00,0.47113,0.47162,0.47048,0.47084
2025-08-26T23:00:00+02:00,0.4708,0.4713,0.46989,0.47007
2025-08-27T11:00:00+02:00,0.47008,0.47052,0.46868,0.47002
2025-08-27T23:00:00+02:00,0.46921,0.47014,0.46921,0.47004
2025-08-28T11:00:00+02:00,0.47003,0.4719,0.46944,0.47154
2025-08-28T23:00:00+02:00,0.47158,0.47333,0.47121,0.47191
2025-08-29T11:00:00+02:00,0.47192,0.47274,0.47106,0.47205
2025-08-31T23:00:00+02:00,0.4709,0.47312,0.47074,0.47237
2025-09-01T11:00:00+02:00,0.47236,0.47308,0.47186,0.47252
2025-09-01T23:00:00+02:00,0.47265,0.47306,0.46998,0.4711
2025-09-02T11:00:00+02:00,0.47112,0.47204,0.47004,0.47192
2025-09-02T23:00:00+02:00,0.47139,0.47222,0.47106,0.47142
2025-09-03T11:00:00+02:00,0.47142,0.4728,0.47096,0.47274
2025-09-03T23:00:00+02:00,0.47219,0.47328,0.4717,0.47208
2025-09-04T11:00:00+02:00,0.47208,0.47212,0.47035,0.47094
2025-09-04T23:00:00+02:00,0.471,0.47252,0.47026,0.47214
2025-09-05T11:00:00+02:00,0.47212,0.47243,0.46984,0.47038
2025-09-07T23:00:00+02:00,0.47056,0.47177,0.4698,0.47148
2025-09-08T11:00:00+02:00,0.4715,0.47243,0.47092,0.4712
2025-09-08T23:00:00+02:00,0.47134,0.47228,0.47065,0.47194
2025-09-09T11:00:00+02:00,0.47194,0.47281,0.47171,0.47253
2025-09-09T23:00:00+02:00,0.47256,0.47413,0.47154,0.47367
2025-09-10T11:00:00+02:00,0.4737,0.47545,0.47353,0.47472
2025-09-10T23:00:00+02:00,0.47462,0.475,0.4738,0.47384
2025-09-11T11:00:00+02:00,0.47382,0.47578,0.4731,0.47562
2025-09-11T23:00:00+02:00,0.47506,0.47586,0.47446,0.47455
2025-09-12T11:00:00+02:00,0.47454,0.47505,0.47393,0.47455
2025-09-14T23:00:00+02:00,0.47441,0.47512,0.47393,0.47448
2025-09-15T11:00:00+02:00,0.47446,0.4746,0.47339,0.47442
2025-09-15T23:00:00+02:00,0.47441,0.47456,0.47258,0.47274
2025-09-16T11:00:00+02:00,0.47274,0.47286,0.47043,0.47057
2025-09-16T23:00:00+02:00,0.47059,0.47093,0.46978,0.47004
2025-09-17T11:00:00+02:00,0.47002,0.4712,0.46936,0.47032
2025-09-17T23:00:00+02:00,0.47028,0.47088,0.46503,0.46503
2025-09-18T11:00:00+02:00,0.465,0.46648,0.46487,0.46614
2025-09-18T23:00:00+02:00,0.46614,0.46737,0.4648,0.46734
2025-09-19T11:00:00+02:00,0.46738,0.46738,0.4654,0.46588
2025-09-21T23:00:00+02:00,0.46629,0.46718,0.4647,0.46534
2025-09-22T11:00:00+02:00,0.46534,0.46584,0.46457,0.46498
2025-09-22T23:00:00+02:00,0.46499,0.46528,0.46334,0.46424
2025-09-23T11:00:00+02:00,0.46426,0.46495,0.46324,0.46361
2025-09-23T23:00:00+02:00,0.46365,0.46466,0.46312,0.46422
2025-09-24T11:00:00+02:00,0.46424,0.46432,0.46175,0.46222
2025-09-24T23:00:00+02:00,0.46223,0.46392,0.4617,0.46382
2025-09-25T11:00:00+02:00,0.4638,0.46396,0.46094,0.46113
2025-09-25T23:00:00+02:00,0.46198,0.46212,0.46048,0.46073
2025-09-26T11:00:00+02:00,0.46068,0.46106,0.46002,0.46082
2025-09-28T23:00:00+02:00,0.46082,0.46162,0.45989,0.46098
2025-09-29T11:00:00+02:00,0.46098,0.46191,0.46063,0.46079
2025-09-29T23:00:00+02:00,0.46117,0.4622,0.46046,0.4618
2025-09-30T11:00:00+02:00,0.46178,0.46282,0.46061,0.46139
2025-09-30T23:00:00+02:00,0.46145,0.46286,0.46066,0.46277
2025-10-01T11:00:00+02:00,0.46278,0.46466,0.46248,0.46365
2025-10-01T23:00:00+02:00,0.46362,0.46547,0.46276,0.46494
2025-10-02T11:00:00+02:00,0.46496,0.46496,0.46351,0.46413
2025-10-02T23:00:00+02:00,0.46412,0.46498,0.46362,0.46435
2025-10-03T11:00:00+02:00,0.46438,0.465,0.46338,0.46378
2025-10-05T23:00:00+02:00,0.46334,0.46586,0.46329,0.46486
2025-10-06T11:00:00+02:00,0.46487,0.46535,0.46412,0.46444
2025-10-06T23:00:00+02:00,0.46471,0.46471,0.4629,0.46332
2025-10-07T11:00:00+02:00,0.46332,0.46402,0.46252,0.46287
2025-10-07T23:00:00+02:00,0.46288,0.4633,0.45902,0.4612
2025-10-08T11:00:00+02:00,0.46124,0.46412,0.4612,0.46402
2025-10-08T23:00:00+02:00,0.46376,0.46493,0.46242,0.46259
2025-10-09T11:00:00+02:00,0.46262,0.46413,0.46249,0.46324
2025-10-09T23:00:00+02:00,0.46391,0.46424,0.46262,0.46349
2025-10-10T11:00:00+02:00,0.46352,0.46374,0.45694,0.45724
2025-10-12T23:00:00+02:00,0.46001,0.46102,0.45839,0.46086
2025-10-13T11:00:00+02:00,0.46086,0.46145,0.45984,0.4604
2025-10-13T23:00:00+02:00,0.46042,0.46075,0.45672,0.45716
2025-10-14T11:00:00+02:00,0.45712,0.45863,0.45674,0.45775
2025-10-14T23:00:00+02:00,0.45781,0.45838,0.45722,0.45802
2025-10-15T11:00:00+02:00,0.45804,0.45872,0.45464,0.45596
2025-10-15T23:00:00+02:00,0.45586,0.45773,0.45468,0.45703
2025-10-16T11:00:00+02:00,0.45704,0.4582,0.45338,0.45394
2025-10-16T23:00:00+02:00,0.45404,0.45421,0.45024,0.45153
2025-10-17T11:00:00+02:00,0.4515,0.45496,0.45136,0.45426
2025-10-19T23:00:00+02:00,0.45373,0.45558,0.45322,0.45477
2025-10-20T11:00:00+02:00,0.45478,0.45563,0.45388,0.45527
2025-10-20T23:00:00+02:00,0.45456,0.45544,0.45284,0.45364
2025-10-21T11:00:00+02:00,0.45364,0.45748,0.45364,0.4572
2025-10-21T23:00:00+02:00,0.45678,0.45819,0.45666,0.45758
2025-10-22T11:00:00+02:00,0.45758,0.45794,0.45592,0.45682
2025-10-22T23:00:00+02:00,0.45688,0.4585,0.45648,0.45814
2025-10-23T11:00:00+02:00,0.45815,0.45879,0.4571,0.45732
2025-10-23T23:00:00+02:00,0.45771,0.45786,0.457,0.45704
2025-10-24T11:00:00+02:00,0.45705,0.45877,0.45633,0.45736
2025-10-26T22:00:00+01:00,0.46033,0.46037,0.45803,0.45908
2025-10-27T10:00:00+01:00,0.45909,0.4591,0.45829,0.45889
2025-10-27T22:00:00+01:00,0.45898,0.4592,0.4574,0.4576
2025-10-28T10:00:00+01:00,0.4576,0.45924,0.45748,0.45867
2025-10-28T22:00:00+01:00,0.45886,0.46112,0.45808,0.46008
2025-10-29T10:00:00+01:00,0.46011,0.4623,0.46009,0.46106
2025-10-29T22:00:00+01:00,0.46074,0.46202,0.46032,0.46115
2025-10-30T10:00:00+01:00,0.46116,0.46122,0.4594,0.46043
2025-10-30T22:00:00+01:00,0.46054,0.4607,0.45859,0.45912
2025-10-31T10:00:00+01:00,0.45912,0.46105,0.45874,0.46062
2025-11-02T23:00:00+01:00,0.45988,0.46171,0.45988,0.46145
2025-11-03T11:00:00+01:00,0.46146,0.46188,0.45986,0.4612
2025-11-03T23:00:00+01:00,0.46106,0.46135,0.45782,0.45788
2025-11-04T11:00:00+01:00,0.45786,0.4591,0.4567,0.4574
2025-11-04T23:00:00+01:00,0.45806,0.45852,0.4551,0.45777
2025-11-05T11:00:00+01:00,0.45778,0.45942,0.45673,0.45876
2025-11-05T23:00:00+01:00,0.45826,0.45902,0.45736,0.45782
2025-11-06T11:00:00+01:00,0.45783,0.45818,0.454,0.45431
2025-11-06T23:00:00+01:00,0.4548,0.45497,0.45274,0.45391
2025-11-07T11:00:00+01:00,0.45389,0.45402,0.45101,0.453
2025-11-09T23:00:00+01:00,0.45336,0.45539,0.45301,0.45537
2025-11-10T11:00:00+01:00,0.45534,0.45534,0.45358,0.4544
2025-11-10T23:00:00+01:00,0.45439,0.45545,0.45293,0.45332
2025-11-11T11:00:00+01:00,0.4533,0.45333,0.45193,0.45267
2025-11-11T23:00:00+01:00,0.45241,0.45328,0.45164,0.45198
2025-11-12T11:00:00+01:00,0.45197,0.45274,0.45098,0.45198
2025-11-12T23:00:00+01:00,0.45202,0.4523,0.45036,0.45147
2025-11-13T11:00:00+01:00,0.45148,0.4515,0.44742,0.44826
2025-11-13T23:00:00+01:00,0.4478,0.45086,0.4478,0.44961
2025-11-14T11:00:00+01:00,0.4496,0.45162,0.44786,0.45098
2025-11-16T23:00:00+01:00,0.45064,0.45149,0.44976,0.45039
2025-11-17T11:00:00+01:00,0.45038,0.45146,0.44983,0.45044
2025-11-17T23:00:00+01:00,0.4504,0.45121,0.448,0.4512
2025-11-18T11:00:00+01:00,0.45119,0.45305,0.45038,0.45247
2025-11-18T23:00:00+01:00,0.45246,0.45298,0.45004,0.45144
2025-11-19T11:00:00+01:00,0.45146,0.4523,0.45011,0.45132
2025-11-19T23:00:00+01:00,0.45135,0.45278,0.45112,0.45237
2025-11-20T11:00:00+01:00,0.45236,0.45428,0.44986,0.44988
2025-11-20T23:00:00+01:00,0.44988,0.45153,0.44966,0.45064
2025-11-21T11:00:00+01:00,0.45062,0.45393,0.4502,0.45378
2025-11-23T23:00:00+01:00,0.45318,0.45408,0.45172,0.45201
2025-11-24T11:00:00+01:00,0.45198,0.4538,0.45167,0.45358
2025-11-24T23:00:00+01:00,0.45382,0.45432,0.45263,0.45391
2025-11-25T11:00:00+01:00,0.4539,0.45436,0.45165,0.45393
2025-11-25T23:00:00+01:00,0.45369,0.45925,0.45332,0.45784
2025-11-26T11:00:00+01:00,0.45786,0.45914,0.45688,0.45838
2025-11-26T23:00:00+01:00,0.45877,0.46082,0.458,0.46045
2025-11-27T11:00:00+01:00,0.46048,0.46156,0.45996,0.46112
2025-11-27T23:00:00+01:00,0.46113,0.46122,0.4598,0.46036
2025-11-28T11:00:00+01:00,0.46034,0.46142,0.45969,0.46117
2025-11-30T23:00:00+01:00,0.46082,0.46136,0.46022,0.46068
2025-12-01T11:00:00+01:00,0.46068,0.4612,0.45976,0.46103
2025-12-01T23:00:00+01:00,0.46024,0.46105,0.45979,0.45984
2025-12-02T11:00:00+01:00,0.45984,0.46192,0.45972,0.46069
2025-12-02T23:00:00+01:00,0.46069,0.46151,0.46015,0.46042
2025-12-03T11:00:00+01:00,0.46043,0.46194,0.45864,0.4616
2025-12-03T23:00:00+01:00,0.46163,0.46282,0.46133,0.4617
2025-12-04T11:00:00+01:00,0.4617,0.46352,0.46118,0.46311
2025-12-04T23:00:00+01:00,0.46314,0.46407,0.46272,0.46352
2025-12-05T11:00:00+01:00,0.46355,0.46498,0.46334,0.46486
2025-12-07T23:00:00+01:00,0.46477,0.4655,0.46387,0.46522
2025-12-08T11:00:00+01:00,0.46522,0.46655,0.4649,0.46594
2025-12-08T23:00:00+01:00,0.46632,0.467,0.4653,0.4667
2025-12-09T11:00:00+01:00,0.4667,0.46748,0.46565,0.4661
2025-12-09T23:00:00+01:00,0.46606,0.46634,0.46454,0.46594
2025-12-10T11:00:00+01:00,0.46594,0.46626,0.46381,0.46524
2025-12-10T23:00:00+01:00,0.46513,0.46519,0.46298,0.46331
2025-12-11T11:00:00+01:00,0.46328,0.4635,0.4613,0.46205
2025-12-11T23:00:00+01:00,0.46212,0.46266,0.46112,0.46222
2025-12-12T11:00:00+01:00,0.46219,0.46256,0.4606,0.46198
2025-12-14T23:00:00+01:00,0.46065,0.46257,0.45902,0.46062
2025-12-15T11:00:00+01:00,0.4606,0.46152,0.46022,0.46047
2025-12-15T23:00:00+01:00,0.46008,0.46138,0.45836,0.46028
2025-12-16T11:00:00+01:00,0.46024,0.46088,0.45901,0.45986