wd_variant,pair,pivot_type,htf,ltf,htf_first_candle_time,htf_second_candle_time,htf_gap_low,htf_gap_high,htf_gap_width,htf_wick_diff_low,htf_wick_diff_high,wd_first_candle_time,wd_second_candle_time,wd_zone_low,wd_zone_high,wd_zone_width,wd_zone_pct_of_htf_gap,htf_first_touch_time,pending_until_htf_touch,wd_search_window_start,wd_search_window_end
ALL,AUDCAD,long,W,H4,2024-06-03 00:00,2024-06-10 00:00,0.90458,0.90586,0.0012799999999999478,0.90458,0.90528,2024-06-09 21:00,2024-06-10 01:00,0.90528,0.90546,0.000180000000000069,0.14062500000005962,2024-06-17 00:00,False,2024-06-03 00:00,2024-06-16 23:59
ALL,AUDCAD,long,W,H4,2024-08-05 00:00,2024-08-12 00:00,0.88536,0.90158,0.016220000000000012,0.88536,0.90158,2024-08-05 09:00,2024-08-05 13:00,0.8901,0.89058,0.00048000000000003595,0.02959309494451514,2024-12-02 00:00,False,2024-08-05 00:00,2024-08-18 23:59
ALL,AUDCAD,long,W,H4,2024-08-05 00:00,2024-08-12 00:00,0.88536,0.90158,0.016220000000000012,0.88536,0.90158,2024-08-07 21:00,2024-08-08 01:00,0.89505,0.89569,0.0006399999999999739,0.039457459926015626,2024-12-02 00:00,False,2024-08-05 00:00,2024-08-18 23:59
ALL,AUDCAD,long,W,H4,2024-09-30 00:00,2024-10-07 00:00,0.91551,0.92108,0.005569999999999964,0.91551,0.92108,2024-10-08 01:00,2024-10-08 05:00,0.91551,0.91619,0.0006799999999999029,0.12208258527825984,2024-10-14 00:00,False,2024-09-30 00:00,2024-10-13 23:59
ALL,AUDCAD,long,W,H4,2024-11-18 00:00,2024-11-25 00:00,0.90691,0.91207,0.005160000000000053,0.90691,0.90766,2024-11-28 02:00,2024-11-28 06:00,0.90866,0.90937,0.0007099999999999884,0.13759689922480253,2024-12-02 00:00,False,2024-11-18 00:00,2024-12-01 23:59
ALL,AUDCAD,long,W,H4,2024-11-18 00:00,2024-11-25 00:00,0.90691,0.91207,0.005160000000000053,0.90691,0.90766,2024-11-29 06:00,2024-11-29 10:00,0.91039,0.91073,0.00034000000000000696,0.06589147286821773,2024-12-02 00:00,False,2024-11-18 00:00,2024-12-01 23:59
ALL,AUDCAD,short,W,H4,2024-08-19 00:00,2024-08-26 00:00,0.91756,0.91966,0.0020999999999999908,0.91818,0.91966,2024-08-20 21:00,2024-08-21 01:00,0.91913,0.91942,0.00029000000000001247,0.13809523809524465,2024-09-16 00:00,False,2024-08-19 00:00,2024-09-01 23:59
ALL,AUDCAD,short,W,H4,2024-09-23 00:00,2024-09-30 00:00,0.93238,0.93772,0.005340000000000011,0.9349,0.93772,2024-10-01 01:00,2024-10-01 05:00,0.93758,0.93771,0.0001300000000000745,0.024344569288403412,,True,2024-09-23 00:00,2024-10-06 23:59
ALL,AUDCAD,short,W,H4,2024-10-07 00:00,2024-10-14 00:00,0.92764,0.93048,0.0028399999999999537,0.92928,0.93048,2024-10-11 13:00,2024-10-11 17:00,0.92996,0.93048,0.0005199999999999649,0.18309859154928643,2024-10-21 00:00,False,2024-10-07 00:00,2024-10-20 23:59
ALL,AUDCAD,short,W,H4,2024-10-07 00:00,2024-10-14 00:00,0.92764,0.93048,0.0028399999999999537,0.92928,0.93048,2024-10-15 09:00,2024-10-15 13:00,0.92886,0.92928,0.00041999999999997595,0.14788732394365592,2024-10-21 00:00,False,2024-10-07 00:00,2024-10-20 23:59
ALL,AUDCAD,short,W,H4,2024-11-25 00:00,2024-12-02 00:00,0.91108,0.91652,0.00544,0.91282,0.91652,2024-11-29 14:00,2024-11-29 18:00,0.91365,0.91392,0.00026999999999999247,0.04963235294117508,2024-12-09 00:00,False,2024-11-25 00:00,2024-12-08 23:59
ALL,AUDCAD,short,W,H4,2024-11-25 00:00,2024-12-02 00:00,0.91108,0.91652,0.00544,0.91282,0.91652,2024-12-03 18:00,2024-12-03 22:00,0.91252,0.91264,0.00012000000000000899,0.022058823529413414,2024-12-09 00:00,False,2024-11-25 00:00,2024-12-08 23:59
ALL,AUDCHF,long,W,H4,2024-06-10 00:00,2024-06-17 00:00,0.58614,0.58882,0.0026800000000000157,0.58614,0.5875,2024-06-18 09:00,2024-06-18 13:00,0.58614,0.58641,0.00026999999999999247,0.10074626865671302,2024-07-22 00:00,False,2024-06-10 00:00,2024-06-23 23:59
ALL,AUDCHF,long,W,H4,2024-07-29 00:00,2024-08-05 00:00,0.53656,0.55838,0.02181999999999995,0.53656,0.558,2024-08-05 09:00,2024-08-05 13:00,0.54308,0.54368,0.0006000000000000449,0.027497708524291765,2024-12-16 00:00,False,2024-07-29 00:00,2024-08-11 23:59
ALL,AUDCHF,long,W,H4,2024-07-29 00:00,2024-08-05 00:00,0.53656,0.55838,0.02181999999999995,0.53656,0.558,2024-08-06 09:00,2024-08-06 13:00,0.55163,0.55204,0.00041000000000002146,0.018790100824932283,2024-12-16 00:00,False,2024-07-29 00:00,2024-08-11 23:59
ALL,AUDCHF,long,W,H4,2024-07-29 00:00,2024-08-05 00:00,0.53656,0.55838,0.02181999999999995,0.53656,0.558,2024-08-06 17:00,2024-08-06 21:00,0.55482,0.55499,0.00017000000000000348,0.007791017415215576,2024-12-16 00:00,False,2024-07-29 00:00,2024-08-11 23:59
ALL,AUDCHF,long,W,H4,2024-09-02 00:00,2024-09-09 00:00,0.56038,0.56229,0.0019099999999999673,0.56038,0.56168,2024-09-11 01:00,2024-09-11 05:00,0.56038,0.56072,0.00034000000000000696,0.17801047120419516,2024-12-02 00:00,False,2024-09-02 00:00,2024-09-15 23:59
ALL,AUDCHF,long,W,H4,2024-10-07 00:00,2024-10-14 00:00,0.57312,0.57851,0.005390000000000006,0.57312,0.57514,2024-10-16 09:00,2024-10-16 13:00,0.57544,0.57601,0.0005700000000000705,0.10575139146569014,2024-10-21 00:00,False,2024-10-07 00:00,2024-10-20 23:59
ALL,AUDCHF,long,W,H4,2024-10-07 00:00,2024-10-14 00:00,0.57312,0.57851,0.005390000000000006,0.57312,0.57514,2024-10-17 05:00,2024-10-17 09:00,0.57756,0.57774,0.000180000000000069,0.033395176252331876,2024-10-21 00:00,False,2024-10-07 00:00,2024-10-20 23:59
ALL,AUDCHF,long,W,H4,2024-10-28 00:00,2024-11-04 00:00,0.56574,0.57322,0.007479999999999931,0.56574,0.56813,2024-11-06 02:00,2024-11-06 06:00,0.56872,0.56982,0.0010999999999999899,0.14705882352941177,2024-11-11 00:00,False,2024-10-28 00:00,2024-11-10 23:59
ALL,AUDCHF,long,W,H4,2024-11-11 00:00,2024-11-18 00:00,0.5721,0.57397,0.0018699999999999273,0.5721,0.57254,2024-11-18 06:00,2024-11-18 10:00,0.5721,0.57214,3.999999999992898e-05,0.021390374331513657,2024-11-25 00:00,False,2024-11-11 00:00,2024-11-24 23:59
ALL,AUDCHF,long,W,H4,2024-11-11 00:00,2024-11-18 00:00,0.5721,0.57397,0.0018699999999999273,0.5721,0.57254,2024-11-19 10:00,2024-11-19 14:00,0.57252,0.57276,0.00024000000000001798,0.12834224598931943,2024-11-25 00:00,False,2024-11-11 00:00,2024-11-24 23:59
ALL,AUDCHF,long,W,H4,2024-12-02 00:00,2024-12-09 00:00,0.55966,0.56183,0.0021700000000000053,0.55966,0.56028,2024-12-11 06:00,2024-12-11 10:00,0.56058,0.56062,4.0000000000040004e-05,0.018433179723520696,2024-12-16 00:00,False,2024-12-02 00:00,2024-12-15 23:59
ALL,AUDCHF,short,W,H4,2024-07-08 00:00,2024-07-15 00:00,0.6067,0.60828,0.0015800000000000258,0.60743,0.60828,2024-07-11 01:00,2024-07-11 05:00,0.60804,0.60828,0.00024000000000001798,0.15189873417722408,,True,2024-07-08 00:00,2024-07-21 23:59
ALL,AUDCHF,short,W,H4,2024-07-08 00:00,2024-07-15 00:00,0.6067,0.60828,0.0015800000000000258,0.60743,0.60828,2024-07-12 13:00,2024-07-12 17:00,0.60745,0.60752,6.999999999990347e-05,0.04430379746829261,,True,2024-07-08 00:00,2024-07-21 23:59
ALL,AUDCHF,short,W,H4,2024-07-08 00:00,2024-07-15 00:00,0.6067,0.60828,0.0015800000000000258,0.60743,0.60828,2024-07-15 01:00,2024-07-15 05:00,0.60717,0.60733,0.000160000000000049,0.10126582278483948,,True,2024-07-08 00:00,2024-07-21 23:59
ALL,AUDCHF,short,W,H4,2024-08-12 00:00,2024-08-19 00:00,0.57778,0.58149,0.003709999999999991,0.57848,0.58149,2024-08-19 17:00,2024-08-19 21:00,0.58098,0.58149,0.0005099999999998994,0.13746630727760126,2024-08-26 00:00,False,2024-08-12 00:00,2024-08-25 23:59
ALL,AUDCHF,short,W,H4,2024-08-12 00:00,2024-08-19 00:00,0.57778,0.58149,0.003709999999999991,0.57848,0.58149,2024-08-20 09:00,2024-08-20 13:00,0.57926,0.57938,0.00012000000000000899,0.03234501347709145,2024-08-26 00:00,False,2024-08-12 00:00,2024-08-25 23:59
ALL,AUDCHF,short,W,H4,2024-11-04 00:00,2024-11-11 00:00,0.57683,0.58332,0.006489999999999996,0.5797,0.58332,2024-11-07 18:00,2024-11-07 22:00,0.58278,0.583,0.00021999999999999797,0.03389830508474547,2024-11-18 00:00,False,2024-11-04 00:00,2024-11-17 23:59
ALL,AUDCHF,short,W,H4,2024-11-04 00:00,2024-11-11 00:00,0.57683,0.58332,0.006489999999999996,0.5797,0.58332,2024-11-11 18:00,2024-11-11 22:00,0.57922,0.5797,0.00048000000000003595,0.07395993836672361,2024-11-18 00:00,False,2024-11-04 00:00,2024-11-17 23:59
ALL,AUDCHF,short,W,H4,2024-11-04 00:00,2024-11-11 00:00,0.57683,0.58332,0.006489999999999996,0.5797,0.58332,2024-11-12 06:00,2024-11-12 10:00,0.5776,0.57824,0.0006399999999999739,0.09861325115562009,2024-11-18 00:00,False,2024-11-04 00:00,2024-11-17 23:59
ALL,AUDCHF,short,W,H4,2024-11-04 00:00,2024-11-11 00:00,0.57683,0.58332,0.006489999999999996,0.5797,0.58332,2024-11-13 02:00,2024-11-13 06:00,0.57695,0.57698,3.0000000000085514e-05,0.004622496147933056,2024-11-18 00:00,False,2024-11-04 00:00,2024-11-17 23:59
ALL,AUDJPY,long,W,H4,2024-06-03 00:00,2024-06-10 00:00,102.616,103.146,0.5300000000000011,102.616,103.092,2024-06-04 13:00,2024-06-04 17:00,102.75,102.756,0.006000000000000227,0.011320754716981537,2024-07-22 00:00,False,2024-06-03 00:00,2024-06-16 23:59
ALL,AUDJPY,long,W,H4,2024-06-03 00:00,2024-06-10 00:00,102.616,103.146,0.5300000000000011,102.616,103.092,2024-06-07 17:00,2024-06-09 21:00,103.049,103.092,0.042999999999992156,0.08113207547168313,2024-07-22 00:00,False,2024-06-03 00:00,2024-06-16 23:59
ALL,AUDJPY,long,W,H4,2024-07-29 00:00,2024-08-05 00:00,90.139,95.394,5.25500000000001,90.139,95.338,2024-08-05 09:00,2024-08-05 13:00,91.352,91.586,0.23399999999999466,0.044529019980969406,2024-09-02 00:00,False,2024-07-29 00:00,2024-08-11 23:59
ALL,AUDJPY,long,W,H4,2024-07-29 00:00,2024-08-05 00:00,90.139,95.394,5.25500000000001,90.139,95.338,2024-08-06 09:00,2024-08-06 13:00,93.422,93.549,0.12700000000000955,0.02416745956232337,2024-09-02 00:00,False,2024-07-29 00:00,2024-08-11 23:59
ALL,AUDJPY,long,W,H4,2024-07-29 00:00,2024-08-05 00:00,90.139,95.394,5.25500000000001,90.139,95.338,2024-08-06 17:00,2024-08-06 21:00,93.997,94.096,0.09900000000000375,0.018839200761180508,2024-09-02 00:00,False,2024-07-29 00:00,2024-08-11 23:59
ALL,AUDJPY,long,W,H4,2024-07-29 00:00,2024-08-05 00:00,90.139,95.394,5.25500000000001,90.139,95.338,2024-08-07 21:00,2024-08-08 01:00,94.73,95.132,0.402000000000001,0.07649857278782117,2024-09-02 00:00,False,2024-07-29 00:00,2024-08-11 23:59
ALL,AUDJPY,long,W,H4,2024-08-19 00:00,2024-08-26 00:00,96.996,97.959,0.9630000000000081,96.996,97.267,2024-08-26 05:00,2024-08-26 09:00,97.267,97.435,0.16800000000000637,0.1744548286604413,2024-09-02 00:00,False,2024-08-19 00:00,2024-09-01 23:59
ALL,AUDJPY,long,W,H4,2024-10-14 00:00,2024-10-21 00:00,99.435,100.241,0.8059999999999974,99.435,99.946,2024-10-15 21:00,2024-10-16 01:00,99.435,99.444,0.009000000000000341,0.011166253101737432,2024-10-28 00:00,False,2024-10-14 00:00,2024-10-27 23:59
ALL,AUDJPY,long,W,H4,2024-10-14 00:00,2024-10-21 00:00,99.435,100.241,0.8059999999999974,99.435,99.946,2024-10-16 17:00,2024-10-16 21:00,99.62,99.738,0.117999999999995,0.1464019851116568,2024-10-28 00:00,False,2024-10-14 00:00,2024-10-27 23:59
ALL,AUDJPY,long,W,H4,2024-10-14 00:00,2024-10-21 00:00,99.435,100.241,0.8059999999999974,99.435,99.946,2024-10-17 01:00,2024-10-17 05:00,99.836,99.876,0.04000000000000625,0.049627791563283355,2024-10-28 00:00,False,2024-10-14 00:00,2024-10-27 23:59
ALL,AUDJPY,long,W,H4,2024-10-14 00:00,2024-10-21 00:00,99.435,100.241,0.8059999999999974,99.435,99.946,2024-10-21 21:00,2024-10-22 01:00,100.16,100.183,0.023000000000010346,0.028535980148896304,2024-10-28 00:00,False,2024-10-14 00:00,2024-10-27 23:59
ALL,AUDJPY,short,W,H4,2024-07-01 00:00,2024-07-08 00:00,108.296,109.373,1.0769999999999982,108.598,109.373,2024-07-11 01:00,2024-07-11 05:00,109.332,109.373,0.04100000000001103,0.03806870937791188,,True,2024-07-01 00:00,2024-07-14 23:59
ALL,AUDJPY,short,W,H4,2024-08-26 00:00,2024-09-02 00:00,98.843,99.865,1.0219999999999914,98.974,99.865,2024-09-02 21:00,2024-09-03 01:00,99.828,99.844,0.015999999999991132,0.015655577299404373,2024-09-23 00:00,False,2024-08-26 00:00,2024-09-08 23:59
ALL,AUDJPY,short,W,H4,2024-09-30 00:00,2024-10-07 00:00,101.027,101.422,0.394999999999996,101.276,101.422,2024-10-07 01:00,2024-10-07 05:00,101.135,101.208,0.07299999999999329,0.18481012658226337,2024-10-21 00:00,False,2024-09-30 00:00,2024-10-13 23:59
ALL,AUDJPY,short,W,H4,2024-10-21 00:00,2024-10-28 00:00,101.328,101.694,0.36599999999999966,101.526,101.694,2024-10-23 09:00,2024-10-23 13:00,101.662,101.694,0.031999999999996476,0.08743169398906149,2024-11-04 00:00,False,2024-10-21 00:00,2024-11-03 23:59
ALL,AUDNZD,long,W,H4,2024-07-29 00:00,2024-08-05 00:00,1.08438,1.09276,0.008380000000000054,1.08438,1.09136,2024-08-05 09:00,2024-08-05 13:00,1.08438,1.08518,0.0008000000000001339,0.09546539379476476,2024-08-12 00:00,False,2024-07-29 00:00,2024-08-11 23:59
ALL,AUDNZD,long,W,H4,2024-07-29 00:00,2024-08-05 00:00,1.08438,1.09276,0.008380000000000054,1.08438,1.09136,2024-08-07 21:00,2024-08-08 01:00,1.08676,1.08699,0.00022999999999995246,0.027446300715984605,2024-08-12 00:00,False,2024-07-29 00:00,2024-08-11 23:59
ALL,AUDNZD,long,W,H4,2024-10-28 00:00,2024-11-04 00:00,1.09645,1.10165,0.0052000000000000934,1.09645,1.09959,2024-10-30 05:00,2024-10-30 09:00,1.09645,1.09688,0.0004300000000001525,0.08269230769233553,2024-11-11 00:00,False,2024-10-28 00:00,2024-11-10 23:59
ALL,AUDNZD,long,W,H4,2024-10-28 00:00,2024-11-04 00:00,1.09645,1.10165,0.0052000000000000934,1.09645,1.09959,2024-11-01 09:00,2024-11-01 13:00,1.09862,1.0987,8.000000000008001e-05,0.015384615384630495,2024-11-11 00:00,False,2024-10-28 00:00,2024-11-10 23:59
ALL,AUDNZD,short,W,H4,2024-08-12 00:00,2024-08-19 00:00,1.10151,1.10576,0.004250000000000087,1.10336,1.10576,2024-08-19 13:00,2024-08-19 17:00,1.10286,1.10336,0.0004999999999999449,0.11764705882351405,2024-09-30 00:00,False,2024-08-12 00:00,2024-08-25 23:59
ALL,AUDNZD,short,W,H4,2024-09-16 00:00,2024-09-23 00:00,1.09075,1.09452,0.003769999999999829,1.09442,1.09452,2024-09-24 01:00,2024-09-24 05:00,1.094,1.09442,0.0004199999999998649,0.1114058355437358,2024-09-30 00:00,False,2024-09-16 00:00,2024-09-29 23:59
ALL,AUDNZD,short,W,H4,2024-11-04 00:00,2024-11-11 00:00,1.10294,1.10918,0.006240000000000023,1.10498,1.10918,2024-11-07 18:00,2024-11-07 22:00,1.10894,1.10918,0.00024000000000001798,0.0384615384615412,2024-11-18 00:00,False,2024-11-04 00:00,2024-11-17 23:59
ALL,AUDNZD,short,W,H4,2024-11-04 00:00,2024-11-11 00:00,1.10294,1.10918,0.006240000000000023,1.10498,1.10918,2024-11-08 02:00,2024-11-08 06:00,1.10758,1.1083,0.0007200000000000539,0.11538461538462359,2024-11-18 00:00,False,2024-11-04 00:00,2024-11-17 23:59
ALL,AUDNZD,short,W,H4,2024-11-04 00:00,2024-11-11 00:00,1.10294,1.10918,0.006240000000000023,1.10498,1.10918,2024-11-13 22:00,2024-11-14 02:00,1.10456,1.10496,0.00039999999999995595,0.0641025641025568,2024-11-18 00:00,False,2024-11-04 00:00,2024-11-17 23:59
ALL,AUDNZD,short,W,H4,2024-11-04 00:00,2024-11-11 00:00,1.10294,1.10918,0.006240000000000023,1.10498,1.10918,2024-11-14 18:00,2024-11-14 22:00,1.10379,1.10413,0.00034000000000000696,0.0544871794871804,2024-11-18 00:00,False,2024-11-04 00:00,2024-11-17 23:59
ALL,AUDUSD,long,W,H4,2024-06-03 00:00,2024-06-10 00:00,0.65761,0.65802,0.00041000000000002146,0.65761,0.6579,2024-06-09 21:00,2024-06-10 01:00,0.65761,0.65764,2.999999999997449e-05,0.07317073170725102,2024-07-22 00:00,False,2024-06-03 00:00,2024-06-16 23:59
ALL,AUDUSD,long,W,H4,2024-07-29 00:00,2024-08-05 00:00,0.63484,0.65126,0.01641999999999999,0.63484,0.64796,2024-08-05 09:00,2024-08-05 13:00,0.64356,0.64386,0.00029999999999996696,0.018270401948840873,2024-11-04 00:00,False,2024-07-29 00:00,2024-08-11 23:59
ALL,AUDUSD,long,W,H4,2024-07-29 00:00,2024-08-05 00:00,0.63484,0.65126,0.01641999999999999,0.63484,0.64796,2024-08-06 09:00,2024-08-06 13:00,0.64724,0.64752,0.00027999999999994696,0.01705237515225013,2024-11-04 00:00,False,2024-07-29 00:00,2024-08-11 23:59
ALL,AUDUSD,long,W,H4,2024-11-11 00:00,2024-11-18 00:00,0.64408,0.64642,0.0023400000000000087,0.64408,0.6448,2024-11-18 06:00,2024-11-18 10:00,0.6448,0.64504,0.00023999999999990695,0.10256410256406241,2024-11-25 00:00,False,2024-11-11 00:00,2024-11-24 23:59
ALL,AUDUSD,short,W,H4,2024-07-08 00:00,2024-07-15 00:00,0.6773,0.67986,0.0025600000000000067,0.67888,0.67986,2024-07-11 09:00,2024-07-11 13:00,0.67984,0.67986,2.0000000000020002e-05,0.007812500000007792,2024-08-19 00:00,False,2024-07-08 00:00,2024-07-21 23:59
ALL,AUDUSD,short,W,H4,2024-07-08 00:00,2024-07-15 00:00,0.6773,0.67986,0.0025600000000000067,0.67888,0.67986,2024-07-12 13:00,2024-07-12 17:00,0.67904,0.67939,0.0003500000000000725,0.13671875000002795,2024-08-19 00:00,False,2024-07-08 00:00,2024-07-21 23:59
ALL,AUDUSD,short,W,H4,2024-07-08 00:00,2024-07-15 00:00,0.6773,0.67986,0.0025600000000000067,0.67888,0.67986,2024-07-15 05:00,2024-07-15 09:00,0.67881,0.67888,7.00000000000145e-05,0.02734375000000559,2024-08-19 00:00,False,2024-07-08 00:00,2024-07-21 23:59
ALL,AUDUSD,short,W,H4,2024-09-23 00:00,2024-09-30 00:00,0.69006,0.69426,0.0041999999999999815,0.69373,0.69426,2024-09-30 13:00,2024-09-30 17:00,0.69416,0.69426,9.999999999998899e-05,0.023809523809521293,,True,2024-09-23 00:00,2024-10-06 23:59
ALL,AUDUSD,short,W,H4,2024-09-23 00:00,2024-09-30 00:00,0.69006,0.69426,0.0041999999999999815,0.69373,0.69426,2024-10-01 01:00,2024-10-01 05:00,0.69334,0.69348,0.000140000000000029,0.03333333333334038,,True,2024-09-23 00:00,2024-10-06 23:59
ALL,AUDUSD,short,W,H4,2024-09-23 00:00,2024-09-30 00:00,0.69006,0.69426,0.0041999999999999815,0.69373,0.69426,2024-10-02 05:00,2024-10-02 09:00,0.69036,0.69046,9.999999999998899e-05,0.023809523809521293,,True,2024-09-23 00:00,2024-10-06 23:59
ALL,CADCHF,long,W,H4,2024-06-10 00:00,2024-06-17 00:00,0.64359,0.64822,0.004630000000000023,0.64359,0.64675,2024-06-20 01:00,2024-06-20 05:00,0.64408,0.64424,0.000160000000000049,0.03455723542117672,2024-07-15 00:00,False,2024-06-10 00:00,2024-06-23 23:59
ALL,CADCHF,long,W,H4,2024-08-19 00:00,2024-08-26 00:00,0.62413,0.62754,0.003410000000000024,0.62413,0.62528,2024-08-29 01:00,2024-08-29 05:00,0.62416,0.6242,3.999999999992898e-05,0.011730205278571465,2024-09-02 00:00,False,2024-08-19 00:00,2024-09-01 23:59
ALL,CADCHF,long,W,H4,2024-10-07 00:00,2024-10-14 00:00,0.62186,0.62295,0.0010900000000000354,0.62186,0.62247,2024-10-11 05:00,2024-10-11 09:00,0.62186,0.62196,9.999999999998899e-05,0.09174311926604196,2024-10-28 00:00,False,2024-10-07 00:00,2024-10-20 23:59
ALL,CADCHF,long,W,H4,2024-10-07 00:00,2024-10-14 00:00,0.62186,0.62295,0.0010900000000000354,0.62186,0.62247,2024-10-11 13:00,2024-10-11 17:00,0.62228,0.62234,5.999999999994898e-05,0.05504587155958444,2024-10-28 00:00,False,2024-10-07 00:00,2024-10-20 23:59
ALL,CADCHF,long,W,H4,2024-10-28 00:00,2024-11-04 00:00,0.6196,0.62306,0.0034599999999999076,0.6196,0.6201,2024-11-04 06:00,2024-11-04 10:00,0.6201,0.62026,0.000160000000000049,0.046242774566489384,2024-12-02 00:00,False,2024-10-28 00:00,2024-11-10 23:59
ALL,CADCHF,long,W,H4,2024-10-28 00:00,2024-11-04 00:00,0.6196,0.62306,0.0034599999999999076,0.6196,0.6201,2024-11-05 06:00,2024-11-05 10:00,0.62064,0.6207,6.0000000000060005e-05,0.017341040462445553,2024-12-02 00:00,False,2024-10-28 00:00,2024-11-10 23:59
ALL,CADCHF,short,W,H4,2024-08-12 00:00,2024-08-19 00:00,0.63329,0.63712,0.00383,0.63466,0.63712,2024-08-18 21:00,2024-08-19 01:00,0.63461,0.63466,4.999999999999449e-05,0.013054830287204828,2024-09-30 00:00,False,2024-08-12 00:00,2024-08-25 23:59
ALL,CADCHF,short,W,H4,2024-09-16 00:00,2024-09-23 00:00,0.62715,0.63264,0.005489999999999995,0.628,0.63264,2024-09-27 01:00,2024-09-27 05:00,0.6289,0.62942,0.0005199999999999649,0.094717668488154,2024-09-30 00:00,False,2024-09-16 00:00,2024-09-29 23:59
ALL,CADCHF,short,W,H4,2024-10-14 00:00,2024-10-21 00:00,0.6266,0.62986,0.0032599999999999296,0.62844,0.62986,2024-10-18 05:00,2024-10-18 09:00,0.62852,0.62863,0.0001100000000000545,0.033742331288361,2024-11-04 00:00,False,2024-10-14 00:00,2024-10-27 23:59
ALL,CADCHF,short,W,H4,2024-10-14 00:00,2024-10-21 00:00,0.6266,0.62986,0.0032599999999999296,0.62844,0.62986,2024-10-24 05:00,2024-10-24 09:00,0.62704,0.62742,0.00037999999999993594,0.11656441717789698,2024-11-04 00:00,False,2024-10-14 00:00,2024-10-27 23:59
ALL,CADCHF,short,W,H4,2024-12-09 00:00,2024-12-16 00:00,0.62716,0.62904,0.0018799999999999928,0.62862,0.62904,2024-12-13 06:00,2024-12-13 10:00,0.62892,0.62902,9.999999999998899e-05,0.05319148936169647,2024-12-23 00:00,False,2024-12-09 00:00,2024-12-22 23:59
ALL,CADCHF,short,W,H4,2024-12-09 00:00,2024-12-16 00:00,0.62716,0.62904,0.0018799999999999928,0.62862,0.62904,2024-12-16 14:00,2024-12-16 18:00,0.6286,0.62862,1.999999999990898e-05,0.01063829787229205,2024-12-23 00:00,False,2024-12-09 00:00,2024-12-22 23:59
ALL,CADCHF,short,W,H4,2024-12-09 00:00,2024-12-16 00:00,0.62716,0.62904,0.0018799999999999928,0.62862,0.62904,2024-12-17 06:00,2024-12-17 10:00,0.62854,0.62858,4.0000000000040004e-05,0.021276595744702212,2024-12-23 00:00,False,2024-12-09 00:00,2024-12-22 23:59
ALL,CADJPY,long,W,H4,2024-06-03 00:00,2024-06-10 00:00,112.962,113.882,0.9200000000000017,112.962,113.706,2024-06-04 13:00,2024-06-04 17:00,113.014,113.036,0.02200000000000557,0.02391304347826688,2024-07-15 00:00,False,2024-06-03 00:00,2024-06-16 23:59
ALL,CADJPY,long,W,H4,2024-06-03 00:00,2024-06-10 00:00,112.962,113.882,0.9200000000000017,112.962,113.706,2024-06-07 05:00,2024-06-07 09:00,113.445,113.522,0.07700000000001239,0.08369565217392635,2024-07-15 00:00,False,2024-06-03 00:00,2024-06-16 23:59
ALL,CADJPY,long,W,H4,2024-06-03 00:00,2024-06-10 00:00,112.962,113.882,0.9200000000000017,112.962,113.706,2024-06-12 13:00,2024-06-12 17:00,113.706,113.733,0.027000000000001023,0.02934782608695758,2024-07-15 00:00,False,2024-06-03 00:00,2024-06-16 23:59
ALL,CADJPY,long,W,H4,2024-07-29 00:00,2024-08-05 00:00,101.66,105.544,3.8840000000000003,101.66,105.544,2024-08-05 05:00,2024-08-05 09:00,101.66,102.128,0.4680000000000035,0.12049433573635517,2024-09-02 00:00,False,2024-07-29 00:00,2024-08-11 23:59
ALL,CADJPY,long,W,H4,2024-07-29 00:00,2024-08-05 00:00,101.66,105.544,3.8840000000000003,101.66,105.544,2024-08-06 09:00,2024-08-06 13:00,104.19,104.233,0.043000000000006366,0.011071060762102566,2024-09-02 00:00,False,2024-07-29 00:00,2024-08-11 23:59
ALL,CADJPY,long,W,H4,2024-07-29 00:00,2024-08-05 00:00,101.66,105.544,3.8840000000000003,101.66,105.544,2024-08-06 17:00,2024-08-06 21:00,104.588,104.7,0.11200000000000898,0.028836251287334958,2024-09-02 00:00,False,2024-07-29 00:00,2024-08-11 23:59
ALL,CADJPY,long,W,H4,2024-08-19 00:00,2024-08-26 00:00,106.212,106.78,0.5679999999999978,106.212,106.226,2024-08-25 21:00,2024-08-26 01:00,106.226,106.25,0.02400000000000091,0.042253521126762325,2024-09-02 00:00,False,2024-08-19 00:00,2024-09-01 23:59
ALL,CADJPY,long,W,H4,2024-10-07 00:00,2024-10-14 00:00,107.709,108.357,0.6479999999999961,107.709,107.833,2024-10-15 09:00,2024-10-15 13:00,107.709,107.816,0.10699999999999932,0.16512345679012339,2024-10-21 00:00,False,2024-10-07 00:00,2024-10-20 23:59
ALL,CADJPY,long,W,H4,2024-10-07 00:00,2024-10-14 00:00,107.709,108.357,0.6479999999999961,107.709,107.833,2024-10-15 21:00,2024-10-16 01:00,108.02,108.114,0.0940000000000083,0.1450617283950754,2024-10-21 00:00,False,2024-10-07 00:00,2024-10-20 23:59
ALL,CADJPY,short,W,H4,2024-07-01 00:00,2024-07-08 00:00,117.822,118.864,1.0420000000000016,118.638,118.864,2024-07-10 13:00,2024-07-10 17:00,118.786,118.864,0.07800000000000296,0.07485604606526183,,True,2024-07-01 00:00,2024-07-14 23:59
ALL,CADJPY,short,W,H4,2024-07-01 00:00,2024-07-08 00:00,117.822,118.864,1.0420000000000016,118.638,118.864,2024-07-11 01:00,2024-07-11 05:00,118.745,118.775,0.030000000000001137,0.02879078694817763,,True,2024-07-01 00:00,2024-07-14 23:59
ALL,CADJPY,short,W,H4,2024-08-12 00:00,2024-08-19 00:00,107.861,108.818,0.9569999999999936,108.257,108.818,2024-08-15 17:00,2024-08-15 21:00,108.793,108.818,0.024999999999991473,0.026123301985362214,2024-08-26 00:00,False,2024-08-12 00:00,2024-08-25 23:59
ALL,CADJPY,short,W,H4,2024-08-12 00:00,2024-08-19 00:00,107.861,108.818,0.9569999999999936,108.257,108.818,2024-08-18 21:00,2024-08-19 01:00,108.172,108.257,0.08500000000000796,0.08881922675027014,2024-08-26 00:00,False,2024-08-12 00:00,2024-08-25 23:59
ALL,CADJPY,short,W,H4,2024-08-26 00:00,2024-09-02 00:00,108.302,109.06,0.7579999999999956,108.538,109.06,2024-09-02 21:00,2024-09-03 01:00,109.01,109.036,0.02599999999999625,0.034300791556723484,2024-09-23 00:00,False,2024-08-26 00:00,2024-09-08 23:59
ALL,CADJPY,short,W,H4,2024-10-21 00:00,2024-10-28 00:00,110.319,110.732,0.4129999999999967,110.652,110.732,2024-10-29 09:00,2024-10-29 13:00,110.629,110.694,0.06499999999999773,0.15738498789345823,2024-11-04 00:00,False,2024-10-21 00:00,2024-11-03 23:59
ALL,CADJPY,short,W,H4,2024-10-21 00:00,2024-10-28 00:00,110.319,110.732,0.4129999999999967,110.652,110.732,2024-10-30 21:00,2024-10-31 01:00,110.375,110.396,0.021000000000000796,0.05084745762712098,2024-11-04 00:00,False,2024-10-21 00:00,2024-11-03 23:59
ALL,CADJPY,short,W,H4,2024-11-04 00:00,2024-11-11 00:00,109.804,111.522,1.7180000000000035,111.188,111.522,2024-11-14 06:00,2024-11-14 10:00,111.492,111.522,0.030000000000001137,0.01746216530849888,2024-11-18 00:00,False,2024-11-04 00:00,2024-11-17 23:59
ALL,CADJPY,short,W,H4,2024-11-04 00:00,2024-11-11 00:00,109.804,111.522,1.7180000000000035,111.188,111.522,2024-11-14 22:00,2024-11-15 02:00,111.354,111.44,0.08599999999999852,0.05005820721769403,2024-11-18 00:00,False,2024-11-04 00:00,2024-11-17 23:59
ALL,CHFJPY,long,W,H4,2024-07-08 00:00,2024-07-15 00:00,175.882,176.791,0.9089999999999918,175.882,176.054,2024-07-17 05:00,2024-07-17 09:00,175.888,175.904,0.015999999999991132,0.017601760176008004,2024-07-22 00:00,False,2024-07-08 00:00,2024-07-21 23:59
ALL,CHFJPY,long,W,H4,2024-07-08 00:00,2024-07-15 00:00,175.882,176.791,0.9089999999999918,175.882,176.054,2024-07-17 21:00,2024-07-18 01:00,176.08,176.201,0.1209999999999809,0.1331133113311133,2024-07-22 00:00,False,2024-07-08 00:00,2024-07-21 23:59
ALL,CHFJPY,long,W,H4,2024-08-05 00:00,2024-08-12 00:00,166.824,169.472,2.647999999999996,166.824,169.106,2024-08-05 05:00,2024-08-05 09:00,166.824,167.098,0.2740000000000009,0.10347432024169234,2024-08-19 00:00,False,2024-08-05 00:00,2024-08-18 23:59
ALL,CHFJPY,long,W,H4,2024-08-19 00:00,2024-08-26 00:00,168.362,170.181,1.8190000000000168,168.362,169.506,2024-08-25 21:00,2024-08-26 01:00,169.506,169.574,0.06800000000001205,0.037383177570099735,2024-09-02 00:00,False,2024-08-19 00:00,2024-09-01 23:59
ALL,CHFJPY,long,W,H4,2024-08-19 00:00,2024-08-26 00:00,168.362,170.181,1.8190000000000168,168.362,169.506,2024-08-26 09:00,2024-08-26 13:00,169.764,169.822,0.057999999999992724,0.03188565145684012,2024-09-02 00:00,False,2024-08-19 00:00,2024-09-01 23:59
ALL,CHFJPY,short,W,H4,2024-07-15 00:00,2024-07-22 00:00,177.137,177.522,0.3849999999999909,177.346,177.522,2024-07-21 21:00,2024-07-22 01:00,177.309,177.346,0.03700000000000614,0.09610389610391432,2024-10-28 00:00,False,2024-07-15 00:00,2024-07-28 23:59
ALL,CHFJPY,short,W,H4,2024-08-12 00:00,2024-08-19 00:00,170.414,171.859,1.4450000000000216,171.372,171.859,2024-08-22 13:00,2024-08-22 17:00,171.815,171.859,0.04400000000001114,0.030449826989626633,2024-08-26 00:00,False,2024-08-12 00:00,2024-08-25 23:59
ALL,CHFJPY,short,W,H4,2024-08-12 00:00,2024-08-19 00:00,170.414,171.859,1.4450000000000216,171.372,171.859,2024-08-23 09:00,2024-08-23 13:00,171.476,171.54,0.06399999999999295,0.04429065743944083,2024-08-26 00:00,False,2024-08-12 00:00,2024-08-25 23:59
ALL,CHFJPY,short,W,H4,2024-08-26 00:00,2024-09-02 00:00,171.998,172.822,0.8240000000000123,172.276,172.822,2024-09-02 09:00,2024-09-02 13:00,172.724,172.776,0.05200000000002092,0.0631067961165293,2024-09-23 00:00,False,2024-08-26 00:00,2024-09-08 23:59
ALL,CHFJPY,short,W,H4,2024-08-26 00:00,2024-09-02 00:00,171.998,172.822,0.8240000000000123,172.276,172.822,2024-09-02 21:00,2024-09-03 01:00,172.602,172.664,0.0619999999999834,0.07524271844658068,2024-09-23 00:00,False,2024-08-26 00:00,2024-09-08 23:59
ALL,CHFJPY,short,W,H4,2024-10-21 00:00,2024-10-28 00:00,176.544,177.326,0.7819999999999823,176.544,177.326,2024-10-30 21:00,2024-10-31 01:00,177.264,177.326,0.0619999999999834,0.07928388746801127,2024-11-04 00:00,False,2024-10-21 00:00,2024-11-03 23:59
ALL,CHFJPY,short,W,H4,2024-10-21 00:00,2024-10-28 00:00,176.544,177.326,0.7819999999999823,176.544,177.326,2024-11-01 01:00,2024-11-01 05:00,176.553,176.641,0.08799999999999386,0.11253196930945762,2024-11-04 00:00,False,2024-10-21 00:00,2024-11-03 23:59
ALL,EURAUD,long,W,H4,2024-07-01 00:00,2024-07-08 00:00,1.60239,1.60399,0.0016000000000000458,1.60239,1.60399,2024-07-11 09:00,2024-07-11 13:00,1.60239,1.60244,5.0000000000105516e-05,0.03125000000006505,2024-09-30 00:00,False,2024-07-01 00:00,2024-07-14 23:59
ALL,EURAUD,long,W,H4,2024-08-26 00:00,2024-09-02 00:00,1.6258,1.63292,0.007120000000000015,1.6258,1.62908,2024-08-30 05:00,2024-08-30 09:00,1.62678,1.62692,0.000140000000000029,0.019662921348318638,2024-09-16 00:00,False,2024-08-26 00:00,2024-09-08 23:59
ALL,EURAUD,long,W,H4,2024-08-26 00:00,2024-09-02 00:00,1.6258,1.63292,0.007120000000000015,1.6258,1.62908,2024-09-02 13:00,2024-09-02 17:00,1.62908,1.62919,0.00010999999999983245,0.015449438202223626,2024-09-16 00:00,False,2024-08-26 00:00,2024-09-08 23:59
ALL,EURAUD,long,W,H4,2024-09-30 00:00,2024-10-07 00:00,1.6005,1.61436,0.013859999999999983,1.6005,1.61106,2024-10-02 09:00,2024-10-02 13:00,1.60214,1.60236,0.000220000000000109,0.015873015873023755,2024-10-14 00:00,False,2024-09-30 00:00,2024-10-13 23:59
ALL,EURAUD,long,W,H4,2024-09-30 00:00,2024-10-07 00:00,1.6005,1.61436,0.013859999999999983,1.6005,1.61106,2024-10-02 21:00,2024-10-03 01:00,1.60382,1.60386,4.0000000000040004e-05,0.0028860028860057756,2024-10-14 00:00,False,2024-09-30 00:00,2024-10-13 23:59
ALL,EURAUD,long,W,H4,2024-09-30 00:00,2024-10-07 00:00,1.6005,1.61436,0.013859999999999983,1.6005,1.61106,2024-10-04 05:00,2024-10-04 09:00,1.61044,1.61056,0.00011999999999989797,0.008658008658001306,2024-10-14 00:00,False,2024-09-30 00:00,2024-10-13 23:59
ALL,EURAUD,long,W,H4,2024-09-30 00:00,2024-10-07 00:00,1.6005,1.61436,0.013859999999999983,1.6005,1.61106,2024-10-07 01:00,2024-10-07 05:00,1.61106,1.61151,0.00045000000000006146,0.03246753246753694,2024-10-14 00:00,False,2024-09-30 00:00,2024-10-13 23:59
ALL,EURAUD,long,W,H4,2024-11-04 00:00,2024-11-11 00:00,1.61631,1.62676,0.01045000000000007,1.61631,1.61838,2024-11-07 18:00,2024-11-07 22:00,1.61631,1.61673,0.00042000000000008697,0.04019138755981667,2024-11-18 00:00,False,2024-11-04 00:00,2024-11-17 23:59
ALL,EURAUD,long,W,H4,2024-11-04 00:00,2024-11-11 00:00,1.61631,1.62676,0.01045000000000007,1.61631,1.61838,2024-11-11 10:00,2024-11-11 14:00,1.61838,1.61847,9.000000000014552e-05,0.008612440191401427,2024-11-18 00:00,False,2024-11-04 00:00,2024-11-17 23:59
ALL,EURAUD,long,W,H4,2024-11-04 00:00,2024-11-11 00:00,1.61631,1.62676,0.01045000000000007,1.61631,1.61838,2024-11-12 10:00,2024-11-12 14:00,1.62035,1.62108,0.0007300000000001194,0.0698564593301545,2024-11-18 00:00,False,2024-11-04 00:00,2024-11-17 23:59
ALL,EURAUD,long,W,H4,2024-11-04 00:00,2024-11-11 00:00,1.61631,1.62676,0.01045000000000007,1.61631,1.61838,2024-11-13 02:00,2024-11-13 06:00,1.62394,1.62435,0.00041000000000002146,0.03923444976076734,2024-11-18 00:00,False,2024-11-04 00:00,2024-11-17 23:59
ALL,EURAUD,long,W,H4,2024-12-09 00:00,2024-12-16 00:00,1.63511,1.6513,0.016189999999999927,1.63511,1.64761,2024-12-09 10:00,2024-12-09 14:00,1.63511,1.63534,0.00022999999999995246,0.014206300185296696,2024-12-30 00:00,False,2024-12-09 00:00,2024-12-22 23:59
ALL,EURAUD,long,W,H4,2024-12-09 00:00,2024-12-16 00:00,1.63511,1.6513,0.016189999999999927,1.63511,1.64761,2024-12-13 02:00,2024-12-13 06:00,1.642,1.64302,0.0010200000000000209,0.06300185299567791,2024-12-30 00:00,False,2024-12-09 00:00,2024-12-22 23:59
ALL,EURAUD,long,W,H4,2024-12-09 00:00,2024-12-16 00:00,1.63511,1.6513,0.016189999999999927,1.63511,1.64761,2024-12-16 02:00,2024-12-16 06:00,1.64761,1.64809,0.00048000000000003595,0.029647930821497106,2024-12-30 00:00,False,2024-12-09 00:00,2024-12-22 23:59
ALL,EURAUD,short,W,H4,2024-07-29 00:00,2024-08-05 00:00,1.67593,1.71862,0.04269000000000012,1.67696,1.71862,2024-08-05 09:00,2024-08-05 13:00,1.70718,1.7082,0.0010200000000000209,0.023893183415320172,2024-12-23 00:00,False,2024-07-29 00:00,2024-08-11 23:59
ALL,EURAUD,short,W,H4,2024-07-29 00:00,2024-08-05 00:00,1.67593,1.71862,0.04269000000000012,1.67696,1.71862,2024-08-06 01:00,2024-08-06 05:00,1.68583,1.68724,0.0014100000000001334,0.03302881236823915,2024-12-23 00:00,False,2024-07-29 00:00,2024-08-11 23:59
ALL,EURAUD,short,W,H4,2024-07-29 00:00,2024-08-05 00:00,1.67593,1.71862,0.04269000000000012,1.67696,1.71862,2024-08-06 09:00,2024-08-06 13:00,1.68446,1.68548,0.0010200000000000209,0.023893183415320172,2024-12-23 00:00,False,2024-07-29 00:00,2024-08-11 23:59
ALL,EURAUD,short,W,H4,2024-07-29 00:00,2024-08-05 00:00,1.67593,1.71862,0.04269000000000012,1.67696,1.71862,2024-08-07 21:00,2024-08-08 01:00,1.6769,1.68008,0.0031799999999999606,0.07449051300070161,2024-12-23 00:00,False,2024-07-29 00:00,2024-08-11 23:59
ALL,EURAUD,short,W,H4,2024-09-02 00:00,2024-09-09 00:00,1.66215,1.66312,0.0009699999999999154,1.66298,1.66312,2024-09-06 17:00,2024-09-08 21:00,1.66298,1.66312,0.000140000000000029,0.14432989690725898,2024-12-16 00:00,False,2024-09-02 00:00,2024-09-15 23:59
ALL,EURAUD,short,W,H4,2024-10-07 00:00,2024-10-14 00:00,1.62202,1.63538,0.013360000000000039,1.6328,1.63538,2024-10-08 05:00,2024-10-08 09:00,1.63428,1.63538,0.001100000000000101,0.08233532934132468,2024-10-21 00:00,False,2024-10-07 00:00,2024-10-20 23:59
ALL,EURAUD,short,W,H4,2024-10-07 00:00,2024-10-14 00:00,1.62202,1.63538,0.013360000000000039,1.6328,1.63538,2024-10-16 09:00,2024-10-16 13:00,1.63157,1.6328,0.0012300000000000644,0.09206586826347761,2024-10-21 00:00,False,2024-10-07 00:00,2024-10-20 23:59
ALL,EURAUD,short,W,H4,2024-10-07 00:00,2024-10-14 00:00,1.62202,1.63538,0.013360000000000039,1.6328,1.63538,2024-10-17 05:00,2024-10-17 09:00,1.6249,1.62659,0.0016899999999999693,0.1264970059880213,2024-10-21 00:00,False,2024-10-07 00:00,2024-10-20 23:59
ALL,EURAUD,short,W,H4,2024-10-28 00:00,2024-11-04 00:00,1.64615,1.66002,0.013870000000000049,1.6544,1.66002,2024-11-01 05:00,2024-11-01 09:00,1.65628,1.65848,0.0021999999999999797,0.15861571737562885,2024-12-02 00:00,False,2024-10-28 00:00,2024-11-10 23:59
ALL,EURAUD,short,W,H4,2024-10-28 00:00,2024-11-04 00:00,1.64615,1.66002,0.013870000000000049,1.6544,1.66002,2024-11-04 10:00,2024-11-04 14:00,1.65376,1.65408,0.000320000000000098,0.023071377072826017,2024-12-02 00:00,False,2024-10-28 00:00,2024-11-10 23:59
ALL,EURAUD,short,W,H4,2024-10-28 00:00,2024-11-04 00:00,1.64615,1.66002,0.013870000000000049,1.6544,1.66002,2024-11-04 18:00,2024-11-04 22:00,1.65292,1.65294,2.0000000000131024e-05,0.0014419610670606312,2024-12-02 00:00,False,2024-10-28 00:00,2024-11-10 23:59
ALL,EURAUD,short,W,H4,2024-11-11 00:00,2024-11-18 00:00,1.62906,1.6362,0.007140000000000146,1.63538,1.6362,2024-11-18 06:00,2024-11-18 10:00,1.63608,1.6362,0.00012000000000012001,0.016806722689092096,2024-11-25 00:00,False,2024-11-11 00:00,2024-11-24 23:59
ALL,EURAUD,short,W,H4,2024-11-11 00:00,2024-11-18 00:00,1.62906,1.6362,0.007140000000000146,1.63538,1.6362,2024-11-18 18:00,2024-11-18 22:00,1.62931,1.63008,0.0007699999999999374,0.10784313725489099,2024-11-25 00:00,False,2024-11-11 00:00,2024-11-24 23:59
ALL,EURCAD,long,W,H4,2024-06-17 00:00,2024-06-24 00:00,1.45872,1.46363,0.00490999999999997,1.45872,1.46136,2024-06-26 09:00,2024-06-26 13:00,1.46082,1.46104,0.00021999999999988695,0.04480651731158621,2024-11-18 00:00,False,2024-06-17 00:00,2024-06-30 23:59
ALL,EURCAD,long,W,H4,2024-06-17 00:00,2024-06-24 00:00,1.45872,1.46363,0.00490999999999997,1.45872,1.46136,2024-06-27 05:00,2024-06-27 09:00,1.46196,1.46241,0.00045000000000006146,0.09164969450103141,2024-11-18 00:00,False,2024-06-17 00:00,2024-06-30 23:59
ALL,EURCAD,long,W,H4,2024-10-14 00:00,2024-10-21 00:00,1.48867,1.49906,0.010390000000000121,1.48867,1.49014,2024-10-25 17:00,2024-10-27 21:00,1.49836,1.499,0.000640000000000196,0.06159769008663989,2024-10-28 00:00,False,2024-10-14 00:00,2024-10-27 23:59
ALL,EURCAD,long,W,H4,2024-11-18 00:00,2024-11-25 00:00,1.44862,1.4622,0.013579999999999925,1.44862,1.45939,2024-11-22 14:00,2024-11-22 18:00,1.45366,1.4552,0.0015400000000000968,0.11340206185567786,,True,2024-11-18 00:00,2024-12-01 23:59
ALL,EURCAD,short,W,H4,2024-06-03 00:00,2024-06-10 00:00,1.48702,1.49292,0.005900000000000016,1.48702,1.49292,2024-06-06 09:00,2024-06-06 13:00,1.49223,1.49235,0.00012000000000012001,0.020338983050867742,2024-07-08 00:00,False,2024-06-03 00:00,2024-06-16 23:59
ALL,EURCAD,short,W,H4,2024-06-03 00:00,2024-06-10 00:00,1.48702,1.49292,0.005900000000000016,1.48702,1.49292,2024-06-07 05:00,2024-06-07 09:00,1.49004,1.49113,0.0010900000000000354,0.1847457627118699,2024-07-08 00:00,False,2024-06-03 00:00,2024-06-16 23:59
ALL,EURCAD,short,W,H4,2024-06-03 00:00,2024-06-10 00:00,1.48702,1.49292,0.005900000000000016,1.48702,1.49292,2024-06-07 17:00,2024-06-09 21:00,1.48702,1.4871,8.000000000008001e-05,0.013559322033911829,2024-07-08 00:00,False,2024-06-03 00:00,2024-06-16 23:59
ALL,EURCAD,short,W,H4,2024-07-29 00:00,2024-08-05 00:00,1.51461,1.52281,0.008199999999999985,1.51461,1.52281,2024-08-05 09:00,2024-08-05 13:00,1.52144,1.52281,0.0013700000000000934,0.167073170731719,2024-08-19 00:00,False,2024-07-29 00:00,2024-08-11 23:59
ALL,EURCAD,short,W,H4,2024-08-19 00:00,2024-08-26 00:00,1.51122,1.51766,0.006440000000000001,1.51242,1.51766,2024-08-23 01:00,2024-08-23 05:00,1.51284,1.51308,0.00024000000000001798,0.0372670807453444,2024-09-16 00:00,False,2024-08-19 00:00,2024-09-01 23:59
ALL,EURCAD,short,W,H4,2024-08-19 00:00,2024-08-26 00:00,1.51122,1.51766,0.006440000000000001,1.51242,1.51766,2024-08-25 21:00,2024-08-26 01:00,1.51206,1.51242,0.000360000000000138,0.05590062111803384,2024-09-16 00:00,False,2024-08-19 00:00,2024-09-01 23:59
ALL,EURCAD,short,W,H4,2024-09-16 00:00,2024-09-23 00:00,1.5139,1.51631,0.0024100000000000232,1.51457,1.51631,2024-09-23 01:00,2024-09-23 05:00,1.51394,1.51395,9.999999999843467e-06,0.0041493775932960044,2024-09-30 00:00,False,2024-09-16 00:00,2024-09-29 23:59
ALL,EURCHF,long,W,H4,2024-07-29 00:00,2024-08-05 00:00,0.92108,0.93577,0.01468999999999998,0.92108,0.93538,2024-08-05 09:00,2024-08-05 13:00,0.92639,0.92808,0.0016899999999999693,0.11504424778760867,2024-08-26 00:00,False,2024-07-29 00:00,2024-08-11 23:59
ALL,EURCHF,long,W,H4,2024-07-29 00:00,2024-08-05 00:00,0.92108,0.93577,0.01468999999999998,0.92108,0.93538,2024-08-06 09:00,2024-08-06 13:00,0.92859,0.9297,0.0011099999999999444,0.07556160653505417,2024-08-26 00:00,False,2024-07-29 00:00,2024-08-11 23:59
ALL,EURCHF,long,W,H4,2024-07-29 00:00,2024-08-05 00:00,0.92108,0.93577,0.01468999999999998,0.92108,0.93538,2024-08-06 17:00,2024-08-06 21:00,0.93018,0.93056,0.00038000000000004697,0.025867937372365382,2024-08-26 00:00,False,2024-07-29 00:00,2024-08-11 23:59
ALL,EURCHF,long,W,H4,2024-09-02 00:00,2024-09-09 00:00,0.93071,0.93577,0.005059999999999953,0.93071,0.93377,2024-09-11 01:00,2024-09-11 05:00,0.93071,0.93112,0.00040999999999991044,0.08102766798417277,2024-09-30 00:00,False,2024-09-02 00:00,2024-09-15 23:59
ALL,EURCHF,long,W,H4,2024-09-23 00:00,2024-09-30 00:00,0.93337,0.9384,0.005029999999999979,0.93337,0.93774,2024-10-02 01:00,2024-10-02 05:00,0.93421,0.93498,0.0007700000000000484,0.15308151093440392,2024-10-07 00:00,False,2024-09-23 00:00,2024-10-06 23:59
ALL,EURCHF,long,W,H4,2024-09-23 00:00,2024-09-30 00:00,0.93337,0.9384,0.005029999999999979,0.93337,0.93774,2024-10-03 01:00,2024-10-03 05:00,0.9368,0.93724,0.00043999999999999595,0.08747514910536736,2024-10-07 00:00,False,2024-09-23 00:00,2024-10-06 23:59
ALL,EURCHF,long,W,H4,2024-10-21 00:00,2024-10-28 00:00,0.93326,0.93675,0.003489999999999993,0.93326,0.93491,2024-10-29 09:00,2024-10-29 13:00,0.93637,0.93653,0.00015999999999993797,0.04584527220628604,2024-11-04 00:00,False,2024-10-21 00:00,2024-11-03 23:59
ALL,EURCHF,short,W,H4,2024-07-08 00:00,2024-07-15 00:00,0.97406,0.9774,0.0033400000000000096,0.97594,0.9774,2024-07-17 01:00,2024-07-17 05:00,0.97469,0.9749,0.00021000000000004349,0.06287425149701882,,True,2024-07-08 00:00,2024-07-21 23:59
ALL,EURCHF,short,W,H4,2024-09-30 00:00,2024-10-07 00:00,0.94158,0.94508,0.0035000000000000586,0.94296,0.94508,2024-09-30 05:00,2024-09-30 09:00,0.94507,0.94508,1.0000000000065512e-05,0.002857142857161527,2024-10-14 00:00,False,2024-09-30 00:00,2024-10-13 23:59
ALL,EURCHF,short,W,H4,2024-09-30 00:00,2024-10-07 00:00,0.94158,0.94508,0.0035000000000000586,0.94296,0.94508,2024-10-10 01:00,2024-10-10 05:00,0.94182,0.94192,9.999999999998899e-05,0.028571428571424945,2024-10-14 00:00,False,2024-09-30 00:00,2024-10-13 23:59
ALL,EURCHF,short,W,H4,2024-10-14 00:00,2024-10-21 00:00,0.93975,0.94278,0.003029999999999977,0.94029,0.94278,2024-10-18 13:00,2024-10-18 17:00,0.94038,0.94048,9.999999999998899e-05,0.033003300330029614,2024-10-28 00:00,False,2024-10-14 00:00,2024-10-27 23:59
ALL,EURCHF,short,W,H4,2024-10-14 00:00,2024-10-21 00:00,0.93975,0.94278,0.003029999999999977,0.94029,0.94278,2024-10-20 21:00,2024-10-21 01:00,0.94028,0.94029,9.99999999995449e-06,0.0033003300329883054,2024-10-28 00:00,False,2024-10-14 00:00,2024-10-27 23:59
ALL,EURCHF,short,W,H4,2024-12-09 00:00,2024-12-16 00:00,0.93756,0.94179,0.004230000000000067,0.9387,0.94179,2024-12-17 06:00,2024-12-17 10:00,0.94152,0.94179,0.00026999999999999247,0.06382978723403976,2024-12-23 00:00,False,2024-12-09 00:00,2024-12-22 23:59
ALL,EURCHF,short,W,H4,2024-12-09 00:00,2024-12-16 00:00,0.93756,0.94179,0.004230000000000067,0.9387,0.94179,2024-12-18 06:00,2024-12-18 10:00,0.93835,0.93884,0.0004899999999999904,0.11583924349881387,2024-12-23 00:00,False,2024-12-09 00:00,2024-12-22 23:59
ALL,EURGBP,long,W,H4,2024-06-10 00:00,2024-06-17 00:00,0.83974,0.8437,0.0039599999999999635,0.83974,0.843,2024-06-14 05:00,2024-06-14 09:00,0.83974,0.84014,0.00039999999999995595,0.10101010101009082,2024-06-24 00:00,False,2024-06-10 00:00,2024-06-23 23:59
ALL,EURGBP,long,W,H4,2024-06-10 00:00,2024-06-17 00:00,0.83974,0.8437,0.0039599999999999635,0.83974,0.843,2024-06-19 05:00,2024-06-19 09:00,0.843,0.84318,0.000180000000000069,0.045454545454563296,2024-06-24 00:00,False,2024-06-10 00:00,2024-06-23 23:59
ALL,EURGBP,long,W,H4,2024-08-26 00:00,2024-09-02 00:00,0.84002,0.8413,0.0012800000000000589,0.84002,0.84062,2024-08-30 05:00,2024-08-30 09:00,0.84002,0.8401,7.999999999996898e-05,0.0624999999999729,2024-09-16 00:00,False,2024-08-26 00:00,2024-09-08 23:59
ALL,EURGBP,long,W,H4,2024-09-23 00:00,2024-09-30 00:00,0.8311,0.8346,0.0035000000000000586,0.8311,0.83172,2024-10-01 09:00,2024-10-01 13:00,0.8311,0.83128,0.000180000000000069,0.05142857142859028,2024-10-14 00:00,False,2024-09-23 00:00,2024-10-06 23:59
ALL,EURGBP,long,W,H4,2024-09-23 00:00,2024-09-30 00:00,0.8311,0.8346,0.0035000000000000586,0.8311,0.83172,2024-10-02 13:00,2024-10-02 17:00,0.83217,0.83221,4.0000000000040004e-05,0.011428571428582666,2024-10-14 00:00,False,2024-09-23 00:00,2024-10-06 23:59
ALL,EURGBP,long,W,H4,2024-09-23 00:00,2024-09-30 00:00,0.8311,0.8346,0.0035000000000000586,0.8311,0.83172,2024-10-02 21:00,2024-10-03 01:00,0.83233,0.83237,4.0000000000040004e-05,0.011428571428582666,2024-10-14 00:00,False,2024-09-23 00:00,2024-10-06 23:59
ALL,EURGBP,long,W,H4,2024-10-14 00:00,2024-10-21 00:00,0.8295,0.83233,0.002829999999999999,0.8295,0.83035,2024-10-23 05:00,2024-10-23 09:00,0.83035,0.83066,0.00030999999999992145,0.1095406360423751,2024-10-28 00:00,False,2024-10-14 00:00,2024-10-27 23:59
ALL,EURGBP,long,W,H4,2024-11-04 00:00,2024-11-11 00:00,0.82602,0.83006,0.0040400000000000436,0.82602,0.82924,2024-11-11 10:00,2024-11-11 14:00,0.82602,0.82674,0.0007200000000000539,0.17821782178218964,2024-11-18 00:00,False,2024-11-04 00:00,2024-11-17 23:59
ALL,EURGBP,long,W,H4,2024-11-04 00:00,2024-11-11 00:00,0.82602,0.83006,0.0040400000000000436,0.82602,0.82924,2024-11-12 06:00,2024-11-12 10:00,0.8276,0.82832,0.0007199999999999429,0.17821782178216217,2024-11-18 00:00,False,2024-11-04 00:00,2024-11-17 23:59
ALL,EURGBP,long,W,H4,2024-12-02 00:00,2024-12-09 00:00,0.82252,0.8289,0.006379999999999941,0.82252,0.82689,2024-12-11 22:00,2024-12-12 02:00,0.82272,0.82279,7.00000000000145e-05,0.010971786833858172,2024-12-16 00:00,False,2024-12-02 00:00,2024-12-15 23:59
ALL,EURGBP,long,W,H4,2024-12-02 00:00,2024-12-09 00:00,0.82252,0.8289,0.006379999999999941,0.82252,0.82689,2024-12-12 10:00,2024-12-12 14:00,0.82312,0.8236,0.00048000000000003595,0.07523510971787467,2024-12-16 00:00,False,2024-12-02 00:00,2024-12-15 23:59
ALL,EURGBP,long,W,H4,2024-12-02 00:00,2024-12-09 00:00,0.82252,0.8289,0.006379999999999941,0.82252,0.82689,2024-12-12 18:00,2024-12-12 22:00,0.82546,0.82582,0.00036000000000002697,0.056426332288406,2024-12-16 00:00,False,2024-12-02 00:00,2024-12-15 23:59
ALL,EURGBP,short,W,H4,2024-06-24 00:00,2024-07-01 00:00,0.84871,0.8499,0.0011900000000000244,0.84871,0.8499,2024-07-01 01:00,2024-07-01 05:00,0.84986,0.8499,4.0000000000040004e-05,0.03361344537818419,2024-07-29 00:00,False,2024-06-24 00:00,2024-07-07 23:59
ALL,EURGBP,short,W,H4,2024-06-24 00:00,2024-07-01 00:00,0.84871,0.8499,0.0011900000000000244,0.84871,0.8499,2024-07-02 01:00,2024-07-02 05:00,0.8495,0.84956,5.999999999994898e-05,0.05042016806718299,2024-07-29 00:00,False,2024-06-24 00:00,2024-07-07 23:59
ALL,EURGBP,short,W,H4,2024-09-30 00:00,2024-10-07 00:00,0.83777,0.84343,0.005659999999999998,0.84048,0.84343,2024-10-03 17:00,2024-10-03 21:00,0.84077,0.84092,0.00014999999999998348,0.026501766784449387,2024-10-14 00:00,False,2024-09-30 00:00,2024-10-13 23:59
ALL,EURGBP,short,W,H4,2024-09-30 00:00,2024-10-07 00:00,0.83777,0.84343,0.005659999999999998,0.84048,0.84343,2024-10-08 05:00,2024-10-08 09:00,0.83956,0.84048,0.0009200000000000319,0.1625441696113131,2024-10-14 00:00,False,2024-09-30 00:00,2024-10-13 23:59
ALL,EURGBP,short,W,H4,2024-09-30 00:00,2024-10-07 00:00,0.83777,0.84343,0.005659999999999998,0.84048,0.84343,2024-10-11 01:00,2024-10-11 05:00,0.8382,0.83834,0.000140000000000029,0.024734982332160607,2024-10-14 00:00,False,2024-09-30 00:00,2024-10-13 23:59
ALL,EURGBP,short,W,H4,2024-11-11 00:00,2024-11-18 00:00,0.83508,0.83758,0.0024999999999999467,0.83592,0.83758,2024-11-19 10:00,2024-11-19 14:00,0.83755,0.83758,2.999999999997449e-05,0.011999999999990052,2024-11-25 00:00,False,2024-11-11 00:00,2024-11-24 23:59
ALL,EURGBP,short,W,H4,2024-11-11 00:00,2024-11-18 00:00,0.83508,0.83758,0.0024999999999999467,0.83592,0.83758,2024-11-19 18:00,2024-11-19 22:00,0.83573,0.83586,0.0001300000000000745,0.05200000000003091,2024-11-25 00:00,False,2024-11-11 00:00,2024-11-24 23:59
ALL,EURGBP,short,W,H4,2024-12-09 00:00,2024-12-16 00:00,0.831,0.83278,0.0017800000000000038,0.8323,0.83278,2024-12-15 22:00,2024-12-16 02:00,0.83258,0.83278,0.00019999999999997797,0.11235955056178513,2024-12-23 00:00,False,2024-12-09 00:00,2024-12-22 23:59
ALL,EURJPY,long,W,H4,2024-06-10 00:00,2024-06-17 00:00,167.52,168.525,1.0049999999999955,167.52,167.958,2024-06-14 09:00,2024-06-14 13:00,167.52,167.658,0.1379999999999768,0.13731343283579844,2024-07-22 00:00,False,2024-06-10 00:00,2024-06-23 23:59
ALL,EURJPY,long,W,H4,2024-07-29 00:00,2024-08-05 00:00,154.414,159.94,5.5260000000000105,154.414,159.7,2024-08-05 05:00,2024-08-05 09:00,154.414,155.176,0.7620000000000005,0.13789359391965236,2024-08-12 00:00,False,2024-07-29 00:00,2024-08-11 23:59
ALL,EURJPY,long,W,H4,2024-07-29 00:00,2024-08-05 00:00,154.414,159.94,5.5260000000000105,154.414,159.7,2024-08-06 09:00,2024-08-06 13:00,157.296,157.523,0.22700000000000387,0.04107853782120945,2024-08-12 00:00,False,2024-07-29 00:00,2024-08-11 23:59
ALL,EURJPY,long,W,H4,2024-07-29 00:00,2024-08-05 00:00,154.414,159.94,5.5260000000000105,154.414,159.7,2024-08-06 17:00,2024-08-06 21:00,157.57,157.671,0.10099999999999909,0.01827723488961254,2024-08-12 00:00,False,2024-07-29 00:00,2024-08-11 23:59
ALL,EURJPY,long,W,H4,2024-08-19 00:00,2024-08-26 00:00,160.024,161.403,1.3789999999999907,160.024,160.418,2024-08-29 21:00,2024-08-30 01:00,160.192,160.316,0.12399999999999523,0.08992023205220889,2024-09-02 00:00,False,2024-08-19 00:00,2024-09-01 23:59
ALL,EURJPY,long,W,H4,2024-09-23 00:00,2024-09-30 00:00,158.102,158.716,0.6140000000000043,158.102,158.564,2024-10-01 13:00,2024-10-01 17:00,158.374,158.422,0.04800000000000182,0.07817589576547472,2024-11-25 00:00,False,2024-09-23 00:00,2024-10-06 23:59
ALL,EURJPY,long,W,H4,2024-10-14 00:00,2024-10-21 00:00,161.848,162.419,0.570999999999998,161.848,161.998,2024-10-21 01:00,2024-10-21 05:00,161.998,162.054,0.056000000000011596,0.09807355516639545,2024-11-11 00:00,False,2024-10-14 00:00,2024-10-27 23:59
ALL,EURJPY,long,W,H4,2024-11-25 00:00,2024-12-02 00:00,156.18,158.117,1.9369999999999834,156.18,158.036,2024-12-05 02:00,2024-12-05 06:00,157.562,157.69,0.1279999999999859,0.06608156943726742,2024-12-09 00:00,False,2024-11-25 00:00,2024-12-08 23:59
ALL,EURJPY,short,W,H4,2024-08-12 00:00,2024-08-19 00:00,162.75,163.894,1.1440000000000055,163.214,163.894,2024-08-15 17:00,2024-08-15 21:00,163.874,163.894,0.020000000000010232,0.01748251748252634,2024-09-02 00:00,False,2024-08-12 00:00,2024-08-25 23:59
ALL,EURJPY,short,W,H4,2024-08-12 00:00,2024-08-19 00:00,162.75,163.894,1.1440000000000055,163.214,163.894,2024-08-22 09:00,2024-08-22 13:00,162.866,162.93,0.06399999999999295,0.05594405594404952,2024-09-02 00:00,False,2024-08-12 00:00,2024-08-25 23:59
ALL,EURJPY,short,W,H4,2024-08-26 00:00,2024-09-02 00:00,161.424,162.896,1.47199999999998,162.178,162.896,2024-09-02 21:00,2024-09-03 01:00,162.758,162.798,0.03999999999999204,0.027173913043473222,2024-09-23 00:00,False,2024-08-26 00:00,2024-09-08 23:59
ALL,EURJPY,short,W,H4,2024-09-30 00:00,2024-10-07 00:00,163.121,163.612,0.49099999999998545,163.374,163.612,2024-10-10 01:00,2024-10-10 05:00,163.554,163.612,0.057999999999992724,0.1181262729124123,2024-10-14 00:00,False,2024-09-30 00:00,2024-10-13 23:59
ALL,EURJPY,short,W,H4,2024-09-30 00:00,2024-10-07 00:00,163.121,163.612,0.49099999999998545,163.374,163.612,2024-10-11 17:00,2024-10-13 21:00,163.189,163.247,0.058000000000021146,0.11812627291247019,2024-10-14 00:00,False,2024-09-30 00:00,2024-10-13 23:59
ALL,EURNZD,long,W,H4,2024-08-05 00:00,2024-08-12 00:00,1.80696,1.8202,0.01324000000000014,1.80696,1.8096,2024-08-13 21:00,2024-08-14 01:00,1.80724,1.80768,0.00043999999999999595,0.03323262839879088,2024-08-19 00:00,False,2024-08-05 00:00,2024-08-18 23:59
ALL,EURNZD,long,W,H4,2024-08-26 00:00,2024-09-02 00:00,1.76522,1.76992,0.0046999999999999265,1.76522,1.76678,2024-08-29 05:00,2024-08-29 09:00,1.76522,1.76556,0.00034000000000000696,0.07234042553191751,2024-09-23 00:00,False,2024-08-26 00:00,2024-09-08 23:59
ALL,EURNZD,long,W,H4,2024-08-26 00:00,2024-09-02 00:00,1.76522,1.76992,0.0046999999999999265,1.76522,1.76678,2024-08-29 21:00,2024-08-30 01:00,1.76598,1.76666,0.0006799999999997919,0.14468085106378778,2024-09-23 00:00,False,2024-08-26 00:00,2024-09-08 23:59
ALL,EURNZD,long,W,H4,2024-09-23 00:00,2024-09-30 00:00,1.74902,1.7612,0.01218000000000008,1.74902,1.75594,2024-09-30 13:00,2024-09-30 17:00,1.74902,1.74912,9.999999999998899e-05,0.00821018062397277,,True,2024-09-23 00:00,2024-10-06 23:59
ALL,EURNZD,long,W,H4,2024-09-23 00:00,2024-09-30 00:00,1.74902,1.7612,0.01218000000000008,1.74902,1.75594,2024-10-02 09:00,2024-10-02 13:00,1.75896,1.76002,0.0010599999999998388,0.08702791461410771,,True,2024-09-23 00:00,2024-10-06 23:59
ALL,EURNZD,long,W,H4,2024-11-25 00:00,2024-12-02 00:00,1.77878,1.78796,0.009179999999999966,1.77878,1.78108,2024-12-02 06:00,2024-12-02 10:00,1.77878,1.77884,5.999999999994898e-05,0.006535947712412767,,True,2024-11-25 00:00,2024-12-08 23:59
ALL,EURNZD,long,W,H4,2024-11-25 00:00,2024-12-02 00:00,1.77878,1.78796,0.009179999999999966,1.77878,1.78108,2024-12-03 18:00,2024-12-03 22:00,1.78591,1.7867,0.0007899999999998464,0.08605664488015788,,True,2024-11-25 00:00,2024-12-08 23:59
ALL,EURNZD,short,W,H4,2024-07-22 00:00,2024-07-29 00:00,1.84322,1.84533,0.0021099999999998342,1.84514,1.84533,2024-07-29 01:00,2024-07-29 05:00,1.84519,1.84533,0.00013999999999980695,0.06635071090038765,2024-08-05 00:00,False,2024-07-22 00:00,2024-08-04 23:59
ALL,EURNZD,short,W,H4,2024-08-12 00:00,2024-08-19 00:00,1.8235,1.83936,0.015860000000000207,1.82402,1.83936,2024-08-14 21:00,2024-08-15 01:00,1.8377,1.83936,0.0016600000000002169,0.10466582597731369,2024-10-28 00:00,False,2024-08-12 00:00,2024-08-25 23:59
ALL,EURNZD,short,W,H4,2024-08-12 00:00,2024-08-19 00:00,1.8235,1.83936,0.015860000000000207,1.82402,1.83936,2024-08-16 09:00,2024-08-16 13:00,1.82605,1.8268,0.0007500000000000284,0.04728877679697469,2024-10-28 00:00,False,2024-08-12 00:00,2024-08-25 23:59
ALL,EURNZD,short,W,H4,2024-10-07 00:00,2024-10-14 00:00,1.79375,1.80801,0.01425999999999994,1.80178,1.80801,2024-10-09 09:00,2024-10-09 13:00,1.80721,1.80801,0.0007999999999999119,0.056100981767174984,2024-10-21 00:00,False,2024-10-07 00:00,2024-10-20 23:59
ALL,EURNZD,short,W,H4,2024-10-07 00:00,2024-10-14 00:00,1.79375,1.80801,0.01425999999999994,1.80178,1.80801,2024-10-15 21:00,2024-10-16 01:00,1.79972,1.80178,0.0020599999999999508,0.14446002805048805,2024-10-21 00:00,False,2024-10-07 00:00,2024-10-20 23:59
ALL,EURNZD,short,W,H4,2024-10-07 00:00,2024-10-14 00:00,1.79375,1.80801,0.01425999999999994,1.80178,1.80801,2024-10-16 09:00,2024-10-16 13:00,1.79524,1.79615,0.0009099999999999664,0.06381486676016622,2024-10-21 00:00,False,2024-10-07 00:00,2024-10-20 23:59
ALL,EURNZD,short,W,H4,2024-10-28 00:00,2024-11-04 00:00,1.81294,1.82754,0.014599999999999946,1.82336,1.82754,2024-10-31 21:00,2024-11-01 01:00,1.8242,1.82461,0.00041000000000002146,0.028082191780823492,2024-12-02 00:00,False,2024-10-28 00:00,2024-11-10 23:59
ALL,EURNZD,short,W,H4,2024-10-28 00:00,2024-11-04 00:00,1.81294,1.82754,0.014599999999999946,1.82336,1.82754,2024-11-05 14:00,2024-11-05 18:00,1.8219,1.82336,0.0014600000000000168,0.10000000000000152,2024-12-02 00:00,False,2024-10-28 00:00,2024-11-10 23:59
ALL,EURUSD,long,W,H4,2024-06-17 00:00,2024-06-24 00:00,1.0666,1.06891,0.0023100000000000342,1.0666,1.0671,2024-06-26 21:00,2024-06-27 01:00,1.0677,1.06778,7.999999999985796e-05,0.03463203463197263,2024-11-04 00:00,False,2024-06-17 00:00,2024-06-30 23:59
ALL,EURUSD,long,W,H4,2024-06-17 00:00,2024-06-24 00:00,1.0666,1.06891,0.0023100000000000342,1.0666,1.0671,2024-06-28 01:00,2024-06-28 05:00,1.06855,1.06861,5.999999999994898e-05,0.025974025974003504,2024-11-04 00:00,False,2024-06-17 00:00,2024-06-30 23:59
ALL,EURUSD,long,W,H4,2024-07-22 00:00,2024-07-29 00:00,1.07774,1.08592,0.008180000000000076,1.07774,1.08256,2024-08-01 21:00,2024-08-02 01:00,1.07818,1.07846,0.000280000000000058,0.034229828850862516,2024-10-14 00:00,False,2024-07-22 00:00,2024-08-04 23:59
ALL,EURUSD,long,W,H4,2024-08-05 00:00,2024-08-12 00:00,1.08814,1.09171,0.003569999999999851,1.08814,1.09102,2024-08-09 09:00,2024-08-09 13:00,1.0909,1.09098,8.000000000008001e-05,0.02240896358545752,2024-10-07 00:00,False,2024-08-05 00:00,2024-08-18 23:59
ALL,EURUSD,long,W,H4,2024-09-09 00:00,2024-09-16 00:00,1.1002,1.10802,0.007819999999999938,1.1002,1.10686,2024-09-12 05:00,2024-09-12 09:00,1.10055,1.10097,0.00042000000000008697,0.05370843989770976,2024-09-30 00:00,False,2024-09-09 00:00,2024-09-22 23:59
ALL,EURUSD,long,W,H4,2024-09-09 00:00,2024-09-16 00:00,1.1002,1.10802,0.007819999999999938,1.1002,1.10686,2024-09-18 21:00,2024-09-19 01:00,1.10686,1.1079,0.001040000000000152,0.13299232736574937,2024-09-30 00:00,False,2024-09-09 00:00,2024-09-22 23:59
ALL,EURUSD,long,W,H4,2024-10-21 00:00,2024-10-28 00:00,1.07612,1.0794,0.0032799999999999496,1.07612,1.0769,2024-10-29 09:00,2024-10-29 13:00,1.0769,1.0772,0.00029999999999996696,0.09146341463413768,2024-11-04 00:00,False,2024-10-21 00:00,2024-11-03 23:59
ALL,EURUSD,long,W,H4,2024-11-18 00:00,2024-11-25 00:00,1.03319,1.04786,0.01466999999999996,1.03319,1.0425,2024-11-25 22:00,2024-11-26 02:00,1.0425,1.04512,0.0026200000000000667,0.17859577368780324,2024-12-02 00:00,False,2024-11-18 00:00,2024-12-01 23:59
ALL,EURUSD,long,W,H4,2024-11-18 00:00,2024-11-25 00:00,1.03319,1.04786,0.01466999999999996,1.03319,1.0425,2024-11-26 14:00,2024-11-26 18:00,1.04573,1.04636,0.0006299999999999084,0.04294478527606749,2024-12-02 00:00,False,2024-11-18 00:00,2024-12-01 23:59
ALL,EURUSD,long,W,H4,2024-11-18 00:00,2024-11-25 00:00,1.03319,1.04786,0.01466999999999996,1.03319,1.0425,2024-11-27 02:00,2024-11-27 06:00,1.04744,1.04754,9.999999999998899e-05,0.006816632583503016,2024-12-02 00:00,False,2024-11-18 00:00,2024-12-01 23:59
ALL,EURUSD,short,W,H4,2024-07-08 00:00,2024-07-15 00:00,1.08854,1.09482,0.006279999999999841,1.09114,1.09482,2024-07-17 09:00,2024-07-17 13:00,1.0945,1.09482,0.00031999999999987594,0.050955414012720385,2024-07-22 00:00,False,2024-07-08 00:00,2024-07-21 23:59
ALL,EURUSD,short,W,H4,2024-07-08 00:00,2024-07-15 00:00,1.08854,1.09482,0.006279999999999841,1.09114,1.09482,2024-07-17 17:00,2024-07-17 21:00,1.09402,1.0941,8.000000000008001e-05,0.012738853503197775,2024-07-22 00:00,False,2024-07-08 00:00,2024-07-21 23:59
ALL,EURUSD,short,W,H4,2024-07-29 00:00,2024-08-05 00:00,1.09213,1.10089,0.008759999999999879,1.09267,1.10089,2024-08-05 09:00,2024-08-05 13:00,1.10034,1.10089,0.0005499999999998284,0.06278538812783516,2024-08-12 00:00,False,2024-07-29 00:00,2024-08-11 23:59
ALL,EURUSD,short,W,H4,2024-07-29 00:00,2024-08-05 00:00,1.09213,1.10089,0.008759999999999879,1.09267,1.10089,2024-08-05 21:00,2024-08-06 01:00,1.0963,1.09631,9.999999999843467e-06,0.001141552511397672,2024-08-12 00:00,False,2024-07-29 00:00,2024-08-11 23:59
ALL,EURUSD,short,W,H4,2024-07-29 00:00,2024-08-05 00:00,1.09213,1.10089,0.008759999999999879,1.09267,1.10089,2024-08-08 05:00,2024-08-08 09:00,1.09397,1.09452,0.0005499999999998284,0.06278538812783516,2024-08-12 00:00,False,2024-07-29 00:00,2024-08-11 23:59
ALL,EURUSD,short,W,H4,2024-07-29 00:00,2024-08-05 00:00,1.09213,1.10089,0.008759999999999879,1.09267,1.10089,2024-08-09 13:00,2024-08-09 17:00,1.09236,1.09314,0.0007800000000000029,0.08904109589041252,2024-08-12 00:00,False,2024-07-29 00:00,2024-08-11 23:59
ALL,EURUSD,short,W,H4,2024-08-19 00:00,2024-08-26 00:00,1.11902,1.12017,0.0011500000000002064,1.12009,1.12017,2024-08-25 21:00,2024-08-26 01:00,1.12004,1.12017,0.00013000000000018552,0.1130434782610106,2024-09-23 00:00,False,2024-08-19 00:00,2024-09-01 23:59
ALL,EURUSD,short,W,H4,2024-09-02 00:00,2024-09-09 00:00,1.10827,1.11556,0.007290000000000019,1.1102,1.11556,2024-09-13 09:00,2024-09-13 13:00,1.11009,1.1102,0.0001100000000000545,0.015089163237318822,2024-09-16 00:00,False,2024-09-02 00:00,2024-09-15 23:59
ALL,EURUSD,short,W,H4,2024-11-25 00:00,2024-12-02 00:00,1.05687,1.063,0.006129999999999969,1.05973,1.063,2024-12-06 18:00,2024-12-08 22:00,1.05694,1.05697,2.999999999997449e-05,0.004893964110925717,2024-12-09 00:00,False,2024-11-25 00:00,2024-12-08 23:59
ALL,GBPAUD,long,W,H4,2024-09-30 00:00,2024-10-07 00:00,1.91254,1.93042,0.017880000000000118,1.91254,1.92428,2024-10-03 05:00,2024-10-03 09:00,1.91254,1.91258,4.0000000000040004e-05,0.0022371364653266074,2024-11-18 00:00,False,2024-09-30 00:00,2024-10-13 23:59
ALL,GBPAUD,long,W,H4,2024-09-30 00:00,2024-10-07 00:00,1.91254,1.93042,0.017880000000000118,1.91254,1.92428,2024-10-03 13:00,2024-10-03 17:00,1.91398,1.91592,0.0019400000000000528,0.1085011185682349,2024-11-18 00:00,False,2024-09-30 00:00,2024-10-13 23:59
ALL,GBPAUD,long,W,H4,2024-09-30 00:00,2024-10-07 00:00,1.91254,1.93042,0.017880000000000118,1.91254,1.92428,2024-10-03 21:00,2024-10-04 01:00,1.91608,1.91652,0.00043999999999999595,0.024608501118567844,2024-11-18 00:00,False,2024-09-30 00:00,2024-10-13 23:59
ALL,GBPAUD,long,W,H4,2024-09-30 00:00,2024-10-07 00:00,1.91254,1.93042,0.017880000000000118,1.91254,1.92428,2024-10-07 09:00,2024-10-07 13:00,1.92428,1.92688,0.0025999999999999357,0.14541387024608046,2024-11-18 00:00,False,2024-09-30 00:00,2024-10-13 23:59
ALL,GBPAUD,short,W,H4,2024-07-29 00:00,2024-08-05 00:00,1.96674,2.00402,0.0372800000000002,1.9811,2.00402,2024-08-05 09:00,2024-08-05 13:00,1.9808,1.9822,0.0014000000000000679,0.03755364806867115,2024-09-02 00:00,False,2024-07-29 00:00,2024-08-11 23:59
ALL,GBPAUD,short,W,H4,2024-08-19 00:00,2024-08-26 00:00,1.94513,1.95378,0.008650000000000047,1.95364,1.95378,2024-08-27 21:00,2024-08-28 01:00,1.95331,1.95378,0.00046999999999997044,0.054335260115603225,2024-09-02 00:00,False,2024-08-19 00:00,2024-09-01 23:59
ALL,GBPAUD,short,W,H4,2024-08-19 00:00,2024-08-26 00:00,1.94513,1.95378,0.008650000000000047,1.95364,1.95378,2024-08-28 09:00,2024-08-28 13:00,1.95004,1.95026,0.000220000000000109,0.025433526011573157,2024-09-02 00:00,False,2024-08-19 00:00,2024-09-01 23:59
ALL,GBPAUD,short,W,H4,2024-09-02 00:00,2024-09-09 00:00,1.96797,1.97016,0.0021899999999999142,1.96958,1.97016,2024-09-11 01:00,2024-09-11 05:00,1.97007,1.97016,8.999999999992347e-05,0.04109589041092557,2024-10-28 00:00,False,2024-09-02 00:00,2024-09-15 23:59
ALL,GBPCAD,long,W,H4,2024-08-05 00:00,2024-08-12 00:00,1.74088,1.75335,0.012469999999999981,1.74088,1.74992,2024-08-09 09:00,2024-08-09 13:00,1.74884,1.74933,0.0004900000000001015,0.039294306335212685,2024-11-18 00:00,False,2024-08-05 00:00,2024-08-18 23:59
ALL,GBPCAD,long,W,H4,2024-08-05 00:00,2024-08-12 00:00,1.74088,1.75335,0.012469999999999981,1.74088,1.74992,2024-08-12 05:00,2024-08-12 09:00,1.74992,1.75102,0.001100000000000101,0.08821170809944688,2024-11-18 00:00,False,2024-08-05 00:00,2024-08-18 23:59
ALL,GBPCAD,long,W,H4,2024-08-26 00:00,2024-09-02 00:00,1.76838,1.77168,0.0032999999999998586,1.76838,1.77064,2024-09-01 21:00,2024-09-02 01:00,1.77064,1.77088,0.00024000000000001798,0.07272727272728129,2024-09-09 00:00,False,2024-08-26 00:00,2024-09-08 23:59
ALL,GBPCAD,long,W,H4,2024-10-21 00:00,2024-10-28 00:00,1.78624,1.80106,0.014820000000000055,1.78624,1.78802,2024-10-23 21:00,2024-10-24 01:00,1.78624,1.78633,8.999999999992347e-05,0.006072874493921939,2024-11-04 00:00,False,2024-10-21 00:00,2024-11-03 23:59
ALL,GBPCAD,long,W,H4,2024-10-21 00:00,2024-10-28 00:00,1.78624,1.80106,0.014820000000000055,1.78624,1.78802,2024-10-31 13:00,2024-10-31 17:00,1.78802,1.78986,0.0018400000000000638,0.12415654520918062,2024-11-04 00:00,False,2024-10-21 00:00,2024-11-03 23:59
ALL,GBPCAD,long,W,H4,2024-10-21 00:00,2024-10-28 00:00,1.78624,1.80106,0.014820000000000055,1.78624,1.78802,2024-11-01 01:00,2024-11-01 05:00,1.79522,1.79579,0.0005699999999999594,0.03846153846153558,2024-11-04 00:00,False,2024-10-21 00:00,2024-11-03 23:59
ALL,GBPCAD,long,W,H4,2024-12-09 00:00,2024-12-16 00:00,1.79466,1.79526,0.000600000000000156,1.79466,1.79498,2024-12-13 14:00,2024-12-13 18:00,1.79466,1.79474,8.000000000008001e-05,0.13333333333343203,2024-12-30 00:00,False,2024-12-09 00:00,2024-12-22 23:59
ALL,GBPCAD,short,W,H4,2024-06-03 00:00,2024-06-10 00:00,1.75098,1.76054,0.009560000000000013,1.75382,1.76054,2024-06-13 05:00,2024-06-13 09:00,1.75799,1.75806,7.00000000000145e-05,0.00732217573221908,2024-07-08 00:00,False,2024-06-03 00:00,2024-06-16 23:59
ALL,GBPCAD,short,W,H4,2024-06-03 00:00,2024-06-10 00:00,1.75098,1.76054,0.009560000000000013,1.75382,1.76054,2024-06-13 17:00,2024-06-13 21:00,1.75449,1.7545,9.999999999843467e-06,0.0010460251045861354,2024-07-08 00:00,False,2024-06-03 00:00,2024-06-16 23:59
ALL,GBPCAD,short,W,H4,2024-07-22 00:00,2024-07-29 00:00,1.77954,1.78526,0.005720000000000169,1.78231,1.78526,2024-07-25 05:00,2024-07-25 09:00,1.78404,1.7845,0.00045999999999990493,0.08041958041956142,2024-08-19 00:00,False,2024-07-22 00:00,2024-08-04 23:59
ALL,GBPCAD,short,W,H4,2024-07-22 00:00,2024-07-29 00:00,1.77954,1.78526,0.005720000000000169,1.78231,1.78526,2024-07-29 17:00,2024-07-29 21:00,1.78202,1.78231,0.0002900000000001235,0.050699300699320785,2024-08-19 00:00,False,2024-07-22 00:00,2024-08-04 23:59
ALL,GBPCAD,short,W,H4,2024-07-22 00:00,2024-07-29 00:00,1.77954,1.78526,0.005720000000000169,1.78231,1.78526,2024-07-30 05:00,2024-07-30 09:00,1.7805,1.78076,0.00025999999999992696,0.045454545454531335,2024-08-19 00:00,False,2024-07-22 00:00,2024-08-04 23:59
ALL,GBPCAD,short,W,H4,2024-08-19 00:00,2024-08-26 00:00,1.78524,1.78692,0.0016800000000001258,1.7858,1.78692,2024-08-23 17:00,2024-08-25 21:00,1.78576,1.7858,4.0000000000040004e-05,0.02380952380954584,2024-09-09 00:00,False,2024-08-19 00:00,2024-09-01 23:59
ALL,GBPCAD,short,W,H4,2024-09-23 00:00,2024-09-30 00:00,1.80645,1.81462,0.00817000000000001,1.81008,1.81462,2024-09-30 05:00,2024-09-30 09:00,1.81428,1.81462,0.00034000000000000696,0.0416156670746642,2024-10-14 00:00,False,2024-09-23 00:00,2024-10-06 23:59
ALL,GBPCAD,short,W,H4,2024-10-14 00:00,2024-10-21 00:00,1.80088,1.81054,0.009660000000000002,1.80214,1.81054,2024-10-15 09:00,2024-10-15 13:00,1.80966,1.81054,0.0008799999999999919,0.09109730848861199,2024-10-28 00:00,False,2024-10-14 00:00,2024-10-27 23:59
ALL,GBPCAD,short,W,H4,2024-10-14 00:00,2024-10-21 00:00,1.80088,1.81054,0.009660000000000002,1.80214,1.81054,2024-10-25 13:00,2024-10-25 17:00,1.80186,1.80196,9.999999999998899e-05,0.010351966873704863,2024-10-28 00:00,False,2024-10-14 00:00,2024-10-27 23:59
ALL,GBPCAD,short,W,H4,2024-10-28 00:00,2024-11-04 00:00,1.80628,1.81512,0.008839999999999959,1.80676,1.81512,2024-10-31 05:00,2024-10-31 09:00,1.80886,1.8091,0.00024000000000001798,0.027149321266970484,2024-12-09 00:00,False,2024-10-28 00:00,2024-11-10 23:59
ALL,GBPCAD,short,W,H4,2024-10-28 00:00,2024-11-04 00:00,1.80628,1.81512,0.008839999999999959,1.80676,1.81512,2024-11-04 02:00,2024-11-04 06:00,1.80634,1.80676,0.0004199999999998649,0.04751131221717951,2024-12-09 00:00,False,2024-10-28 00:00,2024-11-10 23:59
ALL,GBPCAD,short,W,H4,2024-12-02 00:00,2024-12-09 00:00,1.80298,1.81158,0.008599999999999941,1.80455,1.81158,2024-12-11 10:00,2024-12-11 14:00,1.81144,1.81149,5.0000000000105516e-05,0.0058139534883844025,2024-12-16 00:00,False,2024-12-02 00:00,2024-12-15 23:59
ALL,GBPCAD,short,W,H4,2024-12-02 00:00,2024-12-09 00:00,1.80298,1.81158,0.008599999999999941,1.80455,1.81158,2024-12-12 22:00,2024-12-13 02:00,1.80342,1.80345,2.999999999997449e-05,0.0034883720930203137,2024-12-16 00:00,False,2024-12-02 00:00,2024-12-15 23:59
ALL,GBPCHF,long,W,H4,2024-06-10 00:00,2024-06-17 00:00,1.1219,1.12932,0.007420000000000204,1.1219,1.12763,2024-06-20 01:00,2024-06-20 05:00,1.12218,1.12318,0.001000000000000112,0.134770889487882,2024-06-24 00:00,False,2024-06-10 00:00,2024-06-23 23:59
ALL,GBPCHF,long,W,H4,2024-09-23 00:00,2024-09-30 00:00,1.11208,1.12406,0.011980000000000102,1.11208,1.1234,2024-10-04 01:00,2024-10-04 05:00,1.1167,1.11716,0.00045999999999990493,0.03839732888146085,2024-10-07 00:00,False,2024-09-23 00:00,2024-10-06 23:59
ALL,GBPCHF,long,W,H4,2024-10-07 00:00,2024-10-14 00:00,1.11524,1.12026,0.0050200000000000244,1.11524,1.11924,2024-10-10 13:00,2024-10-10 17:00,1.11636,1.11722,0.0008600000000000829,0.17131474103587227,2024-10-21 00:00,False,2024-10-07 00:00,2024-10-20 23:59
ALL,GBPCHF,long,W,H4,2024-10-07 00:00,2024-10-14 00:00,1.11524,1.12026,0.0050200000000000244,1.11524,1.11924,2024-10-11 01:00,2024-10-11 05:00,1.11814,1.11829,0.0001500000000000945,0.029880478087668083,2024-10-21 00:00,False,2024-10-07 00:00,2024-10-20 23:59
ALL,GBPCHF,long,W,H4,2024-10-28 00:00,2024-11-04 00:00,1.11074,1.1254,0.014659999999999895,1.11074,1.11682,2024-10-31 13:00,2024-10-31 17:00,1.11074,1.11232,0.0015799999999999148,0.10777626193723916,2024-11-11 00:00,False,2024-10-28 00:00,2024-11-10 23:59
ALL,GBPCHF,long,W,H4,2024-10-28 00:00,2024-11-04 00:00,1.11074,1.1254,0.014659999999999895,1.11074,1.11682,2024-10-31 21:00,2024-11-01 01:00,1.11322,1.11336,0.00013999999999980695,0.009549795361514866,2024-11-11 00:00,False,2024-10-28 00:00,2024-11-10 23:59
ALL,GBPCHF,long,W,H4,2024-10-28 00:00,2024-11-04 00:00,1.11074,1.1254,0.014659999999999895,1.11074,1.11682,2024-11-04 14:00,2024-11-04 18:00,1.11682,1.11792,0.001100000000000101,0.07503410641201287,2024-11-11 00:00,False,2024-10-28 00:00,2024-11-10 23:59
ALL,GBPCHF,long,W,H4,2024-10-28 00:00,2024-11-04 00:00,1.11074,1.1254,0.014659999999999895,1.11074,1.11682,2024-11-05 06:00,2024-11-05 10:00,1.11844,1.11853,8.999999999992347e-05,0.006139154160977088,2024-11-11 00:00,False,2024-10-28 00:00,2024-11-10 23:59
ALL,GBPCHF,long,W,H4,2024-10-28 00:00,2024-11-04 00:00,1.11074,1.1254,0.014659999999999895,1.11074,1.11682,2024-11-06 02:00,2024-11-06 06:00,1.12186,1.12187,9.999999999843467e-06,0.0006821282400984679,2024-11-11 00:00,False,2024-10-28 00:00,2024-11-10 23:59
ALL,GBPCHF,short,W,H4,2024-09-30 00:00,2024-10-07 00:00,1.12599,1.13392,0.007929999999999993,1.12781,1.13392,2024-10-01 01:00,2024-10-01 05:00,1.1326,1.13392,0.0013199999999999878,0.1664564943253454,2024-10-14 00:00,False,2024-09-30 00:00,2024-10-13 23:59
ALL,GBPCHF,short,W,H4,2024-09-30 00:00,2024-10-07 00:00,1.12599,1.13392,0.007929999999999993,1.12781,1.13392,2024-10-02 09:00,2024-10-02 13:00,1.12902,1.12951,0.0004900000000001015,0.06179066834805825,2024-10-14 00:00,False,2024-09-30 00:00,2024-10-13 23:59
ALL,GBPCHF,short,W,H4,2024-09-30 00:00,2024-10-07 00:00,1.12599,1.13392,0.007929999999999993,1.12781,1.13392,2024-10-02 21:00,2024-10-03 01:00,1.12824,1.12836,0.00012000000000012001,0.015132408575046673,2024-10-14 00:00,False,2024-09-30 00:00,2024-10-13 23:59
ALL,GBPCHF,short,W,H4,2024-09-30 00:00,2024-10-07 00:00,1.12599,1.13392,0.007929999999999993,1.12781,1.13392,2024-10-06 21:00,2024-10-07 01:00,1.12702,1.12781,0.0007900000000000684,0.09962168978563293,2024-10-14 00:00,False,2024-09-30 00:00,2024-10-13 23:59
ALL,GBPCHF,short,W,H4,2024-10-14 00:00,2024-10-21 00:00,1.12831,1.13198,0.003670000000000062,1.1293,1.13198,2024-10-20 21:00,2024-10-21 01:00,1.12886,1.1293,0.00043999999999999595,0.11989100817438379,2024-10-28 00:00,False,2024-10-14 00:00,2024-10-27 23:59
ALL,GBPCHF,short,W,H4,2024-11-04 00:00,2024-11-11 00:00,1.13162,1.13506,0.0034399999999998876,1.13412,1.13506,2024-11-07 10:00,2024-11-07 14:00,1.13441,1.13506,0.0006500000000000394,0.18895348837211065,2024-12-09 00:00,False,2024-11-04 00:00,2024-11-17 23:59
ALL,GBPCHF,short,W,H4,2024-11-04 00:00,2024-11-11 00:00,1.13162,1.13506,0.0034399999999998876,1.13412,1.13506,2024-11-11 06:00,2024-11-11 10:00,1.13408,1.13412,4.0000000000040004e-05,0.011627906976756195,2024-12-09 00:00,False,2024-11-04 00:00,2024-11-17 23:59
ALL,GBPCHF,short,W,H4,2024-11-04 00:00,2024-11-11 00:00,1.13162,1.13506,0.0034399999999998876,1.13412,1.13506,2024-11-11 22:00,2024-11-12 02:00,1.1338,1.13402,0.000220000000000109,0.0639534883721268,2024-12-09 00:00,False,2024-11-04 00:00,2024-11-17 23:59
ALL,GBPCHF,short,W,H4,2024-11-04 00:00,2024-11-11 00:00,1.13162,1.13506,0.0034399999999998876,1.13412,1.13506,2024-11-12 06:00,2024-11-12 10:00,1.13205,1.1321,5.0000000000105516e-05,0.014534883720961381,2024-12-09 00:00,False,2024-11-04 00:00,2024-11-17 23:59
ALL,GBPCHF,short,W,H4,2024-12-09 00:00,2024-12-16 00:00,1.12672,1.13954,0.012820000000000054,1.13504,1.13954,2024-12-17 06:00,2024-12-17 10:00,1.13946,1.13954,8.000000000008001e-05,0.006240249609990614,2024-12-23 00:00,False,2024-12-09 00:00,2024-12-22 23:59
ALL,GBPCHF,short,W,H4,2024-12-09 00:00,2024-12-16 00:00,1.12672,1.13954,0.012820000000000054,1.13504,1.13954,2024-12-19 06:00,2024-12-19 10:00,1.13492,1.13596,0.001040000000000152,0.0811232449298087,2024-12-23 00:00,False,2024-12-09 00:00,2024-12-22 23:59
ALL,GBPJPY,long,W,H4,2024-06-03 00:00,2024-06-10 00:00,197.206,199.403,2.1970000000000027,197.206,198.928,2024-06-04 17:00,2024-06-04 21:00,197.663,197.678,0.014999999999986358,0.0068274920345864085,2024-06-17 00:00,False,2024-06-03 00:00,2024-06-16 23:59
ALL,GBPJPY,long,W,H4,2024-06-03 00:00,2024-06-10 00:00,197.206,199.403,2.1970000000000027,197.206,198.928,2024-06-07 05:00,2024-06-07 09:00,198.399,198.645,0.24600000000000932,0.11197086936732317,2024-06-17 00:00,False,2024-06-03 00:00,2024-06-16 23:59
ALL,GBPJPY,long,W,H4,2024-06-03 00:00,2024-06-10 00:00,197.206,199.403,2.1970000000000027,197.206,198.928,2024-06-14 09:00,2024-06-14 13:00,198.928,199.201,0.27299999999999613,0.12426035502958388,2024-06-17 00:00,False,2024-06-03 00:00,2024-06-16 23:59
ALL,GBPJPY,long,W,H4,2024-08-05 00:00,2024-08-12 00:00,180.102,186.973,6.871000000000009,180.102,186.973,2024-08-05 09:00,2024-08-05 13:00,180.698,181.399,0.7009999999999934,0.10202299519720455,2024-09-02 00:00,False,2024-08-05 00:00,2024-08-18 23:59
ALL,GBPJPY,long,W,H4,2024-08-05 00:00,2024-08-12 00:00,180.102,186.973,6.871000000000009,180.102,186.973,2024-08-06 17:00,2024-08-06 21:00,182.984,183.09,0.10599999999999454,0.0154271576189775,2024-09-02 00:00,False,2024-08-05 00:00,2024-08-18 23:59
ALL,GBPJPY,long,W,H4,2024-08-05 00:00,2024-08-12 00:00,180.102,186.973,6.871000000000009,180.102,186.973,2024-08-09 09:00,2024-08-09 13:00,186.476,186.567,0.09100000000000819,0.013244069276671235,2024-09-02 00:00,False,2024-08-05 00:00,2024-08-18 23:59
ALL,GBPJPY,long,W,H4,2024-08-19 00:00,2024-08-26 00:00,188.238,190.638,2.4000000000000057,188.238,189.504,2024-08-20 17:00,2024-08-20 21:00,188.939,189.232,0.29300000000000637,0.1220833333333357,2024-09-02 00:00,False,2024-08-19 00:00,2024-09-01 23:59
ALL,GBPJPY,long,W,H4,2024-08-19 00:00,2024-08-26 00:00,188.238,190.638,2.4000000000000057,188.238,189.504,2024-08-26 05:00,2024-08-26 09:00,189.504,189.798,0.29400000000001114,0.12250000000000436,2024-09-02 00:00,False,2024-08-19 00:00,2024-09-01 23:59
ALL,GBPJPY,long,W,H4,2024-08-19 00:00,2024-08-26 00:00,188.238,190.638,2.4000000000000057,188.238,189.504,2024-08-29 05:00,2024-08-29 09:00,190.316,190.454,0.13800000000000523,0.05750000000000204,2024-09-02 00:00,False,2024-08-19 00:00,2024-09-01 23:59
ALL,GBPJPY,long,W,H4,2024-08-19 00:00,2024-08-26 00:00,188.238,190.638,2.4000000000000057,188.238,189.504,2024-08-29 21:00,2024-08-30 01:00,190.491,190.498,0.0069999999999765805,0.0029166666666569016,2024-09-02 00:00,False,2024-08-19 00:00,2024-09-01 23:59
ALL,GBPJPY,long,W,H4,2024-10-07 00:00,2024-10-14 00:00,192.888,194.822,1.9339999999999975,192.888,193.704,2024-10-17 01:00,2024-10-17 05:00,193.832,194.055,0.2230000000000132,0.11530506721820759,2024-10-21 00:00,False,2024-10-07 00:00,2024-10-20 23:59
ALL,GBPJPY,short,W,H4,2024-07-01 00:00,2024-07-08 00:00,205.721,208.12,2.399000000000001,206.452,208.12,2024-07-11 05:00,2024-07-11 09:00,208.108,208.12,0.012000000000000455,0.005002084201750917,2024-07-15 00:00,False,2024-07-01 00:00,2024-07-14 23:59
ALL,GBPJPY,short,W,H4,2024-07-01 00:00,2024-07-08 00:00,205.721,208.12,2.399000000000001,206.452,208.12,2024-07-12 05:00,2024-07-12 09:00,206.022,206.338,0.3160000000000025,0.13172155064610352,2024-07-15 00:00,False,2024-07-01 00:00,2024-07-14 23:59
ALL,GBPJPY,short,W,H4,2024-08-26 00:00,2024-09-02 00:00,191.868,193.49,1.622000000000014,192.022,193.49,2024-09-02 21:00,2024-09-03 01:00,193.316,193.368,0.0519999999999925,0.03205918618988412,2024-09-16 00:00,False,2024-08-26 00:00,2024-09-08 23:59
ALL,GBPJPY,short,W,H4,2024-09-16 00:00,2024-09-23 00:00,191.683,195.974,4.290999999999997,191.996,195.974,2024-09-27 01:00,2024-09-27 05:00,195.176,195.974,0.7980000000000018,0.185970636215335,2024-09-30 00:00,False,2024-09-16 00:00,2024-09-29 23:59
ALL,GBPNZD,long,W,H4,2024-08-05 00:00,2024-08-12 00:00,2.10999,2.12755,0.01756000000000002,2.10999,2.11408,2024-08-07 05:00,2024-08-07 09:00,2.10999,2.11044,0.0004500000000002835,0.025626423690221126,2024-08-19 00:00,False,2024-08-05 00:00,2024-08-18 23:59
ALL,GBPNZD,long,W,H4,2024-08-05 00:00,2024-08-12 00:00,2.10999,2.12755,0.01756000000000002,2.10999,2.11408,2024-08-13 21:00,2024-08-14 01:00,2.11463,2.11546,0.0008300000000001084,0.047266514806384254,2024-08-19 00:00,False,2024-08-05 00:00,2024-08-18 23:59
ALL,GBPNZD,long,W,H4,2024-08-26 00:00,2024-09-02 00:00,2.09822,2.10346,0.0052400000000001334,2.09822,2.09968,2024-08-29 01:00,2024-08-29 05:00,2.09822,2.09888,0.0006599999999998829,0.1259541984732569,2024-09-30 00:00,False,2024-08-26 00:00,2024-09-08 23:59
ALL,GBPNZD,long,W,H4,2024-08-26 00:00,2024-09-02 00:00,2.09822,2.10346,0.0052400000000001334,2.09822,2.09968,2024-08-29 21:00,2024-08-30 01:00,2.09893,2.09906,0.00012999999999996348,0.02480916030533591,2024-09-30 00:00,False,2024-08-26 00:00,2024-09-08 23:59
ALL,GBPNZD,long,W,H4,2024-09-23 00:00,2024-09-30 00:00,2.10028,2.11036,0.010079999999999867,2.10028,2.10584,2024-09-30 13:00,2024-09-30 17:00,2.10157,2.10258,0.0010099999999999554,0.1001984126984096,,True,2024-09-23 00:00,2024-10-06 23:59
ALL,GBPNZD,long,W,H4,2024-10-28 00:00,2024-11-04 00:00,2.15258,2.1615,0.008920000000000261,2.15258,2.15558,2024-11-07 18:00,2024-11-07 22:00,2.15258,2.15418,0.0016000000000002679,0.17937219730944182,2024-11-11 00:00,False,2024-10-28 00:00,2024-11-10 23:59
ALL,GBPNZD,long,W,H4,2024-10-28 00:00,2024-11-04 00:00,2.15258,2.1615,0.008920000000000261,2.15258,2.15558,2024-11-08 06:00,2024-11-08 10:00,2.15614,2.15624,9.999999999976694e-05,0.01121076233181211,2024-11-11 00:00,False,2024-10-28 00:00,2024-11-10 23:59
ALL,GBPNZD,long,W,H4,2024-11-25 00:00,2024-12-02 00:00,2.13626,2.15326,0.016999999999999904,2.13626,2.14814,2024-11-27 06:00,2024-11-27 10:00,2.13626,2.1389,0.0026399999999999757,0.15529411764705828,,True,2024-11-25 00:00,2024-12-08 23:59
ALL,GBPNZD,long,W,H4,2024-11-25 00:00,2024-12-02 00:00,2.13626,2.15326,0.016999999999999904,2.13626,2.14814,2024-11-29 10:00,2024-11-29 14:00,2.14198,2.14394,0.0019599999999999618,0.11529411764705723,,True,2024-11-25 00:00,2024-12-08 23:59
ALL,GBPNZD,long,W,H4,2024-11-25 00:00,2024-12-02 00:00,2.13626,2.15326,0.016999999999999904,2.13626,2.14814,2024-12-03 06:00,2024-12-03 10:00,2.14878,2.14945,0.0006699999999999484,0.039411764705879544,,True,2024-11-25 00:00,2024-12-08 23:59
ALL,GBPNZD,short,W,H4,2024-06-03 00:00,2024-06-10 00:00,2.0842,2.0861,0.0019000000000000128,2.08472,2.0861,2024-06-09 21:00,2024-06-10 01:00,2.086,2.0861,0.00010000000000021103,0.052631578947479135,2024-06-24 00:00,False,2024-06-03 00:00,2024-06-16 23:59
ALL,GBPNZD,short,W,H4,2024-10-21 00:00,2024-10-28 00:00,2.16798,2.18434,0.016360000000000152,2.16967,2.18434,2024-10-30 01:00,2024-10-30 05:00,2.18284,2.18434,0.0015000000000000568,0.09168704156479479,2024-11-04 00:00,False,2024-10-21 00:00,2024-11-03 23:59
ALL,GBPNZD,short,W,H4,2024-11-04 00:00,2024-11-11 00:00,2.16427,2.17788,0.0136099999999999,2.16734,2.17788,2024-11-14 22:00,2024-11-15 02:00,2.16536,2.16734,0.0019799999999996487,0.14548126377661008,2024-12-02 00:00,False,2024-11-04 00:00,2024-11-17 23:59
ALL,GBPUSD,long,W,H4,2024-06-17 00:00,2024-06-24 00:00,1.26128,1.26418,0.0029000000000001247,1.26128,1.26222,2024-06-26 21:00,2024-06-27 01:00,1.26128,1.26144,0.00015999999999993797,0.05517241379307969,2024-07-01 00:00,False,2024-06-17 00:00,2024-06-30 23:59
ALL,GBPUSD,long,W,H4,2024-08-05 00:00,2024-08-12 00:00,1.2665,1.27662,0.010120000000000129,1.2665,1.27468,2024-08-08 09:00,2024-08-08 13:00,1.2665,1.26758,0.0010799999999999699,0.10671936758892847,2024-11-11 00:00,False,2024-08-05 00:00,2024-08-18 23:59
ALL,GBPUSD,long,W,H4,2024-08-05 00:00,2024-08-12 00:00,1.2665,1.27662,0.010120000000000129,1.2665,1.27468,2024-08-09 09:00,2024-08-09 13:00,1.27262,1.27312,0.0004999999999999449,0.04940711462449986,2024-11-11 00:00,False,2024-08-05 00:00,2024-08-18 23:59
ALL,GBPUSD,long,W,H4,2024-08-05 00:00,2024-08-12 00:00,1.2665,1.27662,0.010120000000000129,1.2665,1.27468,2024-08-12 13:00,2024-08-12 17:00,1.27555,1.27571,0.00015999999999993797,0.015810276679835568,2024-11-11 00:00,False,2024-08-05 00:00,2024-08-18 23:59
ALL,GBPUSD,long,W,H4,2024-08-05 00:00,2024-08-12 00:00,1.2665,1.27662,0.010120000000000129,1.2665,1.27468,2024-08-12 21:00,2024-08-13 01:00,1.27624,1.27644,0.00019999999999997797,0.019762845849799943,2024-11-11 00:00,False,2024-08-05 00:00,2024-08-18 23:59
ALL,GBPUSD,long,W,H4,2024-09-09 00:00,2024-09-16 00:00,1.3002,1.31248,0.012280000000000069,1.3002,1.31217,2024-09-12 05:00,2024-09-12 09:00,1.30328,1.30374,0.00045999999999990493,0.0374592833876142,2024-09-30 00:00,False,2024-09-09 00:00,2024-09-22 23:59
ALL,GBPUSD,long,W,H4,2024-09-09 00:00,2024-09-16 00:00,1.3002,1.31248,0.012280000000000069,1.3002,1.31217,2024-09-13 17:00,2024-09-15 21:00,1.31178,1.31217,0.0003900000000001125,0.031758957654732106,2024-09-30 00:00,False,2024-09-09 00:00,2024-09-22 23:59
ALL,GBPUSD,long,W,H4,2024-11-18 00:00,2024-11-25 00:00,1.24872,1.25908,0.010359999999999925,1.24872,1.25072,2024-11-22 06:00,2024-11-22 10:00,1.24872,1.24924,0.0005199999999998539,0.05019305019303646,2024-12-16 00:00,False,2024-11-18 00:00,2024-12-01 23:59
ALL,GBPUSD,long,W,H4,2024-11-18 00:00,2024-11-25 00:00,1.24872,1.25908,0.010359999999999925,1.24872,1.25072,2024-11-25 22:00,2024-11-26 02:00,1.25072,1.25244,0.0017199999999999438,0.1660231660231618,2024-12-16 00:00,False,2024-11-18 00:00,2024-12-01 23:59
ALL,GBPUSD,long,W,H4,2024-11-18 00:00,2024-11-25 00:00,1.24872,1.25908,0.010359999999999925,1.24872,1.25072,2024-11-26 14:00,2024-11-26 18:00,1.25248,1.25312,0.0006399999999999739,0.06177606177605971,2024-12-16 00:00,False,2024-11-18 00:00,2024-12-01 23:59
ALL,GBPUSD,long,W,H4,2024-11-18 00:00,2024-11-25 00:00,1.24872,1.25908,0.010359999999999925,1.24872,1.25072,2024-11-27 02:00,2024-11-27 06:00,1.25668,1.25672,4.0000000000040004e-05,0.0038610038610077503,2024-12-16 00:00,False,2024-11-18 00:00,2024-12-01 23:59
ALL,GBPUSD,long,W,H4,2024-12-16 00:00,2024-12-23 00:00,1.24748,1.25669,0.009210000000000163,1.24748,1.25012,2024-12-20 02:00,2024-12-20 06:00,1.24748,1.24776,0.000280000000000058,0.03040173724213388,2024-12-30 00:00,False,2024-12-16 00:00,2024-12-29 23:59
ALL,GBPUSD,long,W,H4,2024-12-16 00:00,2024-12-23 00:00,1.24748,1.25669,0.009210000000000163,1.24748,1.25012,2024-12-27 06:00,2024-12-27 10:00,1.25052,1.25087,0.00034999999999985043,0.038002171552643245,2024-12-30 00:00,False,2024-12-16 00:00,2024-12-29 23:59
ALL,GBPUSD,long,W,H4,2024-12-16 00:00,2024-12-23 00:00,1.24748,1.25669,0.009210000000000163,1.24748,1.25012,2024-12-27 14:00,2024-12-27 18:00,1.25537,1.256,0.0006299999999999084,0.06840390879477712,2024-12-30 00:00,False,2024-12-16 00:00,2024-12-29 23:59
ALL,GBPUSD,short,W,H4,2024-07-08 00:00,2024-07-15 00:00,1.29693,1.30448,0.007550000000000168,1.2991,1.30448,2024-07-17 09:00,2024-07-17 13:00,1.30364,1.30448,0.0008400000000001739,0.11125827814571593,2024-08-19 00:00,False,2024-07-08 00:00,2024-07-21 23:59
ALL,GBPUSD,short,W,H4,2024-08-19 00:00,2024-08-26 00:00,1.32181,1.32666,0.004850000000000021,1.32304,1.32666,2024-08-27 21:00,2024-08-28 01:00,1.32608,1.32638,0.00029999999999996696,0.0618556701030857,2024-09-02 00:00,False,2024-08-19 00:00,2024-09-01 23:59
ALL,NZDCAD,long,W,H4,2024-06-24 00:00,2024-07-01 00:00,0.82942,0.83342,0.0040000000000000036,0.82942,0.83124,2024-07-03 09:00,2024-07-03 13:00,0.82942,0.83017,0.0007499999999999174,0.18749999999997918,2024-07-08 00:00,False,2024-06-24 00:00,2024-07-07 23:59
ALL,NZDCAD,long,W,H4,2024-07-22 00:00,2024-07-29 00:00,0.81177,0.81497,0.0031999999999999806,0.81177,0.81288,2024-07-29 09:00,2024-07-29 13:00,0.81177,0.8122,0.00043000000000004146,0.13437500000001376,2024-11-18 00:00,False,2024-07-22 00:00,2024-08-04 23:59
ALL,NZDCAD,long,W,H4,2024-08-05 00:00,2024-08-12 00:00,0.81578,0.82367,0.007890000000000064,0.81578,0.82056,2024-08-06 09:00,2024-08-06 13:00,0.81844,0.81846,2.0000000000020002e-05,0.0025348542458833766,2024-11-11 00:00,False,2024-08-05 00:00,2024-08-18 23:59
ALL,NZDCAD,long,W,H4,2024-08-05 00:00,2024-08-12 00:00,0.81578,0.82367,0.007890000000000064,0.81578,0.82056,2024-08-06 17:00,2024-08-06 21:00,0.81968,0.82002,0.00034000000000000696,0.04309252217997519,2024-11-11 00:00,False,2024-08-05 00:00,2024-08-18 23:59
ALL,NZDCAD,long,W,H4,2024-08-05 00:00,2024-08-12 00:00,0.81578,0.82367,0.007890000000000064,0.81578,0.82056,2024-08-15 09:00,2024-08-15 13:00,0.82056,0.82086,0.000300000000000078,0.0380228136882225,2024-11-11 00:00,False,2024-08-05 00:00,2024-08-18 23:59
ALL,NZDCAD,long,W,H4,2024-08-05 00:00,2024-08-12 00:00,0.81578,0.82367,0.007890000000000064,0.81578,0.82056,2024-08-15 17:00,2024-08-15 21:00,0.82114,0.82153,0.00039000000000000146,0.04942965779467659,2024-11-11 00:00,False,2024-08-05 00:00,2024-08-18 23:59
ALL,NZDCAD,long,W,H4,2024-09-09 00:00,2024-09-16 00:00,0.8311,0.83762,0.006520000000000081,0.8311,0.83563,2024-09-11 13:00,2024-09-11 17:00,0.8316,0.83168,7.999999999996898e-05,0.012269938650301838,2024-09-30 00:00,False,2024-09-09 00:00,2024-09-22 23:59
ALL,NZDCAD,long,W,H4,2024-09-09 00:00,2024-09-16 00:00,0.8311,0.83762,0.006520000000000081,0.8311,0.83563,2024-09-12 05:00,2024-09-12 09:00,0.83218,0.83224,5.999999999994898e-05,0.009202453987722122,2024-09-30 00:00,False,2024-09-09 00:00,2024-09-22 23:59
ALL,NZDCAD,long,W,H4,2024-09-09 00:00,2024-09-16 00:00,0.8311,0.83762,0.006520000000000081,0.8311,0.83563,2024-09-15 21:00,2024-09-16 01:00,0.83563,0.83664,0.0010100000000000664,0.15490797546013096,2024-09-30 00:00,False,2024-09-09 00:00,2024-09-22 23:59
ALL,NZDCAD,long,W,H4,2024-09-30 00:00,2024-10-07 00:00,0.82878,0.83608,0.007300000000000084,0.82878,0.83478,2024-10-09 13:00,2024-10-09 17:00,0.82878,0.82912,0.00034000000000000696,0.046575342465753844,2024-10-14 00:00,False,2024-09-30 00:00,2024-10-13 23:59
ALL,NZDCAD,long,W,H4,2024-09-30 00:00,2024-10-07 00:00,0.82878,0.83608,0.007300000000000084,0.82878,0.83478,2024-10-10 05:00,2024-10-10 09:00,0.83268,0.83362,0.0009400000000000519,0.12876712328767687,2024-10-14 00:00,False,2024-09-30 00:00,2024-10-13 23:59
ALL,NZDCAD,long,W,H4,2024-09-30 00:00,2024-10-07 00:00,0.82878,0.83608,0.007300000000000084,0.82878,0.83478,2024-10-10 13:00,2024-10-10 17:00,0.83524,0.83541,0.00017000000000000348,0.023287671232876922,2024-10-14 00:00,False,2024-09-30 00:00,2024-10-13 23:59
ALL,NZDCAD,long,W,H4,2024-11-18 00:00,2024-11-25 00:00,0.81374,0.81666,0.0029200000000000337,0.81374,0.81542,2024-11-25 02:00,2024-11-25 06:00,0.81542,0.81566,0.00024000000000001798,0.08219178082192302,2024-12-16 00:00,False,2024-11-18 00:00,2024-12-01 23:59
ALL,NZDCAD,short,W,H4,2024-06-10 00:00,2024-06-17 00:00,0.84344,0.8519,0.008460000000000023,0.84344,0.8519,2024-06-12 13:00,2024-06-12 17:00,0.85166,0.8519,0.00024000000000001798,0.02836879432624318,2024-08-26 00:00,False,2024-06-10 00:00,2024-06-23 23:59
ALL,NZDCAD,short,W,H4,2024-06-10 00:00,2024-06-17 00:00,0.84344,0.8519,0.008460000000000023,0.84344,0.8519,2024-06-13 09:00,2024-06-13 13:00,0.84904,0.85025,0.0012099999999999334,0.14302600472812413,2024-08-26 00:00,False,2024-06-10 00:00,2024-06-23 23:59
ALL,NZDCAD,short,W,H4,2024-07-29 00:00,2024-08-05 00:00,0.82633,0.82886,0.0025300000000000322,0.82877,0.82886,2024-08-09 01:00,2024-08-09 05:00,0.82822,0.8285,0.000280000000000058,0.11067193675891479,2024-08-12 00:00,False,2024-07-29 00:00,2024-08-11 23:59
ALL,NZDCAD,short,W,H4,2024-08-26 00:00,2024-09-02 00:00,0.84217,0.84742,0.005249999999999977,0.84342,0.84742,2024-08-29 01:00,2024-08-29 05:00,0.84738,0.84742,3.999999999992898e-05,0.0076190476190341255,2024-09-16 00:00,False,2024-08-26 00:00,2024-09-08 23:59
ALL,NZDCAD,short,W,H4,2024-08-26 00:00,2024-09-02 00:00,0.84217,0.84742,0.005249999999999977,0.84342,0.84742,2024-08-29 21:00,2024-08-30 01:00,0.84586,0.84596,0.00010000000000010001,0.01904761904763818,2024-09-16 00:00,False,2024-08-26 00:00,2024-09-08 23:59
ALL,NZDCAD,short,W,H4,2024-08-26 00:00,2024-09-02 00:00,0.84217,0.84742,0.005249999999999977,0.84342,0.84742,2024-09-01 21:00,2024-09-02 01:00,0.84325,0.84342,0.00016999999999989246,0.03238095238093204,2024-09-16 00:00,False,2024-08-26 00:00,2024-09-08 23:59
ALL,NZDCAD,short,W,H4,2024-09-23 00:00,2024-09-30 00:00,0.85592,0.86142,0.005499999999999949,0.85852,0.86142,2024-09-30 13:00,2024-09-30 17:00,0.86119,0.86142,0.00022999999999995246,0.04181818181817356,,True,2024-09-23 00:00,2024-10-06 23:59
ALL,NZDCAD,short,W,H4,2024-10-07 00:00,2024-10-14 00:00,0.83899,0.84336,0.004369999999999985,0.84195,0.84336,2024-10-15 09:00,2024-10-15 13:00,0.8433,0.84336,5.999999999994898e-05,0.013729977116693179,2024-10-21 00:00,False,2024-10-07 00:00,2024-10-20 23:59
ALL,NZDCAD,short,W,H4,2024-11-25 00:00,2024-12-02 00:00,0.82733,0.83118,0.00385000000000002,0.82932,0.83118,2024-12-02 06:00,2024-12-02 10:00,0.829,0.82932,0.00031999999999998696,0.0831168831168793,2024-12-09 00:00,False,2024-11-25 00:00,2024-12-08 23:59
ALL,NZDCAD,short,W,H4,2024-11-25 00:00,2024-12-02 00:00,0.82733,0.83118,0.00385000000000002,0.82932,0.83118,2024-12-03 18:00,2024-12-03 22:00,0.82756,0.82797,0.00041000000000002146,0.10649350649351151,2024-12-09 00:00,False,2024-11-25 00:00,2024-12-08 23:59
ALL,NZDCHF,long,W,H4,2024-06-10 00:00,2024-06-17 00:00,0.54067,0.54672,0.00605,0.54067,0.54521,2024-06-18 09:00,2024-06-18 13:00,0.54067,0.54074,7.00000000000145e-05,0.011570247933886694,2024-06-24 00:00,False,2024-06-10 00:00,2024-06-23 23:59
ALL,NZDCHF,long,W,H4,2024-06-10 00:00,2024-06-17 00:00,0.54067,0.54672,0.00605,0.54067,0.54521,2024-06-20 13:00,2024-06-20 17:00,0.5444,0.54488,0.00048000000000003595,0.07933884297521256,2024-06-24 00:00,False,2024-06-10 00:00,2024-06-23 23:59
ALL,NZDCHF,long,W,H4,2024-07-29 00:00,2024-08-05 00:00,0.4944,0.51086,0.016459999999999975,0.4944,0.51084,2024-08-05 09:00,2024-08-05 13:00,0.50062,0.501,0.00038000000000004697,0.023086269744838853,2024-12-09 00:00,False,2024-07-29 00:00,2024-08-11 23:59
ALL,NZDCHF,long,W,H4,2024-07-29 00:00,2024-08-05 00:00,0.4944,0.51086,0.016459999999999975,0.4944,0.51084,2024-08-06 09:00,2024-08-06 13:00,0.50406,0.50422,0.000160000000000049,0.009720534629407609,2024-12-09 00:00,False,2024-07-29 00:00,2024-08-11 23:59
ALL,NZDCHF,long,W,H4,2024-07-29 00:00,2024-08-05 00:00,0.4944,0.51086,0.016459999999999975,0.4944,0.51084,2024-08-06 17:00,2024-08-06 21:00,0.5066,0.50692,0.00031999999999998696,0.019441069258808473,2024-12-09 00:00,False,2024-07-29 00:00,2024-08-11 23:59
ALL,NZDCHF,long,W,H4,2024-09-02 00:00,2024-09-09 00:00,0.51742,0.5204,0.0029799999999999827,0.51742,0.51947,2024-09-11 01:00,2024-09-11 05:00,0.51742,0.51763,0.00021000000000004349,0.07046979865773312,2024-10-07 00:00,False,2024-09-02 00:00,2024-09-15 23:59
ALL,NZDCHF,long,W,H4,2024-10-07 00:00,2024-10-14 00:00,0.52004,0.52385,0.003810000000000091,0.52004,0.52096,2024-10-15 21:00,2024-10-16 01:00,0.52096,0.52156,0.0006000000000000449,0.15748031496063794,2024-10-21 00:00,False,2024-10-07 00:00,2024-10-20 23:59
ALL,NZDCHF,long,W,H4,2024-10-07 00:00,2024-10-14 00:00,0.52004,0.52385,0.003810000000000091,0.52004,0.52096,2024-10-17 05:00,2024-10-17 09:00,0.52328,0.52336,8.000000000008001e-05,0.020997375328104487,2024-10-21 00:00,False,2024-10-07 00:00,2024-10-20 23:59
ALL,NZDCHF,long,W,H4,2024-10-28 00:00,2024-11-04 00:00,0.51389,0.52052,0.006630000000000025,0.51389,0.51558,2024-10-31 21:00,2024-11-01 01:00,0.51519,0.51521,1.999999999990898e-05,0.0030165912518716298,2024-11-11 00:00,False,2024-10-28 00:00,2024-11-10 23:59
ALL,NZDCHF,long,W,H4,2024-10-28 00:00,2024-11-04 00:00,0.51389,0.52052,0.006630000000000025,0.51389,0.51558,2024-11-04 18:00,2024-11-04 22:00,0.51558,0.51578,0.00019999999999997797,0.03016591251885026,2024-11-11 00:00,False,2024-10-28 00:00,2024-11-10 23:59
ALL,NZDCHF,long,W,H4,2024-10-28 00:00,2024-11-04 00:00,0.51389,0.52052,0.006630000000000025,0.51389,0.51558,2024-11-06 02:00,2024-11-06 06:00,0.51634,0.51641,7.00000000000145e-05,0.01055806938160094,2024-11-11 00:00,False,2024-10-28 00:00,2024-11-10 23:59
ALL,NZDCHF,long,W,H4,2024-10-28 00:00,2024-11-04 00:00,0.51389,0.52052,0.006630000000000025,0.51389,0.51558,2024-11-06 18:00,2024-11-06 22:00,0.51975,0.52002,0.00026999999999999247,0.0407239819004512,2024-11-11 00:00,False,2024-10-28 00:00,2024-11-10 23:59
ALL,NZDCHF,long,W,H4,2024-11-11 00:00,2024-11-18 00:00,0.51671,0.52146,0.004750000000000032,0.51671,0.51964,2024-11-22 02:00,2024-11-22 06:00,0.51671,0.51698,0.00026999999999999247,0.056842105263155925,2024-11-25 00:00,False,2024-11-11 00:00,2024-11-24 23:59
ALL,NZDCHF,long,W,H4,2024-11-11 00:00,2024-11-18 00:00,0.51671,0.52146,0.004750000000000032,0.51671,0.51964,2024-11-22 14:00,2024-11-22 18:00,0.52034,0.52101,0.0006699999999999484,0.14105263157893555,2024-11-25 00:00,False,2024-11-11 00:00,2024-11-24 23:59
ALL,NZDCHF,long,W,H4,2024-12-02 00:00,2024-12-09 00:00,0.50969,0.51316,0.003469999999999973,0.50969,0.5114,2024-12-11 06:00,2024-12-11 10:00,0.50969,0.51,0.00031000000000003247,0.08933717579251725,2024-12-16 00:00,False,2024-12-02 00:00,2024-12-15 23:59
ALL,NZDCHF,long,W,H4,2024-12-02 00:00,2024-12-09 00:00,0.50969,0.51316,0.003469999999999973,0.50969,0.5114,2024-12-11 18:00,2024-12-11 22:00,0.511,0.51102,2.0000000000020002e-05,0.005763688760812726,2024-12-16 00:00,False,2024-12-02 00:00,2024-12-15 23:59
ALL,NZDCHF,short,W,H4,2024-07-01 00:00,2024-07-08 00:00,0.54996,0.55262,0.0026599999999999957,0.55087,0.55262,2024-07-09 21:00,2024-07-10 01:00,0.55036,0.5505,0.000140000000000029,0.0526315789473794,,True,2024-07-01 00:00,2024-07-14 23:59
ALL,NZDCHF,short,W,H4,2024-09-23 00:00,2024-09-30 00:00,0.53268,0.53838,0.005699999999999927,0.53672,0.53838,2024-09-30 13:00,2024-09-30 17:00,0.53834,0.53838,3.999999999992898e-05,0.007017543859636753,,True,2024-09-23 00:00,2024-10-06 23:59
ALL,NZDCHF,short,W,H4,2024-09-23 00:00,2024-09-30 00:00,0.53268,0.53838,0.005699999999999927,0.53672,0.53838,2024-10-01 09:00,2024-10-01 13:00,0.53514,0.5356,0.00046000000000001595,0.08070175438596874,,True,2024-09-23 00:00,2024-10-06 23:59
ALL,NZDCHF,short,W,H4,2024-09-23 00:00,2024-09-30 00:00,0.53268,0.53838,0.005699999999999927,0.53672,0.53838,2024-10-02 09:00,2024-10-02 13:00,0.53397,0.53432,0.0003500000000000725,0.061403508771943324,,True,2024-09-23 00:00,2024-10-06 23:59
ALL,NZDCHF,short,W,H4,2024-10-14 00:00,2024-10-21 00:00,0.52504,0.52648,0.0014399999999999968,0.5261,0.52648,2024-10-18 05:00,2024-10-18 09:00,0.52625,0.52644,0.00019000000000002348,0.13194444444446105,2024-11-04 00:00,False,2024-10-14 00:00,2024-10-27 23:59
ALL,NZDCHF,short,W,H4,2024-11-04 00:00,2024-11-11 00:00,0.52284,0.5265,0.0036599999999999966,0.52618,0.5265,2024-11-11 22:00,2024-11-12 02:00,0.52584,0.52618,0.00034000000000000696,0.09289617486338997,2024-11-25 00:00,False,2024-11-04 00:00,2024-11-17 23:59
ALL,NZDCHF,short,W,H4,2024-11-04 00:00,2024-11-11 00:00,0.52284,0.5265,0.0036599999999999966,0.52618,0.5265,2024-11-12 06:00,2024-11-12 10:00,0.52506,0.52548,0.00041999999999997595,0.11475409836064927,2024-11-25 00:00,False,2024-11-04 00:00,2024-11-17 23:59
ALL,NZDCHF,short,W,H4,2024-11-25 00:00,2024-12-02 00:00,0.52066,0.52351,0.002850000000000019,0.52284,0.52351,2024-12-02 06:00,2024-12-02 10:00,0.52328,0.52351,0.0002300000000000635,0.08070175438598665,,True,2024-11-25 00:00,2024-12-08 23:59
ALL,NZDCHF,short,W,H4,2024-11-25 00:00,2024-12-02 00:00,0.52066,0.52351,0.002850000000000019,0.52284,0.52351,2024-12-03 18:00,2024-12-03 22:00,0.52142,0.52164,0.00021999999999999797,0.07719298245613912,,True,2024-11-25 00:00,2024-12-08 23:59
ALL,NZDJPY,long,W,H4,2024-06-03 00:00,2024-06-10 00:00,95.27,95.678,0.40800000000000125,95.27,95.616,2024-06-04 13:00,2024-06-04 17:00,95.468,95.49,0.02199999999999136,0.05392156862742964,2024-07-15 00:00,False,2024-06-03 00:00,2024-06-16 23:59
ALL,NZDJPY,long,W,H4,2024-06-03 00:00,2024-06-10 00:00,95.27,95.678,0.40800000000000125,95.27,95.616,2024-06-07 17:00,2024-06-09 21:00,95.616,95.642,0.02599999999999625,0.06372549019606905,2024-07-15 00:00,False,2024-06-03 00:00,2024-06-16 23:59
ALL,NZDJPY,long,W,H4,2024-07-29 00:00,2024-08-05 00:00,83.058,87.288,4.22999999999999,83.058,87.284,2024-08-06 09:00,2024-08-06 13:00,85.354,85.486,0.132000000000005,0.031205673758866508,2024-09-09 00:00,False,2024-07-29 00:00,2024-08-11 23:59
ALL,NZDJPY,long,W,H4,2024-07-29 00:00,2024-08-05 00:00,83.058,87.288,4.22999999999999,83.058,87.284,2024-08-06 17:00,2024-08-06 21:00,85.834,85.85,0.015999999999991132,0.0037825059101633976,2024-09-09 00:00,False,2024-07-29 00:00,2024-08-11 23:59
ALL,NZDJPY,long,W,H4,2024-10-14 00:00,2024-10-21 00:00,90.071,90.792,0.7210000000000036,90.071,90.566,2024-10-15 21:00,2024-10-16 01:00,90.071,90.101,0.030000000000001137,0.04160887656033424,2024-10-28 00:00,False,2024-10-14 00:00,2024-10-27 23:59
ALL,NZDJPY,long,W,H4,2024-10-14 00:00,2024-10-21 00:00,90.071,90.792,0.7210000000000036,90.071,90.566,2024-10-17 01:00,2024-10-17 05:00,90.447,90.488,0.04099999999999682,0.05686546463245022,2024-10-28 00:00,False,2024-10-14 00:00,2024-10-27 23:59
ALL,NZDJPY,long,W,H4,2024-10-14 00:00,2024-10-21 00:00,90.071,90.792,0.7210000000000036,90.071,90.566,2024-10-21 21:00,2024-10-22 01:00,90.688,90.729,0.04099999999999682,0.05686546463245022,2024-10-28 00:00,False,2024-10-14 00:00,2024-10-27 23:59
ALL,NZDJPY,long,W,H4,2024-12-02 00:00,2024-12-09 00:00,87.02,87.601,0.5810000000000031,87.02,87.279,2024-12-09 02:00,2024-12-09 06:00,87.02,87.104,0.08400000000000318,0.14457831325301676,2024-12-16 00:00,False,2024-12-02 00:00,2024-12-15 23:59
ALL,NZDJPY,long,W,H4,2024-12-16 00:00,2024-12-23 00:00,86.726,88.478,1.7519999999999953,86.726,88.274,2024-12-18 22:00,2024-12-19 02:00,86.726,86.837,0.1110000000000042,0.06335616438356421,2024-12-30 00:00,False,2024-12-16 00:00,2024-12-29 23:59
ALL,NZDJPY,long,W,H4,2024-12-16 00:00,2024-12-23 00:00,86.726,88.478,1.7519999999999953,86.726,88.274,2024-12-20 10:00,2024-12-20 14:00,88.116,88.224,0.10800000000000409,0.06164383561644086,2024-12-30 00:00,False,2024-12-16 00:00,2024-12-29 23:59
ALL,NZDJPY,short,W,H4,2024-07-01 00:00,2024-07-08 00:00,98.658,99.022,0.3640000000000043,98.87,99.022,2024-07-09 21:00,2024-07-10 01:00,98.959,99.022,0.06300000000000239,0.17307692307692757,,True,2024-07-01 00:00,2024-07-14 23:59
ALL,NZDJPY,short,W,H4,2024-08-26 00:00,2024-09-02 00:00,91.263,91.66,0.39699999999999136,91.421,91.66,2024-09-02 21:00,2024-09-03 01:00,91.587,91.618,0.0309999999999917,0.07808564231736115,2024-09-23 00:00,False,2024-08-26 00:00,2024-09-08 23:59
ALL,NZDJPY,short,W,H4,2024-09-30 00:00,2024-10-07 00:00,91.588,91.968,0.38000000000000966,91.925,91.968,2024-10-02 21:00,2024-10-03 01:00,91.93,91.968,0.0379999999999967,0.09999999999998878,2024-10-21 00:00,False,2024-09-30 00:00,2024-10-13 23:59
ALL,NZDJPY,short,W,H4,2024-10-21 00:00,2024-10-28 00:00,91.702,92.048,0.34600000000000364,91.862,92.048,2024-10-23 09:00,2024-10-23 13:00,92.029,92.048,0.019000000000005457,0.05491329479770306,2024-11-04 00:00,False,2024-10-21 00:00,2024-11-03 23:59
ALL,NZDUSD,long,W,H4,2024-06-03 00:00,2024-06-10 00:00,0.60994,0.6103,0.00035999999999991594,0.60994,0.6102,2024-06-09 21:00,2024-06-10 01:00,0.60994,0.60998,3.999999999992898e-05,0.11111111111093978,2024-06-17 00:00,False,2024-06-03 00:00,2024-06-16 23:59
ALL,NZDUSD,long,W,H4,2024-06-24 00:00,2024-07-01 00:00,0.60476,0.6099,0.005140000000000033,0.60476,0.60576,2024-07-02 01:00,2024-07-02 05:00,0.60476,0.60477,1.0000000000065512e-05,0.0019455252918415267,2024-07-08 00:00,False,2024-06-24 00:00,2024-07-07 23:59
ALL,NZDUSD,long,W,H4,2024-06-24 00:00,2024-07-01 00:00,0.60476,0.6099,0.005140000000000033,0.60476,0.60576,2024-07-03 05:00,2024-07-03 09:00,0.60697,0.6071,0.00012999999999996348,0.025291828793767047,2024-07-08 00:00,False,2024-06-24 00:00,2024-07-07 23:59
ALL,NZDUSD,long,W,H4,2024-07-22 00:00,2024-07-29 00:00,0.58578,0.58907,0.003290000000000015,0.58578,0.58812,2024-07-30 09:00,2024-07-30 13:00,0.58818,0.58839,0.00020999999999993246,0.06382978723402173,2024-08-05 00:00,False,2024-07-22 00:00,2024-08-04 23:59
ALL,NZDUSD,long,W,H4,2024-09-09 00:00,2024-09-16 00:00,0.61065,0.616,0.005349999999999966,0.61065,0.61544,2024-09-12 05:00,2024-09-12 09:00,0.61294,0.61314,0.00019999999999997797,0.037383177570089576,2024-09-30 00:00,False,2024-09-09 00:00,2024-09-22 23:59
ALL,NZDUSD,long,W,H4,2024-11-18 00:00,2024-11-25 00:00,0.57972,0.58543,0.005709999999999993,0.57972,0.58166,2024-11-26 14:00,2024-11-26 18:00,0.58156,0.58182,0.000260000000000038,0.04553415061296643,2024-12-02 00:00,False,2024-11-18 00:00,2024-12-01 23:59
ALL,NZDUSD,short,W,H4,2024-06-10 00:00,2024-06-17 00:00,0.61416,0.6222,0.008039999999999936,0.61484,0.6222,2024-06-12 13:00,2024-06-12 17:00,0.6217,0.6222,0.0004999999999999449,0.062189054726361805,2024-07-01 00:00,False,2024-06-10 00:00,2024-06-23 23:59
ALL,NZDUSD,short,W,H4,2024-06-10 00:00,2024-06-17 00:00,0.61416,0.6222,0.008039999999999936,0.61484,0.6222,2024-06-13 09:00,2024-06-13 13:00,0.61848,0.6199,0.0014199999999999768,0.1766169154228841,2024-07-01 00:00,False,2024-06-10 00:00,2024-06-23 23:59
ALL,NZDUSD,short,W,H4,2024-06-10 00:00,2024-06-17 00:00,0.61416,0.6222,0.008039999999999936,0.61484,0.6222,2024-06-13 17:00,2024-06-13 21:00,0.61708,0.61748,0.00040000000000006697,0.04975124378110325,2024-07-01 00:00,False,2024-06-10 00:00,2024-06-23 23:59
ALL,NZDUSD,short,W,H4,2024-06-10 00:00,2024-06-17 00:00,0.61416,0.6222,0.008039999999999936,0.61484,0.6222,2024-06-14 01:00,2024-06-14 05:00,0.6154,0.61624,0.0008400000000000629,0.10447761194030716,2024-07-01 00:00,False,2024-06-10 00:00,2024-06-23 23:59
ALL,NZDUSD,short,W,H4,2024-07-01 00:00,2024-07-08 00:00,0.61374,0.61537,0.0016300000000000203,0.6149,0.61537,2024-07-08 09:00,2024-07-08 13:00,0.61417,0.61424,7.00000000000145e-05,0.042944785276081976,2024-08-19 00:00,False,2024-07-01 00:00,2024-07-14 23:59
ALL,NZDUSD,short,W,H4,2024-08-26 00:00,2024-09-02 00:00,0.62434,0.62992,0.005580000000000029,0.62544,0.62992,2024-08-29 01:00,2024-08-29 05:00,0.6295,0.62992,0.00042000000000008697,0.07526881720431626,2024-09-16 00:00,False,2024-08-26 00:00,2024-09-08 23:59
ALL,NZDUSD,short,W,H4,2024-08-26 00:00,2024-09-02 00:00,0.62434,0.62992,0.005580000000000029,0.62544,0.62992,2024-08-29 21:00,2024-08-30 01:00,0.62726,0.62742,0.00015999999999993797,0.02867383512543676,2024-09-16 00:00,False,2024-08-26 00:00,2024-09-08 23:59
ALL,NZDUSD,short,W,H4,2024-08-26 00:00,2024-09-02 00:00,0.62434,0.62992,0.005580000000000029,0.62544,0.62992,2024-08-30 05:00,2024-08-30 09:00,0.62667,0.62704,0.0003700000000000925,0.06630824372761479,2024-09-16 00:00,False,2024-08-26 00:00,2024-09-08 23:59
ALL,NZDUSD,short,W,H4,2024-09-23 00:00,2024-09-30 00:00,0.63366,0.6379,0.0042400000000000215,0.63673,0.6379,2024-09-30 13:00,2024-09-30 17:00,0.63748,0.6379,0.00041999999999997595,0.09905660377357874,,True,2024-09-23 00:00,2024-10-06 23:59
ALL,USDCAD,long,W,H4,2024-07-08 00:00,2024-07-15 00:00,1.35888,1.3645,0.005619999999999958,1.35888,1.36314,2024-07-11 09:00,2024-07-11 13:00,1.35888,1.35958,0.0006999999999999229,0.12455516014233596,2024-08-19 00:00,False,2024-07-08 00:00,2024-07-21 23:59
ALL,USDCAD,long,W,H4,2024-07-08 00:00,2024-07-15 00:00,1.35888,1.3645,0.005619999999999958,1.35888,1.36314,2024-07-12 13:00,2024-07-12 17:00,1.36124,1.3622,0.0009600000000000719,0.17081850533809234,2024-08-19 00:00,False,2024-07-08 00:00,2024-07-21 23:59
ALL,USDCAD,long,W,H4,2024-07-08 00:00,2024-07-15 00:00,1.35888,1.3645,0.005619999999999958,1.35888,1.36314,2024-07-15 05:00,2024-07-15 09:00,1.36314,1.36332,0.000180000000000069,0.03202846975090219,2024-08-19 00:00,False,2024-07-08 00:00,2024-07-21 23:59
ALL,USDCAD,long,W,H4,2024-08-26 00:00,2024-09-02 00:00,1.3441,1.34876,0.0046599999999998865,1.3441,1.3466,2024-08-27 21:00,2024-08-28 01:00,1.3441,1.34433,0.00022999999999995246,0.04935622317595667,2024-09-23 00:00,False,2024-08-26 00:00,2024-09-08 23:59
ALL,USDCAD,long,W,H4,2024-08-26 00:00,2024-09-02 00:00,1.3441,1.34876,0.0046599999999998865,1.3441,1.3466,2024-08-29 13:00,2024-08-29 17:00,1.34592,1.34616,0.00024000000000001798,0.051502145922751895,2024-09-23 00:00,False,2024-08-26 00:00,2024-09-08 23:59
ALL,USDCAD,long,W,H4,2024-09-23 00:00,2024-09-30 00:00,1.34197,1.35076,0.008789999999999853,1.34197,1.34725,2024-09-24 21:00,2024-09-25 01:00,1.34197,1.34208,0.00010999999999983245,0.012514220705328132,,True,2024-09-23 00:00,2024-10-06 23:59
ALL,USDCAD,long,W,H4,2024-09-23 00:00,2024-09-30 00:00,1.34197,1.35076,0.008789999999999853,1.34197,1.34725,2024-09-25 05:00,2024-09-25 09:00,1.34244,1.3429,0.00045999999999990493,0.05233219567689563,,True,2024-09-23 00:00,2024-10-06 23:59
ALL,USDCAD,long,W,H4,2024-09-23 00:00,2024-09-30 00:00,1.34197,1.35076,0.008789999999999853,1.34197,1.34725,2024-09-26 09:00,2024-09-26 13:00,1.34578,1.34604,0.00025999999999992696,0.02957906712172142,,True,2024-09-23 00:00,2024-10-06 23:59
ALL,USDCAD,long,W,H4,2024-09-23 00:00,2024-09-30 00:00,1.34197,1.35076,0.008789999999999853,1.34197,1.34725,2024-09-27 09:00,2024-09-27 13:00,1.34638,1.34674,0.000360000000000138,0.04095563139933379,,True,2024-09-23 00:00,2024-10-06 23:59
ALL,USDCAD,short,W,H4,2024-10-28 00:00,2024-11-04 00:00,1.39254,1.3959,0.0033600000000000296,1.3959,1.3959,2024-11-08 14:00,2024-11-08 18:00,1.39259,1.39282,0.00022999999999995246,0.0684523809523662,2024-11-11 00:00,False,2024-10-28 00:00,2024-11-10 23:59
ALL,USDCAD,short,W,H4,2024-11-11 00:00,2024-11-18 00:00,1.40915,1.41058,0.0014300000000000423,1.4103,1.41058,2024-11-18 06:00,2024-11-18 10:00,1.41018,1.4103,0.00012000000000012001,0.08391608391616535,2024-11-25 00:00,False,2024-11-11 00:00,2024-11-24 23:59
ALL,USDCHF,long,W,H4,2024-06-10 00:00,2024-06-17 00:00,0.88268,0.89012,0.007440000000000002,0.88268,0.88933,2024-06-20 01:00,2024-06-20 05:00,0.88324,0.88346,0.00021999999999999797,0.029569892473118,2024-07-15 00:00,False,2024-06-10 00:00,2024-06-23 23:59
ALL,USDCHF,long,W,H4,2024-07-29 00:00,2024-08-05 00:00,0.84323,0.8606,0.017369999999999997,0.84323,0.85739,2024-08-05 09:00,2024-08-05 13:00,0.84323,0.84428,0.0010499999999999954,0.06044905008635553,2024-08-19 00:00,False,2024-07-29 00:00,2024-08-11 23:59
ALL,USDCHF,long,W,H4,2024-07-29 00:00,2024-08-05 00:00,0.84323,0.8606,0.017369999999999997,0.84323,0.85739,2024-08-06 17:00,2024-08-06 21:00,0.85094,0.85142,0.00047999999999992493,0.027633851468044042,2024-08-19 00:00,False,2024-07-29 00:00,2024-08-11 23:59
ALL,USDCHF,long,W,H4,2024-07-29 00:00,2024-08-05 00:00,0.84323,0.8606,0.017369999999999997,0.84323,0.85739,2024-08-08 05:00,2024-08-08 09:00,0.856,0.85798,0.0019799999999999818,0.11398963730569846,2024-08-19 00:00,False,2024-07-29 00:00,2024-08-11 23:59
ALL,USDCHF,long,W,H4,2024-08-19 00:00,2024-08-26 00:00,0.84002,0.84784,0.00782000000000005,0.84002,0.84706,2024-08-29 01:00,2024-08-29 05:00,0.84002,0.84026,0.00024000000000001798,0.030690537084401084,2024-09-02 00:00,False,2024-08-19 00:00,2024-09-01 23:59
ALL,USDCHF,long,W,H4,2024-08-19 00:00,2024-08-26 00:00,0.84002,0.84784,0.00782000000000005,0.84002,0.84706,2024-08-29 13:00,2024-08-29 17:00,0.84596,0.84631,0.00034999999999996145,0.04475703324807663,2024-09-02 00:00,False,2024-08-19 00:00,2024-09-01 23:59
ALL,USDCHF,long,W,H4,2024-09-02 00:00,2024-09-09 00:00,0.83746,0.84389,0.006430000000000047,0.83746,0.84221,2024-09-11 01:00,2024-09-11 05:00,0.84221,0.84288,0.0006699999999999484,0.10419906687401921,2024-09-16 00:00,False,2024-09-02 00:00,2024-09-15 23:59
ALL,USDCHF,short,W,H4,2024-06-24 00:00,2024-07-01 00:00,0.89886,0.90504,0.006179999999999963,0.90099,0.90504,2024-07-03 01:00,2024-07-03 05:00,0.90438,0.90504,0.0006599999999999939,0.10679611650485402,2024-07-08 00:00,False,2024-06-24 00:00,2024-07-07 23:59
ALL,USDCHF,short,W,H4,2024-08-12 00:00,2024-08-19 00:00,0.86614,0.87486,0.00871999999999995,0.86776,0.87486,2024-08-15 09:00,2024-08-15 13:00,0.87378,0.87486,0.0010799999999999699,0.12385321100917157,2024-10-14 00:00,False,2024-08-12 00:00,2024-08-25 23:59
ALL,USDCHF,short,W,H4,2024-08-12 00:00,2024-08-19 00:00,0.86614,0.87486,0.00871999999999995,0.86776,0.87486,2024-08-15 17:00,2024-08-15 21:00,0.87288,0.87299,0.0001100000000000545,0.01261467889908889,2024-10-14 00:00,False,2024-08-12 00:00,2024-08-25 23:59
ALL,USDCHF,short,W,H4,2024-08-12 00:00,2024-08-19 00:00,0.86614,0.87486,0.00871999999999995,0.86776,0.87486,2024-08-16 13:00,2024-08-16 17:00,0.86846,0.86968,0.0012199999999999989,0.1399082568807346,2024-10-14 00:00,False,2024-08-12 00:00,2024-08-25 23:59
ALL,USDCHF,short,W,H4,2024-08-12 00:00,2024-08-19 00:00,0.86614,0.87486,0.00871999999999995,0.86776,0.87486,2024-08-18 21:00,2024-08-19 01:00,0.8672,0.86776,0.0005600000000000049,0.06422018348623947,2024-10-14 00:00,False,2024-08-12 00:00,2024-08-25 23:59
ALL,USDCHF,short,W,H4,2024-08-26 00:00,2024-09-02 00:00,0.8496,0.85376,0.0041599999999999415,0.85107,0.85376,2024-09-04 09:00,2024-09-04 13:00,0.85126,0.85188,0.0006199999999999539,0.14903846153845254,2024-09-09 00:00,False,2024-08-26 00:00,2024-09-08 23:59
ALL,USDCHF,short,W,H4,2024-11-18 00:00,2024-11-25 00:00,0.89048,0.8958,0.005319999999999991,0.89204,0.8958,2024-11-25 02:00,2024-11-25 06:00,0.8914,0.89172,0.00031999999999998696,0.06015037593984727,2024-12-09 00:00,False,2024-11-18 00:00,2024-12-01 23:59
ALL,USDJPY,long,W,H4,2024-06-03 00:00,2024-06-10 00:00,154.546,156.772,2.225999999999999,154.546,155.72,2024-06-04 13:00,2024-06-04 17:00,154.546,154.549,0.0030000000000143245,0.0013477088948851419,2024-07-15 00:00,False,2024-06-03 00:00,2024-06-16 23:59
ALL,USDJPY,long,W,H4,2024-06-03 00:00,2024-06-10 00:00,154.546,156.772,2.225999999999999,154.546,155.72,2024-06-07 05:00,2024-06-07 09:00,155.122,155.332,0.20999999999997954,0.09433962264150028,2024-07-15 00:00,False,2024-06-03 00:00,2024-06-16 23:59
ALL,USDJPY,long,W,H4,2024-06-03 00:00,2024-06-10 00:00,154.546,156.772,2.225999999999999,154.546,155.72,2024-06-12 13:00,2024-06-12 17:00,155.72,155.76,0.03999999999999204,0.017969451931712514,2024-07-15 00:00,False,2024-06-03 00:00,2024-06-16 23:59
ALL,USDJPY,long,W,H4,2024-06-03 00:00,2024-06-10 00:00,154.546,156.772,2.225999999999999,154.546,155.72,2024-06-13 13:00,2024-06-13 17:00,156.692,156.722,0.030000000000001137,0.013477088948787578,2024-07-15 00:00,False,2024-06-03 00:00,2024-06-16 23:59
ALL,USDJPY,long,W,H4,2024-07-29 00:00,2024-08-05 00:00,141.688,146.5,4.812000000000012,141.688,146.42,2024-08-05 09:00,2024-08-05 13:00,141.753,142.104,0.3510000000000275,0.07294264339152673,2024-08-12 00:00,False,2024-07-29 00:00,2024-08-11 23:59
ALL,USDJPY,long,W,H4,2024-07-29 00:00,2024-08-05 00:00,141.688,146.5,4.812000000000012,141.688,146.42,2024-08-06 17:00,2024-08-06 21:00,144.164,144.303,0.13900000000001,0.028886118038239747,2024-08-12 00:00,False,2024-07-29 00:00,2024-08-11 23:59
ALL,USDJPY,long,W,H4,2024-08-19 00:00,2024-08-26 00:00,143.446,144.243,0.796999999999997,143.446,144.048,2024-08-25 21:00,2024-08-26 01:00,143.446,143.448,0.0020000000000095497,0.0025094102885941747,2024-09-02 00:00,False,2024-08-19 00:00,2024-09-01 23:59
ALL,USDJPY,long,W,H4,2024-09-09 00:00,2024-09-16 00:00,139.579,140.805,1.225999999999999,139.579,140.284,2024-09-16 05:00,2024-09-16 09:00,139.579,139.754,0.17499999999998295,0.1427406199021069,,True,2024-09-09 00:00,2024-09-22 23:59
ALL,USDJPY,long,W,H4,2024-10-28 00:00,2024-11-04 00:00,151.284,152.334,1.0500000000000114,151.284,151.787,2024-11-05 18:00,2024-11-05 22:00,151.284,151.338,0.054000000000002046,0.05142857142857282,2024-11-25 00:00,False,2024-10-28 00:00,2024-11-10 23:59
ALL,USDJPY,long,W,H4,2024-10-28 00:00,2024-11-04 00:00,151.284,152.334,1.0500000000000114,151.284,151.787,2024-11-08 06:00,2024-11-08 10:00,152.142,152.252,0.11000000000001364,0.10476190476191662,2024-11-25 00:00,False,2024-10-28 00:00,2024-11-10 23:59
ALL,USDJPY,long,W,H4,2024-11-25 00:00,2024-12-02 00:00,148.644,149.696,1.0519999999999925,148.644,149.466,2024-12-03 10:00,2024-12-03 14:00,148.644,148.801,0.15699999999998226,0.14923954372621995,2024-12-09 00:00,False,2024-11-25 00:00,2024-12-08 23:59
ALL,USDJPY,short,W,H4,2024-07-01 00:00,2024-07-08 00:00,160.746,161.95,1.2039999999999793,161.808,161.95,2024-07-03 05:00,2024-07-03 09:00,161.942,161.95,0.007999999999981355,0.006644518272409878,,True,2024-07-01 00:00,2024-07-14 23:59
ALL,USDJPY,short,W,H4,2024-07-01 00:00,2024-07-08 00:00,160.746,161.95,1.2039999999999793,161.808,161.95,2024-07-11 01:00,2024-07-11 05:00,161.695,161.761,0.0660000000000025,0.05481727574751132,,True,2024-07-01 00:00,2024-07-14 23:59
ALL,USDJPY,short,W,H4,2024-08-12 00:00,2024-08-19 00:00,147.586,149.4,1.813999999999993,148.054,149.4,2024-08-15 17:00,2024-08-15 21:00,149.348,149.4,0.0519999999999925,0.028665931642774364,2024-09-30 00:00,False,2024-08-12 00:00,2024-08-25 23:59
ALL,USDJPY,short,W,H4,2024-08-12 00:00,2024-08-19 00:00,147.586,149.4,1.813999999999993,148.054,149.4,2024-08-18 21:00,2024-08-19 01:00,147.884,148.054,0.17000000000001592,0.09371554575524618,2024-09-30 00:00,False,2024-08-12 00:00,2024-08-25 23:59
ALL,USDJPY,short,W,H4,2024-08-26 00:00,2024-09-02 00:00,146.084,147.212,1.127999999999986,146.25,147.212,2024-09-02 21:00,2024-09-03 01:00,147.147,147.212,0.06499999999999773,0.05762411347517601,2024-09-23 00:00,False,2024-08-26 00:00,2024-09-08 23:59
ALL,USDJPY,short,W,H4,2024-10-21 00:00,2024-10-28 00:00,153.207,153.882,0.6750000000000114,153.207,153.882,2024-10-29 09:00,2024-10-29 13:00,153.814,153.868,0.054000000000002046,0.08000000000000168,2024-11-04 00:00,False,2024-10-21 00:00,2024-11-03 23:59
ALL,USDJPY,short,W,H4,2024-10-21 00:00,2024-10-28 00:00,153.207,153.882,0.6750000000000114,153.207,153.882,2024-10-30 21:00,2024-10-31 01:00,153.584,153.628,0.04399999999998272,0.06518518518515849,2024-11-04 00:00,False,2024-10-21 00:00,2024-11-03 23:59
ALL,USDJPY,short,W,H4,2024-11-18 00:00,2024-11-25 00:00,154.249,155.89,1.6409999999999911,154.726,155.89,2024-11-20 06:00,2024-11-20 10:00,155.852,155.89,0.03799999999998249,0.023156611822049176,2024-12-16 00:00,False,2024-11-18 00:00,2024-12-01 23:59
ALL,USDJPY,short,W,H4,2024-11-18 00:00,2024-11-25 00:00,154.249,155.89,1.6409999999999911,154.726,155.89,2024-11-20 18:00,2024-11-20 22:00,155.431,155.546,0.11499999999998067,0.07007921998780091,2024-12-16 00:00,False,2024-11-18 00:00,2024-12-01 23:59
ALL,USDJPY,short,W,H4,2024-11-18 00:00,2024-11-25 00:00,154.249,155.89,1.6409999999999911,154.726,155.89,2024-11-21 02:00,2024-11-21 06:00,155.185,155.268,0.08299999999999841,0.050578915295550794,2024-12-16 00:00,False,2024-11-18 00:00,2024-12-01 23:59
ALL,USDJPY,short,W,H4,2024-11-18 00:00,2024-11-25 00:00,154.249,155.89,1.6409999999999911,154.726,155.89,2024-11-25 06:00,2024-11-25 10:00,154.566,154.726,0.1599999999999966,0.09750152346130253,2024-12-16 00:00,False,2024-11-18 00:00,2024-12-01 23:59
