time,open,high,low,close
2004-05-31T11:00:00+02:00,1.9279,1.9279,1.9279,1.9279
2004-06-01T11:00:00+02:00,1.9279,1.9483,1.9279,1.9483
2004-06-02T11:00:00+02:00,1.9483,1.96555,1.9483,1.96555
2004-06-03T11:00:00+02:00,1.96555,1.98005,1.96555,1.98005
2004-06-04T11:00:00+02:00,1.98005,1.98005,1.97425,1.97425
2004-06-07T11:00:00+02:00,1.9726,1.9726,1.9437,1.9437
2004-06-08T11:00:00+02:00,1.9437,1.9548,1.9437,1.9548
2004-06-09T11:00:00+02:00,1.9548,1.9548,1.94995,1.94995
2004-06-10T11:00:00+02:00,1.94995,1.94995,1.9113,1.9113
2004-06-11T11:00:00+02:00,1.9113,1.9113,1.90915,1.90915
2004-06-14T11:00:00+02:00,1.90885,1.9316,1.90885,1.9316
2004-06-15T11:00:00+02:00,1.9316,1.9316,1.9061,1.9061
2004-06-16T11:00:00+02:00,1.9061,1.9099,1.9061,1.9099
2004-06-17T11:00:00+02:00,1.9099,1.93735,1.9099,1.93735
2004-06-18T11:00:00+02:00,1.93735,1.93735,1.93665,1.93665
2004-06-21T11:00:00+02:00,1.93585,1.93585,1.9271,1.9271
2004-06-22T11:00:00+02:00,1.9271,1.9276,1.9271,1.9276
2004-06-23T11:00:00+02:00,1.9276,1.9372,1.9276,1.9372
2004-06-24T11:00:00+02:00,1.9372,1.9372,1.917,1.917
2004-06-25T11:00:00+02:00,1.917,1.917,1.91555,1.91555
2004-06-28T11:00:00+02:00,1.91385,1.91385,1.9009,1.9009
2004-06-29T11:00:00+02:00,1.9009,1.9149,1.9009,1.9149
2004-06-30T11:00:00+02:00,1.9149,1.9172,1.9149,1.9172
2004-07-01T11:00:00+02:00,1.9172,1.9172,1.8974,1.8974
2004-07-02T11:00:00+02:00,1.8974,1.90265,1.8974,1.90265
2004-07-05T11:00:00+02:00,1.90205,1.90205,1.8988,1.8988
2004-07-06T11:00:00+02:00,1.8988,1.8988,1.8916,1.8916
2004-07-07T11:00:00+02:00,1.8916,1.8916,1.88415,1.88415
2004-07-08T11:00:00+02:00,1.88415,1.8878,1.88415,1.8878
2004-07-09T11:00:00+02:00,1.8878,1.88945,1.8878,1.88945
2004-07-12T11:00:00+02:00,1.88935,1.88935,1.8776,1.8776
2004-07-13T11:00:00+02:00,1.8776,1.8776,1.8767,1.8767
2004-07-14T11:00:00+02:00,1.8767,1.898,1.8767,1.898
2004-07-15T11:00:00+02:00,1.898,1.8989,1.898,1.8989
2004-07-16T11:00:00+02:00,1.8989,1.8989,1.88885,1.88885
2004-07-19T11:00:00+02:00,1.88655,1.8975,1.88655,1.8975
2004-07-20T11:00:00+02:00,1.8975,1.8975,1.8849,1.8849
2004-07-21T11:00:00+02:00,1.8849,1.9151,1.8849,1.9151
2004-07-22T11:00:00+02:00,1.9151,1.9151,1.9096,1.9096
2004-07-23T11:00:00+02:00,1.9096,1.9096,1.90275,1.90275
2004-07-26T11:00:00+02:00,1.90525,1.909,1.90525,1.909
2004-07-27T11:00:00+02:00,1.909,1.9217,1.909,1.9217
2004-07-28T11:00:00+02:00,1.9217,1.9217,1.9168,1.9168
2004-07-29T11:00:00+02:00,1.9168,1.9168,1.9012,1.9012
2004-07-30T11:00:00+02:00,1.9012,1.9012,1.88715,1.88715
2004-08-02T11:00:00+02:00,1.8895,1.8895,1.8792,1.8792
2004-08-03T11:00:00+02:00,1.8792,1.8792,1.8643,1.8643
2004-08-04T11:00:00+02:00,1.8643,1.8679,1.8643,1.8679
2004-08-05T11:00:00+02:00,1.8679,1.8723,1.8679,1.8723
2004-08-06T11:00:00+02:00,1.8723,1.88315,1.8723,1.88315
2004-08-09T11:00:00+02:00,1.88205,1.88205,1.8799,1.8799
2004-08-10T11:00:00+02:00,1.8799,1.8799,1.875,1.875
2004-08-11T11:00:00+02:00,1.875,1.875,1.8656,1.8656
2004-08-12T11:00:00+02:00,1.8656,1.8656,1.8609,1.8609
2004-08-13T11:00:00+02:00,1.8609,1.8609,1.85685,1.85685
2004-08-16T11:00:00+02:00,1.86245,1.86245,1.8594,1.8594
2004-08-17T11:00:00+02:00,1.8594,1.861,1.8594,1.861
2004-08-18T11:00:00+02:00,1.861,1.861,1.8569,1.8569
2004-08-19T11:00:00+02:00,1.8569,1.8569,1.8408,1.8408
2004-08-20T11:00:00+02:00,1.8408,1.8408,1.83195,1.83195
2004-08-23T11:00:00+02:00,1.83175,1.8353,1.83175,1.8353
2004-08-24T11:00:00+02:00,1.8353,1.8649,1.8353,1.8649
2004-08-25T11:00:00+02:00,1.8649,1.8649,1.8607,1.8607
2004-08-26T11:00:00+02:00,1.8607,1.8607,1.8576,1.8576
2004-08-27T11:00:00+02:00,1.8576,1.8576,1.83915,1.83915
2004-08-30T11:00:00+02:00,1.83975,1.8522,1.83975,1.8522
2004-08-31T11:00:00+02:00,1.8522,1.85885,1.8522,1.85885
2004-09-01T11:00:00+02:00,1.85885,1.8594,1.85885,1.8594
2004-09-02T11:00:00+02:00,1.8594,1.8768,1.8594,1.8768
2004-09-03T11:00:00+02:00,1.8768,1.8768,1.86675,1.86675
2004-09-06T11:00:00+02:00,1.86485,1.86485,1.8573,1.8573
2004-09-07T11:00:00+02:00,1.8573,1.8702,1.8573,1.8702
2004-09-08T11:00:00+02:00,1.8702,1.8753,1.8702,1.8753
2004-09-09T11:00:00+02:00,1.8753,1.8753,1.8715,1.8715
2004-09-10T11:00:00+02:00,1.8715,1.87275,1.8715,1.87275
2004-09-13T11:00:00+02:00,1.86965,1.86965,1.8659,1.8659
2004-09-14T11:00:00+02:00,1.8659,1.8659,1.8516,1.8516
2004-09-15T11:00:00+02:00,1.8516,1.8516,1.84935,1.84935
2004-09-16T11:00:00+02:00,1.84935,1.84935,1.8453,1.8453
2004-09-17T11:00:00+02:00,1.8453,1.8453,1.84495,1.84495
2004-09-20T11:00:00+02:00,1.84455,1.84455,1.8417,1.8417
2004-09-21T11:00:00+02:00,1.8417,1.8585,1.8417,1.8585
2004-09-22T11:00:00+02:00,1.8585,1.8585,1.8509,1.8509
2004-09-23T11:00:00+02:00,1.8509,1.8509,1.8422,1.8422
2004-09-24T11:00:00+02:00,1.8422,1.8422,1.83565,1.83565
2004-09-27T11:00:00+02:00,1.83755,1.8468,1.83755,1.8468
2004-09-28T11:00:00+02:00,1.8468,1.8468,1.8416,1.8416
2004-09-29T11:00:00+02:00,1.8416,1.8416,1.84085,1.84085
2004-09-30T11:00:00+02:00,1.84085,1.84085,1.83475,1.83475
2004-10-01T11:00:00+02:00,1.83475,1.83995,1.83475,1.83995
2004-10-04T11:00:00+02:00,1.84515,1.84515,1.8353,1.8353
2004-10-05T11:00:00+02:00,1.8353,1.8353,1.8263,1.8263
2004-10-06T11:00:00+02:00,1.8263,1.8263,1.8191,1.8191
2004-10-07T11:00:00+02:00,1.8191,1.8191,1.81485,1.81485
2004-10-08T11:00:00+02:00,1.81485,1.81485,1.81075,1.81075
2004-10-11T11:00:00+02:00,1.81575,1.81815,1.81575,1.81815
2004-10-12T11:00:00+02:00,1.81815,1.81815,1.81615,1.81615
2004-10-13T11:00:00+02:00,1.81615,1.8247,1.81615,1.8247
2004-10-14T11:00:00+02:00,1.8247,1.8247,1.82045,1.82045
2004-10-15T11:00:00+02:00,1.82045,1.82045,1.81335,1.81335
2004-10-18T11:00:00+02:00,1.81895,1.82415,1.81895,1.82415
2004-10-19T11:00:00+02:00,1.82415,1.82545,1.82415,1.82545
2004-10-20T11:00:00+02:00,1.82545,1.82545,1.82285,1.82285
2004-10-21T11:00:00+02:00,1.82285,1.82285,1.82025,1.82025
2004-10-22T11:00:00+02:00,1.82025,1.8223,1.82025,1.8223
2004-10-25T11:00:00+02:00,1.8204,1.8284,1.8204,1.8284
2004-10-26T11:00:00+02:00,1.8284,1.8315,1.8284,1.8315
2004-10-27T11:00:00+02:00,1.8315,1.8496,1.8315,1.8496
2004-10-28T11:00:00+02:00,1.8496,1.86505,1.8496,1.86505
2004-11-01T11:00:00+01:00,1.86565,1.86565,1.86565,1.86565
2004-11-02T11:00:00+01:00,1.86565,1.86565,1.85535,1.85535
2004-11-03T11:00:00+01:00,1.85535,1.85855,1.85535,1.85855
2004-11-04T11:00:00+01:00,1.85855,1.86345,1.85855,1.86345
2004-11-05T11:00:00+01:00,1.86345,1.8653,1.86345,1.8653
2004-11-08T11:00:00+01:00,1.8634,1.86845,1.8634,1.86845
2004-11-09T11:00:00+01:00,1.86845,1.87065,1.86845,1.87065
2004-11-10T11:00:00+01:00,1.87065,1.88615,1.87065,1.88615
2004-11-11T11:00:00+01:00,1.88615,1.88615,1.87635,1.87635
2004-11-12T11:00:00+01:00,1.87635,1.87635,1.87125,1.87125
2004-11-15T11:00:00+01:00,1.87015,1.87015,1.8481,1.8481
2004-11-16T11:00:00+01:00,1.8481,1.8523,1.8481,1.8523
2004-11-17T11:00:00+01:00,1.8523,1.8523,1.8414,1.8414
2004-11-18T11:00:00+01:00,1.8414,1.8414,1.8353,1.8353
2004-11-19T11:00:00+01:00,1.8353,1.8375,1.8353,1.8375
2004-11-22T11:00:00+01:00,1.8354,1.8387,1.8354,1.8387
2004-11-23T11:00:00+01:00,1.8387,1.8387,1.8374,1.8374
2004-11-24T11:00:00+01:00,1.8374,1.8535,1.8374,1.8535
2004-11-25T11:00:00+01:00,1.8535,1.8535,1.8506,1.8506
2004-11-26T11:00:00+01:00,1.8506,1.8543,1.8506,1.8543
2004-11-29T11:00:00+01:00,1.8527,1.8547,1.8527,1.8547
2004-11-30T11:00:00+01:00,1.8547,1.8593,1.8547,1.8593
2004-12-01T11:00:00+01:00,1.8593,1.8593,1.8567,1.8567
2004-12-02T11:00:00+01:00,1.8567,1.8567,1.8537,1.8537
2004-12-03T11:00:00+01:00,1.8537,1.8657,1.8537,1.8657
2004-12-06T11:00:00+01:00,1.862,1.8632,1.862,1.8632
2004-12-07T11:00:00+01:00,1.8632,1.8716,1.8632,1.8716
2004-12-08T11:00:00+01:00,1.8716,1.8716,1.8652,1.8652
2004-12-09T11:00:00+01:00,1.8652,1.87605,1.8652,1.87605
2004-12-10T11:00:00+01:00,1.87605,1.8774,1.87605,1.8774
2004-12-13T11:00:00+01:00,1.8827,1.8827,1.875,1.875
2004-12-14T11:00:00+01:00,1.875,1.8762,1.875,1.8762
2004-12-15T11:00:00+01:00,1.8762,1.8762,1.8664,1.8664
2004-12-16T11:00:00+01:00,1.8664,1.8664,1.8639,1.8639
2004-12-17T11:00:00+01:00,1.8639,1.8639,1.8612,1.8612
2004-12-20T11:00:00+01:00,1.8652,1.8688,1.8652,1.8688
2004-12-21T11:00:00+01:00,1.8688,1.8831,1.8688,1.8831
2004-12-22T11:00:00+01:00,1.8831,1.8831,1.8806,1.8806
2004-12-23T11:00:00+01:00,1.8806,1.8953,1.8806,1.8953
2004-12-24T11:00:00+01:00,1.8953,1.8953,1.8859,1.8859
2004-12-27T11:00:00+01:00,1.8873,1.8873,1.8849,1.8849
2004-12-28T11:00:00+01:00,1.8849,1.888,1.8849,1.888
2004-12-29T11:00:00+01:00,1.888,1.905,1.888,1.905
2004-12-30T11:00:00+01:00,1.905,1.905,1.8983,1.8983
2004-12-31T11:00:00+01:00,1.8983,1.8983,1.8894,1.8894
2005-01-02T23:00:00+01:00,1.8854,1.8955,1.8768,1.8905
2005-01-03T11:00:00+01:00,1.8905,1.8963,1.8806,1.8864
2005-01-03T23:00:00+01:00,1.8864,1.8914,1.8818,1.8835
2005-01-04T11:00:00+01:00,1.8835,1.8952,1.8791,1.8907
2005-01-04T23:00:00+01:00,1.8907,1.9027,1.8854,1.8985
2005-01-05T11:00:00+01:00,1.8985,1.9033,1.8851,1.8971
2005-01-05T23:00:00+01:00,1.8971,1.8994,1.8897,1.8932
2005-01-06T11:00:00+01:00,1.8932,1.8971,1.8828,1.8885
2005-01-06T23:00:00+01:00,1.8885,1.8885,1.8771,1.8818
2005-01-07T11:00:00+01:00,1.8818,1.8882,1.86815,1.878
2005-01-09T23:00:00+01:00,1.88025,1.8841,1.8765,1.8804
2005-01-10T11:00:00+01:00,1.8804,1.8898,1.8797,1.8843
2005-01-10T23:00:00+01:00,1.8843,1.8888,1.8787,1.8822
2005-01-11T11:00:00+01:00,1.8822,1.8877,1.875,1.8796
2005-01-11T23:00:00+01:00,1.8796,1.88835,1.875,1.8871
2005-01-12T11:00:00+01:00,1.8871,1.8897,1.8724,1.8759
2005-01-12T23:00:00+01:00,1.8759,1.8817,1.8731,1.8757
2005-01-13T11:00:00+01:00,1.8757,1.8803,1.8673,1.8768
2005-01-13T23:00:00+01:00,1.8768,1.88,1.8705,1.8738
2005-01-14T11:00:00+01:00,1.8738,1.8804,1.8688,1.8749
2005-01-16T23:00:00+01:00,1.8738,1.878,1.8709,1.8726
2005-01-17T11:00:00+01:00,1.8726,1.8795,1.8708,1.8769
2005-01-17T23:00:00+01:00,1.8769,1.88695,1.8753,1.8788
2005-01-18T11:00:00+01:00,1.8788,1.8841,1.8674,1.8708
2005-01-18T23:00:00+01:00,1.8708,1.8726,1.853,1.858
2005-01-19T11:00:00+01:00,1.858,1.863,1.8491,1.854
2005-01-19T23:00:00+01:00,1.854,1.8557,1.8424,1.8442
2005-01-20T11:00:00+01:00,1.8442,1.8464,1.8351,1.836
2005-01-20T23:00:00+01:00,1.836,1.841,1.8236,1.8298
2005-01-21T11:00:00+01:00,1.8298,1.8349,1.8231,1.8244
2005-01-23T23:00:00+01:00,1.8285,1.834,1.8205,1.8311
2005-01-24T11:00:00+01:00,1.8311,1.8325,1.8235,1.8285
2005-01-24T23:00:00+01:00,1.8285,1.8311,1.8192,1.8288
2005-01-25T11:00:00+01:00,1.8288,1.8347,1.8169,1.8272
2005-01-25T23:00:00+01:00,1.8272,1.8275,1.8201,1.8204
2005-01-26T11:00:00+01:00,1.8204,1.8314,1.8147,1.8255
2005-01-26T23:00:00+01:00,1.8255,1.8305,1.8228,1.8289
2005-01-27T11:00:00+01:00,1.8289,1.8296,1.8199,1.8225
2005-01-27T23:00:00+01:00,1.8225,1.8281,1.8189,1.8269
2005-01-28T11:00:00+01:00,1.8269,1.8358,1.8231,1.829
2005-01-30T23:00:00+01:00,1.8339,1.8348,1.8251,1.827
2005-01-31T11:00:00+01:00,1.827,1.8377,1.823,1.8347
2005-01-31T23:00:00+01:00,1.8347,1.8391,1.8307,1.8354
2005-02-01T11:00:00+01:00,1.8354,1.8364,1.826,1.8324
2005-02-01T23:00:00+01:00,1.8324,1.838,1.8292,1.8335
2005-02-02T11:00:00+01:00,1.8335,1.8363,1.8236,1.8246
2005-02-02T23:00:00+01:00,1.8246,1.8294,1.8229,1.8265
2005-02-03T11:00:00+01:00,1.8265,1.8309,1.8212,1.827
2005-02-03T23:00:00+01:00,1.827,1.8304,1.8209,1.8218
2005-02-04T11:00:00+01:00,1.8218,1.8289,1.8096,1.8115
2005-02-06T23:00:00+01:00,1.8136,1.8204,1.81,1.8185
2005-02-07T11:00:00+01:00,1.8185,1.8268,1.8129,1.8226
2005-02-07T23:00:00+01:00,1.8226,1.825,1.8131,1.8219
2005-02-08T11:00:00+01:00,1.8219,1.8319,1.8209,1.8251
2005-02-08T23:00:00+01:00,1.8251,1.8304,1.8191,1.8226
2005-02-09T11:00:00+01:00,1.8226,1.827,1.8162,1.8199
2005-02-09T23:00:00+01:00,1.8199,1.8217,1.8072,1.8112
2005-02-10T11:00:00+01:00,1.8112,1.82,1.8071,1.8094
2005-02-10T23:00:00+01:00,1.8094,1.8132,1.8059,1.8079
2005-02-11T11:00:00+01:00,1.8079,1.8127,1.7991,1.8017
2005-02-13T23:00:00+01:00,1.8041,1.816,1.8034,1.8139
2005-02-14T11:00:00+01:00,1.8139,1.8171,1.8069,1.8166
2005-02-14T23:00:00+01:00,1.8166,1.8192,1.8114,1.8168
2005-02-15T11:00:00+01:00,1.8168,1.82115,1.8111,1.8194
2005-02-15T23:00:00+01:00,1.8194,1.8248,1.8166,1.8219
2005-02-16T11:00:00+01:00,1.8219,1.8287,1.819,1.826
2005-02-16T23:00:00+01:00,1.826,1.828,1.8194,1.8213
2005-02-17T11:00:00+01:00,1.8213,1.8238,1.8118,1.8218
2005-02-17T23:00:00+01:00,1.8218,1.825,1.8143,1.8147
2005-02-18T11:00:00+01:00,1.8147,1.8152,1.8024,1.8075
2005-02-20T23:00:00+01:00,1.8046,1.8089,1.7948,1.7994
2005-02-21T11:00:00+01:00,1.7994,1.8033,1.7946,1.8013
2005-02-21T23:00:00+01:00,1.8013,1.8088,1.7983,1.8078
2005-02-22T11:00:00+01:00,1.8078,1.822,1.8062,1.82
2005-02-22T23:00:00+01:00,1.82,1.8251,1.8185,1.8217
2005-02-23T11:00:00+01:00,1.8217,1.8318,1.8172,1.8309
2005-02-23T23:00:00+01:00,1.8309,1.8342,1.8249,1.8335
2005-02-24T11:00:00+01:00,1.8335,1.837,1.8257,1.8301
2005-02-24T23:00:00+01:00,1.8301,1.8336,1.8272,1.8306
2005-02-25T11:00:00+01:00,1.8306,1.8355,1.8256,1.8335
2005-02-27T23:00:00+01:00,1.8352,1.8365,1.8206,1.8247
2005-02-28T11:00:00+01:00,1.8247,1.8256,1.816,1.8204
2005-02-28T23:00:00+01:00,1.8204,1.8238,1.817,1.8177
2005-03-01T11:00:00+01:00,1.8177,1.822,1.8124,1.8133
2005-03-01T23:00:00+01:00,1.8133,1.8214,1.8106,1.8138
2005-03-02T11:00:00+01:00,1.8138,1.815,1.8049,1.8087
2005-03-02T23:00:00+01:00,1.8087,1.8122,1.8063,1.811
2005-03-03T11:00:00+01:00,1.811,1.8123,1.7994,1.8023
2005-03-03T23:00:00+01:00,1.8023,1.805,1.8009,1.8038
2005-03-04T11:00:00+01:00,1.8038,1.8094,1.795,1.806
2005-03-06T23:00:00+01:00,1.8052,1.8068,1.7999,1.8018
2005-03-07T11:00:00+01:00,1.8018,1.8024,1.793,1.7976
2005-03-07T23:00:00+01:00,1.7976,1.7992,1.793,1.7947
2005-03-08T11:00:00+01:00,1.7947,1.80545,1.79375,1.80325
2005-03-08T23:00:00+01:00,1.80325,1.8143,1.80325,1.81165
2005-03-09T11:00:00+01:00,1.81165,1.83165,1.80735,1.81275
2005-03-09T23:00:00+01:00,1.81275,1.81825,1.80265,1.81775
2005-03-10T11:00:00+01:00,1.81775,1.8232,1.81305,1.81895
2005-03-10T23:00:00+01:00,1.81895,1.826,1.81685,1.8201
2005-03-11T11:00:00+01:00,1.8201,1.82425,1.8138,1.819
2005-03-13T23:00:00+01:00,1.8205,1.8213,1.81165,1.8182
2005-03-14T11:00:00+01:00,1.8182,1.8207,1.80855,1.81155
2005-03-14T23:00:00+01:00,1.81155,1.8139,1.80665,1.80965
2005-03-15T11:00:00+01:00,1.80965,1.81045,1.79535,1.79665
2005-03-15T23:00:00+01:00,1.79665,1.80385,1.79645,1.80205
2005-03-16T11:00:00+01:00,1.80205,1.80875,1.79785,1.80315
2005-03-16T23:00:00+01:00,1.80315,1.80595,1.80015,1.80335
2005-03-17T11:00:00+01:00,1.80335,1.80495,1.79635,1.80015
2005-03-17T23:00:00+01:00,1.80015,1.80265,1.79425,1.80205
2005-03-18T11:00:00+01:00,1.80205,1.80355,1.78415,1.7891
2005-03-20T23:00:00+01:00,1.7918,1.793,1.78205,1.78905
2005-03-21T11:00:00+01:00,1.78905,1.7931,1.78485,1.7877
2005-03-21T23:00:00+01:00,1.7877,1.7933,1.7868,1.7885
2005-03-22T11:00:00+01:00,1.7885,1.7937,1.7803,1.7891
2005-03-22T23:00:00+01:00,1.7891,1.8009,1.7879,1.7936
2005-03-23T11:00:00+01:00,1.7936,1.8165,1.7917,1.8079
2005-03-23T23:00:00+01:00,1.8079,1.8162,1.8053,1.8144
2005-03-24T11:00:00+01:00,1.8144,1.8227,1.8121,1.8139
2005-03-24T23:00:00+01:00,1.8139,1.8178,1.8127,1.81355
2005-03-25T11:00:00+01:00,1.81355,1.81805,1.81215,1.814
2005-03-28T00:00:00+02:00,1.8148,1.8236,1.8135,1.8212
2005-03-28T12:00:00+02:00,1.8212,1.8255,1.8143,1.8226
2005-03-29T00:00:00+02:00,1.8226,1.8313,1.8168,1.8186
2005-03-29T12:00:00+02:00,1.8186,1.8234,1.8119,1.821
2005-03-30T00:00:00+02:00,1.821,1.8282,1.8175,1.8218
2005-03-30T12:00:00+02:00,1.8218,1.8285,1.8203,1.8246
2005-03-31T00:00:00+02:00,1.8246,1.8263,1.8165,1.8236
2005-03-31T12:00:00+02:00,1.8236,1.825,1.8167,1.821
2005-04-01T00:00:00+02:00,1.821,1.829,1.8188,1.8271
2005-04-01T12:00:00+02:00,1.8271,1.83385,1.8135,1.8223
2005-04-03T23:00:00+02:00,1.8198,1.8245,1.8166,1.821
2005-04-04T11:00:00+02:00,1.821,1.8244,1.8142,1.8154
2005-04-04T23:00:00+02:00,1.8154,1.8256,1.815,1.8252
2005-04-05T11:00:00+02:00,1.8252,1.8273,1.8126,1.8141
2005-04-05T23:00:00+02:00,1.8141,1.8167,1.8088,1.8112
2005-04-06T11:00:00+02:00,1.8112,1.8132,1.8043,1.8071
2005-04-06T23:00:00+02:00,1.8071,1.8123,1.8041,1.807
2005-04-07T11:00:00+02:00,1.807,1.8093,1.8004,1.8061
2005-04-07T23:00:00+02:00,1.8061,1.8065,1.7961,1.7995
2005-04-08T11:00:00+02:00,1.7995,1.8076,1.7956,1.8055
2005-04-10T23:00:00+02:00,1.8052,1.8052,1.7928,1.7988
2005-04-11T11:00:00+02:00,1.7988,1.8039,1.7962,1.7987
2005-04-11T23:00:00+02:00,1.7987,1.8015,1.7942,1.7994
2005-04-12T11:00:00+02:00,1.7994,1.8002,1.7897,1.7911
2005-04-12T23:00:00+02:00,1.7911,1.7926,1.7835,1.7866
2005-04-13T11:00:00+02:00,1.7866,1.788,1.7791,1.7845
2005-04-13T23:00:00+02:00,1.7845,1.7851,1.7729,1.7729
2005-04-14T11:00:00+02:00,1.7729,1.7802,1.7695,1.7757
2005-04-14T23:00:00+02:00,1.7757,1.8013,1.7742,1.8009
2005-04-15T11:00:00+02:00,1.8009,1.8075,1.7937,1.805
2005-04-17T23:00:00+02:00,1.8019,1.8152,1.8012,1.8124
2005-04-18T11:00:00+02:00,1.8124,1.8222,1.8095,1.8133
2005-04-18T23:00:00+02:00,1.8133,1.8172,1.8026,1.8042
2005-04-19T11:00:00+02:00,1.8042,1.8144,1.8015,1.803
2005-04-19T23:00:00+02:00,1.803,1.8072,1.7981,1.7994
2005-04-20T11:00:00+02:00,1.7994,1.8012,1.7935,1.7982
2005-04-20T23:00:00+02:00,1.7982,1.8069,1.7965,1.7998
2005-04-21T11:00:00+02:00,1.7998,1.8011,1.7919,1.7931
2005-04-21T23:00:00+02:00,1.7931,1.7973,1.7825,1.7915
2005-04-22T11:00:00+02:00,1.7915,1.794,1.7813,1.7846
2005-04-24T23:00:00+02:00,1.7838,1.7847,1.7738,1.7747
2005-04-25T11:00:00+02:00,1.7747,1.7857,1.7721,1.7846
2005-04-25T23:00:00+02:00,1.7846,1.7887,1.7805,1.7812
2005-04-26T11:00:00+02:00,1.7812,1.7954,1.7799,1.7936
2005-04-26T23:00:00+02:00,1.7936,1.7999,1.7857,1.7916
2005-04-27T11:00:00+02:00,1.7916,1.799,1.7884,1.794
2005-04-27T23:00:00+02:00,1.794,1.794,1.7726,1.7772
2005-04-28T11:00:00+02:00,1.7772,1.7779,1.769,1.7699
2005-04-28T23:00:00+02:00,1.7699,1.7778,1.7691,1.7716
2005-04-29T11:00:00+02:00,1.7716,1.7717,1.75615,1.7594
2005-05-01T23:00:00+02:00,1.7612,1.7642,1.759,1.7625
2005-05-02T11:00:00+02:00,1.7625,1.7669,1.7595,1.7613
2005-05-02T23:00:00+02:00,1.7613,1.769,1.7586,1.7673
2005-05-03T11:00:00+02:00,1.7673,1.77885,1.7669,1.7714
2005-05-03T23:00:00+02:00,1.7714,1.7768,1.768,1.772
2005-05-04T11:00:00+02:00,1.772,1.7749,1.76295,1.76415
2005-05-04T23:00:00+02:00,1.76415,1.7702,1.75915,1.75915
2005-05-05T11:00:00+02:00,1.75915,1.76625,1.7583,1.76175
2005-05-05T23:00:00+02:00,1.76175,1.765,1.7596,1.7618
2005-05-06T11:00:00+02:00,1.7618,1.7659,1.7455,1.7484
2005-05-08T23:00:00+02:00,1.7505,1.7546,1.7479,1.7523
2005-05-09T11:00:00+02:00,1.7523,1.7606,1.7513,1.759
2005-05-09T23:00:00+02:00,1.759,1.7666,1.75445,1.7614
2005-05-10T11:00:00+02:00,1.7614,1.76255,1.7561,1.75925
2005-05-10T23:00:00+02:00,1.75925,1.7637,1.7567,1.7582
2005-05-11T11:00:00+02:00,1.7582,1.7611,1.7479,1.7562
2005-05-11T23:00:00+02:00,1.7562,1.7682,1.75245,1.7682
2005-05-12T11:00:00+02:00,1.7682,1.7714,1.76045,1.7661
2005-05-12T23:00:00+02:00,1.7661,1.775,1.7622,1.767
2005-05-13T11:00:00+02:00,1.767,1.7766,1.7646,1.7745
2005-05-15T23:00:00+02:00,1.7732,1.788,1.7696,1.7814
2005-05-16T11:00:00+02:00,1.7814,1.7919,1.78,1.7899
2005-05-16T23:00:00+02:00,1.7899,1.7907,1.7774,1.7834
2005-05-17T11:00:00+02:00,1.7834,1.7844,1.7787,1.7832
2005-05-17T23:00:00+02:00,1.7832,1.787,1.7781,1.7807
2005-05-18T11:00:00+02:00,1.7807,1.7859,1.773,1.775
2005-05-18T23:00:00+02:00,1.775,1.7831,1.775,1.7762
2005-05-19T11:00:00+02:00,1.7762,1.7792,1.7714,1.777
2005-05-19T23:00:00+02:00,1.777,1.7868,1.7706,1.7706
2005-05-20T11:00:00+02:00,1.7706,1.77785,1.7696,1.7711
2005-05-22T23:00:00+02:00,1.7736,1.7756,1.7683,1.7691
2005-05-23T11:00:00+02:00,1.7691,1.7761,1.7681,1.7697
2005-05-23T23:00:00+02:00,1.7697,1.7712,1.7652,1.76625
2005-05-24T11:00:00+02:00,1.76625,1.7705,1.7613,1.7641
2005-05-24T23:00:00+02:00,1.7641,1.768,1.762,1.765
2005-05-25T11:00:00+02:00,1.765,1.7689,1.7629,1.7647
2005-05-25T23:00:00+02:00,1.7647,1.7665,1.7582,1.761
2005-05-26T11:00:00+02:00,1.761,1.766,1.757,1.7643
2005-05-26T23:00:00+02:00,1.7643,1.7651,1.7567,1.7591
2005-05-27T11:00:00+02:00,1.7591,1.7614,1.7541,1.7587
2005-05-29T23:00:00+02:00,1.7548,1.75925,1.7531,1.7538
2005-05-30T11:00:00+02:00,1.7538,1.7542,1.7484,1.7523
2005-05-30T23:00:00+02:00,1.7523,1.7598,1.7464,1.74675
2005-05-31T11:00:00+02:00,1.74675,1.7554,1.7418,1.7455
2005-05-31T23:00:00+02:00,1.7455,1.7538,1.7448,1.7529
2005-06-01T11:00:00+02:00,1.7529,1.759,1.7449,1.7465
2005-06-01T23:00:00+02:00,1.7465,1.756,1.7452,1.7552
2005-06-02T11:00:00+02:00,1.7552,1.7573,1.7486,1.7505
2005-06-02T23:00:00+02:00,1.7505,1.7537,1.7464,1.7483
2005-06-03T11:00:00+02:00,1.7483,1.7565,1.7431,1.7478
2005-06-05T23:00:00+02:00,1.7484,1.7495,1.7372,1.7392
2005-06-06T11:00:00+02:00,1.7392,1.7397,1.7286,1.7289
2005-06-06T23:00:00+02:00,1.7289,1.733,1.7212,1.7217
2005-06-07T11:00:00+02:00,1.7217,1.7237,1.715,1.7195
2005-06-07T23:00:00+02:00,1.7195,1.7242,1.7156,1.7193
2005-06-08T11:00:00+02:00,1.7193,1.7256,1.714,1.7201
2005-06-08T23:00:00+02:00,1.7201,1.7243,1.7091,1.7143
2005-06-09T11:00:00+02:00,1.7143,1.7212,1.7126,1.717
2005-06-09T23:00:00+02:00,1.717,1.72,1.7147,1.7159
2005-06-10T11:00:00+02:00,1.7159,1.722,1.7131,1.7166
2005-06-12T23:00:00+02:00,1.715,1.7161,1.7052,1.7054
2005-06-13T11:00:00+02:00,1.7054,1.719,1.7043,1.7157
2005-06-13T23:00:00+02:00,1.7157,1.7192,1.7095,1.7102
2005-06-14T11:00:00+02:00,1.7102,1.7117,1.696,1.7008
2005-06-14T23:00:00+02:00,1.7008,1.7028,1.6952,1.6961
2005-06-15T11:00:00+02:00,1.6961,1.7044,1.6948,1.6975
2005-06-15T23:00:00+02:00,1.6975,1.7023,1.6935,1.6986
2005-06-16T11:00:00+02:00,1.6986,1.7019,1.6878,1.6934
2005-06-16T23:00:00+02:00,1.6934,1.7008,1.6928,1.7
2005-06-17T11:00:00+02:00,1.7,1.7146,1.6959,1.7133
2005-06-19T23:00:00+02:00,1.7056,1.7083,1.6969,1.6988
2005-06-20T11:00:00+02:00,1.6988,1.7031,1.6961,1.7006
2005-06-20T23:00:00+02:00,1.7006,1.7028,1.6946,1.6971
2005-06-21T11:00:00+02:00,1.6971,1.6984,1.6911,1.6973
2005-06-21T23:00:00+02:00,1.6973,1.7047,1.6966,1.7039
2005-06-22T11:00:00+02:00,1.7039,1.7054,1.6878,1.6903
2005-06-22T23:00:00+02:00,1.6903,1.709,1.6901,1.7045
2005-06-23T11:00:00+02:00,1.7045,1.7098,1.6962,1.7048
2005-06-23T23:00:00+02:00,1.7048,1.7099,1.6993,1.7023
2005-06-24T11:00:00+02:00,1.7023,1.7181,1.6965,1.7141
2005-06-26T23:00:00+02:00,1.7134,1.724,1.7102,1.7191
2005-06-27T11:00:00+02:00,1.7191,1.7207,1.7128,1.7177
2005-06-27T23:00:00+02:00,1.7177,1.72465,1.7166,1.7185
2005-06-28T11:00:00+02:00,1.7185,1.7259,1.7137,1.7215
2005-06-28T23:00:00+02:00,1.7215,1.726,1.7145,1.7194
2005-06-29T11:00:00+02:00,1.7194,1.7332,1.7182,1.725
2005-06-29T23:00:00+02:00,1.725,1.734,1.7238,1.734
2005-06-30T11:00:00+02:00,1.734,1.7429,1.7309,1.7368
2005-06-30T23:00:00+02:00,1.7368,1.75225,1.7329,1.74855
2005-07-01T11:00:00+02:00,1.74855,1.75715,1.74625,1.74855
2005-07-03T23:00:00+02:00,1.74705,1.75675,1.74535,1.7532
2005-07-04T11:00:00+02:00,1.7532,1.75645,1.74755,1.74855
2005-07-04T23:00:00+02:00,1.74855,1.76145,1.74855,1.7604
2005-07-05T11:00:00+02:00,1.7604,1.76575,1.75585,1.76035
2005-07-05T23:00:00+02:00,1.76035,1.76685,1.75565,1.76305
2005-07-06T11:00:00+02:00,1.76305,1.77515,1.75895,1.77165
2005-07-06T23:00:00+02:00,1.77165,1.78205,1.76395,1.76415
2005-07-07T11:00:00+02:00,1.76415,1.77905,1.76245,1.7749
2005-07-07T23:00:00+02:00,1.7749,1.7846,1.7724,1.7734
2005-07-08T11:00:00+02:00,1.7734,1.7827,1.7682,1.77725
2005-07-10T23:00:00+02:00,1.77415,1.77905,1.77145,1.77555
2005-07-11T11:00:00+02:00,1.77555,1.78265,1.77295,1.77965
2005-07-11T23:00:00+02:00,1.77965,1.78785,1.77345,1.78165
2005-07-12T11:00:00+02:00,1.78165,1.78535,1.77745,1.78435
2005-07-12T23:00:00+02:00,1.78435,1.79735,1.78135,1.79715
2005-07-13T11:00:00+02:00,1.79715,1.805,1.79145,1.79675
2005-07-13T23:00:00+02:00,1.79675,1.79805,1.77965,1.7844
2005-07-14T11:00:00+02:00,1.7844,1.7926,1.78195,1.788
2005-07-14T23:00:00+02:00,1.788,1.79465,1.78465,1.78685
2005-07-15T11:00:00+02:00,1.78685,1.7928,1.78435,1.78485
2005-07-17T23:00:00+02:00,1.78905,1.7913,1.78225,1.7895
2005-07-18T11:00:00+02:00,1.7895,1.7931,1.77505,1.77795
2005-07-18T23:00:00+02:00,1.77795,1.7826,1.7749,1.77875
2005-07-19T11:00:00+02:00,1.77875,1.7854,1.77345,1.7848
2005-07-19T23:00:00+02:00,1.7848,1.7923,1.78085,1.78335
2005-07-20T11:00:00+02:00,1.78335,1.8003,1.77705,1.79165
2005-07-20T23:00:00+02:00,1.79165,1.79605,1.78095,1.78285
2005-07-21T11:00:00+02:00,1.78285,1.78885,1.76815,1.77405
2005-07-21T23:00:00+02:00,1.77405,1.77865,1.76905,1.77045
2005-07-22T11:00:00+02:00,1.77045,1.77185,1.75565,1.75955
2005-07-24T23:00:00+02:00,1.76425,1.76705,1.75885,1.76575
2005-07-25T11:00:00+02:00,1.76575,1.77215,1.75955,1.76115
2005-07-25T23:00:00+02:00,1.76115,1.76455,1.75575,1.75955
2005-07-26T11:00:00+02:00,1.75955,1.76325,1.75525,1.76215
2005-07-26T23:00:00+02:00,1.76215,1.76895,1.76045,1.76835
2005-07-27T11:00:00+02:00,1.76835,1.77615,1.76385,1.7746
2005-07-27T23:00:00+02:00,1.7746,1.77975,1.7688,1.77675
2005-07-28T11:00:00+02:00,1.77675,1.78225,1.773,1.7757
2005-07-28T23:00:00+02:00,1.7757,1.7779,1.76815,1.77185
2005-07-29T11:00:00+02:00,1.77185,1.78395,1.76745,1.78105
2005-07-31T23:00:00+02:00,1.78415,1.78915,1.78165,1.78375
2005-08-01T11:00:00+02:00,1.78375,1.78665,1.77975,1.78105
2005-08-01T23:00:00+02:00,1.78105,1.78495,1.77525,1.77905
2005-08-02T11:00:00+02:00,1.77905,1.78055,1.77235,1.77445
2005-08-02T23:00:00+02:00,1.77445,1.77985,1.77205,1.77935
2005-08-03T11:00:00+02:00,1.77935,1.78805,1.77915,1.7838
2005-08-03T23:00:00+02:00,1.7838,1.79025,1.7802,1.78315
2005-08-04T11:00:00+02:00,1.78315,1.79325,1.78195,1.79245
2005-08-04T23:00:00+02:00,1.79245,1.79485,1.7875,1.789
2005-08-05T11:00:00+02:00,1.789,1.79605,1.78585,1.78885
2005-08-07T23:00:00+02:00,1.79065,1.79155,1.7803,1.7853
2005-08-08T11:00:00+02:00,1.7853,1.7875,1.7817,1.7846
2005-08-08T23:00:00+02:00,1.7846,1.7864,1.7786,1.7845
2005-08-09T11:00:00+02:00,1.7845,1.79145,1.7841,1.7864
2005-08-09T23:00:00+02:00,1.7864,1.79015,1.7794,1.7812
2005-08-10T11:00:00+02:00,1.7812,1.7862,1.7756,1.7805
2005-08-10T23:00:00+02:00,1.7805,1.7818,1.7657,1.7681
2005-08-11T11:00:00+02:00,1.7681,1.7713,1.7625,1.7673
2005-08-11T23:00:00+02:00,1.7673,1.7708,1.7577,1.7608
2005-08-12T11:00:00+02:00,1.7608,1.7654,1.7538,1.759
2005-08-14T23:00:00+02:00,1.7596,1.7599,1.747,1.7478
2005-08-15T11:00:00+02:00,1.7478,1.7563,1.7474,1.7519
2005-08-15T23:00:00+02:00,1.7519,1.7551,1.7482,1.7491
2005-08-16T11:00:00+02:00,1.7491,1.7582,1.748,1.7555
2005-08-16T23:00:00+02:00,1.7555,1.7566,1.7488,1.7496
2005-08-17T11:00:00+02:00,1.7496,1.756,1.7464,1.7513
2005-08-17T23:00:00+02:00,1.7513,1.7551,1.7476,1.7534
2005-08-18T11:00:00+02:00,1.7534,1.7542,1.7447,1.7489
2005-08-18T23:00:00+02:00,1.7489,1.753,1.7435,1.7486
2005-08-19T11:00:00+02:00,1.7486,1.756,1.7455,1.75015
2005-08-21T23:00:00+02:00,1.75275,1.75785,1.7491,1.7497
2005-08-22T11:00:00+02:00,1.7497,1.7585,1.7492,1.7566
2005-08-22T23:00:00+02:00,1.7566,1.7571,1.7497,1.75575
2005-08-23T11:00:00+02:00,1.75575,1.7578,1.7502,1.7507
2005-08-23T23:00:00+02:00,1.7507,1.75615,1.7499,1.7516
2005-08-24T11:00:00+02:00,1.7516,1.7604,1.749,1.7595
2005-08-24T23:00:00+02:00,1.7595,1.7662,1.756,1.7596
2005-08-25T11:00:00+02:00,1.7596,1.7676,1.7554,1.7631
2005-08-25T23:00:00+02:00,1.7631,1.7667,1.7609,1.7639
2005-08-26T11:00:00+02:00,1.7639,1.7699,1.7599,1.7678
2005-08-28T23:00:00+02:00,1.7685,1.773,1.7661,1.7673
2005-08-29T11:00:00+02:00,1.7673,1.7696,1.76065,1.76425
2005-08-29T23:00:00+02:00,1.76425,1.77235,1.76065,1.76945
2005-08-30T11:00:00+02:00,1.76945,1.77535,1.76765,1.77155
2005-08-30T23:00:00+02:00,1.77155,1.77985,1.76995,1.77085
2005-08-31T11:00:00+02:00,1.77085,1.78305,1.77045,1.7741
2005-08-31T23:00:00+02:00,1.7741,1.7783,1.7721,1.7738
2005-09-01T11:00:00+02:00,1.7738,1.776,1.768,1.7716
2005-09-01T23:00:00+02:00,1.7716,1.7786,1.7668,1.7782
2005-09-02T11:00:00+02:00,1.7782,1.78345,1.7713,1.7734
2005-09-04T23:00:00+02:00,1.7761,1.7784,1.7672,1.77
2005-09-05T11:00:00+02:00,1.77,1.7714,1.76225,1.7714
2005-09-05T23:00:00+02:00,1.7714,1.7714,1.7567,1.7592
2005-09-06T11:00:00+02:00,1.7592,1.7667,1.757,1.7581
2005-09-06T23:00:00+02:00,1.7581,1.7709,1.7552,1.76715
2005-09-07T11:00:00+02:00,1.76715,1.7685,1.7607,1.7644
2005-09-07T23:00:00+02:00,1.7644,1.7679,1.7609,1.7636
2005-09-08T11:00:00+02:00,1.7636,1.7673,1.7567,1.7581
2005-09-08T23:00:00+02:00,1.7581,1.766,1.7567,1.7573
2005-09-09T11:00:00+02:00,1.7573,1.7604,1.7529,1.7529
2005-09-11T23:00:00+02:00,1.7498,1.7536,1.743,1.7463
2005-09-12T11:00:00+02:00,1.7463,1.7499,1.7411,1.7493
2005-09-12T23:00:00+02:00,1.7493,1.7513,1.7428,1.7466
2005-09-13T11:00:00+02:00,1.7466,1.7509,1.7442,1.7467
2005-09-13T23:00:00+02:00,1.7467,1.7485,1.7334,1.7378
2005-09-14T11:00:00+02:00,1.7378,1.74265,1.7306,1.7323
2005-09-14T23:00:00+02:00,1.7323,1.735,1.7265,1.7293
2005-09-15T11:00:00+02:00,1.7293,1.7349,1.7236,1.7324
2005-09-15T23:00:00+02:00,1.7324,1.7419,1.73,1.7376
2005-09-16T11:00:00+02:00,1.7376,1.7394,1.7308,1.7357
2005-09-18T23:00:00+02:00,1.73745,1.7421,1.7326,1.7387
2005-09-19T11:00:00+02:00,1.7387,1.739,1.7311,1.7329
2005-09-19T23:00:00+02:00,1.7329,1.7389,1.7304,1.73115
2005-09-20T11:00:00+02:00,1.73115,1.7384,1.7301,1.7361
2005-09-20T23:00:00+02:00,1.7361,1.7492,1.7356,1.7461
2005-09-21T11:00:00+02:00,1.7461,1.7506,1.7384,1.7467
2005-09-21T23:00:00+02:00,1.7467,1.7527,1.745,1.7514
2005-09-22T11:00:00+02:00,1.7514,1.75675,1.7453,1.75375
2005-09-22T23:00:00+02:00,1.75375,1.75855,1.7498,1.75495
2005-09-23T11:00:00+02:00,1.75495,1.76045,1.74925,1.74985
2005-09-25T23:00:00+02:00,1.75455,1.76095,1.74795,1.76065
2005-09-26T11:00:00+02:00,1.76065,1.76195,1.75415,1.75935
2005-09-26T23:00:00+02:00,1.75935,1.77025,1.75825,1.76755
2005-09-27T11:00:00+02:00,1.76755,1.77075,1.76335,1.76535
2005-09-27T23:00:00+02:00,1.76535,1.77205,1.75585,1.75745
2005-09-28T11:00:00+02:00,1.75745,1.75955,1.75065,1.75125
2005-09-28T23:00:00+02:00,1.75125,1.75325,1.74025,1.74045
2005-09-29T11:00:00+02:00,1.74045,1.74355,1.73495,1.74115
2005-09-29T23:00:00+02:00,1.74115,1.74385,1.73525,1.74325
2005-09-30T11:00:00+02:00,1.74325,1.74515,1.73385,1.73955
2005-10-02T23:00:00+02:00,1.73625,1.73695,1.72805,1.72855
2005-10-03T11:00:00+02:00,1.72855,1.72965,1.72115,1.72395
2005-10-03T23:00:00+02:00,1.72395,1.72535,1.7159,1.7194
2005-10-04T11:00:00+02:00,1.7194,1.72065,1.7107,1.7112
2005-10-04T23:00:00+02:00,1.7112,1.72,1.7056,1.7176
2005-10-05T11:00:00+02:00,1.7176,1.72705,1.7121,1.7258
2005-10-05T23:00:00+02:00,1.7258,1.7318,1.71925,1.7211
2005-10-06T11:00:00+02:00,1.7211,1.7518,1.7203,1.7455
2005-10-06T23:00:00+02:00,1.7455,1.7471,1.7342,1.7439
2005-10-07T11:00:00+02:00,1.7439,1.7451,1.73665,1.7435
2005-10-09T23:00:00+02:00,1.74395,1.74535,1.7339,1.734
2005-10-10T11:00:00+02:00,1.734,1.7356,1.725,1.7272
2005-10-10T23:00:00+02:00,1.7272,1.7292,1.7181,1.7288
2005-10-11T11:00:00+02:00,1.7288,1.73615,1.7257,1.73325
2005-10-11T23:00:00+02:00,1.73325,1.73415,1.72585,1.72945
2005-10-12T11:00:00+02:00,1.72945,1.7325,1.7216,1.725
2005-10-12T23:00:00+02:00,1.725,1.72895,1.7221,1.72705
2005-10-13T11:00:00+02:00,1.72705,1.73885,1.7254,1.73625
2005-10-13T23:00:00+02:00,1.73625,1.74105,1.7278,1.7313
2005-10-14T11:00:00+02:00,1.7313,1.7385,1.7266,1.7334
2005-10-16T23:00:00+02:00,1.7337,1.7375,1.7259,1.7269
2005-10-17T11:00:00+02:00,1.7269,1.7345,1.7233,1.7265
2005-10-17T23:00:00+02:00,1.7265,1.7294,1.7171,1.71825
2005-10-18T11:00:00+02:00,1.71825,1.7218,1.7125,1.7213
2005-10-18T23:00:00+02:00,1.7213,1.7227,1.7105,1.7126
2005-10-19T11:00:00+02:00,1.7126,1.719,1.7112,1.7171
2005-10-19T23:00:00+02:00,1.7171,1.7208,1.7114,1.7122
2005-10-20T11:00:00+02:00,1.7122,1.7163,1.7053,1.7141
2005-10-20T23:00:00+02:00,1.7141,1.7194,1.7092,1.7145
2005-10-21T11:00:00+02:00,1.7145,1.7176,1.704,1.7073
2005-10-23T23:00:00+02:00,1.7072,1.7084,1.6991,1.7038
2005-10-24T11:00:00+02:00,1.7038,1.7094,1.7027,1.7038
2005-10-24T23:00:00+02:00,1.7038,1.71,1.7,1.7086
2005-10-25T11:00:00+02:00,1.7086,1.7215,1.7065,1.7173
2005-10-25T23:00:00+02:00,1.7173,1.7181,1.7097,1.7132
2005-10-26T11:00:00+02:00,1.7132,1.7224,1.7104,1.7194
2005-10-26T23:00:00+02:00,1.7194,1.7242,1.7101,1.7107
2005-10-27T11:00:00+02:00,1.7107,1.7219,1.7104,1.7179
2005-10-27T23:00:00+02:00,1.7179,1.7217,1.7133,1.7191
2005-10-28T11:00:00+02:00,1.7191,1.7214,1.7115,1.7152
2005-10-30T23:00:00+01:00,1.7147,1.7174,1.7118,1.7132
2005-10-31T11:00:00+01:00,1.7132,1.715,1.7094,1.7118
2005-10-31T23:00:00+01:00,1.7118,1.7192,1.7078,1.7189
2005-11-01T11:00:00+01:00,1.7189,1.7251,1.7154,1.7232
2005-11-01T23:00:00+01:00,1.7232,1.73455,1.7205,1.73265
2005-11-02T11:00:00+01:00,1.73265,1.74485,1.7284,1.74365
2005-11-02T23:00:00+01:00,1.74365,1.74685,1.7369,1.7374
2005-11-03T11:00:00+01:00,1.7374,1.74055,1.73015,1.73435
2005-11-03T23:00:00+01:00,1.73435,1.73815,1.72995,1.73295
2005-11-04T11:00:00+01:00,1.73295,1.73935,1.72815,1.72825
2005-11-06T23:00:00+01:00,1.73225,1.73625,1.72575,1.73605
2005-11-07T11:00:00+01:00,1.73605,1.7868,1.6854,1.73745
2005-11-07T23:00:00+01:00,1.73745,1.7398,1.72625,1.72875
2005-11-08T11:00:00+01:00,1.72875,1.72995,1.72195,1.72365
2005-11-08T23:00:00+01:00,1.72365,1.72845,1.71735,1.71855
2005-11-09T11:00:00+01:00,1.71855,1.72365,1.71245,1.71365
2005-11-09T23:00:00+01:00,1.71365,1.71625,1.70715,1.70895
2005-11-10T11:00:00+01:00,1.70895,1.71255,1.70225,1.70505
2005-11-10T23:00:00+01:00,1.70505,1.70585,1.69665,1.70495
2005-11-11T11:00:00+01:00,1.70495,1.70805,1.70205,1.70725
2005-11-13T23:00:00+01:00,1.70815,1.71465,1.70695,1.71055
2005-11-14T11:00:00+01:00,1.71055,1.723,1.70985,1.72175
2005-11-14T23:00:00+01:00,1.72175,1.72525,1.70855,1.71005
2005-11-15T11:00:00+01:00,1.71005,1.71355,1.70595,1.71035
2005-11-15T23:00:00+01:00,1.71035,1.71555,1.71035,1.71325
2005-11-16T11:00:00+01:00,1.71325,1.71425,1.70115,1.70415
2005-11-16T23:00:00+01:00,1.70415,1.70675,1.69995,1.70455
2005-11-17T11:00:00+01:00,1.70455,1.71065,1.70125,1.70835
2005-11-17T23:00:00+01:00,1.70835,1.71355,1.70185,1.70465
2005-11-18T11:00:00+01:00,1.70465,1.71565,1.70015,1.71285
2005-11-20T23:00:00+01:00,1.71485,1.71975,1.70735,1.71555
2005-11-21T11:00:00+01:00,1.71555,1.71595,1.70075,1.70265
2005-11-21T23:00:00+01:00,1.70265,1.70815,1.70035,1.70295
2005-11-22T11:00:00+01:00,1.70295,1.71065,1.70095,1.70735
2005-11-22T23:00:00+01:00,1.70735,1.71485,1.70215,1.70385
2005-11-23T11:00:00+01:00,1.70385,1.70575,1.69855,1.7038
2005-11-23T23:00:00+01:00,1.7038,1.70485,1.6962,1.6966
2005-11-24T11:00:00+01:00,1.6966,1.6992,1.6931,1.69575
2005-11-24T23:00:00+01:00,1.69575,1.69675,1.68725,1.68895
2005-11-25T11:00:00+01:00,1.68895,1.69135,1.6808,1.6818
2005-11-27T23:00:00+01:00,1.6834,1.68565,1.6744,1.6791
2005-11-28T11:00:00+01:00,1.6791,1.6894,1.6772,1.6812
2005-11-28T23:00:00+01:00,1.6812,1.6844,1.6778,1.6801
2005-11-29T11:00:00+01:00,1.6801,1.6861,1.676,1.6818
2005-11-29T23:00:00+01:00,1.6818,1.6826,1.6706,1.67405
2005-11-30T11:00:00+01:00,1.67405,1.6797,1.671,1.6776
2005-11-30T23:00:00+01:00,1.6776,1.678,1.6692,1.6711
2005-12-01T11:00:00+01:00,1.6711,1.6718,1.6594,1.6658
2005-12-01T23:00:00+01:00,1.6658,1.6681,1.6563,1.6586
2005-12-02T11:00:00+01:00,1.6586,1.6592,1.6395,1.6435
2005-12-04T23:00:00+01:00,1.6419,1.6434,1.6341,1.6402
2005-12-05T11:00:00+01:00,1.6402,1.6433,1.6366,1.6408
2005-12-05T23:00:00+01:00,1.6408,1.6434,1.6375,1.6414
2005-12-06T11:00:00+01:00,1.6414,1.6454,1.63925,1.6422
2005-12-06T23:00:00+01:00,1.6422,1.668,1.6418,1.6607
2005-12-07T11:00:00+01:00,1.6607,1.6733,1.6561,1.6708
2005-12-07T23:00:00+01:00,1.6708,1.6852,1.6643,1.6829
2005-12-08T11:00:00+01:00,1.6829,1.692,1.6759,1.6843
2005-12-08T23:00:00+01:00,1.6843,1.6878,1.6742,1.6772
2005-12-09T11:00:00+01:00,1.6772,1.6824,1.6753,1.6795
2005-12-11T23:00:00+01:00,1.6783,1.6799,1.6709,1.6763
2005-12-12T11:00:00+01:00,1.6763,1.6877,1.6762,1.6808
2005-12-12T23:00:00+01:00,1.6808,1.6865,1.6791,1.684
2005-12-13T11:00:00+01:00,1.684,1.6936,1.6821,1.6923
2005-12-13T23:00:00+01:00,1.6923,1.7006,1.691,1.6961
2005-12-14T11:00:00+01:00,1.6961,1.7044,1.6913,1.6971
2005-12-14T23:00:00+01:00,1.6971,1.73765,1.6912,1.7345
2005-12-15T11:00:00+01:00,1.7345,1.73635,1.7187,1.7263
2005-12-15T23:00:00+01:00,1.7263,1.74155,1.7261,1.73645
2005-12-16T11:00:00+01:00,1.73645,1.74595,1.73145,1.73895
2005-12-18T23:00:00+01:00,1.74235,1.74885,1.7308,1.73395
2005-12-19T11:00:00+01:00,1.73395,1.74605,1.73125,1.74545
2005-12-19T23:00:00+01:00,1.74545,1.74935,1.73665,1.73995
2005-12-20T11:00:00+01:00,1.73995,1.74235,1.73375,1.74195
2005-12-20T23:00:00+01:00,1.74195,1.74595,1.73545,1.73875
2005-12-21T11:00:00+01:00,1.73875,1.7482,1.73655,1.7469
2005-12-21T23:00:00+01:00,1.7469,1.7606,1.7422,1.7556
2005-12-22T11:00:00+01:00,1.7556,1.7685,1.7495,1.7623
2005-12-22T23:00:00+01:00,1.7623,1.7685,1.7576,1.7581
2005-12-23T11:00:00+01:00,1.7581,1.76735,1.7564,1.76035
2005-12-25T23:00:00+01:00,1.76035,1.76255,1.7515,1.7526
2005-12-26T11:00:00+01:00,1.7526,1.7548,1.7511,1.7531
2005-12-26T23:00:00+01:00,1.7531,1.761,1.75155,1.7597
2005-12-27T11:00:00+01:00,1.7597,1.7614,1.7514,1.7606
2005-12-27T23:00:00+01:00,1.7606,1.7628,1.73825,1.74625
2005-12-28T11:00:00+01:00,1.74625,1.75055,1.73715,1.73775
2005-12-28T23:00:00+01:00,1.73775,1.7458,1.73565,1.73705
2005-12-29T11:00:00+01:00,1.73705,1.74165,1.73295,1.73845
2005-12-29T23:00:00+01:00,1.73845,1.73885,1.72945,1.73125
2005-12-30T11:00:00+01:00,1.73125,1.73965,1.72595,1.73445
2006-01-01T23:00:00+01:00,1.73385,1.7397,1.7302,1.7351
2006-01-02T11:00:00+01:00,1.7351,1.7381,1.7318,1.7327
2006-01-02T23:00:00+01:00,1.7327,1.74255,1.73205,1.74235
2006-01-03T11:00:00+01:00,1.74235,1.76235,1.74035,1.75655
2006-01-03T23:00:00+01:00,1.75655,1.76345,1.75085,1.76035
2006-01-04T11:00:00+01:00,1.76035,1.76695,1.75495,1.76355
2006-01-04T23:00:00+01:00,1.76355,1.76905,1.7543,1.76635
2006-01-05T11:00:00+01:00,1.76635,1.76875,1.75875,1.76265
2006-01-05T23:00:00+01:00,1.76265,1.77085,1.76085,1.76785
2006-01-06T11:00:00+01:00,1.76785,1.76995,1.75555,1.75705
2006-01-08T23:00:00+01:00,1.75745,1.75935,1.74405,1.74595
2006-01-09T11:00:00+01:00,1.74595,1.74855,1.7403,1.741
2006-01-09T23:00:00+01:00,1.741,1.74685,1.73675,1.73865
2006-01-10T11:00:00+01:00,1.73865,1.7437,1.7372,1.74055
2006-01-10T23:00:00+01:00,1.74055,1.74215,1.7351,1.7369
2006-01-11T11:00:00+01:00,1.7369,1.741,1.7356,1.7389
2006-01-11T23:00:00+01:00,1.7389,1.7417,1.7368,1.7385
2006-01-12T11:00:00+01:00,1.7385,1.7401,1.72755,1.73625
2006-01-12T23:00:00+01:00,1.73625,1.73855,1.7308,1.7338
2006-01-13T11:00:00+01:00,1.7338,1.7395,1.7315,1.7379
2006-01-15T23:00:00+01:00,1.7384,1.7409,1.7351,1.7376
2006-01-16T11:00:00+01:00,1.7376,1.744,1.7325,1.7437
2006-01-16T23:00:00+01:00,1.7437,1.74745,1.7393,1.74655
2006-01-17T11:00:00+01:00,1.74655,1.75615,1.74335,1.75275
2006-01-17T23:00:00+01:00,1.75275,1.76025,1.75125,1.75695
2006-01-18T11:00:00+01:00,1.75695,1.76865,1.75505,1.76585
2006-01-18T23:00:00+01:00,1.76585,1.77855,1.75995,1.77595
2006-01-19T11:00:00+01:00,1.77595,1.78825,1.77405,1.78235
2006-01-19T23:00:00+01:00,1.78235,1.78395,1.76925,1.77435
2006-01-20T11:00:00+01:00,1.77435,1.78855,1.77285,1.78575
2006-01-22T23:00:00+01:00,1.78575,1.79425,1.78275,1.79295
2006-01-23T11:00:00+01:00,1.79295,1.79975,1.79085,1.79735
2006-01-23T23:00:00+01:00,1.79735,1.8163,1.79565,1.8138
2006-01-24T11:00:00+01:00,1.8138,1.8156,1.79595,1.79685
2006-01-24T23:00:00+01:00,1.79685,1.80125,1.79365,1.79845
2006-01-25T11:00:00+01:00,1.79845,1.80165,1.77875,1.77995
2006-01-25T23:00:00+01:00,1.77995,1.78645,1.77825,1.77825
2006-01-26T11:00:00+01:00,1.77825,1.79205,1.77695,1.78455
2006-01-26T23:00:00+01:00,1.78455,1.8056,1.78145,1.78365
2006-01-27T11:00:00+01:00,1.78365,1.78715,1.77245,1.77465
2006-01-29T23:00:00+01:00,1.77875,1.78005,1.76975,1.77145
2006-01-30T11:00:00+01:00,1.77145,1.77595,1.76925,1.77385
2006-01-30T23:00:00+01:00,1.77385,1.77895,1.77035,1.77125
2006-01-31T11:00:00+01:00,1.77125,1.7773,1.76465,1.76565
2006-01-31T23:00:00+01:00,1.76565,1.76845,1.76025,1.76185
2006-02-01T11:00:00+01:00,1.76185,1.76635,1.75825,1.76355
2006-02-01T23:00:00+01:00,1.76355,1.76425,1.75435,1.75625
2006-02-02T11:00:00+01:00,1.75625,1.75775,1.75075,1.75215
2006-02-02T23:00:00+01:00,1.75215,1.75535,1.74525,1.74815
2006-02-03T11:00:00+01:00,1.74815,1.75345,1.74425,1.74815
2006-02-05T23:00:00+01:00,1.74925,1.76345,1.74785,1.75465
2006-02-06T11:00:00+01:00,1.75465,1.75835,1.75055,1.75725
2006-02-06T23:00:00+01:00,1.75725,1.75895,1.74905,1.75535
2006-02-07T11:00:00+01:00,1.75535,1.76665,1.75255,1.76565
2006-02-07T23:00:00+01:00,1.76565,1.7744,1.76005,1.7707
2006-02-08T11:00:00+01:00,1.7707,1.774,1.75875,1.7733
2006-02-08T23:00:00+01:00,1.7733,1.7759,1.76165,1.76485
2006-02-09T11:00:00+01:00,1.76485,1.7716,1.76225,1.76415
2006-02-09T23:00:00+01:00,1.76415,1.76575,1.75695,1.75825
2006-02-10T11:00:00+01:00,1.75825,1.76265,1.75165,1.75395
2006-02-12T23:00:00+01:00,1.75465,1.75505,1.74835,1.74985
2006-02-13T11:00:00+01:00,1.74985,1.7649,1.74795,1.7631
2006-02-13T23:00:00+01:00,1.7631,1.7696,1.7619,1.7673
2006-02-14T11:00:00+01:00,1.7673,1.771,1.75825,1.75855
2006-02-14T23:00:00+01:00,1.75855,1.7624,1.75705,1.7587
2006-02-15T11:00:00+01:00,1.7587,1.7647,1.75395,1.7643
2006-02-15T23:00:00+01:00,1.7643,1.7666,1.7594,1.7614
2006-02-16T11:00:00+01:00,1.7614,1.7799,1.7611,1.7765
2006-02-16T23:00:00+01:00,1.7765,1.7898,1.7716,1.7873
2006-02-17T11:00:00+01:00,1.7873,1.7931,1.7803,1.78625
2006-02-19T23:00:00+01:00,1.78725,1.78945,1.7816,1.7853
2006-02-20T11:00:00+01:00,1.7853,1.7867,1.779,1.7808
2006-02-20T23:00:00+01:00,1.7808,1.8037,1.7785,1.7959
2006-02-21T11:00:00+01:00,1.7959,1.8044,1.7913,1.7987
2006-02-21T23:00:00+01:00,1.7987,1.8135,1.7981,1.8104
2006-02-22T11:00:00+01:00,1.8104,1.8111,1.8015,1.8087
2006-02-22T23:00:00+01:00,1.8087,1.8113,1.8029,1.8055
2006-02-23T11:00:00+01:00,1.8055,1.8085,1.8009,1.8021
2006-02-23T23:00:00+01:00,1.8021,1.8037,1.7961,1.7969
2006-02-24T11:00:00+01:00,1.7969,1.7972,1.7889,1.79195
2006-02-26T23:00:00+01:00,1.80225,1.80535,1.7974,1.7979
2006-02-27T11:00:00+01:00,1.7979,1.8011,1.7913,1.796
2006-02-27T23:00:00+01:00,1.796,1.8011,1.7924,1.7993
2006-02-28T11:00:00+01:00,1.7993,1.8051,1.7966,1.8009
2006-02-28T23:00:00+01:00,1.8009,1.8034,1.7962,1.797
2006-03-01T11:00:00+01:00,1.797,1.7993,1.7902,1.7941
2006-03-01T23:00:00+01:00,1.7941,1.7948,1.788,1.792
2006-03-02T11:00:00+01:00,1.792,1.8061,1.7889,1.8017
2006-03-02T23:00:00+01:00,1.8017,1.8079,1.7994,1.8025
2006-03-03T11:00:00+01:00,1.8025,1.81125,1.8009,1.80855
2006-03-05T23:00:00+01:00,1.80945,1.8189,1.80825,1.818
2006-03-06T11:00:00+01:00,1.818,1.8322,1.8167,1.8279
2006-03-06T23:00:00+01:00,1.8279,1.8406,1.8274,1.8357
2006-03-07T11:00:00+01:00,1.8357,1.8379,1.8273,1.8316
2006-03-07T23:00:00+01:00,1.8316,1.8369,1.8252,1.8311
2006-03-08T11:00:00+01:00,1.8311,1.8385,1.82585,1.8284
2006-03-08T23:00:00+01:00,1.8284,1.8398,1.8273,1.8337
2006-03-09T11:00:00+01:00,1.8337,1.845,1.8298,1.8435
2006-03-09T23:00:00+01:00,1.8435,1.854,1.8407,1.8518
2006-03-10T11:00:00+01:00,1.8518,1.8618,1.8471,1.85675
2006-03-12T23:00:00+01:00,1.85115,1.8665,1.85095,1.861
2006-03-13T11:00:00+01:00,1.861,1.8722,1.8565,1.8712
2006-03-13T23:00:00+01:00,1.8712,1.8928,1.8682,1.8841
2006-03-14T11:00:00+01:00,1.8841,1.8845,1.8681,1.8698
2006-03-14T23:00:00+01:00,1.8698,1.8752,1.8656,1.868
2006-03-15T11:00:00+01:00,1.868,1.8713,1.861,1.8652
2006-03-15T23:00:00+01:00,1.8652,1.8892,1.8651,1.8825
2006-03-16T11:00:00+01:00,1.8825,1.9113,1.8816,1.9026
2006-03-16T23:00:00+01:00,1.9026,1.9218,1.9002,1.9144
2006-03-17T11:00:00+01:00,1.9144,1.9327,1.9114,1.92015
2006-03-19T23:00:00+01:00,1.91545,1.9501,1.91535,1.9477
2006-03-20T11:00:00+01:00,1.9477,1.9536,1.9378,1.9471
2006-03-20T23:00:00+01:00,1.9471,1.95295,1.9336,1.9467
2006-03-21T11:00:00+01:00,1.9467,1.9506,1.9365,1.9407
2006-03-21T23:00:00+01:00,1.9407,1.95525,1.9353,1.94665
2006-03-22T11:00:00+01:00,1.94665,1.94725,1.9247,1.931
2006-03-22T23:00:00+01:00,1.931,1.9333,1.9185,1.9205
2006-03-23T11:00:00+01:00,1.9205,1.9288,1.9148,1.9192
2006-03-23T23:00:00+01:00,1.9192,1.96295,1.914,1.95635
2006-03-24T11:00:00+01:00,1.95635,1.9808,1.95425,1.978
2006-03-27T00:00:00+02:00,1.9717,1.99105,1.9675,1.98125
2006-03-27T12:00:00+02:00,1.98125,1.98695,1.97465,1.98045
2006-03-28T00:00:00+02:00,1.98045,1.98395,1.96115,1.97655
2006-03-28T12:00:00+02:00,1.97655,2.00115,1.97495,1.98755
2006-03-29T00:00:00+02:00,1.98755,2.00375,1.98365,1.99125
2006-03-29T12:00:00+02:00,1.99125,1.99815,1.98435,1.98695
2006-03-30T00:00:00+02:00,1.98695,1.99305,1.97635,1.98315
2006-03-30T12:00:00+02:00,1.98315,1.99205,1.97715,1.98465
2006-03-31T00:00:00+02:00,1.98465,1.99015,1.97505,1.97595
2006-03-31T12:00:00+02:00,1.97595,1.98815,1.96655,1.9698
2006-04-02T23:00:00+02:00,1.9673,1.9715,1.95455,1.96425
2006-04-03T11:00:00+02:00,1.96425,1.99325,1.95965,1.99255
2006-04-03T23:00:00+02:00,1.99255,2.02255,1.98975,2.01885
2006-04-04T11:00:00+02:00,2.01885,2.02015,2.00095,2.01255
2006-04-04T23:00:00+02:00,2.01255,2.01615,1.99665,2.00605
2006-04-05T11:00:00+02:00,2.00605,2.00835,1.99455,1.99465
2006-04-05T23:00:00+02:00,1.99465,2.00455,1.98945,2.00045
2006-04-06T11:00:00+02:00,2.00045,2.01115,1.98325,1.99385
2006-04-06T23:00:00+02:00,1.99385,1.99775,1.98145,1.98545
2006-04-07T11:00:00+02:00,1.98545,1.99165,1.97895,1.9883
2006-04-09T23:00:00+02:00,1.9896,1.9944,1.97985,1.98935
2006-04-10T11:00:00+02:00,1.98935,1.99645,1.98265,1.98355
2006-04-10T23:00:00+02:00,1.98355,1.99605,1.98155,1.98605
2006-04-11T11:00:00+02:00,1.98605,1.99035,1.98065,1.98565
2006-04-11T23:00:00+02:00,1.98565,1.98755,1.97025,1.97255
2006-04-12T11:00:00+02:00,1.97255,1.97615,1.96045,1.96275
2006-04-12T23:00:00+02:00,1.96275,1.96405,1.9333,1.9456
2006-04-13T11:00:00+02:00,1.9456,1.96765,1.943,1.95645
2006-04-13T23:00:00+02:00,1.95645,1.96495,1.95475,1.96135
2006-04-14T11:00:00+02:00,1.96135,1.96295,1.95555,1.95825
2006-04-16T23:00:00+02:00,1.9624,1.96715,1.95595,1.96235
2006-04-17T11:00:00+02:00,1.96235,1.97225,1.95935,1.9648
2006-04-17T23:00:00+02:00,1.9648,1.967,1.9528,1.9537
2006-04-18T11:00:00+02:00,1.9537,1.9618,1.9512,1.9606
2006-04-18T23:00:00+02:00,1.9606,1.9647,1.9432,1.9433
2006-04-19T11:00:00+02:00,1.9433,1.9561,1.9402,1.9523
2006-04-19T23:00:00+02:00,1.9523,1.9555,1.9435,1.9538
2006-04-20T11:00:00+02:00,1.9538,1.9706,1.9478,1.9655
2006-04-20T23:00:00+02:00,1.9655,1.9704,1.9537,1.9586
2006-04-21T11:00:00+02:00,1.9586,1.9592,1.9405,1.94975
2006-04-23T23:00:00+02:00,1.95075,1.95215,1.9427,1.946
2006-04-24T11:00:00+02:00,1.946,1.9791,1.9442,1.974
2006-04-24T23:00:00+02:00,1.974,1.9792,1.9651,1.9784
2006-04-25T11:00:00+02:00,1.9784,1.995,1.9699,1.9903
2006-04-25T23:00:00+02:00,1.9903,1.9908,1.9664,1.98
2006-04-26T11:00:00+02:00,1.98,1.9823,1.9633,1.9676
2006-04-26T23:00:00+02:00,1.9676,1.9803,1.962,1.9718
2006-04-27T11:00:00+02:00,1.9718,1.985,1.9701,1.9815
2006-04-27T23:00:00+02:00,1.9815,1.9856,1.9747,1.9814
2006-04-28T11:00:00+02:00,1.9814,1.9884,1.97435,1.97905
2006-04-30T23:00:00+02:00,1.97995,1.98475,1.9775,1.9812
2006-05-01T11:00:00+02:00,1.9812,1.9831,1.9725,1.9772
2006-05-01T23:00:00+02:00,1.9772,1.9839,1.9751,1.9824
2006-05-02T11:00:00+02:00,1.9824,1.9849,1.9701,1.9707
2006-05-02T23:00:00+02:00,1.9707,1.9762,1.9652,1.9693
2006-05-03T11:00:00+02:00,1.9693,1.977,1.9591,1.9663
2006-05-03T23:00:00+02:00,1.9663,1.9795,1.9658,1.9728
2006-05-04T11:00:00+02:00,1.9728,1.9826,1.9663,1.9797
2006-05-04T23:00:00+02:00,1.9797,1.9894,1.9765,1.98
2006-05-05T11:00:00+02:00,1.98,1.9911,1.9784,1.98425
2006-05-07T23:00:00+02:00,1.98345,2.0033,1.98075,1.9991
2006-05-08T11:00:00+02:00,1.9991,2.0141,1.9968,2.0091
2006-05-08T23:00:00+02:00,2.0091,2.0307,2.003,2.0302
2006-05-09T11:00:00+02:00,2.0302,2.0331,2.0219,2.0233
2006-05-09T23:00:00+02:00,2.0233,2.0459,2.0181,2.0449
2006-05-10T11:00:00+02:00,2.0449,2.0518,2.0336,2.0426
2006-05-10T23:00:00+02:00,2.0426,2.05285,2.0297,2.0307
2006-05-11T11:00:00+02:00,2.0307,2.0396,2.0138,2.0359
2006-05-11T23:00:00+02:00,2.0359,2.0596,2.0301,2.0583
2006-05-12T11:00:00+02:00,2.0583,2.069,2.041,2.05985
2006-05-14T23:00:00+02:00,2.05645,2.08365,2.05455,2.07565
2006-05-15T11:00:00+02:00,2.07565,2.07595,2.0554,2.06455
2006-05-15T23:00:00+02:00,2.06455,2.06765,2.05665,2.06345
2006-05-16T11:00:00+02:00,2.06345,2.0648,2.0458,2.0496
2006-05-16T23:00:00+02:00,2.0496,2.05585,2.046,2.05
2006-05-17T11:00:00+02:00,2.05,2.05885,2.04395,2.05075
2006-05-17T23:00:00+02:00,2.05075,2.05625,2.041,2.0427
2006-05-18T11:00:00+02:00,2.0427,2.0647,2.0417,2.062
2006-05-18T23:00:00+02:00,2.062,2.06845,2.0528,2.05755
2006-05-19T11:00:00+02:00,2.05755,2.06795,2.04985,2.05995
2006-05-21T23:00:00+02:00,2.06195,2.07485,2.05715,2.07365
2006-05-22T11:00:00+02:00,2.07365,2.08035,2.06405,2.06805
2006-05-22T23:00:00+02:00,2.06805,2.07155,2.0517,2.0577
2006-05-23T11:00:00+02:00,2.0577,2.06865,2.0388,2.051
2006-05-23T23:00:00+02:00,2.051,2.05765,2.0394,2.0541
2006-05-24T11:00:00+02:00,2.0541,2.0601,2.0111,2.0161
2006-05-24T23:00:00+02:00,2.0161,2.0204,1.9954,1.9961
2006-05-25T11:00:00+02:00,1.9961,2.0062,1.9896,1.9985
2006-05-25T23:00:00+02:00,1.9985,2.0144,1.9983,2.0118
2006-05-26T11:00:00+02:00,2.0118,2.0166,2.0007,2.00975
2006-05-28T23:00:00+02:00,2.01005,2.0115,2.00325,2.0111
2006-05-29T11:00:00+02:00,2.0111,2.0149,2.0083,2.0105
2006-05-29T23:00:00+02:00,2.0105,2.0164,2.005,2.0071
2006-05-30T11:00:00+02:00,2.0071,2.0183,2.004,2.0092
2006-05-30T23:00:00+02:00,2.0092,2.015,2.002,2.009
2006-05-31T11:00:00+02:00,2.009,2.0225,2.0066,2.0191
2006-05-31T23:00:00+02:00,2.0191,2.0255,2.0153,2.0245
2006-06-01T11:00:00+02:00,2.0245,2.0373,2.0165,2.0373
2006-06-01T23:00:00+02:00,2.0373,2.0554,2.0237,2.0523
2006-06-02T11:00:00+02:00,2.0523,2.05765,2.0413,2.04915
2006-06-04T23:00:00+02:00,2.05045,2.051,2.0419,2.049
2006-06-05T11:00:00+02:00,2.049,2.0556,2.0381,2.0446
2006-06-05T23:00:00+02:00,2.0446,2.0529,2.0393,2.0412
2006-06-06T11:00:00+02:00,2.0412,2.0495,2.0337,2.0461
2006-06-06T23:00:00+02:00,2.0461,2.0468,2.0358,2.0408
2006-06-07T11:00:00+02:00,2.0408,2.0527,2.0382,2.0407
2006-06-07T23:00:00+02:00,2.0407,2.0431,2.02765,2.0343
2006-06-08T11:00:00+02:00,2.0343,2.0366,2.0177,2.0235
2006-06-08T23:00:00+02:00,2.0235,2.0251,2.0084,2.0096
2006-06-09T11:00:00+02:00,2.0096,2.01,1.9918,1.99505
2006-06-11T23:00:00+02:00,1.99365,1.9988,1.9902,1.994
2006-06-12T11:00:00+02:00,1.994,2.0047,1.9899,2.0015
2006-06-12T23:00:00+02:00,2.0015,2.02655,1.9992,2.02385
2006-06-13T11:00:00+02:00,2.02385,2.03035,2.015,2.01985
2006-06-13T23:00:00+02:00,2.01985,2.02685,2.0095,2.0115
2006-06-14T11:00:00+02:00,2.0115,2.02905,2.0087,2.02505
2006-06-14T23:00:00+02:00,2.02505,2.03335,2.0205,2.02665
2006-06-15T11:00:00+02:00,2.02665,2.03625,2.0208,2.0288
2006-06-15T23:00:00+02:00,2.0288,2.03605,2.0221,2.033
2006-06-16T11:00:00+02:00,2.033,2.05065,2.0285,2.0474
2006-06-18T23:00:00+02:00,2.0485,2.0541,2.04015,2.04295
2006-06-19T11:00:00+02:00,2.04295,2.04435,2.03365,2.03965
2006-06-19T23:00:00+02:00,2.03965,2.04245,2.02815,2.03225
2006-06-20T11:00:00+02:00,2.03225,2.03365,2.01895,2.03095
2006-06-20T23:00:00+02:00,2.03095,2.03775,2.0243,2.03725
2006-06-21T11:00:00+02:00,2.03725,2.05125,2.03655,2.03985
2006-06-21T23:00:00+02:00,2.03985,2.06235,2.03865,2.05955
2006-06-22T11:00:00+02:00,2.05955,2.07065,2.05345,2.06475
2006-06-22T23:00:00+02:00,2.06475,2.07375,2.05545,2.06835
2006-06-23T11:00:00+02:00,2.06835,2.07455,2.0548,2.0573
2006-06-25T23:00:00+02:00,2.0602,2.07505,2.05485,2.07425
2006-06-26T11:00:00+02:00,2.07425,2.08295,2.07335,2.08005
2006-06-26T23:00:00+02:00,2.08005,2.08525,2.07195,2.07555
2006-06-27T11:00:00+02:00,2.07555,2.08765,2.07455,2.07645
2006-06-27T23:00:00+02:00,2.07645,2.11385,2.07635,2.10835
2006-06-28T11:00:00+02:00,2.10835,2.11795,2.09945,2.10445
2006-06-28T23:00:00+02:00,2.10445,2.11225,2.10255,2.10765
2006-06-29T11:00:00+02:00,2.10765,2.11395,2.08345,2.09745
2006-06-29T23:00:00+02:00,2.09745,2.10175,2.07335,2.08455
2006-06-30T11:00:00+02:00,2.08455,2.10545,2.08145,2.1
2006-07-02T23:00:00+02:00,2.0991,2.10395,2.09015,2.09265
2006-07-03T11:00:00+02:00,2.09265,2.11845,2.09185,2.11175
2006-07-03T23:00:00+02:00,2.11175,2.11175,2.10135,2.10355
2006-07-04T11:00:00+02:00,2.10355,2.10365,2.09325,2.09615
2006-07-04T23:00:00+02:00,2.09615,2.10435,2.09115,2.09565
2006-07-05T11:00:00+02:00,2.09565,2.10865,2.09385,2.10405
2006-07-05T23:00:00+02:00,2.10405,2.11115,2.10285,2.11015
2006-07-06T11:00:00+02:00,2.11015,2.11705,2.10375,2.11325
2006-07-06T23:00:00+02:00,2.11325,2.11575,2.10265,2.10625
2006-07-07T11:00:00+02:00,2.10625,2.1101,2.09455,2.0973
2006-07-09T23:00:00+02:00,2.0988,2.0989,2.08005,2.08275
2006-07-10T11:00:00+02:00,2.08275,2.08975,2.07945,2.08575
2006-07-10T23:00:00+02:00,2.08575,2.08805,2.07795,2.08105
2006-07-11T11:00:00+02:00,2.08105,2.08295,2.06705,2.07015
2006-07-11T23:00:00+02:00,2.07015,2.07375,2.06035,2.06235
2006-07-12T11:00:00+02:00,2.06235,2.06905,2.0568,2.06155
2006-07-12T23:00:00+02:00,2.06155,2.06465,2.05125,2.05385
2006-07-13T11:00:00+02:00,2.05385,2.06195,2.04725,2.05225
2006-07-13T23:00:00+02:00,2.05225,2.05855,2.04365,2.04455
2006-07-14T11:00:00+02:00,2.04455,2.04925,2.03435,2.03995
2006-07-16T23:00:00+02:00,2.03995,2.04055,2.02345,2.02615
2006-07-17T11:00:00+02:00,2.02615,2.02905,2.01155,2.01465
2006-07-17T23:00:00+02:00,2.01465,2.01705,1.9979,1.99875
2006-07-18T11:00:00+02:00,1.99875,2.0037,1.9924,2.0009
2006-07-18T23:00:00+02:00,2.0009,2.00885,1.9993,2.00325
2006-07-19T11:00:00+02:00,2.00325,2.02425,2.0012,2.016
2006-07-19T23:00:00+02:00,2.016,2.03135,2.0127,2.03045
2006-07-20T11:00:00+02:00,2.03045,2.03705,2.0261,2.0284
2006-07-20T23:00:00+02:00,2.0284,2.03785,2.0269,2.0317
2006-07-21T11:00:00+02:00,2.0317,2.03685,2.0272,2.03575
2006-07-23T23:00:00+02:00,2.03605,2.03835,2.03015,2.03685
2006-07-24T11:00:00+02:00,2.03685,2.03735,2.022,2.0274
2006-07-24T23:00:00+02:00,2.0274,2.0289,2.0145,2.0166
2006-07-25T11:00:00+02:00,2.0166,2.0217,2.0103,2.0186
2006-07-25T23:00:00+02:00,2.0186,2.02285,2.01085,2.0141
2006-07-26T11:00:00+02:00,2.0141,2.0366,2.0103,2.0332
2006-07-26T23:00:00+02:00,2.0332,2.06085,2.0329,2.04915
2006-07-27T11:00:00+02:00,2.04915,2.05695,2.0439,2.04595
2006-07-27T23:00:00+02:00,2.04595,2.06265,2.04395,2.06165
2006-07-28T11:00:00+02:00,2.06165,2.06855,2.05495,2.0655
2006-07-30T23:00:00+02:00,2.06295,2.0667,2.05505,2.05925
2006-07-31T11:00:00+02:00,2.05925,2.07375,2.05855,2.06365
2006-07-31T23:00:00+02:00,2.06365,2.06845,2.05795,2.06395
2006-08-01T11:00:00+02:00,2.06395,2.07135,2.05995,2.06685
2006-08-01T23:00:00+02:00,2.06685,2.08015,2.06475,2.07465
2006-08-02T11:00:00+02:00,2.07465,2.07575,2.0531,2.05715
2006-08-02T23:00:00+02:00,2.05715,2.06175,2.0472,2.05945
2006-08-03T11:00:00+02:00,2.05945,2.07125,2.05435,2.06975
2006-08-03T23:00:00+02:00,2.06975,2.07165,2.06355,2.06425
2006-08-04T11:00:00+02:00,2.06425,2.07485,2.05615,2.05955
2006-08-06T23:00:00+02:00,2.05565,2.0647,2.0522,2.0647
2006-08-07T11:00:00+02:00,2.0647,2.06655,2.0558,2.0565
2006-08-07T23:00:00+02:00,2.0565,2.0597,2.0453,2.0572
2006-08-08T11:00:00+02:00,2.0572,2.0604,2.0436,2.0524
2006-08-08T23:00:00+02:00,2.0524,2.0568,2.0408,2.0445
2006-08-09T11:00:00+02:00,2.0445,2.0477,2.0402,2.0428
2006-08-09T23:00:00+02:00,2.0428,2.0477,2.0282,2.0301
2006-08-10T11:00:00+02:00,2.0301,2.0319,2.0128,2.021
2006-08-10T23:00:00+02:00,2.021,2.0216,2.0109,2.0174
2006-08-11T11:00:00+02:00,2.0174,2.0188,2.0025,2.00815
2006-08-13T23:00:00+02:00,2.01305,2.01565,1.99805,2.0017
2006-08-14T11:00:00+02:00,2.0017,2.027,2.0015,2.0233
2006-08-14T23:00:00+02:00,2.0233,2.0257,2.0165,2.0188
2006-08-15T11:00:00+02:00,2.0188,2.021,2.011,2.0136
2006-08-15T23:00:00+02:00,2.0136,2.0162,2.0063,2.008
2006-08-16T11:00:00+02:00,2.008,2.0123,1.9972,2.0023
2006-08-16T23:00:00+02:00,2.0023,2.0102,1.9999,2.0089
2006-08-17T11:00:00+02:00,2.0089,2.0107,2.0008,2.0067
2006-08-17T23:00:00+02:00,2.0067,2.0125,2.0019,2.0033
2006-08-18T11:00:00+02:00,2.0033,2.0128,1.9981,2.00535
2006-08-20T23:00:00+02:00,2.00685,2.0164,2.00445,2.0141
2006-08-21T11:00:00+02:00,2.0141,2.0191,2.0103,2.0146
2006-08-21T23:00:00+02:00,2.0146,2.0163,2.008,2.0155
2006-08-22T11:00:00+02:00,2.0155,2.0199,2.0021,2.0088
2006-08-22T23:00:00+02:00,2.0088,2.0106,2,2.0008
2006-08-23T11:00:00+02:00,2.0008,2.0044,1.9967,1.9985
2006-08-23T23:00:00+02:00,1.9985,2.0171,1.9971,2.0131
2006-08-24T11:00:00+02:00,2.0131,2.0167,2.0017,2.0109
2006-08-24T23:00:00+02:00,2.0109,2.017,2.0079,2.0125
2006-08-25T11:00:00+02:00,2.0125,2.0137,2.0008,2.00295
2006-08-27T23:00:00+02:00,2.00595,2.0091,2.00465,2.0069
2006-08-28T11:00:00+02:00,2.0069,2.012,2.0011,2.0033
2006-08-28T23:00:00+02:00,2.0033,2.0067,1.9997,2.0057
2006-08-29T11:00:00+02:00,2.0057,2.0059,1.9842,1.9928
2006-08-29T23:00:00+02:00,1.9928,1.9943,1.9827,1.9851
2006-08-30T11:00:00+02:00,1.9851,1.986,1.9707,1.9816
2006-08-30T23:00:00+02:00,1.9816,1.9822,1.9664,1.9717
2006-08-31T11:00:00+02:00,1.9717,1.97535,1.9491,1.953
2006-08-31T23:00:00+02:00,1.953,1.9624,1.9508,1.9622
2006-09-01T11:00:00+02:00,1.9622,1.9638,1.9495,1.95785
2006-09-03T23:00:00+02:00,1.96245,1.9802,1.95195,1.9781
2006-09-04T11:00:00+02:00,1.9781,1.9826,1.9664,1.9754
2006-09-04T23:00:00+02:00,1.9754,1.9932,1.9723,1.9834
2006-09-05T11:00:00+02:00,1.9834,1.9877,1.9778,1.9852
2006-09-05T23:00:00+02:00,1.9852,1.9882,1.9705,1.9723
2006-09-06T11:00:00+02:00,1.9723,1.9777,1.9673,1.9726
2006-09-06T23:00:00+02:00,1.9726,1.983,1.9704,1.9731
2006-09-07T11:00:00+02:00,1.9731,1.9798,1.9609,1.9725
2006-09-07T23:00:00+02:00,1.9725,1.9953,1.9687,1.986
2006-09-08T11:00:00+02:00,1.986,1.9942,1.9804,1.98765
2006-09-10T23:00:00+02:00,1.99065,1.9991,1.98565,1.9918
2006-09-11T11:00:00+02:00,1.9918,1.9932,1.9807,1.9867
2006-09-11T23:00:00+02:00,1.9867,1.9936,1.9759,1.9764
2006-09-12T11:00:00+02:00,1.9764,1.98605,1.9704,1.9795
2006-09-12T23:00:00+02:00,1.9795,1.9855,1.96385,1.9715
2006-09-13T11:00:00+02:00,1.9715,1.9722,1.9589,1.9637
2006-09-13T23:00:00+02:00,1.9637,1.9645,1.9204,1.9241
2006-09-14T11:00:00+02:00,1.9241,1.9307,1.9131,1.9236
2006-09-14T23:00:00+02:00,1.9236,1.9331,1.9218,1.9328
2006-09-15T11:00:00+02:00,1.9328,1.9359,1.9042,1.91185
2006-09-17T23:00:00+02:00,1.90705,1.91545,1.90345,1.9077
2006-09-18T11:00:00+02:00,1.9077,1.9169,1.9021,1.9128
2006-09-18T23:00:00+02:00,1.9128,1.9232,1.9121,1.916
2006-09-19T11:00:00+02:00,1.916,1.9249,1.9058,1.9242
2006-09-19T23:00:00+02:00,1.9242,1.9369,1.9198,1.931
2006-09-20T11:00:00+02:00,1.931,1.933,1.91355,1.9188
2006-09-20T23:00:00+02:00,1.9188,1.9346,1.9108,1.9321
2006-09-21T11:00:00+02:00,1.9321,1.937,1.9203,1.9325
2006-09-21T23:00:00+02:00,1.9325,1.9506,1.9266,1.9498
2006-09-22T11:00:00+02:00,1.9498,1.9502,1.93025,1.93145
2006-09-24T23:00:00+02:00,1.93455,1.93545,1.9071,1.909
2006-09-25T11:00:00+02:00,1.909,1.9161,1.9012,1.9013
2006-09-25T23:00:00+02:00,1.9013,1.9149,1.8962,1.9079
2006-09-26T11:00:00+02:00,1.9079,1.93245,1.8918,1.9282
2006-09-26T23:00:00+02:00,1.9282,1.931,1.9192,1.9244
2006-09-27T11:00:00+02:00,1.9244,1.9419,1.9224,1.9359
2006-09-27T23:00:00+02:00,1.9359,1.9413,1.931,1.9382
2006-09-28T11:00:00+02:00,1.9382,1.9406,1.9292,1.9325
2006-09-28T23:00:00+02:00,1.9325,1.9513,1.92585,1.94055
2006-09-29T11:00:00+02:00,1.94055,1.9455,1.9366,1.94145
2006-10-01T23:00:00+02:00,1.94285,1.9527,1.9384,1.9416
2006-10-02T11:00:00+02:00,1.9416,1.9455,1.9316,1.9316
2006-10-02T23:00:00+02:00,1.9316,1.9427,1.9282,1.9338
2006-10-03T11:00:00+02:00,1.9338,1.9366,1.9243,1.9357
2006-10-03T23:00:00+02:00,1.9357,1.9392,1.923,1.9261
2006-10-04T11:00:00+02:00,1.9261,1.9277,1.9137,1.9171
2006-10-04T23:00:00+02:00,1.9171,1.9192,1.9086,1.9107
2006-10-05T11:00:00+02:00,1.9107,1.9181,1.909,1.9116
2006-10-05T23:00:00+02:00,1.9116,1.9213,1.9096,1.9114
2006-10-06T11:00:00+02:00,1.9114,1.9165,1.90215,1.91355
2006-10-08T23:00:00+02:00,1.91215,1.9257,1.91175,1.9169
2006-10-09T11:00:00+02:00,1.9169,1.9234,1.9141,1.9172
2006-10-09T23:00:00+02:00,1.9172,1.9173,1.9018,1.9043
2006-10-10T11:00:00+02:00,1.9043,1.9048,1.8986,1.9026
2006-10-10T23:00:00+02:00,1.9026,1.9098,1.8971,1.9059
2006-10-11T11:00:00+02:00,1.9059,1.9075,1.8949,1.8973
2006-10-11T23:00:00+02:00,1.8973,1.9084,1.897,1.9017
2006-10-12T11:00:00+02:00,1.9017,1.9052,1.8947,1.8998
2006-10-12T23:00:00+02:00,1.8998,1.9099,1.8962,1.906
2006-10-13T11:00:00+02:00,1.906,1.908,1.8979,1.90345
2006-10-15T23:00:00+02:00,1.90315,1.9106,1.90095,1.9039
2006-10-16T11:00:00+02:00,1.9039,1.9052,1.8975,1.9003
2006-10-16T23:00:00+02:00,1.9003,1.9024,1.8878,1.8895
2006-10-17T11:00:00+02:00,1.8895,1.8927,1.8848,1.8906
2006-10-17T23:00:00+02:00,1.8906,1.8967,1.8883,1.8884
2006-10-18T11:00:00+02:00,1.8884,1.8934,1.8843,1.8896
2006-10-18T23:00:00+02:00,1.8896,1.8938,1.8863,1.8919
2006-10-19T11:00:00+02:00,1.8919,1.8946,1.8856,1.8886
2006-10-19T23:00:00+02:00,1.8886,1.893,1.8879,1.8913
2006-10-20T11:00:00+02:00,1.8913,1.8918,1.8844,1.88775
2006-10-22T23:00:00+02:00,1.88635,1.8943,1.8815,1.8927
2006-10-23T11:00:00+02:00,1.8927,1.8949,1.8869,1.8895
2006-10-23T23:00:00+02:00,1.8895,1.8957,1.8887,1.8952
2006-10-24T11:00:00+02:00,1.8952,1.89855,1.89075,1.8939
2006-10-24T23:00:00+02:00,1.8939,1.9062,1.8924,1.89965
2006-10-25T11:00:00+02:00,1.89965,1.9245,1.89875,1.9225
2006-10-25T23:00:00+02:00,1.9225,1.92895,1.919,1.92835
2006-10-26T11:00:00+02:00,1.92835,1.93815,1.92635,1.9301
2006-10-26T23:00:00+02:00,1.9301,1.9327,1.92385,1.92995
2006-10-27T11:00:00+02:00,1.92995,1.932,1.9201,1.92225
2006-10-29T23:00:00+01:00,1.92295,1.9264,1.9191,1.9216
2006-10-30T11:00:00+01:00,1.9216,1.9234,1.9075,1.9121
2006-10-30T23:00:00+01:00,1.9121,1.9136,1.9042,1.907
2006-10-31T11:00:00+01:00,1.907,1.9147,1.9011,1.904
2006-10-31T23:00:00+01:00,1.904,1.9086,1.8946,1.9002
2006-11-01T11:00:00+01:00,1.9002,1.9037,1.8928,1.8963
2006-11-01T23:00:00+01:00,1.8963,1.9034,1.8937,1.8974
2006-11-02T11:00:00+01:00,1.8974,1.8984,1.8917,1.8948
2006-11-02T23:00:00+01:00,1.8948,1.9012,1.8932,1.8948
2006-11-03T11:00:00+01:00,1.8948,1.9001,1.89085,1.89875
2006-11-05T23:00:00+01:00,1.89865,1.9092,1.89675,1.9045
2006-11-06T11:00:00+01:00,1.9045,1.9079,1.8992,1.9017
2006-11-06T23:00:00+01:00,1.9017,1.9079,1.8996,1.9051
2006-11-07T11:00:00+01:00,1.9051,1.9107,1.9017,1.9066
2006-11-07T23:00:00+01:00,1.9066,1.9131,1.904,1.9122
2006-11-08T11:00:00+01:00,1.9122,1.91775,1.9068,1.9157
2006-11-08T23:00:00+01:00,1.9157,1.9257,1.9112,1.924
2006-11-09T11:00:00+01:00,1.924,1.9349,1.9226,1.9289
2006-11-09T23:00:00+01:00,1.9289,1.9373,1.9263,1.9364
2006-11-10T11:00:00+01:00,1.9364,1.9365,1.92525,1.92805
2006-11-12T23:00:00+01:00,1.92945,1.938,1.92845,1.9379
2006-11-13T11:00:00+01:00,1.9379,1.94455,1.9337,1.94355
2006-11-13T23:00:00+01:00,1.94355,1.947,1.9353,1.94655
2006-11-14T11:00:00+01:00,1.94655,1.947,1.9289,1.9345
2006-11-14T23:00:00+01:00,1.9345,1.9434,1.9304,1.9411
2006-11-15T11:00:00+01:00,1.9411,1.9457,1.9381,1.9446
2006-11-15T23:00:00+01:00,1.9446,1.9477,1.9334,1.9341
2006-11-16T11:00:00+01:00,1.9341,1.9349,1.9213,1.9255
2006-11-16T23:00:00+01:00,1.9255,1.9298,1.9211,1.9265
2006-11-17T11:00:00+01:00,1.9265,1.9355,1.9247,1.92895
2006-11-19T23:00:00+01:00,1.92915,1.9316,1.9215,1.9218
2006-11-20T11:00:00+01:00,1.9218,1.9267,1.9123,1.9132
2006-11-20T23:00:00+01:00,1.9132,1.92,1.9095,1.912
2006-11-21T11:00:00+01:00,1.912,1.9184,1.9107,1.9167
2006-11-21T23:00:00+01:00,1.9167,1.9255,1.9156,1.9239
2006-11-22T11:00:00+01:00,1.9239,1.9297,1.9221,1.9286
2006-11-22T23:00:00+01:00,1.9286,1.9343,1.9248,1.9322
2006-11-23T11:00:00+01:00,1.9322,1.93895,1.9305,1.93595
2006-11-23T23:00:00+01:00,1.93595,1.9473,1.9297,1.9463
2006-11-24T11:00:00+01:00,1.9463,1.9555,1.9438,1.94855
2006-11-26T23:00:00+01:00,1.956,1.962,1.9492,1.9603
2006-11-27T11:00:00+01:00,1.9603,1.964,1.9564,1.9638
2006-11-27T23:00:00+01:00,1.9638,1.9644,1.9531,1.9534
2006-11-28T11:00:00+01:00,1.9534,1.9569,1.93285,1.94075
2006-11-28T23:00:00+01:00,1.94075,1.94625,1.93745,1.94125
2006-11-29T11:00:00+01:00,1.94125,1.94205,1.93445,1.93805
2006-11-29T23:00:00+01:00,1.93805,1.94175,1.93505,1.93775
2006-11-30T11:00:00+01:00,1.93775,1.93915,1.92835,1.93505
2006-11-30T23:00:00+01:00,1.93505,1.94305,1.93345,1.93465
2006-12-01T11:00:00+01:00,1.93465,1.94855,1.93355,1.93785
2006-12-03T23:00:00+01:00,1.93975,1.944,1.92995,1.93145
2006-12-04T11:00:00+01:00,1.93145,1.94245,1.92915,1.93315
2006-12-04T23:00:00+01:00,1.93315,1.94005,1.93105,1.93935
2006-12-05T11:00:00+01:00,1.93935,1.94615,1.93595,1.94095
2006-12-05T23:00:00+01:00,1.94095,1.94935,1.93295,1.93885
2006-12-06T11:00:00+01:00,1.93885,1.94855,1.93335,1.9358
2006-12-06T23:00:00+01:00,1.9358,1.94095,1.92275,1.92525
2006-12-07T11:00:00+01:00,1.92525,1.93295,1.92135,1.93075
2006-12-07T23:00:00+01:00,1.93075,1.93425,1.92385,1.93065
2006-12-08T11:00:00+01:00,1.93065,1.93615,1.91265,1.92205
2006-12-10T23:00:00+01:00,1.92165,1.92595,1.91525,1.91925
2006-12-11T11:00:00+01:00,1.91925,1.92845,1.91565,1.92295
2006-12-11T23:00:00+01:00,1.92295,1.92525,1.91335,1.9152
2006-12-12T11:00:00+01:00,1.9152,1.92445,1.9151,1.91765
2006-12-12T23:00:00+01:00,1.91765,1.92325,1.91585,1.92095
2006-12-13T11:00:00+01:00,1.92095,1.92125,1.9086,1.91115
2006-12-13T23:00:00+01:00,1.91115,1.91585,1.9036,1.91325
2006-12-14T11:00:00+01:00,1.91325,1.92275,1.90445,1.90875
2006-12-14T23:00:00+01:00,1.90875,1.91385,1.90415,1.90605
2006-12-15T11:00:00+01:00,1.90605,1.91645,1.89165,1.89625
2006-12-17T23:00:00+01:00,1.89785,1.90105,1.8932,1.89805
2006-12-18T11:00:00+01:00,1.89805,1.89995,1.89315,1.89745
2006-12-18T23:00:00+01:00,1.89745,1.90175,1.8878,1.90015
2006-12-19T11:00:00+01:00,1.90015,1.9039,1.8937,1.89745
2006-12-19T23:00:00+01:00,1.89745,1.90505,1.8919,1.8953
2006-12-20T11:00:00+01:00,1.8953,1.8986,1.8846,1.8954
2006-12-20T23:00:00+01:00,1.8954,1.90315,1.8926,1.8955
2006-12-21T11:00:00+01:00,1.8955,1.8996,1.8902,1.8916
2006-12-21T23:00:00+01:00,1.8916,1.8934,1.8834,1.8878
2006-12-22T11:00:00+01:00,1.8878,1.8903,1.8726,1.8744
2006-12-24T23:00:00+01:00,1.875,1.88175,1.87195,1.8792
2006-12-25T23:00:00+01:00,1.8792,1.883,1.8682,1.87125
2006-12-26T11:00:00+01:00,1.87125,1.87785,1.8672,1.8716
2006-12-26T23:00:00+01:00,1.8716,1.8792,1.8681,1.8718
2006-12-27T11:00:00+01:00,1.8718,1.8756,1.8663,1.8666
2006-12-27T23:00:00+01:00,1.8666,1.8729,1.8664,1.8706
2006-12-28T11:00:00+01:00,1.8706,1.8743,1.8619,1.8622
2006-12-28T23:00:00+01:00,1.8622,1.8679,1.8607,1.8655
2006-12-29T11:00:00+01:00,1.8655,1.8756,1.8646,1.8736
2007-01-01T11:00:00+01:00,1.8736,1.8739,1.8725,1.8732
2007-01-01T23:00:00+01:00,1.8732,1.8766,1.8674,1.8756
2007-01-02T11:00:00+01:00,1.8756,1.8803,1.8742,1.8778
2007-01-02T23:00:00+01:00,1.8778,1.8798,1.8728,1.8743
2007-01-03T11:00:00+01:00,1.8743,1.8805,1.8577,1.8641
2007-01-03T23:00:00+01:00,1.8641,1.8802,1.8597,1.879
2007-01-04T11:00:00+01:00,1.879,1.8799,1.8719,1.8736
2007-01-04T23:00:00+01:00,1.8736,1.89545,1.8728,1.8848
2007-01-05T11:00:00+01:00,1.8848,1.89655,1.882,1.89515
2007-01-07T23:00:00+01:00,1.89195,1.90085,1.88975,1.89955
2007-01-08T11:00:00+01:00,1.89955,1.90175,1.88895,1.88925
2007-01-08T23:00:00+01:00,1.88925,1.89005,1.8778,1.8816
2007-01-09T11:00:00+01:00,1.8816,1.88735,1.8773,1.87895
2007-01-09T23:00:00+01:00,1.87895,1.88635,1.87475,1.88605
2007-01-10T11:00:00+01:00,1.88605,1.88875,1.87805,1.88225
2007-01-10T23:00:00+01:00,1.88225,1.88545,1.87835,1.87965
2007-01-11T11:00:00+01:00,1.87965,1.88465,1.8607,1.86745
2007-01-11T23:00:00+01:00,1.86745,1.87325,1.8654,1.8661
2007-01-12T11:00:00+01:00,1.8661,1.87305,1.86565,1.87135
2007-01-14T23:00:00+01:00,1.86645,1.86915,1.8622,1.8626
2007-01-15T11:00:00+01:00,1.8626,1.8652,1.856,1.8571
2007-01-15T23:00:00+01:00,1.8571,1.8661,1.8561,1.8613
2007-01-16T11:00:00+01:00,1.8613,1.87305,1.8553,1.86715
2007-01-16T23:00:00+01:00,1.86715,1.87505,1.86675,1.8719
2007-01-17T11:00:00+01:00,1.8719,1.87515,1.8655,1.86785
2007-01-17T23:00:00+01:00,1.86785,1.87195,1.8616,1.8647
2007-01-18T11:00:00+01:00,1.8647,1.8689,1.8594,1.8644
2007-01-18T23:00:00+01:00,1.8644,1.8727,1.8629,1.8648
2007-01-19T11:00:00+01:00,1.8648,1.8667,1.8596,1.8627
2007-01-21T23:00:00+01:00,1.8641,1.86735,1.8611,1.8624
2007-01-22T11:00:00+01:00,1.8624,1.864,1.8495,1.8521
2007-01-22T23:00:00+01:00,1.8521,1.8555,1.8462,1.8485
2007-01-23T11:00:00+01:00,1.8485,1.8587,1.8485,1.8568
2007-01-23T23:00:00+01:00,1.8568,1.8711,1.8554,1.8626
2007-01-24T11:00:00+01:00,1.8626,1.8714,1.8466,1.8508
2007-01-24T23:00:00+01:00,1.8508,1.8571,1.8453,1.8501
2007-01-25T11:00:00+01:00,1.8501,1.8614,1.8466,1.8571
2007-01-25T23:00:00+01:00,1.8571,1.8594,1.8513,1.8561
2007-01-26T11:00:00+01:00,1.8561,1.86275,1.8521,1.8551
2007-01-28T23:00:00+01:00,1.8557,1.8592,1.8541,1.8543
2007-01-29T11:00:00+01:00,1.8543,1.8686,1.8524,1.8609
2007-01-29T23:00:00+01:00,1.8609,1.8688,1.8547,1.8679
2007-01-30T11:00:00+01:00,1.8679,1.88715,1.8625,1.88415
2007-01-30T23:00:00+01:00,1.88415,1.89345,1.88105,1.89245
2007-01-31T11:00:00+01:00,1.89245,1.90005,1.88495,1.88555
2007-01-31T23:00:00+01:00,1.88555,1.89955,1.88505,1.89635
2007-02-01T11:00:00+01:00,1.89635,1.91535,1.89275,1.90845
2007-02-01T23:00:00+01:00,1.90845,1.92105,1.90565,1.9196
2007-02-02T11:00:00+01:00,1.9196,1.9226,1.90095,1.90225
2007-02-04T23:00:00+01:00,1.89365,1.8974,1.88745,1.89165
2007-02-05T11:00:00+01:00,1.89165,1.89965,1.88845,1.88965
2007-02-05T23:00:00+01:00,1.88965,1.89485,1.88765,1.8922
2007-02-06T11:00:00+01:00,1.8922,1.91095,1.89155,1.90765
2007-02-06T23:00:00+01:00,1.90765,1.91525,1.89805,1.90075
2007-02-07T11:00:00+01:00,1.90075,1.90575,1.89085,1.89375
2007-02-07T23:00:00+01:00,1.89375,1.89595,1.88865,1.89035
2007-02-08T11:00:00+01:00,1.89035,1.90995,1.89025,1.90425
2007-02-08T23:00:00+01:00,1.90425,1.91325,1.89955,1.90845
2007-02-09T11:00:00+01:00,1.90845,1.90995,1.90035,1.90325
2007-02-11T23:00:00+01:00,1.90445,1.90715,1.89375,1.89415
2007-02-12T11:00:00+01:00,1.89415,1.89955,1.88935,1.89875
2007-02-12T23:00:00+01:00,1.89875,1.90185,1.89305,1.89665
2007-02-13T11:00:00+01:00,1.89665,1.89805,1.88835,1.8893
2007-02-13T23:00:00+01:00,1.8893,1.8945,1.8856,1.8917
2007-02-14T11:00:00+01:00,1.8917,1.8984,1.8879,1.8927
2007-02-14T23:00:00+01:00,1.8927,1.89855,1.8885,1.8909
2007-02-15T11:00:00+01:00,1.8909,1.8969,1.8851,1.8939
2007-02-15T23:00:00+01:00,1.8939,1.8966,1.8859,1.8884
2007-02-16T11:00:00+01:00,1.8884,1.8889,1.8804,1.8836
2007-02-18T23:00:00+01:00,1.8799,1.882,1.8718,1.8772
2007-02-19T11:00:00+01:00,1.8772,1.8788,1.8727,1.8757
2007-02-19T23:00:00+01:00,1.8757,1.8827,1.8756,1.8772
2007-02-20T11:00:00+01:00,1.8772,1.8775,1.8718,1.8729
2007-02-20T23:00:00+01:00,1.8729,1.8793,1.8645,1.865
2007-02-21T11:00:00+01:00,1.865,1.8668,1.858,1.8613
2007-02-21T23:00:00+01:00,1.8613,1.8641,1.8563,1.8599
2007-02-22T11:00:00+01:00,1.8599,1.864,1.8543,1.8628
2007-02-22T23:00:00+01:00,1.8628,1.8673,1.858,1.8589
2007-02-23T11:00:00+01:00,1.8589,1.8675,1.8567,1.8634
2007-02-25T23:00:00+01:00,1.8605,1.863,1.85785,1.8592
2007-02-26T11:00:00+01:00,1.8592,1.8608,1.8504,1.8576
2007-02-26T23:00:00+01:00,1.8576,1.8782,1.854,1.873
2007-02-27T11:00:00+01:00,1.873,1.8998,1.8699,1.8928
2007-02-27T23:00:00+01:00,1.8928,1.8983,1.8804,1.8884
2007-02-28T11:00:00+01:00,1.8884,1.8916,1.8821,1.8868
2007-02-28T23:00:00+01:00,1.8868,1.8919,1.882,1.8862
2007-03-01T11:00:00+01:00,1.8862,1.9108,1.8843,1.9025
2007-03-01T23:00:00+01:00,1.9025,1.91675,1.8965,1.91545
2007-03-02T11:00:00+01:00,1.91545,1.92215,1.91145,1.91715
2007-03-04T23:00:00+01:00,1.92215,1.93995,1.91635,1.93325
2007-03-05T11:00:00+01:00,1.93325,1.94175,1.92955,1.9402
2007-03-05T23:00:00+01:00,1.9402,1.9465,1.92295,1.9237
2007-03-06T11:00:00+01:00,1.9237,1.93525,1.91965,1.92255
2007-03-06T23:00:00+01:00,1.92255,1.92845,1.91525,1.91605
2007-03-07T11:00:00+01:00,1.91605,1.94445,1.91365,1.94245
2007-03-07T23:00:00+01:00,1.94245,1.9495,1.91985,1.92045
2007-03-08T11:00:00+01:00,1.92045,1.92425,1.91225,1.91615
2007-03-08T23:00:00+01:00,1.91615,1.91935,1.90635,1.91015
2007-03-09T11:00:00+01:00,1.91015,1.91115,1.8957,1.89915
2007-03-11T22:00:00+01:00,1.89415,1.89645,1.88955,1.8909
2007-03-12T10:00:00+01:00,1.8909,1.90985,1.8906,1.8957
2007-03-12T22:00:00+01:00,1.8957,1.90395,1.8869,1.8991
2007-03-13T10:00:00+01:00,1.8991,1.91935,1.8895,1.91885
2007-03-13T22:00:00+01:00,1.91885,1.92985,1.91825,1.92205
2007-03-14T10:00:00+01:00,1.92205,1.92775,1.9071,1.9097
2007-03-14T22:00:00+01:00,1.9097,1.91275,1.9027,1.9068
2007-03-15T10:00:00+01:00,1.9068,1.9122,1.8995,1.9017
2007-03-15T22:00:00+01:00,1.9017,1.9194,1.901,1.9118
2007-03-16T10:00:00+01:00,1.9118,1.9131,1.9023,1.9102
2007-03-18T22:00:00+01:00,1.9149,1.9149,1.9015,1.9033
2007-03-19T10:00:00+01:00,1.9033,1.9038,1.8937,1.8954
2007-03-19T22:00:00+01:00,1.8954,1.9,1.8873,1.8901
2007-03-20T10:00:00+01:00,1.8901,1.8949,1.8841,1.885
2007-03-20T22:00:00+01:00,1.885,1.8914,1.8822,1.8898
2007-03-21T10:00:00+01:00,1.8898,1.8909,1.8827,1.8849
2007-03-21T22:00:00+01:00,1.8849,1.8911,1.881,1.8811
2007-03-22T10:00:00+01:00,1.8811,1.883,1.8673,1.8741
2007-03-22T22:00:00+01:00,1.8741,1.8768,1.8669,1.8703
2007-03-23T10:00:00+01:00,1.8703,1.8722,1.862,1.868
2007-03-25T23:00:00+02:00,1.8666,1.87525,1.8604,1.862
2007-03-26T11:00:00+02:00,1.862,1.865,1.8547,1.8598
2007-03-26T23:00:00+02:00,1.8598,1.8642,1.8554,1.8618
2007-03-27T11:00:00+02:00,1.8618,1.8639,1.8507,1.8614
2007-03-27T23:00:00+02:00,1.8614,1.8764,1.8602,1.8729
2007-03-28T11:00:00+02:00,1.8729,1.8851,1.868,1.8761
2007-03-28T23:00:00+02:00,1.8761,1.8783,1.8645,1.87
2007-03-29T11:00:00+02:00,1.87,1.8737,1.8627,1.8671
2007-03-29T23:00:00+02:00,1.8671,1.8745,1.8625,1.86945
2007-03-30T11:00:00+02:00,1.86945,1.8733,1.8591,1.86999
2007-04-01T23:00:00+02:00,1.86839,1.8752,1.85507,1.8572
2007-04-02T11:00:00+02:00,1.8572,1.85894,1.85179,1.85327
2007-04-02T23:00:00+02:00,1.85327,1.85816,1.84632,1.85651
2007-04-03T11:00:00+02:00,1.85651,1.85717,1.84972,1.85277
2007-04-03T23:00:00+02:00,1.85277,1.85891,1.85001,1.85486
2007-04-04T11:00:00+02:00,1.85486,1.86183,1.8504,1.85322
2007-04-04T23:00:00+02:00,1.85322,1.85792,1.8457,1.85006
2007-04-05T11:00:00+02:00,1.85006,1.85823,1.84809,1.85546
2007-04-05T23:00:00+02:00,1.85546,1.8591,1.8543,1.85495
2007-04-06T11:00:00+02:00,1.85495,1.85974,1.84902,1.85685
2007-04-08T23:00:00+02:00,1.85336,1.85579,1.84467,1.84994
2007-04-09T11:00:00+02:00,1.84994,1.86305,1.84911,1.85345
2007-04-09T23:00:00+02:00,1.85345,1.85762,1.8481,1.84949
2007-04-10T11:00:00+02:00,1.84949,1.85143,1.83727,1.8402
2007-04-10T23:00:00+02:00,1.8402,1.84753,1.83865,1.84566
2007-04-11T11:00:00+02:00,1.84566,1.84723,1.83966,1.84514
2007-04-11T23:00:00+02:00,1.84514,1.8555,1.84283,1.85063
2007-04-12T11:00:00+02:00,1.85063,1.85536,1.84672,1.84747
2007-04-12T23:00:00+02:00,1.84747,1.84898,1.83399,1.83926
2007-04-13T11:00:00+02:00,1.83926,1.84198,1.83078,1.83387
2007-04-15T23:00:00+02:00,1.83366,1.83605,1.83059,1.83127
2007-04-16T11:00:00+02:00,1.83127,1.83402,1.82792,1.82879
2007-04-16T23:00:00+02:00,1.82879,1.83499,1.82801,1.83137
2007-04-17T11:00:00+02:00,1.83137,1.83295,1.81885,1.82022
2007-04-17T23:00:00+02:00,1.82022,1.82909,1.81351,1.82574
2007-04-18T11:00:00+02:00,1.82574,1.83686,1.81579,1.81874
2007-04-18T23:00:00+02:00,1.81874,1.8435,1.81827,1.83771
2007-04-19T11:00:00+02:00,1.83771,1.84007,1.82271,1.82977
2007-04-19T23:00:00+02:00,1.82977,1.83335,1.82632,1.82955
2007-04-20T11:00:00+02:00,1.82955,1.83148,1.81673,1.81757
2007-04-22T23:00:00+02:00,1.81738,1.82934,1.81725,1.82475
2007-04-23T11:00:00+02:00,1.82475,1.82501,1.81783,1.82317
2007-04-23T23:00:00+02:00,1.82317,1.83534,1.82055,1.83
2007-04-24T11:00:00+02:00,1.83,1.83748,1.82859,1.83553
2007-04-24T23:00:00+02:00,1.83553,1.83718,1.82551,1.82838
2007-04-25T11:00:00+02:00,1.82838,1.83464,1.82676,1.83085
2007-04-25T23:00:00+02:00,1.83085,1.83886,1.82295,1.83144
2007-04-26T11:00:00+02:00,1.83144,1.84539,1.83083,1.83946
2007-04-26T23:00:00+02:00,1.83946,1.8497,1.83575,1.84258
2007-04-27T11:00:00+02:00,1.84258,1.8428,1.83475,1.84009
2007-04-29T23:00:00+02:00,1.8441,1.84806,1.83902,1.84041
2007-04-30T11:00:00+02:00,1.84041,1.84437,1.83575,1.8432
2007-04-30T23:00:00+02:00,1.8432,1.84609,1.83633,1.83786
2007-05-01T11:00:00+02:00,1.83786,1.83976,1.83207,1.83661
2007-05-01T23:00:00+02:00,1.83661,1.84385,1.83542,1.83994
2007-05-02T11:00:00+02:00,1.83994,1.84373,1.83605,1.84308
2007-05-02T23:00:00+02:00,1.84308,1.84437,1.84026,1.8417
2007-05-03T11:00:00+02:00,1.8417,1.84759,1.83954,1.84128
2007-05-03T23:00:00+02:00,1.84128,1.84902,1.83995,1.84753
2007-05-04T11:00:00+02:00,1.84753,1.85319,1.84312,1.84535
2007-05-06T23:00:00+02:00,1.84943,1.85074,1.84246,1.8444
2007-05-07T11:00:00+02:00,1.8444,1.84729,1.84142,1.84542
2007-05-07T23:00:00+02:00,1.84542,1.84814,1.83723,1.83793
2007-05-08T11:00:00+02:00,1.83793,1.83976,1.83332,1.83593
2007-05-08T23:00:00+02:00,1.83593,1.8433,1.83323,1.84233
2007-05-09T11:00:00+02:00,1.84233,1.84698,1.83752,1.84176
2007-05-09T23:00:00+02:00,1.84176,1.84867,1.83844,1.84245
2007-05-10T11:00:00+02:00,1.84245,1.8545,1.83967,1.85375
2007-05-10T23:00:00+02:00,1.85375,1.85782,1.84308,1.84877
2007-05-11T11:00:00+02:00,1.84877,1.85165,1.8411,1.84255
2007-05-13T23:00:00+02:00,1.84604,1.84655,1.83119,1.83314
2007-05-14T11:00:00+02:00,1.83314,1.83837,1.83119,1.83737
2007-05-14T23:00:00+02:00,1.83737,1.84314,1.8338,1.83865
2007-05-15T11:00:00+02:00,1.83865,1.8426,1.83467,1.83948
2007-05-15T23:00:00+02:00,1.83948,1.84677,1.83814,1.84401
2007-05-16T11:00:00+02:00,1.84401,1.85066,1.84129,1.84399
2007-05-16T23:00:00+02:00,1.84399,1.84871,1.84117,1.84514
2007-05-17T11:00:00+02:00,1.84514,1.85166,1.84268,1.84674
2007-05-17T23:00:00+02:00,1.84674,1.85405,1.84609,1.85173
2007-05-18T11:00:00+02:00,1.85173,1.85406,1.84647,1.84887
2007-05-20T23:00:00+02:00,1.84951,1.85282,1.84584,1.84966
2007-05-21T11:00:00+02:00,1.84966,1.85062,1.84252,1.84441
2007-05-21T23:00:00+02:00,1.84441,1.8497,1.8425,1.84815
2007-05-22T11:00:00+02:00,1.84815,1.85271,1.84485,1.85082
2007-05-22T23:00:00+02:00,1.85082,1.85416,1.84536,1.84612
2007-05-23T11:00:00+02:00,1.84612,1.84841,1.84322,1.84432
2007-05-23T23:00:00+02:00,1.84432,1.85012,1.84333,1.84493
2007-05-24T11:00:00+02:00,1.84493,1.85561,1.84312,1.85296
2007-05-24T23:00:00+02:00,1.85296,1.85526,1.84677,1.85088
2007-05-25T11:00:00+02:00,1.85088,1.85638,1.84854,1.85169
2007-05-27T23:00:00+02:00,1.85312,1.85398,1.85025,1.85147
2007-05-28T11:00:00+02:00,1.85147,1.85322,1.84955,1.8497
2007-05-28T23:00:00+02:00,1.8497,1.85306,1.84399,1.84835
2007-05-29T11:00:00+02:00,1.84835,1.85465,1.84787,1.84902
2007-05-29T23:00:00+02:00,1.84902,1.85189,1.84498,1.84534
2007-05-30T11:00:00+02:00,1.84534,1.84895,1.83574,1.83933
2007-05-30T23:00:00+02:00,1.83933,1.84313,1.83139,1.83529
2007-05-31T11:00:00+02:00,1.83529,1.83694,1.82418,1.82587
2007-05-31T23:00:00+02:00,1.82587,1.82767,1.81404,1.81516
2007-06-01T11:00:00+02:00,1.81516,1.81823,1.80216,1.80513
2007-06-03T23:00:00+02:00,1.80247,1.80811,1.8021,1.80421
2007-06-04T11:00:00+02:00,1.80421,1.8111,1.80292,1.80518
2007-06-04T23:00:00+02:00,1.80518,1.80845,1.79355,1.79614
2007-06-05T11:00:00+02:00,1.79614,1.80728,1.79213,1.80432
2007-06-05T23:00:00+02:00,1.80432,1.80487,1.7903,1.79878
2007-06-06T11:00:00+02:00,1.79878,1.80579,1.79556,1.79685
2007-06-06T23:00:00+02:00,1.79685,1.79685,1.78326,1.78487
2007-06-07T11:00:00+02:00,1.78487,1.79107,1.7781,1.79022
2007-06-07T23:00:00+02:00,1.79022,1.79464,1.77662,1.78181
2007-06-08T11:00:00+02:00,1.78181,1.78312,1.74922,1.75118
2007-06-10T23:00:00+02:00,1.75389,1.784,1.74954,1.78078
2007-06-11T11:00:00+02:00,1.78078,1.78716,1.77511,1.77597
2007-06-11T23:00:00+02:00,1.77597,1.78071,1.77153,1.77297
2007-06-12T11:00:00+02:00,1.77297,1.7771,1.77019,1.77659
2007-06-12T23:00:00+02:00,1.77659,1.77894,1.77034,1.7735
2007-06-13T11:00:00+02:00,1.7735,1.78017,1.76862,1.7705
2007-06-13T23:00:00+02:00,1.7705,1.77992,1.76937,1.77263
2007-06-14T11:00:00+02:00,1.77263,1.77658,1.76814,1.77426
2007-06-14T23:00:00+02:00,1.77426,1.77549,1.76944,1.77199
2007-06-15T11:00:00+02:00,1.77199,1.77651,1.76799,1.77322
2007-06-17T23:00:00+02:00,1.78297,1.78383,1.76955,1.77446
2007-06-18T11:00:00+02:00,1.77446,1.78046,1.77342,1.77947
2007-06-18T23:00:00+02:00,1.77947,1.78115,1.77512,1.77567
2007-06-19T11:00:00+02:00,1.77567,1.77695,1.76751,1.77057
2007-06-19T23:00:00+02:00,1.77057,1.77193,1.76259,1.76368
2007-06-20T11:00:00+02:00,1.76368,1.76675,1.75761,1.76414
2007-06-20T23:00:00+02:00,1.76414,1.76706,1.75025,1.75294
2007-06-21T11:00:00+02:00,1.75294,1.76068,1.75201,1.7531
2007-06-21T23:00:00+02:00,1.7531,1.75575,1.74965,1.75336
2007-06-22T11:00:00+02:00,1.75336,1.77161,1.75072,1.76259
2007-06-24T23:00:00+02:00,1.76504,1.7654,1.75285,1.75616
2007-06-25T11:00:00+02:00,1.75616,1.76387,1.75332,1.75847
2007-06-25T23:00:00+02:00,1.75847,1.76225,1.74982,1.75118
2007-06-26T11:00:00+02:00,1.75118,1.75873,1.75022,1.75643
2007-06-26T23:00:00+02:00,1.75643,1.76796,1.75352,1.76474
2007-06-27T11:00:00+02:00,1.76474,1.77527,1.76232,1.76785
2007-06-27T23:00:00+02:00,1.76785,1.76913,1.75167,1.75513
2007-06-28T11:00:00+02:00,1.75513,1.75689,1.74499,1.74767
2007-06-28T23:00:00+02:00,1.74767,1.74984,1.7401,1.74271
2007-06-29T11:00:00+02:00,1.74271,1.75967,1.74042,1.75241
2007-07-01T23:00:00+02:00,1.75388,1.75426,1.74297,1.74753
2007-07-02T11:00:00+02:00,1.74753,1.74848,1.73931,1.74231
2007-07-02T23:00:00+02:00,1.74231,1.74875,1.7366,1.73677
2007-07-03T11:00:00+02:00,1.73677,1.74454,1.73515,1.74302
2007-07-03T23:00:00+02:00,1.74302,1.74367,1.73955,1.74098
2007-07-04T11:00:00+02:00,1.74098,1.74385,1.73904,1.74104
2007-07-04T23:00:00+02:00,1.74104,1.74291,1.73767,1.73835
2007-07-05T11:00:00+02:00,1.73835,1.74171,1.73095,1.73949
2007-07-05T23:00:00+02:00,1.73949,1.7405,1.73473,1.73701
2007-07-06T11:00:00+02:00,1.73701,1.74635,1.73086,1.74175
2007-07-08T23:00:00+02:00,1.74358,1.75104,1.74019,1.74296
2007-07-09T11:00:00+02:00,1.74296,1.74885,1.74021,1.745
2007-07-09T23:00:00+02:00,1.745,1.7587,1.74441,1.75626
2007-07-10T11:00:00+02:00,1.75626,1.76711,1.7534,1.76665
2007-07-10T23:00:00+02:00,1.76665,1.78454,1.76606,1.77053
2007-07-11T11:00:00+02:00,1.77053,1.77528,1.75562,1.757
2007-07-11T23:00:00+02:00,1.757,1.76611,1.75294,1.7651
2007-07-12T11:00:00+02:00,1.7651,1.76548,1.75759,1.75803
2007-07-12T23:00:00+02:00,1.75803,1.76268,1.7499,1.75289
2007-07-13T11:00:00+02:00,1.75289,1.75946,1.75002,1.75095
2007-07-15T23:00:00+02:00,1.75441,1.75631,1.74256,1.74277
2007-07-16T11:00:00+02:00,1.74277,1.74457,1.73584,1.7361
2007-07-16T23:00:00+02:00,1.7361,1.74441,1.73429,1.74129
2007-07-17T11:00:00+02:00,1.74129,1.74653,1.73858,1.74437
2007-07-17T23:00:00+02:00,1.74437,1.74818,1.73989,1.74382
2007-07-18T11:00:00+02:00,1.74382,1.74487,1.7374,1.74025
2007-07-18T23:00:00+02:00,1.74025,1.74505,1.73939,1.7425
2007-07-19T11:00:00+02:00,1.7425,1.746,1.73918,1.74122
2007-07-19T23:00:00+02:00,1.74122,1.74125,1.73365,1.73473
2007-07-20T11:00:00+02:00,1.73473,1.74112,1.72999,1.73415
2007-07-22T23:00:00+02:00,1.73366,1.73814,1.7231,1.72413
2007-07-23T11:00:00+02:00,1.72413,1.72461,1.71189,1.71382
2007-07-23T23:00:00+02:00,1.71382,1.71489,1.70518,1.70861
2007-07-24T11:00:00+02:00,1.70861,1.7198,1.70723,1.71548
2007-07-24T23:00:00+02:00,1.71548,1.72698,1.70482,1.70482
2007-07-25T11:00:00+02:00,1.70482,1.71094,1.7035,1.70634
2007-07-25T23:00:00+02:00,1.70634,1.72759,1.7051,1.72332
2007-07-26T11:00:00+02:00,1.72332,1.75862,1.71743,1.75744
2007-07-26T23:00:00+02:00,1.75744,1.77604,1.74527,1.75439
2007-07-27T11:00:00+02:00,1.75439,1.78719,1.74797,1.78285
2007-07-29T23:00:00+02:00,1.78839,1.80021,1.78047,1.78813
2007-07-30T11:00:00+02:00,1.78813,1.81009,1.77954,1.7831
2007-07-30T23:00:00+02:00,1.7831,1.78798,1.77495,1.77692
2007-07-31T11:00:00+02:00,1.77692,1.79741,1.77263,1.79498
2007-07-31T23:00:00+02:00,1.79498,1.81175,1.79112,1.80585
2007-08-01T11:00:00+02:00,1.80585,1.80668,1.78253,1.78337
2007-08-01T23:00:00+02:00,1.78337,1.7959,1.78111,1.78614
2007-08-02T11:00:00+02:00,1.78614,1.78932,1.77586,1.78183
2007-08-02T23:00:00+02:00,1.78183,1.79039,1.77922,1.78953
2007-08-03T11:00:00+02:00,1.78953,1.8141,1.78466,1.81128
2007-08-05T23:00:00+02:00,1.81906,1.83025,1.81345,1.81613
2007-08-06T11:00:00+02:00,1.81613,1.81848,1.8006,1.80153
2007-08-06T23:00:00+02:00,1.80153,1.81139,1.79952,1.80968
2007-08-07T11:00:00+02:00,1.80968,1.82125,1.80201,1.80418
2007-08-07T23:00:00+02:00,1.80418,1.80989,1.80067,1.80268
2007-08-08T11:00:00+02:00,1.80268,1.80726,1.79388,1.79617
2007-08-08T23:00:00+02:00,1.79617,1.81284,1.79169,1.81065
2007-08-09T11:00:00+02:00,1.81065,1.82199,1.80326,1.81917
2007-08-09T23:00:00+02:00,1.81917,1.84528,1.81846,1.84118
2007-08-10T11:00:00+02:00,1.84118,1.84551,1.82849,1.83749
2007-08-12T23:00:00+02:00,1.83207,1.84771,1.83047,1.84153
2007-08-13T11:00:00+02:00,1.84153,1.85341,1.83805,1.8411
2007-08-13T23:00:00+02:00,1.8411,1.86394,1.83829,1.85728
2007-08-14T11:00:00+02:00,1.85728,1.86559,1.85443,1.86278
2007-08-14T23:00:00+02:00,1.86278,1.89114,1.86188,1.88663
2007-08-15T11:00:00+02:00,1.88663,1.8936,1.87059,1.89318
2007-08-15T23:00:00+02:00,1.89318,1.96829,1.89151,1.95739
2007-08-16T11:00:00+02:00,1.95739,1.9939,1.93897,1.94936
2007-08-16T23:00:00+02:00,1.94936,2.01602,1.91406,1.98227
2007-08-17T11:00:00+02:00,1.98227,1.99896,1.93155,1.93258
2007-08-19T23:00:00+02:00,1.93749,1.97681,1.92053,1.9278
2007-08-20T11:00:00+02:00,1.9278,1.94805,1.92051,1.92836
2007-08-20T23:00:00+02:00,1.92836,1.94605,1.92324,1.93874
2007-08-21T11:00:00+02:00,1.93874,1.94468,1.92447,1.93345
2007-08-21T23:00:00+02:00,1.93345,1.95387,1.93034,1.9336
2007-08-22T11:00:00+02:00,1.9336,1.93669,1.92036,1.93253
2007-08-22T23:00:00+02:00,1.93253,1.9326,1.89802,1.89985
2007-08-23T11:00:00+02:00,1.89985,1.91447,1.88965,1.89725
2007-08-23T23:00:00+02:00,1.89725,1.91313,1.89092,1.90469
2007-08-24T11:00:00+02:00,1.90469,1.91036,1.89361,1.8957
2007-08-26T23:00:00+02:00,1.88777,1.89313,1.87953,1.88369
2007-08-27T11:00:00+02:00,1.88369,1.90545,1.88278,1.90545
2007-08-27T23:00:00+02:00,1.90545,1.93417,1.90398,1.92406
2007-08-28T11:00:00+02:00,1.92406,1.95082,1.91145,1.94928
2007-08-28T23:00:00+02:00,1.94928,1.97438,1.94736,1.95259
2007-08-29T11:00:00+02:00,1.95259,1.95981,1.92522,1.9296
2007-08-29T23:00:00+02:00,1.9296,1.95532,1.92394,1.93909
2007-08-30T11:00:00+02:00,1.93909,1.94759,1.93026,1.94025
2007-08-30T23:00:00+02:00,1.94025,1.95162,1.92508,1.92888
2007-08-31T11:00:00+02:00,1.92888,1.95112,1.92413,1.94241
2007-09-02T23:00:00+02:00,1.94848,1.94867,1.93224,1.93937
2007-09-03T11:00:00+02:00,1.93937,1.94387,1.93261,1.93489
2007-09-03T23:00:00+02:00,1.93489,1.94794,1.93186,1.94488
2007-09-04T11:00:00+02:00,1.94488,1.96029,1.93317,1.9518
2007-09-04T23:00:00+02:00,1.9518,1.96496,1.95096,1.9561
2007-09-05T11:00:00+02:00,1.9561,1.99184,1.95592,1.98711
2007-09-05T23:00:00+02:00,1.98711,1.99656,1.9682,1.97015
2007-09-06T11:00:00+02:00,1.97015,1.98805,1.96909,1.9764
2007-09-06T23:00:00+02:00,1.9764,1.98362,1.97332,1.98333
2007-09-07T11:00:00+02:00,1.98333,2.00641,1.97867,1.99219
2007-09-09T23:00:00+02:00,1.99935,2.01856,1.99221,1.9941
2007-09-10T11:00:00+02:00,1.9941,1.99706,1.97517,1.98086
2007-09-10T23:00:00+02:00,1.98086,1.99154,1.97958,1.98442
2007-09-11T11:00:00+02:00,1.98442,1.98814,1.95659,1.95838
2007-09-11T23:00:00+02:00,1.95838,1.96643,1.95436,1.96047
2007-09-12T11:00:00+02:00,1.96047,1.96538,1.94266,1.95417
2007-09-12T23:00:00+02:00,1.95417,1.96547,1.94352,1.94433
2007-09-13T11:00:00+02:00,1.94433,1.9518,1.93403,1.94976
2007-09-13T23:00:00+02:00,1.94976,1.96248,1.93888,1.94346
2007-09-14T11:00:00+02:00,1.94346,1.95258,1.93781,1.94547
2007-09-16T23:00:00+02:00,1.94441,1.95525,1.9399,1.94988
2007-09-17T11:00:00+02:00,1.94988,1.97136,1.94579,1.96178
2007-09-17T23:00:00+02:00,1.96178,1.97871,1.96086,1.97272
2007-09-18T11:00:00+02:00,1.97272,1.97295,1.92268,1.92418
2007-09-18T23:00:00+02:00,1.92418,1.93401,1.90713,1.90752
2007-09-19T11:00:00+02:00,1.90752,1.91582,1.89451,1.89777
2007-09-19T23:00:00+02:00,1.89777,1.90804,1.89419,1.90112
2007-09-20T11:00:00+02:00,1.90112,1.91341,1.8866,1.90717
2007-09-20T23:00:00+02:00,1.90717,1.90904,1.88551,1.89709
2007-09-21T11:00:00+02:00,1.89709,1.90314,1.89078,1.89355
2007-09-23T23:00:00+02:00,1.89604,1.90033,1.89185,1.89493
2007-09-24T11:00:00+02:00,1.89493,1.89582,1.88046,1.88632
2007-09-24T23:00:00+02:00,1.88632,1.91478,1.88437,1.91249
2007-09-25T11:00:00+02:00,1.91249,1.92846,1.89961,1.90283
2007-09-25T23:00:00+02:00,1.90283,1.90863,1.89723,1.90231
2007-09-26T11:00:00+02:00,1.90231,1.90677,1.89375,1.89638
2007-09-26T23:00:00+02:00,1.89638,1.89969,1.88196,1.88537
2007-09-27T11:00:00+02:00,1.88537,1.89249,1.88168,1.88687
2007-09-27T23:00:00+02:00,1.88687,1.88806,1.86826,1.87641
2007-09-28T11:00:00+02:00,1.87641,1.89034,1.87139,1.88269
2007-09-30T23:00:00+02:00,1.87799,1.88078,1.85822,1.85971
2007-10-01T11:00:00+02:00,1.85971,1.87557,1.85559,1.85623
2007-10-01T23:00:00+02:00,1.85623,1.87923,1.85556,1.86937
2007-10-02T11:00:00+02:00,1.86937,1.86977,1.85716,1.86814
2007-10-02T23:00:00+02:00,1.86814,1.87663,1.85562,1.86361
2007-10-03T11:00:00+02:00,1.86361,1.87402,1.85814,1.8667
2007-10-03T23:00:00+02:00,1.8667,1.87849,1.86593,1.87163
2007-10-04T11:00:00+02:00,1.87163,1.87997,1.8675,1.87305
2007-10-04T23:00:00+02:00,1.87305,1.87354,1.86279,1.86415
2007-10-05T11:00:00+02:00,1.86415,1.86868,1.85297,1.85703
2007-10-07T23:00:00+02:00,1.85023,1.85548,1.83824,1.84289
2007-10-08T11:00:00+02:00,1.84289,1.84815,1.83885,1.84425
2007-10-08T23:00:00+02:00,1.84425,1.84839,1.83627,1.84838
2007-10-09T11:00:00+02:00,1.84838,1.85178,1.84142,1.84346
2007-10-09T23:00:00+02:00,1.84346,1.85155,1.84067,1.85092
2007-10-10T11:00:00+02:00,1.85092,1.86004,1.8484,1.85343
2007-10-10T23:00:00+02:00,1.85343,1.85826,1.84406,1.84496
2007-10-11T11:00:00+02:00,1.84496,1.84978,1.83587,1.84512
2007-10-11T23:00:00+02:00,1.84512,1.8482,1.83764,1.83764
2007-10-12T11:00:00+02:00,1.83764,1.83973,1.82419,1.82546
2007-10-14T23:00:00+02:00,1.82544,1.84659,1.82124,1.84476
2007-10-15T11:00:00+02:00,1.84476,1.87047,1.84011,1.86536
2007-10-15T23:00:00+02:00,1.86536,1.91037,1.85282,1.88918
2007-10-16T11:00:00+02:00,1.88918,1.91619,1.88827,1.89963
2007-10-16T23:00:00+02:00,1.89963,1.91112,1.88703,1.89641
2007-10-17T11:00:00+02:00,1.89641,1.9058,1.88238,1.88848
2007-10-17T23:00:00+02:00,1.88848,1.90372,1.88627,1.8968
2007-10-18T11:00:00+02:00,1.8968,1.91398,1.89071,1.89517
2007-10-18T23:00:00+02:00,1.89517,1.92095,1.88425,1.90007
2007-10-19T11:00:00+02:00,1.90007,1.91601,1.89083,1.91414
2007-10-21T23:00:00+02:00,1.92162,1.94218,1.90939,1.92293
2007-10-22T11:00:00+02:00,1.92293,1.92789,1.89663,1.89933
2007-10-22T23:00:00+02:00,1.89933,1.90035,1.88428,1.88912
2007-10-23T11:00:00+02:00,1.88912,1.89872,1.87901,1.88398
2007-10-23T23:00:00+02:00,1.88398,1.90107,1.87621,1.89681
2007-10-24T11:00:00+02:00,1.89681,1.90125,1.88624,1.89047
2007-10-24T23:00:00+02:00,1.89047,1.89716,1.88453,1.88883
2007-10-25T11:00:00+02:00,1.88883,1.89328,1.8762,1.88055
2007-10-25T23:00:00+02:00,1.88055,1.88336,1.87151,1.87895
2007-10-26T11:00:00+02:00,1.87895,1.88489,1.87202,1.87877
2007-10-28T22:00:00+01:00,1.87835,1.88068,1.8643,1.86978
2007-10-29T10:00:00+01:00,1.86978,1.88065,1.86668,1.87692
2007-10-29T22:00:00+01:00,1.87692,1.88171,1.8688,1.87023
2007-10-30T10:00:00+01:00,1.87023,1.88976,1.86898,1.88757
2007-10-30T22:00:00+01:00,1.88757,1.89262,1.88062,1.88609
2007-10-31T10:00:00+01:00,1.88609,1.8897,1.8718,1.87325
2007-10-31T22:00:00+01:00,1.87325,1.87714,1.8703,1.87166
2007-11-01T10:00:00+01:00,1.87166,1.90586,1.86855,1.90243
2007-11-01T22:00:00+01:00,1.90243,1.90387,1.89226,1.89535
2007-11-02T10:00:00+01:00,1.89535,1.90773,1.88755,1.895
2007-11-04T23:00:00+01:00,1.89611,1.90247,1.89131,1.89355
2007-11-05T11:00:00+01:00,1.89355,1.8964,1.87796,1.87969
2007-11-05T23:00:00+01:00,1.87969,1.88048,1.86895,1.87098
2007-11-06T11:00:00+01:00,1.87098,1.88089,1.86472,1.86638
2007-11-06T23:00:00+01:00,1.86638,1.87423,1.85589,1.8721
2007-11-07T11:00:00+01:00,1.8721,1.88983,1.86012,1.88892
2007-11-07T23:00:00+01:00,1.88892,1.91281,1.88586,1.9018
2007-11-08T11:00:00+01:00,1.9018,1.90287,1.87747,1.89136
2007-11-08T23:00:00+01:00,1.89136,1.9,1.88282,1.89898
2007-11-09T11:00:00+01:00,1.89898,1.92423,1.89874,1.92052
2007-11-11T23:00:00+01:00,1.9295,1.94687,1.9221,1.92852
2007-11-12T11:00:00+01:00,1.92852,1.95584,1.92413,1.95383
2007-11-12T23:00:00+01:00,1.95383,1.95383,1.92525,1.9346
2007-11-13T11:00:00+01:00,1.9346,1.93966,1.91559,1.92155
2007-11-13T23:00:00+01:00,1.92155,1.93447,1.91215,1.91744
2007-11-14T11:00:00+01:00,1.91744,1.92593,1.91072,1.9204
2007-11-14T23:00:00+01:00,1.9204,1.92983,1.91685,1.92791
2007-11-15T11:00:00+01:00,1.92791,1.94072,1.92411,1.93961
2007-11-15T23:00:00+01:00,1.93961,1.94202,1.92376,1.92506
2007-11-16T11:00:00+01:00,1.92506,1.94381,1.92069,1.93543
2007-11-18T23:00:00+01:00,1.93256,1.93568,1.9225,1.92738
2007-11-19T11:00:00+01:00,1.92738,1.94783,1.92645,1.94546
2007-11-19T23:00:00+01:00,1.94546,1.95542,1.93175,1.93896
2007-11-20T11:00:00+01:00,1.93896,1.95241,1.93602,1.93916
2007-11-20T23:00:00+01:00,1.93916,1.96828,1.93487,1.96446
2007-11-21T11:00:00+01:00,1.96446,1.98459,1.95311,1.97604
2007-11-21T23:00:00+01:00,1.97604,1.98355,1.96044,1.96603
2007-11-22T11:00:00+01:00,1.96603,1.97856,1.96187,1.97747
2007-11-22T23:00:00+01:00,1.97747,1.98748,1.96014,1.96489
2007-11-23T11:00:00+01:00,1.96489,1.97246,1.95208,1.95521
2007-11-25T23:00:00+01:00,1.94706,1.95786,1.9446,1.95225
2007-11-26T11:00:00+01:00,1.95225,1.98733,1.95067,1.98079
2007-11-26T23:00:00+01:00,1.98079,1.98438,1.95261,1.96222
2007-11-27T11:00:00+01:00,1.96222,1.97253,1.94916,1.9543
2007-11-27T23:00:00+01:00,1.9543,1.95677,1.93397,1.9385
2007-11-28T11:00:00+01:00,1.9385,1.939,1.90855,1.91541
2007-11-28T23:00:00+01:00,1.91541,1.92996,1.90564,1.90996
2007-11-29T11:00:00+01:00,1.90996,1.92157,1.90689,1.91279
2007-11-29T23:00:00+01:00,1.91279,1.91806,1.90502,1.90797
2007-11-30T11:00:00+01:00,1.90797,1.93023,1.90471,1.9145
2007-12-02T23:00:00+01:00,1.92005,1.92621,1.9143,1.91532
2007-12-03T11:00:00+01:00,1.91532,1.92445,1.90842,1.92038
2007-12-03T23:00:00+01:00,1.92038,1.92932,1.91713,1.91982
2007-12-04T11:00:00+01:00,1.91982,1.94133,1.91803,1.93383
2007-12-04T23:00:00+01:00,1.93383,1.94693,1.92236,1.92615
2007-12-05T11:00:00+01:00,1.92615,1.92796,1.8946,1.89847
2007-12-05T23:00:00+01:00,1.89847,1.89915,1.889,1.89448
2007-12-06T11:00:00+01:00,1.89448,1.90071,1.87992,1.88295
2007-12-06T23:00:00+01:00,1.88295,1.88654,1.87516,1.88185
2007-12-07T11:00:00+01:00,1.88185,1.89046,1.87417,1.88712
2007-12-09T23:00:00+01:00,1.89406,1.89705,1.88335,1.88824
2007-12-10T11:00:00+01:00,1.88824,1.89625,1.88174,1.88281
2007-12-10T23:00:00+01:00,1.88281,1.88439,1.87555,1.87617
2007-12-11T11:00:00+01:00,1.87617,1.89974,1.86955,1.89545
2007-12-11T23:00:00+01:00,1.89545,1.89692,1.86813,1.87494
2007-12-12T11:00:00+01:00,1.87494,1.87571,1.85126,1.87117
2007-12-12T23:00:00+01:00,1.87117,1.88051,1.86757,1.87548
2007-12-13T11:00:00+01:00,1.87548,1.87937,1.8637,1.87535
2007-12-13T23:00:00+01:00,1.87535,1.87535,1.86228,1.86603
2007-12-14T11:00:00+01:00,1.86603,1.88753,1.85974,1.88564
2007-12-16T23:00:00+01:00,1.87607,1.90005,1.87059,1.89387
2007-12-17T11:00:00+01:00,1.89387,1.91048,1.89259,1.90797
2007-12-17T23:00:00+01:00,1.90797,1.91598,1.89946,1.90737
2007-12-18T11:00:00+01:00,1.90737,1.91687,1.89971,1.90836
2007-12-18T23:00:00+01:00,1.90836,1.91382,1.89651,1.89904
2007-12-19T11:00:00+01:00,1.89904,1.91232,1.89796,1.90312
2007-12-19T23:00:00+01:00,1.90312,1.90822,1.89644,1.8981
2007-12-20T11:00:00+01:00,1.8981,1.90413,1.88139,1.88675
2007-12-20T23:00:00+01:00,1.88675,1.88739,1.87493,1.87825
2007-12-21T11:00:00+01:00,1.87825,1.88567,1.87191,1.88431
2007-12-23T23:00:00+01:00,1.8813,1.887,1.87649,1.8788
2007-12-24T11:00:00+01:00,1.8788,1.88128,1.87536,1.87716
2007-12-24T23:00:00+01:00,1.87716,1.88272,1.87656,1.87945
2007-12-25T23:00:00+01:00,1.87945,1.88621,1.87865,1.88141
2007-12-26T11:00:00+01:00,1.88141,1.89268,1.88008,1.88931
2007-12-26T23:00:00+01:00,1.88931,1.89115,1.87975,1.88544
2007-12-27T11:00:00+01:00,1.88544,1.90213,1.8825,1.89737
2007-12-27T23:00:00+01:00,1.89737,1.90239,1.88914,1.90035
2007-12-28T11:00:00+01:00,1.90035,1.90659,1.89696,1.90066
2007-12-30T23:00:00+01:00,1.90233,1.90553,1.89054,1.90496
2007-12-31T11:00:00+01:00,1.90496,1.90938,1.89596,1.90499
2007-12-31T23:00:00+01:00,1.90499,1.90516,1.90446,1.90446
2008-01-01T11:00:00+01:00,1.90446,1.90635,1.89964,1.90025
2008-01-01T23:00:00+01:00,1.90025,1.90391,1.89381,1.89417
2008-01-02T11:00:00+01:00,1.89417,1.91171,1.89353,1.8983
2008-01-02T23:00:00+01:00,1.8983,1.90253,1.89466,1.89753
2008-01-03T11:00:00+01:00,1.89753,1.91701,1.88896,1.91422
2008-01-03T23:00:00+01:00,1.91422,1.91862,1.90237,1.9033
2008-01-04T11:00:00+01:00,1.9033,1.92847,1.89927,1.92411
2008-01-06T23:00:00+01:00,1.9242,1.9316,1.91368,1.91713
2008-01-07T11:00:00+01:00,1.91713,1.92841,1.90719,1.91129
2008-01-07T23:00:00+01:00,1.91129,1.91429,1.9027,1.91219
2008-01-08T11:00:00+01:00,1.91219,1.91677,1.90163,1.91313
2008-01-08T23:00:00+01:00,1.91313,1.91811,1.90586,1.90997
2008-01-09T11:00:00+01:00,1.90997,1.91016,1.89624,1.89711
2008-01-09T23:00:00+01:00,1.89711,1.90048,1.88903,1.89151
2008-01-10T11:00:00+01:00,1.89151,1.8981,1.87728,1.88572
2008-01-10T23:00:00+01:00,1.88572,1.89426,1.88227,1.8838
2008-01-11T11:00:00+01:00,1.8838,1.89143,1.87755,1.88816
2008-01-13T23:00:00+01:00,1.89577,1.89577,1.88237,1.88593
2008-01-14T11:00:00+01:00,1.88593,1.88921,1.87842,1.88039
2008-01-14T23:00:00+01:00,1.88039,1.88734,1.87393,1.87985
2008-01-15T11:00:00+01:00,1.87985,1.90681,1.87831,1.90501
2008-01-15T23:00:00+01:00,1.90501,1.92231,1.90076,1.92223
2008-01-16T11:00:00+01:00,1.92223,1.93397,1.89304,1.89973
2008-01-16T23:00:00+01:00,1.89973,1.91236,1.88747,1.892
2008-01-17T11:00:00+01:00,1.892,1.91811,1.88875,1.91188
2008-01-17T23:00:00+01:00,1.91188,1.93325,1.90659,1.91423
2008-01-18T11:00:00+01:00,1.91423,1.93113,1.90847,1.92384
2008-01-20T23:00:00+01:00,1.92278,1.92493,1.91067,1.92051
2008-01-21T11:00:00+01:00,1.92051,1.94237,1.91639,1.93849
2008-01-21T23:00:00+01:00,1.93849,1.94876,1.9262,1.93662
2008-01-22T11:00:00+01:00,1.93662,1.94307,1.90491,1.91534
2008-01-22T23:00:00+01:00,1.91534,1.92836,1.90469,1.91086
2008-01-23T11:00:00+01:00,1.91086,1.92771,1.90295,1.90934
2008-01-23T23:00:00+01:00,1.90934,1.91878,1.9025,1.90751
2008-01-24T11:00:00+01:00,1.90751,1.91256,1.89983,1.90653
2008-01-24T23:00:00+01:00,1.90653,1.91962,1.90416,1.90728
2008-01-25T11:00:00+01:00,1.90728,1.91415,1.89926,1.9117
2008-01-27T23:00:00+01:00,1.91263,1.91437,1.90041,1.9037
2008-01-28T11:00:00+01:00,1.9037,1.9137,1.90059,1.90117
2008-01-28T23:00:00+01:00,1.90117,1.90498,1.89527,1.89658
2008-01-29T11:00:00+01:00,1.89658,1.901,1.89258,1.89818
2008-01-29T23:00:00+01:00,1.89818,1.90407,1.89734,1.90242
2008-01-30T11:00:00+01:00,1.90242,1.90546,1.88117,1.8947
2008-01-30T23:00:00+01:00,1.8947,1.91235,1.89011,1.8928
2008-01-31T11:00:00+01:00,1.8928,1.90491,1.88107,1.88643
2008-01-31T23:00:00+01:00,1.88643,1.89044,1.87748,1.88139
2008-02-01T11:00:00+01:00,1.88139,1.893,1.86157,1.86219
2008-02-03T23:00:00+01:00,1.86827,1.87477,1.86299,1.86558
2008-02-04T11:00:00+01:00,1.86558,1.87203,1.85926,1.86861
2008-02-04T23:00:00+01:00,1.86861,1.87299,1.8566,1.85834
2008-02-05T11:00:00+01:00,1.85834,1.88131,1.8563,1.87472
2008-02-05T23:00:00+01:00,1.87472,1.87801,1.86635,1.87223
2008-02-06T11:00:00+01:00,1.87223,1.87311,1.85445,1.85749
2008-02-06T23:00:00+01:00,1.85749,1.8676,1.84582,1.85414
2008-02-07T11:00:00+01:00,1.85414,1.86257,1.82731,1.83669
2008-02-07T23:00:00+01:00,1.83669,1.84189,1.83262,1.8413
2008-02-08T11:00:00+01:00,1.8413,1.84784,1.83148,1.83953
2008-02-10T23:00:00+01:00,1.84431,1.84934,1.83885,1.84088
2008-02-11T11:00:00+01:00,1.84088,1.84717,1.83436,1.84021
2008-02-11T23:00:00+01:00,1.84021,1.84406,1.83421,1.83951
2008-02-12T11:00:00+01:00,1.83951,1.84742,1.82998,1.84491
2008-02-12T23:00:00+01:00,1.84491,1.85838,1.84281,1.85539
2008-02-13T11:00:00+01:00,1.85539,1.86525,1.85183,1.85944
2008-02-13T23:00:00+01:00,1.85944,1.86103,1.84852,1.85663
2008-02-14T11:00:00+01:00,1.85663,1.86042,1.84382,1.85865
2008-02-14T23:00:00+01:00,1.85865,1.86619,1.85463,1.85666
2008-02-15T11:00:00+01:00,1.85666,1.86522,1.85416,1.85801
2008-02-17T23:00:00+01:00,1.85812,1.85862,1.84377,1.84605
2008-02-18T11:00:00+01:00,1.84605,1.84871,1.84087,1.84346
2008-02-18T23:00:00+01:00,1.84346,1.84909,1.83408,1.84276
2008-02-19T11:00:00+01:00,1.84276,1.84926,1.83726,1.84746
2008-02-19T23:00:00+01:00,1.84746,1.85457,1.84286,1.84658
2008-02-20T11:00:00+01:00,1.84658,1.85083,1.84001,1.84441
2008-02-20T23:00:00+01:00,1.84441,1.84797,1.83932,1.84437
2008-02-21T11:00:00+01:00,1.84437,1.85562,1.83765,1.85104
2008-02-21T23:00:00+01:00,1.85104,1.85458,1.83758,1.83826
2008-02-22T11:00:00+01:00,1.83826,1.84469,1.83021,1.83349
2008-02-24T23:00:00+01:00,1.83708,1.84123,1.82918,1.83203
2008-02-25T11:00:00+01:00,1.83203,1.83647,1.82578,1.82756
2008-02-25T23:00:00+01:00,1.82756,1.83795,1.81972,1.83178
2008-02-26T11:00:00+01:00,1.83178,1.83873,1.82996,1.83244
2008-02-26T23:00:00+01:00,1.83244,1.84446,1.83116,1.83772
2008-02-27T11:00:00+01:00,1.83772,1.85645,1.83448,1.8523
2008-02-27T23:00:00+01:00,1.8523,1.86106,1.84751,1.85303
2008-02-28T11:00:00+01:00,1.85303,1.86881,1.85132,1.86383
2008-02-28T23:00:00+01:00,1.86383,1.87128,1.86037,1.87005
2008-02-29T11:00:00+01:00,1.87005,1.90378,1.86911,1.90053
2008-03-02T23:00:00+01:00,1.89928,1.91857,1.89916,1.90718
2008-03-03T11:00:00+01:00,1.90718,1.91477,1.8798,1.88507
2008-03-03T23:00:00+01:00,1.88507,1.89918,1.88067,1.89014
2008-03-04T11:00:00+01:00,1.89014,1.91132,1.89014,1.89934
2008-03-04T23:00:00+01:00,1.89934,1.91458,1.89868,1.91348
2008-03-05T11:00:00+01:00,1.91348,1.91782,1.89959,1.90242
2008-03-05T23:00:00+01:00,1.90242,1.91195,1.89557,1.91171
2008-03-06T11:00:00+01:00,1.91171,1.9348,1.90385,1.93019
2008-03-06T23:00:00+01:00,1.93019,1.93596,1.92482,1.93141
2008-03-07T11:00:00+01:00,1.93141,1.9444,1.92197,1.9345
2008-03-09T22:00:00+01:00,1.93625,1.94609,1.93449,1.93751
2008-03-10T10:00:00+01:00,1.93751,1.94883,1.92871,1.94599
2008-03-10T22:00:00+01:00,1.94599,1.94869,1.9306,1.93471
2008-03-11T10:00:00+01:00,1.93471,1.9387,1.90439,1.90855
2008-03-11T22:00:00+01:00,1.90855,1.91908,1.90413,1.91904
2008-03-12T10:00:00+01:00,1.91904,1.93314,1.91589,1.92896
2008-03-12T22:00:00+01:00,1.92896,1.94283,1.92063,1.93303
2008-03-13T10:00:00+01:00,1.93303,1.93598,1.90221,1.91064
2008-03-13T22:00:00+01:00,1.91064,1.91909,1.90132,1.90165
2008-03-14T10:00:00+01:00,1.90165,1.92987,1.89657,1.92729
2008-03-16T22:00:00+01:00,1.92862,1.9775,1.9182,1.95664
2008-03-17T10:00:00+01:00,1.95664,1.98598,1.95113,1.96302
2008-03-17T22:00:00+01:00,1.96302,1.97416,1.94925,1.95326
2008-03-18T10:00:00+01:00,1.95326,1.96173,1.93234,1.93673
2008-03-18T22:00:00+01:00,1.93673,1.94613,1.91653,1.93946
2008-03-19T10:00:00+01:00,1.93946,1.9592,1.92457,1.95352
2008-03-19T22:00:00+01:00,1.95352,1.96176,1.93651,1.94555
2008-03-20T10:00:00+01:00,1.94555,1.96114,1.93346,1.94962
2008-03-20T22:00:00+01:00,1.94962,1.95414,1.94312,1.94914
2008-03-21T10:00:00+01:00,1.94914,1.95404,1.94497,1.9489
2008-03-23T22:00:00+01:00,1.95166,1.9538,1.93877,1.93896
2008-03-24T10:00:00+01:00,1.93896,1.94764,1.92782,1.93328
2008-03-24T22:00:00+01:00,1.93328,1.94298,1.92437,1.93462
2008-03-25T10:00:00+01:00,1.93462,1.94474,1.93027,1.94006
2008-03-25T22:00:00+01:00,1.94006,1.9531,1.93592,1.94903
2008-03-26T10:00:00+01:00,1.94903,1.97377,1.94064,1.96981
2008-03-26T22:00:00+01:00,1.96981,1.97423,1.95647,1.96759
2008-03-27T10:00:00+01:00,1.96759,1.96821,1.95383,1.96411
2008-03-27T22:00:00+01:00,1.96411,1.96772,1.95777,1.95985
2008-03-28T10:00:00+01:00,1.95985,1.98689,1.95724,1.98089
2008-03-30T23:00:00+02:00,1.98817,2.00334,1.98599,2.00147
2008-03-31T11:00:00+02:00,2.00147,2.01825,1.99864,2.009
2008-03-31T23:00:00+02:00,2.009,2.01181,2.00054,2.00213
2008-04-01T11:00:00+02:00,2.00213,2.00526,1.98142,1.98437
2008-04-01T23:00:00+02:00,1.98437,1.98906,1.9774,1.98562
2008-04-02T11:00:00+02:00,1.98562,1.99042,1.96979,1.98597
2008-04-02T23:00:00+02:00,1.98597,1.99043,1.97468,1.97571
2008-04-03T11:00:00+02:00,1.97571,1.99859,1.97431,1.99707
2008-04-03T23:00:00+02:00,1.99707,2.00475,1.99245,1.99917
2008-04-04T11:00:00+02:00,1.99917,2.01062,1.98996,1.99365
2008-04-06T23:00:00+02:00,1.99255,1.99603,1.97875,1.98234
2008-04-07T11:00:00+02:00,1.98234,1.98243,1.96526,1.97416
2008-04-07T23:00:00+02:00,1.97416,1.98852,1.96983,1.9792
2008-04-08T11:00:00+02:00,1.9792,1.98211,1.96369,1.96534
2008-04-08T23:00:00+02:00,1.96534,1.97984,1.96126,1.97709
2008-04-09T11:00:00+02:00,1.97709,1.98864,1.97062,1.98583
2008-04-09T23:00:00+02:00,1.98583,1.98728,1.97683,1.98538
2008-04-10T11:00:00+02:00,1.98538,1.98891,1.96355,1.97092
2008-04-10T23:00:00+02:00,1.97092,1.98205,1.96895,1.98188
2008-04-11T11:00:00+02:00,1.98188,1.99558,1.97812,1.99278
2008-04-13T23:00:00+02:00,1.98628,1.99956,1.98609,1.99678
2008-04-14T11:00:00+02:00,1.99678,2.01189,1.99581,1.99956
2008-04-14T23:00:00+02:00,1.99956,2.02313,1.99353,2.01963
2008-04-15T11:00:00+02:00,2.01963,2.02288,2.0064,2.00767
2008-04-15T23:00:00+02:00,2.00767,2.01937,2.00561,2.01894
2008-04-16T11:00:00+02:00,2.01894,2.02758,2.01256,2.01294
2008-04-16T23:00:00+02:00,2.01294,2.02374,2.01007,2.0198
2008-04-17T11:00:00+02:00,2.0198,2.02804,2.00989,2.01131
2008-04-17T23:00:00+02:00,2.01131,2.01601,2.00054,2.01494
2008-04-18T11:00:00+02:00,2.01494,2.01603,1.99183,2.0022
2008-04-20T23:00:00+02:00,2.00193,2.00623,1.9946,2.00306
2008-04-21T11:00:00+02:00,2.00306,2.00968,1.99884,2.0042
2008-04-21T23:00:00+02:00,2.0042,2.00592,1.99674,2.00514
2008-04-22T11:00:00+02:00,2.00514,2.01092,1.99672,2.00564
2008-04-22T23:00:00+02:00,2.00564,2.00882,1.98836,1.98958
2008-04-23T11:00:00+02:00,1.98958,1.99732,1.98634,1.98988
2008-04-23T23:00:00+02:00,1.98988,2.00336,1.98716,1.98859
2008-04-24T11:00:00+02:00,1.98859,1.99588,1.98272,1.98902
2008-04-24T23:00:00+02:00,1.98902,2.0029,1.98841,1.9937
2008-04-25T11:00:00+02:00,1.9937,2.00286,1.98962,1.99936
2008-04-27T23:00:00+02:00,1.99484,1.99727,1.98675,1.99106
2008-04-28T11:00:00+02:00,1.99106,1.99415,1.98674,1.99241
2008-04-28T23:00:00+02:00,1.99241,2.00407,1.99135,2.00186
2008-04-29T11:00:00+02:00,2.00186,2.01494,2.0011,2.00729
2008-04-29T23:00:00+02:00,2.00729,2.01552,1.99968,2.0005
2008-04-30T11:00:00+02:00,2.0005,2.0025,1.98463,1.99739
2008-04-30T23:00:00+02:00,1.99739,2.0044,1.98956,1.99137
2008-05-01T11:00:00+02:00,1.99137,1.99782,1.98489,1.98968
2008-05-01T23:00:00+02:00,1.98968,1.99325,1.98055,1.98083
2008-05-02T11:00:00+02:00,1.98083,1.98363,1.96548,1.97711
2008-05-04T23:00:00+02:00,1.97436,1.98134,1.9721,1.97668
2008-05-05T11:00:00+02:00,1.97668,1.97782,1.96543,1.97248
2008-05-05T23:00:00+02:00,1.97248,1.97665,1.9642,1.97099
2008-05-06T11:00:00+02:00,1.97099,1.97476,1.95879,1.96246
2008-05-06T23:00:00+02:00,1.96246,1.97174,1.96146,1.97077
2008-05-07T11:00:00+02:00,1.97077,1.97162,1.96123,1.96967
2008-05-07T23:00:00+02:00,1.96967,1.98994,1.96705,1.98776
2008-05-08T11:00:00+02:00,1.98776,2.00059,1.98276,1.99515
2008-05-08T23:00:00+02:00,1.99515,2.00342,1.99245,2.00196
2008-05-09T11:00:00+02:00,2.00196,2.02098,1.99937,2.01197
2008-05-11T23:00:00+02:00,2.01577,2.0224,2.00826,2.00972
2008-05-12T11:00:00+02:00,2.00972,2.01942,2.00649,2.01556
2008-05-12T23:00:00+02:00,2.01556,2.02458,2.01082,2.01487
2008-05-13T11:00:00+02:00,2.01487,2.02645,2.00816,2.02452
2008-05-13T23:00:00+02:00,2.02452,2.03052,2.02172,2.0266
2008-05-14T11:00:00+02:00,2.0266,2.03424,2.02423,2.03381
2008-05-14T23:00:00+02:00,2.03381,2.05466,2.03097,2.05262
2008-05-15T11:00:00+02:00,2.05262,2.05685,2.02097,2.02167
2008-05-15T23:00:00+02:00,2.02167,2.03023,2.01727,2.01997
2008-05-16T11:00:00+02:00,2.01997,2.02432,2.0075,2.0121
2008-05-18T23:00:00+02:00,2.01233,2.02146,2.00945,2.01651
2008-05-19T11:00:00+02:00,2.01651,2.01651,2.00345,2.009
2008-05-19T23:00:00+02:00,2.009,2.0189,2.00553,2.01735
2008-05-20T11:00:00+02:00,2.01735,2.02401,2.01283,2.02112
2008-05-20T23:00:00+02:00,2.02112,2.02745,2.01707,2.01954
2008-05-21T11:00:00+02:00,2.01954,2.03495,2.01747,2.03251
2008-05-21T23:00:00+02:00,2.03251,2.03388,1.99848,2.00573
2008-05-22T11:00:00+02:00,2.00573,2.01102,1.99697,2.01056
2008-05-22T23:00:00+02:00,2.01056,2.01056,1.99884,2.00664
2008-05-23T11:00:00+02:00,2.00664,2.00931,1.99461,2.0083
2008-05-25T23:00:00+02:00,2.00671,2.0129,2.00211,2.00481
2008-05-26T11:00:00+02:00,2.00481,2.00557,2.00032,2.00376
2008-05-26T23:00:00+02:00,2.00376,2.00682,1.99114,1.99969
2008-05-27T11:00:00+02:00,1.99969,2.0003,1.98481,1.98765
2008-05-27T23:00:00+02:00,1.98765,2.0036,1.98455,2.00032
2008-05-28T11:00:00+02:00,2.00032,2.00149,1.98782,1.98988
2008-05-28T23:00:00+02:00,1.98988,1.99551,1.98522,1.99345
2008-05-29T11:00:00+02:00,1.99345,1.99677,1.98591,1.99165
2008-05-29T23:00:00+02:00,1.99165,1.99287,1.98132,1.98249
2008-05-30T11:00:00+02:00,1.98249,1.98734,1.97986,1.98637
2008-06-01T23:00:00+02:00,1.98803,1.98868,1.97905,1.97905
2008-06-02T11:00:00+02:00,1.97905,1.98801,1.97491,1.97957
2008-06-02T23:00:00+02:00,1.97957,1.98683,1.97818,1.98388
2008-06-03T11:00:00+02:00,1.98388,1.98483,1.97156,1.97643
2008-06-03T23:00:00+02:00,1.97643,1.98453,1.97269,1.9746
2008-06-04T11:00:00+02:00,1.9746,1.98201,1.97109,1.98011
2008-06-04T23:00:00+02:00,1.98011,2.01914,1.97882,2.01609
2008-06-05T11:00:00+02:00,2.01609,2.03625,2.01042,2.03026
2008-06-05T23:00:00+02:00,2.03026,2.03711,2.02946,2.03524
2008-06-06T11:00:00+02:00,2.03524,2.05742,2.03038,2.05492
2008-06-08T23:00:00+02:00,2.05361,2.05973,2.0517,2.05704
2008-06-09T11:00:00+02:00,2.05704,2.06735,2.05379,2.06177
2008-06-09T23:00:00+02:00,2.06177,2.06536,2.05466,2.05909
2008-06-10T11:00:00+02:00,2.05909,2.06694,2.05085,2.05463
2008-06-10T23:00:00+02:00,2.05463,2.05681,2.04462,2.04693
2008-06-11T11:00:00+02:00,2.04693,2.06486,2.04448,2.0592
2008-06-11T23:00:00+02:00,2.0592,2.0621,2.04618,2.04946
2008-06-12T11:00:00+02:00,2.04946,2.06032,2.04904,2.05908
2008-06-12T23:00:00+02:00,2.05908,2.06568,2.0516,2.05998
2008-06-13T11:00:00+02:00,2.05998,2.0619,2.04702,2.05138
2008-06-15T23:00:00+02:00,2.05152,2.05481,2.04686,2.0518
2008-06-16T11:00:00+02:00,2.0518,2.06261,2.04967,2.05423
2008-06-16T23:00:00+02:00,2.05423,2.05971,2.04876,2.05285
2008-06-17T11:00:00+02:00,2.05285,2.06272,2.04879,2.05361
2008-06-17T23:00:00+02:00,2.05361,2.05573,2.04888,2.05016
2008-06-18T11:00:00+02:00,2.05016,2.0545,2.04384,2.04657
2008-06-18T23:00:00+02:00,2.04657,2.05627,2.04423,2.04549
2008-06-19T11:00:00+02:00,2.04549,2.04685,2.03097,2.03287
2008-06-19T23:00:00+02:00,2.03287,2.04476,2.03287,2.04443
2008-06-20T11:00:00+02:00,2.04443,2.05424,2.04191,2.05073
2008-06-22T23:00:00+02:00,2.05292,2.05522,2.04052,2.04304
2008-06-23T11:00:00+02:00,2.04304,2.05134,2.04205,2.04771
2008-06-23T23:00:00+02:00,2.04771,2.05611,2.04674,2.0534
2008-06-24T11:00:00+02:00,2.0534,2.0598,2.05166,2.05382
2008-06-24T23:00:00+02:00,2.05382,2.06138,2.0496,2.05895
2008-06-25T11:00:00+02:00,2.05895,2.06877,2.05514,2.06111
2008-06-25T23:00:00+02:00,2.06111,2.07325,2.06071,2.07189
2008-06-26T11:00:00+02:00,2.07189,2.08786,2.0699,2.08772
2008-06-26T23:00:00+02:00,2.08772,2.09032,2.06642,2.07666
2008-06-27T11:00:00+02:00,2.07666,2.07881,2.0659,2.07585
2008-06-29T23:00:00+02:00,2.07334,2.07497,2.06226,2.0683
2008-06-30T11:00:00+02:00,2.0683,2.07301,2.06139,2.06729
2008-06-30T23:00:00+02:00,2.06729,2.07515,2.06627,2.07126
2008-07-01T11:00:00+02:00,2.07126,2.0908,2.06988,2.08428
2008-07-01T23:00:00+02:00,2.08428,2.08986,2.07933,2.08546
2008-07-02T11:00:00+02:00,2.08546,2.09206,2.08238,2.09
2008-07-02T23:00:00+02:00,2.09,2.09187,2.08634,2.0905
2008-07-03T11:00:00+02:00,2.0905,2.09743,2.07308,2.07551
2008-07-03T23:00:00+02:00,2.07551,2.08032,2.07219,2.07306
2008-07-04T11:00:00+02:00,2.07306,2.07481,2.06424,2.07177
2008-07-06T23:00:00+02:00,2.06928,2.07339,2.06326,2.07219
2008-07-07T11:00:00+02:00,2.07219,2.09009,2.07159,2.08382
2008-07-07T23:00:00+02:00,2.08382,2.09393,2.08375,2.09134
2008-07-08T11:00:00+02:00,2.09134,2.09428,2.07674,2.07949
2008-07-08T23:00:00+02:00,2.07949,2.08683,2.0784,2.08379
2008-07-09T11:00:00+02:00,2.08379,2.08595,2.0632,2.07676
2008-07-09T23:00:00+02:00,2.07676,2.08557,2.06346,2.0806
2008-07-10T11:00:00+02:00,2.0806,2.08413,2.07079,2.0807
2008-07-10T23:00:00+02:00,2.0807,2.0837,2.07766,2.08103
2008-07-11T11:00:00+02:00,2.08103,2.0964,2.07562,2.09326
2008-07-13T23:00:00+02:00,2.09503,2.10324,2.08294,2.08635
2008-07-14T11:00:00+02:00,2.08635,2.08856,2.08004,2.08166
2008-07-14T23:00:00+02:00,2.08166,2.08524,2.07124,2.07459
2008-07-15T11:00:00+02:00,2.07459,2.07809,2.05569,2.05951
2008-07-15T23:00:00+02:00,2.05951,2.0653,2.05687,2.06364
2008-07-16T11:00:00+02:00,2.06364,2.06545,2.04856,2.05108
2008-07-16T23:00:00+02:00,2.05108,2.06218,2.05038,2.05943
2008-07-17T11:00:00+02:00,2.05943,2.08353,2.05607,2.07829
2008-07-17T23:00:00+02:00,2.07829,2.0802,2.07334,2.07674
2008-07-18T11:00:00+02:00,2.07674,2.08241,2.07062,2.08221
2008-07-20T23:00:00+02:00,2.08,2.08792,2.07995,2.08456
2008-07-21T11:00:00+02:00,2.08456,2.09275,2.07978,2.09075
2008-07-21T23:00:00+02:00,2.09075,2.09482,2.08913,2.0897
2008-07-22T11:00:00+02:00,2.0897,2.09025,2.07623,2.07817
2008-07-22T23:00:00+02:00,2.07817,2.09588,2.06574,2.0896
2008-07-23T11:00:00+02:00,2.0896,2.09833,2.08629,2.09424
2008-07-23T23:00:00+02:00,2.09424,2.11833,2.09296,2.11131
2008-07-24T11:00:00+02:00,2.11131,2.11842,2.10763,2.11018
2008-07-24T23:00:00+02:00,2.11018,2.11684,2.10776,2.10911
2008-07-25T11:00:00+02:00,2.10911,2.11807,2.10475,2.11784
2008-07-27T23:00:00+02:00,2.11619,2.11864,2.10986,2.1159
2008-07-28T11:00:00+02:00,2.1159,2.11809,2.11145,2.11397
2008-07-28T23:00:00+02:00,2.11397,2.13044,2.10838,2.1243
2008-07-29T11:00:00+02:00,2.1243,2.13038,2.10567,2.10626
2008-07-29T23:00:00+02:00,2.10626,2.1252,2.10598,2.1228
2008-07-30T11:00:00+02:00,2.1228,2.12861,2.11614,2.12213
2008-07-30T23:00:00+02:00,2.12213,2.13074,2.11905,2.12832
2008-07-31T11:00:00+02:00,2.12832,2.13584,2.12126,2.12473
2008-07-31T23:00:00+02:00,2.12473,2.14564,2.12438,2.13644
2008-08-01T11:00:00+02:00,2.13644,2.14584,2.13299,2.13992
2008-08-03T23:00:00+02:00,2.13631,2.14198,2.13554,2.1367
2008-08-04T11:00:00+02:00,2.1367,2.13727,2.12781,2.13495
2008-08-04T23:00:00+02:00,2.13495,2.14481,2.13465,2.14397
2008-08-05T11:00:00+02:00,2.14397,2.14466,2.12609,2.12648
2008-08-05T23:00:00+02:00,2.12648,2.14143,2.12599,2.13986
2008-08-06T11:00:00+02:00,2.13986,2.15022,2.13848,2.14723
2008-08-06T23:00:00+02:00,2.14723,2.15679,2.13716,2.15635
2008-08-07T11:00:00+02:00,2.15635,2.15747,2.14275,2.1454
2008-08-07T23:00:00+02:00,2.1454,2.17844,2.14195,2.1598
2008-08-08T11:00:00+02:00,2.1598,2.16052,2.12722,2.13039
2008-08-10T23:00:00+02:00,2.12951,2.14417,2.1246,2.13097
2008-08-11T11:00:00+02:00,2.13097,2.13764,2.12607,2.13159
2008-08-11T23:00:00+02:00,2.13159,2.13952,2.13056,2.13601
2008-08-12T11:00:00+02:00,2.13601,2.14782,2.1294,2.14492
2008-08-12T23:00:00+02:00,2.14492,2.18555,2.14345,2.14404
2008-08-13T11:00:00+02:00,2.14404,2.14627,2.11715,2.12167
2008-08-13T23:00:00+02:00,2.12167,2.1367,2.11578,2.11955
2008-08-14T11:00:00+02:00,2.11955,2.12597,2.11431,2.11777
2008-08-14T23:00:00+02:00,2.11777,2.12355,2.1073,2.11662
2008-08-15T11:00:00+02:00,2.11662,2.11741,2.07366,2.0798
2008-08-17T23:00:00+02:00,2.07911,2.08859,2.07152,2.07503
2008-08-18T11:00:00+02:00,2.07503,2.07652,2.0555,2.0698
2008-08-18T23:00:00+02:00,2.0698,2.08089,2.06592,2.07554
2008-08-19T11:00:00+02:00,2.07554,2.07978,2.06153,2.072
2008-08-19T23:00:00+02:00,2.072,2.07491,2.0641,2.07026
2008-08-20T11:00:00+02:00,2.07026,2.07574,2.06658,2.06802
2008-08-20T23:00:00+02:00,2.06802,2.07411,2.06626,2.07136
2008-08-21T11:00:00+02:00,2.07136,2.07981,2.06515,2.06738
2008-08-21T23:00:00+02:00,2.06738,2.08176,2.06552,2.07996
2008-08-22T11:00:00+02:00,2.07996,2.08727,2.07401,2.08706
2008-08-24T23:00:00+02:00,2.08923,2.09091,2.08111,2.08873
2008-08-25T11:00:00+02:00,2.08873,2.09676,2.08261,2.09676
2008-08-25T23:00:00+02:00,2.09676,2.12852,2.09222,2.10983
2008-08-26T11:00:00+02:00,2.10983,2.11522,2.09858,2.10099
2008-08-26T23:00:00+02:00,2.10099,2.10779,2.09052,2.09442
2008-08-27T11:00:00+02:00,2.09442,2.10604,2.09214,2.09883
2008-08-27T23:00:00+02:00,2.09883,2.10274,2.09037,2.09314
2008-08-28T11:00:00+02:00,2.09314,2.1016,2.08475,2.09498
2008-08-28T23:00:00+02:00,2.09498,2.09845,2.08856,2.0893
2008-08-29T11:00:00+02:00,2.0893,2.10064,2.08551,2.09448
2008-08-31T23:00:00+02:00,2.09809,2.10705,2.09459,2.09824
2008-09-01T11:00:00+02:00,2.09824,2.10375,2.09448,2.10002
2008-09-01T23:00:00+02:00,2.10002,2.1294,2.09724,2.12359
2008-09-02T11:00:00+02:00,2.12359,2.12691,2.10953,2.11372
2008-09-02T23:00:00+02:00,2.11372,2.14781,2.11058,2.13036
2008-09-03T11:00:00+02:00,2.13036,2.13111,2.09943,2.11632
2008-09-03T23:00:00+02:00,2.11632,2.12986,2.11183,2.11387
2008-09-04T11:00:00+02:00,2.11387,2.13321,2.10425,2.12904
2008-09-04T23:00:00+02:00,2.12904,2.15871,2.12614,2.13717
2008-09-05T11:00:00+02:00,2.13717,2.15377,2.12546,2.13382
2008-09-07T23:00:00+02:00,2.11884,2.12329,2.0957,2.10005
2008-09-08T11:00:00+02:00,2.10005,2.1214,2.09938,2.1039
2008-09-08T23:00:00+02:00,2.1039,2.12809,2.10234,2.10395
2008-09-09T11:00:00+02:00,2.10395,2.11808,2.09093,2.11501
2008-09-09T23:00:00+02:00,2.11501,2.12369,2.10683,2.11366
2008-09-10T11:00:00+02:00,2.11366,2.11712,2.09981,2.1112
2008-09-10T23:00:00+02:00,2.1112,2.16156,2.10798,2.15711
2008-09-11T11:00:00+02:00,2.15711,2.15994,2.13158,2.13427
2008-09-11T23:00:00+02:00,2.13427,2.15724,2.13264,2.13767
2008-09-12T11:00:00+02:00,2.13767,2.15053,2.12388,2.12926
2008-09-14T23:00:00+02:00,2.15331,2.16018,2.13596,2.15618
2008-09-15T11:00:00+02:00,2.15618,2.17036,2.1387,2.16
2008-09-15T23:00:00+02:00,2.16,2.19531,2.15407,2.19165
2008-09-16T11:00:00+02:00,2.19165,2.19514,2.13357,2.13937
2008-09-16T23:00:00+02:00,2.13937,2.15791,2.12693,2.15733
2008-09-17T11:00:00+02:00,2.15733,2.16905,2.14945,2.16689
2008-09-17T23:00:00+02:00,2.16689,2.18091,2.12664,2.13547
2008-09-18T11:00:00+02:00,2.13547,2.15337,2.11796,2.11993
2008-09-18T23:00:00+02:00,2.11993,2.12876,2.09809,2.10555
2008-09-19T11:00:00+02:00,2.10555,2.1144,2.0906,2.10189
2008-09-21T23:00:00+02:00,2.09783,2.12125,2.09473,2.1129
2008-09-22T11:00:00+02:00,2.1129,2.14757,2.10638,2.14582
2008-09-22T23:00:00+02:00,2.14582,2.15203,2.13373,2.13596
2008-09-23T11:00:00+02:00,2.13596,2.15918,2.13277,2.15058
2008-09-23T23:00:00+02:00,2.15058,2.16346,2.13929,2.13996
2008-09-24T11:00:00+02:00,2.13996,2.15026,2.1322,2.1405
2008-09-24T23:00:00+02:00,2.1405,2.1498,2.13271,2.13526
2008-09-25T11:00:00+02:00,2.13526,2.14759,2.1325,2.142
2008-09-25T23:00:00+02:00,2.142,2.15201,2.12788,2.1351
2008-09-26T11:00:00+02:00,2.1351,2.13919,2.12278,2.1302
2008-09-28T23:00:00+02:00,2.12554,2.129,2.10887,2.11651
2008-09-29T11:00:00+02:00,2.11651,2.15917,2.11558,2.14678
2008-09-29T23:00:00+02:00,2.14678,2.16239,2.11685,2.11767
2008-09-30T11:00:00+02:00,2.11767,2.1288,2.09084,2.10409
2008-09-30T23:00:00+02:00,2.10409,2.11461,2.08427,2.0914
2008-10-01T11:00:00+02:00,2.0914,2.09354,2.07039,2.08911
2008-10-01T23:00:00+02:00,2.08911,2.09207,2.07262,2.07977
2008-10-02T11:00:00+02:00,2.07977,2.10496,2.06907,2.10391
2008-10-02T23:00:00+02:00,2.10391,2.10558,2.07476,2.08669
2008-10-03T11:00:00+02:00,2.08669,2.09684,2.06976,2.08146
2008-10-05T23:00:00+02:00,2.0733,2.10909,2.06802,2.09186
2008-10-06T11:00:00+02:00,2.09186,2.19271,2.0913,2.12187
2008-10-06T23:00:00+02:00,2.12187,2.19393,2.11433,2.15212
2008-10-07T11:00:00+02:00,2.15212,2.19035,2.13327,2.17946
2008-10-07T23:00:00+02:00,2.17946,2.25496,2.16348,2.24599
2008-10-08T11:00:00+02:00,2.24599,2.3539,2.23069,2.2719
2008-10-08T23:00:00+02:00,2.2719,2.30133,2.19836,2.21518
2008-10-09T11:00:00+02:00,2.21518,2.26048,2.19427,2.23996
2008-10-09T23:00:00+02:00,2.23996,2.30182,2.23749,2.27178
2008-10-10T11:00:00+02:00,2.27178,2.29204,2.21926,2.2564
2008-10-15T11:00:00+02:00,2.25549,2.27092,2.2177,2.25265
2008-10-15T23:00:00+02:00,2.25265,2.2765,2.18112,2.19845
2008-10-16T11:00:00+02:00,2.19845,2.22395,2.17445,2.18045
2008-10-16T23:00:00+02:00,2.18045,2.21464,2.16372,2.19959
2008-10-17T11:00:00+02:00,2.19959,2.2076,2.16895,2.19475
2008-10-19T23:00:00+02:00,2.1809,2.21115,2.16955,2.1732
2008-10-20T11:00:00+02:00,2.1732,2.19105,2.1262,2.14189
2008-10-20T23:00:00+02:00,2.14189,2.1705,2.14189,2.15605
2008-10-21T11:00:00+02:00,2.15605,2.16139,2.12895,2.15835
2008-10-21T23:00:00+02:00,2.15835,2.1636,2.1298,2.1483
2008-10-22T11:00:00+02:00,2.1483,2.2061,2.14306,2.17214
2008-10-22T23:00:00+02:00,2.17214,2.17891,2.13175,2.16685
2008-10-23T11:00:00+02:00,2.16685,2.218,2.1478,2.1726
2008-10-23T23:00:00+02:00,2.1726,2.24112,2.1641,2.22967
2008-10-24T11:00:00+02:00,2.22967,2.3006,2.21155,2.25555
2008-10-26T22:00:00+01:00,2.25555,2.31023,2.24367,2.30494
2008-10-27T10:00:00+01:00,2.30494,2.32643,2.28148,2.30805
2008-10-27T22:00:00+01:00,2.30805,2.30975,2.2438,2.27235
2008-10-28T10:00:00+01:00,2.27235,2.28215,2.23655,2.24757
2008-10-28T22:00:00+01:00,2.24757,2.24788,2.1977,2.22343
2008-10-29T10:00:00+01:00,2.22343,2.23101,2.17873,2.21436
2008-10-29T22:00:00+01:00,2.21436,2.24002,2.18906,2.22992
2008-10-30T10:00:00+01:00,2.22992,2.2456,2.17519,2.18226
2008-10-30T22:00:00+01:00,2.18226,2.20643,2.17499,2.19766
2008-10-31T10:00:00+01:00,2.19766,2.20139,2.16687,2.18391
2008-11-02T23:00:00+01:00,2.17887,2.18407,2.15473,2.1722
2008-11-03T11:00:00+01:00,2.1722,2.19825,2.12086,2.13785
2008-11-03T23:00:00+01:00,2.13785,2.156,2.1283,2.14334
2008-11-04T11:00:00+01:00,2.14334,2.15598,2.10569,2.14271
2008-11-04T23:00:00+01:00,2.14271,2.15836,2.12093,2.15226
2008-11-05T11:00:00+01:00,2.15226,2.17725,2.12947,2.17565
2008-11-05T23:00:00+01:00,2.17565,2.18038,2.14822,2.15435
2008-11-06T11:00:00+01:00,2.15435,2.16947,2.12445,2.1683
2008-11-06T23:00:00+01:00,2.1683,2.18647,2.15404,2.17572
2008-11-07T11:00:00+01:00,2.17572,2.18354,2.14595,2.15086
2008-11-09T23:00:00+01:00,2.14587,2.1599,2.13833,2.14618
2008-11-10T11:00:00+01:00,2.14618,2.20729,2.13559,2.19738
2008-11-10T23:00:00+01:00,2.19738,2.19792,2.16153,2.18503
2008-11-11T11:00:00+01:00,2.18503,2.20799,2.17053,2.18875
2008-11-11T23:00:00+01:00,2.18875,2.1934,2.1718,2.18098
2008-11-12T11:00:00+01:00,2.18098,2.25121,2.1707,2.22681
2008-11-12T23:00:00+01:00,2.22681,2.2429,2.21395,2.23366
2008-11-13T11:00:00+01:00,2.23366,2.26571,2.21987,2.23411
2008-11-13T23:00:00+01:00,2.23411,2.27096,2.21724,2.25929
2008-11-14T11:00:00+01:00,2.25929,2.29411,2.24763,2.27604
2008-11-16T23:00:00+01:00,2.29133,2.29225,2.25488,2.26164
2008-11-17T11:00:00+01:00,2.26164,2.3021,2.25824,2.29716
2008-11-17T23:00:00+01:00,2.29716,2.30189,2.28533,2.29665
2008-11-18T11:00:00+01:00,2.29665,2.30415,2.27977,2.2827
2008-11-18T23:00:00+01:00,2.2827,2.3072,2.2816,2.301815
2008-11-19T11:00:00+01:00,2.301815,2.316455,2.279645,2.30655
2008-11-19T23:00:00+01:00,2.30655,2.34441,2.29958,2.32355
2008-11-20T11:00:00+01:00,2.32355,2.404975,2.31526,2.3856
2008-11-20T23:00:00+01:00,2.3856,2.39968,2.34359,2.3627
2008-11-21T11:00:00+01:00,2.3627,2.3967,2.33597,2.34391
2008-11-23T23:00:00+01:00,2.3373,2.3872,2.33541,2.36915
2008-11-24T11:00:00+01:00,2.36915,2.38195,2.3439,2.3578
2008-11-24T23:00:00+01:00,2.3578,2.40513,2.34825,2.3907
2008-11-25T11:00:00+01:00,2.3907,2.40878,2.33632,2.38462
2008-11-25T23:00:00+01:00,2.38462,2.39076,2.353565,2.361405
2008-11-26T11:00:00+01:00,2.361405,2.366075,2.324155,2.33101
2008-11-26T23:00:00+01:00,2.33101,2.35904,2.32708,2.33972
2008-11-27T11:00:00+01:00,2.33972,2.34808,2.3186,2.34159
2008-11-27T23:00:00+01:00,2.34159,2.34401,2.32233,2.3297
2008-11-28T11:00:00+01:00,2.3297,2.33664,2.30328,2.31147
2008-11-30T23:00:00+01:00,2.32671,2.370135,2.32047,2.362655
2008-12-01T11:00:00+01:00,2.362655,2.396355,2.352155,2.37883
2008-12-01T23:00:00+01:00,2.37883,2.39765,2.37562,2.37765
2008-12-02T11:00:00+01:00,2.37765,2.4051,2.3627,2.39071
2008-12-02T23:00:00+01:00,2.39071,2.4063,2.38025,2.3939
2008-12-03T11:00:00+01:00,2.3939,2.4019,2.37,2.3883
2008-12-03T23:00:00+01:00,2.3883,2.39957,2.3542,2.35535
2008-12-04T11:00:00+01:00,2.35535,2.41819,2.34976,2.3975
2008-12-04T23:00:00+01:00,2.3975,2.40393,2.3889,2.39833
2008-12-05T11:00:00+01:00,2.39833,2.43406,2.3708,2.385
2008-12-07T23:00:00+01:00,2.37084,2.4014,2.35657,2.37186
2008-12-08T11:00:00+01:00,2.37186,2.39576,2.35696,2.36828
2008-12-08T23:00:00+01:00,2.36828,2.39559,2.36307,2.385
2008-12-09T11:00:00+01:00,2.385,2.4025,2.36895,2.3839
2008-12-09T23:00:00+01:00,2.3839,2.3917,2.35709,2.37579
2008-12-10T11:00:00+01:00,2.37579,2.40936,2.36572,2.39328
2008-12-10T23:00:00+01:00,2.39328,2.40179,2.38594,2.39353
2008-12-11T11:00:00+01:00,2.39353,2.42909,2.38219,2.41928
2008-12-11T23:00:00+01:00,2.41928,2.45091,2.40676,2.44221
2008-12-12T11:00:00+01:00,2.44221,2.46134,2.43105,2.44153
2008-12-14T23:00:00+01:00,2.4424,2.47269,2.43108,2.43397
2008-12-15T11:00:00+01:00,2.43397,2.48179,2.42896,2.46894
2008-12-15T23:00:00+01:00,2.46894,2.47892,2.43952,2.44283
2008-12-16T11:00:00+01:00,2.44283,2.45507,2.41264,2.41931
2008-12-16T23:00:00+01:00,2.41931,2.43574,2.39979,2.42201
2008-12-17T11:00:00+01:00,2.42201,2.44984,2.41662,2.43289
2008-12-17T23:00:00+01:00,2.43289,2.4406,2.39923,2.42549
2008-12-18T11:00:00+01:00,2.42549,2.46273,2.38644,2.44187
2008-12-18T23:00:00+01:00,2.44187,2.4673,2.41957,2.42428
2008-12-19T11:00:00+01:00,2.42428,2.44508,2.40392,2.42167
2008-12-21T23:00:00+01:00,2.42111,2.44491,2.41364,2.44441
2008-12-22T11:00:00+01:00,2.44441,2.44441,2.41136,2.43624
2008-12-22T23:00:00+01:00,2.43624,2.45064,2.4281,2.44684
2008-12-23T11:00:00+01:00,2.44684,2.4668,2.44025,2.45415
2008-12-23T23:00:00+01:00,2.45415,2.46448,2.41891,2.43678
2008-12-24T11:00:00+01:00,2.43678,2.44267,2.42784,2.43544
2008-12-24T23:00:00+01:00,2.43544,2.45668,2.43252,2.44246
2008-12-25T23:00:00+01:00,2.44246,2.45001,2.43565,2.44277
2008-12-26T11:00:00+01:00,2.44277,2.45237,2.4261,2.43235
2008-12-28T23:00:00+01:00,2.42755,2.46278,2.42755,2.44811
2008-12-29T11:00:00+01:00,2.44811,2.4674,2.41443,2.41802
2008-12-29T23:00:00+01:00,2.41802,2.45055,2.41178,2.44543
2008-12-30T11:00:00+01:00,2.44543,2.4622,2.43,2.43094
2008-12-30T23:00:00+01:00,2.43094,2.45059,2.42159,2.43164
2008-12-31T11:00:00+01:00,2.43164,2.43675,2.36804,2.41292
2008-12-31T23:00:00+01:00,2.41292,2.41492,2.40797,2.41492
2009-01-01T11:00:00+01:00,2.41492,2.41515,2.40282,2.41097
2009-01-01T23:00:00+01:00,2.41097,2.41823,2.3929,2.40365
2009-01-02T11:00:00+01:00,2.40365,2.40831,2.35887,2.37521
2009-01-04T23:00:00+01:00,2.36405,2.38671,2.333675,2.344505
2009-01-05T11:00:00+01:00,2.344505,2.354775,2.300155,2.31161
2009-01-05T23:00:00+01:00,2.31161,2.32281,2.290605,2.293805
2009-01-06T11:00:00+01:00,2.293805,2.294975,2.249395,2.261785
2009-01-06T23:00:00+01:00,2.261785,2.28805,2.24945,2.27539
2009-01-07T11:00:00+01:00,2.27539,2.31145,2.27126,2.3063
2009-01-07T23:00:00+01:00,2.3063,2.3366,2.30385,2.309
2009-01-08T11:00:00+01:00,2.309,2.32615,2.2952,2.2978
2009-01-08T23:00:00+01:00,2.2978,2.3198,2.29655,2.31645
2009-01-09T11:00:00+01:00,2.31645,2.3228,2.26187,2.27211
2009-01-11T23:00:00+01:00,2.28695,2.2958,2.275,2.2938
2009-01-12T11:00:00+01:00,2.2938,2.3294,2.2903,2.3211
2009-01-12T23:00:00+01:00,2.3211,2.397,2.3204,2.3929
2009-01-13T11:00:00+01:00,2.3929,2.41295,2.3783,2.38275
2009-01-13T23:00:00+01:00,2.38275,2.4135,2.3769,2.41165
2009-01-14T11:00:00+01:00,2.41165,2.4419,2.40195,2.43185
2009-01-14T23:00:00+01:00,2.43185,2.4761,2.422,2.46545
2009-01-15T11:00:00+01:00,2.46545,2.47858,2.43195,2.44082
2009-01-15T23:00:00+01:00,2.44082,2.44218,2.41002,2.4227
2009-01-16T11:00:00+01:00,2.4227,2.4559,2.39809,2.42662
2009-01-18T23:00:00+01:00,2.4241,2.4321,2.4092,2.4143
2009-01-19T11:00:00+01:00,2.4143,2.43834,2.40419,2.43567
2009-01-19T23:00:00+01:00,2.43567,2.44861,2.42113,2.43027
2009-01-20T11:00:00+01:00,2.43027,2.48451,2.42767,2.473
2009-01-20T23:00:00+01:00,2.473,2.49007,2.44488,2.47989
2009-01-21T11:00:00+01:00,2.47989,2.49356,2.43459,2.44958
2009-01-21T23:00:00+01:00,2.44958,2.47691,2.43831,2.44883
2009-01-22T11:00:00+01:00,2.44883,2.47983,2.44534,2.46922
2009-01-22T23:00:00+01:00,2.46922,2.47762,2.44373,2.46366
2009-01-23T11:00:00+01:00,2.46366,2.47571,2.41965,2.45329
2009-01-25T23:00:00+01:00,2.44675,2.4755,2.43068,2.47532
2009-01-26T11:00:00+01:00,2.47532,2.5096,2.45175,2.50444
2009-01-26T23:00:00+01:00,2.50444,2.51099,2.48507,2.49858
2009-01-27T11:00:00+01:00,2.49858,2.50695,2.48028,2.48919
2009-01-27T23:00:00+01:00,2.48919,2.52005,2.48227,2.51012
2009-01-28T11:00:00+01:00,2.51012,2.52679,2.45766,2.51173
2009-01-28T23:00:00+01:00,2.51173,2.54928,2.50341,2.5365
2009-01-29T11:00:00+01:00,2.5365,2.54278,2.50608,2.5196
2009-01-29T23:00:00+01:00,2.5196,2.53949,2.50757,2.51362
2009-01-30T11:00:00+01:00,2.51362,2.53625,2.51038,2.51787
2009-02-01T23:00:00+01:00,2.5113,2.56105,2.50311,2.55673
2009-02-02T11:00:00+01:00,2.55673,2.56916,2.53725,2.54805
2009-02-02T23:00:00+01:00,2.54805,2.55608,2.51912,2.54792
2009-02-03T11:00:00+01:00,2.54792,2.56391,2.52795,2.53787
2009-02-03T23:00:00+01:00,2.53787,2.58065,2.53104,2.54882
2009-02-04T11:00:00+01:00,2.54882,2.56168,2.50578,2.53125
2009-02-04T23:00:00+01:00,2.53125,2.53808,2.50742,2.50886
2009-02-05T11:00:00+01:00,2.50886,2.51386,2.46716,2.47438
2009-02-05T23:00:00+01:00,2.47438,2.4998,2.45703,2.46217
2009-02-06T11:00:00+01:00,2.46217,2.47212,2.41417,2.43347
2009-02-08T23:00:00+01:00,2.44277,2.46615,2.42679,2.43466
2009-02-09T11:00:00+01:00,2.43466,2.43646,2.39783,2.41373
2009-02-09T23:00:00+01:00,2.41373,2.43019,2.39868,2.42615
2009-02-10T11:00:00+01:00,2.42615,2.48416,2.41416,2.46732
2009-02-10T23:00:00+01:00,2.46732,2.48588,2.45095,2.4688
2009-02-11T11:00:00+01:00,2.4688,2.47753,2.44367,2.4545
2009-02-11T23:00:00+01:00,2.4545,2.48196,2.43023,2.47909
2009-02-12T11:00:00+01:00,2.47909,2.48652,2.45306,2.47594
2009-02-12T23:00:00+01:00,2.47594,2.47709,2.43955,2.44412
2009-02-13T11:00:00+01:00,2.44412,2.46474,2.43186,2.46043
2009-02-15T23:00:00+01:00,2.45439,2.46487,2.44739,2.46383
2009-02-16T11:00:00+01:00,2.46383,2.47993,2.45301,2.47494
2009-02-16T23:00:00+01:00,2.47494,2.49543,2.4524,2.47127
2009-02-17T11:00:00+01:00,2.47127,2.48869,2.45667,2.4801
2009-02-17T23:00:00+01:00,2.4801,2.48469,2.4561,2.46769
2009-02-18T11:00:00+01:00,2.46769,2.47232,2.45154,2.46198
2009-02-18T23:00:00+01:00,2.46198,2.46418,2.45185,2.45881
2009-02-19T11:00:00+01:00,2.45881,2.49295,2.45316,2.49261
2009-02-19T23:00:00+01:00,2.49261,2.51273,2.48247,2.49924
2009-02-20T11:00:00+01:00,2.49924,2.51745,2.48228,2.50599
2009-02-22T23:00:00+01:00,2.5129,2.52643,2.49587,2.50071
2009-02-23T11:00:00+01:00,2.50071,2.50735,2.48664,2.50091
2009-02-23T23:00:00+01:00,2.50091,2.50937,2.47995,2.49862
2009-02-24T11:00:00+01:00,2.49862,2.51082,2.48852,2.50035
2009-02-24T23:00:00+01:00,2.50035,2.51002,2.47517,2.48282
2009-02-25T11:00:00+01:00,2.48282,2.50281,2.47913,2.49787
2009-02-25T23:00:00+01:00,2.49787,2.50391,2.48734,2.49742
2009-02-26T11:00:00+01:00,2.49742,2.50794,2.49071,2.50729
2009-02-26T23:00:00+01:00,2.50729,2.52136,2.50351,2.51696
2009-02-27T11:00:00+01:00,2.51696,2.53919,2.51258,2.52947
2009-03-01T23:00:00+01:00,2.52979,2.56149,2.52788,2.5463
2009-03-02T11:00:00+01:00,2.5463,2.55929,2.53874,2.55304
2009-03-02T23:00:00+01:00,2.55304,2.55487,2.52318,2.53668
2009-03-03T11:00:00+01:00,2.53668,2.54185,2.52373,2.53888
2009-03-03T23:00:00+01:00,2.53888,2.5483,2.50257,2.50821
2009-03-04T11:00:00+01:00,2.50821,2.51463,2.48752,2.50412
2009-03-04T23:00:00+01:00,2.50412,2.5146,2.49973,2.50553
2009-03-05T11:00:00+01:00,2.50553,2.52611,2.48689,2.5152
2009-03-05T23:00:00+01:00,2.5152,2.53716,2.50205,2.52962
2009-03-06T11:00:00+01:00,2.52962,2.53284,2.49993,2.51864
2009-03-08T22:00:00+01:00,2.51187,2.5269,2.5082,2.5242
2009-03-09T10:00:00+01:00,2.5242,2.5671,2.52245,2.55862
2009-03-09T22:00:00+01:00,2.55862,2.5624,2.5422,2.55111
2009-03-10T10:00:00+01:00,2.55111,2.5593,2.51492,2.52036
2009-03-10T22:00:00+01:00,2.52036,2.53943,2.50923,2.52621
2009-03-11T10:00:00+01:00,2.52621,2.54059,2.49913,2.49975
2009-03-11T22:00:00+01:00,2.49975,2.51329,2.49504,2.50962
2009-03-12T10:00:00+01:00,2.50962,2.51169,2.46598,2.48129
2009-03-12T22:00:00+01:00,2.48129,2.48871,2.45741,2.45827
2009-03-13T10:00:00+01:00,2.45827,2.47123,2.45287,2.46255
2009-03-15T22:00:00+01:00,2.46495,2.46975,2.45249,2.45762
2009-03-16T10:00:00+01:00,2.45762,2.464,2.43483,2.44683
2009-03-16T22:00:00+01:00,2.44683,2.45395,2.44217,2.45206
2009-03-17T10:00:00+01:00,2.45206,2.46293,2.43728,2.45315
2009-03-17T22:00:00+01:00,2.45315,2.4702,2.45211,2.46805
2009-03-18T10:00:00+01:00,2.46805,2.50881,2.459,2.4736
2009-03-18T22:00:00+01:00,2.4736,2.48893,2.4697,2.47953
2009-03-19T10:00:00+01:00,2.47953,2.48101,2.44494,2.46895
2009-03-19T22:00:00+01:00,2.46895,2.4712,2.4335,2.43627
2009-03-20T10:00:00+01:00,2.43627,2.44283,2.41602,2.43072
2009-03-22T22:00:00+01:00,2.43491,2.43997,2.41088,2.4124
2009-03-23T10:00:00+01:00,2.4124,2.41534,2.37581,2.38462
2009-03-23T22:00:00+01:00,2.38462,2.40085,2.37835,2.3882
2009-03-24T10:00:00+01:00,2.3882,2.40049,2.37711,2.39224
2009-03-24T22:00:00+01:00,2.39224,2.41886,2.3894,2.40947
2009-03-25T10:00:00+01:00,2.40947,2.41816,2.37314,2.39905
2009-03-25T22:00:00+01:00,2.39905,2.4023,2.34057,2.34228
2009-03-26T10:00:00+01:00,2.34228,2.35617,2.33841,2.35129
2009-03-26T22:00:00+01:00,2.35129,2.36835,2.33805,2.36312
2009-03-27T10:00:00+01:00,2.36312,2.36529,2.32389,2.33197
2009-03-29T23:00:00+02:00,2.32739,2.35915,2.3207,2.35262
2009-03-30T11:00:00+02:00,2.35262,2.35392,2.33592,2.3425
2009-03-30T23:00:00+02:00,2.3425,2.3537,2.32575,2.3319
2009-03-31T11:00:00+02:00,2.3319,2.37452,2.32114,2.36855
2009-03-31T23:00:00+02:00,2.36855,2.38325,2.35619,2.37037
2009-04-01T11:00:00+02:00,2.37037,2.37563,2.32537,2.33352
2009-04-01T23:00:00+02:00,2.33352,2.35009,2.31505,2.32327
2009-04-02T11:00:00+02:00,2.32327,2.34013,2.30735,2.33035
2009-04-02T23:00:00+02:00,2.33035,2.33155,2.28273,2.29301
2009-04-03T11:00:00+02:00,2.29301,2.32371,2.2855,2.30174
2009-04-05T23:00:00+02:00,2.3014,2.30485,2.269,2.27544
2009-04-06T11:00:00+02:00,2.27544,2.29908,2.27053,2.28055
2009-04-06T23:00:00+02:00,2.28055,2.31166,2.2765,2.30935
2009-04-07T11:00:00+02:00,2.30935,2.31378,2.28833,2.30446
2009-04-07T23:00:00+02:00,2.30446,2.31361,2.2958,2.3005
2009-04-08T11:00:00+02:00,2.3005,2.30576,2.28935,2.29096
2009-04-08T23:00:00+02:00,2.29096,2.29591,2.27338,2.2919
2009-04-09T11:00:00+02:00,2.2919,2.29955,2.25416,2.25787
2009-04-09T23:00:00+02:00,2.25787,2.26295,2.248,2.25505
2009-04-10T11:00:00+02:00,2.25505,2.26261,2.25125,2.26168
2009-04-12T23:00:00+02:00,2.2447,2.25721,2.24357,2.25479
2009-04-13T11:00:00+02:00,2.25479,2.33765,2.25213,2.25617
2009-04-13T23:00:00+02:00,2.25617,2.26553,2.25384,2.26018
2009-04-14T11:00:00+02:00,2.26018,2.28025,2.24846,2.27345
2009-04-14T23:00:00+02:00,2.27345,2.29997,2.27241,2.28131
2009-04-15T11:00:00+02:00,2.28131,2.29622,2.27085,2.27552
2009-04-15T23:00:00+02:00,2.27552,2.31949,2.27097,2.30889
2009-04-16T11:00:00+02:00,2.30889,2.31971,2.29194,2.30238
2009-04-16T23:00:00+02:00,2.30238,2.30663,2.28299,2.28445
2009-04-17T11:00:00+02:00,2.28445,2.30601,2.2818,2.29697
2009-04-19T23:00:00+02:00,2.29785,2.30725,2.28359,2.30645
2009-04-20T11:00:00+02:00,2.30645,2.35465,2.30413,2.33885
2009-04-20T23:00:00+02:00,2.33885,2.34207,2.31478,2.32383
2009-04-21T11:00:00+02:00,2.32383,2.33799,2.29066,2.29598
2009-04-21T23:00:00+02:00,2.29598,2.33605,2.29527,2.33439
2009-04-22T11:00:00+02:00,2.33439,2.34594,2.32153,2.34199
2009-04-22T23:00:00+02:00,2.34199,2.34949,2.32695,2.33575
2009-04-23T11:00:00+02:00,2.33575,2.34735,2.32394,2.33925
2009-04-23T23:00:00+02:00,2.33925,2.34581,2.32649,2.33971
2009-04-24T11:00:00+02:00,2.33971,2.34162,2.30613,2.31334
2009-04-26T23:00:00+02:00,2.32535,2.3433,2.3212,2.32214
2009-04-27T11:00:00+02:00,2.32214,2.32602,2.28811,2.30461
2009-04-27T23:00:00+02:00,2.30461,2.3526,2.30281,2.33844
2009-04-28T11:00:00+02:00,2.33844,2.35497,2.32389,2.35355
2009-04-28T23:00:00+02:00,2.35355,2.3594,2.31915,2.32461
2009-04-29T11:00:00+02:00,2.32461,2.329,2.3032,2.31673
2009-04-29T23:00:00+02:00,2.31673,2.35732,2.3162,2.33319
2009-04-30T11:00:00+02:00,2.33319,2.34999,2.32332,2.3407
2009-04-30T23:00:00+02:00,2.3407,2.35413,2.32573,2.32811
2009-05-01T11:00:00+02:00,2.32811,2.34246,2.31847,2.33055
2009-05-03T23:00:00+02:00,2.31698,2.32616,2.30988,2.31758
2009-05-04T11:00:00+02:00,2.31758,2.33678,2.30384,2.32723
2009-05-04T23:00:00+02:00,2.32723,2.33536,2.3032,2.30747
2009-05-05T11:00:00+02:00,2.30747,2.30749,2.28745,2.29669
2009-05-05T23:00:00+02:00,2.29669,2.30356,2.28101,2.28447
2009-05-06T11:00:00+02:00,2.28447,2.29434,2.27435,2.28456
2009-05-06T23:00:00+02:00,2.28456,2.28595,2.23088,2.23599
2009-05-07T11:00:00+02:00,2.23599,2.26941,2.22398,2.26563
2009-05-07T23:00:00+02:00,2.26563,2.26605,2.24784,2.25655
2009-05-08T11:00:00+02:00,2.25655,2.27497,2.24737,2.25822
2009-05-10T23:00:00+02:00,2.2616,2.26251,2.22638,2.24425
2009-05-11T11:00:00+02:00,2.24425,2.26477,2.23985,2.26317
2009-05-11T23:00:00+02:00,2.26317,2.27575,2.24936,2.25446
2009-05-12T11:00:00+02:00,2.25446,2.26549,2.24274,2.2524
2009-05-12T23:00:00+02:00,2.2524,2.26861,2.24618,2.26401
2009-05-13T11:00:00+02:00,2.26401,2.30861,2.26099,2.29727
2009-05-13T23:00:00+02:00,2.29727,2.30556,2.2822,2.29123
2009-05-14T11:00:00+02:00,2.29123,2.31297,2.28021,2.28551
2009-05-14T23:00:00+02:00,2.28551,2.3081,2.2833,2.3001
2009-05-15T11:00:00+02:00,2.3001,2.31259,2.29303,2.30661
2009-05-17T23:00:00+02:00,2.3016,2.30689,2.28824,2.2896
2009-05-18T11:00:00+02:00,2.2896,2.29298,2.27307,2.27874
2009-05-18T23:00:00+02:00,2.27874,2.2826,2.25383,2.25527
2009-05-19T11:00:00+02:00,2.25527,2.26898,2.24859,2.26526
2009-05-19T23:00:00+02:00,2.26526,2.27238,2.25957,2.26196
2009-05-20T11:00:00+02:00,2.26196,2.27919,2.24929,2.27486
2009-05-20T23:00:00+02:00,2.27486,2.28581,2.25944,2.28539
2009-05-21T11:00:00+02:00,2.28539,2.29152,2.26953,2.27354
2009-05-21T23:00:00+02:00,2.27354,2.27554,2.25652,2.26391
2009-05-22T11:00:00+02:00,2.26391,2.26549,2.2453,2.25683
2009-05-24T23:00:00+02:00,2.27666,2.28305,2.25628,2.26098
2009-05-25T11:00:00+02:00,2.26098,2.26582,2.25522,2.25811
2009-05-25T23:00:00+02:00,2.25811,2.26737,2.25445,2.262
2009-05-26T11:00:00+02:00,2.262,2.27821,2.23241,2.23903
2009-05-26T23:00:00+02:00,2.23903,2.2569,2.2382,2.25329
2009-05-27T11:00:00+02:00,2.25329,2.25731,2.23112,2.24987
2009-05-27T23:00:00+02:00,2.24987,2.26195,2.2277,2.23352
2009-05-28T11:00:00+02:00,2.23352,2.24195,2.21696,2.23649
2009-05-28T23:00:00+02:00,2.23649,2.2401,2.2088,2.21718
2009-05-29T11:00:00+02:00,2.21718,2.22625,2.20285,2.21192
2009-05-31T23:00:00+02:00,2.20525,2.21494,2.18678,2.18756
2009-06-01T11:00:00+02:00,2.18756,2.19391,2.16375,2.17854
2009-06-01T23:00:00+02:00,2.17854,2.1918,2.17761,2.18637
2009-06-02T11:00:00+02:00,2.18637,2.18762,2.16904,2.17876
2009-06-02T23:00:00+02:00,2.17876,2.19624,2.1779,2.19263
2009-06-03T11:00:00+02:00,2.19263,2.25281,2.18773,2.23211
2009-06-03T23:00:00+02:00,2.23211,2.25365,2.22408,2.23251
2009-06-04T11:00:00+02:00,2.23251,2.26303,2.22753,2.23605
2009-06-04T23:00:00+02:00,2.23605,2.24771,2.21844,2.22193
2009-06-05T11:00:00+02:00,2.22193,2.23417,2.2064,2.23014
2009-06-07T23:00:00+02:00,2.22886,2.24597,2.22344,2.23899
2009-06-08T11:00:00+02:00,2.23899,2.25664,2.23051,2.24032
2009-06-08T23:00:00+02:00,2.24032,2.24846,2.23238,2.23894
2009-06-09T11:00:00+02:00,2.23894,2.2464,2.23296,2.24285
2009-06-09T23:00:00+02:00,2.24285,2.24856,2.21863,2.22444
2009-06-10T11:00:00+02:00,2.22444,2.23769,2.21714,2.23745
2009-06-10T23:00:00+02:00,2.23745,2.23745,2.18653,2.18796
2009-06-11T11:00:00+02:00,2.18796,2.19548,2.17641,2.19399
2009-06-11T23:00:00+02:00,2.19399,2.19827,2.18297,2.19324
2009-06-12T11:00:00+02:00,2.19324,2.19739,2.17593,2.17986
2009-06-14T23:00:00+02:00,2.19126,2.19522,2.1826,2.18705
2009-06-15T11:00:00+02:00,2.18705,2.19638,2.18212,2.18727
2009-06-15T23:00:00+02:00,2.18727,2.20657,2.18421,2.18696
2009-06-16T11:00:00+02:00,2.18696,2.19898,2.17652,2.19612
2009-06-16T23:00:00+02:00,2.19612,2.20919,2.19134,2.20107
2009-06-17T11:00:00+02:00,2.20107,2.2171,2.19003,2.20061
2009-06-17T23:00:00+02:00,2.20061,2.21388,2.192,2.19764
2009-06-18T11:00:00+02:00,2.19764,2.2019,2.16745,2.17912
2009-06-18T23:00:00+02:00,2.17912,2.18529,2.17129,2.17368
2009-06-19T11:00:00+02:00,2.17368,2.18125,2.15971,2.16911
2009-06-21T23:00:00+02:00,2.1687,2.18073,2.16804,2.17766
2009-06-22T11:00:00+02:00,2.17766,2.20524,2.1769,2.20392
2009-06-22T23:00:00+02:00,2.20392,2.21258,2.19467,2.20266
2009-06-23T11:00:00+02:00,2.20266,2.21566,2.19525,2.20052
2009-06-23T23:00:00+02:00,2.20052,2.20817,2.18301,2.18896
2009-06-24T11:00:00+02:00,2.18896,2.19345,2.16498,2.17723
2009-06-24T23:00:00+02:00,2.17723,2.18726,2.1734,2.18576
2009-06-25T11:00:00+02:00,2.18576,2.19429,2.16635,2.16757
2009-06-25T23:00:00+02:00,2.16757,2.18707,2.16235,2.18347
2009-06-26T11:00:00+02:00,2.18347,2.18573,2.17388,2.17729
2009-06-28T23:00:00+02:00,2.17873,2.18466,2.1682,2.17163
2009-06-29T11:00:00+02:00,2.17163,2.17343,2.15889,2.16291
2009-06-29T23:00:00+02:00,2.16291,2.16813,2.15608,2.16124
2009-06-30T11:00:00+02:00,2.16124,2.178,2.15972,2.17315
2009-06-30T23:00:00+02:00,2.17315,2.18479,2.17027,2.18079
2009-07-01T11:00:00+02:00,2.18079,2.21524,2.18035,2.21211
2009-07-01T23:00:00+02:00,2.21211,2.21827,2.20428,2.21457
2009-07-02T11:00:00+02:00,2.21457,2.2323,2.21091,2.22891
2009-07-02T23:00:00+02:00,2.22891,2.2293,2.20933,2.2096
2009-07-03T11:00:00+02:00,2.2096,2.22269,2.20592,2.21977
2009-07-05T23:00:00+02:00,2.22233,2.23234,2.21807,2.22051
2009-07-06T11:00:00+02:00,2.22051,2.22291,2.19293,2.19632
2009-07-06T23:00:00+02:00,2.19632,2.20265,2.19356,2.19424
2009-07-07T11:00:00+02:00,2.19424,2.21473,2.19292,2.2141
2009-07-07T23:00:00+02:00,2.2141,2.22066,2.2084,2.21677
2009-07-08T11:00:00+02:00,2.21677,2.23293,2.20434,2.21791
2009-07-08T23:00:00+02:00,2.21791,2.22163,2.20484,2.2062
2009-07-09T11:00:00+02:00,2.2062,2.23096,2.20209,2.22603
2009-07-09T23:00:00+02:00,2.22603,2.22905,2.21242,2.22148
2009-07-10T11:00:00+02:00,2.22148,2.22847,2.21206,2.22096
2009-07-12T23:00:00+02:00,2.22021,2.2442,2.21788,2.24376
2009-07-13T11:00:00+02:00,2.24376,2.25115,2.20849,2.21056
2009-07-13T23:00:00+02:00,2.21056,2.21211,2.2035,2.20833
2009-07-14T11:00:00+02:00,2.20833,2.20995,2.18212,2.18629
2009-07-14T23:00:00+02:00,2.18629,2.19414,2.17584,2.18837
2009-07-15T11:00:00+02:00,2.18837,2.1979,2.16499,2.17421
2009-07-15T23:00:00+02:00,2.17421,2.20314,2.16884,2.19314
2009-07-16T11:00:00+02:00,2.19314,2.19405,2.17841,2.18122
2009-07-16T23:00:00+02:00,2.18122,2.19462,2.17927,2.1855
2009-07-17T11:00:00+02:00,2.1855,2.19889,2.1796,2.18747
2009-07-19T23:00:00+02:00,2.19004,2.19075,2.17502,2.17733
2009-07-20T11:00:00+02:00,2.17733,2.17826,2.16283,2.16451
2009-07-20T23:00:00+02:00,2.16451,2.17617,2.16024,2.17247
2009-07-21T11:00:00+02:00,2.17247,2.18206,2.15911,2.16271
2009-07-21T23:00:00+02:00,2.16271,2.17152,2.16055,2.16728
2009-07-22T11:00:00+02:00,2.16728,2.17311,2.14831,2.15947
2009-07-22T23:00:00+02:00,2.15947,2.16052,2.15235,2.15444
2009-07-23T11:00:00+02:00,2.15444,2.16985,2.15332,2.16358
2009-07-23T23:00:00+02:00,2.16358,2.16613,2.15887,2.16206
2009-07-24T11:00:00+02:00,2.16206,2.1698,2.16035,2.16556
2009-07-26T23:00:00+02:00,2.16418,2.17378,2.16241,2.16722
2009-07-27T11:00:00+02:00,2.16722,2.17566,2.15938,2.16691
2009-07-27T23:00:00+02:00,2.16691,2.17569,2.1541,2.15715
2009-07-28T11:00:00+02:00,2.15715,2.15944,2.14655,2.15378
2009-07-28T23:00:00+02:00,2.15378,2.1614,2.15137,2.1555
2009-07-29T11:00:00+02:00,2.1555,2.15735,2.13478,2.13733
2009-07-29T23:00:00+02:00,2.13733,2.1669,2.13646,2.15136
2009-07-30T11:00:00+02:00,2.15136,2.16211,2.1492,2.15817
2009-07-30T23:00:00+02:00,2.15817,2.16098,2.14875,2.15333
2009-07-31T11:00:00+02:00,2.15333,2.16913,2.14891,2.15442
2009-08-02T23:00:00+02:00,2.16058,2.16385,2.13969,2.14493
2009-08-03T11:00:00+02:00,2.14493,2.16289,2.14074,2.15673
2009-08-03T23:00:00+02:00,2.15673,2.16443,2.14869,2.15954
2009-08-04T11:00:00+02:00,2.15954,2.16476,2.136,2.13848
2009-08-04T23:00:00+02:00,2.13848,2.1445,2.13439,2.13676
2009-08-05T11:00:00+02:00,2.13676,2.14389,2.13209,2.14104
2009-08-05T23:00:00+02:00,2.14104,2.15062,2.13788,2.1457
2009-08-06T11:00:00+02:00,2.1457,2.15193,2.13494,2.13903
2009-08-06T23:00:00+02:00,2.13903,2.14435,2.134,2.14036
2009-08-07T11:00:00+02:00,2.14036,2.14079,2.10583,2.10759
2009-08-09T23:00:00+02:00,2.11899,2.12007,2.10295,2.10426
2009-08-10T11:00:00+02:00,2.10426,2.1061,2.08809,2.08966
2009-08-10T23:00:00+02:00,2.08966,2.10062,2.08843,2.09801
2009-08-11T11:00:00+02:00,2.09801,2.12181,2.09696,2.12101
2009-08-11T23:00:00+02:00,2.12101,2.13782,2.11515,2.12611
2009-08-12T11:00:00+02:00,2.12611,2.13382,2.10177,2.11167
2009-08-12T23:00:00+02:00,2.11167,2.12093,2.10733,2.11172
2009-08-13T11:00:00+02:00,2.11172,2.1125,2.09587,2.10494
2009-08-13T23:00:00+02:00,2.10494,2.10905,2.09294,2.09612
2009-08-14T11:00:00+02:00,2.09612,2.10296,2.07555,2.0945
2009-08-16T23:00:00+02:00,2.10159,2.11935,2.09729,2.11654
2009-08-17T11:00:00+02:00,2.11654,2.11769,2.10059,2.10909
2009-08-17T23:00:00+02:00,2.10909,2.11084,2.09783,2.10446
2009-08-18T11:00:00+02:00,2.10446,2.11075,2.09001,2.09493
2009-08-18T23:00:00+02:00,2.09493,2.10902,2.09098,2.10622
2009-08-19T11:00:00+02:00,2.10622,2.11843,2.10351,2.11024
2009-08-19T23:00:00+02:00,2.11024,2.11236,2.09993,2.10533
2009-08-20T11:00:00+02:00,2.10533,2.11296,2.10223,2.10505
2009-08-20T23:00:00+02:00,2.10505,2.11864,2.10206,2.11483
2009-08-21T11:00:00+02:00,2.11483,2.11619,2.09054,2.09967
2009-08-23T23:00:00+02:00,2.09646,2.0972,2.08774,2.08798
2009-08-24T11:00:00+02:00,2.08798,2.09296,2.07982,2.08779
2009-08-24T23:00:00+02:00,2.08779,2.09003,2.08028,2.08294
2009-08-25T11:00:00+02:00,2.08294,2.09301,2.07912,2.0896
2009-08-25T23:00:00+02:00,2.0896,2.09173,2.07911,2.08461
2009-08-26T11:00:00+02:00,2.08461,2.09514,2.08154,2.09158
2009-08-26T23:00:00+02:00,2.09158,2.1016,2.08932,2.0964
2009-08-27T11:00:00+02:00,2.0964,2.09689,2.08401,2.0862
2009-08-27T23:00:00+02:00,2.0862,2.0942,2.08569,2.09136
2009-08-28T11:00:00+02:00,2.09136,2.09621,2.08626,2.09124
2009-08-30T23:00:00+02:00,2.09226,2.09723,2.0868,2.09213
2009-08-31T11:00:00+02:00,2.09213,2.10516,2.08722,2.09192
2009-08-31T23:00:00+02:00,2.09192,2.09743,2.08416,2.09577
2009-09-01T11:00:00+02:00,2.09577,2.11266,2.08997,2.10669
2009-09-01T23:00:00+02:00,2.10669,2.11298,2.10031,2.10873
2009-09-02T11:00:00+02:00,2.10873,2.1239,2.10424,2.11985
2009-09-02T23:00:00+02:00,2.11985,2.12241,2.10446,2.10561
2009-09-03T11:00:00+02:00,2.10561,2.11084,2.09907,2.10326
2009-09-03T23:00:00+02:00,2.10326,2.10553,2.08609,2.08911
2009-09-04T11:00:00+02:00,2.08911,2.09159,2.07526,2.07982
2009-09-06T23:00:00+02:00,2.07755,2.08449,2.06974,2.07084
2009-09-07T11:00:00+02:00,2.07084,2.07321,2.06696,2.06872
2009-09-07T23:00:00+02:00,2.06872,2.07666,2.06856,2.07255
2009-09-08T11:00:00+02:00,2.07255,2.08522,2.07141,2.07964
2009-09-08T23:00:00+02:00,2.07964,2.08794,2.07556,2.08537
2009-09-09T11:00:00+02:00,2.08537,2.09468,2.0785,2.09221
2009-09-09T23:00:00+02:00,2.09221,2.10588,2.08107,2.09701
2009-09-10T11:00:00+02:00,2.09701,2.09951,2.07123,2.07123
2009-09-10T23:00:00+02:00,2.07123,2.07834,2.06937,2.07351
2009-09-11T11:00:00+02:00,2.07351,2.07445,2.05954,2.05954
2009-09-13T23:00:00+02:00,2.06973,2.08598,2.06544,2.08432
2009-09-14T11:00:00+02:00,2.08432,2.09259,2.07947,2.08491
2009-09-14T23:00:00+02:00,2.08491,2.08896,2.07666,2.08082
2009-09-15T11:00:00+02:00,2.08082,2.09018,2.07712,2.07909
2009-09-15T23:00:00+02:00,2.07909,2.08232,2.05825,2.06402
2009-09-16T11:00:00+02:00,2.06402,2.06708,2.05723,2.05996
2009-09-16T23:00:00+02:00,2.05996,2.06662,2.05916,2.06442
2009-09-17T11:00:00+02:00,2.06442,2.07831,2.06389,2.07415
2009-09-17T23:00:00+02:00,2.07415,2.07769,2.06706,2.06838
2009-09-18T11:00:00+02:00,2.06838,2.07712,2.06646,2.07412
2009-09-20T23:00:00+02:00,2.0756,2.08345,2.0726,2.0816
2009-09-21T11:00:00+02:00,2.0816,2.08411,2.07431,2.0766
2009-09-21T23:00:00+02:00,2.0766,2.0786,2.04503,2.04888
2009-09-22T11:00:00+02:00,2.04888,2.05857,2.04451,2.05748
2009-09-22T23:00:00+02:00,2.05748,2.05956,2.02926,2.0367
2009-09-23T11:00:00+02:00,2.0367,2.05085,2.03411,2.04713
2009-09-23T23:00:00+02:00,2.04713,2.05139,2.039085,2.041055
2009-09-24T11:00:00+02:00,2.041055,2.04908,2.032395,2.04873
2009-09-24T23:00:00+02:00,2.04873,2.05854,2.03733,2.04171
2009-09-25T11:00:00+02:00,2.04171,2.05541,2.04073,2.0424
2009-09-27T23:00:00+02:00,2.04791,2.05395,2.03519,2.04636
2009-09-28T11:00:00+02:00,2.04636,2.05864,2.03424,2.04095
2009-09-28T23:00:00+02:00,2.04095,2.0429,2.02417,2.02718
2009-09-29T11:00:00+02:00,2.02718,2.04308,2.02523,2.04226
2009-09-29T23:00:00+02:00,2.04226,2.04235,2.02438,2.02901
2009-09-30T11:00:00+02:00,2.02901,2.03396,2.01866,2.02495
2009-09-30T23:00:00+02:00,2.02495,2.03073,2.015275,2.01987
2009-10-01T11:00:00+02:00,2.01987,2.03635,2.010745,2.03473
2009-10-01T23:00:00+02:00,2.03473,2.04642,2.02558,2.03667
2009-10-02T11:00:00+02:00,2.03667,2.047745,2.02983,2.03417
2009-10-04T23:00:00+02:00,2.03742,2.04488,2.02796,2.03465
2009-10-05T11:00:00+02:00,2.03465,2.03516,2.00359,2.00502
2009-10-05T23:00:00+02:00,2.00502,2.01168,1.99989,2.005915
2009-10-06T11:00:00+02:00,2.005915,2.013655,1.998045,2.00483
2009-10-06T23:00:00+02:00,2.00483,2.00578,1.99076,1.99162
2009-10-07T11:00:00+02:00,1.99162,2.00432,1.99015,1.99494
2009-10-07T23:00:00+02:00,1.99494,1.99774,1.98417,1.99713
2009-10-08T11:00:00+02:00,1.99713,2.0001,1.98585,1.99158
2009-10-08T23:00:00+02:00,1.99158,2.00079,1.98919,1.99988
2009-10-09T11:00:00+02:00,1.99988,2.01122,1.99177,2.00611
2009-10-11T23:00:00+02:00,2.00624,2.02584,2.00318,2.012125
2009-10-12T11:00:00+02:00,2.012125,2.01888,2.007555,2.01494
2009-10-12T23:00:00+02:00,2.01494,2.01525,1.99803,2.00908
2009-10-13T11:00:00+02:00,2.00908,2.02479,2.00414,2.00927
2009-10-13T23:00:00+02:00,2.00927,2.016215,2.003805,2.00633
2009-10-14T11:00:00+02:00,2.00633,2.024305,2.004675,2.01793
2009-10-14T23:00:00+02:00,2.01793,2.01868,1.996135,1.998065
2009-10-15T11:00:00+02:00,1.998065,2.013805,1.997235,2.00773
2009-10-15T23:00:00+02:00,2.00773,2.00916,1.99508,2.00192
2009-10-16T11:00:00+02:00,2.00192,2.02085,2.00192,2.01296
2009-10-18T23:00:00+02:00,2.01965,2.02009,1.9947,1.997825
2009-10-19T11:00:00+02:00,1.997825,2.002555,1.97382,1.97755
2009-10-19T23:00:00+02:00,1.97755,1.98959,1.97555,1.98805
2009-10-20T11:00:00+02:00,1.98805,2.001635,1.9823,1.99392
2009-10-20T23:00:00+02:00,1.99392,1.99851,1.97395,1.97597
2009-10-21T11:00:00+02:00,1.97597,1.990125,1.96995,1.97454
2009-10-21T23:00:00+02:00,1.97454,1.99669,1.97432,1.98806
2009-10-22T11:00:00+02:00,1.98806,1.993265,1.978665,1.98399
2009-10-22T23:00:00+02:00,1.98399,1.993265,1.98052,1.989975
2009-10-23T11:00:00+02:00,1.989975,1.99393,1.98172,1.98907
2009-10-25T22:00:00+01:00,1.99052,1.99716,1.98771,1.99256
2009-10-26T10:00:00+01:00,1.99256,1.99847,1.98589,1.98972
2009-10-26T22:00:00+01:00,1.98972,1.99604,1.98412,1.99047
2009-10-27T10:00:00+01:00,1.99047,1.99631,1.98442,1.9894
2009-10-27T22:00:00+01:00,1.9894,2.01077,1.98577,2.00932
2009-10-28T10:00:00+01:00,2.00932,2.04367,2.00819,2.03951
2009-10-28T22:00:00+01:00,2.03951,2.05342,2.028285,2.031155
2009-10-29T10:00:00+01:00,2.031155,2.035575,2.01497,2.02232
2009-10-29T22:00:00+01:00,2.02232,2.04222,2.02196,2.03338
2009-10-30T10:00:00+01:00,2.03338,2.05635,2.0247,2.05192
2009-11-01T23:00:00+01:00,2.05722,2.07551,2.04168,2.04645
2009-11-02T11:00:00+01:00,2.04645,2.06628,2.04152,2.05751
2009-11-02T23:00:00+01:00,2.05751,2.06558,2.0441,2.06099
2009-11-03T11:00:00+01:00,2.06099,2.06248,2.03655,2.04401
2009-11-03T23:00:00+01:00,2.04401,2.05253,2.03406,2.03503
2009-11-04T11:00:00+01:00,2.03503,2.05924,2.03376,2.05221
2009-11-04T23:00:00+01:00,2.05221,2.06956,2.05169,2.06186
2009-11-05T11:00:00+01:00,2.06186,2.06864,2.05521,2.06197
2009-11-05T23:00:00+01:00,2.06197,2.06583,2.04575,2.05168
2009-11-06T11:00:00+01:00,2.05168,2.05998,2.04434,2.04778
2009-11-08T23:00:00+01:00,2.02448,2.03351,2.02187,2.03051
2009-11-09T11:00:00+01:00,2.03051,2.03468,2.01645,2.01826
2009-11-09T23:00:00+01:00,2.01826,2.0293,2.01121,2.02156
2009-11-10T11:00:00+01:00,2.02156,2.024535,2.014535,2.01663
2009-11-10T23:00:00+01:00,2.01663,2.027035,2.01543,2.025125
2009-11-11T11:00:00+01:00,2.025125,2.030275,2.022345,2.02845
2009-11-11T23:00:00+01:00,2.02845,2.02913,2.01715,2.02755
2009-11-12T11:00:00+01:00,2.02755,2.03351,2.022355,2.02623
2009-11-12T23:00:00+01:00,2.02623,2.030615,2.01845,2.02155
2009-11-13T11:00:00+01:00,2.02155,2.02179,2.00297,2.00457
2009-11-15T23:00:00+01:00,2.0093,2.02087,2.00854,2.0137
2009-11-16T11:00:00+01:00,2.0137,2.014875,1.995335,2.00019
2009-11-16T23:00:00+01:00,2.00019,2.005445,1.9964,2.002255
2009-11-17T11:00:00+01:00,2.002255,2.004715,1.993245,1.996
2009-11-17T23:00:00+01:00,1.996,2.00137,1.99309,1.998205
2009-11-18T11:00:00+01:00,1.998205,2.010645,1.995395,2.00536
2009-11-18T23:00:00+01:00,2.00536,2.031805,2.00457,2.028955
2009-11-19T11:00:00+01:00,2.028955,2.04321,2.026385,2.04145
2009-11-19T23:00:00+01:00,2.04145,2.05136,2.03828,2.04759
2009-11-20T11:00:00+01:00,2.04759,2.05981,2.04528,2.05226
2009-11-22T23:00:00+01:00,2.05377,2.06142,2.043815,2.044425
2009-11-23T11:00:00+01:00,2.044425,2.044695,2.034975,2.04222
2009-11-23T23:00:00+01:00,2.04222,2.0625,2.04046,2.05765
2009-11-24T11:00:00+01:00,2.05765,2.07046,2.05445,2.06219
2009-11-24T23:00:00+01:00,2.06219,2.06437,2.0501,2.05642
2009-11-25T11:00:00+01:00,2.05642,2.07464,2.05555,2.06603
2009-11-25T23:00:00+01:00,2.06603,2.0975,2.06452,2.09513
2009-11-26T11:00:00+01:00,2.09513,2.10318,2.09065,2.09926
2009-11-26T23:00:00+01:00,2.09926,2.12359,2.09459,2.10378
2009-11-27T11:00:00+01:00,2.10378,2.11591,2.09771,2.108
2009-11-29T23:00:00+01:00,2.10318,2.1039,2.08807,2.103015
2009-11-30T11:00:00+01:00,2.103015,2.107795,2.09468,2.09548
2009-11-30T23:00:00+01:00,2.09548,2.10074,2.074015,2.07643
2009-12-01T11:00:00+01:00,2.07643,2.080645,2.067905,2.07787
2009-12-01T23:00:00+01:00,2.07787,2.07977,2.071455,2.072705
2009-12-02T11:00:00+01:00,2.072705,2.08716,2.068445,2.08348
2009-12-02T23:00:00+01:00,2.08348,2.0843,2.07097,2.08313
2009-12-03T11:00:00+01:00,2.08313,2.09193,2.07807,2.08601
2009-12-03T23:00:00+01:00,2.08601,2.09041,2.07883,2.08127
2009-12-04T11:00:00+01:00,2.08127,2.08229,2.06706,2.07413
2009-12-06T23:00:00+01:00,2.0759,2.084975,2.07097,2.082335
2009-12-07T11:00:00+01:00,2.082335,2.086985,2.07216,2.0789
2009-12-07T23:00:00+01:00,2.0789,2.082145,2.07078,2.075255
2009-12-08T11:00:00+01:00,2.075255,2.083135,2.072465,2.07963
2009-12-08T23:00:00+01:00,2.07963,2.08378,2.07183,2.07586
2009-12-09T11:00:00+01:00,2.07586,2.07591,2.04367,2.04835
2009-12-09T23:00:00+01:00,2.04835,2.04893,2.01887,2.01944
2009-12-10T11:00:00+01:00,2.01944,2.027,2.01169,2.02166
2009-12-10T23:00:00+01:00,2.02166,2.03321,2.02082,2.03112
2009-12-11T11:00:00+01:00,2.03112,2.03443,2.01473,2.01509
2009-12-13T23:00:00+01:00,2.01656,2.02764,2.01321,2.0212
2009-12-14T11:00:00+01:00,2.0212,2.02364,2.00689,2.01383
2009-12-14T23:00:00+01:00,2.01383,2.01873,2.01325,2.0148
2009-12-15T11:00:00+01:00,2.0148,2.02082,2.00933,2.01435
2009-12-15T23:00:00+01:00,2.01435,2.030825,2.01369,2.029765
2009-12-16T11:00:00+01:00,2.029765,2.030635,2.01306,2.01699
2009-12-16T23:00:00+01:00,2.01699,2.02773,2.01262,2.01949
2009-12-17T11:00:00+01:00,2.01949,2.02249,2.0133,2.01881
2009-12-17T23:00:00+01:00,2.01881,2.02672,2.01656,2.02276
2009-12-18T11:00:00+01:00,2.02276,2.0267,2.01258,2.01515
2009-12-20T23:00:00+01:00,2.01198,2.02457,2.01187,2.020815
2009-12-21T11:00:00+01:00,2.020815,2.028625,2.019285,2.02389
2009-12-21T23:00:00+01:00,2.02389,2.0326,2.02249,2.02713
2009-12-22T11:00:00+01:00,2.02713,2.03843,2.02528,2.03649
2009-12-22T23:00:00+01:00,2.03649,2.04269,2.03587,2.03644
2009-12-23T11:00:00+01:00,2.03644,2.03977,2.03065,2.03485
2009-12-23T23:00:00+01:00,2.03485,2.03767,2.02989,2.033615
2009-12-24T11:00:00+01:00,2.033615,2.04331,2.031575,2.03686
2009-12-24T23:00:00+01:00,2.03686,2.04052,2.02744,2.03898
2009-12-25T11:00:00+01:00,2.03898,2.03898,2.03898,2.03898
2009-12-27T23:00:00+01:00,2.03755,2.03826,2.02757,2.0309
2009-12-28T11:00:00+01:00,2.0309,2.03342,2.02902,2.03075
2009-12-28T23:00:00+01:00,2.03075,2.03168,2.01924,2.0195
2009-12-29T11:00:00+01:00,2.0195,2.02023,1.99302,2.00091
2009-12-29T23:00:00+01:00,2.00091,2.0056,1.99507,1.99763
2009-12-30T11:00:00+01:00,1.99763,2.00106,1.98246,1.98618
2009-12-30T23:00:00+01:00,1.98618,1.98763,1.97706,1.981445
2009-12-31T11:00:00+01:00,1.981445,1.98524,1.97028,1.98184
2009-12-31T23:00:00+01:00,1.98184,1.98184,1.97567,1.97867
2010-01-03T23:00:00+01:00,1.97588,1.9859,1.972235,1.980845
2010-01-04T11:00:00+01:00,1.980845,1.981165,1.960435,1.96267
2010-01-04T23:00:00+01:00,1.96267,1.96997,1.95865,1.95973
2010-01-05T11:00:00+01:00,1.95973,1.96469,1.95504,1.9556
2010-01-05T23:00:00+01:00,1.9556,1.96079,1.95287,1.95971
2010-01-06T11:00:00+01:00,1.95971,1.96347,1.95098,1.95281
2010-01-06T23:00:00+01:00,1.95281,1.95521,1.94401,1.95233
2010-01-07T11:00:00+01:00,1.95233,1.95931,1.95065,1.9548
2010-01-07T23:00:00+01:00,1.9548,1.96162,1.95066,1.95599
2010-01-08T11:00:00+01:00,1.95599,1.96253,1.95275,1.95594
2010-01-10T23:00:00+01:00,1.95015,1.96401,1.94894,1.96235
2010-01-11T11:00:00+01:00,1.96235,1.96316,1.95159,1.95751
2010-01-11T23:00:00+01:00,1.95751,1.9599,1.95117,1.95272
2010-01-12T11:00:00+01:00,1.95272,1.96664,1.95239,1.96149
2010-01-12T23:00:00+01:00,1.96149,1.96229,1.95308,1.95427
2010-01-13T11:00:00+01:00,1.95427,1.96864,1.95382,1.95955
2010-01-13T23:00:00+01:00,1.95955,1.96604,1.95266,1.95409
2010-01-14T11:00:00+01:00,1.95409,1.955425,1.94702,1.95247
2010-01-14T23:00:00+01:00,1.95247,1.95747,1.94909,1.95181
2010-01-15T11:00:00+01:00,1.95181,1.95235,1.944775,1.94974
2010-01-17T23:00:00+01:00,1.95662,1.95715,1.949665,1.95007
2010-01-18T11:00:00+01:00,1.95007,1.95064,1.94349,1.94669
2010-01-18T23:00:00+01:00,1.94669,1.95141,1.9439,1.94478
2010-01-19T11:00:00+01:00,1.94478,1.94584,1.93065,1.94283
2010-01-19T23:00:00+01:00,1.94283,1.95989,1.9398,1.95966
2010-01-20T11:00:00+01:00,1.95966,1.96856,1.95314,1.9544
2010-01-20T23:00:00+01:00,1.9544,1.96207,1.95199,1.9587
2010-01-21T11:00:00+01:00,1.9587,1.9844,1.9524,1.98343
2010-01-21T23:00:00+01:00,1.98343,1.98828,1.97191,1.9831
2010-01-22T11:00:00+01:00,1.9831,1.99296,1.97608,1.99193
2010-01-24T23:00:00+01:00,1.9884,1.98857,1.9756,1.98427
2010-01-25T11:00:00+01:00,1.98427,1.98754,1.97935,1.98257
2010-01-25T23:00:00+01:00,1.98257,1.996025,1.97701,1.992825
2010-01-26T11:00:00+01:00,1.992825,2.001795,1.983725,1.98696
2010-01-26T23:00:00+01:00,1.98696,1.997085,1.98388,1.990295
2010-01-27T11:00:00+01:00,1.990295,1.99372,1.981535,1.98493
2010-01-27T23:00:00+01:00,1.98493,1.98899,1.96709,1.968475
2010-01-28T11:00:00+01:00,1.968475,1.98438,1.964575,1.98192
2010-01-28T23:00:00+01:00,1.98192,1.98613,1.97183,1.97655
2010-01-29T11:00:00+01:00,1.97655,1.97842,1.96636,1.97754
2010-01-31T23:00:00+01:00,1.97933,1.98334,1.9696,1.98112
2010-02-01T11:00:00+01:00,1.98112,1.98645,1.96267,1.96629
2010-02-01T23:00:00+01:00,1.96629,1.97463,1.96256,1.970795
2010-02-02T11:00:00+01:00,1.970795,1.973875,1.959475,1.96073
2010-02-02T23:00:00+01:00,1.96073,1.96746,1.95674,1.9627
2010-02-03T11:00:00+01:00,1.9627,1.98262,1.96111,1.97747
2010-02-03T23:00:00+01:00,1.97747,1.99628,1.97705,1.98962
2010-02-04T11:00:00+01:00,1.98962,2.00613,1.98627,1.99684
2010-02-04T23:00:00+01:00,1.99684,1.99916,1.98637,1.98905
2010-02-05T11:00:00+01:00,1.98905,1.99651,1.98106,1.98397
2010-02-07T23:00:00+01:00,1.98463,1.98896,1.98036,1.98488
2010-02-08T11:00:00+01:00,1.98488,2.00097,1.98329,1.99835
2010-02-08T23:00:00+01:00,1.99835,2.00137,1.98631,1.98731
2010-02-09T11:00:00+01:00,1.98731,1.99139,1.9806,1.98186
2010-02-09T23:00:00+01:00,1.98186,1.98817,1.97924,1.98561
2010-02-10T11:00:00+01:00,1.98561,1.98771,1.97668,1.98298
2010-02-10T23:00:00+01:00,1.98298,1.98436,1.96428,1.96518
2010-02-11T11:00:00+01:00,1.96518,1.96815,1.94655,1.95991
2010-02-11T23:00:00+01:00,1.95991,1.96323,1.94697,1.9497
2010-02-12T11:00:00+01:00,1.9497,1.96683,1.94754,1.95436
2010-02-14T23:00:00+01:00,1.95802,1.95834,1.94828,1.95003
2010-02-15T11:00:00+01:00,1.95003,1.95323,1.94747,1.95225
2010-02-15T23:00:00+01:00,1.95225,1.95252,1.9371,1.94015
2010-02-16T11:00:00+01:00,1.94015,1.95175,1.93942,1.94739
2010-02-16T23:00:00+01:00,1.94739,1.95439,1.94608,1.94691
2010-02-17T11:00:00+01:00,1.94691,1.94798,1.93184,1.93317
2010-02-17T23:00:00+01:00,1.93317,1.94097,1.9326,1.93953
2010-02-18T11:00:00+01:00,1.93953,1.94229,1.92619,1.93755
2010-02-18T23:00:00+01:00,1.93755,1.94225,1.93272,1.93843
2010-02-19T11:00:00+01:00,1.93843,1.95071,1.93776,1.94622
2010-02-21T23:00:00+01:00,1.94565,1.94758,1.93943,1.94248
2010-02-22T11:00:00+01:00,1.94248,1.94276,1.93563,1.93796
2010-02-22T23:00:00+01:00,1.93796,1.94215,1.9376,1.9385
2010-02-23T11:00:00+01:00,1.9385,1.95827,1.93454,1.95159
2010-02-23T23:00:00+01:00,1.95159,1.96724,1.94465,1.96465
2010-02-24T11:00:00+01:00,1.96465,1.96745,1.95106,1.95276
2010-02-24T23:00:00+01:00,1.95276,1.96035,1.94792,1.95222
2010-02-25T11:00:00+01:00,1.95222,1.967735,1.95122,1.95839
2010-02-25T23:00:00+01:00,1.95839,1.96053,1.9519,1.95855
2010-02-26T11:00:00+01:00,1.95855,1.9609,1.9434,1.95256
2010-02-28T23:00:00+01:00,1.94922,1.95352,1.94442,1.951
2010-03-01T11:00:00+01:00,1.951,1.95437,1.92967,1.938
2010-03-01T23:00:00+01:00,1.938,1.9485,1.93599,1.94114
2010-03-02T11:00:00+01:00,1.94114,1.95644,1.93926,1.95619
2010-03-02T23:00:00+01:00,1.95619,1.96793,1.95228,1.96676
2010-03-03T11:00:00+01:00,1.96676,1.97977,1.96549,1.97204
2010-03-03T23:00:00+01:00,1.97204,1.98723,1.97099,1.98236
2010-03-04T11:00:00+01:00,1.98236,1.98371,1.973365,1.97816
2010-03-04T23:00:00+01:00,1.97816,1.9815,1.96901,1.97149
2010-03-05T11:00:00+01:00,1.97149,1.97155,1.95189,1.955
2010-03-07T23:00:00+01:00,1.95856,1.95894,1.94708,1.94973
2010-03-08T11:00:00+01:00,1.94973,1.95095,1.94443,1.94524
2010-03-08T23:00:00+01:00,1.94524,1.95223,1.94347,1.94743
2010-03-09T11:00:00+01:00,1.94743,1.94897,1.93328,1.9353
2010-03-09T23:00:00+01:00,1.9353,1.93643,1.92102,1.92428
2010-03-10T11:00:00+01:00,1.92428,1.94806,1.92029,1.94521
2010-03-10T23:00:00+01:00,1.94521,1.95495,1.94361,1.94959
2010-03-11T11:00:00+01:00,1.94959,1.959775,1.94653,1.95336
2010-03-11T23:00:00+01:00,1.95336,1.960375,1.95227,1.960185
2010-03-12T11:00:00+01:00,1.960185,1.96533,1.954345,1.96196
2010-03-14T22:00:00+01:00,1.95946,1.96063,1.94901,1.95395
2010-03-15T10:00:00+01:00,1.95395,1.95876,1.946865,1.94964
2010-03-15T22:00:00+01:00,1.94964,1.95006,1.94099,1.943585
2010-03-16T10:00:00+01:00,1.943585,1.950045,1.93816,1.93904
2010-03-16T22:00:00+01:00,1.93904,1.94028,1.93024,1.93259
2010-03-17T10:00:00+01:00,1.93259,1.933935,1.916145,1.92367
2010-03-17T22:00:00+01:00,1.92367,1.92599,1.910955,1.912145
2010-03-18T10:00:00+01:00,1.912145,1.914655,1.90222,1.90428
2010-03-18T22:00:00+01:00,1.90428,1.91195,1.90199,1.90952
2010-03-19T10:00:00+01:00,1.90952,1.91268,1.90232,1.91036
2010-03-21T22:00:00+01:00,1.91492,1.91736,1.91138,1.91632
2010-03-22T10:00:00+01:00,1.91632,1.92864,1.91579,1.91928
2010-03-22T22:00:00+01:00,1.91928,1.92147,1.91417,1.91437
2010-03-23T10:00:00+01:00,1.91437,1.919325,1.90651,1.90798
2010-03-23T22:00:00+01:00,1.90798,1.91629,1.89991,1.90146
2010-03-24T10:00:00+01:00,1.90146,1.90703,1.89501,1.89654
2010-03-24T22:00:00+01:00,1.89654,1.89901,1.88659,1.88806
2010-03-25T10:00:00+01:00,1.88806,1.8926,1.88042,1.88629
2010-03-25T22:00:00+01:00,1.88629,1.89426,1.88147,1.89403
2010-03-26T10:00:00+01:00,1.89403,1.90829,1.89239,1.90565
2010-03-28T23:00:00+02:00,1.90961,1.91469,1.89638,1.8984
2010-03-29T11:00:00+02:00,1.8984,1.90175,1.89607,1.90008
2010-03-29T23:00:00+02:00,1.90008,1.90227,1.89213,1.89509
2010-03-30T11:00:00+02:00,1.89509,1.89562,1.88799,1.88893
2010-03-30T23:00:00+02:00,1.88893,1.89716,1.88637,1.89545
2010-03-31T11:00:00+02:00,1.89545,1.91246,1.89493,1.90098
2010-03-31T23:00:00+02:00,1.90098,1.91713,1.89853,1.91261
2010-04-01T11:00:00+02:00,1.91261,1.9212,1.91035,1.9192
2010-04-01T23:00:00+02:00,1.9192,1.92184,1.91645,1.91736
2010-04-02T11:00:00+02:00,1.91736,1.92051,1.9093,1.91291
2010-04-04T23:00:00+02:00,1.90956,1.91828,1.90725,1.91423
2010-04-05T11:00:00+02:00,1.91423,1.92416,1.91231,1.91778
2010-04-05T23:00:00+02:00,1.91778,1.9186,1.90805,1.91674
2010-04-06T11:00:00+02:00,1.91674,1.92027,1.89444,1.89609
2010-04-06T23:00:00+02:00,1.89609,1.90309,1.8953,1.90052
2010-04-07T11:00:00+02:00,1.90052,1.90162,1.88361,1.88733
2010-04-07T23:00:00+02:00,1.88733,1.89603,1.88485,1.89535
2010-04-08T11:00:00+02:00,1.89535,1.89644,1.88851,1.8892
2010-04-08T23:00:00+02:00,1.8892,1.89113,1.88088,1.88233
2010-04-09T11:00:00+02:00,1.88233,1.88754,1.87599,1.885
2010-04-11T23:00:00+02:00,1.90008,1.91119,1.89486,1.90483
2010-04-12T11:00:00+02:00,1.90483,1.91034,1.90355,1.90835
2010-04-12T23:00:00+02:00,1.90835,1.91099,1.90338,1.90461
2010-04-13T11:00:00+02:00,1.90461,1.91482,1.901,1.90743
2010-04-13T23:00:00+02:00,1.90743,1.92124,1.90579,1.91606
2010-04-14T11:00:00+02:00,1.91606,1.91683,1.90699,1.91064
2010-04-14T23:00:00+02:00,1.91064,1.91186,1.8981,1.89941
2010-04-15T11:00:00+02:00,1.89941,1.90915,1.89632,1.90658
2010-04-15T23:00:00+02:00,1.90658,1.90798,1.89649,1.89758
2010-04-16T11:00:00+02:00,1.89758,1.90918,1.89149,1.90562
2010-04-18T23:00:00+02:00,1.90441,1.9076,1.89396,1.9
2010-04-19T11:00:00+02:00,1.9,1.90521,1.89283,1.89663
2010-04-19T23:00:00+02:00,1.89663,1.90496,1.88821,1.89625
2010-04-20T11:00:00+02:00,1.89625,1.90166,1.88763,1.88772
2010-04-20T23:00:00+02:00,1.88772,1.89166,1.88426,1.8864
2010-04-21T11:00:00+02:00,1.8864,1.89034,1.87878,1.8864
2010-04-21T23:00:00+02:00,1.8864,1.88817,1.87721,1.87943
2010-04-22T11:00:00+02:00,1.87943,1.88116,1.86898,1.87028
2010-04-22T23:00:00+02:00,1.87028,1.87148,1.85811,1.87103
2010-04-23T11:00:00+02:00,1.87103,1.87481,1.86262,1.86582
2010-04-25T23:00:00+02:00,1.8624,1.86547,1.85343,1.85355
2010-04-26T11:00:00+02:00,1.85355,1.85482,1.83918,1.85011
2010-04-26T23:00:00+02:00,1.85011,1.85929,1.84992,1.85091
2010-04-27T11:00:00+02:00,1.85091,1.86107,1.84379,1.85201
2010-04-27T23:00:00+02:00,1.85201,1.85427,1.84362,1.84784
2010-04-28T11:00:00+02:00,1.84784,1.84875,1.82744,1.83409
2010-04-28T23:00:00+02:00,1.83409,1.84593,1.82706,1.83486
2010-04-29T11:00:00+02:00,1.83486,1.83737,1.82767,1.82868
2010-04-29T23:00:00+02:00,1.82868,1.83199,1.8249,1.82865
2010-04-30T11:00:00+02:00,1.82865,1.83223,1.81382,1.82912
2010-05-02T23:00:00+02:00,1.83577,1.83729,1.81234,1.8135
2010-05-03T11:00:00+02:00,1.8135,1.81658,1.80247,1.8055
2010-05-03T23:00:00+02:00,1.8055,1.81483,1.80112,1.80136
2010-05-04T11:00:00+02:00,1.80136,1.80961,1.80044,1.80321
2010-05-04T23:00:00+02:00,1.80321,1.80714,1.79637,1.80354
2010-05-05T11:00:00+02:00,1.80354,1.80561,1.78622,1.78654
2010-05-05T23:00:00+02:00,1.78654,1.78654,1.75961,1.76335
2010-05-06T11:00:00+02:00,1.76335,1.79017,1.75234,1.77604
2010-05-06T23:00:00+02:00,1.77604,1.79952,1.76829,1.79425
2010-05-07T11:00:00+02:00,1.79425,1.79585,1.77606,1.78494
2010-05-09T23:00:00+02:00,1.79207,1.80753,1.78048,1.79333
2010-05-10T11:00:00+02:00,1.79333,1.79577,1.76789,1.76936
2010-05-10T23:00:00+02:00,1.76936,1.77686,1.76195,1.76377
2010-05-11T11:00:00+02:00,1.76377,1.77347,1.75978,1.76751
2010-05-11T23:00:00+02:00,1.76751,1.77489,1.75973,1.77254
2010-05-12T11:00:00+02:00,1.77254,1.77643,1.76145,1.76859
2010-05-12T23:00:00+02:00,1.76859,1.77122,1.75341,1.75522
2010-05-13T11:00:00+02:00,1.75522,1.75767,1.74831,1.7534
2010-05-13T23:00:00+02:00,1.7534,1.76315,1.74949,1.7509
2010-05-14T11:00:00+02:00,1.7509,1.75887,1.73707,1.74812
2010-05-16T23:00:00+02:00,1.74678,1.75657,1.74542,1.75389
2010-05-17T11:00:00+02:00,1.75389,1.78079,1.75155,1.77869
2010-05-17T23:00:00+02:00,1.77869,1.77906,1.76673,1.7676
2010-05-18T11:00:00+02:00,1.7676,1.77794,1.754225,1.75828
2010-05-18T23:00:00+02:00,1.75828,1.79194,1.75673,1.78938
2010-05-19T11:00:00+02:00,1.78938,1.84629,1.78756,1.83187
2010-05-19T23:00:00+02:00,1.83187,1.84221,1.79662,1.83491
2010-05-20T11:00:00+02:00,1.83491,1.88183,1.82641,1.87463
2010-05-20T23:00:00+02:00,1.87463,1.88722,1.85723,1.86053
2010-05-21T11:00:00+02:00,1.86053,1.88078,1.83992,1.85253
2010-05-23T23:00:00+02:00,1.85107,1.86706,1.842295,1.845925
2010-05-24T11:00:00+02:00,1.845925,1.8491,1.83186,1.84904
2010-05-24T23:00:00+02:00,1.84904,1.85758,1.83498,1.85011
2010-05-25T11:00:00+02:00,1.85011,1.85638,1.83946,1.8419
2010-05-25T23:00:00+02:00,1.8419,1.85098,1.83702,1.83944
2010-05-26T11:00:00+02:00,1.83944,1.84542,1.81778,1.8371
2010-05-26T23:00:00+02:00,1.8371,1.83935,1.82086,1.828205
2010-05-27T11:00:00+02:00,1.828205,1.829095,1.796395,1.80788
2010-05-27T23:00:00+02:00,1.80788,1.818665,1.79588,1.817645
2010-05-28T11:00:00+02:00,1.817645,1.823265,1.80572,1.80755
2010-05-30T23:00:00+02:00,1.81,1.81705,1.79845,1.801255
2010-05-31T11:00:00+02:00,1.801255,1.829765,1.798605,1.80845
2010-05-31T23:00:00+02:00,1.80845,1.81556,1.80154,1.80935
2010-06-01T11:00:00+02:00,1.80935,1.8141,1.79642,1.81178
2010-06-01T23:00:00+02:00,1.81178,1.815715,1.80143,1.813345
2010-06-02T11:00:00+02:00,1.813345,1.818995,1.794765,1.79685
2010-06-02T23:00:00+02:00,1.79685,1.8015,1.78323,1.78419
2010-06-03T11:00:00+02:00,1.78419,1.79381,1.7753,1.77637
2010-06-03T23:00:00+02:00,1.77637,1.78404,1.77373,1.7794
2010-06-04T11:00:00+02:00,1.7794,1.79376,1.77018,1.78444
2010-06-06T23:00:00+02:00,1.78377,1.802705,1.77978,1.801895
2010-06-07T11:00:00+02:00,1.801895,1.811565,1.788425,1.81024
2010-06-07T23:00:00+02:00,1.81024,1.81252,1.7992,1.8089
2010-06-08T11:00:00+02:00,1.8089,1.81271,1.787415,1.79464
2010-06-08T23:00:00+02:00,1.79464,1.80531,1.79123,1.79836
2010-06-09T11:00:00+02:00,1.79836,1.80106,1.78723,1.79616
2010-06-09T23:00:00+02:00,1.79616,1.79616,1.77053,1.77478
2010-06-10T11:00:00+02:00,1.77478,1.7771,1.76157,1.7658
2010-06-10T23:00:00+02:00,1.7658,1.77963,1.76381,1.771785
2010-06-11T11:00:00+02:00,1.771785,1.772245,1.74972,1.7554
2010-06-13T23:00:00+02:00,1.75506,1.76317,1.75403,1.75985
2010-06-14T11:00:00+02:00,1.75985,1.761295,1.749625,1.75905
2010-06-14T23:00:00+02:00,1.75905,1.767455,1.75513,1.76396
2010-06-15T11:00:00+02:00,1.76396,1.773155,1.76081,1.76476
2010-06-15T23:00:00+02:00,1.76476,1.77665,1.76248,1.76398
2010-06-16T11:00:00+02:00,1.76398,1.77032,1.76081,1.76388
2010-06-16T23:00:00+02:00,1.76388,1.76677,1.75768,1.76409
2010-06-17T11:00:00+02:00,1.76409,1.76819,1.75816,1.75856
2010-06-17T23:00:00+02:00,1.75856,1.76234,1.75225,1.757865
2010-06-18T11:00:00+02:00,1.757865,1.763145,1.75066,1.75248
2010-06-20T23:00:00+02:00,1.74487,1.75067,1.736485,1.736485
2010-06-21T11:00:00+02:00,1.736485,1.74164,1.73239,1.7387
2010-06-21T23:00:00+02:00,1.7387,1.74192,1.73371,1.7357
2010-06-22T11:00:00+02:00,1.7357,1.74314,1.7316,1.74274
2010-06-22T23:00:00+02:00,1.74274,1.74473,1.7347,1.73794
2010-06-23T11:00:00+02:00,1.73794,1.73882,1.71873,1.72487
2010-06-23T23:00:00+02:00,1.72487,1.74318,1.72392,1.73823
2010-06-24T11:00:00+02:00,1.73823,1.74824,1.73119,1.74088
2010-06-24T23:00:00+02:00,1.74088,1.75178,1.73901,1.74662
2010-06-25T11:00:00+02:00,1.74662,1.75278,1.73002,1.73285
2010-06-27T23:00:00+02:00,1.73017,1.750055,1.72879,1.744795
2010-06-28T11:00:00+02:00,1.744795,1.746755,1.729965,1.73321
2010-06-28T23:00:00+02:00,1.73321,1.751395,1.73222,1.74666
2010-06-29T11:00:00+02:00,1.74666,1.762685,1.745455,1.76129
2010-06-29T23:00:00+02:00,1.76129,1.766345,1.75758,1.763295
2010-06-30T11:00:00+02:00,1.763295,1.787775,1.761655,1.78735
2010-06-30T23:00:00+02:00,1.78735,1.80262,1.78015,1.79956
2010-07-01T11:00:00+02:00,1.79956,1.82129,1.79336,1.81403
2010-07-01T23:00:00+02:00,1.81403,1.81568,1.79749,1.805
2010-07-02T11:00:00+02:00,1.805,1.82689,1.79928,1.82482
2010-07-04T23:00:00+02:00,1.82494,1.83033,1.80821,1.8167
2010-07-05T11:00:00+02:00,1.8167,1.82602,1.81445,1.82133
2010-07-05T23:00:00+02:00,1.82133,1.82953,1.809665,1.815175
2010-07-06T11:00:00+02:00,1.815175,1.82576,1.80741,1.81964
2010-07-06T23:00:00+02:00,1.81964,1.8245,1.81461,1.82393
2010-07-07T11:00:00+02:00,1.82393,1.82437,1.79381,1.7974
2010-07-07T23:00:00+02:00,1.7974,1.79874,1.78368,1.793275
2010-07-08T11:00:00+02:00,1.793275,1.799035,1.785415,1.78987
2010-07-08T23:00:00+02:00,1.78987,1.796305,1.78332,1.789705
2010-07-09T11:00:00+02:00,1.789705,1.790245,1.77644,1.7784
2010-07-11T23:00:00+02:00,1.77749,1.78472,1.773845,1.774325
2010-07-12T11:00:00+02:00,1.774325,1.777305,1.76955,1.76986
2010-07-12T23:00:00+02:00,1.76986,1.772485,1.76407,1.76647
2010-07-13T11:00:00+02:00,1.76647,1.773655,1.76255,1.7682
2010-07-13T23:00:00+02:00,1.7682,1.77425,1.76654,1.76864
2010-07-14T11:00:00+02:00,1.76864,1.77385,1.75869,1.7598
2010-07-14T23:00:00+02:00,1.7598,1.772005,1.75826,1.768885
2010-07-15T11:00:00+02:00,1.768885,1.79368,1.768015,1.77501
2010-07-15T23:00:00+02:00,1.77501,1.81037,1.77483,1.80979
2010-07-16T11:00:00+02:00,1.80979,1.82226,1.80451,1.81944
2010-07-18T23:00:00+02:00,1.82094,1.83396,1.816725,1.827795
2010-07-19T11:00:00+02:00,1.827795,1.844195,1.826295,1.83324
2010-07-19T23:00:00+02:00,1.83324,1.83639,1.816725,1.819605
2010-07-20T11:00:00+02:00,1.819605,1.819735,1.79537,1.79642
2010-07-20T23:00:00+02:00,1.79642,1.80258,1.789525,1.791275
2010-07-21T11:00:00+02:00,1.791275,1.79145,1.781905,1.79012
2010-07-21T23:00:00+02:00,1.79012,1.79891,1.78618,1.7878
2010-07-22T11:00:00+02:00,1.7878,1.78947,1.77401,1.77898
2010-07-22T23:00:00+02:00,1.77898,1.78296,1.77119,1.78219
2010-07-23T11:00:00+02:00,1.78219,1.78658,1.76183,1.77508
2010-07-25T23:00:00+02:00,1.77399,1.79065,1.766165,1.766215
2010-07-26T11:00:00+02:00,1.766215,1.776045,1.766015,1.77093
2010-07-26T23:00:00+02:00,1.77093,1.774,1.76545,1.76606
2010-07-27T11:00:00+02:00,1.76606,1.77539,1.76173,1.77231
2010-07-27T23:00:00+02:00,1.77231,1.78542,1.7717,1.781135
2010-07-28T11:00:00+02:00,1.781135,1.792605,1.779455,1.78701
2010-07-28T23:00:00+02:00,1.78701,1.80355,1.78381,1.798
2010-07-29T11:00:00+02:00,1.798,1.81189,1.79553,1.80682
2010-07-29T23:00:00+02:00,1.80682,1.81644,1.80322,1.80898
2010-07-30T11:00:00+02:00,1.80898,1.80961,1.793915,1.7976
2010-08-01T23:00:00+02:00,1.7992,1.80006,1.78069,1.78416
2010-08-02T11:00:00+02:00,1.78416,1.80239,1.78256,1.79867
2010-08-02T23:00:00+02:00,1.79867,1.806985,1.79227,1.804085
2010-08-03T11:00:00+02:00,1.804085,1.806915,1.798515,1.8021
2010-08-03T23:00:00+02:00,1.8021,1.807815,1.79752,1.807095
2010-08-04T11:00:00+02:00,1.807095,1.808555,1.787255,1.79109
2010-08-04T23:00:00+02:00,1.79109,1.8127,1.7887,1.81117
2010-08-05T11:00:00+02:00,1.81117,1.81835,1.80268,1.8047
2010-08-05T23:00:00+02:00,1.8047,1.81322,1.80468,1.81074
2010-08-06T11:00:00+02:00,1.81074,1.82518,1.79957,1.8108
2010-08-08T23:00:00+02:00,1.81273,1.81991,1.81057,1.8174
2010-08-09T11:00:00+02:00,1.8174,1.82149,1.81343,1.81389
2010-08-09T23:00:00+02:00,1.81389,1.82534,1.81206,1.8209
2010-08-10T11:00:00+02:00,1.8209,1.8313,1.81355,1.81983
2010-08-10T23:00:00+02:00,1.81983,1.82615,1.812435,1.818845
2010-08-11T11:00:00+02:00,1.818845,1.820435,1.79357,1.8
2010-08-11T23:00:00+02:00,1.8,1.81249,1.7965,1.807375
2010-08-12T11:00:00+02:00,1.807375,1.814795,1.800255,1.80996
2010-08-12T23:00:00+02:00,1.80996,1.81246,1.79538,1.80271
2010-08-13T11:00:00+02:00,1.80271,1.80896,1.7965,1.80687
2010-08-15T23:00:00+02:00,1.80603,1.824645,1.80187,1.81926
2010-08-16T11:00:00+02:00,1.81926,1.827675,1.807565,1.81356
2010-08-16T23:00:00+02:00,1.81356,1.82043,1.806725,1.81559
2010-08-17T11:00:00+02:00,1.81559,1.817485,1.801325,1.8093
2010-08-17T23:00:00+02:00,1.8093,1.80997,1.80101,1.8028
2010-08-18T11:00:00+02:00,1.8028,1.80443,1.79261,1.79911
2010-08-18T23:00:00+02:00,1.79911,1.80226,1.79118,1.79687
2010-08-19T11:00:00+02:00,1.79687,1.818505,1.79687,1.81345
2010-08-19T23:00:00+02:00,1.81345,1.82018,1.80835,1.81238
2010-08-20T11:00:00+02:00,1.81238,1.81575,1.79661,1.79875
2010-08-22T23:00:00+02:00,1.80173,1.80348,1.79524,1.79602
2010-08-23T11:00:00+02:00,1.79602,1.79695,1.78383,1.79075
2010-08-23T23:00:00+02:00,1.79075,1.799025,1.78773,1.795895
2010-08-24T11:00:00+02:00,1.795895,1.80138,1.791915,1.79789
2010-08-24T23:00:00+02:00,1.79789,1.80518,1.7951,1.801255
2010-08-25T11:00:00+02:00,1.801255,1.820045,1.799525,1.80971
2010-08-25T23:00:00+02:00,1.80971,1.81361,1.8006,1.80488
2010-08-26T11:00:00+02:00,1.80488,1.81192,1.79462,1.80909
2010-08-26T23:00:00+02:00,1.80909,1.81021,1.80247,1.80354
2010-08-27T11:00:00+02:00,1.80354,1.80642,1.78353,1.79549
2010-08-29T23:00:00+02:00,1.78797,1.79501,1.78609,1.79281
2010-08-30T11:00:00+02:00,1.79281,1.79445,1.78496,1.79076
2010-08-30T23:00:00+02:00,1.79076,1.814025,1.7897,1.81131
2010-08-31T11:00:00+02:00,1.81131,1.82451,1.810585,1.81376
2010-08-31T23:00:00+02:00,1.81376,1.81655,1.80481,1.81211
2010-09-01T11:00:00+02:00,1.81211,1.81962,1.79623,1.79897
2010-09-01T23:00:00+02:00,1.79897,1.80266,1.79137,1.79273
2010-09-02T11:00:00+02:00,1.79273,1.79684,1.7867,1.79463
2010-09-02T23:00:00+02:00,1.79463,1.79707,1.789655,1.792095
2010-09-03T11:00:00+02:00,1.792095,1.795985,1.78011,1.78929
2010-09-05T23:00:00+02:00,1.79303,1.79441,1.78118,1.78421
2010-09-06T11:00:00+02:00,1.78421,1.78542,1.7744,1.78003
2010-09-06T23:00:00+02:00,1.78003,1.78082,1.76834,1.7741
2010-09-07T11:00:00+02:00,1.7741,1.7741,1.75985,1.76232
2010-09-07T23:00:00+02:00,1.76232,1.77318,1.76232,1.764985
2010-09-08T11:00:00+02:00,1.764985,1.76677,1.75841,1.75993
2010-09-08T23:00:00+02:00,1.75993,1.7669,1.748715,1.753655
2010-09-09T11:00:00+02:00,1.753655,1.755895,1.748075,1.75203
2010-09-09T23:00:00+02:00,1.75203,1.7561,1.74651,1.7554
2010-09-10T11:00:00+02:00,1.7554,1.75616,1.73932,1.74085
2010-09-12T23:00:00+02:00,1.73873,1.75672,1.73691,1.75085
2010-09-13T11:00:00+02:00,1.75085,1.75784,1.74857,1.75475
2010-09-13T23:00:00+02:00,1.75475,1.77338,1.75262,1.76935
2010-09-14T11:00:00+02:00,1.76935,1.77196,1.75817,1.77006
2010-09-14T23:00:00+02:00,1.77006,1.77529,1.76832,1.77456
2010-09-15T11:00:00+02:00,1.77456,1.78028,1.77094,1.77854
2010-09-15T23:00:00+02:00,1.77854,1.80174,1.77805,1.8016
2010-09-16T11:00:00+02:00,1.8016,1.81202,1.80002,1.80625
2010-09-16T23:00:00+02:00,1.80625,1.80651,1.79189,1.79687
2010-09-17T11:00:00+02:00,1.79687,1.79924,1.78991,1.79843
2010-09-19T23:00:00+02:00,1.79579,1.80036,1.79155,1.79671
2010-09-20T11:00:00+02:00,1.79671,1.79772,1.78549,1.78763
2010-09-20T23:00:00+02:00,1.78763,1.80445,1.78685,1.80399
2010-09-21T11:00:00+02:00,1.80399,1.80981,1.79581,1.80453
2010-09-21T23:00:00+02:00,1.80453,1.81064,1.80157,1.80614
2010-09-22T11:00:00+02:00,1.80614,1.82176,1.80571,1.81521
2010-09-22T23:00:00+02:00,1.81521,1.834795,1.81282,1.833345
2010-09-23T11:00:00+02:00,1.833345,1.836185,1.81976,1.82599
2010-09-23T23:00:00+02:00,1.82599,1.83306,1.82497,1.831275
2010-09-24T11:00:00+02:00,1.831275,1.83951,1.82918,1.83816
2010-09-26T23:00:00+02:00,1.83356,1.836995,1.82831,1.832745
2010-09-27T11:00:00+02:00,1.832745,1.836235,1.829055,1.83177
2010-09-27T23:00:00+02:00,1.83177,1.837995,1.829155,1.830375
2010-09-28T11:00:00+02:00,1.830375,1.839875,1.829945,1.83737
2010-09-28T23:00:00+02:00,1.83737,1.842675,1.83575,1.83787
2010-09-29T11:00:00+02:00,1.83787,1.85072,1.837165,1.84663
2010-09-29T23:00:00+02:00,1.84663,1.85463,1.84208,1.84796
2010-09-30T11:00:00+02:00,1.84796,1.85953,1.841475,1.85679
2010-09-30T23:00:00+02:00,1.85679,1.85846,1.84819,1.85526
2010-10-01T11:00:00+02:00,1.85526,1.86029,1.845525,1.85294
2010-10-03T23:00:00+02:00,1.85385,1.85523,1.84459,1.84634
2010-10-04T11:00:00+02:00,1.84634,1.8497,1.8442,1.8451
2010-10-04T23:00:00+02:00,1.8451,1.856305,1.84422,1.856245
2010-10-05T11:00:00+02:00,1.856245,1.859175,1.84509,1.84706
2010-10-05T23:00:00+02:00,1.84706,1.85385,1.842635,1.843405
2010-10-06T11:00:00+02:00,1.843405,1.855045,1.838485,1.85152
2010-10-06T23:00:00+02:00,1.85152,1.85436,1.844295,1.845145
2010-10-07T11:00:00+02:00,1.845145,1.85886,1.840895,1.85642
2010-10-07T23:00:00+02:00,1.85642,1.862855,1.85106,1.860955
2010-10-08T11:00:00+02:00,1.860955,1.87123,1.84097,1.84454
2010-10-10T23:00:00+02:00,1.84938,1.855105,1.84806,1.850945
2010-10-11T11:00:00+02:00,1.850945,1.854675,1.841975,1.84597
2010-10-11T23:00:00+02:00,1.84597,1.85196,1.839915,1.842435
2010-10-12T11:00:00+02:00,1.842435,1.84534,1.832275,1.84389
2010-10-12T23:00:00+02:00,1.84389,1.847845,1.83832,1.84444
2010-10-13T11:00:00+02:00,1.84444,1.847185,1.826455,1.83577
2010-10-13T23:00:00+02:00,1.83577,1.850445,1.83533,1.848205
2010-10-14T11:00:00+02:00,1.848205,1.86023,1.847415,1.85493
2010-10-14T23:00:00+02:00,1.85493,1.860865,1.85128,1.859065
2010-10-15T11:00:00+02:00,1.859065,1.862605,1.848235,1.84842
2010-10-17T23:00:00+02:00,1.84967,1.85398,1.84021,1.844985
2010-10-18T11:00:00+02:00,1.844985,1.849995,1.84119,1.84471
2010-10-18T23:00:00+02:00,1.84471,1.8487,1.841,1.8436
2010-10-19T11:00:00+02:00,1.8436,1.85492,1.84118,1.84422
2010-10-19T23:00:00+02:00,1.84422,1.84979,1.84163,1.848
2010-10-20T11:00:00+02:00,1.848,1.85726,1.84628,1.84962
2010-10-20T23:00:00+02:00,1.84962,1.865645,1.84836,1.862265
2010-10-21T11:00:00+02:00,1.862265,1.87019,1.8601,1.86666
2010-10-21T23:00:00+02:00,1.86666,1.86708,1.85714,1.85993
2010-10-22T11:00:00+02:00,1.85993,1.870535,1.85981,1.86866
2010-10-24T23:00:00+02:00,1.86413,1.86841,1.86069,1.86198
2010-10-25T11:00:00+02:00,1.86198,1.86502,1.85316,1.85646
2010-10-25T23:00:00+02:00,1.85646,1.85806,1.85046,1.85405
2010-10-26T11:00:00+02:00,1.85405,1.85729,1.84717,1.84981
2010-10-26T23:00:00+02:00,1.84981,1.85441,1.84522,1.85148
2010-10-27T11:00:00+02:00,1.85148,1.85729,1.84483,1.84752
2010-10-27T23:00:00+02:00,1.84752,1.8498,1.84124,1.84315
2010-10-28T11:00:00+02:00,1.84315,1.849905,1.842045,1.84755
2010-10-28T23:00:00+02:00,1.84755,1.85484,1.83454,1.83487
2010-10-29T11:00:00+02:00,1.83487,1.83659,1.81598,1.81965
2010-10-31T22:00:00+01:00,1.82274,1.82784,1.81872,1.822925
2010-11-01T10:00:00+01:00,1.822925,1.823175,1.807715,1.81086
2010-11-01T22:00:00+01:00,1.81086,1.82365,1.80781,1.81961
2010-11-02T10:00:00+01:00,1.81961,1.82137,1.80879,1.81913
2010-11-02T22:00:00+01:00,1.81913,1.82178,1.812865,1.815105
2010-11-03T10:00:00+01:00,1.815105,1.82134,1.805965,1.81265
2010-11-03T22:00:00+01:00,1.81265,1.817,1.79217,1.802725
2010-11-04T10:00:00+01:00,1.802725,1.805315,1.78485,1.78804
2010-11-04T22:00:00+01:00,1.78804,1.793055,1.78669,1.790265
2010-11-05T10:00:00+01:00,1.790265,1.791095,1.76005,1.76388
2010-11-07T23:00:00+01:00,1.77061,1.77828,1.763105,1.767015
2010-11-08T11:00:00+01:00,1.767015,1.773045,1.762015,1.76643
2010-11-08T23:00:00+01:00,1.76643,1.776615,1.76106,1.768855
2010-11-09T11:00:00+01:00,1.768855,1.77376,1.758845,1.77103
2010-11-09T23:00:00+01:00,1.77103,1.77788,1.760225,1.762865
2010-11-10T11:00:00+01:00,1.762865,1.771555,1.755465,1.76043
2010-11-10T23:00:00+01:00,1.76043,1.76758,1.75041,1.75212
2010-11-11T11:00:00+01:00,1.75212,1.75529,1.74792,1.75155
2010-11-11T23:00:00+01:00,1.75155,1.772255,1.74776,1.764
2010-11-12T11:00:00+01:00,1.764,1.77126,1.760895,1.77033
2010-11-14T23:00:00+01:00,1.76409,1.78051,1.76333,1.76832
2010-11-15T11:00:00+01:00,1.76832,1.76882,1.74911,1.75812
2010-11-15T23:00:00+01:00,1.75812,1.76467,1.755675,1.76077
2010-11-16T11:00:00+01:00,1.76077,1.767615,1.75466,1.75684
2010-11-16T23:00:00+01:00,1.75684,1.76662,1.75459,1.75938
2010-11-17T11:00:00+01:00,1.75938,1.76017,1.75274,1.75618
2010-11-17T23:00:00+01:00,1.75618,1.75971,1.75279,1.75548
2010-11-18T11:00:00+01:00,1.75548,1.75861,1.74907,1.75283
2010-11-18T23:00:00+01:00,1.75283,1.762405,1.75151,1.761755
2010-11-19T11:00:00+01:00,1.761755,1.764715,1.75476,1.75621
2010-11-21T23:00:00+01:00,1.75954,1.781835,1.75542,1.771975
2010-11-22T11:00:00+01:00,1.771975,1.773375,1.758265,1.76531
2010-11-22T23:00:00+01:00,1.76531,1.773795,1.75777,1.770925
2010-11-23T11:00:00+01:00,1.770925,1.770935,1.750965,1.76185
2010-11-23T23:00:00+01:00,1.76185,1.76336,1.74814,1.75211
2010-11-24T11:00:00+01:00,1.75211,1.7604,1.74836,1.75506
2010-11-24T23:00:00+01:00,1.75506,1.76081,1.74785,1.74863
2010-11-25T11:00:00+01:00,1.74863,1.759,1.7481,1.75793
2010-11-25T23:00:00+01:00,1.75793,1.763245,1.75073,1.763055
2010-11-26T11:00:00+01:00,1.763055,1.76911,1.758625,1.76584
2010-11-28T23:00:00+01:00,1.76558,1.77095,1.76113,1.765895
2010-11-29T11:00:00+01:00,1.765895,1.766785,1.755185,1.75973
2010-11-29T23:00:00+01:00,1.75973,1.76401,1.751385,1.751465
2010-11-30T11:00:00+01:00,1.751465,1.756415,1.743205,1.74856
2010-11-30T23:00:00+01:00,1.74856,1.75434,1.744055,1.751735
2010-12-01T11:00:00+01:00,1.751735,1.759025,1.748395,1.7544
2010-12-01T23:00:00+01:00,1.7544,1.75582,1.741625,1.751795
2010-12-02T11:00:00+01:00,1.751795,1.758195,1.74817,1.749
2010-12-02T23:00:00+01:00,1.749,1.752415,1.74402,1.752275
2010-12-03T11:00:00+01:00,1.752275,1.759965,1.747995,1.7512
2010-12-05T23:00:00+01:00,1.75185,1.7551,1.745065,1.748905
2010-12-06T11:00:00+01:00,1.748905,1.750655,1.743655,1.74719
2010-12-06T23:00:00+01:00,1.74719,1.75447,1.74436,1.747625
2010-12-07T11:00:00+01:00,1.747625,1.75318,1.744425,1.75167
2010-12-07T23:00:00+01:00,1.75167,1.763115,1.75006,1.761215
2010-12-08T11:00:00+01:00,1.761215,1.78194,1.760145,1.77395
2010-12-08T23:00:00+01:00,1.77395,1.78,1.76534,1.769165
2010-12-09T11:00:00+01:00,1.769165,1.773045,1.765385,1.76848
2010-12-09T23:00:00+01:00,1.76848,1.76905,1.75978,1.76456
2010-12-10T11:00:00+01:00,1.76456,1.7711,1.75924,1.77065
2010-12-12T23:00:00+01:00,1.76798,1.76922,1.758865,1.761725
2010-12-13T11:00:00+01:00,1.761725,1.78464,1.759245,1.78285
2010-12-13T23:00:00+01:00,1.78285,1.788375,1.77958,1.78311
2010-12-14T11:00:00+01:00,1.78311,1.784485,1.775145,1.77979
2010-12-14T23:00:00+01:00,1.77979,1.78436,1.776805,1.779585
2010-12-15T11:00:00+01:00,1.779585,1.794225,1.776655,1.7864
2010-12-15T23:00:00+01:00,1.7864,1.800685,1.78446,1.797055
2010-12-16T11:00:00+01:00,1.797055,1.797435,1.7874,1.78889
2010-12-16T23:00:00+01:00,1.78889,1.80365,1.78591,1.80217
2010-12-17T11:00:00+01:00,1.80217,1.80525,1.7832,1.79081
2010-12-19T23:00:00+01:00,1.79138,1.79179,1.776645,1.778675
2010-12-20T11:00:00+01:00,1.778675,1.778955,1.764515,1.76964
2010-12-20T23:00:00+01:00,1.76964,1.77318,1.76037,1.765395
2010-12-21T11:00:00+01:00,1.765395,1.770315,1.7603,1.76045
2010-12-21T23:00:00+01:00,1.76045,1.77283,1.75813,1.767825
2010-12-22T11:00:00+01:00,1.767825,1.77294,1.75901,1.76972
2010-12-22T23:00:00+01:00,1.76972,1.77094,1.755535,1.759675
2010-12-23T11:00:00+01:00,1.759675,1.760555,1.74689,1.75507
2010-12-23T23:00:00+01:00,1.75507,1.75786,1.74903,1.755425
2010-12-24T11:00:00+01:00,1.755425,1.757455,1.74908,1.75164
2010-12-26T23:00:00+01:00,1.75534,1.76025,1.7511,1.7591
2010-12-27T11:00:00+01:00,1.7591,1.76125,1.75208,1.75448
2010-12-27T23:00:00+01:00,1.75448,1.76512,1.75407,1.75642
2010-12-28T11:00:00+01:00,1.75642,1.75775,1.72425,1.73587
2010-12-28T23:00:00+01:00,1.73587,1.73833,1.72333,1.72458
2010-12-29T11:00:00+01:00,1.72458,1.73085,1.71647,1.72099
2010-12-29T23:00:00+01:00,1.72099,1.726285,1.71929,1.72075
2010-12-30T11:00:00+01:00,1.72075,1.73018,1.71714,1.72478
2010-12-30T23:00:00+01:00,1.72478,1.72881,1.71936,1.72476
2010-12-31T11:00:00+01:00,1.72476,1.72748,1.71168,1.71506
2011-01-02T23:00:00+01:00,1.71957,1.72121,1.70825,1.70868
2011-01-03T11:00:00+01:00,1.70868,1.72814,1.70863,1.72775
2011-01-03T23:00:00+01:00,1.72775,1.7462,1.72423,1.74497
2011-01-04T11:00:00+01:00,1.74497,1.7541,1.73121,1.73597
2011-01-04T23:00:00+01:00,1.73597,1.74045,1.731035,1.732305
2011-01-05T11:00:00+01:00,1.732305,1.73906,1.725285,1.73694
2011-01-05T23:00:00+01:00,1.73694,1.73845,1.72853,1.73176
2011-01-06T11:00:00+01:00,1.73176,1.73348,1.71494,1.71849
2011-01-06T23:00:00+01:00,1.71849,1.72037,1.71203,1.71484
2011-01-07T11:00:00+01:00,1.71484,1.71909,1.69476,1.69878
2011-01-09T23:00:00+01:00,1.69829,1.70423,1.6936,1.70379
2011-01-10T11:00:00+01:00,1.70379,1.70512,1.69379,1.69619
2011-01-10T23:00:00+01:00,1.69619,1.70877,1.69516,1.70765
2011-01-11T11:00:00+01:00,1.70765,1.7101,1.70142,1.70587
2011-01-11T23:00:00+01:00,1.70587,1.7136,1.70485,1.71221
2011-01-12T11:00:00+01:00,1.71221,1.726205,1.70995,1.71895
2011-01-12T23:00:00+01:00,1.71895,1.72275,1.71357,1.71563
2011-01-13T11:00:00+01:00,1.71563,1.73903,1.70946,1.73265
2011-01-13T23:00:00+01:00,1.73265,1.75061,1.72743,1.74545
2011-01-14T11:00:00+01:00,1.74545,1.74925,1.73329,1.7474
2011-01-16T23:00:00+01:00,1.74223,1.74249,1.72105,1.72261
2011-01-17T11:00:00+01:00,1.72261,1.72357,1.71568,1.72123
2011-01-17T23:00:00+01:00,1.72123,1.735065,1.71888,1.73285
2011-01-18T11:00:00+01:00,1.73285,1.741775,1.731325,1.73436
2011-01-18T23:00:00+01:00,1.73436,1.74009,1.73238,1.73606
2011-01-19T11:00:00+01:00,1.73606,1.75343,1.73414,1.75233
2011-01-19T23:00:00+01:00,1.75233,1.76582,1.75211,1.76414
2011-01-20T11:00:00+01:00,1.76414,1.78124,1.76383,1.77983
2011-01-20T23:00:00+01:00,1.77983,1.793225,1.77745,1.790745
2011-01-21T11:00:00+01:00,1.790745,1.79772,1.782345,1.79435
2011-01-23T23:00:00+01:00,1.7996,1.79978,1.787105,1.788155
2011-01-24T11:00:00+01:00,1.788155,1.795595,1.784075,1.78681
2011-01-24T23:00:00+01:00,1.78681,1.78826,1.7781,1.77839
2011-01-25T11:00:00+01:00,1.77839,1.78972,1.77776,1.7797
2011-01-25T23:00:00+01:00,1.7797,1.78669,1.77641,1.78577
2011-01-26T11:00:00+01:00,1.78577,1.79008,1.77334,1.77443
2011-01-26T23:00:00+01:00,1.77443,1.778635,1.770215,1.77579
2011-01-27T11:00:00+01:00,1.77579,1.783415,1.772335,1.77856
2011-01-27T23:00:00+01:00,1.77856,1.78173,1.77055,1.774635
2011-01-28T11:00:00+01:00,1.774635,1.777605,1.75771,1.75916
2011-01-30T23:00:00+01:00,1.76491,1.77463,1.75779,1.77352
2011-01-31T11:00:00+01:00,1.77352,1.78008,1.77003,1.77162
2011-01-31T23:00:00+01:00,1.77162,1.77756,1.76661,1.7702
2011-02-01T11:00:00+01:00,1.7702,1.77632,1.76684,1.76977
2011-02-01T23:00:00+01:00,1.76977,1.7769,1.76701,1.7686
2011-02-02T11:00:00+01:00,1.7686,1.78947,1.76413,1.78576
2011-02-02T23:00:00+01:00,1.78576,1.79124,1.78253,1.78308
2011-02-03T11:00:00+01:00,1.78308,1.78648,1.76045,1.76295
2011-02-03T23:00:00+01:00,1.76295,1.76567,1.75905,1.76461
2011-02-04T11:00:00+01:00,1.76461,1.77488,1.75391,1.76383
2011-02-06T23:00:00+01:00,1.76237,1.77194,1.76156,1.76685
2011-02-07T11:00:00+01:00,1.76685,1.76722,1.75541,1.76422
2011-02-07T23:00:00+01:00,1.76422,1.76575,1.75065,1.7545
2011-02-08T11:00:00+01:00,1.7545,1.7645,1.75363,1.75796
2011-02-08T23:00:00+01:00,1.75796,1.770535,1.75618,1.769615
2011-02-09T11:00:00+01:00,1.769615,1.780905,1.762835,1.77786
2011-02-09T23:00:00+01:00,1.77786,1.7816,1.77544,1.77817
2011-02-10T11:00:00+01:00,1.77817,1.78385,1.77214,1.77945
2011-02-10T23:00:00+01:00,1.77945,1.791215,1.77906,1.785175
2011-02-11T11:00:00+01:00,1.785175,1.789255,1.779205,1.78247
2011-02-13T23:00:00+01:00,1.78653,1.79083,1.77725,1.78061
2011-02-14T11:00:00+01:00,1.78061,1.78658,1.77837,1.78248
2011-02-14T23:00:00+01:00,1.78248,1.79434,1.7807,1.79268
2011-02-15T11:00:00+01:00,1.79268,1.79806,1.79073,1.79375
2011-02-15T23:00:00+01:00,1.79375,1.803625,1.79227,1.795265
2011-02-16T11:00:00+01:00,1.795265,1.805075,1.791235,1.79786
2011-02-16T23:00:00+01:00,1.79786,1.80188,1.792795,1.797885
2011-02-17T11:00:00+01:00,1.797885,1.800165,1.787525,1.79312
2011-02-17T23:00:00+01:00,1.79312,1.7966,1.77904,1.78416
2011-02-18T11:00:00+01:00,1.78416,1.79915,1.77905,1.79781
2011-02-20T23:00:00+01:00,1.7956,1.79795,1.78728,1.79134
2011-02-21T11:00:00+01:00,1.79134,1.79757,1.78805,1.79083
2011-02-21T23:00:00+01:00,1.79083,1.815585,1.78904,1.815375
2011-02-22T11:00:00+01:00,1.815375,1.83219,1.814155,1.82875
2011-02-22T23:00:00+01:00,1.82875,1.840065,1.823425,1.836695
2011-02-23T11:00:00+01:00,1.836695,1.850105,1.834425,1.84357
2011-02-23T23:00:00+01:00,1.84357,1.84941,1.83936,1.84538
2011-02-24T11:00:00+01:00,1.84538,1.84846,1.83742,1.84644
2011-02-24T23:00:00+01:00,1.84644,1.847985,1.83661,1.847985
2011-02-25T11:00:00+01:00,1.847985,1.848325,1.826455,1.82971
2011-02-27T23:00:00+01:00,1.83318,1.84021,1.82229,1.84021
2011-02-28T11:00:00+01:00,1.84021,1.84234,1.83182,1.83494
2011-02-28T23:00:00+01:00,1.83494,1.843365,1.8325,1.843295
2011-03-01T11:00:00+01:00,1.843295,1.84472,1.836235,1.84377
2011-03-01T23:00:00+01:00,1.84377,1.86347,1.84131,1.85985
2011-03-02T11:00:00+01:00,1.85985,1.86959,1.85891,1.86559
2011-03-02T23:00:00+01:00,1.86559,1.86815,1.855225,1.85816
2011-03-03T11:00:00+01:00,1.85816,1.88693,1.855145,1.88523
2011-03-03T23:00:00+01:00,1.88523,1.896365,1.88497,1.895605
2011-03-04T11:00:00+01:00,1.895605,1.901255,1.890995,1.89547
2011-03-06T23:00:00+01:00,1.89812,1.900975,1.89106,1.899375
2011-03-07T11:00:00+01:00,1.899375,1.902465,1.89469,1.89557
2011-03-07T23:00:00+01:00,1.89557,1.89658,1.87932,1.88201
2011-03-08T11:00:00+01:00,1.88201,1.88353,1.87602,1.88023
2011-03-08T23:00:00+01:00,1.88023,1.8817,1.8726,1.87476
2011-03-09T11:00:00+01:00,1.87476,1.89605,1.87351,1.88794
2011-03-09T23:00:00+01:00,1.88794,1.89227,1.87804,1.88061
2011-03-10T11:00:00+01:00,1.88061,1.88578,1.87517,1.87602
2011-03-10T23:00:00+01:00,1.87602,1.88373,1.87591,1.87787
2011-03-11T11:00:00+01:00,1.87787,1.87795,1.86065,1.87194
2011-03-13T22:00:00+01:00,1.88182,1.89399,1.87843,1.88519
2011-03-14T10:00:00+01:00,1.88519,1.89651,1.88481,1.89237
2011-03-14T22:00:00+01:00,1.89237,1.90774,1.88924,1.901315
2011-03-15T10:00:00+01:00,1.901315,1.917505,1.898585,1.91294
2011-03-15T22:00:00+01:00,1.91294,1.91629,1.89941,1.90312
2011-03-16T10:00:00+01:00,1.90312,1.91304,1.8975,1.90883
2011-03-16T22:00:00+01:00,1.90883,1.95785,1.90852,1.93102
2011-03-17T10:00:00+01:00,1.93102,1.95706,1.93032,1.95317
2011-03-17T22:00:00+01:00,1.95317,1.95397,1.925595,1.937705
2011-03-18T10:00:00+01:00,1.937705,1.946795,1.931045,1.93988
2011-03-20T22:00:00+01:00,1.9415,1.94522,1.928835,1.929395
2011-03-21T10:00:00+01:00,1.929395,1.940065,1.923825,1.93352
2011-03-21T22:00:00+01:00,1.93352,1.93685,1.91616,1.91642
2011-03-22T10:00:00+01:00,1.91642,1.92125,1.91136,1.9181
2011-03-22T22:00:00+01:00,1.9181,1.92041,1.90966,1.91726
2011-03-23T10:00:00+01:00,1.91726,1.91892,1.899845,1.9022
2011-03-23T22:00:00+01:00,1.9022,1.90373,1.88132,1.89016
2011-03-24T10:00:00+01:00,1.89016,1.89541,1.88529,1.89264
2011-03-24T22:00:00+01:00,1.89264,1.89363,1.88227,1.88487
2011-03-25T10:00:00+01:00,1.88487,1.88642,1.86329,1.86985
2011-03-27T23:00:00+02:00,1.86471,1.87658,1.86455,1.87542
2011-03-28T11:00:00+02:00,1.87542,1.8784,1.866745,1.87502
2011-03-28T23:00:00+02:00,1.87502,1.88065,1.87383,1.87777
2011-03-29T11:00:00+02:00,1.87777,1.87874,1.85899,1.86634
2011-03-29T23:00:00+02:00,1.86634,1.8668,1.85213,1.85697
2011-03-30T11:00:00+02:00,1.85697,1.85921,1.84274,1.85331
2011-03-30T23:00:00+02:00,1.85331,1.8668,1.85153,1.86617
2011-03-31T11:00:00+02:00,1.86617,1.86815,1.85601,1.8593
2011-03-31T23:00:00+02:00,1.8593,1.86791,1.85629,1.85955
2011-04-01T11:00:00+02:00,1.85955,1.86046,1.84447,1.8543
2011-04-03T23:00:00+02:00,1.85294,1.85432,1.84646,1.84832
2011-04-04T11:00:00+02:00,1.84832,1.85733,1.84716,1.85122
2011-04-04T23:00:00+02:00,1.85122,1.854,1.84182,1.84279
2011-04-05T11:00:00+02:00,1.84279,1.85306,1.83844,1.85081
2011-04-05T23:00:00+02:00,1.85081,1.85398,1.84256,1.84505
2011-04-06T11:00:00+02:00,1.84505,1.84977,1.83579,1.83849
2011-04-06T23:00:00+02:00,1.83849,1.84508,1.83447,1.83924
2011-04-07T11:00:00+02:00,1.83924,1.84545,1.83032,1.83694
2011-04-07T23:00:00+02:00,1.83694,1.84784,1.83617,1.84784
2011-04-08T11:00:00+02:00,1.84784,1.85264,1.84335,1.85027
2011-04-10T23:00:00+02:00,1.84786,1.853205,1.842875,1.848545
2011-04-11T11:00:00+02:00,1.848545,1.85315,1.841855,1.8513
2011-04-11T23:00:00+02:00,1.8513,1.85665,1.83951,1.84584
2011-04-12T11:00:00+02:00,1.84584,1.8498,1.83884,1.84808
2011-04-12T23:00:00+02:00,1.84808,1.85032,1.833725,1.8343
2011-04-13T11:00:00+02:00,1.8343,1.838535,1.828185,1.8295
2011-04-13T23:00:00+02:00,1.8295,1.83469,1.82258,1.825245
2011-04-14T11:00:00+02:00,1.825245,1.829095,1.820415,1.82535
2011-04-14T23:00:00+02:00,1.82535,1.82857,1.81505,1.81698
2011-04-15T11:00:00+02:00,1.81698,1.81864,1.80312,1.8048
2011-04-17T23:00:00+02:00,1.80236,1.81553,1.8016,1.810375
2011-04-18T11:00:00+02:00,1.810375,1.820785,1.79844,1.79937
2011-04-18T23:00:00+02:00,1.79937,1.818925,1.79937,1.814115
2011-04-19T11:00:00+02:00,1.814115,1.822515,1.808885,1.81696
2011-04-19T23:00:00+02:00,1.81696,1.81865,1.81015,1.813055
2011-04-20T11:00:00+02:00,1.813055,1.828775,1.812995,1.81967
2011-04-20T23:00:00+02:00,1.81967,1.82824,1.81721,1.82791
2011-04-21T11:00:00+02:00,1.82791,1.82886,1.81181,1.81797
2011-04-21T23:00:00+02:00,1.81797,1.81951,1.81291,1.81834
2011-04-22T11:00:00+02:00,1.81834,1.81909,1.81307,1.81639
2011-04-24T23:00:00+02:00,1.81673,1.82196,1.81263,1.81983
2011-04-25T11:00:00+02:00,1.81983,1.82435,1.81816,1.82401
2011-04-25T23:00:00+02:00,1.82401,1.82472,1.81458,1.81848
2011-04-26T11:00:00+02:00,1.81848,1.82148,1.81356,1.81727
2011-04-26T23:00:00+02:00,1.81727,1.82296,1.81186,1.81924
2011-04-27T11:00:00+02:00,1.81924,1.83251,1.81698,1.83003
2011-04-27T23:00:00+02:00,1.83003,1.84811,1.82997,1.84584
2011-04-28T11:00:00+02:00,1.84584,1.85473,1.84496,1.8471
2011-04-28T23:00:00+02:00,1.8471,1.85358,1.84269,1.8486
2011-04-29T11:00:00+02:00,1.8486,1.8498,1.82769,1.82814
2011-05-01T23:00:00+02:00,1.83067,1.84135,1.82905,1.83686
2011-05-02T11:00:00+02:00,1.83686,1.84109,1.83427,1.83903
2011-05-02T23:00:00+02:00,1.83903,1.846515,1.83691,1.845835
2011-05-03T11:00:00+02:00,1.845835,1.85922,1.842235,1.85639
2011-05-03T23:00:00+02:00,1.85639,1.87416,1.8548,1.87128
2011-05-04T11:00:00+02:00,1.87128,1.88881,1.87062,1.87729
2011-05-04T23:00:00+02:00,1.87729,1.88335,1.86736,1.88272
2011-05-05T11:00:00+02:00,1.88272,1.88868,1.85087,1.8537
2011-05-05T23:00:00+02:00,1.8537,1.85594,1.84033,1.8445
2011-05-06T11:00:00+02:00,1.8445,1.85076,1.80889,1.81062
2011-05-08T23:00:00+02:00,1.81618,1.82056,1.81284,1.817
2011-05-09T11:00:00+02:00,1.817,1.81906,1.8024,1.80575
2011-05-09T23:00:00+02:00,1.80575,1.81571,1.80399,1.807215
2011-05-10T11:00:00+02:00,1.807215,1.816355,1.806085,1.81216
2011-05-10T23:00:00+02:00,1.81216,1.81502,1.808685,1.810265
2011-05-11T11:00:00+02:00,1.810265,1.811115,1.797645,1.79858
2011-05-11T23:00:00+02:00,1.79858,1.805085,1.794935,1.800825
2011-05-12T11:00:00+02:00,1.800825,1.804595,1.784115,1.7906
2011-05-12T23:00:00+02:00,1.7906,1.80463,1.78867,1.80357
2011-05-13T11:00:00+02:00,1.80357,1.80702,1.78964,1.7931
2011-05-15T23:00:00+02:00,1.79486,1.80326,1.78826,1.80273
2011-05-16T11:00:00+02:00,1.80273,1.82103,1.80235,1.81542
2011-05-16T23:00:00+02:00,1.81542,1.81942,1.81119,1.81804
2011-05-17T11:00:00+02:00,1.81804,1.8209,1.81288,1.81396
2011-05-17T23:00:00+02:00,1.81396,1.81748,1.80515,1.80937
2011-05-18T11:00:00+02:00,1.80937,1.81071,1.80218,1.80568
2011-05-18T23:00:00+02:00,1.80568,1.80962,1.7966,1.79978
2011-05-19T11:00:00+02:00,1.79978,1.81371,1.79921,1.80926
2011-05-19T23:00:00+02:00,1.80926,1.81057,1.799075,1.799075
2011-05-20T11:00:00+02:00,1.799075,1.800065,1.77482,1.77863
2011-05-22T23:00:00+02:00,1.77972,1.78477,1.772715,1.772775
2011-05-23T11:00:00+02:00,1.772775,1.782275,1.772075,1.77748
2011-05-23T23:00:00+02:00,1.77748,1.77876,1.763195,1.763195
2011-05-24T11:00:00+02:00,1.763195,1.774125,1.757285,1.77079
2011-05-24T23:00:00+02:00,1.77079,1.774695,1.76552,1.769295
2011-05-25T11:00:00+02:00,1.769295,1.771975,1.760245,1.76373
2011-05-25T23:00:00+02:00,1.76373,1.76799,1.74735,1.75273
2011-05-26T11:00:00+02:00,1.75273,1.75569,1.74005,1.74317
2011-05-26T23:00:00+02:00,1.74317,1.75151,1.73607,1.744575
2011-05-27T11:00:00+02:00,1.744575,1.75664,1.74003,1.74765
2011-05-29T23:00:00+02:00,1.74961,1.75035,1.73887,1.74831
2011-05-30T11:00:00+02:00,1.74831,1.75141,1.7449,1.74948
2011-05-30T23:00:00+02:00,1.74948,1.75264,1.74051,1.74736
2011-05-31T11:00:00+02:00,1.74736,1.75191,1.74257,1.7474
2011-05-31T23:00:00+02:00,1.7474,1.75822,1.745845,1.7496
2011-06-01T11:00:00+02:00,1.7496,1.76112,1.74684,1.75885
2011-06-01T23:00:00+02:00,1.75885,1.7715,1.75547,1.76895
2011-06-02T11:00:00+02:00,1.76895,1.77702,1.76889,1.77658
2011-06-02T23:00:00+02:00,1.77658,1.78301,1.77065,1.7824
2011-06-03T11:00:00+02:00,1.7824,1.79742,1.78211,1.79412
2011-06-05T23:00:00+02:00,1.79211,1.79744,1.78969,1.79372
2011-06-06T11:00:00+02:00,1.79372,1.79439,1.7861,1.78959
2011-06-06T23:00:00+02:00,1.78959,1.79186,1.78268,1.7854
2011-06-07T11:00:00+02:00,1.7854,1.79163,1.78323,1.79048
2011-06-07T23:00:00+02:00,1.79048,1.800025,1.78709,1.795785
2011-06-08T11:00:00+02:00,1.795785,1.797235,1.784775,1.78927
2011-06-08T23:00:00+02:00,1.78927,1.78987,1.77094,1.77849
2011-06-09T11:00:00+02:00,1.77849,1.77849,1.75063,1.75919
2011-06-09T23:00:00+02:00,1.75919,1.76126,1.75144,1.75178
2011-06-10T11:00:00+02:00,1.75178,1.75447,1.74062,1.74642
2011-06-12T23:00:00+02:00,1.74673,1.76657,1.74507,1.76528
2011-06-13T11:00:00+02:00,1.76528,1.77153,1.76212,1.76751
2011-06-13T23:00:00+02:00,1.76751,1.76927,1.75953,1.76238
2011-06-14T11:00:00+02:00,1.76238,1.77285,1.7603,1.76505
2011-06-14T23:00:00+02:00,1.76505,1.77025,1.76023,1.76063
2011-06-15T11:00:00+02:00,1.76063,1.7633,1.75445,1.75781
2011-06-15T23:00:00+02:00,1.75781,1.768195,1.75654,1.766035
2011-06-16T11:00:00+02:00,1.766035,1.7716,1.760135,1.76486
2011-06-16T23:00:00+02:00,1.76486,1.76643,1.7584,1.765325
2011-06-17T11:00:00+02:00,1.765325,1.769615,1.75861,1.76041
2011-06-19T23:00:00+02:00,1.76295,1.767415,1.75846,1.765905
2011-06-20T11:00:00+02:00,1.765905,1.770695,1.763445,1.7659
2011-06-20T23:00:00+02:00,1.7659,1.77381,1.761915,1.765545
2011-06-21T11:00:00+02:00,1.765545,1.776405,1.762535,1.77343
2011-06-21T23:00:00+02:00,1.77343,1.77677,1.764875,1.765165
2011-06-22T11:00:00+02:00,1.765165,1.766865,1.759885,1.76202
2011-06-22T23:00:00+02:00,1.76202,1.76258,1.74894,1.7538
2011-06-23T11:00:00+02:00,1.7538,1.75429,1.74556,1.75149
2011-06-23T23:00:00+02:00,1.75149,1.75519,1.74944,1.75053
2011-06-24T11:00:00+02:00,1.75053,1.75146,1.74243,1.74724
2011-06-26T23:00:00+02:00,1.75641,1.76643,1.75499,1.765185
2011-06-27T11:00:00+02:00,1.765185,1.775395,1.764945,1.77318
2011-06-27T23:00:00+02:00,1.77318,1.78032,1.7714,1.77346
2011-06-28T11:00:00+02:00,1.77346,1.7837,1.76787,1.76948
2011-06-28T23:00:00+02:00,1.76948,1.77301,1.754,1.75658
2011-06-29T11:00:00+02:00,1.75658,1.75724,1.74674,1.74891
2011-06-29T23:00:00+02:00,1.74891,1.753615,1.74373,1.74754
2011-06-30T11:00:00+02:00,1.74754,1.75769,1.74453,1.74904
2011-06-30T23:00:00+02:00,1.74904,1.75844,1.74796,1.7559
2011-07-01T11:00:00+02:00,1.7559,1.75922,1.7505,1.75576
2011-07-03T23:00:00+02:00,1.75538,1.75903,1.74952,1.75055
2011-07-04T11:00:00+02:00,1.75055,1.75431,1.74766,1.75243
2011-07-04T23:00:00+02:00,1.75243,1.75264,1.74207,1.74711
2011-07-05T11:00:00+02:00,1.74711,1.75064,1.74297,1.74862
2011-07-05T23:00:00+02:00,1.74862,1.74893,1.737435,1.737435
2011-07-06T11:00:00+02:00,1.737435,1.739115,1.728165,1.73145
2011-07-06T23:00:00+02:00,1.73145,1.73554,1.72697,1.72841
2011-07-07T11:00:00+02:00,1.72841,1.731225,1.719535,1.72337
2011-07-07T23:00:00+02:00,1.72337,1.72748,1.71706,1.71741
2011-07-08T11:00:00+02:00,1.71741,1.72226,1.70086,1.70258
2011-07-10T23:00:00+02:00,1.70141,1.70444,1.69343,1.69369
2011-07-11T11:00:00+02:00,1.69369,1.69638,1.68584,1.69206
2011-07-11T23:00:00+02:00,1.69206,1.71,1.69159,1.706115
2011-07-12T11:00:00+02:00,1.706115,1.714525,1.701895,1.70843
2011-07-12T23:00:00+02:00,1.70843,1.71297,1.70035,1.70503
2011-07-13T11:00:00+02:00,1.70503,1.7066,1.68727,1.69184
2011-07-13T23:00:00+02:00,1.69184,1.69738,1.67394,1.681865
2011-07-14T11:00:00+02:00,1.681865,1.687105,1.676055,1.67934
2011-07-14T23:00:00+02:00,1.67934,1.68453,1.6774,1.68248
2011-07-15T11:00:00+02:00,1.68248,1.68772,1.67008,1.67659
2011-07-17T23:00:00+02:00,1.66861,1.6736,1.66045,1.66097
2011-07-18T11:00:00+02:00,1.66097,1.6734,1.66022,1.67013
2011-07-18T23:00:00+02:00,1.67013,1.67312,1.66518,1.66789
2011-07-19T11:00:00+02:00,1.66789,1.67037,1.65059,1.65396
2011-07-19T23:00:00+02:00,1.65396,1.66124,1.65206,1.65772
2011-07-20T11:00:00+02:00,1.65772,1.66425,1.6565,1.66007
2011-07-20T23:00:00+02:00,1.66007,1.66815,1.65935,1.6612
2011-07-21T11:00:00+02:00,1.6612,1.67269,1.65235,1.67119
2011-07-21T23:00:00+02:00,1.67119,1.67659,1.666915,1.667035
2011-07-22T11:00:00+02:00,1.667035,1.667695,1.657855,1.66067
2011-07-24T23:00:00+02:00,1.66483,1.66644,1.65887,1.66105
2011-07-25T11:00:00+02:00,1.66105,1.66644,1.65543,1.6637
2011-07-25T23:00:00+02:00,1.6637,1.66835,1.66069,1.66205
2011-07-26T11:00:00+02:00,1.66205,1.66869,1.65607,1.66675
2011-07-26T23:00:00+02:00,1.66675,1.66799,1.65225,1.65425
2011-07-27T11:00:00+02:00,1.65425,1.65622,1.64903,1.6519
2011-07-27T23:00:00+02:00,1.6519,1.65566,1.642,1.64598
2011-07-28T11:00:00+02:00,1.64598,1.64787,1.63434,1.64523
2011-07-28T23:00:00+02:00,1.64523,1.6558,1.6446,1.64816
2011-07-29T11:00:00+02:00,1.64816,1.65882,1.63433,1.63693
2011-07-31T23:00:00+02:00,1.63278,1.63725,1.62655,1.6358
2011-08-01T11:00:00+02:00,1.6358,1.64161,1.62098,1.62569
2011-08-01T23:00:00+02:00,1.62569,1.63171,1.62076,1.62591
2011-08-02T11:00:00+02:00,1.62591,1.63966,1.62209,1.63919
2011-08-02T23:00:00+02:00,1.63919,1.655575,1.63813,1.649315
2011-08-03T11:00:00+02:00,1.649315,1.6628,1.649315,1.65852
2011-08-03T23:00:00+02:00,1.65852,1.682465,1.65586,1.673875
2011-08-04T11:00:00+02:00,1.673875,1.68976,1.657245,1.68519
2011-08-04T23:00:00+02:00,1.68519,1.69993,1.680215,1.690285
2011-08-05T11:00:00+02:00,1.690285,1.70356,1.684255,1.69307
2011-08-07T23:00:00+02:00,1.71181,1.73448,1.70453,1.727085
2011-08-08T11:00:00+02:00,1.727085,1.731375,1.703555,1.72718
2011-08-08T23:00:00+02:00,1.72718,1.77743,1.72472,1.7426
2011-08-09T11:00:00+02:00,1.7426,1.7603,1.70876,1.71668
2011-08-09T23:00:00+02:00,1.71668,1.72533,1.71024,1.71916
2011-08-10T11:00:00+02:00,1.71916,1.75811,1.70813,1.74764
2011-08-10T23:00:00+02:00,1.74764,1.7492,1.72271,1.73287
2011-08-11T11:00:00+02:00,1.73287,1.74662,1.70908,1.71186
2011-08-11T23:00:00+02:00,1.71186,1.73418,1.71045,1.72429
2011-08-12T11:00:00+02:00,1.72429,1.72787,1.70772,1.71211
2011-08-14T23:00:00+02:00,1.71293,1.7141,1.7046,1.71104
2011-08-15T11:00:00+02:00,1.71104,1.74651,1.71,1.7344
2011-08-15T23:00:00+02:00,1.7344,1.74153,1.72869,1.73188
2011-08-16T11:00:00+02:00,1.73188,1.73666,1.71963,1.72309
2011-08-16T23:00:00+02:00,1.72309,1.73391,1.717745,1.723955
2011-08-17T11:00:00+02:00,1.723955,1.729245,1.717825,1.72258
2011-08-17T23:00:00+02:00,1.72258,1.73756,1.721275,1.73415
2011-08-18T11:00:00+02:00,1.73415,1.74744,1.72483,1.74487
2011-08-18T23:00:00+02:00,1.74487,1.74952,1.73634,1.73908
2011-08-19T11:00:00+02:00,1.73908,1.76161,1.73558,1.75935
2011-08-21T23:00:00+02:00,1.75787,1.76005,1.74754,1.75283
2011-08-22T11:00:00+02:00,1.75283,1.75423,1.7378,1.74207
2011-08-22T23:00:00+02:00,1.74207,1.74947,1.73033,1.7407
2011-08-23T11:00:00+02:00,1.7407,1.74206,1.72483,1.72738
2011-08-23T23:00:00+02:00,1.72738,1.743015,1.72695,1.740975
2011-08-24T11:00:00+02:00,1.740975,1.746545,1.734205,1.73999
2011-08-24T23:00:00+02:00,1.73999,1.744535,1.735175,1.74051
2011-08-25T11:00:00+02:00,1.74051,1.741305,1.728655,1.73828
2011-08-25T23:00:00+02:00,1.73828,1.73852,1.729985,1.732475
2011-08-26T11:00:00+02:00,1.732475,1.733005,1.715945,1.72662
2011-08-28T23:00:00+02:00,1.72401,1.72758,1.713265,1.717985
2011-08-29T11:00:00+02:00,1.717985,1.720285,1.714435,1.71486
2011-08-29T23:00:00+02:00,1.71486,1.71539,1.6967,1.69815
2011-08-30T11:00:00+02:00,1.69815,1.70138,1.68822,1.69284
2011-08-30T23:00:00+02:00,1.69284,1.696265,1.686265,1.68959
2011-08-31T11:00:00+02:00,1.68959,1.695215,1.68213,1.68234
2011-08-31T23:00:00+02:00,1.68234,1.69304,1.68215,1.68288
2011-09-01T11:00:00+02:00,1.68288,1.68464,1.67378,1.67589
2011-09-01T23:00:00+02:00,1.67589,1.67963,1.67224,1.6754
2011-09-02T11:00:00+02:00,1.6754,1.68234,1.66768,1.67521
2011-09-04T23:00:00+02:00,1.67691,1.68432,1.67607,1.68284
2011-09-05T11:00:00+02:00,1.68284,1.69734,1.68171,1.69411
2011-09-05T23:00:00+02:00,1.69411,1.70445,1.69036,1.70221
2011-09-06T11:00:00+02:00,1.70221,1.70465,1.69432,1.70154
2011-09-06T23:00:00+02:00,1.70154,1.704845,1.6954,1.700235
2011-09-07T11:00:00+02:00,1.700235,1.700755,1.687585,1.69455
2011-09-07T23:00:00+02:00,1.69455,1.69591,1.68567,1.686
2011-09-08T11:00:00+02:00,1.686,1.68611,1.66455,1.67065
2011-09-08T23:00:00+02:00,1.67065,1.67139,1.65916,1.6611
2011-09-09T11:00:00+02:00,1.6611,1.67023,1.65677,1.6609
2011-09-11T23:00:00+02:00,1.65449,1.67228,1.64956,1.66721
2011-09-12T11:00:00+02:00,1.66721,1.66878,1.65495,1.66158
2011-09-12T23:00:00+02:00,1.66158,1.66474,1.65378,1.65957
2011-09-13T11:00:00+02:00,1.65957,1.66525,1.65464,1.66221
2011-09-13T23:00:00+02:00,1.66221,1.672065,1.65757,1.66811
2011-09-14T11:00:00+02:00,1.66811,1.679775,1.661385,1.67093
2011-09-14T23:00:00+02:00,1.67093,1.68853,1.67039,1.68046
2011-09-15T11:00:00+02:00,1.68046,1.68788,1.67659,1.68434
2011-09-15T23:00:00+02:00,1.68434,1.68723,1.66637,1.66665
2011-09-16T11:00:00+02:00,1.66665,1.66736,1.65517,1.6644
2011-09-18T23:00:00+02:00,1.66063,1.664945,1.64692,1.659335
2011-09-19T11:00:00+02:00,1.659335,1.668775,1.654485,1.6589
2011-09-19T23:00:00+02:00,1.6589,1.6668,1.6571,1.6639
2011-09-20T11:00:00+02:00,1.6639,1.666905,1.655645,1.66231
2011-09-20T23:00:00+02:00,1.66231,1.66932,1.66136,1.6665
2011-09-21T11:00:00+02:00,1.6665,1.70037,1.66105,1.69347
2011-09-21T23:00:00+02:00,1.69347,1.71463,1.68531,1.71008
2011-09-22T11:00:00+02:00,1.71008,1.73547,1.70798,1.7252
2011-09-22T23:00:00+02:00,1.7252,1.7335,1.71632,1.7271
2011-09-23T11:00:00+02:00,1.7271,1.74566,1.72063,1.73995
2011-09-25T23:00:00+02:00,1.74095,1.75117,1.73112,1.7382
2011-09-26T11:00:00+02:00,1.7382,1.7546,1.73086,1.73459
2011-09-26T23:00:00+02:00,1.73459,1.73675,1.71454,1.71597
2011-09-27T11:00:00+02:00,1.71597,1.72934,1.71153,1.72273
2011-09-27T23:00:00+02:00,1.72273,1.73249,1.7201,1.73154
2011-09-28T11:00:00+02:00,1.73154,1.7475,1.72777,1.74337
2011-09-28T23:00:00+02:00,1.74337,1.7549,1.74253,1.74592
2011-09-29T11:00:00+02:00,1.74592,1.77261,1.74115,1.76356
2011-09-29T23:00:00+02:00,1.76356,1.77514,1.76192,1.77285
2011-09-30T11:00:00+02:00,1.77285,1.77388,1.75134,1.75828
2011-10-02T23:00:00+02:00,1.75273,1.75874,1.74838,1.754525
2011-10-03T11:00:00+02:00,1.754525,1.757215,1.739725,1.75039
2011-10-03T23:00:00+02:00,1.75039,1.75988,1.74173,1.74982
2011-10-04T11:00:00+02:00,1.74982,1.76857,1.74734,1.75624
2011-10-04T23:00:00+02:00,1.75624,1.75704,1.744545,1.748305
2011-10-05T11:00:00+02:00,1.748305,1.756345,1.740515,1.74197
2011-10-05T23:00:00+02:00,1.74197,1.747995,1.731025,1.732665
2011-10-06T11:00:00+02:00,1.732665,1.749125,1.721145,1.74143
2011-10-06T23:00:00+02:00,1.74143,1.74812,1.734005,1.73924
2011-10-07T11:00:00+02:00,1.73924,1.74555,1.72998,1.7362
2011-10-09T23:00:00+02:00,1.74333,1.74554,1.73149,1.74303
2011-10-10T11:00:00+02:00,1.74303,1.74542,1.73646,1.74019
2011-10-10T23:00:00+02:00,1.74019,1.747475,1.73742,1.745485
2011-10-11T11:00:00+02:00,1.745485,1.750495,1.740955,1.74917
2011-10-11T23:00:00+02:00,1.74917,1.75525,1.738095,1.73941
2011-10-12T11:00:00+02:00,1.73941,1.741835,1.72671,1.73283
2011-10-12T23:00:00+02:00,1.73283,1.73888,1.7293,1.73577
2011-10-13T11:00:00+02:00,1.73577,1.73759,1.73126,1.7321
2011-10-13T23:00:00+02:00,1.7321,1.73662,1.7286,1.73072
2011-10-14T11:00:00+02:00,1.73072,1.73294,1.72231,1.72365
2011-10-16T23:00:00+02:00,1.72849,1.73064,1.7228,1.724255
2011-10-17T11:00:00+02:00,1.724255,1.73773,1.719505,1.73544
2011-10-17T23:00:00+02:00,1.73544,1.74107,1.73112,1.736245
2011-10-18T11:00:00+02:00,1.736245,1.738755,1.724195,1.72828
2011-10-18T23:00:00+02:00,1.72828,1.735365,1.72566,1.730345
2011-10-19T11:00:00+02:00,1.730345,1.739345,1.728415,1.7377
2011-10-19T23:00:00+02:00,1.7377,1.73829,1.72577,1.7293
2011-10-20T11:00:00+02:00,1.7293,1.73912,1.726145,1.73757
2011-10-20T23:00:00+02:00,1.73757,1.74059,1.731685,1.734665
2011-10-21T11:00:00+02:00,1.734665,1.741485,1.725815,1.7303
2011-10-23T23:00:00+02:00,1.7269,1.73176,1.71812,1.724365
2011-10-24T11:00:00+02:00,1.724365,1.72804,1.716425,1.72522
2011-10-24T23:00:00+02:00,1.72522,1.73304,1.72342,1.73199
2011-10-25T11:00:00+02:00,1.73199,1.74932,1.73161,1.7446
2011-10-25T23:00:00+02:00,1.7446,1.75276,1.74357,1.75177
2011-10-26T11:00:00+02:00,1.75177,1.75338,1.73548,1.73599
2011-10-26T23:00:00+02:00,1.73599,1.7415,1.725075,1.728555
2011-10-27T11:00:00+02:00,1.728555,1.734455,1.721715,1.7246
2011-10-27T23:00:00+02:00,1.7246,1.73522,1.72003,1.73095
2011-10-28T11:00:00+02:00,1.73095,1.73383,1.71932,1.7233
2011-10-30T22:00:00+01:00,1.72505,1.73248,1.71914,1.72209
2011-10-31T10:00:00+01:00,1.72209,1.7279,1.71022,1.71772
2011-10-31T22:00:00+01:00,1.71772,1.71938,1.70858,1.71648
2011-11-01T10:00:00+01:00,1.71648,1.72769,1.71457,1.72325
2011-11-01T22:00:00+01:00,1.72325,1.73122,1.72044,1.72812
2011-11-02T10:00:00+01:00,1.72812,1.75074,1.72764,1.73708
2011-11-02T22:00:00+01:00,1.73708,1.75241,1.73442,1.74595
2011-11-03T10:00:00+01:00,1.74595,1.75142,1.7269,1.73753
2011-11-03T22:00:00+01:00,1.73753,1.74313,1.73495,1.74225
2011-11-04T10:00:00+01:00,1.74225,1.74913,1.73058,1.73787
2011-11-06T23:00:00+01:00,1.7346,1.73645,1.7269,1.72976
2011-11-07T11:00:00+01:00,1.72976,1.73308,1.72561,1.72819
2011-11-07T23:00:00+01:00,1.72819,1.73486,1.72604,1.73016
2011-11-08T11:00:00+01:00,1.73016,1.738,1.72902,1.73296
2011-11-08T23:00:00+01:00,1.73296,1.74187,1.73212,1.73962
2011-11-09T11:00:00+01:00,1.73962,1.74077,1.72911,1.7334
2011-11-09T23:00:00+01:00,1.7334,1.74994,1.73277,1.74612
2011-11-10T11:00:00+01:00,1.74612,1.75485,1.74297,1.75039
2011-11-10T23:00:00+01:00,1.75039,1.758135,1.74894,1.755455
2011-11-11T11:00:00+01:00,1.755455,1.756765,1.74723,1.75081
2011-11-13T23:00:00+01:00,1.74188,1.751095,1.74062,1.74642
2011-11-14T11:00:00+01:00,1.74642,1.752475,1.74295,1.747
2011-11-14T23:00:00+01:00,1.747,1.76168,1.74364,1.7564
2011-11-15T11:00:00+01:00,1.7564,1.76347,1.75293,1.75538
2011-11-15T23:00:00+01:00,1.75538,1.76168,1.75261,1.7553
2011-11-16T11:00:00+01:00,1.7553,1.76405,1.75411,1.758
2011-11-16T23:00:00+01:00,1.758,1.7635,1.75549,1.76033
2011-11-17T11:00:00+01:00,1.76033,1.77897,1.75957,1.77425
2011-11-17T23:00:00+01:00,1.77425,1.78496,1.77003,1.78025
2011-11-18T11:00:00+01:00,1.78025,1.78836,1.77758,1.78805
2011-11-20T23:00:00+01:00,1.78736,1.79409,1.7839,1.7903
2011-11-21T11:00:00+01:00,1.7903,1.8111,1.7903,1.80592
2011-11-21T23:00:00+01:00,1.80592,1.80804,1.79864,1.80765
2011-11-22T11:00:00+01:00,1.80765,1.8134,1.80448,1.80676
2011-11-22T23:00:00+01:00,1.80676,1.81335,1.80224,1.80774
2011-11-23T11:00:00+01:00,1.80774,1.81022,1.79765,1.80267
2011-11-23T23:00:00+01:00,1.80267,1.80608,1.79724,1.79762
2011-11-24T11:00:00+01:00,1.79762,1.80214,1.79522,1.79979
2011-11-24T23:00:00+01:00,1.79979,1.80246,1.79017,1.79127
2011-11-25T11:00:00+01:00,1.79127,1.79401,1.78441,1.78844
2011-11-27T23:00:00+01:00,1.77444,1.78008,1.7623,1.7694
2011-11-28T11:00:00+01:00,1.7694,1.77249,1.76255,1.76394
2011-11-28T23:00:00+01:00,1.76394,1.76939,1.75821,1.76067
2011-11-29T11:00:00+01:00,1.76067,1.76208,1.74641,1.74972
2011-11-29T23:00:00+01:00,1.74972,1.75238,1.7419,1.74971
2011-11-30T11:00:00+01:00,1.74971,1.75013,1.71966,1.72284
2011-11-30T23:00:00+01:00,1.72284,1.73891,1.72191,1.73463
2011-12-01T11:00:00+01:00,1.73463,1.73765,1.72577,1.72703
2011-12-01T23:00:00+01:00,1.72703,1.73008,1.72281,1.72691
2011-12-02T11:00:00+01:00,1.72691,1.73236,1.71885,1.72348
2011-12-04T23:00:00+01:00,1.71804,1.7266,1.71705,1.72086
2011-12-05T11:00:00+01:00,1.72086,1.72534,1.71544,1.71784
2011-12-05T23:00:00+01:00,1.71784,1.72547,1.715,1.72321
2011-12-06T11:00:00+01:00,1.72321,1.72445,1.71556,1.71841
2011-12-06T23:00:00+01:00,1.71841,1.721495,1.71578,1.719535
2011-12-07T11:00:00+01:00,1.719535,1.725975,1.716685,1.7199
2011-12-07T23:00:00+01:00,1.7199,1.7212,1.715335,1.715335
2011-12-08T11:00:00+01:00,1.715335,1.72859,1.707305,1.72588
2011-12-08T23:00:00+01:00,1.72588,1.73962,1.72455,1.73841
2011-12-09T11:00:00+01:00,1.73841,1.74269,1.72325,1.726
2011-12-11T23:00:00+01:00,1.72729,1.73269,1.72473,1.7309
2011-12-12T11:00:00+01:00,1.7309,1.73818,1.72656,1.72849
2011-12-12T23:00:00+01:00,1.72849,1.72986,1.72335,1.72566
2011-12-13T11:00:00+01:00,1.72566,1.72918,1.7127,1.72273
2011-12-13T23:00:00+01:00,1.72273,1.728055,1.72021,1.72549
2011-12-14T11:00:00+01:00,1.72549,1.731475,1.723055,1.73001
2011-12-14T23:00:00+01:00,1.73001,1.73983,1.73001,1.733295
2011-12-15T11:00:00+01:00,1.733295,1.735565,1.722605,1.72777
2011-12-15T23:00:00+01:00,1.72777,1.72789,1.71019,1.71415
2011-12-16T11:00:00+01:00,1.71415,1.71531,1.70505,1.71217
2011-12-18T23:00:00+01:00,1.70712,1.71755,1.70639,1.71036
2011-12-19T11:00:00+01:00,1.71036,1.72299,1.708,1.72042
2011-12-19T23:00:00+01:00,1.72042,1.72095,1.70997,1.71434
2011-12-20T11:00:00+01:00,1.71434,1.7162,1.69791,1.70347
2011-12-20T23:00:00+01:00,1.70347,1.70608,1.69074,1.69427
2011-12-21T11:00:00+01:00,1.69427,1.70329,1.68921,1.69352
2011-12-21T23:00:00+01:00,1.69352,1.70144,1.69234,1.69442
2011-12-22T11:00:00+01:00,1.69442,1.6955,1.6825,1.68508
2011-12-22T23:00:00+01:00,1.68508,1.69071,1.68459,1.68773
2011-12-23T11:00:00+01:00,1.68773,1.68986,1.68342,1.68413
2011-12-25T23:00:00+01:00,1.68558,1.68949,1.68363,1.68882
2011-12-26T11:00:00+01:00,1.68882,1.69096,1.68561,1.68632
2011-12-26T23:00:00+01:00,1.68632,1.69068,1.68428,1.68944
2011-12-27T11:00:00+01:00,1.68944,1.69666,1.68726,1.69198
2011-12-27T23:00:00+01:00,1.69198,1.69366,1.68454,1.68522
2011-12-28T11:00:00+01:00,1.68522,1.68615,1.67641,1.68324
2011-12-28T23:00:00+01:00,1.68324,1.68562,1.67896,1.68022
2011-12-29T11:00:00+01:00,1.68022,1.68292,1.67568,1.68048
2011-12-29T23:00:00+01:00,1.68048,1.68131,1.67236,1.67503
2011-12-30T11:00:00+01:00,1.67503,1.67567,1.66016,1.66739
2012-01-01T23:00:00+01:00,1.6639,1.66667,1.65924,1.66488
2012-01-02T11:00:00+01:00,1.66488,1.67113,1.65906,1.66166
2012-01-02T23:00:00+01:00,1.66166,1.66188,1.65189,1.65368
2012-01-03T11:00:00+01:00,1.65368,1.6576,1.65066,1.65305
2012-01-03T23:00:00+01:00,1.65305,1.655675,1.65055,1.65267
2012-01-04T11:00:00+01:00,1.65267,1.653075,1.640595,1.64309
2012-01-04T23:00:00+01:00,1.64309,1.64634,1.6418,1.64454
2012-01-05T11:00:00+01:00,1.64454,1.64583,1.63527,1.63817
2012-01-05T23:00:00+01:00,1.63817,1.642,1.63636,1.63711
2012-01-06T11:00:00+01:00,1.63711,1.63884,1.626505,1.62942
2012-01-08T23:00:00+01:00,1.62859,1.63008,1.62507,1.62678
2012-01-09T11:00:00+01:00,1.62678,1.62966,1.61928,1.62176
2012-01-09T23:00:00+01:00,1.62176,1.62283,1.60783,1.61087
2012-01-10T11:00:00+01:00,1.61087,1.61208,1.60583,1.60834
2012-01-10T23:00:00+01:00,1.60834,1.61035,1.60361,1.60662
2012-01-11T11:00:00+01:00,1.60662,1.60684,1.5931,1.59439
2012-01-11T23:00:00+01:00,1.59439,1.6,1.59306,1.59995
2012-01-12T11:00:00+01:00,1.59995,1.61857,1.598,1.61436
2012-01-12T23:00:00+01:00,1.61436,1.62415,1.61236,1.61376
2012-01-13T11:00:00+01:00,1.61376,1.61575,1.59377,1.59558
2012-01-15T23:00:00+01:00,1.59454,1.59768,1.59137,1.59571
2012-01-16T11:00:00+01:00,1.59571,1.59981,1.59123,1.59617
2012-01-16T23:00:00+01:00,1.59617,1.59701,1.5907,1.59267
2012-01-17T11:00:00+01:00,1.59267,1.59941,1.59087,1.59134
2012-01-17T23:00:00+01:00,1.59134,1.59552,1.58793,1.59313
2012-01-18T11:00:00+01:00,1.59313,1.60144,1.58769,1.59925
2012-01-18T23:00:00+01:00,1.59925,1.60902,1.59846,1.60843
2012-01-19T11:00:00+01:00,1.60843,1.61557,1.60628,1.61512
2012-01-19T23:00:00+01:00,1.61512,1.61783,1.60987,1.611
2012-01-20T11:00:00+01:00,1.611,1.61159,1.60287,1.60371
2012-01-22T23:00:00+01:00,1.59594,1.60207,1.59522,1.5991
2012-01-23T11:00:00+01:00,1.5991,1.60914,1.59745,1.60657
2012-01-23T23:00:00+01:00,1.60657,1.61652,1.60309,1.60938
2012-01-24T11:00:00+01:00,1.60938,1.61077,1.60426,1.60566
2012-01-24T23:00:00+01:00,1.60566,1.61038,1.60478,1.6079
2012-01-25T11:00:00+01:00,1.6079,1.61421,1.601,1.60466
2012-01-25T23:00:00+01:00,1.60466,1.60673,1.59509,1.60194
2012-01-26T11:00:00+01:00,1.60194,1.60414,1.59499,1.59509
2012-01-26T23:00:00+01:00,1.59509,1.59809,1.58973,1.59285
2012-01-27T11:00:00+01:00,1.59285,1.60769,1.59259,1.60283
2012-01-29T23:00:00+01:00,1.60655,1.60835,1.60318,1.60703
2012-01-30T11:00:00+01:00,1.60703,1.60731,1.59932,1.60431
2012-01-30T23:00:00+01:00,1.60431,1.60612,1.59069,1.59073
2012-01-31T11:00:00+01:00,1.59073,1.59363,1.58202,1.58238
2012-01-31T23:00:00+01:00,1.58238,1.58766,1.58166,1.58449
2012-02-01T11:00:00+01:00,1.58449,1.58683,1.57904,1.58101
2012-02-01T23:00:00+01:00,1.58101,1.58317,1.57637,1.57767
2012-02-02T11:00:00+01:00,1.57767,1.58101,1.57224,1.5775
2012-02-02T23:00:00+01:00,1.5775,1.58181,1.57743,1.58143
2012-02-03T11:00:00+01:00,1.58143,1.58622,1.5656,1.57402
2012-02-05T23:00:00+01:00,1.57228,1.57756,1.57007,1.57088
2012-02-06T11:00:00+01:00,1.57088,1.57574,1.56744,1.57487
2012-02-06T23:00:00+01:00,1.57487,1.57513,1.56928,1.57204
2012-02-07T11:00:00+01:00,1.57204,1.58778,1.57021,1.58654
2012-02-07T23:00:00+01:00,1.58654,1.58901,1.58112,1.58112
2012-02-08T11:00:00+01:00,1.58112,1.59177,1.57876,1.58807
2012-02-08T23:00:00+01:00,1.58807,1.59156,1.58569,1.58656
2012-02-09T11:00:00+01:00,1.58656,1.59413,1.58623,1.59293
2012-02-09T23:00:00+01:00,1.59293,1.60196,1.59196,1.59902
2012-02-10T11:00:00+01:00,1.59902,1.60006,1.5905,1.59653
2012-02-12T23:00:00+01:00,1.59329,1.59793,1.58534,1.58539
2012-02-13T11:00:00+01:00,1.58539,1.58769,1.57956,1.58107
2012-02-13T23:00:00+01:00,1.58107,1.58751,1.57927,1.58604
2012-02-14T11:00:00+01:00,1.58604,1.58686,1.5736,1.57533
2012-02-14T23:00:00+01:00,1.57533,1.57589,1.56559,1.56559
2012-02-15T11:00:00+01:00,1.56559,1.56881,1.55911,1.56881
2012-02-15T23:00:00+01:00,1.56881,1.57841,1.56675,1.5745
2012-02-16T11:00:00+01:00,1.5745,1.57817,1.56812,1.57615
2012-02-16T23:00:00+01:00,1.57615,1.57694,1.56702,1.57213
2012-02-17T11:00:00+01:00,1.57213,1.58147,1.56897,1.57878
2012-02-19T23:00:00+01:00,1.57169,1.57425,1.56883,1.57381
2012-02-20T11:00:00+01:00,1.57381,1.5811,1.57225,1.57703
2012-02-20T23:00:00+01:00,1.57703,1.58656,1.57531,1.58586
2012-02-21T11:00:00+01:00,1.58586,1.588845,1.581635,1.58683
2012-02-21T23:00:00+01:00,1.58683,1.59069,1.58482,1.58899
2012-02-22T11:00:00+01:00,1.58899,1.6001,1.58851,1.59761
2012-02-22T23:00:00+01:00,1.59761,1.60169,1.59535,1.59892
2012-02-23T11:00:00+01:00,1.59892,1.60324,1.592,1.59897
2012-02-23T23:00:00+01:00,1.59897,1.60014,1.59282,1.5974
2012-02-24T11:00:00+01:00,1.5974,1.6118,1.59563,1.60872
2012-02-26T23:00:00+01:00,1.60893,1.61413,1.60827,1.61068
2012-02-27T11:00:00+01:00,1.61068,1.61079,1.59241,1.59241
2012-02-27T23:00:00+01:00,1.59241,1.602135,1.59241,1.60152
2012-02-28T11:00:00+01:00,1.60152,1.610315,1.601115,1.60627
2012-02-28T23:00:00+01:00,1.60627,1.6071,1.596425,1.596975
2012-02-29T11:00:00+01:00,1.596975,1.59901,1.585225,1.59751
2012-02-29T23:00:00+01:00,1.59751,1.59999,1.59455,1.595775
2012-03-01T11:00:00+01:00,1.595775,1.596755,1.584995,1.58558
2012-03-01T23:00:00+01:00,1.58558,1.59137,1.58482,1.58967
2012-03-02T11:00:00+01:00,1.58967,1.59321,1.58309,1.59169
2012-03-04T23:00:00+01:00,1.58839,1.60305,1.58783,1.60063
2012-03-05T11:00:00+01:00,1.60063,1.61169,1.60057,1.61038
2012-03-05T23:00:00+01:00,1.61038,1.62194,1.60804,1.61788
2012-03-06T11:00:00+01:00,1.61788,1.6185,1.6104,1.61384
2012-03-06T23:00:00+01:00,1.61384,1.6159,1.60536,1.60683
2012-03-07T11:00:00+01:00,1.60683,1.61241,1.60234,1.61057
2012-03-07T23:00:00+01:00,1.61057,1.61408,1.60038,1.60267
2012-03-08T11:00:00+01:00,1.60267,1.61458,1.59734,1.61041
2012-03-08T23:00:00+01:00,1.61041,1.61192,1.60273,1.60379
2012-03-09T11:00:00+01:00,1.60379,1.60673,1.59117,1.59745
2012-03-11T22:00:00+01:00,1.60099,1.60474,1.59847,1.60441
2012-03-12T10:00:00+01:00,1.60441,1.6107,1.60336,1.60815
2012-03-12T22:00:00+01:00,1.60815,1.6086,1.59903,1.59976
2012-03-13T10:00:00+01:00,1.59976,1.60058,1.58886,1.58932
2012-03-13T22:00:00+01:00,1.58932,1.60093,1.58908,1.60024
2012-03-14T10:00:00+01:00,1.60024,1.61455,1.5997,1.61038
2012-03-14T22:00:00+01:00,1.61038,1.61449,1.60375,1.60469
2012-03-15T10:00:00+01:00,1.60469,1.60685,1.59444,1.59691
2012-03-15T22:00:00+01:00,1.59691,1.59825,1.5904,1.59543
2012-03-16T10:00:00+01:00,1.59543,1.59998,1.59278,1.5982
2012-03-18T22:00:00+01:00,1.59729,1.59752,1.59247,1.5963
2012-03-19T10:00:00+01:00,1.5963,1.60603,1.59308,1.60214
2012-03-19T22:00:00+01:00,1.60214,1.61246,1.60102,1.61143
2012-03-20T10:00:00+01:00,1.61143,1.62558,1.61135,1.61828
2012-03-20T22:00:00+01:00,1.61828,1.62163,1.61509,1.61793
2012-03-21T10:00:00+01:00,1.61793,1.628105,1.61781,1.62022
2012-03-21T22:00:00+01:00,1.62022,1.63981,1.62011,1.62943
2012-03-22T10:00:00+01:00,1.62943,1.63341,1.62663,1.63088
2012-03-22T22:00:00+01:00,1.63088,1.63119,1.62496,1.62745
2012-03-23T10:00:00+01:00,1.62745,1.63259,1.61997,1.6217
2012-03-25T23:00:00+02:00,1.62352,1.62663,1.6191,1.61927
2012-03-26T11:00:00+02:00,1.61927,1.62569,1.61694,1.62266
2012-03-26T23:00:00+02:00,1.62266,1.6253,1.61682,1.6183
2012-03-27T11:00:00+02:00,1.6183,1.62559,1.6176,1.6224
2012-03-27T23:00:00+02:00,1.6224,1.62948,1.62233,1.62824
2012-03-28T11:00:00+02:00,1.62824,1.63254,1.62458,1.63039
2012-03-28T23:00:00+02:00,1.63039,1.6335,1.62657,1.63073
2012-03-29T11:00:00+02:00,1.63073,1.63463,1.6265,1.62743
2012-03-29T23:00:00+02:00,1.62743,1.63211,1.62442,1.62518
2012-03-30T11:00:00+02:00,1.62518,1.63103,1.62229,1.63021
2012-04-01T23:00:00+02:00,1.62211,1.63089,1.62004,1.62913
2012-04-02T11:00:00+02:00,1.62913,1.62973,1.61437,1.61771
2012-04-02T23:00:00+02:00,1.61771,1.62244,1.61481,1.62222
2012-04-03T11:00:00+02:00,1.62222,1.62529,1.6147,1.61595
2012-04-03T23:00:00+02:00,1.61595,1.62149,1.61354,1.61922
2012-04-04T11:00:00+02:00,1.61922,1.61987,1.61052,1.61296
2012-04-04T23:00:00+02:00,1.61296,1.61376,1.60669,1.60801
2012-04-05T11:00:00+02:00,1.60801,1.60915,1.59788,1.60115
2012-04-05T23:00:00+02:00,1.60115,1.6026,1.59752,1.59822
2012-04-06T11:00:00+02:00,1.59822,1.60779,1.59539,1.59807
2012-04-08T23:00:00+02:00,1.60203,1.60203,1.59634,1.59876
2012-04-09T11:00:00+02:00,1.59876,1.59911,1.58821,1.59516
2012-04-09T23:00:00+02:00,1.59516,1.60163,1.59385,1.60042
2012-04-10T11:00:00+02:00,1.60042,1.61042,1.59915,1.6052
2012-04-10T23:00:00+02:00,1.6052,1.6078,1.60092,1.6071
2012-04-11T11:00:00+02:00,1.6071,1.60746,1.59835,1.60239
2012-04-11T23:00:00+02:00,1.60239,1.60351,1.59413,1.59849
2012-04-12T11:00:00+02:00,1.59849,1.60309,1.59217,1.59313
2012-04-12T23:00:00+02:00,1.59313,1.59421,1.58485,1.58785
2012-04-13T11:00:00+02:00,1.58785,1.59008,1.58203,1.58918
2012-04-15T23:00:00+02:00,1.58417,1.58941,1.58387,1.58653
2012-04-16T11:00:00+02:00,1.58653,1.60305,1.5863,1.60185
2012-04-16T23:00:00+02:00,1.60185,1.60854,1.59997,1.6074
2012-04-17T11:00:00+02:00,1.6074,1.6094,1.59467,1.59889
2012-04-17T23:00:00+02:00,1.59889,1.59977,1.59502,1.59686
2012-04-18T11:00:00+02:00,1.59686,1.61002,1.59496,1.60827
2012-04-18T23:00:00+02:00,1.60827,1.60936,1.60345,1.60457
2012-04-19T11:00:00+02:00,1.60457,1.61596,1.60172,1.61449
2012-04-19T23:00:00+02:00,1.61449,1.6197,1.61251,1.61693
2012-04-20T11:00:00+02:00,1.61693,1.62175,1.61402,1.61477
2012-04-22T23:00:00+02:00,1.61295,1.62017,1.61252,1.61923
2012-04-23T11:00:00+02:00,1.61923,1.62208,1.61578,1.6173
2012-04-23T23:00:00+02:00,1.6173,1.62237,1.61568,1.61963
2012-04-24T11:00:00+02:00,1.61963,1.62915,1.61671,1.62294
2012-04-24T23:00:00+02:00,1.62294,1.62862,1.6209,1.62538
2012-04-25T11:00:00+02:00,1.62538,1.62676,1.62104,1.62533
2012-04-25T23:00:00+02:00,1.62533,1.6275,1.61634,1.61832
2012-04-26T11:00:00+02:00,1.61832,1.62853,1.61737,1.62297
2012-04-26T23:00:00+02:00,1.62297,1.62598,1.61992,1.62175
2012-04-27T11:00:00+02:00,1.62175,1.62421,1.60921,1.61198
2012-04-29T23:00:00+02:00,1.60956,1.61388,1.60778,1.61278
2012-04-30T11:00:00+02:00,1.61278,1.62081,1.61105,1.61753
2012-04-30T23:00:00+02:00,1.61753,1.632645,1.61654,1.630665
2012-05-01T11:00:00+02:00,1.630665,1.63277,1.619885,1.62357
2012-05-01T23:00:00+02:00,1.62357,1.62688,1.61741,1.6182
2012-05-02T11:00:00+02:00,1.6182,1.62676,1.61557,1.62292
2012-05-02T23:00:00+02:00,1.62292,1.63946,1.62285,1.63741
2012-05-03T11:00:00+02:00,1.63741,1.64561,1.63318,1.64465
2012-05-03T23:00:00+02:00,1.64465,1.64658,1.64032,1.64425
2012-05-04T11:00:00+02:00,1.64425,1.65708,1.64172,1.64421
2012-05-06T23:00:00+02:00,1.64131,1.64269,1.63609,1.6393
2012-05-07T11:00:00+02:00,1.6393,1.64378,1.63645,1.64217
2012-05-07T23:00:00+02:00,1.64217,1.64813,1.63802,1.64808
2012-05-08T11:00:00+02:00,1.64808,1.65428,1.64545,1.65093
2012-05-08T23:00:00+02:00,1.65093,1.65435,1.64865,1.65261
2012-05-09T11:00:00+02:00,1.65261,1.65446,1.64758,1.6488
2012-05-09T23:00:00+02:00,1.6488,1.65134,1.64313,1.64553
2012-05-10T11:00:00+02:00,1.64553,1.64847,1.64078,1.64734
2012-05-10T23:00:00+02:00,1.64734,1.65462,1.64628,1.65162
2012-05-11T11:00:00+02:00,1.65162,1.65209,1.64202,1.65035
2012-05-13T23:00:00+02:00,1.64826,1.65694,1.64752,1.65657
2012-05-14T11:00:00+02:00,1.65657,1.65746,1.64695,1.65133
2012-05-14T23:00:00+02:00,1.65133,1.65747,1.64815,1.65598
2012-05-15T11:00:00+02:00,1.65598,1.65786,1.65143,1.65466
2012-05-15T23:00:00+02:00,1.65466,1.66413,1.6531,1.66121
2012-05-16T11:00:00+02:00,1.66121,1.66562,1.65765,1.66373
2012-05-16T23:00:00+02:00,1.66373,1.66432,1.65911,1.66141
2012-05-17T11:00:00+02:00,1.66141,1.66511,1.65708,1.6636
2012-05-17T23:00:00+02:00,1.6636,1.67679,1.65862,1.67425
2012-05-18T11:00:00+02:00,1.67425,1.6974,1.67108,1.68953
2012-05-20T23:00:00+02:00,1.68519,1.69067,1.68248,1.68384
2012-05-21T11:00:00+02:00,1.68384,1.68593,1.67406,1.67518
2012-05-21T23:00:00+02:00,1.67518,1.67666,1.66686,1.67292
2012-05-22T11:00:00+02:00,1.67292,1.68336,1.67157,1.68128
2012-05-22T23:00:00+02:00,1.68128,1.69263,1.67908,1.69094
2012-05-23T11:00:00+02:00,1.69094,1.69122,1.67304,1.67784
2012-05-23T23:00:00+02:00,1.67784,1.67852,1.6694,1.67392
2012-05-24T11:00:00+02:00,1.67392,1.67478,1.66291,1.6634
2012-05-24T23:00:00+02:00,1.6634,1.667005,1.65922,1.663025
2012-05-25T11:00:00+02:00,1.663025,1.664185,1.653575,1.66066
2012-05-27T23:00:00+02:00,1.65596,1.65891,1.65035,1.65041
2012-05-28T11:00:00+02:00,1.65041,1.65055,1.64568,1.64574
2012-05-28T23:00:00+02:00,1.64574,1.65139,1.64287,1.6473
2012-05-29T11:00:00+02:00,1.6473,1.65124,1.63772,1.63877
2012-05-29T23:00:00+02:00,1.63877,1.64239,1.63777,1.63953
2012-05-30T11:00:00+02:00,1.63953,1.64541,1.63923,1.64209
2012-05-30T23:00:00+02:00,1.64209,1.64819,1.63903,1.64057
2012-05-31T11:00:00+02:00,1.64057,1.64684,1.63802,1.6412
2012-05-31T23:00:00+02:00,1.6412,1.6479,1.63983,1.64546
2012-06-01T11:00:00+02:00,1.64546,1.65014,1.63977,1.64795
2012-06-03T23:00:00+02:00,1.64869,1.65212,1.64629,1.64724
2012-06-04T11:00:00+02:00,1.64724,1.65404,1.64227,1.65229
2012-06-04T23:00:00+02:00,1.65229,1.65494,1.6442,1.64709
2012-06-05T11:00:00+02:00,1.64709,1.65295,1.64496,1.64677
2012-06-05T23:00:00+02:00,1.64677,1.6469,1.63583,1.63854
2012-06-06T11:00:00+02:00,1.63854,1.6395,1.62977,1.63224
2012-06-06T23:00:00+02:00,1.63224,1.63561,1.62709,1.63014
2012-06-07T11:00:00+02:00,1.63014,1.63844,1.62587,1.63732
2012-06-07T23:00:00+02:00,1.63732,1.64193,1.63166,1.63237
2012-06-08T11:00:00+02:00,1.63237,1.63266,1.62046,1.62489
2012-06-10T23:00:00+02:00,1.62671,1.63083,1.62393,1.62432
2012-06-11T11:00:00+02:00,1.62432,1.62551,1.6159,1.62309
2012-06-11T23:00:00+02:00,1.62309,1.62487,1.61469,1.61546
2012-06-12T11:00:00+02:00,1.61546,1.61578,1.6069,1.60884
2012-06-12T23:00:00+02:00,1.60884,1.61078,1.60541,1.60845
2012-06-13T11:00:00+02:00,1.60845,1.62641,1.60749,1.62392
2012-06-13T23:00:00+02:00,1.62392,1.62565,1.61637,1.61722
2012-06-14T11:00:00+02:00,1.61722,1.61828,1.61122,1.61429
2012-06-14T23:00:00+02:00,1.61429,1.61529,1.60723,1.6073
2012-06-15T11:00:00+02:00,1.6073,1.60863,1.59931,1.60401
2012-06-17T23:00:00+02:00,1.60463,1.60969,1.59656,1.59817
2012-06-18T11:00:00+02:00,1.59817,1.5988,1.58466,1.58788
2012-06-18T23:00:00+02:00,1.58788,1.59293,1.58499,1.58707
2012-06-19T11:00:00+02:00,1.58707,1.59522,1.58384,1.58926
2012-06-19T23:00:00+02:00,1.58926,1.59616,1.58913,1.594715
2012-06-20T11:00:00+02:00,1.594715,1.60045,1.590585,1.5959
2012-06-20T23:00:00+02:00,1.5959,1.59633,1.58323,1.58704
2012-06-21T11:00:00+02:00,1.58704,1.59776,1.58159,1.59467
2012-06-21T23:00:00+02:00,1.59467,1.59796,1.59141,1.5949
2012-06-22T11:00:00+02:00,1.5949,1.59554,1.58574,1.59005
2012-06-24T23:00:00+02:00,1.58872,1.59416,1.586015,1.586355
2012-06-25T11:00:00+02:00,1.586355,1.591105,1.585095,1.58835
2012-06-25T23:00:00+02:00,1.58835,1.58911,1.57727,1.57802
2012-06-26T11:00:00+02:00,1.57802,1.58216,1.57584,1.57904
2012-06-26T23:00:00+02:00,1.57904,1.584705,1.5787,1.583175
2012-06-27T11:00:00+02:00,1.583175,1.583545,1.573835,1.57494
2012-06-27T23:00:00+02:00,1.57494,1.57606,1.56852,1.56895
2012-06-28T11:00:00+02:00,1.56895,1.58366,1.56825,1.57848
2012-06-28T23:00:00+02:00,1.57848,1.5892,1.574505,1.57501
2012-06-29T11:00:00+02:00,1.57501,1.58257,1.574255,1.58026
2012-07-01T23:00:00+02:00,1.58345,1.58385,1.57335,1.57429
2012-07-02T11:00:00+02:00,1.57429,1.57511,1.56385,1.56476
2012-07-02T23:00:00+02:00,1.56476,1.56833,1.56238,1.56818
2012-07-03T11:00:00+02:00,1.56818,1.56955,1.56383,1.56904
2012-07-03T23:00:00+02:00,1.56904,1.57006,1.56222,1.56487
2012-07-04T11:00:00+02:00,1.56487,1.56597,1.55537,1.55886
2012-07-04T23:00:00+02:00,1.55886,1.5635,1.55647,1.55725
2012-07-05T11:00:00+02:00,1.55725,1.55859,1.53822,1.54219
2012-07-05T23:00:00+02:00,1.54219,1.54543,1.54,1.542965
2012-07-06T11:00:00+02:00,1.542965,1.546815,1.537055,1.53996
2012-07-08T23:00:00+02:00,1.53791,1.54925,1.53715,1.54735
2012-07-09T11:00:00+02:00,1.54735,1.54942,1.5437,1.54612
2012-07-09T23:00:00+02:00,1.54612,1.54894,1.54298,1.54523
2012-07-10T11:00:00+02:00,1.54523,1.54659,1.53727,1.54295
2012-07-10T23:00:00+02:00,1.54295,1.5447,1.53924,1.54025
2012-07-11T11:00:00+02:00,1.54025,1.54116,1.533,1.53654
2012-07-11T23:00:00+02:00,1.53654,1.54909,1.53349,1.54794
2012-07-12T11:00:00+02:00,1.54794,1.55069,1.54185,1.54493
2012-07-12T23:00:00+02:00,1.54493,1.54685,1.53858,1.53944
2012-07-13T11:00:00+02:00,1.53944,1.54127,1.53628,1.53803
2012-07-15T23:00:00+02:00,1.53729,1.53899,1.53449,1.53507
2012-07-16T11:00:00+02:00,1.53507,1.54058,1.53232,1.53845
2012-07-16T23:00:00+02:00,1.53845,1.54237,1.53668,1.53961
2012-07-17T11:00:00+02:00,1.53961,1.54353,1.5358,1.54353
2012-07-17T23:00:00+02:00,1.54353,1.54516,1.53897,1.5445
2012-07-18T11:00:00+02:00,1.5445,1.54535,1.532475,1.53504
2012-07-18T23:00:00+02:00,1.53504,1.53729,1.52987,1.53008
2012-07-19T11:00:00+02:00,1.53008,1.53188,1.52292,1.52874
2012-07-19T23:00:00+02:00,1.52874,1.53047,1.526045,1.526045
2012-07-20T11:00:00+02:00,1.526045,1.527165,1.518725,1.52016
2012-07-22T23:00:00+02:00,1.51995,1.531915,1.51685,1.529905
2012-07-23T11:00:00+02:00,1.529905,1.539955,1.528725,1.53887
2012-07-23T23:00:00+02:00,1.53887,1.53986,1.53,1.53032
2012-07-24T11:00:00+02:00,1.53032,1.53777,1.52815,1.53732
2012-07-24T23:00:00+02:00,1.53732,1.54455,1.53673,1.54348
2012-07-25T11:00:00+02:00,1.54348,1.54455,1.53618,1.54082
2012-07-25T23:00:00+02:00,1.54082,1.54082,1.53131,1.53277
2012-07-26T11:00:00+02:00,1.53277,1.539,1.53029,1.5316
2012-07-26T23:00:00+02:00,1.5316,1.53627,1.52696,1.52781
2012-07-27T11:00:00+02:00,1.52781,1.53332,1.51861,1.52283
2012-07-29T23:00:00+02:00,1.51773,1.52293,1.51653,1.51791
2012-07-30T11:00:00+02:00,1.51791,1.51825,1.51172,1.51573
2012-07-30T23:00:00+02:00,1.51573,1.51781,1.5138,1.51448
2012-07-31T11:00:00+02:00,1.51448,1.5217,1.51275,1.52152
2012-07-31T23:00:00+02:00,1.52152,1.52186,1.5132,1.51338
2012-08-01T11:00:00+02:00,1.51338,1.51885,1.51137,1.5139
2012-08-01T23:00:00+02:00,1.5139,1.51555,1.51008,1.51314
2012-08-02T11:00:00+02:00,1.51314,1.51847,1.49954,1.50344
2012-08-02T23:00:00+02:00,1.50344,1.50608,1.49673,1.498575
2012-08-03T11:00:00+02:00,1.498575,1.51296,1.498565,1.51253
2012-08-05T23:00:00+02:00,1.5138,1.52057,1.51137,1.51187
2012-08-06T11:00:00+02:00,1.51187,1.51412,1.5088,1.51225
2012-08-06T23:00:00+02:00,1.51225,1.51391,1.50867,1.51358
2012-08-07T11:00:00+02:00,1.51358,1.52257,1.51167,1.51908
2012-08-07T23:00:00+02:00,1.51908,1.52591,1.51792,1.52115
2012-08-08T11:00:00+02:00,1.52115,1.52204,1.51362,1.51703
2012-08-08T23:00:00+02:00,1.51703,1.52488,1.51524,1.519095
2012-08-09T11:00:00+02:00,1.519095,1.519165,1.513095,1.51585
2012-08-09T23:00:00+02:00,1.51585,1.51992,1.51396,1.51655
2012-08-10T11:00:00+02:00,1.51655,1.51667,1.50955,1.51138
2012-08-12T23:00:00+02:00,1.5138,1.517255,1.51123,1.517195
2012-08-13T11:00:00+02:00,1.517195,1.528295,1.517195,1.52436
2012-08-13T23:00:00+02:00,1.52436,1.52901,1.52004,1.52891
2012-08-14T11:00:00+02:00,1.52891,1.53194,1.52518,1.52998
2012-08-14T23:00:00+02:00,1.52998,1.53376,1.529315,1.53139
2012-08-15T11:00:00+02:00,1.53139,1.53185,1.520645,1.5228
2012-08-15T23:00:00+02:00,1.5228,1.5237,1.519245,1.51996
2012-08-16T11:00:00+02:00,1.51996,1.527965,1.518935,1.52462
2012-08-16T23:00:00+02:00,1.52462,1.530685,1.52136,1.529795
2012-08-17T11:00:00+02:00,1.529795,1.532045,1.522955,1.52741
2012-08-19T23:00:00+02:00,1.52927,1.53052,1.52323,1.52488
2012-08-20T11:00:00+02:00,1.52488,1.52732,1.52176,1.52676
2012-08-20T23:00:00+02:00,1.52676,1.52693,1.52142,1.52543
2012-08-21T11:00:00+02:00,1.52543,1.53969,1.5246,1.53783
2012-08-21T23:00:00+02:00,1.53783,1.54296,1.53634,1.54003
2012-08-22T11:00:00+02:00,1.54003,1.54446,1.537045,1.53916
2012-08-22T23:00:00+02:00,1.53916,1.54082,1.53253,1.535285
2012-08-23T11:00:00+02:00,1.535285,1.54595,1.534545,1.54589
2012-08-23T23:00:00+02:00,1.54589,1.54839,1.54306,1.54768
2012-08-24T11:00:00+02:00,1.54768,1.54846,1.5405,1.54245
2012-08-26T23:00:00+02:00,1.54127,1.5466,1.53943,1.54417
2012-08-27T11:00:00+02:00,1.54417,1.54727,1.54321,1.54553
2012-08-27T23:00:00+02:00,1.54553,1.55221,1.54335,1.55182
2012-08-28T11:00:00+02:00,1.55182,1.56389,1.55182,1.56154
2012-08-28T23:00:00+02:00,1.56154,1.56739,1.55862,1.56637
2012-08-29T11:00:00+02:00,1.56637,1.56704,1.55843,1.56528
2012-08-29T23:00:00+02:00,1.56528,1.5678,1.56213,1.56738
2012-08-30T11:00:00+02:00,1.56738,1.570745,1.563805,1.56636
2012-08-30T23:00:00+02:00,1.56636,1.56887,1.563175,1.566375
2012-08-31T11:00:00+02:00,1.566375,1.57397,1.56361,1.56522
2012-09-02T23:00:00+02:00,1.57071,1.57498,1.56892,1.57403
2012-09-03T11:00:00+02:00,1.57403,1.58028,1.57231,1.57882
2012-09-03T23:00:00+02:00,1.57882,1.58324,1.57564,1.581505
2012-09-04T11:00:00+02:00,1.581505,1.588435,1.581295,1.58173
2012-09-04T23:00:00+02:00,1.58173,1.58289,1.57545,1.578585
2012-09-05T11:00:00+02:00,1.578585,1.590605,1.578395,1.58604
2012-09-05T23:00:00+02:00,1.58604,1.58654,1.5816,1.584015
2012-09-06T11:00:00+02:00,1.584015,1.587965,1.5726,1.57608
2012-09-06T23:00:00+02:00,1.57608,1.57813,1.57249,1.57618
2012-09-07T11:00:00+02:00,1.57618,1.58339,1.57421,1.57765
2012-09-09T23:00:00+02:00,1.57942,1.58072,1.57278,1.577185
2012-09-10T11:00:00+02:00,1.577185,1.580595,1.575255,1.57733
2012-09-10T23:00:00+02:00,1.57733,1.58031,1.57435,1.57485
2012-09-11T11:00:00+02:00,1.57485,1.57521,1.56672,1.57285
2012-09-11T23:00:00+02:00,1.57285,1.57302,1.563605,1.567685
2012-09-12T11:00:00+02:00,1.567685,1.576205,1.565725,1.57172
2012-09-12T23:00:00+02:00,1.57172,1.57538,1.57084,1.57407
2012-09-13T11:00:00+02:00,1.57407,1.57415,1.56031,1.56311
2012-09-13T23:00:00+02:00,1.56311,1.56446,1.55797,1.561195
2012-09-14T11:00:00+02:00,1.561195,1.58547,1.560755,1.58376
2012-09-16T23:00:00+02:00,1.58148,1.5865,1.57854,1.58005
2012-09-17T11:00:00+02:00,1.58005,1.59009,1.57792,1.58762
2012-09-17T23:00:00+02:00,1.58762,1.58954,1.58032,1.582665
2012-09-18T11:00:00+02:00,1.582665,1.583635,1.575135,1.5773
2012-09-18T23:00:00+02:00,1.5773,1.57924,1.57475,1.57528
2012-09-19T11:00:00+02:00,1.57528,1.57872,1.57071,1.57836
2012-09-19T23:00:00+02:00,1.57836,1.58128,1.57193,1.574285
2012-09-20T11:00:00+02:00,1.574285,1.574285,1.56358,1.56416
2012-09-20T23:00:00+02:00,1.56416,1.56665,1.56041,1.56627
2012-09-21T11:00:00+02:00,1.56627,1.56786,1.55713,1.56553
2012-09-23T23:00:00+02:00,1.56378,1.57348,1.56171,1.568975
2012-09-24T11:00:00+02:00,1.568975,1.57752,1.568715,1.57137
2012-09-24T23:00:00+02:00,1.57137,1.57544,1.56303,1.56568
2012-09-25T11:00:00+02:00,1.56568,1.573195,1.563835,1.57004
2012-09-25T23:00:00+02:00,1.57004,1.57528,1.56781,1.56859
2012-09-26T11:00:00+02:00,1.56859,1.569755,1.559665,1.56176
2012-09-26T23:00:00+02:00,1.56176,1.56222,1.557595,1.558665
2012-09-27T11:00:00+02:00,1.558665,1.558725,1.54715,1.55307
2012-09-27T23:00:00+02:00,1.55307,1.55519,1.54772,1.552165
2012-09-28T11:00:00+02:00,1.552165,1.55654,1.54662,1.54845
2012-09-30T23:00:00+02:00,1.54971,1.551965,1.54671,1.550125
2012-10-01T11:00:00+02:00,1.550125,1.5581,1.550065,1.55736
2012-10-01T23:00:00+02:00,1.55736,1.55879,1.55163,1.55523
2012-10-02T11:00:00+02:00,1.55523,1.564765,1.550765,1.56113
2012-10-02T23:00:00+02:00,1.56113,1.57518,1.5609,1.57414
2012-10-03T11:00:00+02:00,1.57414,1.57812,1.569,1.57501
2012-10-03T23:00:00+02:00,1.57501,1.578165,1.57218,1.577315
2012-10-04T11:00:00+02:00,1.577315,1.589485,1.576535,1.58414
2012-10-04T23:00:00+02:00,1.58414,1.58493,1.57725,1.57874
2012-10-05T11:00:00+02:00,1.57874,1.59683,1.57489,1.59446
2012-10-07T23:00:00+02:00,1.59436,1.59476,1.585875,1.586455
2012-10-08T11:00:00+02:00,1.586455,1.588385,1.577775,1.58284
2012-10-08T23:00:00+02:00,1.58284,1.58368,1.574995,1.576035
2012-10-09T11:00:00+02:00,1.576035,1.578975,1.572425,1.57543
2012-10-09T23:00:00+02:00,1.57543,1.57863,1.572225,1.572225
2012-10-10T11:00:00+02:00,1.572225,1.581165,1.570265,1.57701
2012-10-10T23:00:00+02:00,1.57701,1.57774,1.571775,1.574485
2012-10-11T11:00:00+02:00,1.574485,1.58358,1.573635,1.58156
2012-10-11T23:00:00+02:00,1.58156,1.58509,1.57678,1.58241
2012-10-12T11:00:00+02:00,1.58241,1.58741,1.57998,1.58608
2012-10-14T23:00:00+02:00,1.5843,1.591245,1.58322,1.590795
2012-10-15T11:00:00+02:00,1.590795,1.590925,1.57897,1.58179
2012-10-15T23:00:00+02:00,1.58179,1.596375,1.58109,1.59511
2012-10-16T11:00:00+02:00,1.59511,1.60585,1.594265,1.60325
2012-10-16T23:00:00+02:00,1.60325,1.60595,1.6001,1.6037
2012-10-17T11:00:00+02:00,1.6037,1.60483,1.59561,1.59627
2012-10-17T23:00:00+02:00,1.59627,1.59745,1.59299,1.595455
2012-10-18T11:00:00+02:00,1.595455,1.5989,1.5928,1.59657
2012-10-18T23:00:00+02:00,1.59657,1.59788,1.592215,1.593525
2012-10-19T11:00:00+02:00,1.593525,1.5979,1.590725,1.59654
2012-10-21T23:00:00+02:00,1.59676,1.59853,1.59282,1.59476
2012-10-22T11:00:00+02:00,1.59476,1.59998,1.59434,1.59716
2012-10-22T23:00:00+02:00,1.59716,1.59932,1.595265,1.595675
2012-10-23T11:00:00+02:00,1.595675,1.601135,1.594735,1.60004
2012-10-23T23:00:00+02:00,1.60004,1.60086,1.589685,1.590175
2012-10-24T11:00:00+02:00,1.590175,1.592855,1.58012,1.58128
2012-10-24T23:00:00+02:00,1.58128,1.58315,1.57592,1.57885
2012-10-25T11:00:00+02:00,1.57885,1.58483,1.57405,1.58123
2012-10-25T23:00:00+02:00,1.58123,1.583175,1.577795,1.579625
2012-10-26T11:00:00+02:00,1.579625,1.580445,1.569445,1.57225
2012-10-28T22:00:00+01:00,1.57383,1.57565,1.5692,1.57159
2012-10-29T10:00:00+01:00,1.57159,1.57722,1.57074,1.57528
2012-10-29T22:00:00+01:00,1.57528,1.57638,1.57072,1.57257
2012-10-30T10:00:00+01:00,1.57257,1.5822,1.57207,1.57891
2012-10-30T22:00:00+01:00,1.57891,1.5813,1.57578,1.581
2012-10-31T10:00:00+01:00,1.581,1.5838,1.57541,1.57566
2012-10-31T22:00:00+01:00,1.57566,1.57811,1.57311,1.5736
2012-11-01T10:00:00+01:00,1.5736,1.57394,1.56298,1.56509
2012-11-01T22:00:00+01:00,1.56509,1.56652,1.5594,1.56007
2012-11-02T10:00:00+01:00,1.56007,1.56013,1.55078,1.55587
2012-11-04T23:00:00+01:00,1.55493,1.55702,1.54902,1.55219
2012-11-05T11:00:00+01:00,1.55219,1.55358,1.54818,1.55034
2012-11-05T23:00:00+01:00,1.55034,1.55059,1.54356,1.54658
2012-11-06T11:00:00+01:00,1.54658,1.55002,1.54388,1.54933
2012-11-06T23:00:00+01:00,1.54933,1.5556,1.54637,1.54865
2012-11-07T11:00:00+01:00,1.54865,1.56114,1.53922,1.56045
2012-11-07T23:00:00+01:00,1.56045,1.563,1.55542,1.55998
2012-11-08T11:00:00+01:00,1.55998,1.56523,1.55771,1.56434
2012-11-08T23:00:00+01:00,1.56434,1.56738,1.55962,1.55994
2012-11-09T11:00:00+01:00,1.55994,1.56342,1.55722,1.56153
2012-11-11T23:00:00+01:00,1.55901,1.5629,1.5546,1.55485
2012-11-12T11:00:00+01:00,1.55485,1.55924,1.55328,1.55465
2012-11-12T23:00:00+01:00,1.55465,1.55487,1.54743,1.54834
2012-11-13T11:00:00+01:00,1.54834,1.55771,1.54717,1.55694
2012-11-13T23:00:00+01:00,1.55694,1.560975,1.5551,1.55959
2012-11-14T11:00:00+01:00,1.55959,1.57392,1.558565,1.57201
2012-11-14T23:00:00+01:00,1.57201,1.5735,1.56805,1.57251
2012-11-15T11:00:00+01:00,1.57251,1.5808,1.56996,1.57946
2012-11-15T23:00:00+01:00,1.57946,1.57973,1.57046,1.57338
2012-11-16T11:00:00+01:00,1.57338,1.57728,1.56762,1.56811
2012-11-18T23:00:00+01:00,1.56737,1.571225,1.56418,1.568345
2012-11-19T11:00:00+01:00,1.568345,1.568835,1.560385,1.56252
2012-11-19T23:00:00+01:00,1.56252,1.566785,1.558725,1.566745
2012-11-20T11:00:00+01:00,1.566745,1.572945,1.566595,1.56848
2012-11-20T23:00:00+01:00,1.56848,1.571015,1.565725,1.569445
2012-11-21T11:00:00+01:00,1.569445,1.580095,1.569005,1.57476
2012-11-21T23:00:00+01:00,1.57476,1.579205,1.57316,1.578135
2012-11-22T11:00:00+01:00,1.578135,1.581845,1.577155,1.57921
2012-11-22T23:00:00+01:00,1.57921,1.58001,1.57479,1.57795
2012-11-23T11:00:00+01:00,1.57795,1.57914,1.57248,1.57534
2012-11-25T23:00:00+01:00,1.57546,1.576505,1.572145,1.576435
2012-11-26T11:00:00+01:00,1.576435,1.57912,1.573975,1.57841
2012-11-26T23:00:00+01:00,1.57841,1.58069,1.573765,1.574365
2012-11-27T11:00:00+01:00,1.574365,1.578775,1.572355,1.57605
2012-11-27T23:00:00+01:00,1.57605,1.57852,1.571465,1.573425
2012-11-28T11:00:00+01:00,1.573425,1.573925,1.568565,1.57251
2012-11-28T23:00:00+01:00,1.57251,1.57377,1.568085,1.572735
2012-11-29T11:00:00+01:00,1.572735,1.580105,1.571035,1.57748
2012-11-29T23:00:00+01:00,1.57748,1.585525,1.576025,1.583575
2012-11-30T11:00:00+01:00,1.583575,1.588595,1.58154,1.58265
2012-12-02T23:00:00+01:00,1.58265,1.592795,1.58204,1.590195
2012-12-03T11:00:00+01:00,1.590195,1.59193,1.585435,1.58993
2012-12-03T23:00:00+01:00,1.58993,1.59129,1.584795,1.585345
2012-12-04T11:00:00+01:00,1.585345,1.59001,1.584005,1.58947
2012-12-04T23:00:00+01:00,1.58947,1.590385,1.587235,1.587965
2012-12-05T11:00:00+01:00,1.587965,1.588555,1.57636,1.57674
2012-12-05T23:00:00+01:00,1.57674,1.57731,1.571175,1.57465
2012-12-06T11:00:00+01:00,1.57465,1.57494,1.55546,1.55737
2012-12-06T23:00:00+01:00,1.55737,1.559695,1.552775,1.555675
2012-12-07T11:00:00+01:00,1.555675,1.556225,1.548225,1.55286
2012-12-09T23:00:00+01:00,1.55286,1.55286,1.546655,1.549285
2012-12-10T11:00:00+01:00,1.549285,1.552295,1.547515,1.55006
2012-12-10T23:00:00+01:00,1.55006,1.552715,1.547925,1.54967
2012-12-11T11:00:00+01:00,1.54967,1.552875,1.545855,1.54958
2012-12-11T23:00:00+01:00,1.54958,1.550675,1.54643,1.54697
2012-12-12T11:00:00+01:00,1.54697,1.55224,1.54678,1.54977
2012-12-12T23:00:00+01:00,1.54977,1.5512,1.546385,1.547605
2012-12-13T11:00:00+01:00,1.547605,1.55253,1.544735,1.55102
2012-12-13T23:00:00+01:00,1.55102,1.555055,1.54988,1.554085
2012-12-14T11:00:00+01:00,1.554085,1.55803,1.5536,1.55536
2012-12-16T23:00:00+01:00,1.556275,1.56054,1.55468,1.55779
2012-12-17T11:00:00+01:00,1.55779,1.56195,1.556985,1.55788
2012-12-17T23:00:00+01:00,1.55788,1.563455,1.55695,1.561635
2012-12-18T11:00:00+01:00,1.561635,1.57241,1.56154,1.572085
2012-12-18T23:00:00+01:00,1.572085,1.58094,1.57021,1.58065
2012-12-19T11:00:00+01:00,1.58065,1.59166,1.580555,1.58561
2012-12-19T23:00:00+01:00,1.58561,1.58693,1.57946,1.58401
2012-12-20T11:00:00+01:00,1.58401,1.593505,1.58373,1.58835
2012-12-20T23:00:00+01:00,1.58835,1.60185,1.586335,1.6008
2012-12-21T11:00:00+01:00,1.6008,1.606085,1.59637,1.602845
2012-12-23T23:00:00+01:00,1.59869,1.60856,1.596795,1.60583
2012-12-24T11:00:00+01:00,1.60583,1.608745,1.60134,1.6039
2012-12-26T11:00:00+01:00,1.6039,1.622045,1.6039,1.613145
2012-12-26T23:00:00+01:00,1.613145,1.61758,1.611545,1.61604
2012-12-27T11:00:00+01:00,1.61604,1.62204,1.612385,1.612565
2012-12-27T23:00:00+01:00,1.612565,1.615675,1.60346,1.604865
2012-12-28T11:00:00+01:00,1.604865,1.61615,1.601865,1.61207
2012-12-30T23:00:00+01:00,1.611825,1.611825,1.60127,1.603985
2012-12-31T11:00:00+01:00,1.603985,1.609795,1.59436,1.597165
2013-01-01T23:00:00+01:00,1.597165,1.597165,1.579235,1.582535
2013-01-02T11:00:00+01:00,1.582535,1.588605,1.58013,1.58093
2013-01-02T23:00:00+01:00,1.58093,1.585115,1.57407,1.576905
2013-01-03T11:00:00+01:00,1.576905,1.57844,1.569215,1.57581
2013-01-03T23:00:00+01:00,1.57581,1.583745,1.573955,1.581125
2013-01-04T11:00:00+01:00,1.581125,1.58433,1.570905,1.57135
2013-01-06T23:00:00+01:00,1.574085,1.574705,1.56217,1.563585
2013-01-07T11:00:00+01:00,1.563585,1.570485,1.55844,1.5669
2013-01-07T23:00:00+01:00,1.5669,1.57156,1.56431,1.568285
2013-01-08T11:00:00+01:00,1.568285,1.570965,1.561105,1.563615
2013-01-08T23:00:00+01:00,1.563615,1.564355,1.557465,1.561115
2013-01-09T11:00:00+01:00,1.561115,1.56282,1.551415,1.555985
2013-01-09T23:00:00+01:00,1.555985,1.55689,1.55162,1.5553
2013-01-10T11:00:00+01:00,1.5553,1.570955,1.55083,1.56937
2013-01-10T23:00:00+01:00,1.56937,1.578825,1.568565,1.57771
2013-01-11T11:00:00+01:00,1.57771,1.59613,1.577365,1.595375
2013-01-13T23:00:00+01:00,1.592395,1.59803,1.585855,1.58666
2013-01-14T11:00:00+01:00,1.58666,1.592735,1.583875,1.58706
2013-01-14T23:00:00+01:00,1.58706,1.59239,1.583935,1.58774
2013-01-15T11:00:00+01:00,1.58774,1.59286,1.581065,1.58452
2013-01-15T23:00:00+01:00,1.58452,1.58667,1.57884,1.583725
2013-01-16T11:00:00+01:00,1.583725,1.586965,1.578635,1.580335
2013-01-16T23:00:00+01:00,1.580335,1.590355,1.578115,1.588795
2013-01-17T11:00:00+01:00,1.588795,1.605505,1.585865,1.599415
2013-01-17T23:00:00+01:00,1.599415,1.603605,1.595535,1.599235
2013-01-18T11:00:00+01:00,1.599235,1.60188,1.58969,1.590175
2013-01-20T23:00:00+01:00,1.590945,1.59655,1.590015,1.59277
2013-01-21T11:00:00+01:00,1.59277,1.5947,1.59013,1.5925
2013-01-21T23:00:00+01:00,1.5925,1.59365,1.577305,1.580855
2013-01-22T11:00:00+01:00,1.580855,1.58702,1.57816,1.584205
2013-01-22T23:00:00+01:00,1.584205,1.585195,1.57512,1.58157
2013-01-23T11:00:00+01:00,1.58157,1.58565,1.575315,1.581005
2013-01-23T23:00:00+01:00,1.581005,1.584925,1.57652,1.582395
2013-01-24T11:00:00+01:00,1.582395,1.597015,1.58194,1.59665
2013-01-24T23:00:00+01:00,1.59665,1.60414,1.595745,1.601825
2013-01-25T11:00:00+01:00,1.601825,1.610925,1.59946,1.607845
2013-01-27T23:00:00+01:00,1.611865,1.622285,1.607535,1.62062
2013-01-28T11:00:00+01:00,1.62062,1.623875,1.61064,1.613535
2013-01-28T23:00:00+01:00,1.613535,1.615135,1.60447,1.608225
2013-01-29T11:00:00+01:00,1.608225,1.612975,1.60516,1.60725
2013-01-29T23:00:00+01:00,1.60725,1.622825,1.607225,1.620855
2013-01-30T11:00:00+01:00,1.620855,1.63596,1.620745,1.622985
2013-01-30T23:00:00+01:00,1.622985,1.62655,1.618355,1.619265
2013-01-31T11:00:00+01:00,1.619265,1.62063,1.61211,1.61868
2013-01-31T23:00:00+01:00,1.61868,1.627885,1.612825,1.62689
2013-02-01T11:00:00+01:00,1.62689,1.62714,1.607105,1.613625
2013-02-03T23:00:00+01:00,1.609835,1.615925,1.60694,1.60731
2013-02-04T11:00:00+01:00,1.60731,1.60777,1.597425,1.60267
2013-02-04T23:00:00+01:00,1.60267,1.60421,1.597035,1.601345
2013-02-05T11:00:00+01:00,1.601345,1.612155,1.60048,1.608365
2013-02-05T23:00:00+01:00,1.608365,1.61154,1.60476,1.60882
2013-02-06T11:00:00+01:00,1.60882,1.612715,1.599875,1.610685
2013-02-06T23:00:00+01:00,1.610685,1.62396,1.60936,1.62099
2013-02-07T11:00:00+01:00,1.62099,1.62531,1.604145,1.60826
2013-02-07T23:00:00+01:00,1.60826,1.60864,1.601515,1.60332
2013-02-08T11:00:00+01:00,1.60332,1.604745,1.595055,1.599115
2013-02-10T23:00:00+01:00,1.599115,1.61091,1.59773,1.60969
2013-02-11T11:00:00+01:00,1.60969,1.610995,1.59904,1.604935
2013-02-11T23:00:00+01:00,1.604935,1.607585,1.5989,1.60443
2013-02-12T11:00:00+01:00,1.60443,1.613575,1.59422,1.60135
2013-02-12T23:00:00+01:00,1.60135,1.60295,1.595095,1.600905
2013-02-13T11:00:00+01:00,1.600905,1.60849,1.59029,1.5911
2013-02-13T23:00:00+01:00,1.5911,1.591975,1.571435,1.571845
2013-02-14T11:00:00+01:00,1.571845,1.58039,1.568325,1.570915
2013-02-14T23:00:00+01:00,1.570915,1.57449,1.564195,1.568075
2013-02-15T11:00:00+01:00,1.568075,1.583725,1.566415,1.58117
2013-02-17T23:00:00+01:00,1.58117,1.586045,1.57661,1.582905
2013-02-18T11:00:00+01:00,1.582905,1.585035,1.577315,1.57964
2013-02-18T23:00:00+01:00,1.57964,1.58789,1.576485,1.57933
2013-02-19T11:00:00+01:00,1.57933,1.583225,1.576105,1.58086
2013-02-19T23:00:00+01:00,1.58086,1.601505,1.580535,1.599525
2013-02-20T11:00:00+01:00,1.599525,1.60257,1.588815,1.589415
2013-02-20T23:00:00+01:00,1.589415,1.59297,1.57984,1.581395
2013-02-21T11:00:00+01:00,1.581395,1.58514,1.575575,1.58156
2013-02-21T23:00:00+01:00,1.58156,1.582445,1.57333,1.57937
2013-02-22T11:00:00+01:00,1.57937,1.579575,1.568675,1.57381
2013-02-24T23:00:00+01:00,1.57381,1.58173,1.57381,1.578555
2013-02-25T11:00:00+01:00,1.578555,1.585285,1.55946,1.5687
2013-02-25T23:00:00+01:00,1.5687,1.57579,1.563905,1.575325
2013-02-26T11:00:00+01:00,1.575325,1.58855,1.57305,1.582925
2013-02-26T23:00:00+01:00,1.582925,1.589185,1.579915,1.587775
2013-02-27T11:00:00+01:00,1.587775,1.59307,1.58467,1.587335
2013-02-27T23:00:00+01:00,1.587335,1.59359,1.576765,1.578165
2013-02-28T11:00:00+01:00,1.578165,1.585195,1.575855,1.582985
2013-02-28T23:00:00+01:00,1.582985,1.58461,1.575735,1.57797
2013-03-01T11:00:00+01:00,1.57797,1.581875,1.573095,1.57845
2013-03-03T23:00:00+01:00,1.57845,1.588435,1.57845,1.58145
2013-03-04T11:00:00+01:00,1.58145,1.58239,1.57311,1.573675
2013-03-04T23:00:00+01:00,1.573675,1.578095,1.56953,1.576495
2013-03-05T11:00:00+01:00,1.576495,1.578635,1.56587,1.570205
2013-03-05T23:00:00+01:00,1.570205,1.57098,1.566675,1.568155
2013-03-06T11:00:00+01:00,1.568155,1.569255,1.55982,1.56525
2013-03-06T23:00:00+01:00,1.56525,1.57291,1.565135,1.57233
2013-03-07T11:00:00+01:00,1.57233,1.586095,1.569125,1.582415
2013-03-07T23:00:00+01:00,1.582415,1.587595,1.58031,1.58278
2013-03-08T11:00:00+01:00,1.58278,1.587175,1.57189,1.581655
2013-03-10T22:00:00+01:00,1.581655,1.58787,1.580275,1.583795
2013-03-11T10:00:00+01:00,1.583795,1.58579,1.574115,1.575455
2013-03-11T22:00:00+01:00,1.575455,1.58024,1.57522,1.57842
2013-03-12T10:00:00+01:00,1.57842,1.583435,1.575955,1.57601
2013-03-12T22:00:00+01:00,1.57601,1.582725,1.57582,1.57777
2013-03-13T10:00:00+01:00,1.57777,1.58714,1.56668,1.58377
2013-03-13T22:00:00+01:00,1.58377,1.58798,1.581045,1.582835
2013-03-14T10:00:00+01:00,1.582835,1.58502,1.576635,1.582025
2013-03-14T22:00:00+01:00,1.582025,1.587305,1.58172,1.585255
2013-03-15T10:00:00+01:00,1.585255,1.591845,1.577795,1.580365
2013-03-17T22:00:00+01:00,1.580365,1.580365,1.562955,1.57218
2013-03-18T10:00:00+01:00,1.57218,1.57463,1.56653,1.567145
2013-03-18T22:00:00+01:00,1.567145,1.572175,1.56565,1.56939
2013-03-19T10:00:00+01:00,1.56939,1.57318,1.5603,1.56199
2013-03-19T22:00:00+01:00,1.56199,1.57086,1.55865,1.566565
2013-03-20T10:00:00+01:00,1.566565,1.577245,1.566565,1.57213
2013-03-20T22:00:00+01:00,1.57213,1.57384,1.55684,1.55823
2013-03-21T10:00:00+01:00,1.55823,1.55923,1.545605,1.551025
2013-03-21T22:00:00+01:00,1.551025,1.55351,1.54806,1.54863
2013-03-22T10:00:00+01:00,1.54863,1.561545,1.547295,1.554185
2013-03-24T22:00:00+01:00,1.554185,1.562815,1.55087,1.556695
2013-03-25T10:00:00+01:00,1.556695,1.55775,1.53756,1.53926
2013-03-25T22:00:00+01:00,1.53926,1.542895,1.536415,1.53982
2013-03-26T10:00:00+01:00,1.53982,1.542795,1.53161,1.532465
2013-03-26T22:00:00+01:00,1.532465,1.53456,1.529255,1.53176
2013-03-27T10:00:00+01:00,1.53176,1.53309,1.524635,1.527675
2013-03-27T22:00:00+01:00,1.527675,1.530975,1.5232,1.523745
2013-03-28T10:00:00+01:00,1.523745,1.536025,1.522905,1.53144
2013-03-28T22:00:00+01:00,1.53144,1.53447,1.52807,1.532865
2013-03-29T10:00:00+01:00,1.532865,1.53371,1.531075,1.53109
2013-03-31T23:00:00+02:00,1.53109,1.533145,1.528235,1.53181
2013-04-01T11:00:00+02:00,1.53181,1.53772,1.53042,1.535095
2013-04-01T23:00:00+02:00,1.535095,1.535545,1.52568,1.52705
2013-04-02T11:00:00+02:00,1.52705,1.527265,1.51916,1.5234
2013-04-02T23:00:00+02:00,1.5234,1.524365,1.518155,1.521355
2013-04-03T11:00:00+02:00,1.521355,1.527055,1.51821,1.52665
2013-04-03T23:00:00+02:00,1.52665,1.533325,1.524185,1.52897
2013-04-04T11:00:00+02:00,1.52897,1.53944,1.519415,1.535755
2013-04-04T23:00:00+02:00,1.535755,1.54072,1.53355,1.536235
2013-04-05T11:00:00+02:00,1.536235,1.55215,1.535425,1.54124
2013-04-07T23:00:00+02:00,1.54124,1.54626,1.538885,1.54325
2013-04-08T11:00:00+02:00,1.54325,1.543635,1.53603,1.537725
2013-04-08T23:00:00+02:00,1.537725,1.54207,1.53341,1.53507
2013-04-09T11:00:00+02:00,1.53507,1.539815,1.53271,1.534505
2013-04-09T23:00:00+02:00,1.534505,1.53587,1.53192,1.53237
2013-04-10T11:00:00+02:00,1.53237,1.533275,1.522115,1.52425
2013-04-10T23:00:00+02:00,1.52425,1.52507,1.50851,1.509945
2013-04-11T11:00:00+02:00,1.509945,1.52152,1.508105,1.517515
2013-04-11T23:00:00+02:00,1.517515,1.522385,1.51695,1.51866
2013-04-12T11:00:00+02:00,1.51866,1.5316,1.51747,1.526665
2013-04-14T23:00:00+02:00,1.526665,1.543645,1.526395,1.53941
2013-04-15T11:00:00+02:00,1.53941,1.555965,1.53841,1.550715
2013-04-15T23:00:00+02:00,1.550715,1.553045,1.54079,1.543545
2013-04-16T11:00:00+02:00,1.543545,1.55383,1.54061,1.551815
2013-04-16T23:00:00+02:00,1.551815,1.557795,1.548595,1.556445
2013-04-17T11:00:00+02:00,1.556445,1.556835,1.540905,1.543825
2013-04-17T23:00:00+02:00,1.543825,1.54657,1.540985,1.543375
2013-04-18T11:00:00+02:00,1.543375,1.554475,1.54261,1.55133
2013-04-18T23:00:00+02:00,1.55133,1.553485,1.540675,1.544955
2013-04-19T11:00:00+02:00,1.544955,1.555955,1.543385,1.55004
2013-04-21T23:00:00+02:00,1.55004,1.55685,1.545695,1.551135
2013-04-22T11:00:00+02:00,1.551135,1.553155,1.54407,1.55109
2013-04-22T23:00:00+02:00,1.55109,1.561175,1.549135,1.550085
2013-04-23T11:00:00+02:00,1.550085,1.55206,1.54297,1.54858
2013-04-23T23:00:00+02:00,1.54858,1.54873,1.53104,1.536865
2013-04-24T11:00:00+02:00,1.536865,1.540985,1.534195,1.5356
2013-04-24T23:00:00+02:00,1.5356,1.53721,1.526085,1.52905
2013-04-25T11:00:00+02:00,1.52905,1.53214,1.52368,1.53081
2013-04-25T23:00:00+02:00,1.53081,1.53351,1.525995,1.529855
2013-04-26T11:00:00+02:00,1.529855,1.53812,1.525605,1.53655
2013-04-28T23:00:00+02:00,1.53655,1.53989,1.530065,1.534765
2013-04-29T11:00:00+02:00,1.534765,1.535555,1.527285,1.529095
2013-04-29T23:00:00+02:00,1.529095,1.533445,1.525245,1.52764
2013-04-30T11:00:00+02:00,1.52764,1.538815,1.5261,1.53782
2013-04-30T23:00:00+02:00,1.53782,1.540745,1.53406,1.54014
2013-05-01T11:00:00+02:00,1.54014,1.556285,1.537445,1.550655
2013-05-01T23:00:00+02:00,1.550655,1.556075,1.54852,1.555075
2013-05-02T11:00:00+02:00,1.555075,1.55771,1.535825,1.537895
2013-05-02T23:00:00+02:00,1.537895,1.543525,1.532155,1.54324
2013-05-03T11:00:00+02:00,1.54324,1.54569,1.53093,1.53684
2013-05-05T23:00:00+02:00,1.53684,1.53953,1.533745,1.538465
2013-05-06T11:00:00+02:00,1.538465,1.542565,1.533895,1.53589
2013-05-06T23:00:00+02:00,1.53589,1.54183,1.53461,1.54113
2013-05-07T11:00:00+02:00,1.54113,1.55517,1.540705,1.54663
2013-05-07T23:00:00+02:00,1.54663,1.5656,1.544745,1.561845
2013-05-08T11:00:00+02:00,1.561845,1.57171,1.561645,1.56563
2013-05-08T23:00:00+02:00,1.56563,1.56725,1.55233,1.557745
2013-05-09T11:00:00+02:00,1.557745,1.56081,1.54986,1.55417
2013-05-09T23:00:00+02:00,1.55417,1.564045,1.548765,1.56064
2013-05-10T11:00:00+02:00,1.56064,1.56941,1.55739,1.56467
2013-05-12T23:00:00+02:00,1.56467,1.569555,1.559995,1.56144
2013-05-13T11:00:00+02:00,1.56144,1.57648,1.561425,1.5729
2013-05-13T23:00:00+02:00,1.5729,1.574295,1.566005,1.571045
2013-05-14T11:00:00+02:00,1.571045,1.5815,1.569175,1.576065
2013-05-14T23:00:00+02:00,1.576065,1.577135,1.571925,1.574545
2013-05-15T11:00:00+02:00,1.574545,1.57515,1.55999,1.563795
2013-05-15T23:00:00+02:00,1.563795,1.57754,1.557875,1.577375
2013-05-16T11:00:00+02:00,1.577375,1.58235,1.573565,1.57876
2013-05-16T23:00:00+02:00,1.57876,1.590935,1.57594,1.58849
2013-05-17T11:00:00+02:00,1.58849,1.59252,1.58463,1.59178
2013-05-19T23:00:00+02:00,1.59178,1.59178,1.57854,1.58152
2013-05-20T11:00:00+02:00,1.58152,1.58342,1.57507,1.57635
2013-05-20T23:00:00+02:00,1.57635,1.58144,1.570335,1.575125
2013-05-21T11:00:00+02:00,1.575125,1.585515,1.57469,1.57993
2013-05-21T23:00:00+02:00,1.57993,1.593435,1.578955,1.591
2013-05-22T11:00:00+02:00,1.591,1.596005,1.58268,1.59192
2013-05-22T23:00:00+02:00,1.59192,1.60427,1.59153,1.60037
2013-05-23T11:00:00+02:00,1.60037,1.60104,1.584415,1.58983
2013-05-23T23:00:00+02:00,1.58983,1.60537,1.587245,1.60451
2013-05-24T11:00:00+02:00,1.60451,1.60536,1.59414,1.59722
2013-05-26T23:00:00+02:00,1.59722,1.60253,1.59536,1.59794
2013-05-27T11:00:00+02:00,1.59794,1.60403,1.597195,1.59954
2013-05-27T23:00:00+02:00,1.59954,1.60073,1.58952,1.59194
2013-05-28T11:00:00+02:00,1.59194,1.59704,1.58789,1.59203
2013-05-28T23:00:00+02:00,1.59203,1.597295,1.5876,1.596275
2013-05-29T11:00:00+02:00,1.596275,1.598755,1.588065,1.59804
2013-05-29T23:00:00+02:00,1.59804,1.60233,1.595275,1.600875
2013-05-30T11:00:00+02:00,1.600875,1.62062,1.60073,1.61588
2013-05-30T23:00:00+02:00,1.61588,1.627115,1.61004,1.625535
2013-05-31T11:00:00+02:00,1.625535,1.63715,1.62253,1.63715
2013-06-02T23:00:00+02:00,1.63715,1.63715,1.628825,1.63194
2013-06-03T11:00:00+02:00,1.63194,1.633745,1.61254,1.61663
2013-06-03T23:00:00+02:00,1.61663,1.63385,1.612515,1.63217
2013-06-04T11:00:00+02:00,1.63217,1.63943,1.62678,1.63158
2013-06-04T23:00:00+02:00,1.63158,1.637015,1.62411,1.633825
2013-06-05T11:00:00+02:00,1.633825,1.651655,1.631395,1.64266
2013-06-05T23:00:00+02:00,1.64266,1.65733,1.63953,1.65001
2013-06-06T11:00:00+02:00,1.65001,1.661705,1.64169,1.64979
2013-06-06T23:00:00+02:00,1.64979,1.6667,1.64961,1.66209
2013-06-07T11:00:00+02:00,1.66209,1.680945,1.656395,1.67572
2013-06-09T23:00:00+02:00,1.67572,1.68708,1.67572,1.67848
2013-06-10T11:00:00+02:00,1.67848,1.679665,1.669395,1.67744
2013-06-10T23:00:00+02:00,1.67744,1.699415,1.67565,1.698465
2013-06-11T11:00:00+02:00,1.698465,1.71103,1.682495,1.69122
2013-06-11T23:00:00+02:00,1.69122,1.69572,1.66865,1.670845
2013-06-12T11:00:00+02:00,1.670845,1.678935,1.65388,1.6689
2013-06-12T23:00:00+02:00,1.6689,1.69193,1.66795,1.680035
2013-06-13T11:00:00+02:00,1.680035,1.680585,1.6483,1.65162
2013-06-13T23:00:00+02:00,1.65162,1.660335,1.64808,1.65481
2013-06-14T11:00:00+02:00,1.65481,1.65938,1.639015,1.65798
2013-06-16T23:00:00+02:00,1.65798,1.658835,1.645665,1.649695
2013-06-17T11:00:00+02:00,1.649695,1.67413,1.649645,1.67232
2013-06-17T23:00:00+02:00,1.67232,1.681465,1.66736,1.67726
2013-06-18T11:00:00+02:00,1.67726,1.682685,1.6671,1.676335
2013-06-18T23:00:00+02:00,1.676335,1.682375,1.669375,1.67274
2013-06-19T11:00:00+02:00,1.67274,1.689205,1.663175,1.68329
2013-06-19T23:00:00+02:00,1.68329,1.70177,1.68315,1.693975
2013-06-20T11:00:00+02:00,1.693975,1.711485,1.692125,1.70428
2013-06-20T23:00:00+02:00,1.70428,1.70616,1.69525,1.699915
2013-06-21T11:00:00+02:00,1.699915,1.70546,1.688385,1.69323
2013-06-23T23:00:00+02:00,1.69323,1.704075,1.686245,1.700245
2013-06-24T11:00:00+02:00,1.700245,1.703325,1.68273,1.6923
2013-06-24T23:00:00+02:00,1.6923,1.700935,1.68494,1.68657
2013-06-25T11:00:00+02:00,1.68657,1.698325,1.686205,1.68921
2013-06-25T23:00:00+02:00,1.68921,1.694615,1.6799,1.68224
2013-06-26T11:00:00+02:00,1.68224,1.68243,1.65823,1.67
2013-06-26T23:00:00+02:00,1.67,1.674845,1.661645,1.66558
2013-06-27T11:00:00+02:00,1.66558,1.677055,1.66036,1.6728
2013-06-27T23:00:00+02:00,1.6728,1.680105,1.66919,1.671715
2013-06-28T11:00:00+02:00,1.671715,1.68896,1.67084,1.68121
2013-06-30T23:00:00+02:00,1.68121,1.68668,1.67406,1.680705
2013-07-01T11:00:00+02:00,1.680705,1.68186,1.66768,1.67028
2013-07-01T23:00:00+02:00,1.67028,1.681345,1.669025,1.672145
2013-07-02T11:00:00+02:00,1.672145,1.681675,1.670655,1.67431
2013-07-02T23:00:00+02:00,1.67431,1.682575,1.66818,1.673045
2013-07-03T11:00:00+02:00,1.673045,1.677845,1.668865,1.672035
2013-07-03T23:00:00+02:00,1.672035,1.6755,1.664505,1.666475
2013-07-04T11:00:00+02:00,1.666475,1.669195,1.64319,1.6488
2013-07-04T23:00:00+02:00,1.6488,1.65303,1.644445,1.647135
2013-07-05T11:00:00+02:00,1.647135,1.668835,1.64133,1.66435
2013-07-07T23:00:00+02:00,1.66435,1.66464,1.6565,1.660595
2013-07-08T11:00:00+02:00,1.660595,1.6613,1.6453,1.64994
2013-07-08T23:00:00+02:00,1.64994,1.65524,1.635475,1.64072
2013-07-09T11:00:00+02:00,1.64072,1.64109,1.623505,1.62782
2013-07-09T23:00:00+02:00,1.62782,1.633175,1.62283,1.633015
2013-07-10T11:00:00+02:00,1.633015,1.658015,1.629085,1.65582
2013-07-10T23:00:00+02:00,1.65582,1.660315,1.644175,1.65594
2013-07-11T11:00:00+02:00,1.65594,1.67983,1.653485,1.66765
2013-07-11T23:00:00+02:00,1.66765,1.673665,1.65855,1.66116
2013-07-12T11:00:00+02:00,1.66116,1.681185,1.66026,1.67749
2013-07-14T23:00:00+02:00,1.67749,1.680875,1.667825,1.66899
2013-07-15T11:00:00+02:00,1.66899,1.68191,1.668875,1.67296
2013-07-15T23:00:00+02:00,1.67296,1.67681,1.66285,1.664825
2013-07-16T11:00:00+02:00,1.664825,1.67075,1.66102,1.66759
2013-07-16T23:00:00+02:00,1.66759,1.676305,1.663895,1.675385
2013-07-17T11:00:00+02:00,1.675385,1.67609,1.65662,1.65952
2013-07-17T23:00:00+02:00,1.65952,1.668555,1.656155,1.66477
2013-07-18T11:00:00+02:00,1.66477,1.66595,1.65717,1.65919
2013-07-18T23:00:00+02:00,1.65919,1.66367,1.649825,1.651525
2013-07-19T11:00:00+02:00,1.651525,1.65768,1.642815,1.65768
2013-07-21T23:00:00+02:00,1.65768,1.6642,1.655115,1.66241
2013-07-22T11:00:00+02:00,1.66241,1.667395,1.653185,1.65532
2013-07-22T23:00:00+02:00,1.65532,1.6559,1.64774,1.649715
2013-07-23T11:00:00+02:00,1.649715,1.65946,1.64878,1.65344
2013-07-23T23:00:00+02:00,1.65344,1.667045,1.64994,1.662905
2013-07-24T11:00:00+02:00,1.662905,1.668785,1.657985,1.66377
2013-07-24T23:00:00+02:00,1.66377,1.66455,1.64348,1.64437
2013-07-25T11:00:00+02:00,1.64437,1.6465,1.639635,1.64296
2013-07-25T23:00:00+02:00,1.64296,1.64878,1.640195,1.64431
2013-07-26T11:00:00+02:00,1.64431,1.64679,1.640025,1.64298
2013-07-28T23:00:00+02:00,1.64298,1.646155,1.641,1.64325
2013-07-29T11:00:00+02:00,1.64325,1.65472,1.64121,1.65083
2013-07-29T23:00:00+02:00,1.65083,1.66298,1.64976,1.660315
2013-07-30T11:00:00+02:00,1.660315,1.66506,1.658275,1.66058
2013-07-30T23:00:00+02:00,1.66058,1.667605,1.6579,1.66444
2013-07-31T11:00:00+02:00,1.66444,1.67446,1.657565,1.66605
2013-07-31T23:00:00+02:00,1.66605,1.67734,1.66216,1.66664
2013-08-01T11:00:00+02:00,1.66664,1.684185,1.660315,1.67369
2013-08-01T23:00:00+02:00,1.67369,1.68238,1.670675,1.68116
2013-08-02T11:00:00+02:00,1.68116,1.69871,1.672205,1.69441
2013-08-04T23:00:00+02:00,1.69441,1.71544,1.69441,1.70455
2013-08-05T11:00:00+02:00,1.70455,1.71012,1.694035,1.694615
2013-08-05T23:00:00+02:00,1.694615,1.695415,1.68294,1.683935
2013-08-06T11:00:00+02:00,1.683935,1.69473,1.680095,1.684205
2013-08-06T23:00:00+02:00,1.684205,1.68638,1.67989,1.68212
2013-08-07T11:00:00+02:00,1.68212,1.687395,1.66658,1.673025
2013-08-07T23:00:00+02:00,1.673025,1.68018,1.67129,1.67484
2013-08-08T11:00:00+02:00,1.67484,1.67769,1.66432,1.670895
2013-08-08T23:00:00+02:00,1.670895,1.6756,1.667905,1.66895
2013-08-09T11:00:00+02:00,1.66895,1.66976,1.65568,1.65995
2013-08-11T23:00:00+02:00,1.65995,1.66467,1.65375,1.66196
2013-08-12T11:00:00+02:00,1.66196,1.66315,1.651715,1.66008
2013-08-12T23:00:00+02:00,1.66008,1.667475,1.659595,1.663715
2013-08-13T11:00:00+02:00,1.663715,1.66918,1.66125,1.66514
2013-08-13T23:00:00+02:00,1.66514,1.66606,1.658075,1.66035
2013-08-14T11:00:00+02:00,1.66035,1.660465,1.64761,1.65106
2013-08-14T23:00:00+02:00,1.65106,1.652855,1.64083,1.640905
2013-08-15T11:00:00+02:00,1.640905,1.65603,1.640225,1.6533
2013-08-15T23:00:00+02:00,1.6533,1.657385,1.64507,1.650825
2013-08-16T11:00:00+02:00,1.650825,1.654265,1.63939,1.64476
2013-08-18T23:00:00+02:00,1.64476,1.64636,1.63262,1.636715
2013-08-19T11:00:00+02:00,1.636715,1.655215,1.63524,1.6528
2013-08-19T23:00:00+02:00,1.6528,1.67591,1.65133,1.6734
2013-08-20T11:00:00+02:00,1.6734,1.684275,1.673035,1.68144
2013-08-20T23:00:00+02:00,1.68144,1.697065,1.68107,1.694735
2013-08-21T11:00:00+02:00,1.694735,1.70344,1.685795,1.70218
2013-08-21T23:00:00+02:00,1.70218,1.707455,1.696205,1.703975
2013-08-22T11:00:00+02:00,1.703975,1.708175,1.700245,1.705755
2013-08-22T23:00:00+02:00,1.705755,1.711565,1.700825,1.711225
2013-08-23T11:00:00+02:00,1.711225,1.719905,1.70975,1.71502
2013-08-25T23:00:00+02:00,1.71502,1.719455,1.70481,1.70576
2013-08-26T11:00:00+02:00,1.70576,1.71037,1.699115,1.70252
2013-08-26T23:00:00+02:00,1.70252,1.72052,1.70111,1.71589
2013-08-27T11:00:00+02:00,1.71589,1.72265,1.71103,1.71761
2013-08-27T23:00:00+02:00,1.71761,1.727775,1.71502,1.72225
2013-08-28T11:00:00+02:00,1.72225,1.724855,1.707015,1.71054
2013-08-28T23:00:00+02:00,1.71054,1.712045,1.696925,1.702295
2013-08-29T11:00:00+02:00,1.702295,1.708045,1.70071,1.70422
2013-08-29T23:00:00+02:00,1.70422,1.709865,1.69638,1.70403
2013-08-30T11:00:00+02:00,1.70403,1.712,1.701745,1.71075
2013-09-01T23:00:00+02:00,1.71075,1.71075,1.688995,1.69247
2013-09-02T11:00:00+02:00,1.69247,1.692665,1.686775,1.68914
2013-09-02T23:00:00+02:00,1.68914,1.69016,1.68135,1.687695
2013-09-03T11:00:00+02:00,1.687695,1.6934,1.680265,1.68844
2013-09-03T23:00:00+02:00,1.68844,1.68956,1.673055,1.674905
2013-09-04T11:00:00+02:00,1.674905,1.67506,1.662735,1.67046
2013-09-04T23:00:00+02:00,1.67046,1.677785,1.667735,1.675885
2013-09-05T11:00:00+02:00,1.675885,1.680625,1.66006,1.66401
2013-09-05T23:00:00+02:00,1.66401,1.6642,1.651585,1.655155
2013-09-06T11:00:00+02:00,1.655155,1.65536,1.638745,1.64752
2013-09-08T23:00:00+02:00,1.64752,1.65509,1.64389,1.64726
2013-09-09T11:00:00+02:00,1.64726,1.6566,1.646125,1.65316
2013-09-09T23:00:00+02:00,1.65316,1.65511,1.64586,1.64975
2013-09-10T11:00:00+02:00,1.64975,1.649985,1.64216,1.64467
2013-09-10T23:00:00+02:00,1.64467,1.65159,1.64217,1.643045
2013-09-11T11:00:00+02:00,1.643045,1.65048,1.64217,1.6472
2013-09-11T23:00:00+02:00,1.6472,1.6472,1.63108,1.63108
2013-09-12T11:00:00+02:00,1.63108,1.6357,1.62936,1.63423
2013-09-12T23:00:00+02:00,1.63423,1.63901,1.63275,1.635545
2013-09-13T11:00:00+02:00,1.635545,1.636395,1.62432,1.63516
2013-09-15T23:00:00+02:00,1.63516,1.63516,1.624355,1.627025
2013-09-16T11:00:00+02:00,1.627025,1.63488,1.624605,1.63186
2013-09-16T23:00:00+02:00,1.63186,1.633975,1.62777,1.62899
2013-09-17T11:00:00+02:00,1.62899,1.63216,1.6189,1.62176
2013-09-17T23:00:00+02:00,1.62176,1.6256,1.6197,1.62289
2013-09-18T11:00:00+02:00,1.62289,1.6279,1.61221,1.615635
2013-09-18T23:00:00+02:00,1.615635,1.622645,1.607295,1.609925
2013-09-19T11:00:00+02:00,1.609925,1.61958,1.60745,1.615505
2013-09-19T23:00:00+02:00,1.615505,1.61656,1.6109,1.613835
2013-09-20T11:00:00+02:00,1.613835,1.61879,1.61122,1.616285
2013-09-22T23:00:00+02:00,1.616285,1.623015,1.61186,1.61279
2013-09-23T11:00:00+02:00,1.61279,1.61503,1.60956,1.61139
2013-09-23T23:00:00+02:00,1.61139,1.631265,1.610195,1.63066
2013-09-24T11:00:00+02:00,1.63066,1.6328,1.623535,1.626875
2013-09-24T23:00:00+02:00,1.626875,1.641265,1.626545,1.641265
2013-09-25T11:00:00+02:00,1.641265,1.64384,1.635365,1.641315
2013-09-25T23:00:00+02:00,1.641315,1.641725,1.628485,1.62951
2013-09-26T11:00:00+02:00,1.62951,1.63165,1.62586,1.626825
2013-09-26T23:00:00+02:00,1.626825,1.63096,1.622035,1.629835
2013-09-27T11:00:00+02:00,1.629835,1.641935,1.62937,1.63315
2013-09-29T23:00:00+02:00,1.63315,1.63554,1.628925,1.631645
2013-09-30T11:00:00+02:00,1.631645,1.63514,1.62403,1.62778
2013-09-30T23:00:00+02:00,1.62778,1.63381,1.62715,1.632775
2013-10-01T11:00:00+02:00,1.632775,1.641275,1.6319,1.63435
2013-10-01T23:00:00+02:00,1.63435,1.64943,1.633565,1.64504
2013-10-02T11:00:00+02:00,1.64504,1.65167,1.62993,1.630145
2013-10-02T23:00:00+02:00,1.630145,1.639805,1.628315,1.638795
2013-10-03T11:00:00+02:00,1.638795,1.64644,1.63818,1.642205
2013-10-03T23:00:00+02:00,1.642205,1.64519,1.637845,1.63938
2013-10-04T11:00:00+02:00,1.63938,1.64025,1.626005,1.630125
2013-10-06T23:00:00+02:00,1.630125,1.642655,1.62985,1.641385
2013-10-07T11:00:00+02:00,1.641385,1.64155,1.62865,1.635145
2013-10-07T23:00:00+02:00,1.635145,1.640585,1.63153,1.63335
2013-10-08T11:00:00+02:00,1.63335,1.638845,1.62879,1.637365
2013-10-08T23:00:00+02:00,1.637365,1.63998,1.62813,1.62813
2013-10-09T11:00:00+02:00,1.62813,1.63143,1.62338,1.628625
2013-10-09T23:00:00+02:00,1.628625,1.639465,1.62723,1.638935
2013-10-10T11:00:00+02:00,1.638935,1.64078,1.62991,1.63222
2013-10-10T23:00:00+02:00,1.63222,1.635725,1.62356,1.62833
2013-10-11T11:00:00+02:00,1.62833,1.630895,1.622845,1.62743
2013-10-13T23:00:00+02:00,1.62743,1.632625,1.6188,1.62035
2013-10-14T11:00:00+02:00,1.62035,1.627295,1.61893,1.622645
2013-10-14T23:00:00+02:00,1.622645,1.624255,1.613175,1.613255
2013-10-15T11:00:00+02:00,1.613255,1.618385,1.607075,1.614255
2013-10-15T23:00:00+02:00,1.614255,1.61555,1.60377,1.60694
2013-10-16T11:00:00+02:00,1.60694,1.61365,1.601925,1.60636
2013-10-16T23:00:00+02:00,1.60636,1.614615,1.602845,1.609235
2013-10-17T11:00:00+02:00,1.609235,1.612335,1.603735,1.611615
2013-10-17T23:00:00+02:00,1.611615,1.617295,1.61041,1.612525
2013-10-18T11:00:00+02:00,1.612525,1.613695,1.607145,1.61049
2013-10-20T23:00:00+02:00,1.61049,1.615455,1.608295,1.61446
2013-10-21T11:00:00+02:00,1.61446,1.61964,1.61272,1.618415
2013-10-21T23:00:00+02:00,1.618415,1.62003,1.616135,1.618995
2013-10-22T11:00:00+02:00,1.618995,1.62376,1.61199,1.61871
2013-10-22T23:00:00+02:00,1.61871,1.64179,1.617445,1.640135
2013-10-23T11:00:00+02:00,1.640135,1.64679,1.63805,1.64136
2013-10-23T23:00:00+02:00,1.64136,1.647555,1.63264,1.647245
2013-10-24T11:00:00+02:00,1.647245,1.65882,1.647005,1.65193
2013-10-24T23:00:00+02:00,1.65193,1.66494,1.65051,1.66492
2013-10-25T11:00:00+02:00,1.66492,1.668625,1.655975,1.667015
2013-10-27T22:00:00+01:00,1.667015,1.667375,1.66114,1.662235
2013-10-28T10:00:00+01:00,1.662235,1.665675,1.657335,1.66043
2013-10-28T22:00:00+01:00,1.66043,1.66924,1.65992,1.66798
2013-10-29T10:00:00+01:00,1.66798,1.671355,1.662425,1.664855
2013-10-29T22:00:00+01:00,1.664855,1.672375,1.65977,1.66239
2013-10-30T10:00:00+01:00,1.66239,1.672855,1.65908,1.661725
2013-10-30T22:00:00+01:00,1.661725,1.66766,1.657895,1.658355
2013-10-31T10:00:00+01:00,1.658355,1.65882,1.641645,1.644245
2013-10-31T22:00:00+01:00,1.644245,1.647845,1.63238,1.635015
2013-11-01T10:00:00+01:00,1.635015,1.64232,1.63098,1.631345
2013-11-03T23:00:00+01:00,1.631345,1.635325,1.626365,1.629135
2013-11-04T11:00:00+01:00,1.629135,1.633065,1.624815,1.631405
2013-11-04T23:00:00+01:00,1.631405,1.634955,1.62614,1.627495
2013-11-05T11:00:00+01:00,1.627495,1.62857,1.610545,1.61085
2013-11-05T23:00:00+01:00,1.61085,1.61334,1.6067,1.60781
2013-11-06T11:00:00+01:00,1.60781,1.61494,1.60531,1.61313
2013-11-06T23:00:00+01:00,1.61313,1.61871,1.61198,1.615695
2013-11-07T11:00:00+01:00,1.615695,1.617545,1.591545,1.612505
2013-11-07T23:00:00+01:00,1.612505,1.613935,1.605025,1.61222
2013-11-08T11:00:00+01:00,1.61222,1.622935,1.60371,1.61957
2013-11-10T23:00:00+01:00,1.61957,1.622635,1.611595,1.62209
2013-11-11T11:00:00+01:00,1.62209,1.628975,1.621375,1.624535
2013-11-11T23:00:00+01:00,1.624535,1.63212,1.622925,1.6283
2013-11-12T11:00:00+01:00,1.6283,1.643355,1.62631,1.63424
2013-11-12T23:00:00+01:00,1.63424,1.63888,1.63125,1.633125
2013-11-13T11:00:00+01:00,1.633125,1.63424,1.62475,1.626995
2013-11-13T23:00:00+01:00,1.626995,1.631795,1.61435,1.626855
2013-11-14T11:00:00+01:00,1.626855,1.63107,1.624035,1.626915
2013-11-14T23:00:00+01:00,1.626915,1.627375,1.62164,1.621705
2013-11-15T11:00:00+01:00,1.621705,1.62484,1.617475,1.61858
2013-11-17T23:00:00+01:00,1.61858,1.61858,1.60526,1.610805
2013-11-18T11:00:00+01:00,1.610805,1.62086,1.610005,1.620385
2013-11-18T23:00:00+01:00,1.620385,1.625955,1.61664,1.6186
2013-11-19T11:00:00+01:00,1.6186,1.622945,1.616575,1.617375
2013-11-19T23:00:00+01:00,1.617375,1.62667,1.61661,1.62177
2013-11-20T11:00:00+01:00,1.62177,1.63146,1.616775,1.62454
2013-11-20T23:00:00+01:00,1.62454,1.63684,1.62322,1.633695
2013-11-21T11:00:00+01:00,1.633695,1.645065,1.63323,1.6432
2013-11-21T23:00:00+01:00,1.6432,1.6497,1.634605,1.64891
2013-11-22T11:00:00+01:00,1.64891,1.66373,1.648875,1.654585
2013-11-24T23:00:00+01:00,1.654585,1.657175,1.644445,1.64778
2013-11-25T11:00:00+01:00,1.64778,1.650075,1.64381,1.64637
2013-11-25T23:00:00+01:00,1.64637,1.652015,1.638055,1.651205
2013-11-26T11:00:00+01:00,1.651205,1.659675,1.649475,1.6563
2013-11-26T23:00:00+01:00,1.6563,1.661955,1.653675,1.66195
2013-11-27T11:00:00+01:00,1.66195,1.673445,1.65644,1.666335
2013-11-27T23:00:00+01:00,1.666335,1.671165,1.65996,1.66773
2013-11-28T11:00:00+01:00,1.66773,1.676675,1.663415,1.675925
2013-11-28T23:00:00+01:00,1.675925,1.68439,1.67317,1.675175
2013-11-29T11:00:00+01:00,1.675175,1.677625,1.66584,1.67295
2013-12-01T23:00:00+01:00,1.67295,1.67295,1.653865,1.6544
2013-12-02T11:00:00+01:00,1.6544,1.65921,1.648935,1.65439
2013-12-02T23:00:00+01:00,1.65439,1.65956,1.648345,1.649115
2013-12-03T11:00:00+01:00,1.649115,1.651365,1.64444,1.648595
2013-12-03T23:00:00+01:00,1.648595,1.66267,1.648165,1.66017
2013-12-04T11:00:00+01:00,1.66017,1.663635,1.65187,1.65802
2013-12-04T23:00:00+01:00,1.65802,1.661675,1.653055,1.660675
2013-12-05T11:00:00+01:00,1.660675,1.672285,1.65398,1.662705
2013-12-05T23:00:00+01:00,1.662705,1.670165,1.660705,1.66899
2013-12-06T11:00:00+01:00,1.66899,1.67508,1.651375,1.6547
2013-12-08T23:00:00+01:00,1.6547,1.65828,1.647245,1.65662
2013-12-09T11:00:00+01:00,1.65662,1.66168,1.65492,1.658775
2013-12-09T23:00:00+01:00,1.658775,1.662315,1.655485,1.65988
2013-12-10T11:00:00+01:00,1.65988,1.659995,1.651795,1.65551
2013-12-10T23:00:00+01:00,1.65551,1.66596,1.6552,1.662695
2013-12-11T11:00:00+01:00,1.662695,1.67993,1.66225,1.669445
2013-12-11T23:00:00+01:00,1.669445,1.670715,1.656925,1.66137
2013-12-12T11:00:00+01:00,1.66137,1.67353,1.655775,1.667055
2013-12-12T23:00:00+01:00,1.667055,1.67922,1.66657,1.670945
2013-12-13T11:00:00+01:00,1.670945,1.673315,1.65973,1.66252
2013-12-15T23:00:00+01:00,1.66252,1.668395,1.65871,1.66823
2013-12-16T11:00:00+01:00,1.66823,1.671925,1.661985,1.666255
2013-12-16T23:00:00+01:00,1.666255,1.668295,1.66054,1.66429
2013-12-17T11:00:00+01:00,1.66429,1.66874,1.66071,1.664585
2013-12-17T23:00:00+01:00,1.664585,1.67128,1.66177,1.66664
2013-12-18T11:00:00+01:00,1.66664,1.68124,1.65679,1.661275
2013-12-18T23:00:00+01:00,1.661275,1.67269,1.661025,1.669985
2013-12-19T11:00:00+01:00,1.669985,1.67672,1.66712,1.667705
2013-12-19T23:00:00+01:00,1.667705,1.671545,1.66,1.670855
2013-12-20T11:00:00+01:00,1.670855,1.67509,1.66363,1.66832
2013-12-22T23:00:00+01:00,1.66832,1.670965,1.664395,1.6691
2013-12-23T11:00:00+01:00,1.6691,1.67254,1.66742,1.67031
2013-12-23T23:00:00+01:00,1.67031,1.674105,1.66899,1.67003
2013-12-24T11:00:00+01:00,1.67003,1.67356,1.66792,1.67044
2013-12-25T23:00:00+01:00,1.67044,1.67755,1.67014,1.67738
2013-12-26T11:00:00+01:00,1.67738,1.679915,1.67561,1.676665
2013-12-26T23:00:00+01:00,1.676665,1.687395,1.67575,1.686195
2013-12-27T11:00:00+01:00,1.686195,1.699745,1.68196,1.68704
2013-12-29T23:00:00+01:00,1.68704,1.69266,1.682445,1.685125
2013-12-30T11:00:00+01:00,1.685125,1.687905,1.68023,1.68238
2013-12-30T23:00:00+01:00,1.68238,1.68306,1.67494,1.67634
2013-12-31T11:00:00+01:00,1.67634,1.678615,1.67098,1.6737
2014-01-01T23:00:00+01:00,1.6737,1.67984,1.670605,1.67709
2014-01-02T11:00:00+01:00,1.67709,1.683215,1.6576,1.670275
2014-01-02T23:00:00+01:00,1.670275,1.6706,1.64729,1.649335
2014-01-03T11:00:00+01:00,1.649335,1.651075,1.63674,1.642465
2014-01-05T23:00:00+01:00,1.642465,1.64883,1.63999,1.645015
2014-01-06T11:00:00+01:00,1.645015,1.6485,1.64146,1.643685
2014-01-06T23:00:00+01:00,1.643685,1.65038,1.64252,1.644345
2014-01-07T11:00:00+01:00,1.644345,1.648225,1.64173,1.64368
2014-01-07T23:00:00+01:00,1.64368,1.64693,1.641405,1.64384
2014-01-08T11:00:00+01:00,1.64384,1.64548,1.63524,1.642535
2014-01-08T23:00:00+01:00,1.642535,1.648025,1.64195,1.646755
2014-01-09T11:00:00+01:00,1.646755,1.65077,1.639935,1.648645
2014-01-09T23:00:00+01:00,1.648645,1.65319,1.64752,1.651135
2014-01-10T11:00:00+01:00,1.651135,1.65777,1.64489,1.64637
2014-01-12T23:00:00+01:00,1.64637,1.64977,1.63917,1.63931
2014-01-13T11:00:00+01:00,1.63931,1.64024,1.62721,1.631975
2014-01-13T23:00:00+01:00,1.631975,1.634155,1.626815,1.628325
2014-01-14T11:00:00+01:00,1.628325,1.63407,1.622445,1.631735
2014-01-14T23:00:00+01:00,1.631735,1.636155,1.62823,1.62911
2014-01-15T11:00:00+01:00,1.62911,1.632655,1.626305,1.631465
2014-01-15T23:00:00+01:00,1.631465,1.639755,1.630385,1.639
2014-01-16T11:00:00+01:00,1.639,1.64183,1.627415,1.63005
2014-01-16T23:00:00+01:00,1.63005,1.646825,1.628785,1.64606
2014-01-17T11:00:00+01:00,1.64606,1.64644,1.637,1.6402
2014-01-19T23:00:00+01:00,1.6402,1.65014,1.63646,1.6425
2014-01-20T11:00:00+01:00,1.6425,1.643465,1.62749,1.62763
2014-01-20T23:00:00+01:00,1.62763,1.63096,1.623775,1.62981
2014-01-21T11:00:00+01:00,1.62981,1.632725,1.62414,1.63048
2014-01-21T23:00:00+01:00,1.63048,1.63339,1.62538,1.625935
2014-01-22T11:00:00+01:00,1.625935,1.634265,1.62521,1.630385
2014-01-22T23:00:00+01:00,1.630385,1.6439,1.629095,1.63875
2014-01-23T11:00:00+01:00,1.63875,1.65341,1.637515,1.64954
2014-01-23T23:00:00+01:00,1.64954,1.659815,1.646865,1.6531
2014-01-24T11:00:00+01:00,1.6531,1.66893,1.65269,1.66489
2014-01-26T23:00:00+01:00,1.66489,1.668925,1.657315,1.664315
2014-01-27T11:00:00+01:00,1.664315,1.665725,1.654235,1.66072
2014-01-27T23:00:00+01:00,1.66072,1.66329,1.64517,1.648965
2014-01-28T11:00:00+01:00,1.648965,1.656805,1.64578,1.655445
2014-01-28T23:00:00+01:00,1.655445,1.65646,1.645605,1.65011
2014-01-29T11:00:00+01:00,1.65011,1.67005,1.64265,1.663275
2014-01-29T23:00:00+01:00,1.663275,1.672505,1.66184,1.670045
2014-01-30T11:00:00+01:00,1.670045,1.67041,1.65821,1.65975
2014-01-30T23:00:00+01:00,1.65975,1.667365,1.657045,1.661395
2014-01-31T11:00:00+01:00,1.661395,1.674755,1.657235,1.66778
2014-02-02T23:00:00+01:00,1.66778,1.66778,1.66011,1.66423
2014-02-03T11:00:00+01:00,1.66423,1.674375,1.660125,1.67278
2014-02-03T23:00:00+01:00,1.67278,1.678695,1.65515,1.6571
2014-02-04T11:00:00+01:00,1.6571,1.66034,1.63669,1.639905
2014-02-04T23:00:00+01:00,1.639905,1.65006,1.63784,1.64409
2014-02-05T11:00:00+01:00,1.64409,1.65301,1.642265,1.64722
2014-02-05T23:00:00+01:00,1.64722,1.64825,1.639,1.642305
2014-02-06T11:00:00+01:00,1.642305,1.654875,1.636185,1.647595
2014-02-06T23:00:00+01:00,1.647595,1.65495,1.644605,1.645175
2014-02-07T11:00:00+01:00,1.645175,1.65166,1.63903,1.643745
2014-02-09T23:00:00+01:00,1.643745,1.65255,1.6431,1.647935
2014-02-10T11:00:00+01:00,1.647935,1.6509,1.647515,1.65026
2014-02-10T23:00:00+01:00,1.65026,1.65146,1.641335,1.641485
2014-02-11T11:00:00+01:00,1.641485,1.64622,1.63592,1.63872
2014-02-11T23:00:00+01:00,1.63872,1.642175,1.629095,1.63228
2014-02-12T11:00:00+01:00,1.63228,1.635895,1.62538,1.633475
2014-02-12T23:00:00+01:00,1.633475,1.643055,1.630555,1.64259
2014-02-13T11:00:00+01:00,1.64259,1.64308,1.63512,1.639945
2014-02-13T23:00:00+01:00,1.639945,1.64242,1.632795,1.63606
2014-02-14T11:00:00+01:00,1.63606,1.638755,1.634865,1.63642
2014-02-16T23:00:00+01:00,1.63642,1.639955,1.634635,1.63717
2014-02-17T11:00:00+01:00,1.63717,1.64098,1.63693,1.638705
2014-02-17T23:00:00+01:00,1.638705,1.65094,1.63425,1.650305
2014-02-18T11:00:00+01:00,1.650305,1.65756,1.64858,1.65677
2014-02-18T23:00:00+01:00,1.65677,1.66225,1.64969,1.65001
2014-02-19T11:00:00+01:00,1.65001,1.660915,1.647955,1.65953
2014-02-19T23:00:00+01:00,1.65953,1.66757,1.651855,1.653565
2014-02-20T11:00:00+01:00,1.653565,1.65692,1.650065,1.652035
2014-02-20T23:00:00+01:00,1.652035,1.654115,1.6499,1.65311
2014-02-21T11:00:00+01:00,1.65311,1.661925,1.650595,1.659085
2014-02-23T23:00:00+01:00,1.659085,1.662615,1.656525,1.661295
2014-02-24T11:00:00+01:00,1.661295,1.662475,1.64672,1.648925
2014-02-24T23:00:00+01:00,1.648925,1.653325,1.64597,1.650905
2014-02-25T11:00:00+01:00,1.650905,1.652235,1.64627,1.650245
2014-02-25T23:00:00+01:00,1.650245,1.653875,1.646725,1.647005
2014-02-26T11:00:00+01:00,1.647005,1.65195,1.644675,1.64603
2014-02-26T23:00:00+01:00,1.64603,1.64951,1.633535,1.63419
2014-02-27T11:00:00+01:00,1.63419,1.63909,1.63126,1.638135
2014-02-27T23:00:00+01:00,1.638135,1.63978,1.627785,1.62957
2014-02-28T11:00:00+01:00,1.62957,1.6477,1.62957,1.646095
2014-03-02T23:00:00+01:00,1.646095,1.651495,1.64235,1.646505
2014-03-03T11:00:00+01:00,1.646505,1.648395,1.640785,1.64093
2014-03-03T23:00:00+01:00,1.64093,1.644195,1.63827,1.640775
2014-03-04T11:00:00+01:00,1.640775,1.64327,1.635935,1.637235
2014-03-04T23:00:00+01:00,1.637235,1.640235,1.63231,1.633025
2014-03-05T11:00:00+01:00,1.633025,1.63305,1.62883,1.631845
2014-03-05T23:00:00+01:00,1.631845,1.633295,1.621625,1.62231
2014-03-06T11:00:00+01:00,1.62231,1.635635,1.61954,1.63522
2014-03-06T23:00:00+01:00,1.63522,1.637365,1.630655,1.631165
2014-03-07T11:00:00+01:00,1.631165,1.64216,1.63102,1.63922
2014-03-09T22:00:00+01:00,1.63922,1.643925,1.636555,1.64061
2014-03-10T10:00:00+01:00,1.64061,1.64321,1.63769,1.63805
2014-03-10T22:00:00+01:00,1.63805,1.6388,1.629985,1.632165
2014-03-11T10:00:00+01:00,1.632165,1.639365,1.63058,1.63626
2014-03-11T22:00:00+01:00,1.63626,1.640395,1.63258,1.634315
2014-03-12T10:00:00+01:00,1.634315,1.64828,1.63094,1.63109
2014-03-12T22:00:00+01:00,1.63109,1.633305,1.62278,1.62754
2014-03-13T10:00:00+01:00,1.62754,1.630645,1.619375,1.623805
2014-03-13T22:00:00+01:00,1.623805,1.625715,1.62064,1.623675
2014-03-14T10:00:00+01:00,1.623675,1.630705,1.623005,1.62918
2014-03-16T22:00:00+01:00,1.62918,1.631565,1.623305,1.624765
2014-03-17T10:00:00+01:00,1.624765,1.628225,1.618205,1.62537
2014-03-17T22:00:00+01:00,1.62537,1.6297,1.623455,1.625085
2014-03-18T10:00:00+01:00,1.625085,1.625335,1.60874,1.615975
2014-03-18T22:00:00+01:00,1.615975,1.619605,1.61436,1.616205
2014-03-19T10:00:00+01:00,1.616205,1.620635,1.61107,1.6157
2014-03-19T22:00:00+01:00,1.6157,1.62329,1.61335,1.61801
2014-03-20T10:00:00+01:00,1.61801,1.61871,1.612165,1.615115
2014-03-20T22:00:00+01:00,1.615115,1.616245,1.608955,1.610335
2014-03-21T10:00:00+01:00,1.610335,1.61703,1.608865,1.61592
2014-03-23T22:00:00+01:00,1.61592,1.62353,1.612255,1.616465
2014-03-24T10:00:00+01:00,1.616465,1.621035,1.611285,1.61918
2014-03-24T22:00:00+01:00,1.61918,1.620235,1.615465,1.61621
2014-03-25T10:00:00+01:00,1.61621,1.61703,1.60737,1.61197
2014-03-25T22:00:00+01:00,1.61197,1.61352,1.60222,1.6025
2014-03-26T10:00:00+01:00,1.6025,1.605095,1.59997,1.60393
2014-03-26T22:00:00+01:00,1.60393,1.604735,1.5853,1.58691
2014-03-27T10:00:00+01:00,1.58691,1.590955,1.583045,1.58441
2014-03-27T22:00:00+01:00,1.58441,1.58651,1.57679,1.57821
2014-03-28T10:00:00+01:00,1.57821,1.589835,1.577215,1.58763
2014-03-30T23:00:00+02:00,1.58763,1.591245,1.584715,1.58887
2014-03-31T11:00:00+02:00,1.58887,1.596365,1.585975,1.587095
2014-03-31T23:00:00+02:00,1.587095,1.58995,1.58546,1.588355
2014-04-01T11:00:00+02:00,1.588355,1.596435,1.58492,1.596345
2014-04-01T23:00:00+02:00,1.596345,1.60977,1.596345,1.60913
2014-04-02T11:00:00+02:00,1.60913,1.610915,1.605645,1.60582
2014-04-02T23:00:00+02:00,1.60582,1.616295,1.60433,1.61393
2014-04-03T11:00:00+02:00,1.61393,1.61828,1.604815,1.605615
2014-04-03T23:00:00+02:00,1.605615,1.607235,1.601325,1.604005
2014-04-04T11:00:00+02:00,1.604005,1.605905,1.589745,1.592625
2014-04-06T23:00:00+02:00,1.592625,1.59691,1.59042,1.593475
2014-04-07T11:00:00+02:00,1.593475,1.60077,1.59329,1.59729
2014-04-07T23:00:00+02:00,1.59729,1.59791,1.58637,1.58775
2014-04-08T11:00:00+02:00,1.58775,1.595975,1.58573,1.590425
2014-04-08T23:00:00+02:00,1.590425,1.592025,1.58368,1.585495
2014-04-09T11:00:00+02:00,1.585495,1.59802,1.585155,1.589535
2014-04-09T23:00:00+02:00,1.589535,1.590535,1.583875,1.589495
2014-04-10T11:00:00+02:00,1.589495,1.59971,1.588365,1.59921
2014-04-10T23:00:00+02:00,1.59921,1.610735,1.59863,1.59996
2014-04-11T11:00:00+02:00,1.59996,1.60265,1.595715,1.59771
2014-04-13T23:00:00+02:00,1.59771,1.602945,1.592825,1.59844
2014-04-14T11:00:00+02:00,1.59844,1.59934,1.590715,1.59086
2014-04-14T23:00:00+02:00,1.59086,1.59995,1.58955,1.595045
2014-04-15T11:00:00+02:00,1.595045,1.60163,1.59272,1.59823
2014-04-15T23:00:00+02:00,1.59823,1.612205,1.59718,1.60983
2014-04-16T11:00:00+02:00,1.60983,1.61123,1.600095,1.601845
2014-04-16T23:00:00+02:00,1.601845,1.60705,1.59909,1.604615
2014-04-17T11:00:00+02:00,1.604615,1.61338,1.604605,1.61176
2014-04-17T23:00:00+02:00,1.61176,1.612305,1.60864,1.609335
2014-04-18T11:00:00+02:00,1.609335,1.61208,1.60797,1.60968
2014-04-20T23:00:00+02:00,1.60968,1.61347,1.60598,1.61236
2014-04-21T11:00:00+02:00,1.61236,1.613415,1.608895,1.61023
2014-04-21T23:00:00+02:00,1.61023,1.610895,1.604605,1.608155
2014-04-22T11:00:00+02:00,1.608155,1.60866,1.60212,1.60515
2014-04-22T23:00:00+02:00,1.60515,1.612335,1.601135,1.612075
2014-04-23T11:00:00+02:00,1.612075,1.61536,1.607205,1.60923
2014-04-23T23:00:00+02:00,1.60923,1.611035,1.600245,1.61053
2014-04-24T11:00:00+02:00,1.61053,1.61701,1.608465,1.614525
2014-04-24T23:00:00+02:00,1.614525,1.61687,1.612155,1.612775
2014-04-25T11:00:00+02:00,1.612775,1.614645,1.60991,1.61296
2014-04-27T23:00:00+02:00,1.61296,1.619355,1.61036,1.61837
2014-04-28T11:00:00+02:00,1.61837,1.625175,1.61788,1.622295
2014-04-28T23:00:00+02:00,1.622295,1.628655,1.62078,1.6267
2014-04-29T11:00:00+02:00,1.6267,1.62687,1.61413,1.615885
2014-04-29T23:00:00+02:00,1.615885,1.61624,1.610325,1.611825
2014-04-30T11:00:00+02:00,1.611825,1.620375,1.60726,1.609425
2014-04-30T23:00:00+02:00,1.609425,1.611935,1.607885,1.609095
2014-05-01T11:00:00+02:00,1.609095,1.61282,1.604715,1.60662
2014-05-01T23:00:00+02:00,1.60662,1.60966,1.603495,1.60398
2014-05-02T11:00:00+02:00,1.60398,1.608555,1.59975,1.601175
2014-05-04T23:00:00+02:00,1.601175,1.60488,1.59961,1.601405
2014-05-05T11:00:00+02:00,1.601405,1.602875,1.59771,1.598825
2014-05-05T23:00:00+02:00,1.598825,1.59911,1.5921,1.596035
2014-05-06T11:00:00+02:00,1.596035,1.596425,1.587175,1.59336
2014-05-06T23:00:00+02:00,1.59336,1.60573,1.592965,1.60474
2014-05-07T11:00:00+02:00,1.60474,1.608865,1.60293,1.606465
2014-05-07T23:00:00+02:00,1.606465,1.61009,1.60464,1.60895
2014-05-08T11:00:00+02:00,1.60895,1.618005,1.59993,1.60075
2014-05-08T23:00:00+02:00,1.60075,1.606055,1.59826,1.59998
2014-05-09T11:00:00+02:00,1.59998,1.601175,1.59431,1.597515
2014-05-11T23:00:00+02:00,1.597515,1.598495,1.59376,1.596905
2014-05-12T11:00:00+02:00,1.596905,1.59809,1.593915,1.595965
2014-05-12T23:00:00+02:00,1.595965,1.59667,1.592935,1.594635
2014-05-13T11:00:00+02:00,1.594635,1.59464,1.582785,1.58826
2014-05-13T23:00:00+02:00,1.58826,1.590925,1.583345,1.58598
2014-05-14T11:00:00+02:00,1.58598,1.58606,1.58057,1.58221
2014-05-14T23:00:00+02:00,1.58221,1.58555,1.575245,1.57635
2014-05-15T11:00:00+02:00,1.57635,1.59056,1.575015,1.586235
2014-05-15T23:00:00+02:00,1.586235,1.59116,1.584415,1.58768
2014-05-16T11:00:00+02:00,1.58768,1.58971,1.58451,1.587265
2014-05-18T23:00:00+02:00,1.587265,1.58868,1.583135,1.58584
2014-05-19T11:00:00+02:00,1.58584,1.59035,1.58488,1.58875
2014-05-19T23:00:00+02:00,1.58875,1.59685,1.58779,1.594665
2014-05-20T11:00:00+02:00,1.594665,1.599465,1.59242,1.598125
2014-05-20T23:00:00+02:00,1.598125,1.60223,1.59567,1.59629
2014-05-21T11:00:00+02:00,1.59629,1.60061,1.59484,1.59589
2014-05-21T23:00:00+02:00,1.59589,1.59915,1.59145,1.5955
2014-05-22T11:00:00+02:00,1.5955,1.59901,1.59122,1.594315
2014-05-22T23:00:00+02:00,1.594315,1.594995,1.59185,1.592835
2014-05-23T11:00:00+02:00,1.592835,1.597465,1.592745,1.59409
2014-05-25T23:00:00+02:00,1.59409,1.598005,1.593725,1.59677
2014-05-26T11:00:00+02:00,1.59677,1.59818,1.59462,1.596035
2014-05-26T23:00:00+02:00,1.596035,1.59659,1.59281,1.59438
2014-05-27T11:00:00+02:00,1.59438,1.597775,1.59197,1.59219
2014-05-27T23:00:00+02:00,1.59219,1.60411,1.590835,1.603055
2014-05-28T11:00:00+02:00,1.603055,1.605455,1.59813,1.599895
2014-05-28T23:00:00+02:00,1.599895,1.60483,1.599,1.60148
2014-05-29T11:00:00+02:00,1.60148,1.609895,1.600255,1.60279
2014-05-29T23:00:00+02:00,1.60279,1.60527,1.597495,1.60286
2014-05-30T11:00:00+02:00,1.60286,1.608575,1.602495,1.604805
2014-06-01T23:00:00+02:00,1.604805,1.609875,1.603645,1.606125
2014-06-02T11:00:00+02:00,1.606125,1.611065,1.60519,1.60858
2014-06-02T23:00:00+02:00,1.60858,1.611,1.604695,1.60539
2014-06-03T11:00:00+02:00,1.60539,1.61868,1.604805,1.616275
2014-06-03T23:00:00+02:00,1.616275,1.61979,1.6126,1.617215
2014-06-04T11:00:00+02:00,1.617215,1.62066,1.614275,1.6148
2014-06-04T23:00:00+02:00,1.6148,1.615535,1.609365,1.61329
2014-06-05T11:00:00+02:00,1.61329,1.614945,1.59771,1.607265
2014-06-05T23:00:00+02:00,1.607265,1.610715,1.59682,1.59838
2014-06-06T11:00:00+02:00,1.59838,1.60636,1.59729,1.60479
2014-06-08T23:00:00+02:00,1.60479,1.605905,1.60043,1.60082
2014-06-09T11:00:00+02:00,1.60082,1.60256,1.59804,1.60054
2014-06-09T23:00:00+02:00,1.60054,1.60083,1.59247,1.592855
2014-06-10T11:00:00+02:00,1.592855,1.594255,1.58836,1.588775
2014-06-10T23:00:00+02:00,1.588775,1.58966,1.57977,1.57993
2014-06-11T11:00:00+02:00,1.57993,1.5849,1.578515,1.58336
2014-06-11T23:00:00+02:00,1.58336,1.58605,1.55859,1.561425
2014-06-12T11:00:00+02:00,1.561425,1.563305,1.556735,1.55987
2014-06-12T23:00:00+02:00,1.55987,1.567465,1.558695,1.56597
2014-06-13T11:00:00+02:00,1.56597,1.568925,1.5605,1.56243
2014-06-15T23:00:00+02:00,1.56243,1.56325,1.556835,1.559585
2014-06-16T11:00:00+02:00,1.559585,1.56478,1.55893,1.56466
2014-06-16T23:00:00+02:00,1.56466,1.568495,1.563085,1.56753
2014-06-17T11:00:00+02:00,1.56753,1.56789,1.563425,1.56442
2014-06-17T23:00:00+02:00,1.56442,1.56564,1.561965,1.56354
2014-06-18T11:00:00+02:00,1.56354,1.56592,1.555345,1.556445
2014-06-18T23:00:00+02:00,1.556445,1.56441,1.555275,1.56323
2014-06-19T11:00:00+02:00,1.56323,1.563955,1.560435,1.56113
2014-06-19T23:00:00+02:00,1.56113,1.563735,1.56067,1.56368
2014-06-20T11:00:00+02:00,1.56368,1.56468,1.56108,1.563555
2014-06-22T23:00:00+02:00,1.563555,1.563555,1.554075,1.55482
2014-06-23T11:00:00+02:00,1.55482,1.562425,1.554355,1.56126
2014-06-23T23:00:00+02:00,1.56126,1.564515,1.5585,1.56438
2014-06-24T11:00:00+02:00,1.56438,1.569365,1.56314,1.568735
2014-06-24T23:00:00+02:00,1.568735,1.570775,1.56583,1.56667
2014-06-25T11:00:00+02:00,1.56667,1.566735,1.55952,1.55982
2014-06-25T23:00:00+02:00,1.55982,1.56167,1.551975,1.552925
2014-06-26T11:00:00+02:00,1.552925,1.554475,1.54899,1.55004
2014-06-26T23:00:00+02:00,1.55004,1.556395,1.547885,1.55484
2014-06-27T11:00:00+02:00,1.55484,1.557105,1.55325,1.55506
2014-06-29T23:00:00+02:00,1.55506,1.56367,1.55368,1.56329
2014-06-30T11:00:00+02:00,1.56329,1.56516,1.56065,1.563345
2014-06-30T23:00:00+02:00,1.563345,1.56407,1.559465,1.56404
2014-07-01T11:00:00+02:00,1.56404,1.565065,1.556935,1.558905
2014-07-01T23:00:00+02:00,1.558905,1.562985,1.557225,1.55726
2014-07-02T11:00:00+02:00,1.55726,1.56056,1.55636,1.55694
2014-07-02T23:00:00+02:00,1.55694,1.5611,1.55555,1.55836
2014-07-03T11:00:00+02:00,1.55836,1.56113,1.55303,1.5548
2014-07-03T23:00:00+02:00,1.5548,1.55801,1.55374,1.55529
2014-07-04T11:00:00+02:00,1.55529,1.5569,1.553265,1.55549
2014-07-06T23:00:00+02:00,1.55549,1.558605,1.553855,1.55541
2014-07-07T11:00:00+02:00,1.55541,1.55619,1.551285,1.55323
2014-07-07T23:00:00+02:00,1.55323,1.55686,1.543815,1.545905
2014-07-08T11:00:00+02:00,1.545905,1.550205,1.545115,1.548945
2014-07-08T23:00:00+02:00,1.548945,1.549955,1.544815,1.545455
2014-07-09T11:00:00+02:00,1.545455,1.54911,1.54469,1.546175
2014-07-09T23:00:00+02:00,1.546175,1.54816,1.544715,1.54722
2014-07-10T11:00:00+02:00,1.54722,1.54896,1.54119,1.54246
2014-07-10T23:00:00+02:00,1.54246,1.544895,1.54181,1.543255
2014-07-11T11:00:00+02:00,1.543255,1.54567,1.541265,1.54449
2014-07-13T23:00:00+02:00,1.54449,1.547025,1.54142,1.547005
2014-07-14T11:00:00+02:00,1.547005,1.548065,1.544885,1.54694
2014-07-14T23:00:00+02:00,1.54694,1.549895,1.544905,1.547055
2014-07-15T11:00:00+02:00,1.547055,1.54998,1.54345,1.547595
2014-07-15T23:00:00+02:00,1.547595,1.55998,1.547015,1.55783
2014-07-16T11:00:00+02:00,1.55783,1.558035,1.551535,1.55244
2014-07-16T23:00:00+02:00,1.55244,1.557965,1.551365,1.556175
2014-07-17T11:00:00+02:00,1.556175,1.56068,1.553725,1.560405
2014-07-17T23:00:00+02:00,1.560405,1.56292,1.555585,1.55919
2014-07-18T11:00:00+02:00,1.55919,1.559815,1.555835,1.55706
2014-07-20T23:00:00+02:00,1.55706,1.55706,1.55228,1.55548
2014-07-21T11:00:00+02:00,1.55548,1.556935,1.55409,1.5565
2014-07-21T23:00:00+02:00,1.5565,1.559285,1.55516,1.555745
2014-07-22T11:00:00+02:00,1.555745,1.557425,1.55085,1.55362
2014-07-22T23:00:00+02:00,1.55362,1.555435,1.548435,1.54992
2014-07-23T11:00:00+02:00,1.54992,1.55236,1.54603,1.54716
2014-07-23T23:00:00+02:00,1.54716,1.57141,1.54701,1.570675
2014-07-24T11:00:00+02:00,1.570675,1.57083,1.56719,1.57043
2014-07-24T23:00:00+02:00,1.57043,1.574525,1.56834,1.573395
2014-07-25T11:00:00+02:00,1.573395,1.57515,1.56883,1.57012
2014-07-27T23:00:00+02:00,1.57012,1.57468,1.569475,1.573445
2014-07-28T11:00:00+02:00,1.573445,1.573825,1.56967,1.5723
2014-07-28T23:00:00+02:00,1.5723,1.579335,1.57044,1.578995
2014-07-29T11:00:00+02:00,1.578995,1.579705,1.575035,1.57661
2014-07-29T23:00:00+02:00,1.57661,1.577515,1.57422,1.57554
2014-07-30T11:00:00+02:00,1.57554,1.58053,1.573505,1.577765
2014-07-30T23:00:00+02:00,1.577765,1.57962,1.572375,1.57743
2014-07-31T11:00:00+02:00,1.57743,1.57925,1.574925,1.575315
2014-07-31T23:00:00+02:00,1.575315,1.57882,1.57332,1.577945
2014-08-01T11:00:00+02:00,1.577945,1.58308,1.574585,1.577915
2014-08-03T23:00:00+02:00,1.577915,1.579035,1.575645,1.5783
2014-08-04T11:00:00+02:00,1.5783,1.5798,1.573,1.57456
2014-08-04T23:00:00+02:00,1.57456,1.57644,1.570065,1.571215
2014-08-05T11:00:00+02:00,1.571215,1.581155,1.57067,1.579745
2014-08-05T23:00:00+02:00,1.579745,1.58687,1.57805,1.584105
2014-08-06T11:00:00+02:00,1.584105,1.58482,1.575065,1.57854
2014-08-06T23:00:00+02:00,1.57854,1.583035,1.57753,1.580195
2014-08-07T11:00:00+02:00,1.580195,1.581225,1.57303,1.57643
2014-08-07T23:00:00+02:00,1.57643,1.58443,1.576305,1.5821
2014-08-08T11:00:00+02:00,1.5821,1.58606,1.578015,1.58506
2014-08-10T23:00:00+02:00,1.58506,1.58506,1.58067,1.58219
2014-08-11T11:00:00+02:00,1.58219,1.58333,1.5812,1.582505
2014-08-11T23:00:00+02:00,1.582505,1.58994,1.581555,1.58513
2014-08-12T11:00:00+02:00,1.58513,1.58515,1.581585,1.58501
2014-08-12T23:00:00+02:00,1.58501,1.5873,1.582205,1.58309
2014-08-13T11:00:00+02:00,1.58309,1.586065,1.57919,1.580135
2014-08-13T23:00:00+02:00,1.580135,1.580555,1.571695,1.572455
2014-08-14T11:00:00+02:00,1.572455,1.5769,1.571945,1.573685
2014-08-14T23:00:00+02:00,1.573685,1.577885,1.573585,1.575895
2014-08-15T11:00:00+02:00,1.575895,1.579715,1.57404,1.578605
2014-08-17T23:00:00+02:00,1.578605,1.579505,1.576015,1.578985
2014-08-18T11:00:00+02:00,1.578985,1.579235,1.575285,1.5762
2014-08-18T23:00:00+02:00,1.5762,1.584915,1.575,1.58079
2014-08-19T11:00:00+02:00,1.58079,1.58263,1.57502,1.58206
2014-08-19T23:00:00+02:00,1.58206,1.588955,1.57953,1.5827
2014-08-20T11:00:00+02:00,1.5827,1.585055,1.57946,1.5834
2014-08-20T23:00:00+02:00,1.5834,1.586825,1.58272,1.584325
2014-08-21T11:00:00+02:00,1.584325,1.58434,1.57916,1.579995
2014-08-21T23:00:00+02:00,1.579995,1.58275,1.577245,1.57844
2014-08-22T11:00:00+02:00,1.57844,1.579055,1.573615,1.57542
2014-08-24T23:00:00+02:00,1.57542,1.58362,1.57128,1.577925
2014-08-25T11:00:00+02:00,1.577925,1.582045,1.577305,1.581275
2014-08-25T23:00:00+02:00,1.581275,1.58651,1.580295,1.58421
2014-08-26T11:00:00+02:00,1.58421,1.585115,1.580135,1.580285
2014-08-26T23:00:00+02:00,1.580285,1.581205,1.571575,1.57441
2014-08-27T11:00:00+02:00,1.57441,1.57833,1.57277,1.57548
2014-08-27T23:00:00+02:00,1.57548,1.577155,1.572415,1.573065
2014-08-28T11:00:00+02:00,1.573065,1.574245,1.571175,1.57247
2014-08-28T23:00:00+02:00,1.57247,1.576955,1.5686,1.570785
2014-08-29T11:00:00+02:00,1.570785,1.57612,1.568715,1.570485
2014-08-31T23:00:00+02:00,1.570485,1.572825,1.565585,1.56679
2014-09-01T11:00:00+02:00,1.56679,1.56791,1.565855,1.567245
2014-09-01T23:00:00+02:00,1.567245,1.57435,1.564785,1.573535
2014-09-02T11:00:00+02:00,1.573535,1.581775,1.57347,1.579195
2014-09-02T23:00:00+02:00,1.579195,1.58347,1.577585,1.578825
2014-09-03T11:00:00+02:00,1.578825,1.582295,1.5777,1.579295
2014-09-03T23:00:00+02:00,1.579295,1.58113,1.57867,1.57888
2014-09-04T11:00:00+02:00,1.57888,1.579325,1.55548,1.55828
2014-09-04T23:00:00+02:00,1.55828,1.563375,1.55773,1.563155
2014-09-05T11:00:00+02:00,1.563155,1.563235,1.554595,1.554925
2014-09-07T23:00:00+02:00,1.554925,1.559675,1.554415,1.556715
2014-09-08T11:00:00+02:00,1.556715,1.56454,1.555885,1.5585
2014-09-08T23:00:00+02:00,1.5585,1.5607,1.556945,1.55825
2014-09-09T11:00:00+02:00,1.55825,1.571685,1.55673,1.56925
2014-09-09T23:00:00+02:00,1.56925,1.57505,1.566155,1.574455
2014-09-10T11:00:00+02:00,1.574455,1.574845,1.564515,1.57072
2014-09-10T23:00:00+02:00,1.57072,1.583195,1.57005,1.5824
2014-09-11T11:00:00+02:00,1.5824,1.58301,1.576965,1.57914
2014-09-11T23:00:00+02:00,1.57914,1.58348,1.5768,1.58237
2014-09-12T11:00:00+02:00,1.58237,1.59168,1.579305,1.59027
2014-09-14T23:00:00+02:00,1.59027,1.595,1.587465,1.587815
2014-09-15T11:00:00+02:00,1.587815,1.58837,1.580335,1.58278
2014-09-15T23:00:00+02:00,1.58278,1.587665,1.580015,1.58763
2014-09-16T11:00:00+02:00,1.58763,1.589325,1.577425,1.580285
2014-09-16T23:00:00+02:00,1.580285,1.58517,1.579665,1.58319
2014-09-17T11:00:00+02:00,1.58319,1.594055,1.58235,1.58886
2014-09-17T23:00:00+02:00,1.58886,1.589935,1.584495,1.5849
2014-09-18T11:00:00+02:00,1.5849,1.58875,1.583305,1.585165
2014-09-18T23:00:00+02:00,1.585165,1.590245,1.57962,1.58368
2014-09-19T11:00:00+02:00,1.58368,1.58474,1.575055,1.578625
2014-09-21T23:00:00+02:00,1.578625,1.585825,1.57229,1.58541
2014-09-22T11:00:00+02:00,1.58541,1.58568,1.578355,1.582295
2014-09-22T23:00:00+02:00,1.582295,1.585865,1.57937,1.5846
2014-09-23T11:00:00+02:00,1.5846,1.598495,1.581515,1.595365
2014-09-23T23:00:00+02:00,1.595365,1.59653,1.58852,1.592115
2014-09-24T11:00:00+02:00,1.592115,1.592925,1.581625,1.58234
2014-09-24T23:00:00+02:00,1.58234,1.602975,1.58198,1.59909
2014-09-25T11:00:00+02:00,1.59909,1.61023,1.59658,1.609215
2014-09-25T23:00:00+02:00,1.609215,1.61547,1.60349,1.612065
2014-09-26T11:00:00+02:00,1.612065,1.61541,1.60718,1.61258
2014-09-28T23:00:00+02:00,1.61258,1.64476,1.611075,1.63429
2014-09-29T11:00:00+02:00,1.63429,1.635665,1.629475,1.63381
2014-09-29T23:00:00+02:00,1.63381,1.63766,1.62177,1.630915
2014-09-30T11:00:00+02:00,1.630915,1.630915,1.616755,1.61757
2014-09-30T23:00:00+02:00,1.61757,1.62476,1.614635,1.615685
2014-10-01T11:00:00+02:00,1.615685,1.622835,1.607625,1.62119
2014-10-01T23:00:00+02:00,1.62119,1.62453,1.598355,1.601595
2014-10-02T11:00:00+02:00,1.601595,1.61209,1.60127,1.60344
2014-10-02T23:00:00+02:00,1.60344,1.611845,1.60174,1.605245
2014-10-03T11:00:00+02:00,1.605245,1.61581,1.60248,1.6108
2014-10-05T23:00:00+02:00,1.6108,1.621635,1.608,1.61204
2014-10-06T11:00:00+02:00,1.61204,1.6169,1.60895,1.61408
2014-10-06T23:00:00+02:00,1.61408,1.62075,1.608295,1.610205
2014-10-07T11:00:00+02:00,1.610205,1.61777,1.606595,1.61739
2014-10-07T23:00:00+02:00,1.61739,1.622575,1.61607,1.61891
2014-10-08T11:00:00+02:00,1.61891,1.627055,1.609785,1.61075
2014-10-08T23:00:00+02:00,1.61075,1.61329,1.60343,1.60691
2014-10-09T11:00:00+02:00,1.60691,1.61661,1.603295,1.613235
2014-10-09T23:00:00+02:00,1.613235,1.62066,1.613015,1.61729
2014-10-10T11:00:00+02:00,1.61729,1.62208,1.610795,1.615885
2014-10-12T23:00:00+02:00,1.615885,1.62199,1.609465,1.612925
2014-10-13T11:00:00+02:00,1.612925,1.61633,1.60683,1.61568
2014-10-13T23:00:00+02:00,1.61568,1.61885,1.607835,1.610855
2014-10-14T11:00:00+02:00,1.610855,1.61718,1.60645,1.61399
2014-10-14T23:00:00+02:00,1.61399,1.61745,1.610325,1.61454
2014-10-15T11:00:00+02:00,1.61454,1.618915,1.60206,1.60737
2014-10-15T23:00:00+02:00,1.60737,1.6141,1.60303,1.613755
2014-10-16T11:00:00+02:00,1.613755,1.61895,1.60519,1.61125
2014-10-16T23:00:00+02:00,1.61125,1.6244,1.608365,1.612685
2014-10-17T11:00:00+02:00,1.612685,1.614425,1.605375,1.611635
2014-10-19T23:00:00+02:00,1.611635,1.611635,1.603445,1.60485
2014-10-20T11:00:00+02:00,1.60485,1.609625,1.60177,1.606655
2014-10-20T23:00:00+02:00,1.606655,1.60803,1.5955,1.60415
2014-10-21T11:00:00+02:00,1.60415,1.604455,1.59087,1.59732
2014-10-21T23:00:00+02:00,1.59732,1.59871,1.59105,1.59114
2014-10-22T11:00:00+02:00,1.59114,1.59678,1.59049,1.595365
2014-10-22T23:00:00+02:00,1.595365,1.613895,1.594955,1.61277
2014-10-23T11:00:00+02:00,1.61277,1.620435,1.609365,1.61661
2014-10-23T23:00:00+02:00,1.61661,1.62223,1.61141,1.615365
2014-10-24T11:00:00+02:00,1.615365,1.6155,1.61009,1.6132
2014-10-26T22:00:00+01:00,1.6132,1.616255,1.611485,1.61179
2014-10-27T10:00:00+01:00,1.61179,1.61337,1.60837,1.608675
2014-10-27T22:00:00+01:00,1.608675,1.61084,1.606285,1.608515
2014-10-28T10:00:00+01:00,1.608515,1.609885,1.60295,1.607865
2014-10-28T22:00:00+01:00,1.607865,1.609105,1.602365,1.603635
2014-10-29T10:00:00+01:00,1.603635,1.6265,1.600155,1.618975
2014-10-29T22:00:00+01:00,1.618975,1.624145,1.61099,1.611005
2014-10-30T10:00:00+01:00,1.611005,1.616595,1.60608,1.607905
2014-10-30T22:00:00+01:00,1.607905,1.61083,1.595965,1.598985
2014-10-31T10:00:00+01:00,1.598985,1.611175,1.596475,1.60751
2014-11-02T23:00:00+01:00,1.60751,1.612245,1.603465,1.60742
2014-11-03T11:00:00+01:00,1.60742,1.620935,1.60651,1.616815
2014-11-03T23:00:00+01:00,1.616815,1.620295,1.610405,1.611465
2014-11-04T11:00:00+01:00,1.611465,1.617125,1.605595,1.60656
2014-11-04T23:00:00+01:00,1.60656,1.611985,1.60057,1.61098
2014-11-05T11:00:00+01:00,1.61098,1.62194,1.610465,1.61544
2014-11-05T23:00:00+01:00,1.61544,1.62752,1.61258,1.61466
2014-11-06T11:00:00+01:00,1.61466,1.62111,1.6063,1.60932
2014-11-06T23:00:00+01:00,1.60932,1.615715,1.60782,1.611405
2014-11-07T11:00:00+01:00,1.611405,1.612915,1.603475,1.606985
2014-11-09T23:00:00+01:00,1.606985,1.606985,1.596405,1.59823
2014-11-10T11:00:00+01:00,1.59823,1.604925,1.59805,1.60304
2014-11-10T23:00:00+01:00,1.60304,1.60813,1.6007,1.60408
2014-11-11T11:00:00+01:00,1.60408,1.60412,1.593055,1.597955
2014-11-11T23:00:00+01:00,1.597955,1.59917,1.581665,1.58256
2014-11-12T11:00:00+01:00,1.58256,1.58696,1.57676,1.57868
2014-11-12T23:00:00+01:00,1.57868,1.5856,1.575015,1.57546
2014-11-13T11:00:00+01:00,1.57546,1.58294,1.572595,1.58273
2014-11-13T23:00:00+01:00,1.58273,1.58781,1.582575,1.58343
2014-11-14T11:00:00+01:00,1.58343,1.58544,1.57818,1.5837
2014-11-16T23:00:00+01:00,1.5837,1.5837,1.574485,1.578525
2014-11-17T11:00:00+01:00,1.578525,1.579385,1.56848,1.57351
2014-11-17T23:00:00+01:00,1.57351,1.57422,1.5682,1.573395
2014-11-18T11:00:00+01:00,1.573395,1.58242,1.56968,1.58225
2014-11-18T23:00:00+01:00,1.58225,1.59854,1.58115,1.597
2014-11-19T11:00:00+01:00,1.597,1.59953,1.59341,1.59871
2014-11-19T23:00:00+01:00,1.59871,1.604275,1.59453,1.596475
2014-11-20T11:00:00+01:00,1.596475,1.59897,1.59234,1.593645
2014-11-20T23:00:00+01:00,1.593645,1.596435,1.58205,1.58221
2014-11-21T11:00:00+01:00,1.58221,1.582345,1.564595,1.57153
2014-11-23T23:00:00+01:00,1.57153,1.57614,1.565805,1.575015
2014-11-24T11:00:00+01:00,1.575015,1.58414,1.57408,1.58257
2014-11-24T23:00:00+01:00,1.58257,1.59684,1.58071,1.594945
2014-11-25T11:00:00+01:00,1.594945,1.600575,1.593915,1.59761
2014-11-25T23:00:00+01:00,1.59761,1.5982,1.587875,1.59398
2014-11-26T11:00:00+01:00,1.59398,1.59554,1.585395,1.588485
2014-11-26T23:00:00+01:00,1.588485,1.58987,1.579055,1.57991
2014-11-27T11:00:00+01:00,1.57991,1.58857,1.57985,1.58493
2014-11-27T23:00:00+01:00,1.58493,1.59032,1.583125,1.583265
2014-11-28T11:00:00+01:00,1.583265,1.5921,1.58194,1.58782
2014-11-30T23:00:00+01:00,1.58782,1.599345,1.58486,1.58648
2014-12-01T11:00:00+01:00,1.58648,1.588635,1.579415,1.585445
2014-12-01T23:00:00+01:00,1.585445,1.58729,1.58025,1.58582
2014-12-02T11:00:00+01:00,1.58582,1.593285,1.584405,1.58649
2014-12-02T23:00:00+01:00,1.58649,1.59438,1.585455,1.58657
2014-12-03T11:00:00+01:00,1.58657,1.590545,1.581155,1.58663
2014-12-03T23:00:00+01:00,1.58663,1.59275,1.585585,1.590205
2014-12-04T11:00:00+01:00,1.590205,1.598325,1.58551,1.591295
2014-12-04T23:00:00+01:00,1.591295,1.5964,1.59045,1.592855
2014-12-05T11:00:00+01:00,1.592855,1.59675,1.58873,1.592785
2014-12-07T23:00:00+01:00,1.592785,1.60835,1.592785,1.60576
2014-12-08T11:00:00+01:00,1.60576,1.61023,1.600955,1.60954
2014-12-08T23:00:00+01:00,1.60954,1.61608,1.60725,1.61
2014-12-09T11:00:00+01:00,1.61,1.613885,1.603225,1.611315
2014-12-09T23:00:00+01:00,1.611315,1.614165,1.604025,1.607915
2014-12-10T11:00:00+01:00,1.607915,1.62066,1.58878,1.592985
2014-12-10T23:00:00+01:00,1.592985,1.59763,1.585575,1.595415
2014-12-11T11:00:00+01:00,1.595415,1.59801,1.584415,1.587475
2014-12-11T23:00:00+01:00,1.587475,1.59501,1.586875,1.58965
2014-12-12T11:00:00+01:00,1.58965,1.60581,1.58891,1.60239
2014-12-14T23:00:00+01:00,1.60239,1.608745,1.59872,1.598985
2014-12-15T11:00:00+01:00,1.598985,1.61008,1.598965,1.6059
2014-12-15T23:00:00+01:00,1.6059,1.61329,1.60439,1.608965
2014-12-16T11:00:00+01:00,1.608965,1.612185,1.59896,1.60444
2014-12-16T23:00:00+01:00,1.60444,1.61643,1.603485,1.613585
2014-12-17T11:00:00+01:00,1.613585,1.613615,1.59269,1.60215
2014-12-17T23:00:00+01:00,1.60215,1.606055,1.588345,1.591505
2014-12-18T11:00:00+01:00,1.591505,1.59267,1.58192,1.582585
2014-12-18T23:00:00+01:00,1.582585,1.583765,1.574955,1.5804
2014-12-19T11:00:00+01:00,1.5804,1.58177,1.57544,1.57867
2014-12-21T23:00:00+01:00,1.57867,1.58618,1.57726,1.57847
2014-12-22T11:00:00+01:00,1.57847,1.585005,1.577915,1.582485
2014-12-22T23:00:00+01:00,1.582485,1.584765,1.578965,1.57916
2014-12-23T11:00:00+01:00,1.57916,1.58222,1.57488,1.57883
2014-12-23T23:00:00+01:00,1.57883,1.57985,1.574855,1.578305
2014-12-24T11:00:00+01:00,1.578305,1.582245,1.576225,1.578625
2014-12-25T23:00:00+01:00,1.578625,1.5804,1.57347,1.573675
2014-12-26T11:00:00+01:00,1.573675,1.57413,1.568475,1.569185
2014-12-28T23:00:00+01:00,1.569185,1.572585,1.56381,1.565415
2014-12-29T11:00:00+01:00,1.565415,1.567,1.559755,1.560565
2014-12-29T23:00:00+01:00,1.560565,1.563135,1.553365,1.555045
2014-12-30T11:00:00+01:00,1.555045,1.55607,1.54992,1.552755
2014-12-30T23:00:00+01:00,1.552755,1.553785,1.54929,1.549915
2014-12-31T11:00:00+01:00,1.549915,1.55391,1.54756,1.552705
2015-01-01T23:00:00+01:00,1.552705,1.556515,1.54905,1.55624
2015-01-02T11:00:00+01:00,1.55624,1.563425,1.554495,1.558655
2015-01-04T23:00:00+01:00,1.558655,1.56811,1.54429,1.558175
2015-01-05T11:00:00+01:00,1.558175,1.558315,1.546045,1.55287
2015-01-05T23:00:00+01:00,1.55287,1.55365,1.53766,1.538915
2015-01-06T11:00:00+01:00,1.538915,1.540265,1.528785,1.53192
2015-01-06T23:00:00+01:00,1.53192,1.534355,1.52616,1.529765
2015-01-07T11:00:00+01:00,1.529765,1.53286,1.520645,1.52116
2015-01-07T23:00:00+01:00,1.52116,1.52424,1.5077,1.508595
2015-01-08T11:00:00+01:00,1.508595,1.513625,1.506515,1.50728
2015-01-08T23:00:00+01:00,1.50728,1.513645,1.505695,1.51221
2015-01-09T11:00:00+01:00,1.51221,1.51391,1.50481,1.511325
2015-01-11T23:00:00+01:00,1.511325,1.52164,1.50754,1.52082
2015-01-12T11:00:00+01:00,1.52082,1.525385,1.516795,1.520795
2015-01-12T23:00:00+01:00,1.520795,1.524915,1.519815,1.522575
2015-01-13T11:00:00+01:00,1.522575,1.52632,1.51927,1.521435
2015-01-13T23:00:00+01:00,1.521435,1.53334,1.51763,1.519245
2015-01-14T11:00:00+01:00,1.519245,1.527745,1.51903,1.527745
2015-01-14T23:00:00+01:00,1.527745,1.528975,1.50063,1.50539
2015-01-15T11:00:00+01:00,1.50539,1.518615,1.48203,1.486575
2015-01-15T23:00:00+01:00,1.486575,1.49444,1.480325,1.4916
2015-01-16T11:00:00+01:00,1.4916,1.49261,1.4789,1.48501
2015-01-18T23:00:00+01:00,1.48501,1.491745,1.48154,1.490195
2015-01-19T11:00:00+01:00,1.490195,1.496535,1.48731,1.491515
2015-01-19T23:00:00+01:00,1.491515,1.501415,1.48897,1.499965
2015-01-20T11:00:00+01:00,1.499965,1.51544,1.49794,1.51226
2015-01-20T23:00:00+01:00,1.51226,1.51868,1.50703,1.515575
2015-01-21T11:00:00+01:00,1.515575,1.53781,1.50679,1.53745
2015-01-21T23:00:00+01:00,1.53745,1.54385,1.53302,1.53783
2015-01-22T11:00:00+01:00,1.53783,1.53866,1.50952,1.51516
2015-01-22T23:00:00+01:00,1.51516,1.516945,1.500325,1.503705
2015-01-23T11:00:00+01:00,1.503705,1.511175,1.489065,1.50291
2015-01-25T23:00:00+01:00,1.50291,1.514605,1.49769,1.507445
2015-01-26T11:00:00+01:00,1.507445,1.524605,1.505605,1.51338
2015-01-26T23:00:00+01:00,1.51338,1.52396,1.510435,1.52183
2015-01-27T11:00:00+01:00,1.52183,1.528735,1.514115,1.527195
2015-01-27T23:00:00+01:00,1.527195,1.529325,1.51676,1.52056
2015-01-28T11:00:00+01:00,1.52056,1.542715,1.513545,1.542445
2015-01-28T23:00:00+01:00,1.542445,1.551935,1.535655,1.54856
2015-01-29T11:00:00+01:00,1.54856,1.563445,1.54785,1.557955
2015-01-29T23:00:00+01:00,1.557955,1.561825,1.55316,1.55752
2015-01-30T11:00:00+01:00,1.55752,1.56881,1.55165,1.55553
2015-02-01T23:00:00+01:00,1.55553,1.563565,1.55461,1.56349
2015-02-02T11:00:00+01:00,1.56349,1.564055,1.550275,1.5528
2015-02-02T23:00:00+01:00,1.5528,1.578355,1.55074,1.575205
2015-02-03T11:00:00+01:00,1.575205,1.58226,1.549435,1.560075
2015-02-03T23:00:00+01:00,1.560075,1.571575,1.540985,1.550005
2015-02-04T11:00:00+01:00,1.550005,1.553915,1.53829,1.54009
2015-02-04T23:00:00+01:00,1.54009,1.543415,1.534415,1.540255
2015-02-05T11:00:00+01:00,1.540255,1.5531,1.537555,1.551605
2015-02-05T23:00:00+01:00,1.551605,1.55282,1.541325,1.54424
2015-02-06T11:00:00+01:00,1.54424,1.549145,1.534845,1.53787
2015-02-08T23:00:00+01:00,1.53787,1.540985,1.52966,1.530105
2015-02-09T11:00:00+01:00,1.530105,1.5311,1.52003,1.52844
2015-02-09T23:00:00+01:00,1.52844,1.532345,1.52272,1.5256
2015-02-10T11:00:00+01:00,1.5256,1.53147,1.523565,1.529555
2015-02-10T23:00:00+01:00,1.529555,1.52987,1.5215,1.525
2015-02-11T11:00:00+01:00,1.525,1.54029,1.52382,1.53862
2015-02-11T23:00:00+01:00,1.53862,1.548585,1.533425,1.539215
2015-02-12T11:00:00+01:00,1.539215,1.54028,1.524895,1.535755
2015-02-12T23:00:00+01:00,1.535755,1.53903,1.5326,1.53897
2015-02-13T11:00:00+01:00,1.53897,1.539505,1.52609,1.52754
2015-02-15T23:00:00+01:00,1.52754,1.52754,1.51519,1.516835
2015-02-16T11:00:00+01:00,1.516835,1.520765,1.51094,1.51369
2015-02-16T23:00:00+01:00,1.51369,1.515935,1.50769,1.51266
2015-02-17T11:00:00+01:00,1.51266,1.51909,1.510645,1.51349
2015-02-17T23:00:00+01:00,1.51349,1.514755,1.509745,1.51149
2015-02-18T11:00:00+01:00,1.51149,1.5161,1.505505,1.510605
2015-02-18T23:00:00+01:00,1.510605,1.52099,1.50806,1.516145
2015-02-19T11:00:00+01:00,1.516145,1.51732,1.509105,1.512325
2015-02-19T23:00:00+01:00,1.512325,1.512825,1.498655,1.50146
2015-02-20T11:00:00+01:00,1.50146,1.51535,1.494645,1.512255
2015-02-22T23:00:00+01:00,1.512255,1.51535,1.508765,1.509295
2015-02-23T11:00:00+01:00,1.509295,1.5094,1.50238,1.50659
2015-02-23T23:00:00+01:00,1.50659,1.521015,1.50435,1.5195
2015-02-24T11:00:00+01:00,1.5195,1.52327,1.51332,1.513695
2015-02-24T23:00:00+01:00,1.513695,1.517165,1.50162,1.504585
2015-02-25T11:00:00+01:00,1.504585,1.50733,1.502,1.50357
2015-02-25T23:00:00+01:00,1.50357,1.505715,1.494485,1.49663
2015-02-26T11:00:00+01:00,1.49663,1.497225,1.48339,1.486125
2015-02-26T23:00:00+01:00,1.486125,1.4895,1.48392,1.485215
2015-02-27T11:00:00+01:00,1.485215,1.487135,1.478805,1.480395
2015-03-01T23:00:00+01:00,1.480395,1.489175,1.478155,1.48785
2015-03-02T11:00:00+01:00,1.48785,1.492055,1.487165,1.48925
2015-03-02T23:00:00+01:00,1.48925,1.490425,1.48168,1.482875
2015-03-03T11:00:00+01:00,1.482875,1.483255,1.477975,1.480255
2015-03-03T23:00:00+01:00,1.480255,1.481695,1.467,1.46735
2015-03-04T11:00:00+01:00,1.46735,1.468115,1.4556,1.46006
2015-03-04T23:00:00+01:00,1.46006,1.47036,1.458775,1.4679
2015-03-05T11:00:00+01:00,1.4679,1.481855,1.467445,1.47322
2015-03-05T23:00:00+01:00,1.47322,1.476995,1.469085,1.469385
2015-03-06T11:00:00+01:00,1.469385,1.47527,1.45821,1.47273
2015-03-08T22:00:00+01:00,1.47273,1.480065,1.46877,1.474615
2015-03-09T10:00:00+01:00,1.474615,1.476845,1.47116,1.475385
2015-03-09T22:00:00+01:00,1.475385,1.48717,1.47436,1.479505
2015-03-10T10:00:00+01:00,1.479505,1.48017,1.46956,1.470535
2015-03-10T22:00:00+01:00,1.470535,1.476245,1.46561,1.46763
2015-03-11T10:00:00+01:00,1.46763,1.46903,1.44423,1.44624
2015-03-11T22:00:00+01:00,1.44624,1.449965,1.43123,1.435625
2015-03-12T10:00:00+01:00,1.435625,1.44061,1.42903,1.43959
2015-03-12T22:00:00+01:00,1.43959,1.44287,1.434015,1.44227
2015-03-13T10:00:00+01:00,1.44227,1.446875,1.42895,1.43004
2015-03-15T22:00:00+01:00,1.43004,1.43333,1.425835,1.431215
2015-03-16T10:00:00+01:00,1.431215,1.435495,1.429055,1.43457
2015-03-16T22:00:00+01:00,1.43457,1.435365,1.429945,1.433605
2015-03-17T10:00:00+01:00,1.433605,1.45162,1.43206,1.450425
2015-03-17T22:00:00+01:00,1.450425,1.45814,1.447385,1.454465
2015-03-18T10:00:00+01:00,1.454465,1.464775,1.43705,1.45084
2015-03-18T22:00:00+01:00,1.45084,1.45478,1.43839,1.440055
2015-03-19T10:00:00+01:00,1.440055,1.446585,1.4357,1.437715
2015-03-19T22:00:00+01:00,1.437715,1.439245,1.4311,1.433995
2015-03-20T10:00:00+01:00,1.433995,1.442675,1.42553,1.430155
2015-03-22T22:00:00+01:00,1.430155,1.432875,1.413095,1.42333
2015-03-23T10:00:00+01:00,1.42333,1.434325,1.423185,1.430325
2015-03-23T22:00:00+01:00,1.430325,1.4355,1.42487,1.43433
2015-03-24T10:00:00+01:00,1.43433,1.436365,1.426315,1.42749
2015-03-24T22:00:00+01:00,1.42749,1.43662,1.42452,1.433815
2015-03-25T10:00:00+01:00,1.433815,1.444005,1.42949,1.442395
2015-03-25T22:00:00+01:00,1.442395,1.449695,1.441535,1.4442
2015-03-26T10:00:00+01:00,1.4442,1.445345,1.431885,1.43243
2015-03-26T22:00:00+01:00,1.43243,1.437215,1.427945,1.43304
2015-03-27T10:00:00+01:00,1.43304,1.444735,1.42893,1.43929
2015-03-29T23:00:00+02:00,1.43929,1.44495,1.43909,1.442885
2015-03-30T11:00:00+02:00,1.442885,1.44483,1.43868,1.4441
2015-03-30T23:00:00+02:00,1.4441,1.446075,1.4377,1.43794
2015-03-31T11:00:00+02:00,1.43794,1.440175,1.431125,1.43656
2015-03-31T23:00:00+02:00,1.43656,1.450885,1.436495,1.450475
2015-04-01T11:00:00+02:00,1.450475,1.45269,1.441285,1.44442
2015-04-01T23:00:00+02:00,1.44442,1.44918,1.44088,1.447395
2015-04-02T11:00:00+02:00,1.447395,1.454505,1.445945,1.44876
2015-04-02T23:00:00+02:00,1.44876,1.45044,1.446615,1.4483
2015-04-03T11:00:00+02:00,1.4483,1.451345,1.4418,1.44493
2015-04-05T23:00:00+02:00,1.44493,1.450905,1.44182,1.44434
2015-04-06T11:00:00+02:00,1.44434,1.451995,1.44422,1.448175
2015-04-06T23:00:00+02:00,1.448175,1.454815,1.441505,1.442575
2015-04-07T11:00:00+02:00,1.442575,1.4462,1.438045,1.442945
2015-04-07T23:00:00+02:00,1.442945,1.444365,1.43127,1.43254
2015-04-08T11:00:00+02:00,1.43254,1.43347,1.425885,1.42743
2015-04-08T23:00:00+02:00,1.42743,1.4301,1.417435,1.41884
2015-04-09T11:00:00+02:00,1.41884,1.41955,1.408655,1.408955
2015-04-09T23:00:00+02:00,1.408955,1.41133,1.40533,1.40687
2015-04-10T11:00:00+02:00,1.40687,1.40997,1.404415,1.40799
2015-04-12T23:00:00+02:00,1.40799,1.422515,1.406335,1.419355
2015-04-13T11:00:00+02:00,1.419355,1.423785,1.415135,1.41754
2015-04-13T23:00:00+02:00,1.41754,1.419615,1.412,1.417835
2015-04-14T11:00:00+02:00,1.417835,1.42057,1.4131,1.416745
2015-04-14T23:00:00+02:00,1.416745,1.419575,1.40897,1.4106
2015-04-15T11:00:00+02:00,1.4106,1.41495,1.402995,1.406855
2015-04-15T23:00:00+02:00,1.406855,1.410725,1.39799,1.399165
2015-04-16T11:00:00+02:00,1.399165,1.408075,1.398665,1.40275
2015-04-16T23:00:00+02:00,1.40275,1.408345,1.40026,1.40503
2015-04-17T11:00:00+02:00,1.40503,1.40718,1.398855,1.40628
2015-04-19T23:00:00+02:00,1.40628,1.40628,1.395345,1.395635
2015-04-20T11:00:00+02:00,1.395635,1.404985,1.394855,1.40118
2015-04-20T23:00:00+02:00,1.40118,1.40553,1.39013,1.391495
2015-04-21T11:00:00+02:00,1.391495,1.401315,1.388325,1.39971
2015-04-21T23:00:00+02:00,1.39971,1.401465,1.39365,1.395595
2015-04-22T11:00:00+02:00,1.395595,1.401595,1.39035,1.39917
2015-04-22T23:00:00+02:00,1.39917,1.417455,1.39917,1.416225
2015-04-23T11:00:00+02:00,1.416225,1.429145,1.415645,1.42549
2015-04-23T23:00:00+02:00,1.42549,1.439505,1.42387,1.438225
2015-04-24T11:00:00+02:00,1.438225,1.438745,1.426385,1.43045
2015-04-26T23:00:00+02:00,1.43045,1.431555,1.423495,1.425895
2015-04-27T11:00:00+02:00,1.425895,1.4278,1.42201,1.42429
2015-04-27T23:00:00+02:00,1.42429,1.42763,1.421105,1.421775
2015-04-28T11:00:00+02:00,1.421775,1.42436,1.41786,1.42292
2015-04-28T23:00:00+02:00,1.42292,1.42975,1.41889,1.429025
2015-04-29T11:00:00+02:00,1.429025,1.449185,1.428665,1.44818
2015-04-29T23:00:00+02:00,1.44818,1.477285,1.4478,1.47277
2015-04-30T11:00:00+02:00,1.47277,1.476535,1.462175,1.47371
2015-04-30T23:00:00+02:00,1.47371,1.485435,1.471235,1.48439
2015-05-01T11:00:00+02:00,1.48439,1.48996,1.479775,1.484655
2015-05-03T23:00:00+02:00,1.484655,1.490425,1.478035,1.478055
2015-05-04T11:00:00+02:00,1.478055,1.48432,1.475925,1.479165
2015-05-04T23:00:00+02:00,1.479165,1.48034,1.47258,1.477915
2015-05-05T11:00:00+02:00,1.477915,1.48775,1.4766,1.479985
2015-05-05T23:00:00+02:00,1.479985,1.503535,1.477845,1.498655
2015-05-06T11:00:00+02:00,1.498655,1.51501,1.49627,1.51362
2015-05-06T23:00:00+02:00,1.51362,1.52026,1.507245,1.5187
2015-05-07T11:00:00+02:00,1.5187,1.524775,1.504855,1.51211
2015-05-07T23:00:00+02:00,1.51211,1.515745,1.500565,1.510895
2015-05-08T11:00:00+02:00,1.510895,1.51802,1.495755,1.49577
2015-05-10T23:00:00+02:00,1.49577,1.513875,1.49577,1.512245
2015-05-11T11:00:00+02:00,1.512245,1.521075,1.507955,1.52088
2015-05-11T23:00:00+02:00,1.52088,1.529455,1.514325,1.52828
2015-05-12T11:00:00+02:00,1.52828,1.531805,1.520835,1.522965
2015-05-12T23:00:00+02:00,1.522965,1.5316,1.510035,1.512485
2015-05-13T11:00:00+02:00,1.512485,1.52015,1.505245,1.51724
2015-05-13T23:00:00+02:00,1.51724,1.523295,1.50183,1.52221
2015-05-14T11:00:00+02:00,1.52221,1.526505,1.510635,1.521915
2015-05-14T23:00:00+02:00,1.521915,1.52999,1.52019,1.525515
2015-05-15T11:00:00+02:00,1.525515,1.534485,1.522445,1.53171
2015-05-17T23:00:00+02:00,1.53171,1.540605,1.53171,1.53445
2015-05-18T11:00:00+02:00,1.53445,1.540335,1.53095,1.531365
2015-05-18T23:00:00+02:00,1.531365,1.536785,1.506035,1.50916
2015-05-19T11:00:00+02:00,1.50916,1.51954,1.508215,1.51804
2015-05-19T23:00:00+02:00,1.51804,1.5187,1.50824,1.51468
2015-05-20T11:00:00+02:00,1.51468,1.522395,1.513205,1.518395
2015-05-20T23:00:00+02:00,1.518395,1.525345,1.51421,1.521915
2015-05-21T11:00:00+02:00,1.521915,1.528985,1.51253,1.512685
2015-05-21T23:00:00+02:00,1.512685,1.51553,1.504305,1.51509
2015-05-22T11:00:00+02:00,1.51509,1.52093,1.505485,1.50682
2015-05-24T23:00:00+02:00,1.50682,1.50682,1.500445,1.501815
2015-05-25T11:00:00+02:00,1.501815,1.50374,1.49965,1.501685
2015-05-25T23:00:00+02:00,1.501685,1.502325,1.493625,1.49697
2015-05-26T11:00:00+02:00,1.49697,1.508015,1.49413,1.50426
2015-05-26T23:00:00+02:00,1.50426,1.507955,1.499035,1.50663
2015-05-27T11:00:00+02:00,1.50663,1.51123,1.496785,1.50159
2015-05-27T23:00:00+02:00,1.50159,1.512005,1.499035,1.51064
2015-05-28T11:00:00+02:00,1.51064,1.52794,1.508925,1.52546
2015-05-28T23:00:00+02:00,1.52546,1.54157,1.524475,1.540175
2015-05-29T11:00:00+02:00,1.540175,1.54924,1.537995,1.546435
2015-05-31T23:00:00+02:00,1.546435,1.551855,1.531285,1.53266
2015-06-01T11:00:00+02:00,1.53266,1.54341,1.53167,1.541275
2015-06-01T23:00:00+02:00,1.541275,1.546455,1.53408,1.54628
2015-06-02T11:00:00+02:00,1.54628,1.559305,1.543685,1.552665
2015-06-02T23:00:00+02:00,1.552665,1.5591,1.551415,1.557715
2015-06-03T11:00:00+02:00,1.557715,1.57866,1.55499,1.576225
2015-06-03T23:00:00+02:00,1.576225,1.590515,1.572505,1.58488
2015-06-04T11:00:00+02:00,1.58488,1.592175,1.575735,1.576265
2015-06-04T23:00:00+02:00,1.576265,1.58341,1.569555,1.57943
2015-06-05T11:00:00+02:00,1.57943,1.58109,1.56912,1.577135
2015-06-07T23:00:00+02:00,1.577135,1.581895,1.572455,1.5757
2015-06-08T11:00:00+02:00,1.5757,1.58573,1.572565,1.5806
2015-06-08T23:00:00+02:00,1.5806,1.59385,1.579015,1.5867
2015-06-09T11:00:00+02:00,1.5867,1.5869,1.570135,1.581765
2015-06-09T23:00:00+02:00,1.581765,1.58681,1.569065,1.573735
2015-06-10T11:00:00+02:00,1.573735,1.57503,1.5649,1.57295
2015-06-10T23:00:00+02:00,1.57295,1.614695,1.5721,1.60504
2015-06-11T11:00:00+02:00,1.60504,1.609775,1.6004,1.60564
2015-06-11T23:00:00+02:00,1.60564,1.61303,1.599885,1.60438
2015-06-12T11:00:00+02:00,1.60438,1.61602,1.600095,1.61282
2015-06-14T23:00:00+02:00,1.61282,1.613835,1.60368,1.61222
2015-06-15T11:00:00+02:00,1.61222,1.61478,1.60096,1.612045
2015-06-15T23:00:00+02:00,1.612045,1.621,1.608785,1.613925
2015-06-16T11:00:00+02:00,1.613925,1.615065,1.60307,1.60932
2015-06-16T23:00:00+02:00,1.60932,1.627345,1.607735,1.625495
2015-06-17T11:00:00+02:00,1.625495,1.631875,1.617535,1.62263
2015-06-17T23:00:00+02:00,1.62263,1.651345,1.62147,1.64318
2015-06-18T11:00:00+02:00,1.64318,1.64773,1.6355,1.640705
2015-06-18T23:00:00+02:00,1.640705,1.644715,1.63596,1.63854
2015-06-19T11:00:00+02:00,1.63854,1.647525,1.636905,1.642675
2015-06-21T23:00:00+02:00,1.642675,1.648285,1.64099,1.644285
2015-06-22T11:00:00+02:00,1.644285,1.65878,1.643955,1.65219
2015-06-22T23:00:00+02:00,1.65219,1.652945,1.639905,1.64133
2015-06-23T11:00:00+02:00,1.64133,1.64362,1.6287,1.629275
2015-06-23T23:00:00+02:00,1.629275,1.63466,1.6261,1.62941
2015-06-24T11:00:00+02:00,1.62941,1.632035,1.622505,1.626405
2015-06-24T23:00:00+02:00,1.626405,1.628455,1.61979,1.6227
2015-06-25T11:00:00+02:00,1.6227,1.6253,1.615165,1.62234
2015-06-25T23:00:00+02:00,1.62234,1.632045,1.620795,1.62992
2015-06-26T11:00:00+02:00,1.62992,1.63714,1.628945,1.63296
2015-06-28T23:00:00+02:00,1.63296,1.63296,1.60411,1.628015
2015-06-29T11:00:00+02:00,1.628015,1.641745,1.62177,1.640045
2015-06-29T23:00:00+02:00,1.640045,1.64668,1.63731,1.646325
2015-06-30T11:00:00+02:00,1.646325,1.657875,1.64327,1.646525
2015-06-30T23:00:00+02:00,1.646525,1.64672,1.634575,1.643675
2015-07-01T11:00:00+02:00,1.643675,1.64669,1.637065,1.64118
2015-07-01T23:00:00+02:00,1.64118,1.658625,1.640815,1.65741
2015-07-02T11:00:00+02:00,1.65741,1.66218,1.645615,1.64907
2015-07-02T23:00:00+02:00,1.64907,1.66215,1.64736,1.660485
2015-07-03T11:00:00+02:00,1.660485,1.66246,1.654535,1.66095
2015-07-05T23:00:00+02:00,1.66095,1.66095,1.64393,1.65432
2015-07-06T11:00:00+02:00,1.65432,1.655455,1.643105,1.65312
2015-07-06T23:00:00+02:00,1.65312,1.662265,1.65115,1.65414
2015-07-07T11:00:00+02:00,1.65414,1.657355,1.64315,1.65553
2015-07-07T23:00:00+02:00,1.65553,1.66046,1.649535,1.65511
2015-07-08T11:00:00+02:00,1.65511,1.656085,1.640435,1.64615
2015-07-08T23:00:00+02:00,1.64615,1.652115,1.63948,1.643675
2015-07-09T11:00:00+02:00,1.643675,1.64616,1.63533,1.63743
2015-07-09T23:00:00+02:00,1.63743,1.648625,1.634655,1.64644
2015-07-10T11:00:00+02:00,1.64644,1.668385,1.645705,1.65915
2015-07-12T23:00:00+02:00,1.65915,1.66152,1.64921,1.649875
2015-07-13T11:00:00+02:00,1.649875,1.65262,1.642305,1.6436
2015-07-13T23:00:00+02:00,1.6436,1.650995,1.641465,1.64995
2015-07-14T11:00:00+02:00,1.64995,1.6536,1.63969,1.640255
2015-07-14T23:00:00+02:00,1.640255,1.649505,1.636505,1.647805
2015-07-15T11:00:00+02:00,1.647805,1.665455,1.64151,1.66136
2015-07-15T23:00:00+02:00,1.66136,1.6813,1.658365,1.670405
2015-07-16T11:00:00+02:00,1.670405,1.672665,1.6616,1.669295
2015-07-16T23:00:00+02:00,1.669295,1.67096,1.66342,1.667075
2015-07-17T11:00:00+02:00,1.667075,1.66708,1.65835,1.66001
2015-07-19T23:00:00+02:00,1.66001,1.66392,1.64337,1.6507
2015-07-20T11:00:00+02:00,1.6507,1.656545,1.64599,1.648675
2015-07-20T23:00:00+02:00,1.648675,1.6502,1.636425,1.64197
2015-07-21T11:00:00+02:00,1.64197,1.65149,1.640615,1.651195
2015-07-21T23:00:00+02:00,1.651195,1.65736,1.648585,1.65347
2015-07-22T11:00:00+02:00,1.65347,1.66341,1.64968,1.66341
2015-07-22T23:00:00+02:00,1.66341,1.6636,1.63911,1.64246
2015-07-23T11:00:00+02:00,1.64246,1.66399,1.642255,1.662195
2015-07-23T23:00:00+02:00,1.662195,1.6713,1.65857,1.66334
2015-07-24T11:00:00+02:00,1.66334,1.67296,1.66294,1.67002
2015-07-26T23:00:00+02:00,1.67002,1.680955,1.66538,1.675535
2015-07-27T11:00:00+02:00,1.675535,1.68,1.67013,1.678785
2015-07-27T23:00:00+02:00,1.678785,1.680455,1.657315,1.659475
2015-07-28T11:00:00+02:00,1.659475,1.659675,1.648565,1.652445
2015-07-28T23:00:00+02:00,1.652445,1.66068,1.641545,1.654505
2015-07-29T11:00:00+02:00,1.654505,1.657745,1.64419,1.647675
2015-07-29T23:00:00+02:00,1.647675,1.656925,1.64623,1.65341
2015-07-30T11:00:00+02:00,1.65341,1.66217,1.652835,1.65589
2015-07-30T23:00:00+02:00,1.65589,1.671205,1.65207,1.669895
2015-07-31T11:00:00+02:00,1.669895,1.68236,1.66101,1.66647
2015-08-02T23:00:00+02:00,1.66647,1.668535,1.660685,1.6643
2015-08-03T11:00:00+02:00,1.6643,1.669765,1.65944,1.66834
2015-08-03T23:00:00+02:00,1.66834,1.67209,1.66013,1.66036
2015-08-04T11:00:00+02:00,1.66036,1.66925,1.6601,1.66418
2015-08-04T23:00:00+02:00,1.66418,1.66878,1.66078,1.661055
2015-08-05T11:00:00+02:00,1.661055,1.678975,1.66019,1.674835
2015-08-05T23:00:00+02:00,1.674835,1.675385,1.66599,1.66653
2015-08-06T11:00:00+02:00,1.66653,1.669965,1.66486,1.667015
2015-08-06T23:00:00+02:00,1.667015,1.67156,1.662275,1.66546
2015-08-07T11:00:00+02:00,1.66546,1.667015,1.653185,1.655565
2015-08-09T23:00:00+02:00,1.655565,1.67047,1.655565,1.66902
2015-08-10T11:00:00+02:00,1.66902,1.669585,1.663125,1.66465
2015-08-10T23:00:00+02:00,1.66465,1.685515,1.66292,1.68379
2015-08-11T11:00:00+02:00,1.68379,1.694115,1.681385,1.689575
2015-08-11T23:00:00+02:00,1.689575,1.707715,1.68402,1.697285
2015-08-12T11:00:00+02:00,1.697285,1.698815,1.68281,1.68562
2015-08-12T23:00:00+02:00,1.68562,1.692055,1.67919,1.69128
2015-08-13T11:00:00+02:00,1.69128,1.698485,1.68782,1.69692
2015-08-13T23:00:00+02:00,1.69692,1.71036,1.69623,1.702885
2015-08-14T11:00:00+02:00,1.702885,1.70598,1.695815,1.69916
2015-08-16T23:00:00+02:00,1.69916,1.70072,1.69036,1.69508
2015-08-17T11:00:00+02:00,1.69508,1.697175,1.68285,1.685285
2015-08-17T23:00:00+02:00,1.685285,1.686105,1.67573,1.68356
2015-08-18T11:00:00+02:00,1.68356,1.68404,1.670015,1.670035
2015-08-18T23:00:00+02:00,1.670035,1.68158,1.670015,1.677875
2015-08-19T11:00:00+02:00,1.677875,1.687515,1.675045,1.684555
2015-08-19T23:00:00+02:00,1.684555,1.693055,1.68226,1.693055
2015-08-20T11:00:00+02:00,1.693055,1.695495,1.685955,1.69533
2015-08-20T23:00:00+02:00,1.69533,1.70643,1.693625,1.69792
2015-08-21T11:00:00+02:00,1.69792,1.703675,1.687405,1.70315
2015-08-23T23:00:00+02:00,1.70315,1.74641,1.701785,1.74065
2015-08-24T11:00:00+02:00,1.74065,1.89583,1.737775,1.79333
2015-08-24T23:00:00+02:00,1.79333,1.800475,1.763945,1.77796
2015-08-25T11:00:00+02:00,1.77796,1.78058,1.746775,1.779235
2015-08-25T23:00:00+02:00,1.779235,1.786985,1.76284,1.767125
2015-08-26T11:00:00+02:00,1.767125,1.777325,1.74768,1.756575
2015-08-26T23:00:00+02:00,1.756575,1.76504,1.743525,1.74712
2015-08-27T11:00:00+02:00,1.74712,1.75157,1.732165,1.738955
2015-08-27T23:00:00+02:00,1.738955,1.748115,1.72814,1.743685
2015-08-28T11:00:00+02:00,1.743685,1.749735,1.72873,1.73053
2015-08-30T23:00:00+02:00,1.73053,1.75398,1.728045,1.744915
2015-08-31T11:00:00+02:00,1.744915,1.77609,1.744915,1.768155
2015-08-31T23:00:00+02:00,1.768155,1.784555,1.762495,1.78305
2015-09-01T11:00:00+02:00,1.78305,1.78894,1.77018,1.787175
2015-09-01T23:00:00+02:00,1.787175,1.789785,1.767205,1.779645
2015-09-02T11:00:00+02:00,1.779645,1.783155,1.765105,1.76841
2015-09-02T23:00:00+02:00,1.76841,1.77444,1.758915,1.770765
2015-09-03T11:00:00+02:00,1.770765,1.77093,1.73355,1.738035
2015-09-03T23:00:00+02:00,1.738035,1.753135,1.737735,1.74817
2015-09-04T11:00:00+02:00,1.74817,1.77594,1.743335,1.77411
2015-09-06T23:00:00+02:00,1.77411,1.78298,1.770235,1.781385
2015-09-07T11:00:00+02:00,1.781385,1.78834,1.777845,1.784475
2015-09-07T23:00:00+02:00,1.784475,1.78771,1.773625,1.779215
2015-09-08T11:00:00+02:00,1.779215,1.781875,1.75904,1.766215
2015-09-08T23:00:00+02:00,1.766215,1.767495,1.745395,1.7584
2015-09-09T11:00:00+02:00,1.7584,1.760735,1.73358,1.75246
2015-09-09T23:00:00+02:00,1.75246,1.796865,1.75246,1.777665
2015-09-10T11:00:00+02:00,1.777665,1.792975,1.77035,1.792615
2015-09-10T23:00:00+02:00,1.792615,1.79739,1.78516,1.79643
2015-09-11T11:00:00+02:00,1.79643,1.799745,1.789125,1.79501
2015-09-13T23:00:00+02:00,1.79501,1.80032,1.78798,1.791345
2015-09-14T11:00:00+02:00,1.791345,1.795455,1.781735,1.78747
2015-09-14T23:00:00+02:00,1.78747,1.79561,1.78265,1.78715
2015-09-15T11:00:00+02:00,1.78715,1.793305,1.769845,1.77294
2015-09-15T23:00:00+02:00,1.77294,1.77992,1.76516,1.77015
2015-09-16T11:00:00+02:00,1.77015,1.78312,1.76639,1.77342
2015-09-16T23:00:00+02:00,1.77342,1.786855,1.770995,1.78382
2015-09-17T11:00:00+02:00,1.78382,1.80196,1.76777,1.800895
2015-09-17T23:00:00+02:00,1.800895,1.80178,1.7812,1.783975
2015-09-18T11:00:00+02:00,1.783975,1.78663,1.759035,1.76623
2015-09-20T23:00:00+02:00,1.76623,1.78602,1.76403,1.779215
2015-09-21T11:00:00+02:00,1.779215,1.77965,1.76814,1.7713
2015-09-21T23:00:00+02:00,1.7713,1.77576,1.762645,1.771135
2015-09-22T11:00:00+02:00,1.771135,1.775795,1.765215,1.768045
2015-09-22T23:00:00+02:00,1.768045,1.7801,1.76332,1.77086
2015-09-23T11:00:00+02:00,1.77086,1.794925,1.76806,1.782645
2015-09-23T23:00:00+02:00,1.782645,1.785945,1.772035,1.78179
2015-09-24T11:00:00+02:00,1.78179,1.792275,1.760715,1.767465
2015-09-24T23:00:00+02:00,1.767465,1.77886,1.75588,1.761215
2015-09-25T11:00:00+02:00,1.761215,1.767835,1.749775,1.75383
2015-09-27T23:00:00+02:00,1.75383,1.762165,1.745575,1.75316
2015-09-28T11:00:00+02:00,1.75316,1.77689,1.751805,1.77668
2015-09-28T23:00:00+02:00,1.77668,1.79015,1.768365,1.769995
2015-09-29T11:00:00+02:00,1.769995,1.77591,1.75394,1.772535
2015-09-29T23:00:00+02:00,1.772535,1.77464,1.75502,1.758285
2015-09-30T11:00:00+02:00,1.758285,1.76281,1.743525,1.74693
2015-09-30T23:00:00+02:00,1.74693,1.74954,1.73437,1.738615
2015-10-01T11:00:00+02:00,1.738615,1.7512,1.72956,1.749705
2015-10-01T23:00:00+02:00,1.749705,1.752445,1.73915,1.739865
2015-10-02T11:00:00+02:00,1.739865,1.76505,1.738235,1.73875
2015-10-04T23:00:00+02:00,1.73875,1.74214,1.72692,1.730115
2015-10-05T11:00:00+02:00,1.730115,1.73125,1.71535,1.72374
2015-10-05T23:00:00+02:00,1.72374,1.72717,1.716255,1.724045
2015-10-06T11:00:00+02:00,1.724045,1.733195,1.719425,1.722885
2015-10-06T23:00:00+02:00,1.722885,1.724415,1.69483,1.70197
2015-10-07T11:00:00+02:00,1.70197,1.705035,1.687745,1.700025
2015-10-07T23:00:00+02:00,1.700025,1.712515,1.69544,1.71133
2015-10-08T11:00:00+02:00,1.71133,1.71203,1.687495,1.6911
2015-10-08T23:00:00+02:00,1.6911,1.69617,1.68431,1.68954
2015-10-09T11:00:00+02:00,1.68954,1.69971,1.686685,1.69705
2015-10-11T23:00:00+02:00,1.69705,1.70312,1.688605,1.69274
2015-10-12T11:00:00+02:00,1.69274,1.697395,1.68653,1.69075
2015-10-12T23:00:00+02:00,1.69075,1.708945,1.69075,1.703475
2015-10-13T11:00:00+02:00,1.703475,1.719885,1.69651,1.713125
2015-10-13T23:00:00+02:00,1.713125,1.719185,1.690095,1.69141
2015-10-14T11:00:00+02:00,1.69141,1.698075,1.68355,1.690115
2015-10-14T23:00:00+02:00,1.690115,1.691425,1.658655,1.666265
2015-10-15T11:00:00+02:00,1.666265,1.67087,1.656085,1.661675
2015-10-15T23:00:00+02:00,1.661675,1.67176,1.65168,1.67086
2015-10-16T11:00:00+02:00,1.67086,1.674905,1.66419,1.66592
2015-10-18T23:00:00+02:00,1.66592,1.677015,1.66592,1.66725
2015-10-19T11:00:00+02:00,1.66725,1.66876,1.659845,1.66802
2015-10-19T23:00:00+02:00,1.66802,1.67011,1.658785,1.66407
2015-10-20T11:00:00+02:00,1.66407,1.683955,1.662065,1.680015
2015-10-20T23:00:00+02:00,1.680015,1.69499,1.679385,1.688745
2015-10-21T11:00:00+02:00,1.688745,1.691985,1.682875,1.69095
2015-10-21T23:00:00+02:00,1.69095,1.691835,1.67094,1.67139
2015-10-22T11:00:00+02:00,1.67139,1.674705,1.63344,1.63527
2015-10-22T23:00:00+02:00,1.63527,1.63845,1.616295,1.630795
2015-10-23T11:00:00+02:00,1.630795,1.63915,1.625165,1.63171
2015-10-25T22:00:00+01:00,1.63171,1.63487,1.62495,1.630675
2015-10-26T10:00:00+01:00,1.630675,1.63271,1.62327,1.628955
2015-10-26T22:00:00+01:00,1.628955,1.634905,1.627895,1.628985
2015-10-27T10:00:00+01:00,1.628985,1.633525,1.62265,1.63281
2015-10-27T22:00:00+01:00,1.63281,1.64376,1.627975,1.64199
2015-10-28T10:00:00+01:00,1.64199,1.65233,1.62636,1.63119
2015-10-28T22:00:00+01:00,1.63119,1.64347,1.628085,1.639515
2015-10-29T10:00:00+01:00,1.639515,1.64443,1.63341,1.64006
2015-10-29T22:00:00+01:00,1.64006,1.64206,1.62404,1.627935
2015-10-30T10:00:00+01:00,1.627935,1.641185,1.622135,1.624165
2015-11-01T23:00:00+01:00,1.624165,1.63807,1.624165,1.633645
2015-11-02T11:00:00+01:00,1.633645,1.638495,1.630375,1.63312
2015-11-02T23:00:00+01:00,1.63312,1.638715,1.624415,1.635635
2015-11-03T11:00:00+01:00,1.635635,1.64796,1.633315,1.6454
2015-11-03T23:00:00+01:00,1.6454,1.651005,1.63927,1.64464
2015-11-04T11:00:00+01:00,1.64464,1.656505,1.643715,1.647845
2015-11-04T23:00:00+01:00,1.647845,1.651005,1.64356,1.64544
2015-11-05T11:00:00+01:00,1.64544,1.646845,1.63773,1.64603
2015-11-05T23:00:00+01:00,1.64603,1.649815,1.642545,1.644995
2015-11-06T11:00:00+01:00,1.644995,1.652435,1.63483,1.64611
2015-11-08T23:00:00+01:00,1.64611,1.64884,1.639435,1.647825
2015-11-09T11:00:00+01:00,1.647825,1.649215,1.641425,1.645585
2015-11-09T23:00:00+01:00,1.645585,1.649945,1.639825,1.641855
2015-11-10T11:00:00+01:00,1.641855,1.64651,1.635375,1.642215
2015-11-10T23:00:00+01:00,1.642215,1.642585,1.633315,1.64077
2015-11-11T11:00:00+01:00,1.64077,1.64123,1.63299,1.63798
2015-11-11T23:00:00+01:00,1.63798,1.644495,1.632265,1.63628
2015-11-12T11:00:00+01:00,1.63628,1.655475,1.63539,1.653015
2015-11-12T23:00:00+01:00,1.653015,1.653015,1.646915,1.64888
2015-11-13T11:00:00+01:00,1.64888,1.65296,1.641565,1.64702
2015-11-15T23:00:00+01:00,1.64702,1.64702,1.636275,1.64545
2015-11-16T11:00:00+01:00,1.64545,1.657735,1.643265,1.64582
2015-11-16T23:00:00+01:00,1.64582,1.65191,1.644595,1.648355
2015-11-17T11:00:00+01:00,1.648355,1.65045,1.644085,1.64492
2015-11-17T23:00:00+01:00,1.64492,1.648725,1.64029,1.648055
2015-11-18T11:00:00+01:00,1.648055,1.654845,1.64561,1.64698
2015-11-18T23:00:00+01:00,1.64698,1.648705,1.6349,1.63958
2015-11-19T11:00:00+01:00,1.63958,1.64348,1.63012,1.63491
2015-11-19T23:00:00+01:00,1.63491,1.63661,1.622995,1.627165
2015-11-20T11:00:00+01:00,1.627165,1.630835,1.618895,1.62182
2015-11-22T23:00:00+01:00,1.62182,1.63375,1.621375,1.633325
2015-11-23T11:00:00+01:00,1.633325,1.6356,1.628185,1.631165
2015-11-23T23:00:00+01:00,1.631165,1.63512,1.627465,1.632555
2015-11-24T11:00:00+01:00,1.632555,1.63776,1.62242,1.62398
2015-11-24T23:00:00+01:00,1.62398,1.626225,1.61855,1.619035
2015-11-25T11:00:00+01:00,1.619035,1.619405,1.611305,1.61513
2015-11-25T23:00:00+01:00,1.61513,1.618535,1.60887,1.61377
2015-11-26T11:00:00+01:00,1.61377,1.61641,1.61297,1.614605
2015-11-26T23:00:00+01:00,1.614605,1.62384,1.61179,1.61955
2015-11-27T11:00:00+01:00,1.61955,1.62395,1.61807,1.62135
2015-11-29T23:00:00+01:00,1.62135,1.62439,1.61175,1.615135
2015-11-30T11:00:00+01:00,1.615135,1.615245,1.602175,1.604935
2015-11-30T23:00:00+01:00,1.604935,1.605355,1.58953,1.592235
2015-12-01T11:00:00+01:00,1.592235,1.59752,1.58941,1.592555
2015-12-01T23:00:00+01:00,1.592555,1.596435,1.590755,1.592835
2015-12-02T11:00:00+01:00,1.592835,1.60099,1.587865,1.59835
2015-12-02T23:00:00+01:00,1.59835,1.60017,1.584395,1.586215
2015-12-03T11:00:00+01:00,1.586215,1.648985,1.58045,1.635465
2015-12-03T23:00:00+01:00,1.635465,1.64145,1.622125,1.630015
2015-12-04T11:00:00+01:00,1.630015,1.63851,1.607735,1.61319
2015-12-06T23:00:00+01:00,1.61319,1.62338,1.61216,1.62118
2015-12-07T11:00:00+01:00,1.62118,1.635415,1.618225,1.631235
2015-12-07T23:00:00+01:00,1.631235,1.638425,1.62924,1.63596
2015-12-08T11:00:00+01:00,1.63596,1.64588,1.634085,1.63979
2015-12-08T23:00:00+01:00,1.63979,1.657745,1.635715,1.65402
2015-12-09T11:00:00+01:00,1.65402,1.67677,1.6302,1.640615
2015-12-09T23:00:00+01:00,1.640615,1.640615,1.6243,1.6316
2015-12-10T11:00:00+01:00,1.6316,1.632175,1.614525,1.619985
2015-12-10T23:00:00+01:00,1.619985,1.626605,1.61559,1.622945
2015-12-11T11:00:00+01:00,1.622945,1.64472,1.62151,1.63635
2015-12-13T23:00:00+01:00,1.63635,1.63927,1.62765,1.62915
2015-12-14T11:00:00+01:00,1.62915,1.63377,1.62234,1.62657
2015-12-14T23:00:00+01:00,1.62657,1.62768,1.617585,1.62366
2015-12-15T11:00:00+01:00,1.62366,1.62558,1.612235,1.61558
2015-12-15T23:00:00+01:00,1.61558,1.62307,1.613025,1.618365
2015-12-16T11:00:00+01:00,1.618365,1.6252,1.604675,1.60499
2015-12-16T23:00:00+01:00,1.60499,1.615175,1.60415,1.608325
2015-12-17T11:00:00+01:00,1.608325,1.62105,1.60239,1.61521
2015-12-17T23:00:00+01:00,1.61521,1.622225,1.611365,1.614525
2015-12-18T11:00:00+01:00,1.614525,1.617455,1.60591,1.61523
2015-12-20T23:00:00+01:00,1.61523,1.617265,1.606645,1.610045
2015-12-21T11:00:00+01:00,1.610045,1.616465,1.608215,1.614105
2015-12-21T23:00:00+01:00,1.614105,1.6143,1.596915,1.602575
2015-12-22T11:00:00+01:00,1.602575,1.612925,1.601885,1.61001
2015-12-22T23:00:00+01:00,1.61001,1.6108,1.600765,1.605325
2015-12-23T11:00:00+01:00,1.605325,1.61513,1.601575,1.606055
2015-12-23T23:00:00+01:00,1.606055,1.610395,1.60366,1.608065
2015-12-24T11:00:00+01:00,1.608065,1.60881,1.600435,1.605795
2015-12-27T23:00:00+01:00,1.605795,1.60776,1.60151,1.605795
2015-12-28T11:00:00+01:00,1.605795,1.608935,1.600875,1.602165
2015-12-28T23:00:00+01:00,1.602165,1.602165,1.595205,1.59864
2015-12-29T11:00:00+01:00,1.59864,1.599765,1.58726,1.590115
2015-12-29T23:00:00+01:00,1.590115,1.598645,1.589925,1.59431
2015-12-30T11:00:00+01:00,1.59431,1.59924,1.591095,1.597925
2015-12-30T23:00:00+01:00,1.597925,1.599505,1.59011,1.592225
2015-12-31T11:00:00+01:00,1.592225,1.59455,1.584055,1.59019
2016-01-03T23:00:00+01:00,1.59019,1.61779,1.58754,1.615435
2016-01-04T11:00:00+01:00,1.615435,1.619425,1.601885,1.60459
2016-01-04T23:00:00+01:00,1.60459,1.610875,1.60175,1.60773
2016-01-05T11:00:00+01:00,1.60773,1.60945,1.59774,1.60315
2016-01-05T23:00:00+01:00,1.60315,1.62359,1.6024,1.614845
2016-01-06T11:00:00+01:00,1.614845,1.628,1.614445,1.623435
2016-01-06T23:00:00+01:00,1.623435,1.638355,1.616995,1.63413
2016-01-07T11:00:00+01:00,1.63413,1.65259,1.62917,1.64952
2016-01-07T23:00:00+01:00,1.64952,1.65139,1.62833,1.640715
2016-01-08T11:00:00+01:00,1.640715,1.67077,1.63755,1.66984
2016-01-10T23:00:00+01:00,1.66984,1.68427,1.65399,1.65572
2016-01-11T11:00:00+01:00,1.65572,1.6671,1.65272,1.65543
2016-01-11T23:00:00+01:00,1.65543,1.67147,1.65107,1.65769
2016-01-12T11:00:00+01:00,1.65769,1.66479,1.65326,1.660635
2016-01-12T23:00:00+01:00,1.660635,1.661925,1.64118,1.648045
2016-01-13T11:00:00+01:00,1.648045,1.67109,1.646755,1.66969
2016-01-13T23:00:00+01:00,1.66969,1.69467,1.66833,1.68415
2016-01-14T11:00:00+01:00,1.68415,1.70264,1.67406,1.67836
2016-01-14T23:00:00+01:00,1.67836,1.70731,1.67221,1.70214
2016-01-15T11:00:00+01:00,1.70214,1.713795,1.685055,1.68899
2016-01-17T23:00:00+01:00,1.68899,1.70452,1.67847,1.687965
2016-01-18T11:00:00+01:00,1.687965,1.692395,1.683255,1.688205
2016-01-18T23:00:00+01:00,1.688205,1.698515,1.677625,1.678295
2016-01-19T11:00:00+01:00,1.678295,1.70423,1.667635,1.70099
2016-01-19T23:00:00+01:00,1.70099,1.7274,1.699645,1.713775
2016-01-20T11:00:00+01:00,1.713775,1.718415,1.690495,1.693925
2016-01-20T23:00:00+01:00,1.693925,1.701,1.67915,1.695045
2016-01-21T11:00:00+01:00,1.695045,1.69891,1.657185,1.66531
2016-01-21T23:00:00+01:00,1.66531,1.67411,1.652555,1.670635
2016-01-22T11:00:00+01:00,1.670635,1.671685,1.658465,1.66403
2016-01-24T23:00:00+01:00,1.66403,1.67248,1.654705,1.665625
2016-01-25T11:00:00+01:00,1.665625,1.6822,1.66523,1.68103
2016-01-25T23:00:00+01:00,1.68103,1.689625,1.67619,1.678835
2016-01-26T11:00:00+01:00,1.678835,1.6842,1.66584,1.67242
2016-01-26T23:00:00+01:00,1.67242,1.680875,1.667,1.671905
2016-01-27T11:00:00+01:00,1.671905,1.70087,1.664295,1.693755
2016-01-27T23:00:00+01:00,1.693755,1.69933,1.68094,1.685635
2016-01-28T11:00:00+01:00,1.685635,1.694835,1.675185,1.688245
2016-01-28T23:00:00+01:00,1.688245,1.690565,1.664805,1.676465
2016-01-29T11:00:00+01:00,1.676465,1.684885,1.665345,1.67088
2016-01-31T23:00:00+01:00,1.67088,1.680405,1.66926,1.67855
2016-02-01T11:00:00+01:00,1.67855,1.68369,1.660645,1.662765
2016-02-01T23:00:00+01:00,1.662765,1.68428,1.662245,1.68347
2016-02-02T11:00:00+01:00,1.68347,1.69164,1.668505,1.676005
2016-02-02T23:00:00+01:00,1.676005,1.678025,1.653775,1.65858
2016-02-03T11:00:00+01:00,1.65858,1.66818,1.651275,1.66575
2016-02-03T23:00:00+01:00,1.66575,1.66949,1.658985,1.665745
2016-02-04T11:00:00+01:00,1.665745,1.669885,1.659915,1.66726
2016-02-04T23:00:00+01:00,1.66726,1.67493,1.661685,1.666525
2016-02-05T11:00:00+01:00,1.666525,1.68466,1.66389,1.68411
2016-02-07T23:00:00+01:00,1.68411,1.686465,1.67574,1.68579
2016-02-08T11:00:00+01:00,1.68579,1.69415,1.67621,1.688855
2016-02-08T23:00:00+01:00,1.688855,1.70781,1.68547,1.694725
2016-02-09T11:00:00+01:00,1.694725,1.714395,1.69045,1.70219
2016-02-09T23:00:00+01:00,1.70219,1.710545,1.68832,1.690555
2016-02-10T11:00:00+01:00,1.690555,1.695725,1.673735,1.689175
2016-02-10T23:00:00+01:00,1.689175,1.72233,1.67836,1.70231
2016-02-11T11:00:00+01:00,1.70231,1.706355,1.685355,1.68589
2016-02-11T23:00:00+01:00,1.68589,1.69824,1.67905,1.69439
2016-02-12T11:00:00+01:00,1.69439,1.704155,1.68835,1.69832
2016-02-14T23:00:00+01:00,1.69832,1.69962,1.678025,1.680635
2016-02-15T11:00:00+01:00,1.680635,1.681695,1.671085,1.678105
2016-02-15T23:00:00+01:00,1.678105,1.698045,1.673955,1.69329
2016-02-16T11:00:00+01:00,1.69329,1.70443,1.68934,1.6937
2016-02-16T23:00:00+01:00,1.6937,1.703315,1.687515,1.687545
2016-02-17T11:00:00+01:00,1.687545,1.692925,1.67462,1.67729
2016-02-17T23:00:00+01:00,1.67729,1.68122,1.670615,1.678545
2016-02-18T11:00:00+01:00,1.678545,1.679855,1.670405,1.67165
2016-02-18T23:00:00+01:00,1.67165,1.684205,1.6706,1.675995
2016-02-19T11:00:00+01:00,1.675995,1.68935,1.674755,1.678335
2016-02-21T23:00:00+01:00,1.678335,1.67968,1.659905,1.663605
2016-02-22T11:00:00+01:00,1.663605,1.663605,1.637885,1.646325
2016-02-22T23:00:00+01:00,1.646325,1.653565,1.64019,1.64446
2016-02-23T11:00:00+01:00,1.64446,1.659375,1.639395,1.658795
2016-02-23T23:00:00+01:00,1.658795,1.668755,1.657735,1.65997
2016-02-24T11:00:00+01:00,1.65997,1.667115,1.649705,1.654115
2016-02-24T23:00:00+01:00,1.654115,1.660305,1.65089,1.652305
2016-02-25T11:00:00+01:00,1.652305,1.65614,1.638685,1.639135
2016-02-25T23:00:00+01:00,1.639135,1.640015,1.628245,1.630575
2016-02-26T11:00:00+01:00,1.630575,1.651775,1.626885,1.649445
2016-02-28T23:00:00+01:00,1.649445,1.663745,1.649445,1.65457
2016-02-29T11:00:00+01:00,1.65457,1.656775,1.644625,1.649785
2016-02-29T23:00:00+01:00,1.649785,1.651365,1.63844,1.6464
2016-03-01T11:00:00+01:00,1.6464,1.650065,1.6369,1.639365
2016-03-01T23:00:00+01:00,1.639365,1.64663,1.63242,1.645965
2016-03-02T11:00:00+01:00,1.645965,1.647485,1.626925,1.628325
2016-03-02T23:00:00+01:00,1.628325,1.6328,1.622655,1.623705
2016-03-03T11:00:00+01:00,1.623705,1.63022,1.620495,1.62941
2016-03-03T23:00:00+01:00,1.62941,1.630925,1.617835,1.624385
2016-03-04T11:00:00+01:00,1.624385,1.6275,1.612375,1.61375
2016-03-06T23:00:00+01:00,1.61375,1.6229,1.61375,1.622165
2016-03-07T11:00:00+01:00,1.622165,1.626825,1.613385,1.618775
2016-03-07T23:00:00+01:00,1.618775,1.63411,1.618775,1.630585
2016-03-08T11:00:00+01:00,1.630585,1.636845,1.624075,1.632505
2016-03-08T23:00:00+01:00,1.632505,1.634825,1.61897,1.62029
2016-03-09T11:00:00+01:00,1.62029,1.656905,1.614675,1.65325
2016-03-09T23:00:00+01:00,1.65325,1.659025,1.640385,1.64419
2016-03-10T11:00:00+01:00,1.64419,1.68462,1.623565,1.67649
2016-03-10T23:00:00+01:00,1.67649,1.678555,1.661315,1.662055
2016-03-11T11:00:00+01:00,1.662055,1.66325,1.65163,1.65265
2016-03-13T22:00:00+01:00,1.65265,1.661185,1.651725,1.65377
2016-03-14T10:00:00+01:00,1.65377,1.666575,1.652815,1.663275
2016-03-14T22:00:00+01:00,1.663275,1.67526,1.66052,1.670655
2016-03-15T10:00:00+01:00,1.670655,1.68624,1.66514,1.682815
2016-03-15T22:00:00+01:00,1.682815,1.68743,1.673885,1.67552
2016-03-16T10:00:00+01:00,1.67552,1.68498,1.665335,1.66936
2016-03-16T22:00:00+01:00,1.66936,1.67016,1.649635,1.655165
2016-03-17T10:00:00+01:00,1.655165,1.663585,1.65029,1.65197
2016-03-17T22:00:00+01:00,1.65197,1.658065,1.647765,1.657565
2016-03-18T10:00:00+01:00,1.657565,1.66227,1.65241,1.65782
2016-03-20T22:00:00+01:00,1.65782,1.670425,1.65686,1.658825
2016-03-21T10:00:00+01:00,1.658825,1.667735,1.65772,1.66253
2016-03-21T22:00:00+01:00,1.66253,1.668715,1.659505,1.66262
2016-03-22T10:00:00+01:00,1.66262,1.665875,1.658555,1.66108
2016-03-22T22:00:00+01:00,1.66108,1.667145,1.65682,1.66587
2016-03-23T10:00:00+01:00,1.66587,1.67203,1.663335,1.667055
2016-03-23T22:00:00+01:00,1.667055,1.67301,1.663075,1.67123
2016-03-24T10:00:00+01:00,1.67123,1.672775,1.663575,1.66746
2016-03-24T22:00:00+01:00,1.66746,1.670615,1.66315,1.666385
2016-03-25T10:00:00+01:00,1.666385,1.67228,1.66272,1.67036
2016-03-27T23:00:00+02:00,1.67036,1.672925,1.6661,1.66636
2016-03-28T11:00:00+02:00,1.66636,1.66825,1.66062,1.665165
2016-03-28T23:00:00+02:00,1.665165,1.66666,1.65664,1.66022
2016-03-29T11:00:00+02:00,1.66022,1.664525,1.64045,1.648515
2016-03-29T23:00:00+02:00,1.648515,1.650845,1.62667,1.635505
2016-03-30T11:00:00+02:00,1.635505,1.64083,1.631185,1.63849
2016-03-30T23:00:00+02:00,1.63849,1.645485,1.63663,1.64086
2016-03-31T11:00:00+02:00,1.64086,1.649545,1.637215,1.647205
2016-03-31T23:00:00+02:00,1.647205,1.651775,1.640905,1.65084
2016-04-01T11:00:00+02:00,1.65084,1.665315,1.64671,1.64959
2016-04-03T23:00:00+02:00,1.64959,1.65971,1.64959,1.65784
2016-04-04T11:00:00+02:00,1.65784,1.66872,1.6551,1.666575
2016-04-04T23:00:00+02:00,1.666575,1.679725,1.666135,1.676405
2016-04-05T11:00:00+02:00,1.676405,1.680085,1.670485,1.673305
2016-04-05T23:00:00+02:00,1.673305,1.675755,1.66646,1.67106
2016-04-06T11:00:00+02:00,1.67106,1.67619,1.667565,1.670235
2016-04-06T23:00:00+02:00,1.670235,1.674485,1.664595,1.66707
2016-04-07T11:00:00+02:00,1.66707,1.683125,1.66655,1.679015
2016-04-07T23:00:00+02:00,1.679015,1.679685,1.672215,1.67752
2016-04-08T11:00:00+02:00,1.67752,1.678465,1.668225,1.67386
2016-04-10T23:00:00+02:00,1.67386,1.68068,1.667645,1.67018
2016-04-11T11:00:00+02:00,1.67018,1.67036,1.660885,1.66352
2016-04-11T23:00:00+02:00,1.66352,1.665675,1.65506,1.659165
2016-04-12T11:00:00+02:00,1.659165,1.65936,1.644215,1.644595
2016-04-12T23:00:00+02:00,1.644595,1.646275,1.63514,1.6368
2016-04-13T11:00:00+02:00,1.6368,1.63728,1.628355,1.62917
2016-04-13T23:00:00+02:00,1.62917,1.64928,1.62917,1.6402
2016-04-14T11:00:00+02:00,1.6402,1.64545,1.63712,1.645265
2016-04-14T23:00:00+02:00,1.645265,1.645875,1.6271,1.630525
2016-04-15T11:00:00+02:00,1.630525,1.63822,1.627905,1.63041
2016-04-17T23:00:00+02:00,1.63041,1.64959,1.62847,1.630325
2016-04-18T11:00:00+02:00,1.630325,1.6364,1.626425,1.627655
2016-04-18T23:00:00+02:00,1.627655,1.628025,1.61247,1.617305
2016-04-19T11:00:00+02:00,1.617305,1.620665,1.61039,1.61224
2016-04-19T23:00:00+02:00,1.61224,1.62441,1.610795,1.62166
2016-04-20T11:00:00+02:00,1.62166,1.626695,1.616255,1.61934
2016-04-20T23:00:00+02:00,1.61934,1.62443,1.61792,1.622065
2016-04-21T11:00:00+02:00,1.622065,1.63786,1.62129,1.63308
2016-04-21T23:00:00+02:00,1.63308,1.64025,1.62964,1.63807
2016-04-22T11:00:00+02:00,1.63807,1.6418,1.632975,1.63823
2016-04-24T23:00:00+02:00,1.63823,1.642505,1.634525,1.637735
2016-04-25T11:00:00+02:00,1.637735,1.647545,1.63655,1.64378
2016-04-25T23:00:00+02:00,1.64378,1.644285,1.63487,1.63847
2016-04-26T11:00:00+02:00,1.63847,1.644045,1.636625,1.63807
2016-04-26T23:00:00+02:00,1.63807,1.651325,1.63612,1.650565
2016-04-27T11:00:00+02:00,1.650565,1.66008,1.64821,1.65783
2016-04-27T23:00:00+02:00,1.65783,1.65793,1.62619,1.632285
2016-04-28T11:00:00+02:00,1.632285,1.633875,1.62211,1.630825
2016-04-28T23:00:00+02:00,1.630825,1.63874,1.62794,1.63314
2016-04-29T11:00:00+02:00,1.63314,1.6433,1.6264,1.64129
2016-05-01T23:00:00+02:00,1.64129,1.643295,1.634355,1.63965
2016-05-02T11:00:00+02:00,1.63965,1.646525,1.635255,1.64279
2016-05-02T23:00:00+02:00,1.64279,1.653625,1.635385,1.65294
2016-05-03T11:00:00+02:00,1.65294,1.667575,1.65259,1.662835
2016-05-03T23:00:00+02:00,1.662835,1.669465,1.657235,1.66819
2016-05-04T11:00:00+02:00,1.66819,1.67452,1.66147,1.669605
2016-05-04T23:00:00+02:00,1.669605,1.671455,1.659995,1.659995
2016-05-05T11:00:00+02:00,1.659995,1.66299,1.652195,1.656855
2016-05-05T23:00:00+02:00,1.656855,1.67113,1.654505,1.66892
2016-05-06T11:00:00+02:00,1.66892,1.677095,1.664745,1.667585
2016-05-08T23:00:00+02:00,1.667585,1.672535,1.66406,1.667915
2016-05-09T11:00:00+02:00,1.667915,1.68502,1.665215,1.68166
2016-05-09T23:00:00+02:00,1.68166,1.690635,1.67962,1.68482
2016-05-10T11:00:00+02:00,1.68482,1.693155,1.6806,1.68257
2016-05-10T23:00:00+02:00,1.68257,1.68257,1.666165,1.678135
2016-05-11T11:00:00+02:00,1.678135,1.680685,1.67053,1.675855
2016-05-11T23:00:00+02:00,1.675855,1.677175,1.669305,1.67101
2016-05-12T11:00:00+02:00,1.67101,1.67371,1.6653,1.668155
2016-05-12T23:00:00+02:00,1.668155,1.673635,1.665575,1.668605
2016-05-13T11:00:00+02:00,1.668605,1.67234,1.664565,1.67061
2016-05-15T23:00:00+02:00,1.67061,1.67634,1.66579,1.6668
2016-05-16T11:00:00+02:00,1.6668,1.668765,1.663955,1.66711
2016-05-16T23:00:00+02:00,1.66711,1.66985,1.655215,1.665925
2016-05-17T11:00:00+02:00,1.665925,1.66816,1.656975,1.66104
2016-05-17T23:00:00+02:00,1.66104,1.66764,1.660615,1.664315
2016-05-18T11:00:00+02:00,1.664315,1.6705,1.65922,1.66429
2016-05-18T23:00:00+02:00,1.66429,1.66761,1.658515,1.662765
2016-05-19T11:00:00+02:00,1.662765,1.66667,1.65816,1.66145
2016-05-19T23:00:00+02:00,1.66145,1.662565,1.65374,1.65907
2016-05-20T11:00:00+02:00,1.65907,1.661355,1.65524,1.65899
2016-05-22T23:00:00+02:00,1.65899,1.65899,1.64759,1.65054
2016-05-23T11:00:00+02:00,1.65054,1.65985,1.64989,1.65901
2016-05-23T23:00:00+02:00,1.65901,1.67154,1.65777,1.661375
2016-05-24T11:00:00+02:00,1.661375,1.66478,1.65329,1.65352
2016-05-24T23:00:00+02:00,1.65352,1.654215,1.64688,1.65123
2016-05-25T11:00:00+02:00,1.65123,1.658415,1.64653,1.65504
2016-05-25T23:00:00+02:00,1.65504,1.668995,1.65504,1.662495
2016-05-26T11:00:00+02:00,1.662495,1.664375,1.655725,1.660695
2016-05-26T23:00:00+02:00,1.660695,1.6628,1.65671,1.66171
2016-05-27T11:00:00+02:00,1.66171,1.661835,1.655225,1.660175
2016-05-29T23:00:00+02:00,1.660175,1.665675,1.657315,1.66282
2016-05-30T11:00:00+02:00,1.66282,1.665325,1.66067,1.66385
2016-05-30T23:00:00+02:00,1.66385,1.665115,1.65314,1.65687
2016-05-31T11:00:00+02:00,1.65687,1.657355,1.6435,1.64586
2016-05-31T23:00:00+02:00,1.64586,1.646195,1.633055,1.64152
2016-06-01T11:00:00+02:00,1.64152,1.644555,1.636985,1.64124
2016-06-01T23:00:00+02:00,1.64124,1.6489,1.637705,1.64659
2016-06-02T11:00:00+02:00,1.64659,1.651075,1.63546,1.637845
2016-06-02T23:00:00+02:00,1.637845,1.639725,1.627775,1.630455
2016-06-03T11:00:00+02:00,1.630455,1.6364,1.622905,1.63419
2016-06-05T23:00:00+02:00,1.63419,1.64208,1.63165,1.641395
2016-06-06T11:00:00+02:00,1.641395,1.64155,1.63431,1.64026
2016-06-06T23:00:00+02:00,1.64026,1.64717,1.63629,1.636375
2016-06-07T11:00:00+02:00,1.636375,1.63845,1.62582,1.62754
2016-06-07T23:00:00+02:00,1.62754,1.635105,1.623485,1.62708
2016-06-08T11:00:00+02:00,1.62708,1.62822,1.6219,1.62398
2016-06-08T23:00:00+02:00,1.62398,1.62398,1.59181,1.594855
2016-06-09T11:00:00+02:00,1.594855,1.60031,1.584605,1.592645
2016-06-09T23:00:00+02:00,1.592645,1.59687,1.58803,1.59378
2016-06-10T11:00:00+02:00,1.59378,1.59903,1.58687,1.59506
2016-06-12T23:00:00+02:00,1.59506,1.5996,1.59277,1.59693
2016-06-13T11:00:00+02:00,1.59693,1.60376,1.591905,1.5992
2016-06-13T23:00:00+02:00,1.5992,1.60859,1.597425,1.601125
2016-06-14T11:00:00+02:00,1.601125,1.60364,1.59485,1.602575
2016-06-14T23:00:00+02:00,1.602575,1.6096,1.594,1.59707
2016-06-15T11:00:00+02:00,1.59707,1.60235,1.59285,1.600855
2016-06-15T23:00:00+02:00,1.600855,1.60429,1.58812,1.598985
2016-06-16T11:00:00+02:00,1.598985,1.59953,1.587525,1.593825
2016-06-16T23:00:00+02:00,1.593825,1.600025,1.59141,1.595975
2016-06-17T11:00:00+02:00,1.595975,1.599115,1.593025,1.59831
2016-06-19T23:00:00+02:00,1.59831,1.60426,1.592225,1.59241
2016-06-20T11:00:00+02:00,1.59241,1.59528,1.588835,1.589075
2016-06-20T23:00:00+02:00,1.589075,1.595655,1.585185,1.585285
2016-06-21T11:00:00+02:00,1.585285,1.586325,1.575,1.57836
2016-06-21T23:00:00+02:00,1.57836,1.58055,1.57514,1.57642
2016-06-22T11:00:00+02:00,1.57642,1.578915,1.572835,1.57685
2016-06-22T23:00:00+02:00,1.57685,1.582005,1.572035,1.575545
2016-06-23T11:00:00+02:00,1.575545,1.57792,1.566275,1.57033
2016-06-23T23:00:00+02:00,1.57033,1.58677,1.55776,1.5785
2016-06-24T11:00:00+02:00,1.5785,1.578875,1.54561,1.55707
2016-06-26T23:00:00+02:00,1.55707,1.564385,1.55265,1.561625
2016-06-27T11:00:00+02:00,1.561625,1.57643,1.55505,1.576045
2016-06-27T23:00:00+02:00,1.576045,1.57763,1.56233,1.564205
2016-06-28T11:00:00+02:00,1.564205,1.57446,1.56326,1.569945
2016-06-28T23:00:00+02:00,1.569945,1.571925,1.559525,1.56082
2016-06-29T11:00:00+02:00,1.56082,1.56559,1.55461,1.564275
2016-06-29T23:00:00+02:00,1.564275,1.571145,1.56032,1.56416
2016-06-30T11:00:00+02:00,1.56416,1.56662,1.549125,1.55655
2016-06-30T23:00:00+02:00,1.55655,1.560125,1.547285,1.548985
2016-07-01T11:00:00+02:00,1.548985,1.556235,1.54853,1.55293
2016-07-03T23:00:00+02:00,1.55293,1.554325,1.54446,1.54654
2016-07-04T11:00:00+02:00,1.54654,1.546845,1.538815,1.542995
2016-07-04T23:00:00+02:00,1.542995,1.549705,1.541215,1.548385
2016-07-05T11:00:00+02:00,1.548385,1.555645,1.54583,1.54828
2016-07-05T23:00:00+02:00,1.54828,1.560185,1.546585,1.556635
2016-07-06T11:00:00+02:00,1.556635,1.55915,1.55206,1.556325
2016-07-06T23:00:00+02:00,1.556325,1.558695,1.532605,1.53457
2016-07-07T11:00:00+02:00,1.53457,1.538045,1.52885,1.53043
2016-07-07T23:00:00+02:00,1.53043,1.533805,1.52222,1.5263
2016-07-08T11:00:00+02:00,1.5263,1.528115,1.51148,1.51284
2016-07-10T23:00:00+02:00,1.51284,1.52454,1.512265,1.524515
2016-07-11T11:00:00+02:00,1.524515,1.532355,1.521905,1.53164
2016-07-11T23:00:00+02:00,1.53164,1.53337,1.519475,1.521885
2016-07-12T11:00:00+02:00,1.521885,1.523035,1.512435,1.514965
2016-07-12T23:00:00+02:00,1.514965,1.527815,1.514965,1.51901
2016-07-13T11:00:00+02:00,1.51901,1.52763,1.513525,1.52438
2016-07-13T23:00:00+02:00,1.52438,1.543885,1.52174,1.539
2016-07-14T11:00:00+02:00,1.539,1.549465,1.537525,1.544735
2016-07-14T23:00:00+02:00,1.544735,1.557485,1.54371,1.54923
2016-07-15T11:00:00+02:00,1.54923,1.557615,1.5474,1.55071
2016-07-17T23:00:00+02:00,1.55071,1.564085,1.54478,1.55231
2016-07-18T11:00:00+02:00,1.55231,1.560585,1.552235,1.556435
2016-07-18T23:00:00+02:00,1.556435,1.577435,1.556435,1.574235
2016-07-19T11:00:00+02:00,1.574235,1.57546,1.56153,1.562665
2016-07-19T23:00:00+02:00,1.562665,1.568735,1.556965,1.56096
2016-07-20T11:00:00+02:00,1.56096,1.569975,1.560155,1.56773
2016-07-20T23:00:00+02:00,1.56773,1.58399,1.56773,1.57587
2016-07-21T11:00:00+02:00,1.57587,1.582785,1.573085,1.57606
2016-07-21T23:00:00+02:00,1.57606,1.580155,1.571695,1.57748
2016-07-22T11:00:00+02:00,1.57748,1.57938,1.5649,1.56834
2016-07-24T23:00:00+02:00,1.56834,1.574995,1.5631,1.57343
2016-07-25T11:00:00+02:00,1.57343,1.574235,1.5706,1.57152
2016-07-25T23:00:00+02:00,1.57152,1.57317,1.556795,1.558385
2016-07-26T11:00:00+02:00,1.558385,1.562555,1.55333,1.557365
2016-07-26T23:00:00+02:00,1.557365,1.56889,1.55293,1.56084
2016-07-27T11:00:00+02:00,1.56084,1.56564,1.55815,1.562795
2016-07-27T23:00:00+02:00,1.562795,1.56548,1.55514,1.564
2016-07-28T11:00:00+02:00,1.564,1.570735,1.56315,1.565815
2016-07-28T23:00:00+02:00,1.565815,1.566505,1.55443,1.56345
2016-07-29T11:00:00+02:00,1.56345,1.565415,1.54651,1.55014
2016-07-31T23:00:00+02:00,1.55014,1.553825,1.54525,1.551755
2016-08-01T11:00:00+02:00,1.551755,1.55786,1.551055,1.556315
2016-08-01T23:00:00+02:00,1.556315,1.55932,1.54973,1.551915
2016-08-02T11:00:00+02:00,1.551915,1.555185,1.545655,1.54947
2016-08-02T23:00:00+02:00,1.54947,1.560475,1.548525,1.558815
2016-08-03T11:00:00+02:00,1.558815,1.56274,1.5569,1.55776
2016-08-03T23:00:00+02:00,1.55776,1.55954,1.552505,1.55428
2016-08-04T11:00:00+02:00,1.55428,1.554355,1.5451,1.551675
2016-08-04T23:00:00+02:00,1.551675,1.55222,1.543745,1.54549
2016-08-05T11:00:00+02:00,1.54549,1.55518,1.54435,1.55265
2016-08-07T23:00:00+02:00,1.55265,1.564735,1.5525,1.554795
2016-08-08T11:00:00+02:00,1.554795,1.55721,1.55079,1.55327
2016-08-08T23:00:00+02:00,1.55327,1.557665,1.54812,1.554405
2016-08-09T11:00:00+02:00,1.554405,1.55599,1.54712,1.551385
2016-08-09T23:00:00+02:00,1.551385,1.55251,1.54325,1.544775
2016-08-10T11:00:00+02:00,1.544775,1.55553,1.540015,1.55119
2016-08-10T23:00:00+02:00,1.55119,1.5562,1.52237,1.54117
2016-08-11T11:00:00+02:00,1.54117,1.54627,1.535155,1.544905
2016-08-11T23:00:00+02:00,1.544905,1.55038,1.540915,1.54867
2016-08-12T11:00:00+02:00,1.54867,1.552965,1.54416,1.55102
2016-08-14T23:00:00+02:00,1.55102,1.556875,1.54836,1.548825
2016-08-15T11:00:00+02:00,1.548825,1.5544,1.54828,1.55134
2016-08-15T23:00:00+02:00,1.55134,1.55303,1.546215,1.54786
2016-08-16T11:00:00+02:00,1.54786,1.557755,1.544875,1.54929
2016-08-16T23:00:00+02:00,1.54929,1.55467,1.540485,1.554455
2016-08-17T11:00:00+02:00,1.554455,1.56259,1.55428,1.5569
2016-08-17T23:00:00+02:00,1.5569,1.5583,1.54868,1.55436
2016-08-18T11:00:00+02:00,1.55436,1.55914,1.552525,1.55804
2016-08-18T23:00:00+02:00,1.55804,1.564925,1.55611,1.5582
2016-08-19T11:00:00+02:00,1.5582,1.561935,1.556335,1.55721
2016-08-21T23:00:00+02:00,1.55721,1.564345,1.55675,1.557645
2016-08-22T11:00:00+02:00,1.557645,1.560665,1.55299,1.557195
2016-08-22T23:00:00+02:00,1.557195,1.557195,1.54508,1.54787
2016-08-23T11:00:00+02:00,1.54787,1.55242,1.543295,1.550755
2016-08-23T23:00:00+02:00,1.550755,1.55456,1.54039,1.54136
2016-08-24T11:00:00+02:00,1.54136,1.54299,1.53711,1.540625
2016-08-24T23:00:00+02:00,1.540625,1.544205,1.536835,1.543115
2016-08-25T11:00:00+02:00,1.543115,1.549485,1.54154,1.54592
2016-08-25T23:00:00+02:00,1.54592,1.54638,1.54102,1.54197
2016-08-26T11:00:00+02:00,1.54197,1.550375,1.532225,1.54707
2016-08-28T23:00:00+02:00,1.54707,1.55208,1.54363,1.54399
2016-08-29T11:00:00+02:00,1.54399,1.54607,1.540195,1.543075
2016-08-29T23:00:00+02:00,1.543075,1.54586,1.53974,1.54345
2016-08-30T11:00:00+02:00,1.54345,1.545435,1.54112,1.543545
2016-08-30T23:00:00+02:00,1.543545,1.544305,1.53606,1.536695
2016-08-31T11:00:00+02:00,1.536695,1.540355,1.53462,1.53925
2016-08-31T23:00:00+02:00,1.53925,1.54171,1.531735,1.533275
2016-09-01T11:00:00+02:00,1.533275,1.54023,1.53215,1.537645
2016-09-01T23:00:00+02:00,1.537645,1.53866,1.533435,1.53494
2016-09-02T11:00:00+02:00,1.53494,1.53522,1.526675,1.52974
2016-09-04T23:00:00+02:00,1.52974,1.53291,1.522105,1.524145
2016-09-05T11:00:00+02:00,1.524145,1.527235,1.5237,1.52586
2016-09-05T23:00:00+02:00,1.52586,1.52647,1.518795,1.52086
2016-09-06T11:00:00+02:00,1.52086,1.522145,1.516205,1.5174
2016-09-06T23:00:00+02:00,1.5174,1.51971,1.507845,1.508595
2016-09-07T11:00:00+02:00,1.508595,1.51045,1.50287,1.508665
2016-09-07T23:00:00+02:00,1.508665,1.510085,1.505575,1.50708
2016-09-08T11:00:00+02:00,1.50708,1.52426,1.50706,1.521975
2016-09-08T23:00:00+02:00,1.521975,1.53054,1.52053,1.52848
2016-09-09T11:00:00+02:00,1.52848,1.5345,1.52494,1.53446
2016-09-11T23:00:00+02:00,1.53446,1.542515,1.531385,1.53898
2016-09-12T11:00:00+02:00,1.53898,1.539425,1.527565,1.52805
2016-09-12T23:00:00+02:00,1.52805,1.535635,1.52586,1.53119
2016-09-13T11:00:00+02:00,1.53119,1.551185,1.529415,1.54721
2016-09-13T23:00:00+02:00,1.54721,1.549605,1.540495,1.542445
2016-09-14T11:00:00+02:00,1.542445,1.546365,1.539605,1.545015
2016-09-14T23:00:00+02:00,1.545015,1.550725,1.539915,1.54669
2016-09-15T11:00:00+02:00,1.54669,1.54834,1.535,1.53718
2016-09-15T23:00:00+02:00,1.53718,1.538785,1.534385,1.53656
2016-09-16T11:00:00+02:00,1.53656,1.539185,1.534445,1.53542
2016-09-18T23:00:00+02:00,1.53542,1.537755,1.52382,1.52755
2016-09-19T11:00:00+02:00,1.52755,1.53302,1.525345,1.53228
2016-09-19T23:00:00+02:00,1.53228,1.532565,1.5212,1.523775
2016-09-20T11:00:00+02:00,1.523775,1.528845,1.519595,1.52445
2016-09-20T23:00:00+02:00,1.52445,1.52902,1.52123,1.523105
2016-09-21T11:00:00+02:00,1.523105,1.528135,1.516515,1.52189
2016-09-21T23:00:00+02:00,1.52189,1.533565,1.5184,1.53292
2016-09-22T11:00:00+02:00,1.53292,1.53842,1.52997,1.53304
2016-09-22T23:00:00+02:00,1.53304,1.54703,1.53201,1.54482
2016-09-23T11:00:00+02:00,1.54482,1.55524,1.54275,1.54956
2016-09-25T23:00:00+02:00,1.54956,1.55529,1.548525,1.55453
2016-09-26T11:00:00+02:00,1.55453,1.55528,1.544975,1.54709
2016-09-26T23:00:00+02:00,1.54709,1.548325,1.53417,1.536895
2016-09-27T11:00:00+02:00,1.536895,1.54236,1.53397,1.53639
2016-09-27T23:00:00+02:00,1.53639,1.546675,1.53562,1.54573
2016-09-28T11:00:00+02:00,1.54573,1.55007,1.54029,1.54041
2016-09-28T23:00:00+02:00,1.54041,1.544565,1.537985,1.541845
2016-09-29T11:00:00+02:00,1.541845,1.548345,1.5383,1.54744
2016-09-29T23:00:00+02:00,1.54744,1.55092,1.53835,1.540775
2016-09-30T11:00:00+02:00,1.540775,1.546125,1.53388,1.54315
2016-10-02T23:00:00+02:00,1.54315,1.54826,1.54137,1.541775
2016-10-03T11:00:00+02:00,1.541775,1.546585,1.540825,1.541175
2016-10-03T23:00:00+02:00,1.541175,1.54185,1.533275,1.53379
2016-10-04T11:00:00+02:00,1.53379,1.55662,1.53108,1.554435
2016-10-04T23:00:00+02:00,1.554435,1.56503,1.55413,1.562445
2016-10-05T11:00:00+02:00,1.562445,1.56556,1.557225,1.562345
2016-10-05T23:00:00+02:00,1.562345,1.565885,1.56049,1.56113
2016-10-06T11:00:00+02:00,1.56113,1.56684,1.555035,1.556535
2016-10-06T23:00:00+02:00,1.556535,1.56255,1.55372,1.56105
2016-10-07T11:00:00+02:00,1.56105,1.568555,1.55367,1.56207
2016-10-09T23:00:00+02:00,1.56207,1.565805,1.55682,1.564475
2016-10-10T11:00:00+02:00,1.564475,1.56598,1.560055,1.560885
2016-10-10T23:00:00+02:00,1.560885,1.57646,1.55946,1.5728
2016-10-11T11:00:00+02:00,1.5728,1.57341,1.56433,1.566615
2016-10-11T23:00:00+02:00,1.566615,1.567305,1.556785,1.55896
2016-10-12T11:00:00+02:00,1.55896,1.56471,1.55661,1.5587
2016-10-12T23:00:00+02:00,1.5587,1.56594,1.5574,1.561275
2016-10-13T11:00:00+02:00,1.561275,1.56402,1.55608,1.55839
2016-10-13T23:00:00+02:00,1.55839,1.56046,1.54895,1.5511
2016-10-14T11:00:00+02:00,1.5511,1.55491,1.54716,1.54818
2016-10-16T23:00:00+02:00,1.54818,1.55002,1.54181,1.54301
2016-10-17T11:00:00+02:00,1.54301,1.54507,1.53962,1.54172
2016-10-17T23:00:00+02:00,1.54172,1.54252,1.52982,1.53121
2016-10-18T11:00:00+02:00,1.53121,1.5321,1.52302,1.52718
2016-10-18T23:00:00+02:00,1.52718,1.52718,1.51931,1.524815
2016-10-19T11:00:00+02:00,1.524815,1.527085,1.51344,1.51762
2016-10-19T23:00:00+02:00,1.51762,1.521355,1.510325,1.519205
2016-10-20T11:00:00+02:00,1.519205,1.529345,1.51377,1.519415
2016-10-20T23:00:00+02:00,1.519415,1.52245,1.517295,1.519395
2016-10-21T11:00:00+02:00,1.519395,1.521835,1.51806,1.51968
2016-10-23T23:00:00+02:00,1.51968,1.52163,1.516195,1.51929
2016-10-24T11:00:00+02:00,1.51929,1.52778,1.518415,1.524455
2016-10-24T23:00:00+02:00,1.524455,1.52915,1.51967,1.52343
2016-10-25T11:00:00+02:00,1.52343,1.524315,1.51862,1.51986
2016-10-25T23:00:00+02:00,1.51986,1.522555,1.51747,1.521445
2016-10-26T11:00:00+02:00,1.521445,1.52708,1.52113,1.52503
2016-10-26T23:00:00+02:00,1.52503,1.528855,1.5216,1.528695
2016-10-27T11:00:00+02:00,1.528695,1.535175,1.52724,1.53022
2016-10-27T23:00:00+02:00,1.53022,1.533275,1.52608,1.52765
2016-10-28T11:00:00+02:00,1.52765,1.536455,1.52687,1.53362
2016-10-30T22:00:00+01:00,1.53362,1.537185,1.53122,1.531675
2016-10-31T10:00:00+01:00,1.531675,1.536185,1.53,1.53606
2016-10-31T22:00:00+01:00,1.53606,1.53606,1.52833,1.532405
2016-11-01T10:00:00+01:00,1.532405,1.54539,1.531765,1.53918
2016-11-01T22:00:00+01:00,1.53918,1.539805,1.528605,1.528975
2016-11-02T10:00:00+01:00,1.528975,1.53018,1.519105,1.522775
2016-11-02T22:00:00+01:00,1.522775,1.526665,1.517645,1.521315
2016-11-03T10:00:00+01:00,1.521315,1.52198,1.51206,1.513055
2016-11-03T22:00:00+01:00,1.513055,1.51944,1.513055,1.516085
2016-11-04T10:00:00+01:00,1.516085,1.522505,1.51491,1.52039
2016-11-06T23:00:00+01:00,1.52039,1.52039,1.50543,1.51455
2016-11-07T11:00:00+01:00,1.51455,1.51697,1.502485,1.50302
2016-11-07T23:00:00+01:00,1.50302,1.5082,1.50278,1.505275
2016-11-08T11:00:00+01:00,1.505275,1.508525,1.488095,1.493005
2016-11-08T23:00:00+01:00,1.493005,1.55167,1.488605,1.516935
2016-11-09T11:00:00+01:00,1.516935,1.520395,1.48497,1.49861
2016-11-09T23:00:00+01:00,1.49861,1.510325,1.49458,1.4988
2016-11-10T11:00:00+01:00,1.4988,1.515255,1.49524,1.51017
2016-11-10T23:00:00+01:00,1.51017,1.5179,1.50763,1.51047
2016-11-11T11:00:00+01:00,1.51047,1.52626,1.50904,1.52587
2016-11-13T23:00:00+01:00,1.52587,1.52587,1.51555,1.51736
2016-11-14T11:00:00+01:00,1.51736,1.521795,1.50811,1.508535
2016-11-14T23:00:00+01:00,1.508535,1.51954,1.505175,1.51812
2016-11-15T11:00:00+01:00,1.51812,1.51864,1.509355,1.5101
2016-11-15T23:00:00+01:00,1.5101,1.516815,1.509955,1.512875
2016-11-16T11:00:00+01:00,1.512875,1.520085,1.508385,1.512065
2016-11-16T23:00:00+01:00,1.512065,1.51238,1.50583,1.51099
2016-11-17T11:00:00+01:00,1.51099,1.516105,1.50739,1.51254
2016-11-17T23:00:00+01:00,1.51254,1.513665,1.505945,1.50795
2016-11-18T11:00:00+01:00,1.50795,1.5121,1.50438,1.51092
2016-11-20T23:00:00+01:00,1.51092,1.516045,1.50916,1.515055
2016-11-21T11:00:00+01:00,1.515055,1.515545,1.501745,1.50432
2016-11-21T23:00:00+01:00,1.50432,1.50538,1.500355,1.50438
2016-11-22T11:00:00+01:00,1.50438,1.507875,1.501855,1.504675
2016-11-22T23:00:00+01:00,1.504675,1.50546,1.502,1.503895
2016-11-23T11:00:00+01:00,1.503895,1.507545,1.50196,1.506485
2016-11-23T23:00:00+01:00,1.506485,1.511285,1.504315,1.50758
2016-11-24T11:00:00+01:00,1.50758,1.51212,1.506375,1.50741
2016-11-24T23:00:00+01:00,1.50741,1.50907,1.50324,1.50531
2016-11-25T11:00:00+01:00,1.50531,1.506405,1.50251,1.50462
2016-11-27T23:00:00+01:00,1.50462,1.509555,1.500435,1.50226
2016-11-28T11:00:00+01:00,1.50226,1.50418,1.496055,1.50031
2016-11-28T23:00:00+01:00,1.50031,1.500335,1.49388,1.49444
2016-11-29T11:00:00+01:00,1.49444,1.496425,1.49007,1.49424
2016-11-29T23:00:00+01:00,1.49424,1.494945,1.48403,1.487175
2016-11-30T11:00:00+01:00,1.487175,1.49779,1.48705,1.495365
2016-11-30T23:00:00+01:00,1.495365,1.50107,1.493945,1.500035
2016-12-01T11:00:00+01:00,1.500035,1.506855,1.49862,1.5044
2016-12-01T23:00:00+01:00,1.5044,1.50684,1.500305,1.50044
2016-12-02T11:00:00+01:00,1.50044,1.502585,1.4923,1.49359
2016-12-04T23:00:00+01:00,1.49359,1.50062,1.47777,1.4987
2016-12-05T11:00:00+01:00,1.4987,1.514,1.49855,1.50721
2016-12-05T23:00:00+01:00,1.50721,1.51647,1.5023,1.511255
2016-12-06T11:00:00+01:00,1.511255,1.512755,1.50463,1.50518
2016-12-06T23:00:00+01:00,1.50518,1.50883,1.50174,1.50194
2016-12-07T11:00:00+01:00,1.50194,1.50531,1.50057,1.50096
2016-12-07T23:00:00+01:00,1.50096,1.50096,1.49108,1.498065
2016-12-08T11:00:00+01:00,1.498065,1.50943,1.47679,1.47968
2016-12-08T23:00:00+01:00,1.47968,1.481005,1.47609,1.479655
2016-12-09T11:00:00+01:00,1.479655,1.482325,1.47213,1.48025
2016-12-11T23:00:00+01:00,1.48025,1.481985,1.475775,1.47917
2016-12-12T11:00:00+01:00,1.47917,1.481465,1.473585,1.47948
2016-12-12T23:00:00+01:00,1.47948,1.48099,1.47617,1.47746
2016-12-13T11:00:00+01:00,1.47746,1.478025,1.46922,1.47528
2016-12-13T23:00:00+01:00,1.47528,1.477475,1.471595,1.47429
2016-12-14T11:00:00+01:00,1.47429,1.481235,1.471695,1.480315
2016-12-14T23:00:00+01:00,1.480315,1.48295,1.47492,1.48242
2016-12-15T11:00:00+01:00,1.48242,1.483135,1.473055,1.47958
2016-12-15T23:00:00+01:00,1.47958,1.488155,1.477575,1.487945
2016-12-16T11:00:00+01:00,1.487945,1.502135,1.484995,1.50153
2016-12-18T23:00:00+01:00,1.50153,1.502395,1.496655,1.50052
2016-12-19T11:00:00+01:00,1.50052,1.505635,1.499115,1.50141
2016-12-19T23:00:00+01:00,1.50141,1.50479,1.49951,1.5033
2016-12-20T11:00:00+01:00,1.5033,1.506295,1.50039,1.501935
2016-12-20T23:00:00+01:00,1.501935,1.50567,1.497565,1.50336
2016-12-21T11:00:00+01:00,1.50336,1.51215,1.502795,1.5111
2016-12-21T23:00:00+01:00,1.5111,1.514255,1.507995,1.51194
2016-12-22T11:00:00+01:00,1.51194,1.51762,1.511195,1.51198
2016-12-22T23:00:00+01:00,1.51198,1.515,1.51085,1.513515
2016-12-23T11:00:00+01:00,1.513515,1.523585,1.51232,1.52
2016-12-26T23:00:00+01:00,1.52,1.52,1.51347,1.516525
2016-12-27T11:00:00+01:00,1.516525,1.51906,1.51579,1.517785
2016-12-27T23:00:00+01:00,1.517785,1.51813,1.506815,1.50765
2016-12-28T11:00:00+01:00,1.50765,1.509185,1.502685,1.506185
2016-12-28T23:00:00+01:00,1.506185,1.508805,1.501225,1.503295
2016-12-29T11:00:00+01:00,1.503295,1.510215,1.50285,1.50696
2016-12-29T23:00:00+01:00,1.50696,1.52821,1.50583,1.522425
2016-12-30T11:00:00+01:00,1.522425,1.52256,1.511975,1.51873
2017-01-02T23:00:00+01:00,1.51873,1.51873,1.49994,1.501375
2017-01-03T11:00:00+01:00,1.501375,1.5067,1.50014,1.504105
2017-01-03T23:00:00+01:00,1.504105,1.5099,1.5006,1.504545
2017-01-04T11:00:00+01:00,1.504545,1.5087,1.50064,1.50533
2017-01-04T23:00:00+01:00,1.50533,1.50922,1.50368,1.506265
2017-01-05T11:00:00+01:00,1.506265,1.5106,1.50458,1.51022
2017-01-05T23:00:00+01:00,1.51022,1.51326,1.50678,1.50886
2017-01-06T11:00:00+01:00,1.50886,1.51537,1.50506,1.51371
2017-01-08T23:00:00+01:00,1.51371,1.5147,1.5102,1.511125
2017-01-09T11:00:00+01:00,1.511125,1.51146,1.50317,1.50681
2017-01-09T23:00:00+01:00,1.50681,1.51484,1.50604,1.51405
2017-01-10T11:00:00+01:00,1.51405,1.51929,1.50928,1.510025
2017-01-10T23:00:00+01:00,1.510025,1.51439,1.50246,1.50326
2017-01-11T11:00:00+01:00,1.50326,1.50471,1.49704,1.50016
2017-01-11T23:00:00+01:00,1.50016,1.50139,1.49168,1.49376
2017-01-12T11:00:00+01:00,1.49376,1.50078,1.49128,1.49465
2017-01-12T23:00:00+01:00,1.49465,1.49738,1.4901,1.495125
2017-01-13T11:00:00+01:00,1.495125,1.50037,1.49252,1.49299
2017-01-15T23:00:00+01:00,1.49299,1.49734,1.48762,1.49324
2017-01-16T11:00:00+01:00,1.49324,1.49556,1.49091,1.49246
2017-01-16T23:00:00+01:00,1.49246,1.4945,1.48512,1.48814
2017-01-17T11:00:00+01:00,1.48814,1.49119,1.4838,1.48487
2017-01-17T23:00:00+01:00,1.48487,1.4887,1.48328,1.48549
2017-01-18T11:00:00+01:00,1.48549,1.49256,1.48294,1.492335
2017-01-18T23:00:00+01:00,1.492335,1.49281,1.48188,1.484585
2017-01-19T11:00:00+01:00,1.484585,1.48729,1.47728,1.483435
2017-01-19T23:00:00+01:00,1.483435,1.49101,1.478,1.48934
2017-01-20T11:00:00+01:00,1.48934,1.4946,1.48719,1.4929
2017-01-22T23:00:00+01:00,1.4929,1.49426,1.48898,1.49356
2017-01-23T11:00:00+01:00,1.49356,1.49528,1.48648,1.48824
2017-01-23T23:00:00+01:00,1.48824,1.48922,1.48239,1.48543
2017-01-24T11:00:00+01:00,1.48543,1.48801,1.4788,1.48062
2017-01-24T23:00:00+01:00,1.48062,1.48479,1.47774,1.483015
2017-01-25T11:00:00+01:00,1.483015,1.48356,1.47099,1.472835
2017-01-25T23:00:00+01:00,1.472835,1.47818,1.46978,1.477115
2017-01-26T11:00:00+01:00,1.477115,1.48326,1.47298,1.474595
2017-01-26T23:00:00+01:00,1.474595,1.47615,1.471655,1.47355
2017-01-27T11:00:00+01:00,1.47355,1.47522,1.4704,1.47281
2017-01-29T23:00:00+01:00,1.47281,1.4783,1.47207,1.474225
2017-01-30T11:00:00+01:00,1.474225,1.47472,1.46503,1.468105
2017-01-30T23:00:00+01:00,1.468105,1.47276,1.46643,1.47077
2017-01-31T11:00:00+01:00,1.47077,1.47835,1.469,1.476785
2017-01-31T23:00:00+01:00,1.476785,1.48668,1.47614,1.48228
2017-02-01T11:00:00+01:00,1.48228,1.48454,1.47854,1.479435
2017-02-01T23:00:00+01:00,1.479435,1.48656,1.47646,1.479755
2017-02-02T11:00:00+01:00,1.479755,1.48049,1.47462,1.476195
2017-02-02T23:00:00+01:00,1.476195,1.48054,1.47568,1.477945
2017-02-03T11:00:00+01:00,1.477945,1.47865,1.47152,1.47436
2017-02-05T23:00:00+01:00,1.47436,1.47746,1.46665,1.46976
2017-02-06T11:00:00+01:00,1.46976,1.47326,1.46678,1.4682
2017-02-06T23:00:00+01:00,1.4682,1.46925,1.45359,1.46148
2017-02-07T11:00:00+01:00,1.46148,1.46518,1.46064,1.46324
2017-02-07T23:00:00+01:00,1.46324,1.46468,1.45719,1.4586
2017-02-08T11:00:00+01:00,1.4586,1.47504,1.45704,1.473075
2017-02-08T23:00:00+01:00,1.473075,1.48578,1.47224,1.482085
2017-02-09T11:00:00+01:00,1.482085,1.48624,1.4786,1.48276
2017-02-09T23:00:00+01:00,1.48276,1.48392,1.47831,1.48122
2017-02-10T11:00:00+01:00,1.48122,1.48224,1.47552,1.47747
2017-02-12T23:00:00+01:00,1.47747,1.48016,1.47291,1.479165
2017-02-13T11:00:00+01:00,1.479165,1.48286,1.47604,1.4766
2017-02-13T23:00:00+01:00,1.4766,1.48016,1.47483,1.477865
2017-02-14T11:00:00+01:00,1.477865,1.4807,1.47554,1.475715
2017-02-14T23:00:00+01:00,1.475715,1.47733,1.46788,1.46953
2017-02-15T11:00:00+01:00,1.46953,1.47346,1.46687,1.46771
2017-02-15T23:00:00+01:00,1.46771,1.4725,1.4659,1.47209
2017-02-16T11:00:00+01:00,1.47209,1.47984,1.4706,1.479435
2017-02-16T23:00:00+01:00,1.479435,1.48354,1.47756,1.481225
2017-02-17T11:00:00+01:00,1.481225,1.48332,1.4761,1.47821
2017-02-19T23:00:00+01:00,1.47821,1.48024,1.47396,1.478745
2017-02-20T11:00:00+01:00,1.478745,1.47922,1.47612,1.476215
2017-02-20T23:00:00+01:00,1.476215,1.4803,1.47603,1.47774
2017-02-21T11:00:00+01:00,1.47774,1.47842,1.47066,1.471245
2017-02-21T23:00:00+01:00,1.471245,1.47366,1.46424,1.46607
2017-02-22T11:00:00+01:00,1.46607,1.47512,1.46396,1.46857
2017-02-22T23:00:00+01:00,1.46857,1.47058,1.46272,1.464075
2017-02-23T11:00:00+01:00,1.464075,1.46629,1.45931,1.463505
2017-02-23T23:00:00+01:00,1.463505,1.46658,1.46198,1.465865
2017-02-24T11:00:00+01:00,1.465865,1.4735,1.4645,1.46687
2017-02-26T23:00:00+01:00,1.46687,1.47063,1.46607,1.470495
2017-02-27T11:00:00+01:00,1.470495,1.47303,1.46896,1.472225
2017-02-27T23:00:00+01:00,1.472225,1.47478,1.47088,1.473095
2017-02-28T11:00:00+01:00,1.473095,1.47437,1.46708,1.47059
2017-02-28T23:00:00+01:00,1.47059,1.4846,1.4699,1.477885
2017-03-01T11:00:00+01:00,1.477885,1.48238,1.47186,1.476205
2017-03-01T23:00:00+01:00,1.476205,1.48338,1.47412,1.482705
2017-03-02T11:00:00+01:00,1.482705,1.4901,1.4807,1.487765
2017-03-02T23:00:00+01:00,1.487765,1.49832,1.4866,1.496755
2017-03-03T11:00:00+01:00,1.496755,1.50922,1.49636,1.5079
2017-03-05T23:00:00+01:00,1.5079,1.51363,1.50515,1.50714
2017-03-06T11:00:00+01:00,1.50714,1.514,1.50551,1.5127
2017-03-06T23:00:00+01:00,1.5127,1.51769,1.50915,1.514025
2017-03-07T11:00:00+01:00,1.514025,1.52,1.51104,1.519345
2017-03-07T23:00:00+01:00,1.519345,1.52166,1.51436,1.51893
2017-03-08T11:00:00+01:00,1.51893,1.5268,1.51882,1.524815
2017-03-08T23:00:00+01:00,1.524815,1.53242,1.52428,1.530345
2017-03-09T11:00:00+01:00,1.530345,1.53644,1.52609,1.532955
2017-03-09T23:00:00+01:00,1.532955,1.538,1.53167,1.53395
2017-03-10T11:00:00+01:00,1.53395,1.5446,1.53124,1.54191
2017-03-12T22:00:00+01:00,1.54191,1.54558,1.5381,1.53827
2017-03-13T10:00:00+01:00,1.53827,1.54078,1.53604,1.538735
2017-03-13T22:00:00+01:00,1.538735,1.54328,1.5374,1.54083
2017-03-14T10:00:00+01:00,1.54083,1.54178,1.53156,1.53268
2017-03-14T22:00:00+01:00,1.53268,1.53408,1.5291,1.532105
2017-03-15T10:00:00+01:00,1.532105,1.53213,1.52078,1.523865
2017-03-15T22:00:00+01:00,1.523865,1.53484,1.5221,1.53005
2017-03-16T10:00:00+01:00,1.53005,1.54368,1.52836,1.540945
2017-03-16T22:00:00+01:00,1.540945,1.54416,1.53903,1.54018
2017-03-17T10:00:00+01:00,1.54018,1.54123,1.52686,1.53006
2017-03-19T22:00:00+01:00,1.53006,1.53104,1.52328,1.52947
2017-03-20T10:00:00+01:00,1.52947,1.53051,1.52114,1.52262
2017-03-20T22:00:00+01:00,1.52262,1.53416,1.5217,1.53208
2017-03-21T10:00:00+01:00,1.53208,1.53646,1.52497,1.53519
2017-03-21T22:00:00+01:00,1.53519,1.53823,1.53287,1.535585
2017-03-22T10:00:00+01:00,1.535585,1.53775,1.52771,1.53302
2017-03-22T22:00:00+01:00,1.53302,1.5353,1.52842,1.529365
2017-03-23T10:00:00+01:00,1.529365,1.53588,1.52888,1.534205
2017-03-23T22:00:00+01:00,1.534205,1.54146,1.53104,1.54098
2017-03-24T10:00:00+01:00,1.54098,1.54169,1.53437,1.536255
2017-03-26T23:00:00+02:00,1.536255,1.54212,1.536255,1.539895
2017-03-27T11:00:00+02:00,1.539895,1.5464,1.53857,1.54221
2017-03-27T23:00:00+02:00,1.54221,1.54855,1.54046,1.546395
2017-03-28T11:00:00+02:00,1.546395,1.54801,1.53946,1.54171
2017-03-28T23:00:00+02:00,1.54171,1.54556,1.53512,1.53604
2017-03-29T11:00:00+02:00,1.53604,1.53744,1.5286,1.531175
2017-03-29T23:00:00+02:00,1.531175,1.53466,1.5281,1.530115
2017-03-30T11:00:00+02:00,1.530115,1.53216,1.52438,1.52625
2017-03-30T23:00:00+02:00,1.52625,1.53172,1.52501,1.53047
2017-03-31T11:00:00+02:00,1.53047,1.53162,1.51913,1.52078
2017-04-02T23:00:00+02:00,1.52078,1.52748,1.52044,1.5262
2017-04-03T11:00:00+02:00,1.5262,1.52638,1.52108,1.52125
2017-04-03T23:00:00+02:00,1.52125,1.52784,1.51914,1.527185
2017-04-04T11:00:00+02:00,1.527185,1.5313,1.5242,1.530815
2017-04-04T23:00:00+02:00,1.530815,1.53236,1.52852,1.530635
2017-04-05T11:00:00+02:00,1.530635,1.53374,1.52932,1.53143
2017-04-05T23:00:00+02:00,1.53143,1.53385,1.52512,1.528985
2017-04-06T11:00:00+02:00,1.528985,1.53108,1.52619,1.52725
2017-04-06T23:00:00+02:00,1.52725,1.5312,1.52423,1.52496
2017-04-07T11:00:00+02:00,1.52496,1.52866,1.52246,1.52686
2017-04-09T23:00:00+02:00,1.52686,1.52792,1.52308,1.52445
2017-04-10T11:00:00+02:00,1.52445,1.5251,1.52182,1.522265
2017-04-10T23:00:00+02:00,1.522265,1.52582,1.52066,1.525325
2017-04-11T11:00:00+02:00,1.525325,1.53175,1.52399,1.524085
2017-04-11T23:00:00+02:00,1.524085,1.53088,1.52358,1.53051
2017-04-12T11:00:00+02:00,1.53051,1.53566,1.52954,1.53068
2017-04-12T23:00:00+02:00,1.53068,1.53113,1.51896,1.51973
2017-04-13T11:00:00+02:00,1.51973,1.52045,1.51494,1.516625
2017-04-13T23:00:00+02:00,1.516625,1.5207,1.51564,1.519585
2017-04-14T11:00:00+02:00,1.519585,1.52012,1.51305,1.51667
2017-04-16T23:00:00+02:00,1.51667,1.51874,1.50973,1.515415
2017-04-17T11:00:00+02:00,1.515415,1.51968,1.51394,1.51816
2017-04-17T23:00:00+02:00,1.51816,1.52078,1.51628,1.519375
2017-04-18T11:00:00+02:00,1.519375,1.5255,1.5162,1.52394
2017-04-18T23:00:00+02:00,1.52394,1.52904,1.521,1.527905
2017-04-19T11:00:00+02:00,1.527905,1.53176,1.52652,1.52951
2017-04-19T23:00:00+02:00,1.52951,1.53414,1.52111,1.53399
2017-04-20T11:00:00+02:00,1.53399,1.53722,1.52792,1.528595
2017-04-20T23:00:00+02:00,1.528595,1.5339,1.52764,1.528265
2017-04-21T11:00:00+02:00,1.528265,1.52878,1.52087,1.52578
2017-04-23T23:00:00+02:00,1.52578,1.55004,1.52578,1.544375
2017-04-24T11:00:00+02:00,1.544375,1.54983,1.54236,1.549145
2017-04-24T23:00:00+02:00,1.549145,1.56687,1.54855,1.56649
2017-04-25T11:00:00+02:00,1.56649,1.57676,1.56168,1.57219
2017-04-25T23:00:00+02:00,1.57219,1.58422,1.57103,1.578385
2017-04-26T11:00:00+02:00,1.578385,1.5842,1.57634,1.582555
2017-04-26T23:00:00+02:00,1.582555,1.58344,1.57541,1.58336
2017-04-27T11:00:00+02:00,1.58336,1.59093,1.58036,1.581455
2017-04-27T23:00:00+02:00,1.581455,1.58806,1.57649,1.58749
2017-04-28T11:00:00+02:00,1.58749,1.59406,1.58458,1.58651
2017-04-30T23:00:00+02:00,1.58651,1.58983,1.58564,1.586845
2017-05-01T11:00:00+02:00,1.586845,1.58702,1.57688,1.57746
2017-05-01T23:00:00+02:00,1.57746,1.58118,1.57255,1.578695
2017-05-02T11:00:00+02:00,1.578695,1.58036,1.57297,1.57614
2017-05-02T23:00:00+02:00,1.57614,1.57634,1.56851,1.573375
2017-05-03T11:00:00+02:00,1.573375,1.58616,1.5727,1.58285
2017-05-03T23:00:00+02:00,1.58285,1.59033,1.57974,1.588715
2017-05-04T11:00:00+02:00,1.588715,1.60205,1.58772,1.59901
2017-05-04T23:00:00+02:00,1.59901,1.60093,1.58862,1.58888
2017-05-05T11:00:00+02:00,1.58888,1.59388,1.58677,1.58914
2017-05-07T23:00:00+02:00,1.58914,1.59598,1.57786,1.57902
2017-05-08T11:00:00+02:00,1.57902,1.58452,1.57688,1.581465
2017-05-08T23:00:00+02:00,1.581465,1.58614,1.57716,1.58147
2017-05-09T11:00:00+02:00,1.58147,1.58356,1.57497,1.576985
2017-05-09T23:00:00+02:00,1.576985,1.5806,1.56872,1.568855
2017-05-10T11:00:00+02:00,1.568855,1.57062,1.5629,1.56541
2017-05-10T23:00:00+02:00,1.56541,1.59409,1.56501,1.58851
2017-05-11T11:00:00+02:00,1.58851,1.59015,1.58363,1.58565
2017-05-11T23:00:00+02:00,1.58565,1.59137,1.58504,1.58749
2017-05-12T11:00:00+02:00,1.58749,1.59628,1.58548,1.59302
2017-05-14T23:00:00+02:00,1.59302,1.59546,1.58596,1.5891
2017-05-15T11:00:00+02:00,1.5891,1.59689,1.58446,1.59528
2017-05-15T23:00:00+02:00,1.59528,1.60762,1.5908,1.60694
2017-05-16T11:00:00+02:00,1.60694,1.6112,1.60482,1.610295
2017-05-16T23:00:00+02:00,1.610295,1.61336,1.6046,1.61069
2017-05-17T11:00:00+02:00,1.61069,1.61536,1.60508,1.607965
2017-05-17T23:00:00+02:00,1.607965,1.61254,1.60472,1.60472
2017-05-18T11:00:00+02:00,1.60472,1.61166,1.60258,1.609355
2017-05-18T23:00:00+02:00,1.609355,1.61839,1.60804,1.618185
2017-05-19T11:00:00+02:00,1.618185,1.62374,1.61487,1.61777
2017-05-21T23:00:00+02:00,1.61777,1.61993,1.60542,1.607585
2017-05-22T11:00:00+02:00,1.607585,1.61545,1.60482,1.606255
2017-05-22T23:00:00+02:00,1.606255,1.60782,1.5956,1.60108
2017-05-23T11:00:00+02:00,1.60108,1.6014,1.59258,1.594875
2017-05-23T23:00:00+02:00,1.594875,1.59964,1.59283,1.59415
2017-05-24T11:00:00+02:00,1.59415,1.59578,1.58953,1.591515
2017-05-24T23:00:00+02:00,1.591515,1.60065,1.5907,1.59961
2017-05-25T11:00:00+02:00,1.59961,1.59965,1.59022,1.59628
2017-05-25T23:00:00+02:00,1.59628,1.59848,1.58978,1.593445
2017-05-26T11:00:00+02:00,1.593445,1.5935,1.57945,1.58259
2017-05-28T23:00:00+02:00,1.58259,1.58698,1.5791,1.582815
2017-05-29T11:00:00+02:00,1.582815,1.58464,1.57748,1.58204
2017-05-29T23:00:00+02:00,1.58204,1.58293,1.57365,1.57724
2017-05-30T11:00:00+02:00,1.57724,1.58248,1.57465,1.57641
2017-05-30T23:00:00+02:00,1.57641,1.5779,1.57005,1.574425
2017-05-31T11:00:00+02:00,1.574425,1.58814,1.573,1.58725
2017-05-31T23:00:00+02:00,1.58725,1.5931,1.58525,1.58696
2017-06-01T11:00:00+02:00,1.58696,1.5893,1.58574,1.58835
2017-06-01T23:00:00+02:00,1.58835,1.58871,1.58342,1.584415
2017-06-02T11:00:00+02:00,1.584415,1.58557,1.57708,1.579505
2017-06-04T23:00:00+02:00,1.579505,1.5838,1.57746,1.58004
2017-06-05T11:00:00+02:00,1.58004,1.5801,1.57461,1.57667
2017-06-05T23:00:00+02:00,1.57667,1.58046,1.56756,1.56881
2017-06-06T11:00:00+02:00,1.56881,1.57009,1.56374,1.569935
2017-06-06T23:00:00+02:00,1.569935,1.57192,1.56258,1.564305
2017-06-07T11:00:00+02:00,1.564305,1.56651,1.55727,1.564645
2017-06-07T23:00:00+02:00,1.564645,1.56619,1.55972,1.560575
2017-06-08T11:00:00+02:00,1.560575,1.56203,1.55204,1.5545
2017-06-08T23:00:00+02:00,1.5545,1.5595,1.5478,1.55084
2017-06-09T11:00:00+02:00,1.55084,1.55502,1.55008,1.552295
2017-06-11T23:00:00+02:00,1.552295,1.56336,1.552295,1.56123
2017-06-12T11:00:00+02:00,1.56123,1.56154,1.55446,1.556305
2017-06-12T23:00:00+02:00,1.556305,1.55818,1.54796,1.553435
2017-06-13T11:00:00+02:00,1.553435,1.5549,1.54962,1.55258
2017-06-13T23:00:00+02:00,1.55258,1.5572,1.54616,1.546365
2017-06-14T11:00:00+02:00,1.546365,1.54728,1.54077,1.543125
2017-06-14T23:00:00+02:00,1.543125,1.55634,1.54272,1.546105
2017-06-15T11:00:00+02:00,1.546105,1.5519,1.54514,1.54631
2017-06-15T23:00:00+02:00,1.54631,1.54848,1.54297,1.544555
2017-06-16T11:00:00+02:00,1.544555,1.54532,1.54134,1.54352
2017-06-18T23:00:00+02:00,1.54352,1.54542,1.53434,1.5414
2017-06-19T11:00:00+02:00,1.5414,1.54457,1.53776,1.541715
2017-06-19T23:00:00+02:00,1.541715,1.5442,1.53367,1.537565
2017-06-20T11:00:00+02:00,1.537565,1.54246,1.5351,1.537675
2017-06-20T23:00:00+02:00,1.537675,1.54306,1.53674,1.53905
2017-06-21T11:00:00+02:00,1.53905,1.548,1.53742,1.54666
2017-06-21T23:00:00+02:00,1.54666,1.55112,1.5348,1.53771
2017-06-22T11:00:00+02:00,1.53771,1.54062,1.53326,1.535
2017-06-22T23:00:00+02:00,1.535,1.53806,1.53272,1.533855
2017-06-23T11:00:00+02:00,1.533855,1.53904,1.53198,1.536655
2017-06-25T23:00:00+02:00,1.536655,1.54,1.53494,1.539595
2017-06-26T11:00:00+02:00,1.539595,1.54014,1.53258,1.534225
2017-06-26T23:00:00+02:00,1.534225,1.53778,1.52369,1.537295
2017-06-27T11:00:00+02:00,1.537295,1.56073,1.53623,1.559795
2017-06-27T23:00:00+02:00,1.559795,1.56798,1.55686,1.56171
2017-06-28T11:00:00+02:00,1.56171,1.5667,1.54983,1.557825
2017-06-28T23:00:00+02:00,1.557825,1.56485,1.55434,1.56372
2017-06-29T11:00:00+02:00,1.56372,1.57129,1.5606,1.56747
2017-06-29T23:00:00+02:00,1.56747,1.56909,1.5555,1.55582
2017-06-30T11:00:00+02:00,1.55582,1.56062,1.55406,1.55783
2017-07-02T23:00:00+02:00,1.55783,1.56202,1.55515,1.559765
2017-07-03T11:00:00+02:00,1.559765,1.56258,1.55582,1.55779
2017-07-03T23:00:00+02:00,1.55779,1.56535,1.55704,1.560805
2017-07-04T11:00:00+02:00,1.560805,1.5614,1.55408,1.55684
2017-07-04T23:00:00+02:00,1.55684,1.56314,1.55649,1.56029
2017-07-05T11:00:00+02:00,1.56029,1.56163,1.55618,1.55737
2017-07-05T23:00:00+02:00,1.55737,1.56132,1.55576,1.55782
2017-07-06T11:00:00+02:00,1.55782,1.5722,1.55754,1.570085
2017-07-06T23:00:00+02:00,1.570085,1.57058,1.56578,1.568915
2017-07-07T11:00:00+02:00,1.568915,1.5698,1.56388,1.56579
2017-07-09T23:00:00+02:00,1.56579,1.5702,1.56512,1.56663
2017-07-10T11:00:00+02:00,1.56663,1.56886,1.56484,1.56682
2017-07-10T23:00:00+02:00,1.56682,1.57726,1.56612,1.57634
2017-07-11T11:00:00+02:00,1.57634,1.588,1.57586,1.587175
2017-07-11T23:00:00+02:00,1.587175,1.58989,1.58113,1.58494
2017-07-12T11:00:00+02:00,1.58494,1.58547,1.57034,1.57207
2017-07-12T23:00:00+02:00,1.57207,1.57554,1.55927,1.56132
2017-07-13T11:00:00+02:00,1.56132,1.56134,1.54572,1.55696
2017-07-13T23:00:00+02:00,1.55696,1.56039,1.55509,1.559255
2017-07-14T11:00:00+02:00,1.559255,1.5643,1.55636,1.561035
2017-07-16T23:00:00+02:00,1.561035,1.56594,1.55859,1.56361
2017-07-17T11:00:00+02:00,1.56361,1.56984,1.56049,1.56845
2017-07-17T23:00:00+02:00,1.56845,1.58291,1.56483,1.56854
2017-07-18T11:00:00+02:00,1.56854,1.57425,1.56735,1.57206
2017-07-18T23:00:00+02:00,1.57206,1.57338,1.56248,1.5657
2017-07-19T11:00:00+02:00,1.5657,1.56772,1.56188,1.565565
2017-07-19T23:00:00+02:00,1.565565,1.56998,1.56308,1.566835
2017-07-20T11:00:00+02:00,1.566835,1.57802,1.56064,1.572055
2017-07-20T23:00:00+02:00,1.572055,1.5726,1.565,1.56712
2017-07-21T11:00:00+02:00,1.56712,1.57016,1.56332,1.56458
2017-07-23T23:00:00+02:00,1.56458,1.57181,1.56436,1.566025
2017-07-24T11:00:00+02:00,1.566025,1.56758,1.56288,1.56532
2017-07-24T23:00:00+02:00,1.56532,1.57254,1.56394,1.56891
2017-07-25T11:00:00+02:00,1.56891,1.57444,1.5673,1.57035
2017-07-25T23:00:00+02:00,1.57035,1.57056,1.56493,1.565895
2017-07-26T11:00:00+02:00,1.565895,1.56835,1.55936,1.56099
2017-07-26T23:00:00+02:00,1.56099,1.56252,1.55397,1.55751
2017-07-27T11:00:00+02:00,1.55751,1.56074,1.55324,1.559465
2017-07-27T23:00:00+02:00,1.559465,1.56686,1.55689,1.56664
2017-07-28T11:00:00+02:00,1.56664,1.56991,1.56225,1.56341
2017-07-30T23:00:00+02:00,1.56341,1.56698,1.56105,1.56638
2017-07-31T11:00:00+02:00,1.56638,1.57782,1.56518,1.57611
2017-07-31T23:00:00+02:00,1.57611,1.57754,1.57168,1.57713
2017-08-01T11:00:00+02:00,1.57713,1.583,1.57475,1.580425
2017-08-01T23:00:00+02:00,1.580425,1.5979,1.57936,1.595545
2017-08-02T11:00:00+02:00,1.595545,1.59692,1.59166,1.595915
2017-08-02T23:00:00+02:00,1.595915,1.60282,1.59514,1.59925
2017-08-03T11:00:00+02:00,1.59925,1.5996,1.59388,1.59657
2017-08-03T23:00:00+02:00,1.59657,1.59972,1.59466,1.595685
2017-08-04T11:00:00+02:00,1.595685,1.59642,1.58418,1.587865
2017-08-06T23:00:00+02:00,1.587865,1.60315,1.587865,1.601775
2017-08-07T11:00:00+02:00,1.601775,1.60423,1.60071,1.60208
2017-08-07T23:00:00+02:00,1.60208,1.60653,1.60181,1.60473
2017-08-08T11:00:00+02:00,1.60473,1.60876,1.59908,1.603595
2017-08-08T23:00:00+02:00,1.603595,1.60726,1.60094,1.601535
2017-08-09T11:00:00+02:00,1.601535,1.6059,1.59688,1.60278
2017-08-09T23:00:00+02:00,1.60278,1.61694,1.59496,1.61267
2017-08-10T11:00:00+02:00,1.61267,1.61938,1.61028,1.61855
2017-08-10T23:00:00+02:00,1.61855,1.62282,1.61172,1.613745
2017-08-11T11:00:00+02:00,1.613745,1.6205,1.61324,1.61494
2017-08-13T23:00:00+02:00,1.61494,1.61914,1.61252,1.617965
2017-08-14T11:00:00+02:00,1.617965,1.61948,1.61374,1.61665
2017-08-14T23:00:00+02:00,1.61665,1.61712,1.60982,1.612865
2017-08-15T11:00:00+02:00,1.612865,1.62364,1.61109,1.62195
2017-08-15T23:00:00+02:00,1.62195,1.62474,1.61382,1.61748
2017-08-16T11:00:00+02:00,1.61748,1.61982,1.60876,1.60957
2017-08-16T23:00:00+02:00,1.60957,1.611745,1.60442,1.605215
2017-08-17T11:00:00+02:00,1.605215,1.61021,1.59968,1.61003
2017-08-17T23:00:00+02:00,1.61003,1.61055,1.60244,1.60387
2017-08-18T11:00:00+02:00,1.60387,1.6087,1.60168,1.60808
2017-08-20T23:00:00+02:00,1.60808,1.60913,1.60414,1.606385
2017-08-21T11:00:00+02:00,1.606385,1.61506,1.60564,1.612845
2017-08-21T23:00:00+02:00,1.612845,1.61489,1.6109,1.61292
2017-08-22T11:00:00+02:00,1.61292,1.61696,1.61102,1.61611
2017-08-22T23:00:00+02:00,1.61611,1.63533,1.61527,1.634805
2017-08-23T11:00:00+02:00,1.634805,1.63948,1.62911,1.63469
2017-08-23T23:00:00+02:00,1.63469,1.64048,1.6321,1.63594
2017-08-24T11:00:00+02:00,1.63594,1.63844,1.63328,1.63726
2017-08-24T23:00:00+02:00,1.63726,1.63916,1.63174,1.63243
2017-08-25T11:00:00+02:00,1.63243,1.64878,1.63216,1.646865
2017-08-27T23:00:00+02:00,1.646865,1.6509,1.64481,1.647255
2017-08-28T11:00:00+02:00,1.647255,1.653,1.64531,1.650945
2017-08-28T23:00:00+02:00,1.650945,1.66352,1.64976,1.657695
2017-08-29T11:00:00+02:00,1.657695,1.65834,1.6482,1.650845
2017-08-29T23:00:00+02:00,1.650845,1.65574,1.64562,1.6479
2017-08-30T11:00:00+02:00,1.6479,1.6548,1.64544,1.65051
2017-08-30T23:00:00+02:00,1.65051,1.66184,1.64918,1.66137
2017-08-31T11:00:00+02:00,1.66137,1.66407,1.65609,1.65957
2017-08-31T23:00:00+02:00,1.65957,1.66306,1.65611,1.662445
2017-09-01T11:00:00+02:00,1.662445,1.66752,1.65451,1.65675
2017-09-03T23:00:00+02:00,1.65675,1.6625,1.65578,1.660755
2017-09-04T11:00:00+02:00,1.660755,1.66228,1.65696,1.66112
2017-09-04T23:00:00+02:00,1.66112,1.66178,1.65272,1.653635
2017-09-05T11:00:00+02:00,1.653635,1.65574,1.6411,1.646865
2017-09-05T23:00:00+02:00,1.646865,1.6531,1.64204,1.651695
2017-09-06T11:00:00+02:00,1.651695,1.65848,1.6506,1.65548
2017-09-06T23:00:00+02:00,1.65548,1.66538,1.65215,1.661635
2017-09-07T11:00:00+02:00,1.661635,1.669,1.65635,1.662265
2017-09-07T23:00:00+02:00,1.662265,1.66296,1.64678,1.65209
2017-09-08T11:00:00+02:00,1.65209,1.65766,1.64884,1.657535
2017-09-10T23:00:00+02:00,1.657535,1.66266,1.65062,1.650845
2017-09-11T11:00:00+02:00,1.650845,1.65232,1.64726,1.6479
2017-09-11T23:00:00+02:00,1.6479,1.65704,1.63502,1.636115
2017-09-12T11:00:00+02:00,1.636115,1.64302,1.63296,1.641935
2017-09-12T23:00:00+02:00,1.641935,1.64888,1.64037,1.643595
2017-09-13T11:00:00+02:00,1.643595,1.64702,1.64006,1.641835
2017-09-13T23:00:00+02:00,1.641835,1.64587,1.63572,1.64513
2017-09-14T11:00:00+02:00,1.64513,1.65332,1.64346,1.65034
2017-09-14T23:00:00+02:00,1.65034,1.65179,1.64066,1.640895
2017-09-15T11:00:00+02:00,1.640895,1.64556,1.63498,1.63789
2017-09-17T23:00:00+02:00,1.63789,1.6398,1.62786,1.63324
2017-09-18T11:00:00+02:00,1.63324,1.6477,1.63288,1.64572
2017-09-18T23:00:00+02:00,1.64572,1.64876,1.64348,1.645
2017-09-19T11:00:00+02:00,1.645,1.64576,1.6355,1.639375
2017-09-19T23:00:00+02:00,1.639375,1.6441,1.6282,1.633125
2017-09-20T11:00:00+02:00,1.633125,1.6333,1.61618,1.616745
2017-09-20T23:00:00+02:00,1.616745,1.62781,1.6147,1.62588
2017-09-21T11:00:00+02:00,1.62588,1.635,1.62494,1.634495
2017-09-21T23:00:00+02:00,1.634495,1.64305,1.63269,1.63988
2017-09-22T11:00:00+02:00,1.63988,1.64023,1.62732,1.62778
2017-09-24T23:00:00+02:00,1.62778,1.64516,1.62498,1.63248
2017-09-25T11:00:00+02:00,1.63248,1.6356,1.62774,1.63105
2017-09-25T23:00:00+02:00,1.63105,1.63912,1.62917,1.637485
2017-09-26T11:00:00+02:00,1.637485,1.6411,1.63488,1.636555
2017-09-26T23:00:00+02:00,1.636555,1.6389,1.63153,1.632705
2017-09-27T11:00:00+02:00,1.632705,1.6339,1.62408,1.631325
2017-09-27T23:00:00+02:00,1.631325,1.63787,1.62426,1.635765
2017-09-28T11:00:00+02:00,1.635765,1.63887,1.62764,1.628895
2017-09-28T23:00:00+02:00,1.628895,1.6362,1.6285,1.63604
2017-09-29T11:00:00+02:00,1.63604,1.64018,1.633,1.6385
2017-10-01T23:00:00+02:00,1.6385,1.6408,1.63412,1.634815
2017-10-02T11:00:00+02:00,1.634815,1.63516,1.62782,1.630425
2017-10-02T23:00:00+02:00,1.630425,1.63808,1.6293,1.63781
2017-10-03T11:00:00+02:00,1.63781,1.64452,1.63676,1.64026
2017-10-03T23:00:00+02:00,1.64026,1.64238,1.6348,1.640685
2017-10-04T11:00:00+02:00,1.640685,1.64378,1.63883,1.64108
2017-10-04T23:00:00+02:00,1.64108,1.64548,1.64066,1.64438
2017-10-05T11:00:00+02:00,1.64438,1.64582,1.64106,1.645515
2017-10-05T23:00:00+02:00,1.645515,1.64917,1.64421,1.64852
2017-10-06T11:00:00+02:00,1.64852,1.65692,1.64792,1.65505
2017-10-08T23:00:00+02:00,1.65505,1.66302,1.65505,1.65842
2017-10-09T11:00:00+02:00,1.65842,1.662985,1.65722,1.661995
2017-10-09T23:00:00+02:00,1.661995,1.66726,1.66069,1.66629
2017-10-10T11:00:00+02:00,1.66629,1.67117,1.66526,1.6703
2017-10-10T23:00:00+02:00,1.6703,1.67597,1.66521,1.67308
2017-10-11T11:00:00+02:00,1.67308,1.67607,1.67024,1.67429
2017-10-11T23:00:00+02:00,1.67429,1.67472,1.66508,1.66551
2017-10-12T11:00:00+02:00,1.66551,1.66873,1.65776,1.659285
2017-10-12T23:00:00+02:00,1.659285,1.663,1.65376,1.655805
2017-10-13T11:00:00+02:00,1.655805,1.65797,1.64328,1.64626
2017-10-15T23:00:00+02:00,1.64626,1.64795,1.64036,1.64173
2017-10-16T11:00:00+02:00,1.64173,1.64576,1.63914,1.645015
2017-10-16T23:00:00+02:00,1.645015,1.64521,1.63695,1.63911
2017-10-17T11:00:00+02:00,1.63911,1.64348,1.63634,1.64077
2017-10-17T23:00:00+02:00,1.64077,1.6501,1.63973,1.64812
2017-10-18T11:00:00+02:00,1.64812,1.65247,1.64625,1.648025
2017-10-18T23:00:00+02:00,1.648025,1.67926,1.64658,1.67906
2017-10-19T11:00:00+02:00,1.67906,1.68848,1.67756,1.68617
2017-10-19T23:00:00+02:00,1.68617,1.69537,1.68413,1.69031
2017-10-20T11:00:00+02:00,1.69031,1.69342,1.68748,1.69217
2017-10-22T23:00:00+02:00,1.69217,1.69607,1.68368,1.687255
2017-10-23T11:00:00+02:00,1.687255,1.68832,1.68299,1.686955
2017-10-23T23:00:00+02:00,1.686955,1.69964,1.67934,1.695855
2017-10-24T11:00:00+02:00,1.695855,1.7084,1.69444,1.70358
2017-10-24T23:00:00+02:00,1.70358,1.71095,1.70124,1.709835
2017-10-25T11:00:00+02:00,1.709835,1.72163,1.70827,1.715295
2017-10-25T23:00:00+02:00,1.715295,1.72119,1.71384,1.718265
2017-10-26T11:00:00+02:00,1.718265,1.72002,1.70168,1.702705
2017-10-26T23:00:00+02:00,1.702705,1.7055,1.69738,1.698785
2017-10-27T11:00:00+02:00,1.698785,1.70036,1.68458,1.68838
2017-10-29T22:00:00+01:00,1.68838,1.69963,1.68588,1.69652
2017-10-30T10:00:00+01:00,1.69652,1.69912,1.69142,1.694415
2017-10-30T22:00:00+01:00,1.694415,1.70196,1.69288,1.700935
2017-10-31T10:00:00+01:00,1.700935,1.70603,1.69832,1.70089
2017-10-31T22:00:00+01:00,1.70089,1.70224,1.67958,1.681905
2017-11-01T10:00:00+01:00,1.681905,1.6896,1.68143,1.68749
2017-11-01T22:00:00+01:00,1.68749,1.68777,1.68002,1.68422
2017-11-02T10:00:00+01:00,1.68422,1.6915,1.68242,1.686555
2017-11-02T22:00:00+01:00,1.686555,1.68766,1.67844,1.682095
2017-11-03T10:00:00+01:00,1.682095,1.68506,1.67857,1.68063
2017-11-05T23:00:00+01:00,1.68063,1.68908,1.67992,1.684185
2017-11-06T11:00:00+01:00,1.684185,1.68504,1.66886,1.671605
2017-11-06T23:00:00+01:00,1.671605,1.67592,1.6699,1.67126
2017-11-07T11:00:00+01:00,1.67126,1.68049,1.66909,1.67871
2017-11-07T23:00:00+01:00,1.67871,1.68117,1.67582,1.676845
2017-11-08T11:00:00+01:00,1.676845,1.67751,1.66324,1.66488
2017-11-08T23:00:00+01:00,1.66488,1.66938,1.66296,1.66742
2017-11-09T11:00:00+01:00,1.66742,1.6785,1.6669,1.675925
2017-11-09T23:00:00+01:00,1.675925,1.68268,1.6746,1.678215
2017-11-10T11:00:00+01:00,1.678215,1.68527,1.67672,1.68298
2017-11-12T23:00:00+01:00,1.68298,1.68572,1.67954,1.685175
2017-11-13T11:00:00+01:00,1.685175,1.69148,1.68414,1.690205
2017-11-13T23:00:00+01:00,1.690205,1.70858,1.69014,1.707485
2017-11-14T11:00:00+01:00,1.707485,1.71598,1.70493,1.715945
2017-11-14T23:00:00+01:00,1.715945,1.72142,1.71172,1.71732
2017-11-15T11:00:00+01:00,1.71732,1.7182,1.71274,1.714735
2017-11-15T23:00:00+01:00,1.714735,1.7215,1.71188,1.718705
2017-11-16T11:00:00+01:00,1.718705,1.72142,1.715,1.718255
2017-11-16T23:00:00+01:00,1.718255,1.7386,1.71665,1.735885
2017-11-17T11:00:00+01:00,1.735885,1.74093,1.72932,1.72985
2017-11-19T23:00:00+01:00,1.72985,1.73272,1.7161,1.725935
2017-11-20T11:00:00+01:00,1.725935,1.72729,1.72162,1.723415
2017-11-20T23:00:00+01:00,1.723415,1.72994,1.71812,1.721395
2017-11-21T11:00:00+01:00,1.721395,1.72288,1.71572,1.718715
2017-11-21T23:00:00+01:00,1.718715,1.72362,1.71389,1.721335
2017-11-22T11:00:00+01:00,1.721335,1.72325,1.71536,1.717715
2017-11-22T23:00:00+01:00,1.717715,1.72128,1.71698,1.717935
2017-11-23T11:00:00+01:00,1.717935,1.72192,1.71546,1.719885
2017-11-23T23:00:00+01:00,1.719885,1.72846,1.71872,1.727635
2017-11-24T11:00:00+01:00,1.727635,1.73778,1.72394,1.73433
2017-11-26T23:00:00+01:00,1.73433,1.73952,1.73066,1.73161
2017-11-27T11:00:00+01:00,1.73161,1.73182,1.7211,1.721485
2017-11-27T23:00:00+01:00,1.721485,1.72194,1.71422,1.71717
2017-11-28T11:00:00+01:00,1.71717,1.71781,1.708,1.71652
2017-11-28T23:00:00+01:00,1.71652,1.72113,1.71334,1.714865
2017-11-29T11:00:00+01:00,1.714865,1.72264,1.71004,1.722015
2017-11-29T23:00:00+01:00,1.722015,1.73566,1.72029,1.731355
2017-11-30T11:00:00+01:00,1.731355,1.74386,1.7274,1.74248
2017-11-30T23:00:00+01:00,1.74248,1.7481,1.7379,1.738075
2017-12-01T11:00:00+01:00,1.738075,1.73811,1.7214,1.72684
2017-12-03T23:00:00+01:00,1.72684,1.73422,1.72684,1.728525
2017-12-04T11:00:00+01:00,1.728525,1.73311,1.7255,1.73025
2017-12-04T23:00:00+01:00,1.73025,1.73196,1.7189,1.71976
2017-12-05T11:00:00+01:00,1.71976,1.72198,1.71533,1.72015
2017-12-05T23:00:00+01:00,1.72015,1.7215,1.71048,1.713745
2017-12-06T11:00:00+01:00,1.713745,1.7166,1.71108,1.713875
2017-12-06T23:00:00+01:00,1.713875,1.72619,1.71323,1.72393
2017-12-07T11:00:00+01:00,1.72393,1.72661,1.72122,1.723155
2017-12-07T23:00:00+01:00,1.723155,1.72544,1.71474,1.716685
2017-12-08T11:00:00+01:00,1.716685,1.72236,1.7118,1.72198
2017-12-10T23:00:00+01:00,1.72198,1.72222,1.70088,1.702755
2017-12-11T11:00:00+01:00,1.702755,1.70804,1.70231,1.703005
2017-12-11T23:00:00+01:00,1.703005,1.7059,1.69444,1.69506
2017-12-12T11:00:00+01:00,1.69506,1.69699,1.69069,1.693325
2017-12-12T23:00:00+01:00,1.693325,1.6941,1.68921,1.694105
2017-12-13T11:00:00+01:00,1.694105,1.69431,1.68002,1.68373
2017-12-13T23:00:00+01:00,1.68373,1.69168,1.68352,1.68988
2017-12-14T11:00:00+01:00,1.68988,1.69666,1.68337,1.686775
2017-12-14T23:00:00+01:00,1.686775,1.68746,1.6759,1.680955
2017-12-15T11:00:00+01:00,1.680955,1.68262,1.67796,1.68084
2017-12-17T23:00:00+01:00,1.68084,1.68164,1.67458,1.681415
2017-12-18T11:00:00+01:00,1.681415,1.6881,1.68082,1.684385
2017-12-18T23:00:00+01:00,1.684385,1.6867,1.68047,1.684025
2017-12-19T11:00:00+01:00,1.684025,1.69961,1.68276,1.69842
2017-12-19T23:00:00+01:00,1.69842,1.70322,1.69527,1.69798
2017-12-20T11:00:00+01:00,1.69798,1.70648,1.69295,1.69332
2017-12-20T23:00:00+01:00,1.69332,1.69944,1.69194,1.696975
2017-12-21T11:00:00+01:00,1.696975,1.69888,1.69005,1.69195
2017-12-21T23:00:00+01:00,1.69195,1.69238,1.68594,1.68905
2017-12-22T11:00:00+01:00,1.68905,1.69238,1.68584,1.68949
2017-12-25T23:00:00+01:00,1.68949,1.69174,1.68676,1.688015
2017-12-26T11:00:00+01:00,1.688015,1.69138,1.68411,1.68466
2017-12-26T23:00:00+01:00,1.68466,1.68758,1.68014,1.682195
2017-12-27T11:00:00+01:00,1.682195,1.68691,1.67952,1.68619
2017-12-27T23:00:00+01:00,1.68619,1.6871,1.68096,1.684435
2017-12-28T11:00:00+01:00,1.684435,1.68892,1.68337,1.685285
2017-12-28T23:00:00+01:00,1.685285,1.68614,1.68156,1.683465
2017-12-29T11:00:00+01:00,1.683465,1.69528,1.68128,1.69162
2018-01-01T23:00:00+01:00,1.69162,1.69658,1.68688,1.69569
2018-01-02T11:00:00+01:00,1.69569,1.6993,1.69252,1.69784
2018-01-02T23:00:00+01:00,1.69784,1.70274,1.69329,1.69492
2018-01-03T11:00:00+01:00,1.69492,1.69538,1.68944,1.694665
2018-01-03T23:00:00+01:00,1.694665,1.6976,1.6879,1.6913
2018-01-04T11:00:00+01:00,1.6913,1.69668,1.68532,1.6868
2018-01-04T23:00:00+01:00,1.6868,1.68913,1.68329,1.6841
2018-01-05T11:00:00+01:00,1.6841,1.6852,1.6764,1.6784
2018-01-07T23:00:00+01:00,1.6784,1.68027,1.67228,1.67301
2018-01-08T11:00:00+01:00,1.67301,1.67378,1.66565,1.668065
2018-01-08T23:00:00+01:00,1.668065,1.67018,1.66222,1.66583
2018-01-09T11:00:00+01:00,1.66583,1.66708,1.659,1.666895
2018-01-09T23:00:00+01:00,1.666895,1.67098,1.65767,1.66049
2018-01-10T11:00:00+01:00,1.66049,1.66894,1.65826,1.66013
2018-01-10T23:00:00+01:00,1.66013,1.66441,1.65488,1.65794
2018-01-11T11:00:00+01:00,1.65794,1.66688,1.65217,1.65704
2018-01-11T23:00:00+01:00,1.65704,1.67226,1.6549,1.671015
2018-01-12T11:00:00+01:00,1.671015,1.68311,1.66884,1.68277
2018-01-14T23:00:00+01:00,1.68277,1.68619,1.67612,1.68145
2018-01-15T11:00:00+01:00,1.68145,1.68557,1.67637,1.680065
2018-01-15T23:00:00+01:00,1.680065,1.68552,1.67766,1.682545
2018-01-16T11:00:00+01:00,1.682545,1.68744,1.6767,1.68701
2018-01-16T23:00:00+01:00,1.68701,1.69382,1.68274,1.68326
2018-01-17T11:00:00+01:00,1.68326,1.6849,1.67326,1.67597
2018-01-17T23:00:00+01:00,1.67597,1.68212,1.67172,1.676355
2018-01-18T11:00:00+01:00,1.676355,1.68076,1.67252,1.67639
2018-01-18T23:00:00+01:00,1.67639,1.68366,1.67592,1.68151
2018-01-19T11:00:00+01:00,1.68151,1.68465,1.6777,1.67956
2018-01-21T23:00:00+01:00,1.67956,1.68462,1.67638,1.676855
2018-01-22T11:00:00+01:00,1.676855,1.67858,1.67192,1.67337
2018-01-22T23:00:00+01:00,1.67337,1.67578,1.66892,1.67044
2018-01-23T11:00:00+01:00,1.67044,1.675,1.66974,1.672565
2018-01-23T23:00:00+01:00,1.672565,1.67425,1.6687,1.6689
2018-01-24T11:00:00+01:00,1.6689,1.69202,1.6646,1.691445
2018-01-24T23:00:00+01:00,1.691445,1.69278,1.68165,1.68752
2018-01-25T11:00:00+01:00,1.68752,1.70141,1.68092,1.69288
2018-01-25T23:00:00+01:00,1.69288,1.6984,1.68939,1.690295
2018-01-26T11:00:00+01:00,1.690295,1.69582,1.68742,1.68899
2018-01-28T23:00:00+01:00,1.68899,1.695,1.68752,1.694685
2018-01-29T11:00:00+01:00,1.694685,1.69583,1.68526,1.69113
2018-01-29T23:00:00+01:00,1.69113,1.69744,1.68661,1.692845
2018-01-30T11:00:00+01:00,1.692845,1.69674,1.68894,1.69205
2018-01-30T23:00:00+01:00,1.69205,1.69274,1.68238,1.683685
2018-01-31T11:00:00+01:00,1.683685,1.68802,1.6784,1.685695
2018-01-31T23:00:00+01:00,1.685695,1.69263,1.68306,1.69263
2018-02-01T11:00:00+01:00,1.69263,1.69508,1.68574,1.69107
2018-02-01T23:00:00+01:00,1.69107,1.7,1.68942,1.697835
2018-02-02T11:00:00+01:00,1.697835,1.70744,1.6956,1.70651
2018-02-04T23:00:00+01:00,1.70651,1.71023,1.70008,1.70061
2018-02-05T11:00:00+01:00,1.70061,1.70716,1.69934,1.70214
2018-02-05T23:00:00+01:00,1.70214,1.7055,1.69412,1.69675
2018-02-06T11:00:00+01:00,1.69675,1.69912,1.6841,1.685585
2018-02-06T23:00:00+01:00,1.685585,1.69588,1.68474,1.68952
2018-02-07T11:00:00+01:00,1.68952,1.70256,1.68544,1.69506
2018-02-07T23:00:00+01:00,1.69506,1.7094,1.69332,1.69808
2018-02-08T11:00:00+01:00,1.69808,1.70166,1.69182,1.69657
2018-02-08T23:00:00+01:00,1.69657,1.70231,1.6956,1.697515
2018-02-09T11:00:00+01:00,1.697515,1.69815,1.68574,1.68911
2018-02-11T23:00:00+01:00,1.68911,1.69536,1.68848,1.69269
2018-02-12T11:00:00+01:00,1.69269,1.69678,1.69014,1.69207
2018-02-12T23:00:00+01:00,1.69207,1.69572,1.68592,1.689365
2018-02-13T11:00:00+01:00,1.689365,1.7,1.68895,1.69809
2018-02-13T23:00:00+01:00,1.69809,1.69894,1.68864,1.690145
2018-02-14T11:00:00+01:00,1.690145,1.69738,1.6834,1.69051
2018-02-14T23:00:00+01:00,1.69051,1.69156,1.68548,1.68741
2018-02-15T11:00:00+01:00,1.68741,1.69375,1.6862,1.68834
2018-02-15T23:00:00+01:00,1.68834,1.69294,1.68532,1.68657
2018-02-16T11:00:00+01:00,1.68657,1.68725,1.67835,1.67881
2018-02-18T23:00:00+01:00,1.67881,1.68267,1.67694,1.68095
2018-02-19T11:00:00+01:00,1.68095,1.68468,1.67986,1.683215
2018-02-19T23:00:00+01:00,1.683215,1.68514,1.67848,1.67891
2018-02-20T11:00:00+01:00,1.67891,1.68118,1.67464,1.67926
2018-02-20T23:00:00+01:00,1.67926,1.68234,1.67614,1.67803
2018-02-21T11:00:00+01:00,1.67803,1.67968,1.6727,1.678845
2018-02-21T23:00:00+01:00,1.678845,1.68017,1.6764,1.677175
2018-02-22T11:00:00+01:00,1.677175,1.68247,1.67476,1.68003
2018-02-22T23:00:00+01:00,1.68003,1.68717,1.67814,1.68506
2018-02-23T11:00:00+01:00,1.68506,1.69129,1.68424,1.68554
2018-02-25T23:00:00+01:00,1.68554,1.68824,1.67834,1.682025
2018-02-26T11:00:00+01:00,1.682025,1.68684,1.68104,1.68667
2018-02-26T23:00:00+01:00,1.68667,1.6945,1.68593,1.69364
2018-02-27T11:00:00+01:00,1.69364,1.69404,1.68724,1.690935
2018-02-27T23:00:00+01:00,1.690935,1.69358,1.6871,1.69234
2018-02-28T11:00:00+01:00,1.69234,1.69516,1.68805,1.69166
2018-02-28T23:00:00+01:00,1.69166,1.69606,1.68878,1.691195
2018-03-01T11:00:00+01:00,1.691195,1.69256,1.68136,1.69251
2018-03-01T23:00:00+01:00,1.69251,1.69311,1.68583,1.69292
2018-03-02T11:00:00+01:00,1.69292,1.70586,1.69266,1.70098
2018-03-04T23:00:00+01:00,1.70098,1.70971,1.70097,1.70637
2018-03-05T11:00:00+01:00,1.70637,1.70816,1.70064,1.70717
2018-03-05T23:00:00+01:00,1.70717,1.70867,1.70272,1.703485
2018-03-06T11:00:00+01:00,1.703485,1.70432,1.69733,1.70081
2018-03-06T23:00:00+01:00,1.70081,1.70815,1.70026,1.706935
2018-03-07T11:00:00+01:00,1.706935,1.70808,1.7006,1.70341
2018-03-07T23:00:00+01:00,1.70341,1.70666,1.70022,1.70601
2018-03-08T11:00:00+01:00,1.70601,1.71318,1.69339,1.69536
2018-03-08T23:00:00+01:00,1.69536,1.69703,1.69046,1.690725
2018-03-09T11:00:00+01:00,1.690725,1.69304,1.68724,1.68904
2018-03-11T22:00:00+01:00,1.68904,1.68924,1.68268,1.68682
2018-03-12T10:00:00+01:00,1.68682,1.69196,1.6826,1.69071
2018-03-12T22:00:00+01:00,1.69071,1.69176,1.68148,1.682075
2018-03-13T10:00:00+01:00,1.682075,1.6929,1.68188,1.69153
2018-03-13T22:00:00+01:00,1.69153,1.69244,1.6875,1.688965
2018-03-14T10:00:00+01:00,1.688965,1.6898,1.68441,1.687085
2018-03-14T22:00:00+01:00,1.687085,1.69317,1.68693,1.689305
2018-03-15T10:00:00+01:00,1.689305,1.69446,1.68798,1.69091
2018-03-15T22:00:00+01:00,1.69091,1.70013,1.68991,1.698645
2018-03-16T10:00:00+01:00,1.698645,1.70445,1.69813,1.70295
2018-03-18T22:00:00+01:00,1.70295,1.70512,1.69892,1.7045
2018-03-19T10:00:00+01:00,1.7045,1.70828,1.70122,1.703005
2018-03-19T22:00:00+01:00,1.703005,1.7111,1.7026,1.70973
2018-03-20T10:00:00+01:00,1.70973,1.71063,1.70294,1.704165
2018-03-20T22:00:00+01:00,1.704165,1.71323,1.70326,1.71297
2018-03-21T10:00:00+01:00,1.71297,1.71636,1.70408,1.707005
2018-03-21T22:00:00+01:00,1.707005,1.7111,1.70216,1.70218
2018-03-22T10:00:00+01:00,1.70218,1.7072,1.69948,1.707125
2018-03-22T22:00:00+01:00,1.707125,1.70946,1.70146,1.704755
2018-03-23T10:00:00+01:00,1.704755,1.70778,1.69852,1.70718
2018-03-25T23:00:00+02:00,1.70718,1.70886,1.69706,1.700975
2018-03-26T11:00:00+02:00,1.700975,1.70809,1.70013,1.705355
2018-03-26T23:00:00+02:00,1.705355,1.7113,1.70533,1.70717
2018-03-27T11:00:00+02:00,1.70717,1.70934,1.70266,1.70745
2018-03-27T23:00:00+02:00,1.70745,1.7109,1.70519,1.70978
2018-03-28T11:00:00+02:00,1.70978,1.71079,1.70284,1.706615
2018-03-28T23:00:00+02:00,1.706615,1.71411,1.70609,1.70992
2018-03-29T11:00:00+02:00,1.70992,1.71234,1.70068,1.70068
2018-03-29T23:00:00+02:00,1.70068,1.70438,1.70004,1.701135
2018-03-30T11:00:00+02:00,1.701135,1.70448,1.70006,1.70237
2018-04-01T23:00:00+02:00,1.70237,1.7056,1.70144,1.70509
2018-04-02T11:00:00+02:00,1.70509,1.7064,1.70237,1.705105
2018-04-02T23:00:00+02:00,1.705105,1.70928,1.69669,1.69889
2018-04-03T11:00:00+02:00,1.69889,1.69926,1.68782,1.691185
2018-04-03T23:00:00+02:00,1.691185,1.69166,1.68144,1.68643
2018-04-04T11:00:00+02:00,1.68643,1.68888,1.67984,1.680995
2018-04-04T23:00:00+02:00,1.680995,1.68551,1.67816,1.68349
2018-04-05T11:00:00+02:00,1.68349,1.6873,1.67689,1.6831
2018-04-05T23:00:00+02:00,1.6831,1.68886,1.68194,1.68851
2018-04-06T11:00:00+02:00,1.68851,1.69108,1.6861,1.68888
2018-04-08T23:00:00+02:00,1.68888,1.68939,1.68048,1.683775
2018-04-09T11:00:00+02:00,1.683775,1.68892,1.68214,1.686335
2018-04-09T23:00:00+02:00,1.686335,1.6872,1.67682,1.67857
2018-04-10T11:00:00+02:00,1.67857,1.68302,1.67426,1.678135
2018-04-10T23:00:00+02:00,1.678135,1.68298,1.67606,1.68087
2018-04-11T11:00:00+02:00,1.68087,1.68236,1.67836,1.68068
2018-04-11T23:00:00+02:00,1.68068,1.68251,1.67259,1.672895
2018-04-12T11:00:00+02:00,1.672895,1.67408,1.66889,1.67128
2018-04-12T23:00:00+02:00,1.67128,1.67287,1.66754,1.66932
2018-04-13T11:00:00+02:00,1.66932,1.67948,1.66738,1.67662
2018-04-15T23:00:00+02:00,1.67662,1.68224,1.67565,1.6822
2018-04-16T11:00:00+02:00,1.6822,1.68604,1.67894,1.68138
2018-04-16T23:00:00+02:00,1.68138,1.68925,1.68001,1.68586
2018-04-17T11:00:00+02:00,1.68586,1.68672,1.68166,1.6848
2018-04-17T23:00:00+02:00,1.6848,1.69236,1.6844,1.69121
2018-04-18T11:00:00+02:00,1.69121,1.6926,1.6865,1.69049
2018-04-18T23:00:00+02:00,1.69049,1.69384,1.68618,1.69101
2018-04-19T11:00:00+02:00,1.69101,1.70088,1.68993,1.69762
2018-04-19T23:00:00+02:00,1.69762,1.70702,1.69762,1.70376
2018-04-20T11:00:00+02:00,1.70376,1.70658,1.69948,1.70457
2018-04-22T23:00:00+02:00,1.70457,1.70762,1.70055,1.70236
2018-04-23T11:00:00+02:00,1.70236,1.70848,1.70199,1.70812
2018-04-23T23:00:00+02:00,1.70812,1.71806,1.70576,1.71325
2018-04-24T11:00:00+02:00,1.71325,1.72039,1.71286,1.71827
2018-04-24T23:00:00+02:00,1.71827,1.7239,1.71791,1.72114
2018-04-25T11:00:00+02:00,1.72114,1.7252,1.72038,1.72125
2018-04-25T23:00:00+02:00,1.72125,1.72578,1.71962,1.72346
2018-04-26T11:00:00+02:00,1.72346,1.72512,1.71255,1.71402
2018-04-26T23:00:00+02:00,1.71402,1.71675,1.71254,1.71294
2018-04-27T11:00:00+02:00,1.71294,1.7158,1.7093,1.71209
2018-04-29T23:00:00+02:00,1.71209,1.71692,1.7109,1.71599
2018-04-30T11:00:00+02:00,1.71599,1.71816,1.71344,1.71698
2018-04-30T23:00:00+02:00,1.71698,1.71748,1.71428,1.71557
2018-05-01T11:00:00+02:00,1.71557,1.71618,1.71146,1.71213
2018-05-01T23:00:00+02:00,1.71213,1.7146,1.70664,1.70791
2018-05-02T11:00:00+02:00,1.70791,1.71171,1.70662,1.70879
2018-05-02T23:00:00+02:00,1.70879,1.71008,1.70658,1.70754
2018-05-03T11:00:00+02:00,1.70754,1.70754,1.7005,1.70262
2018-05-03T23:00:00+02:00,1.70262,1.7069,1.70022,1.70624
2018-05-04T11:00:00+02:00,1.70624,1.70716,1.70026,1.70398
2018-05-06T23:00:00+02:00,1.70398,1.70494,1.69992,1.70186
2018-05-07T11:00:00+02:00,1.70186,1.70268,1.69662,1.69958
2018-05-07T23:00:00+02:00,1.69958,1.70201,1.69704,1.70108
2018-05-08T11:00:00+02:00,1.70108,1.70468,1.70026,1.70233
2018-05-08T23:00:00+02:00,1.70233,1.70442,1.69972,1.70096
2018-05-09T11:00:00+02:00,1.70096,1.7023,1.69648,1.6968
2018-05-09T23:00:00+02:00,1.6968,1.71812,1.69665,1.71162
2018-05-10T11:00:00+02:00,1.71162,1.71579,1.71031,1.71144
2018-05-10T23:00:00+02:00,1.71144,1.71282,1.70724,1.70914
2018-05-11T11:00:00+02:00,1.70914,1.71708,1.70797,1.71472
2018-05-13T23:00:00+02:00,1.71472,1.72416,1.71442,1.724
2018-05-14T11:00:00+02:00,1.724,1.72771,1.72231,1.72534
2018-05-14T23:00:00+02:00,1.72534,1.72945,1.72347,1.72433
2018-05-15T11:00:00+02:00,1.72433,1.72806,1.72102,1.72527
2018-05-15T23:00:00+02:00,1.72527,1.72598,1.71796,1.71854
2018-05-16T11:00:00+02:00,1.71854,1.71859,1.70607,1.71216
2018-05-16T23:00:00+02:00,1.71216,1.71592,1.70528,1.71446
2018-05-17T11:00:00+02:00,1.71446,1.71684,1.71052,1.71517
2018-05-17T23:00:00+02:00,1.71517,1.71618,1.70953,1.70978
2018-05-18T11:00:00+02:00,1.70978,1.71028,1.69973,1.70147
2018-05-20T23:00:00+02:00,1.70147,1.70492,1.69772,1.7013
2018-05-21T11:00:00+02:00,1.7013,1.70462,1.69621,1.69748
2018-05-21T23:00:00+02:00,1.69748,1.69767,1.68927,1.69608
2018-05-22T11:00:00+02:00,1.69608,1.70215,1.69597,1.69856
2018-05-22T23:00:00+02:00,1.69856,1.70622,1.69675,1.69957
2018-05-23T11:00:00+02:00,1.69957,1.70138,1.69024,1.6916
2018-05-23T23:00:00+02:00,1.6916,1.69814,1.6881,1.69646
2018-05-24T11:00:00+02:00,1.69646,1.69696,1.69038,1.69135
2018-05-24T23:00:00+02:00,1.69135,1.69306,1.68858,1.69114
2018-05-25T11:00:00+02:00,1.69114,1.69384,1.68357,1.68423
2018-05-27T23:00:00+02:00,1.68423,1.69028,1.68128,1.68134
2018-05-28T11:00:00+02:00,1.68134,1.68144,1.67044,1.67438
2018-05-28T23:00:00+02:00,1.67438,1.67868,1.6663,1.67064
2018-05-29T11:00:00+02:00,1.67064,1.67407,1.66578,1.67177
2018-05-29T23:00:00+02:00,1.67177,1.67648,1.66784,1.67509
2018-05-30T11:00:00+02:00,1.67509,1.67511,1.66276,1.66967
2018-05-30T23:00:00+02:00,1.66967,1.67582,1.66856,1.67508
2018-05-31T11:00:00+02:00,1.67508,1.67545,1.66108,1.67042
2018-05-31T23:00:00+02:00,1.67042,1.67322,1.6659,1.67182
2018-06-01T11:00:00+02:00,1.67182,1.67712,1.66814,1.66962
2018-06-03T23:00:00+02:00,1.66962,1.672,1.66522,1.66602
2018-06-04T11:00:00+02:00,1.66602,1.66902,1.66126,1.6642
2018-06-04T23:00:00+02:00,1.6642,1.6651,1.66015,1.66312
2018-06-05T11:00:00+02:00,1.66312,1.66882,1.66086,1.66856
2018-06-05T23:00:00+02:00,1.66856,1.67235,1.66162,1.66958
2018-06-06T11:00:00+02:00,1.66958,1.67515,1.66913,1.67424
2018-06-06T23:00:00+02:00,1.67424,1.67819,1.67282,1.67753
2018-06-07T11:00:00+02:00,1.67753,1.68218,1.67624,1.67865
2018-06-07T23:00:00+02:00,1.67865,1.68132,1.67656,1.67776
2018-06-08T11:00:00+02:00,1.67776,1.67815,1.67138,1.67351
2018-06-10T23:00:00+02:00,1.67351,1.67892,1.67351,1.67625
2018-06-11T11:00:00+02:00,1.67625,1.67998,1.6729,1.67775
2018-06-11T23:00:00+02:00,1.67775,1.67854,1.67058,1.67666
2018-06-12T11:00:00+02:00,1.67666,1.67902,1.6753,1.67682
2018-06-12T23:00:00+02:00,1.67682,1.67852,1.67342,1.67366
2018-06-13T11:00:00+02:00,1.67366,1.68265,1.66986,1.67895
2018-06-13T23:00:00+02:00,1.67895,1.68102,1.67627,1.68002
2018-06-14T11:00:00+02:00,1.68002,1.68424,1.65707,1.65817
2018-06-14T23:00:00+02:00,1.65817,1.6704,1.65795,1.6696
2018-06-15T11:00:00+02:00,1.6696,1.67442,1.6657,1.67235
2018-06-17T23:00:00+02:00,1.67235,1.67414,1.66758,1.66947
2018-06-18T11:00:00+02:00,1.66947,1.67692,1.66844,1.67531
2018-06-18T23:00:00+02:00,1.67531,1.68308,1.6724,1.67309
2018-06-19T11:00:00+02:00,1.67309,1.68014,1.67042,1.67886
2018-06-19T23:00:00+02:00,1.67886,1.68132,1.67444,1.67854
2018-06-20T11:00:00+02:00,1.67854,1.68875,1.67808,1.68676
2018-06-20T23:00:00+02:00,1.68676,1.6927,1.6848,1.68517
2018-06-21T11:00:00+02:00,1.68517,1.69078,1.68108,1.68958
2018-06-21T23:00:00+02:00,1.68958,1.6926,1.68178,1.68825
2018-06-22T11:00:00+02:00,1.68825,1.69005,1.6849,1.68744
2018-06-24T23:00:00+02:00,1.68744,1.68994,1.68493,1.68965
2018-06-25T11:00:00+02:00,1.68965,1.69868,1.68816,1.6971
2018-06-25T23:00:00+02:00,1.6971,1.70165,1.69598,1.69796
2018-06-26T11:00:00+02:00,1.69796,1.70206,1.69686,1.69996
2018-06-26T23:00:00+02:00,1.69996,1.71148,1.6984,1.70582
2018-06-27T11:00:00+02:00,1.70582,1.70736,1.69983,1.70129
2018-06-27T23:00:00+02:00,1.70129,1.70976,1.69752,1.70872
2018-06-28T11:00:00+02:00,1.70872,1.71579,1.70856,1.71231
2018-06-28T23:00:00+02:00,1.71231,1.72162,1.7108,1.72127
2018-06-29T11:00:00+02:00,1.72127,1.72603,1.72055,1.72568
2018-07-01T23:00:00+02:00,1.72568,1.72568,1.71818,1.72336
2018-07-02T11:00:00+02:00,1.72336,1.73466,1.72314,1.73324
2018-07-02T23:00:00+02:00,1.73324,1.7379,1.7306,1.73148
2018-07-03T11:00:00+02:00,1.73148,1.73192,1.72506,1.72595
2018-07-03T23:00:00+02:00,1.72595,1.7278,1.72074,1.72142
2018-07-04T11:00:00+02:00,1.72142,1.72686,1.71791,1.72408
2018-07-04T23:00:00+02:00,1.72408,1.72848,1.721,1.72308
2018-07-05T11:00:00+02:00,1.72308,1.72584,1.72102,1.72244
2018-07-05T23:00:00+02:00,1.72244,1.72289,1.71587,1.71794
2018-07-06T11:00:00+02:00,1.71794,1.72302,1.71561,1.7175
2018-07-08T23:00:00+02:00,1.7175,1.72176,1.71665,1.72088
2018-07-09T11:00:00+02:00,1.72088,1.72199,1.71653,1.71873
2018-07-09T23:00:00+02:00,1.71873,1.7202,1.71419,1.7198
2018-07-10T11:00:00+02:00,1.7198,1.72134,1.71454,1.7182
2018-07-10T23:00:00+02:00,1.7182,1.72306,1.71763,1.72078
2018-07-11T11:00:00+02:00,1.72078,1.7304,1.72043,1.7271
2018-07-11T23:00:00+02:00,1.7271,1.73002,1.72522,1.72576
2018-07-12T11:00:00+02:00,1.72576,1.72762,1.72158,1.72188
2018-07-12T23:00:00+02:00,1.72188,1.7266,1.72008,1.72654
2018-07-13T11:00:00+02:00,1.72654,1.72872,1.72464,1.72711
2018-07-15T23:00:00+02:00,1.72711,1.72918,1.72392,1.72641
2018-07-16T11:00:00+02:00,1.72641,1.73102,1.72517,1.72797
2018-07-16T23:00:00+02:00,1.72797,1.73301,1.71322,1.71802
2018-07-17T11:00:00+02:00,1.71802,1.72338,1.71707,1.7192
2018-07-17T23:00:00+02:00,1.7192,1.72328,1.71775,1.72032
2018-07-18T11:00:00+02:00,1.72032,1.72043,1.71266,1.71363
2018-07-18T23:00:00+02:00,1.71363,1.72113,1.71204,1.72025
2018-07-19T11:00:00+02:00,1.72025,1.72864,1.72025,1.72732
2018-07-19T23:00:00+02:00,1.72732,1.73062,1.72137,1.72182
2018-07-20T11:00:00+02:00,1.72182,1.72584,1.72022,1.72138
2018-07-22T23:00:00+02:00,1.72138,1.72604,1.71858,1.71882
2018-07-23T11:00:00+02:00,1.71882,1.72614,1.71709,1.7236
2018-07-23T23:00:00+02:00,1.7236,1.72504,1.72026,1.72142
2018-07-24T11:00:00+02:00,1.72142,1.72214,1.71688,1.71845
2018-07-24T23:00:00+02:00,1.71845,1.7207,1.71636,1.71748
2018-07-25T11:00:00+02:00,1.71748,1.71918,1.71319,1.7159
2018-07-25T23:00:00+02:00,1.7159,1.71766,1.71335,1.71554
2018-07-26T11:00:00+02:00,1.71554,1.72056,1.71522,1.71631
2018-07-26T23:00:00+02:00,1.71631,1.7192,1.71548,1.71876
2018-07-27T11:00:00+02:00,1.71876,1.71921,1.71374,1.71583
2018-07-29T23:00:00+02:00,1.71583,1.71778,1.71189,1.71766
2018-07-30T11:00:00+02:00,1.71766,1.71838,1.71388,1.7152
2018-07-30T23:00:00+02:00,1.7152,1.721,1.7138,1.72028
2018-07-31T11:00:00+02:00,1.72028,1.72272,1.71399,1.71443
2018-07-31T23:00:00+02:00,1.71443,1.72158,1.71403,1.71878
2018-08-01T11:00:00+02:00,1.71878,1.71947,1.71602,1.71728
2018-08-01T23:00:00+02:00,1.71728,1.71976,1.7158,1.71904
2018-08-02T11:00:00+02:00,1.71904,1.72114,1.71769,1.71769
2018-08-02T23:00:00+02:00,1.71769,1.72284,1.71769,1.71867
2018-08-03T11:00:00+02:00,1.71867,1.72042,1.71392,1.71539
2018-08-05T23:00:00+02:00,1.71539,1.7161,1.71207,1.7152
2018-08-06T11:00:00+02:00,1.7152,1.71736,1.71286,1.7161
2018-08-06T23:00:00+02:00,1.7161,1.71857,1.71524,1.71582
2018-08-07T11:00:00+02:00,1.71582,1.72258,1.71575,1.72165
2018-08-07T23:00:00+02:00,1.72165,1.72428,1.71867,1.71922
2018-08-08T11:00:00+02:00,1.71922,1.7217,1.71858,1.72105
2018-08-08T23:00:00+02:00,1.72105,1.74431,1.72085,1.74228
2018-08-09T11:00:00+02:00,1.74228,1.74788,1.74163,1.74258
2018-08-09T23:00:00+02:00,1.74258,1.74874,1.73554,1.73864
2018-08-10T11:00:00+02:00,1.73864,1.74052,1.7261,1.73451
2018-08-12T23:00:00+02:00,1.73451,1.73451,1.72684,1.72902
2018-08-13T11:00:00+02:00,1.72902,1.73558,1.72892,1.73423
2018-08-13T23:00:00+02:00,1.73423,1.73457,1.72701,1.72789
2018-08-14T11:00:00+02:00,1.72789,1.72995,1.72212,1.72596
2018-08-14T23:00:00+02:00,1.72596,1.73098,1.72542,1.72884
2018-08-15T11:00:00+02:00,1.72884,1.73006,1.72379,1.72816
2018-08-15T23:00:00+02:00,1.72816,1.73046,1.72632,1.72886
2018-08-16T11:00:00+02:00,1.72886,1.72913,1.72298,1.72742
2018-08-16T23:00:00+02:00,1.72742,1.72853,1.72468,1.72571
2018-08-17T11:00:00+02:00,1.72571,1.72739,1.72342,1.72366
2018-08-19T23:00:00+02:00,1.72366,1.7279,1.72238,1.72434
2018-08-20T11:00:00+02:00,1.72434,1.73052,1.72318,1.72838
2018-08-20T23:00:00+02:00,1.72838,1.7343,1.72604,1.72856
2018-08-21T11:00:00+02:00,1.72856,1.73281,1.72535,1.72833
2018-08-21T23:00:00+02:00,1.72833,1.73086,1.722,1.7307
2018-08-22T11:00:00+02:00,1.7307,1.73284,1.73007,1.73163
2018-08-22T23:00:00+02:00,1.73163,1.73398,1.72813,1.73218
2018-08-23T11:00:00+02:00,1.73218,1.73997,1.7313,1.739
2018-08-23T23:00:00+02:00,1.739,1.74263,1.73708,1.74089
2018-08-24T11:00:00+02:00,1.74089,1.74162,1.73589,1.73862
2018-08-26T23:00:00+02:00,1.73862,1.74037,1.73598,1.73985
2018-08-27T11:00:00+02:00,1.73985,1.74521,1.73967,1.74343
2018-08-27T23:00:00+02:00,1.74343,1.7479,1.74161,1.7449
2018-08-28T11:00:00+02:00,1.7449,1.74646,1.74204,1.7434
2018-08-28T23:00:00+02:00,1.7434,1.74452,1.74018,1.74044
2018-08-29T11:00:00+02:00,1.74044,1.74733,1.73846,1.74374
2018-08-29T23:00:00+02:00,1.74374,1.75976,1.74314,1.75594
2018-08-30T11:00:00+02:00,1.75594,1.75798,1.75105,1.75293
2018-08-30T23:00:00+02:00,1.75293,1.75811,1.7514,1.75506
2018-08-31T11:00:00+02:00,1.75506,1.75799,1.7518,1.75272
2018-09-02T23:00:00+02:00,1.75272,1.75876,1.75168,1.75588
2018-09-03T11:00:00+02:00,1.75588,1.76058,1.75425,1.76058
2018-09-03T23:00:00+02:00,1.76058,1.76764,1.75704,1.76613
2018-09-04T11:00:00+02:00,1.76613,1.76851,1.76051,1.76692
2018-09-04T23:00:00+02:00,1.76692,1.77352,1.7639,1.76532
2018-09-05T11:00:00+02:00,1.76532,1.77039,1.76256,1.76506
2018-09-05T23:00:00+02:00,1.76506,1.76867,1.76156,1.76383
2018-09-06T11:00:00+02:00,1.76383,1.76622,1.76058,1.7639
2018-09-06T23:00:00+02:00,1.7639,1.77131,1.76252,1.7692
2018-09-07T11:00:00+02:00,1.7692,1.7706,1.76376,1.76836
2018-09-09T23:00:00+02:00,1.76836,1.77364,1.76694,1.77134
2018-09-10T11:00:00+02:00,1.77134,1.77882,1.76966,1.77689
2018-09-10T23:00:00+02:00,1.77689,1.781,1.77422,1.77933
2018-09-11T11:00:00+02:00,1.77933,1.78262,1.77697,1.77854
2018-09-11T23:00:00+02:00,1.77854,1.78232,1.77471,1.77634
2018-09-12T11:00:00+02:00,1.77634,1.77928,1.77142,1.77279
2018-09-12T23:00:00+02:00,1.77279,1.77617,1.77076,1.77213
2018-09-13T11:00:00+02:00,1.77213,1.7805,1.77103,1.77918
2018-09-13T23:00:00+02:00,1.77918,1.78131,1.7748,1.77622
2018-09-14T11:00:00+02:00,1.77622,1.7789,1.77428,1.77537
2018-09-16T23:00:00+02:00,1.77537,1.77772,1.77296,1.77541
2018-09-17T11:00:00+02:00,1.77541,1.77682,1.77304,1.77608
2018-09-17T23:00:00+02:00,1.77608,1.7783,1.77106,1.77268
2018-09-18T11:00:00+02:00,1.77268,1.77828,1.76996,1.77181
2018-09-18T23:00:00+02:00,1.77181,1.77372,1.76742,1.77122
2018-09-19T11:00:00+02:00,1.77122,1.77132,1.76396,1.76476
2018-09-19T23:00:00+02:00,1.76476,1.76793,1.75446,1.7571
2018-09-20T11:00:00+02:00,1.7571,1.7651,1.75586,1.76171
2018-09-20T23:00:00+02:00,1.76171,1.76332,1.75814,1.761
2018-09-21T11:00:00+02:00,1.761,1.76213,1.75646,1.75848
2018-09-23T23:00:00+02:00,1.75848,1.76449,1.75676,1.7638
2018-09-24T11:00:00+02:00,1.7638,1.77282,1.76264,1.76827
2018-09-24T23:00:00+02:00,1.76827,1.7726,1.76703,1.77034
2018-09-25T11:00:00+02:00,1.77034,1.77264,1.76882,1.76988
2018-09-25T23:00:00+02:00,1.76988,1.7733,1.75853,1.76737
2018-09-26T11:00:00+02:00,1.76737,1.76852,1.76112,1.76377
2018-09-26T23:00:00+02:00,1.76377,1.76779,1.757,1.76372
2018-09-27T11:00:00+02:00,1.76372,1.76507,1.76,1.76003
2018-09-27T23:00:00+02:00,1.76003,1.76372,1.75655,1.75736
2018-09-28T11:00:00+02:00,1.75736,1.75762,1.74864,1.75285
2018-09-30T23:00:00+02:00,1.75285,1.75598,1.75032,1.75582
2018-10-01T11:00:00+02:00,1.75582,1.75944,1.7482,1.75008
2018-10-01T23:00:00+02:00,1.75008,1.75574,1.74866,1.74996
2018-10-02T11:00:00+02:00,1.74996,1.75291,1.74804,1.75148
2018-10-02T23:00:00+02:00,1.75148,1.76267,1.7514,1.76218
2018-10-03T11:00:00+02:00,1.76218,1.76502,1.75983,1.76253
2018-10-03T23:00:00+02:00,1.76253,1.77128,1.76109,1.77052
2018-10-04T11:00:00+02:00,1.77052,1.77835,1.76939,1.77742
2018-10-04T23:00:00+02:00,1.77742,1.78161,1.77588,1.77766
2018-10-05T11:00:00+02:00,1.77766,1.7906,1.77682,1.78897
2018-10-07T23:00:00+02:00,1.78897,1.79296,1.78012,1.78023
2018-10-08T11:00:00+02:00,1.78023,1.78272,1.77739,1.78062
2018-10-08T23:00:00+02:00,1.78062,1.78476,1.77741,1.7821
2018-10-09T11:00:00+02:00,1.7821,1.78224,1.77563,1.7757
2018-10-09T23:00:00+02:00,1.7757,1.77947,1.77196,1.77898
2018-10-10T11:00:00+02:00,1.77898,1.7884,1.77778,1.78693
2018-10-10T23:00:00+02:00,1.78693,1.78758,1.78008,1.78127
2018-10-11T11:00:00+02:00,1.78127,1.78564,1.77241,1.77703
2018-10-11T23:00:00+02:00,1.77703,1.78082,1.77441,1.77613
2018-10-12T11:00:00+02:00,1.77613,1.77974,1.77078,1.77556
2018-10-14T23:00:00+02:00,1.77556,1.77854,1.77054,1.77135
2018-10-15T11:00:00+02:00,1.77135,1.7747,1.7667,1.76752
2018-10-15T23:00:00+02:00,1.76752,1.76949,1.75607,1.7629
2018-10-16T11:00:00+02:00,1.7629,1.76305,1.75563,1.75733
2018-10-16T23:00:00+02:00,1.75733,1.75871,1.753,1.75602
2018-10-17T11:00:00+02:00,1.75602,1.7598,1.75343,1.75611
2018-10-17T23:00:00+02:00,1.75611,1.75982,1.75278,1.75374
2018-10-18T11:00:00+02:00,1.75374,1.75559,1.74962,1.75065
2018-10-18T23:00:00+02:00,1.75065,1.75572,1.7398,1.7406
2018-10-19T11:00:00+02:00,1.7406,1.74958,1.73562,1.74735
2018-10-21T23:00:00+02:00,1.74735,1.75096,1.74203,1.74826
2018-10-22T11:00:00+02:00,1.74826,1.7517,1.74611,1.7494
2018-10-22T23:00:00+02:00,1.7494,1.75208,1.74602,1.74866
2018-10-23T11:00:00+02:00,1.74866,1.75278,1.7481,1.75061
2018-10-23T23:00:00+02:00,1.75061,1.75214,1.74308,1.74446
2018-10-24T11:00:00+02:00,1.74446,1.74827,1.74016,1.74617
2018-10-24T23:00:00+02:00,1.74617,1.75254,1.74617,1.74964
2018-10-25T11:00:00+02:00,1.74964,1.75038,1.7408,1.74443
2018-10-25T23:00:00+02:00,1.74443,1.75884,1.74138,1.75807
2018-10-26T11:00:00+02:00,1.75807,1.75834,1.74432,1.74842
2018-10-28T22:00:00+01:00,1.74842,1.7496,1.73931,1.73999
2018-10-29T10:00:00+01:00,1.73999,1.74597,1.73718,1.74406
2018-10-29T22:00:00+01:00,1.74406,1.74443,1.73451,1.73815
2018-10-30T10:00:00+01:00,1.73815,1.7385,1.72952,1.73129
2018-10-30T22:00:00+01:00,1.73129,1.73722,1.72678,1.73566
2018-10-31T10:00:00+01:00,1.73566,1.73684,1.73109,1.73594
2018-10-31T22:00:00+01:00,1.73594,1.73644,1.72006,1.72154
2018-11-01T10:00:00+01:00,1.72154,1.72386,1.71276,1.71472
2018-11-01T22:00:00+01:00,1.71472,1.71762,1.70608,1.71505
2018-11-02T10:00:00+01:00,1.71505,1.71739,1.7095,1.71238
2018-11-04T23:00:00+01:00,1.71238,1.71746,1.7071,1.7086
2018-11-05T11:00:00+01:00,1.7086,1.71296,1.7073,1.7119
2018-11-05T23:00:00+01:00,1.7119,1.71564,1.70927,1.70966
2018-11-06T11:00:00+01:00,1.70966,1.71279,1.69504,1.69594
2018-11-06T23:00:00+01:00,1.69594,1.69976,1.69132,1.69415
2018-11-07T11:00:00+01:00,1.69415,1.69572,1.68059,1.68452
2018-11-07T23:00:00+01:00,1.68452,1.68836,1.68198,1.68484
2018-11-08T11:00:00+01:00,1.68484,1.68717,1.68077,1.68201
2018-11-08T23:00:00+01:00,1.68201,1.68554,1.67973,1.68258
2018-11-09T11:00:00+01:00,1.68258,1.68367,1.6795,1.6823
2018-11-11T23:00:00+01:00,1.6823,1.68378,1.67478,1.6758
2018-11-12T11:00:00+01:00,1.6758,1.67594,1.66783,1.67202
2018-11-12T23:00:00+01:00,1.67202,1.67312,1.6636,1.66616
2018-11-13T11:00:00+01:00,1.66624,1.67102,1.66538,1.66941
2018-11-13T23:00:00+01:00,1.66941,1.67246,1.6609,1.66449
2018-11-14T11:00:00+01:00,1.66449,1.67061,1.66112,1.6643
2018-11-14T23:00:00+01:00,1.6643,1.66833,1.65664,1.65753
2018-11-15T11:00:00+01:00,1.65753,1.66264,1.65588,1.65909
2018-11-15T23:00:00+01:00,1.65909,1.66804,1.65705,1.6671
2018-11-16T11:00:00+01:00,1.6671,1.66713,1.65782,1.66027
2018-11-18T23:00:00+01:00,1.66027,1.67064,1.66027,1.67019
2018-11-19T11:00:00+01:00,1.67019,1.6768,1.66878,1.67502
2018-11-19T23:00:00+01:00,1.67502,1.67564,1.66437,1.66924
2018-11-20T11:00:00+01:00,1.66924,1.67442,1.66576,1.67436
2018-11-20T23:00:00+01:00,1.67436,1.67616,1.66794,1.668
2018-11-21T11:00:00+01:00,1.668,1.67218,1.66408,1.66652
2018-11-21T23:00:00+01:00,1.66652,1.67916,1.66583,1.67765
2018-11-22T11:00:00+01:00,1.67765,1.67886,1.67256,1.67352
2018-11-22T23:00:00+01:00,1.67352,1.67785,1.67005,1.67438
2018-11-23T11:00:00+01:00,1.67438,1.67688,1.66712,1.6719
2018-11-25T23:00:00+01:00,1.6719,1.67867,1.66944,1.6697
2018-11-26T11:00:00+01:00,1.6697,1.67386,1.66928,1.67321
2018-11-26T23:00:00+01:00,1.67321,1.67745,1.66702,1.6677
2018-11-27T11:00:00+01:00,1.6677,1.66824,1.662,1.66252
2018-11-27T23:00:00+01:00,1.66252,1.6641,1.65757,1.65893
2018-11-28T11:00:00+01:00,1.65893,1.6618,1.65158,1.65452
2018-11-28T23:00:00+01:00,1.65452,1.66284,1.65414,1.65548
2018-11-29T11:00:00+01:00,1.65548,1.6617,1.6543,1.66112
2018-11-29T23:00:00+01:00,1.66112,1.6616,1.6568,1.657
2018-11-30T11:00:00+01:00,1.657,1.6581,1.64442,1.64537
2018-12-02T23:00:00+01:00,1.64537,1.64572,1.63961,1.64198
2018-12-03T11:00:00+01:00,1.64198,1.64247,1.63421,1.6389
2018-12-03T23:00:00+01:00,1.6389,1.63988,1.63356,1.6376
2018-12-04T11:00:00+01:00,1.6376,1.64182,1.63471,1.63706
2018-12-04T23:00:00+01:00,1.63706,1.63974,1.63298,1.6389
2018-12-05T11:00:00+01:00,1.6389,1.64707,1.63783,1.64492
2018-12-05T23:00:00+01:00,1.64492,1.65398,1.64417,1.65026
2018-12-06T11:00:00+01:00,1.65026,1.65749,1.64921,1.65431
2018-12-06T23:00:00+01:00,1.65431,1.65498,1.64962,1.65081
2018-12-07T11:00:00+01:00,1.65081,1.66438,1.65066,1.65712
2018-12-09T23:00:00+01:00,1.65712,1.66664,1.65628,1.65686
2018-12-10T11:00:00+01:00,1.65686,1.65928,1.65114,1.65296
2018-12-10T23:00:00+01:00,1.65296,1.65831,1.65001,1.65633
2018-12-11T11:00:00+01:00,1.65633,1.65865,1.64271,1.6464
2018-12-11T23:00:00+01:00,1.6464,1.65358,1.64236,1.65196
2018-12-12T11:00:00+01:00,1.65196,1.66246,1.6513,1.65808
2018-12-12T23:00:00+01:00,1.65808,1.66144,1.6534,1.65543
2018-12-13T11:00:00+01:00,1.65543,1.65806,1.65121,1.65654
2018-12-13T23:00:00+01:00,1.65654,1.67285,1.655,1.66422
2018-12-14T11:00:00+01:00,1.66422,1.66477,1.659,1.66341
2018-12-16T23:00:00+01:00,1.66341,1.6668,1.66168,1.66271
2018-12-17T11:00:00+01:00,1.66271,1.66978,1.66242,1.66822
2018-12-17T23:00:00+01:00,1.66822,1.66864,1.65328,1.6556
2018-12-18T11:00:00+01:00,1.6556,1.66108,1.65514,1.65936
2018-12-18T23:00:00+01:00,1.65936,1.66262,1.65702,1.65922
2018-12-19T11:00:00+01:00,1.65922,1.68296,1.65868,1.68155
2018-12-19T23:00:00+01:00,1.68155,1.69681,1.67826,1.69374
2018-12-20T11:00:00+01:00,1.69374,1.69417,1.68502,1.68972
2018-12-20T23:00:00+01:00,1.68972,1.69812,1.68655,1.69788
2018-12-21T11:00:00+01:00,1.69788,1.69861,1.68774,1.69565
2018-12-23T23:00:00+01:00,1.69565,1.69565,1.68784,1.6917
2018-12-24T11:00:00+01:00,1.6917,1.70076,1.69024,1.69494
2018-12-25T23:00:00+01:00,1.69494,1.69838,1.69045,1.69149
2018-12-26T11:00:00+01:00,1.69149,1.69568,1.68612,1.68693
2018-12-26T23:00:00+01:00,1.68693,1.70006,1.68534,1.69955
2018-12-27T11:00:00+01:00,1.69955,1.71056,1.69526,1.70682
2018-12-27T23:00:00+01:00,1.70682,1.7097,1.70497,1.70854
2018-12-28T11:00:00+01:00,1.70854,1.71109,1.70496,1.70617
2018-12-30T23:00:00+01:00,1.70617,1.70685,1.70078,1.70436
2018-12-31T11:00:00+01:00,1.70436,1.70878,1.70392,1.70671
2019-01-01T23:00:00+01:00,1.70671,1.71252,1.70272,1.70414
2019-01-02T11:00:00+01:00,1.70414,1.70692,1.70082,1.70526
2019-01-02T23:00:00+01:00,1.70526,1.72288,1.6886,1.71278
2019-01-03T11:00:00+01:00,1.71278,1.71424,1.6999,1.70243
2019-01-03T23:00:00+01:00,1.70243,1.70756,1.69926,1.70158
2019-01-04T11:00:00+01:00,1.70158,1.70591,1.6887,1.69282
2019-01-06T23:00:00+01:00,1.69282,1.69544,1.68977,1.69326
2019-01-07T11:00:00+01:00,1.69326,1.70042,1.69198,1.69922
2019-01-07T23:00:00+01:00,1.69922,1.70124,1.69468,1.69994
2019-01-08T11:00:00+01:00,1.69994,1.70404,1.69803,1.70212
2019-01-08T23:00:00+01:00,1.70212,1.7023,1.69466,1.69671
2019-01-09T11:00:00+01:00,1.69671,1.70064,1.68866,1.70044
2019-01-09T23:00:00+01:00,1.70044,1.70587,1.69756,1.69826
2019-01-10T11:00:00+01:00,1.69826,1.70076,1.69453,1.6963
2019-01-10T23:00:00+01:00,1.6963,1.69708,1.68394,1.68602
2019-01-11T11:00:00+01:00,1.68602,1.68868,1.6769,1.67869
2019-01-13T23:00:00+01:00,1.67869,1.68796,1.67764,1.68398
2019-01-14T11:00:00+01:00,1.68398,1.68429,1.67902,1.68133
2019-01-14T23:00:00+01:00,1.68133,1.68307,1.67346,1.67602
2019-01-15T11:00:00+01:00,1.67602,1.67782,1.67159,1.67436
2019-01-15T23:00:00+01:00,1.67436,1.6821,1.66926,1.68182
2019-01-16T11:00:00+01:00,1.68182,1.68714,1.67934,1.68166
2019-01-16T23:00:00+01:00,1.68166,1.69214,1.68079,1.6907
2019-01-17T11:00:00+01:00,1.6907,1.69358,1.67908,1.68406
2019-01-17T23:00:00+01:00,1.68406,1.6884,1.6817,1.6873
2019-01-18T11:00:00+01:00,1.6873,1.68826,1.67763,1.68548
2019-01-20T23:00:00+01:00,1.68548,1.69384,1.68187,1.69069
2019-01-21T11:00:00+01:00,1.69069,1.69232,1.6882,1.68889
2019-01-21T23:00:00+01:00,1.68889,1.69361,1.68808,1.69342
2019-01-22T11:00:00+01:00,1.69342,1.69422,1.68183,1.68211
2019-01-22T23:00:00+01:00,1.68211,1.6852,1.67252,1.67253
2019-01-23T11:00:00+01:00,1.67253,1.6786,1.6701,1.67708
2019-01-23T23:00:00+01:00,1.67708,1.68108,1.67275,1.67535
2019-01-24T11:00:00+01:00,1.67535,1.67766,1.66995,1.67198
2019-01-24T23:00:00+01:00,1.67198,1.676,1.67006,1.67318
2019-01-25T11:00:00+01:00,1.67318,1.67517,1.66572,1.6678
2019-01-27T23:00:00+01:00,1.6678,1.66999,1.66116,1.66526
2019-01-28T11:00:00+01:00,1.66526,1.67422,1.66432,1.67308
2019-01-28T23:00:00+01:00,1.67308,1.67626,1.66786,1.67005
2019-01-29T11:00:00+01:00,1.67005,1.67534,1.6684,1.67289
2019-01-29T23:00:00+01:00,1.67289,1.6764,1.66886,1.67104
2019-01-30T11:00:00+01:00,1.67104,1.67392,1.66312,1.66475
2019-01-30T23:00:00+01:00,1.66475,1.66725,1.65997,1.66223
2019-01-31T11:00:00+01:00,1.66223,1.66386,1.65295,1.65459
2019-01-31T23:00:00+01:00,1.65459,1.65818,1.65354,1.65688
2019-02-01T11:00:00+01:00,1.65688,1.66228,1.65385,1.66166
2019-02-03T23:00:00+01:00,1.66166,1.6623,1.65912,1.66123
2019-02-04T11:00:00+01:00,1.66123,1.66486,1.66024,1.66164
2019-02-04T23:00:00+01:00,1.66164,1.66466,1.65574,1.6578
2019-02-05T11:00:00+01:00,1.6578,1.6581,1.65402,1.65456
2019-02-05T23:00:00+01:00,1.65456,1.66433,1.65174,1.66134
2019-02-06T11:00:00+01:00,1.66134,1.67958,1.66034,1.67709
2019-02-06T23:00:00+01:00,1.67709,1.68434,1.67676,1.6797
2019-02-07T11:00:00+01:00,1.6797,1.68154,1.67546,1.68042
2019-02-07T23:00:00+01:00,1.68042,1.68503,1.67516,1.67872
2019-02-08T11:00:00+01:00,1.67872,1.68246,1.67642,1.6788
2019-02-10T23:00:00+01:00,1.6788,1.67961,1.6722,1.67486
2019-02-11T11:00:00+01:00,1.67486,1.67823,1.67382,1.67488
2019-02-11T23:00:00+01:00,1.67488,1.67825,1.67308,1.67624
2019-02-12T11:00:00+01:00,1.67624,1.68378,1.67426,1.68132
2019-02-12T23:00:00+01:00,1.68132,1.68386,1.65462,1.65966
2019-02-13T11:00:00+01:00,1.65966,1.66156,1.65494,1.65718
2019-02-13T23:00:00+01:00,1.65718,1.65784,1.64844,1.64998
2019-02-14T11:00:00+01:00,1.64998,1.65378,1.64758,1.65195
2019-02-14T23:00:00+01:00,1.65195,1.65742,1.64977,1.65
2019-02-15T11:00:00+01:00,1.65,1.65048,1.64116,1.64567
2019-02-17T23:00:00+01:00,1.64567,1.64774,1.64156,1.64716
2019-02-18T11:00:00+01:00,1.64716,1.65314,1.64594,1.65183
2019-02-18T23:00:00+01:00,1.65183,1.65742,1.64854,1.65634
2019-02-19T11:00:00+01:00,1.65634,1.65758,1.64705,1.64753
2019-02-19T23:00:00+01:00,1.64753,1.65327,1.6474,1.65203
2019-02-20T11:00:00+01:00,1.65203,1.65445,1.64905,1.65376
2019-02-20T23:00:00+01:00,1.65376,1.66518,1.6498,1.66226
2019-02-21T11:00:00+01:00,1.66226,1.66664,1.66168,1.66656
2019-02-21T23:00:00+01:00,1.66656,1.67688,1.66344,1.6693
2019-02-22T11:00:00+01:00,1.6693,1.66966,1.65438,1.6558
2019-02-24T23:00:00+01:00,1.6558,1.6558,1.64868,1.64934
2019-02-25T11:00:00+01:00,1.64934,1.65087,1.64662,1.65003
2019-02-25T23:00:00+01:00,1.65003,1.65262,1.64806,1.6524
2019-02-26T11:00:00+01:00,1.6524,1.65402,1.64814,1.6525
2019-02-26T23:00:00+01:00,1.6525,1.65736,1.64978,1.65684
2019-02-27T11:00:00+01:00,1.65684,1.6653,1.65602,1.66033
2019-02-27T23:00:00+01:00,1.66033,1.66563,1.65911,1.66502
2019-02-28T11:00:00+01:00,1.66502,1.67282,1.66468,1.67038
2019-02-28T23:00:00+01:00,1.67038,1.67084,1.66584,1.66732
2019-03-01T11:00:00+01:00,1.66732,1.67286,1.66411,1.67165
2019-03-03T23:00:00+01:00,1.67165,1.67165,1.66546,1.66722
2019-03-04T11:00:00+01:00,1.66722,1.66751,1.66118,1.66205
2019-03-04T23:00:00+01:00,1.66205,1.66863,1.66039,1.6653
2019-03-05T11:00:00+01:00,1.6653,1.66924,1.66205,1.66329
2019-03-05T23:00:00+01:00,1.66329,1.67202,1.66226,1.6653
2019-03-06T11:00:00+01:00,1.6653,1.6726,1.66515,1.67078
2019-03-06T23:00:00+01:00,1.67078,1.67168,1.66472,1.66835
2019-03-07T11:00:00+01:00,1.66835,1.66952,1.65514,1.6574
2019-03-07T23:00:00+01:00,1.6574,1.65888,1.65196,1.65205
2019-03-08T11:00:00+01:00,1.65205,1.65342,1.65008,1.65115
2019-03-10T22:00:00+01:00,1.65115,1.65422,1.64986,1.6508
2019-03-11T10:00:00+01:00,1.6508,1.65262,1.64366,1.64651
2019-03-11T22:00:00+01:00,1.64651,1.64902,1.64422,1.64848
2019-03-12T10:00:00+01:00,1.64848,1.64896,1.64058,1.64542
2019-03-12T22:00:00+01:00,1.64542,1.65274,1.645,1.65166
2019-03-13T10:00:00+01:00,1.65166,1.6543,1.64902,1.65212
2019-03-13T22:00:00+01:00,1.65212,1.6577,1.65126,1.65658
2019-03-14T10:00:00+01:00,1.65658,1.66001,1.65582,1.65637
2019-03-14T22:00:00+01:00,1.65637,1.65645,1.65086,1.65218
2019-03-15T10:00:00+01:00,1.65218,1.65527,1.65124,1.65433
2019-03-17T22:00:00+01:00,1.65433,1.65558,1.65008,1.65258
2019-03-18T10:00:00+01:00,1.65258,1.6554,1.6517,1.65481
2019-03-18T22:00:00+01:00,1.65481,1.65698,1.65321,1.65576
2019-03-19T10:00:00+01:00,1.65576,1.65723,1.65131,1.65609
2019-03-19T22:00:00+01:00,1.65609,1.66183,1.65572,1.65858
2019-03-20T10:00:00+01:00,1.65858,1.66216,1.65322,1.65861
2019-03-20T22:00:00+01:00,1.65861,1.66244,1.64586,1.64785
2019-03-21T10:00:00+01:00,1.64785,1.6546,1.64766,1.65429
2019-03-21T22:00:00+01:00,1.65429,1.65476,1.6429,1.64475
2019-03-22T10:00:00+01:00,1.64475,1.6467,1.63692,1.64309
2019-03-24T22:00:00+01:00,1.64309,1.64418,1.63985,1.64386
2019-03-25T10:00:00+01:00,1.64386,1.64588,1.63624,1.63772
2019-03-25T22:00:00+01:00,1.63772,1.63976,1.63472,1.63874
2019-03-26T10:00:00+01:00,1.63874,1.6406,1.6296,1.63113
2019-03-26T22:00:00+01:00,1.63113,1.65826,1.62949,1.65564
2019-03-27T10:00:00+01:00,1.65564,1.66014,1.65247,1.65478
2019-03-27T22:00:00+01:00,1.65478,1.65924,1.64832,1.65146
2019-03-28T10:00:00+01:00,1.65146,1.6571,1.64936,1.65663
2019-03-28T22:00:00+01:00,1.65663,1.65746,1.65096,1.65253
2019-03-29T10:00:00+01:00,1.65253,1.65381,1.64506,1.64849
2019-03-31T23:00:00+02:00,1.64849,1.64849,1.64315,1.64672
2019-04-01T11:00:00+02:00,1.64672,1.64782,1.64424,1.64769
2019-04-01T23:00:00+02:00,1.64769,1.65524,1.64769,1.65494
2019-04-02T11:00:00+02:00,1.65494,1.66195,1.65365,1.65814
2019-04-02T23:00:00+02:00,1.65814,1.66118,1.65322,1.65608
2019-04-03T11:00:00+02:00,1.65608,1.65843,1.65288,1.65751
2019-04-03T23:00:00+02:00,1.65751,1.65852,1.6537,1.65734
2019-04-04T11:00:00+02:00,1.65734,1.66284,1.65571,1.66152
2019-04-04T23:00:00+02:00,1.66152,1.66686,1.65922,1.66633
2019-04-05T11:00:00+02:00,1.66633,1.66954,1.66472,1.66601
2019-04-07T23:00:00+02:00,1.66601,1.66899,1.665,1.66842
2019-04-08T11:00:00+02:00,1.66842,1.67137,1.6675,1.6706
2019-04-08T23:00:00+02:00,1.6706,1.67122,1.66736,1.66966
2019-04-09T11:00:00+02:00,1.66966,1.67303,1.66882,1.67031
2019-04-09T23:00:00+02:00,1.67031,1.67066,1.6676,1.66862
2019-04-10T11:00:00+02:00,1.66862,1.67151,1.6647,1.6668
2019-04-10T23:00:00+02:00,1.6668,1.67093,1.6656,1.66879
2019-04-11T11:00:00+02:00,1.66879,1.67488,1.66798,1.67281
2019-04-11T23:00:00+02:00,1.67281,1.67874,1.67243,1.6764
2019-04-12T11:00:00+02:00,1.6764,1.67786,1.66784,1.67073
2019-04-14T23:00:00+02:00,1.67073,1.67332,1.66774,1.67302
2019-04-15T11:00:00+02:00,1.67302,1.67522,1.67118,1.67144
2019-04-15T23:00:00+02:00,1.67144,1.67593,1.67014,1.67384
2019-04-16T11:00:00+02:00,1.67384,1.67454,1.66836,1.66865
2019-04-16T23:00:00+02:00,1.66865,1.69212,1.66582,1.67939
2019-04-17T11:00:00+02:00,1.67939,1.6843,1.67666,1.67952
2019-04-17T23:00:00+02:00,1.67952,1.68262,1.67714,1.67896
2019-04-18T11:00:00+02:00,1.67896,1.68414,1.67854,1.68036
2019-04-18T23:00:00+02:00,1.68036,1.68231,1.67918,1.68056
2019-04-19T11:00:00+02:00,1.68056,1.68214,1.68026,1.68214
2019-04-21T23:00:00+02:00,1.68214,1.6843,1.6805,1.68364
2019-04-22T11:00:00+02:00,1.68364,1.6873,1.68363,1.68555
2019-04-22T23:00:00+02:00,1.68555,1.68978,1.68393,1.68834
2019-04-23T11:00:00+02:00,1.68834,1.69034,1.68645,1.68697
2019-04-23T23:00:00+02:00,1.68697,1.69567,1.68635,1.69311
2019-04-24T11:00:00+02:00,1.69311,1.69617,1.69174,1.69259
2019-04-24T23:00:00+02:00,1.69259,1.69287,1.68928,1.6897
2019-04-25T11:00:00+02:00,1.6897,1.69088,1.67992,1.68018
2019-04-25T23:00:00+02:00,1.68018,1.68106,1.67412,1.67472
2019-04-26T11:00:00+02:00,1.67472,1.67578,1.67098,1.67436
2019-04-28T23:00:00+02:00,1.67436,1.67539,1.6693,1.67476
2019-04-29T11:00:00+02:00,1.67476,1.67767,1.67241,1.67755
2019-04-29T23:00:00+02:00,1.67755,1.68012,1.67463,1.679
2019-04-30T11:00:00+02:00,1.679,1.68341,1.67832,1.67996
2019-04-30T23:00:00+02:00,1.67996,1.69134,1.67914,1.68646
2019-05-01T11:00:00+02:00,1.68646,1.69224,1.68543,1.691
2019-05-01T23:00:00+02:00,1.691,1.69143,1.68795,1.68988
2019-05-02T11:00:00+02:00,1.68988,1.69329,1.68798,1.68848
2019-05-02T23:00:00+02:00,1.68848,1.69054,1.68606,1.68682
2019-05-03T11:00:00+02:00,1.68682,1.68723,1.68155,1.68567
2019-05-05T23:00:00+02:00,1.68567,1.69463,1.68567,1.69008
2019-05-06T11:00:00+02:00,1.69008,1.69641,1.68962,1.69496
2019-05-06T23:00:00+02:00,1.69496,1.69911,1.69073,1.69498
2019-05-07T11:00:00+02:00,1.69498,1.69816,1.69404,1.69574
2019-05-07T23:00:00+02:00,1.69574,1.71536,1.69445,1.69942
2019-05-08T11:00:00+02:00,1.69942,1.70372,1.69762,1.70205
2019-05-08T23:00:00+02:00,1.70205,1.70332,1.6996,1.70074
2019-05-09T11:00:00+02:00,1.70074,1.70776,1.70024,1.7018
2019-05-09T23:00:00+02:00,1.7018,1.70505,1.6982,1.70228
2019-05-10T11:00:00+02:00,1.70228,1.70492,1.6997,1.70265
2019-05-12T23:00:00+02:00,1.70265,1.70841,1.7011,1.70618
2019-05-13T11:00:00+02:00,1.70618,1.71154,1.70494,1.70896
2019-05-13T23:00:00+02:00,1.70896,1.71078,1.70451,1.70799
2019-05-14T11:00:00+02:00,1.70799,1.70816,1.70317,1.70406
2019-05-14T23:00:00+02:00,1.70406,1.70913,1.70371,1.70834
2019-05-15T11:00:00+02:00,1.70834,1.7102,1.70518,1.70695
2019-05-15T23:00:00+02:00,1.70695,1.71238,1.7042,1.70502
2019-05-16T11:00:00+02:00,1.70502,1.71004,1.70324,1.70974
2019-05-16T23:00:00+02:00,1.70974,1.71194,1.70769,1.71057
2019-05-17T11:00:00+02:00,1.71057,1.71336,1.70924,1.71183
2019-05-19T23:00:00+02:00,1.71183,1.71189,1.70473,1.70652
2019-05-20T11:00:00+02:00,1.70652,1.71056,1.70591,1.70912
2019-05-20T23:00:00+02:00,1.70912,1.71438,1.70675,1.71316
2019-05-21T11:00:00+02:00,1.71316,1.71782,1.71306,1.71571
2019-05-21T23:00:00+02:00,1.71571,1.71753,1.7148,1.71586
2019-05-22T11:00:00+02:00,1.71586,1.71932,1.71521,1.71747
2019-05-22T23:00:00+02:00,1.71747,1.71971,1.71528,1.716
2019-05-23T11:00:00+02:00,1.716,1.7176,1.71147,1.71476
2019-05-23T23:00:00+02:00,1.71476,1.71656,1.713,1.7132
2019-05-24T11:00:00+02:00,1.7132,1.71332,1.70844,1.71
2019-05-26T23:00:00+02:00,1.71,1.71136,1.7088,1.70988
2019-05-27T11:00:00+02:00,1.70988,1.71112,1.70919,1.71078
2019-05-27T23:00:00+02:00,1.71078,1.71078,1.70503,1.70866
2019-05-28T11:00:00+02:00,1.70866,1.70937,1.70572,1.70582
2019-05-28T23:00:00+02:00,1.70582,1.71166,1.70488,1.71128
2019-05-29T11:00:00+02:00,1.71128,1.7131,1.70862,1.70994
2019-05-29T23:00:00+02:00,1.70994,1.71094,1.70606,1.70744
2019-05-30T11:00:00+02:00,1.70744,1.71302,1.70665,1.70972
2019-05-30T23:00:00+02:00,1.70972,1.7125,1.70846,1.71058
2019-05-31T11:00:00+02:00,1.71058,1.71512,1.70697,1.70872
2019-06-02T23:00:00+02:00,1.70872,1.71074,1.7041,1.70519
2019-06-03T11:00:00+02:00,1.70519,1.70722,1.70281,1.70398
2019-06-03T23:00:00+02:00,1.70398,1.70998,1.70366,1.70774
2019-06-04T11:00:00+02:00,1.70774,1.70935,1.70132,1.70262
2019-06-04T23:00:00+02:00,1.70262,1.70406,1.695,1.69802
2019-06-05T11:00:00+02:00,1.69802,1.6985,1.69361,1.69632
2019-06-05T23:00:00+02:00,1.69632,1.69645,1.6929,1.6957
2019-06-06T11:00:00+02:00,1.6957,1.70352,1.69178,1.70283
2019-06-06T23:00:00+02:00,1.70283,1.70432,1.70056,1.70088
2019-06-07T11:00:00+02:00,1.70088,1.70272,1.69769,1.70064
2019-06-09T23:00:00+02:00,1.70064,1.70746,1.6994,1.70674
2019-06-10T11:00:00+02:00,1.70674,1.71259,1.70608,1.71176
2019-06-10T23:00:00+02:00,1.71176,1.71824,1.71146,1.71683
2019-06-11T11:00:00+02:00,1.71683,1.72174,1.71656,1.72071
2019-06-11T23:00:00+02:00,1.72071,1.72579,1.7198,1.72188
2019-06-12T11:00:00+02:00,1.72188,1.72302,1.71675,1.7175
2019-06-12T23:00:00+02:00,1.7175,1.72046,1.71476,1.72004
2019-06-13T11:00:00+02:00,1.72004,1.72099,1.71596,1.71736
2019-06-13T23:00:00+02:00,1.71736,1.72745,1.71608,1.725
2019-06-14T11:00:00+02:00,1.725,1.7278,1.72278,1.72675
2019-06-16T23:00:00+02:00,1.72675,1.72744,1.72146,1.72196
2019-06-17T11:00:00+02:00,1.72196,1.72899,1.72164,1.72752
2019-06-17T23:00:00+02:00,1.72752,1.73075,1.71928,1.71944
2019-06-18T11:00:00+02:00,1.71944,1.72132,1.71344,1.7145
2019-06-18T23:00:00+02:00,1.7145,1.71842,1.7128,1.71734
2019-06-19T11:00:00+02:00,1.71734,1.72016,1.7136,1.71738
2019-06-19T23:00:00+02:00,1.71738,1.71906,1.71102,1.71449
2019-06-20T11:00:00+02:00,1.71449,1.71788,1.71236,1.71479
2019-06-20T23:00:00+02:00,1.71479,1.72289,1.71187,1.72074
2019-06-21T11:00:00+02:00,1.72074,1.72786,1.72052,1.72539
2019-06-23T23:00:00+02:00,1.72539,1.727,1.72085,1.72213
2019-06-24T11:00:00+02:00,1.72213,1.72564,1.71977,1.72235
2019-06-24T23:00:00+02:00,1.72235,1.72289,1.71227,1.7134
2019-06-25T11:00:00+02:00,1.7134,1.7149,1.7091,1.71216
2019-06-25T23:00:00+02:00,1.71216,1.72132,1.70244,1.70418
2019-06-26T11:00:00+02:00,1.70418,1.7045,1.69916,1.70238
2019-06-26T23:00:00+02:00,1.70238,1.70392,1.69861,1.69988
2019-06-27T11:00:00+02:00,1.69988,1.70106,1.69562,1.69688
2019-06-27T23:00:00+02:00,1.69688,1.69902,1.69486,1.6982
2019-06-28T11:00:00+02:00,1.6982,1.69848,1.69193,1.69293
2019-06-30T23:00:00+02:00,1.69293,1.69406,1.68881,1.68898
2019-07-01T11:00:00+02:00,1.68898,1.69598,1.6886,1.69072
2019-07-01T23:00:00+02:00,1.69072,1.69614,1.68856,1.69492
2019-07-02T11:00:00+02:00,1.69492,1.6987,1.69142,1.69148
2019-07-02T23:00:00+02:00,1.69148,1.69241,1.68651,1.68678
2019-07-03T11:00:00+02:00,1.68678,1.68942,1.68028,1.68211
2019-07-03T23:00:00+02:00,1.68211,1.68978,1.6803,1.68864
2019-07-04T11:00:00+02:00,1.68864,1.6894,1.6857,1.68753
2019-07-04T23:00:00+02:00,1.68753,1.68974,1.68552,1.68839
2019-07-05T11:00:00+02:00,1.68839,1.69785,1.68792,1.69385
2019-07-07T23:00:00+02:00,1.69385,1.695,1.688,1.68981
2019-07-08T11:00:00+02:00,1.68981,1.69352,1.6881,1.69287
2019-07-08T23:00:00+02:00,1.69287,1.69577,1.69084,1.69509
2019-07-09T11:00:00+02:00,1.69509,1.6974,1.69296,1.69674
2019-07-09T23:00:00+02:00,1.69674,1.70559,1.6958,1.69966
2019-07-10T11:00:00+02:00,1.69966,1.70066,1.69123,1.69349
2019-07-10T23:00:00+02:00,1.69349,1.69476,1.6898,1.68996
2019-07-11T11:00:00+02:00,1.68996,1.69004,1.68552,1.6893
2019-07-11T23:00:00+02:00,1.6893,1.69028,1.68408,1.68546
2019-07-12T11:00:00+02:00,1.68546,1.68828,1.68276,1.68367
2019-07-14T23:00:00+02:00,1.68367,1.6857,1.67605,1.67712
2019-07-15T11:00:00+02:00,1.67712,1.6776,1.67486,1.67554
2019-07-15T23:00:00+02:00,1.67554,1.67706,1.67116,1.67194
2019-07-16T11:00:00+02:00,1.67194,1.6739,1.66874,1.67322
2019-07-16T23:00:00+02:00,1.67322,1.67394,1.66767,1.66813
2019-07-17T11:00:00+02:00,1.66813,1.67003,1.66432,1.66788
2019-07-17T23:00:00+02:00,1.66788,1.66957,1.66614,1.66762
2019-07-18T11:00:00+02:00,1.66762,1.6682,1.66102,1.66245
2019-07-18T23:00:00+02:00,1.66245,1.6634,1.65913,1.66232
2019-07-19T11:00:00+02:00,1.66232,1.66232,1.6561,1.65891
2019-07-21T23:00:00+02:00,1.65891,1.66028,1.65409,1.65497
2019-07-22T11:00:00+02:00,1.65497,1.65845,1.65272,1.6583
2019-07-22T23:00:00+02:00,1.6583,1.66352,1.65807,1.66238
2019-07-23T11:00:00+02:00,1.66238,1.6644,1.65946,1.66356
2019-07-23T23:00:00+02:00,1.66356,1.66569,1.6606,1.6634
2019-07-24T11:00:00+02:00,1.6634,1.66467,1.65896,1.66164
2019-07-24T23:00:00+02:00,1.66164,1.66508,1.66051,1.66472
2019-07-25T11:00:00+02:00,1.66472,1.6752,1.65767,1.67282
2019-07-25T23:00:00+02:00,1.67282,1.67606,1.67134,1.67548
2019-07-26T11:00:00+02:00,1.67548,1.67858,1.67486,1.67693
2019-07-28T23:00:00+02:00,1.67693,1.67966,1.67634,1.6782
2019-07-29T11:00:00+02:00,1.6782,1.68258,1.67753,1.68071
2019-07-29T23:00:00+02:00,1.68071,1.6835,1.67942,1.68338
2019-07-30T11:00:00+02:00,1.68338,1.68796,1.68256,1.68692
2019-07-30T23:00:00+02:00,1.68692,1.69305,1.68579,1.68644
2019-07-31T11:00:00+02:00,1.68644,1.69186,1.68522,1.6887
2019-07-31T23:00:00+02:00,1.6887,1.6911,1.6836,1.68388
2019-08-01T11:00:00+02:00,1.68388,1.69252,1.68032,1.69121
2019-08-01T23:00:00+02:00,1.69121,1.70122,1.6892,1.69968
2019-08-02T11:00:00+02:00,1.69968,1.70386,1.69721,1.69943
2019-08-04T23:00:00+02:00,1.69943,1.71439,1.69943,1.71174
2019-08-05T11:00:00+02:00,1.71174,1.71598,1.71008,1.71585
2019-08-05T23:00:00+02:00,1.71585,1.7228,1.70327,1.71048
2019-08-06T11:00:00+02:00,1.71048,1.71816,1.70676,1.7166
2019-08-06T23:00:00+02:00,1.7166,1.75748,1.71018,1.74186
2019-08-07T11:00:00+02:00,1.74186,1.74607,1.73407,1.73793
2019-08-07T23:00:00+02:00,1.73793,1.74138,1.73306,1.73585
2019-08-08T11:00:00+02:00,1.73585,1.73722,1.72489,1.72545
2019-08-08T23:00:00+02:00,1.72545,1.73036,1.72134,1.72652
2019-08-09T11:00:00+02:00,1.72652,1.73512,1.72363,1.73188
2019-08-11T23:00:00+02:00,1.73188,1.7398,1.72852,1.73185
2019-08-12T11:00:00+02:00,1.73185,1.74062,1.73163,1.73964
2019-08-12T23:00:00+02:00,1.73964,1.74161,1.73394,1.73534
2019-08-13T11:00:00+02:00,1.73534,1.74736,1.72762,1.73078
2019-08-13T23:00:00+02:00,1.73078,1.73544,1.72706,1.73486
2019-08-14T11:00:00+02:00,1.73486,1.7408,1.72934,1.73132
2019-08-14T23:00:00+02:00,1.73132,1.7323,1.72495,1.732
2019-08-15T11:00:00+02:00,1.732,1.73468,1.72034,1.72348
2019-08-15T23:00:00+02:00,1.72348,1.7278,1.72192,1.72371
2019-08-16T11:00:00+02:00,1.72371,1.7282,1.72003,1.72535
2019-08-18T23:00:00+02:00,1.72535,1.73229,1.72247,1.73191
2019-08-19T11:00:00+02:00,1.73191,1.73253,1.72592,1.72835
2019-08-19T23:00:00+02:00,1.72835,1.73127,1.72388,1.72835
2019-08-20T11:00:00+02:00,1.72835,1.7303,1.724,1.73028
2019-08-20T23:00:00+02:00,1.73028,1.73474,1.72856,1.73308
2019-08-21T11:00:00+02:00,1.73308,1.73361,1.72944,1.73109
2019-08-21T23:00:00+02:00,1.73109,1.74038,1.73038,1.73839
2019-08-22T11:00:00+02:00,1.73839,1.7417,1.73439,1.74046
2019-08-22T23:00:00+02:00,1.74046,1.74098,1.73124,1.7337
2019-08-23T11:00:00+02:00,1.7337,1.74486,1.73195,1.741
2019-08-25T23:00:00+02:00,1.741,1.7594,1.7403,1.74337
2019-08-26T11:00:00+02:00,1.74337,1.74478,1.73541,1.73723
2019-08-26T23:00:00+02:00,1.73723,1.74696,1.7352,1.74454
2019-08-27T11:00:00+02:00,1.74454,1.74539,1.7394,1.74342
2019-08-27T23:00:00+02:00,1.74342,1.75248,1.7417,1.74828
2019-08-28T11:00:00+02:00,1.74828,1.75038,1.74418,1.74894
2019-08-28T23:00:00+02:00,1.74894,1.7574,1.74726,1.74726
2019-08-29T11:00:00+02:00,1.74726,1.75426,1.74423,1.75175
2019-08-29T23:00:00+02:00,1.75175,1.75654,1.74992,1.75225
2019-08-30T11:00:00+02:00,1.75225,1.75443,1.74117,1.74158
2019-09-01T23:00:00+02:00,1.74158,1.74714,1.73912,1.73924
2019-09-02T11:00:00+02:00,1.73924,1.74055,1.7354,1.73893
2019-09-02T23:00:00+02:00,1.73893,1.74377,1.73711,1.7405
2019-09-03T11:00:00+02:00,1.7405,1.74134,1.73126,1.73184
2019-09-03T23:00:00+02:00,1.73184,1.7354,1.72852,1.73222
2019-09-04T11:00:00+02:00,1.73222,1.73667,1.73058,1.73525
2019-09-04T23:00:00+02:00,1.73525,1.73658,1.72834,1.73034
2019-09-05T11:00:00+02:00,1.73034,1.7368,1.7285,1.73091
2019-09-05T23:00:00+02:00,1.73091,1.73391,1.72201,1.72214
2019-09-06T11:00:00+02:00,1.72214,1.72274,1.71327,1.71559
2019-09-08T23:00:00+02:00,1.71819,1.72026,1.7122,1.71566
2019-09-09T11:00:00+02:00,1.71566,1.72107,1.7121,1.71936
2019-09-09T23:00:00+02:00,1.71936,1.72051,1.71467,1.71924
2019-09-10T11:00:00+02:00,1.71924,1.72262,1.71784,1.71901
2019-09-10T23:00:00+02:00,1.71901,1.72392,1.71639,1.71824
2019-09-11T11:00:00+02:00,1.71824,1.71956,1.71286,1.71719
2019-09-11T23:00:00+02:00,1.71719,1.7176,1.70881,1.71281
2019-09-12T11:00:00+02:00,1.71281,1.72912,1.70024,1.72648
2019-09-12T23:00:00+02:00,1.72648,1.73578,1.72648,1.73224
2019-09-13T11:00:00+02:00,1.73224,1.7387,1.73224,1.73654
2019-09-15T23:00:00+02:00,1.73654,1.73884,1.73085,1.73171
2019-09-16T11:00:00+02:00,1.73171,1.73557,1.72965,1.73404
2019-09-16T23:00:00+02:00,1.73404,1.74182,1.73336,1.74122
2019-09-17T11:00:00+02:00,1.74122,1.74406,1.7396,1.7415
2019-09-17T23:00:00+02:00,1.7415,1.74737,1.7403,1.7441
2019-09-18T11:00:00+02:00,1.7441,1.74861,1.74219,1.74594
2019-09-18T23:00:00+02:00,1.74594,1.75302,1.74194,1.75058
2019-09-19T11:00:00+02:00,1.75058,1.75526,1.7496,1.75217
2019-09-19T23:00:00+02:00,1.75217,1.7606,1.75082,1.75972
2019-09-20T11:00:00+02:00,1.75972,1.76164,1.7565,1.75998
2019-09-22T23:00:00+02:00,1.75998,1.75998,1.75152,1.75218
2019-09-23T11:00:00+02:00,1.75218,1.75272,1.7459,1.74686
2019-09-23T23:00:00+02:00,1.74686,1.74764,1.74342,1.74728
2019-09-24T11:00:00+02:00,1.74728,1.74762,1.73882,1.74264
2019-09-24T23:00:00+02:00,1.74264,1.74525,1.73282,1.74028
2019-09-25T11:00:00+02:00,1.74028,1.74866,1.7394,1.74568
2019-09-25T23:00:00+02:00,1.74568,1.74657,1.73608,1.73648
2019-09-26T11:00:00+02:00,1.73648,1.7375,1.72994,1.73521
2019-09-26T23:00:00+02:00,1.73521,1.73786,1.73266,1.7361
2019-09-27T11:00:00+02:00,1.7361,1.74058,1.73358,1.73798
2019-09-29T23:00:00+02:00,1.73798,1.75067,1.73798,1.74584
2019-09-30T11:00:00+02:00,1.74584,1.74592,1.73691,1.74011
2019-09-30T23:00:00+02:00,1.74011,1.75086,1.73677,1.74994
2019-10-01T11:00:00+02:00,1.74994,1.75531,1.74898,1.75077
2019-10-01T23:00:00+02:00,1.75077,1.7526,1.7464,1.75184
2019-10-02T11:00:00+02:00,1.75184,1.7546,1.74767,1.74834
2019-10-02T23:00:00+02:00,1.74834,1.75091,1.74144,1.74328
2019-10-03T11:00:00+02:00,1.74328,1.7443,1.73993,1.74064
2019-10-03T23:00:00+02:00,1.74064,1.74281,1.73405,1.73425
2019-10-04T11:00:00+02:00,1.73425,1.74018,1.73289,1.73768
2019-10-06T23:00:00+02:00,1.74164,1.74352,1.7369,1.74298
2019-10-07T11:00:00+02:00,1.74298,1.74788,1.7423,1.74464
2019-10-07T23:00:00+02:00,1.74464,1.74554,1.7366,1.73814
2019-10-08T11:00:00+02:00,1.73814,1.74164,1.73646,1.73979
2019-10-08T23:00:00+02:00,1.73979,1.74097,1.73572,1.73932
2019-10-09T11:00:00+02:00,1.73932,1.74543,1.73631,1.7441
2019-10-09T23:00:00+02:00,1.7441,1.74975,1.73886,1.7428
2019-10-10T11:00:00+02:00,1.7428,1.74612,1.7407,1.74108
2019-10-10T23:00:00+02:00,1.74108,1.74399,1.73606,1.73722
2019-10-11T11:00:00+02:00,1.73722,1.74445,1.73691,1.74227
2019-10-13T23:00:00+02:00,1.74235,1.7515,1.7416,1.75106
2019-10-14T11:00:00+02:00,1.75106,1.75579,1.75028,1.7508
2019-10-14T23:00:00+02:00,1.7508,1.75564,1.74656,1.75493
2019-10-15T11:00:00+02:00,1.75493,1.75852,1.75157,1.75316
2019-10-15T23:00:00+02:00,1.75316,1.76027,1.7451,1.75918
2019-10-16T11:00:00+02:00,1.75918,1.77002,1.75805,1.76018
2019-10-16T23:00:00+02:00,1.76018,1.76301,1.75251,1.75498
2019-10-17T11:00:00+02:00,1.75498,1.7595,1.75134,1.75283
2019-10-17T23:00:00+02:00,1.75283,1.75384,1.74522,1.74637
2019-10-18T11:00:00+02:00,1.74637,1.75164,1.74549,1.74935
2019-10-20T23:00:00+02:00,1.74894,1.75044,1.74237,1.7437
2019-10-21T11:00:00+02:00,1.7437,1.74563,1.73985,1.74084
2019-10-21T23:00:00+02:00,1.74084,1.74196,1.73246,1.7363
2019-10-22T11:00:00+02:00,1.7363,1.73892,1.73477,1.73688
2019-10-22T23:00:00+02:00,1.73688,1.74128,1.73544,1.73682
2019-10-23T11:00:00+02:00,1.73682,1.73766,1.73209,1.73336
2019-10-23T23:00:00+02:00,1.73336,1.74356,1.73292,1.74142
2019-10-24T11:00:00+02:00,1.74142,1.74289,1.7376,1.74025
2019-10-24T23:00:00+02:00,1.74025,1.74678,1.73946,1.74549
2019-10-25T11:00:00+02:00,1.74549,1.74912,1.73976,1.74511
2019-10-27T22:00:00+01:00,1.74511,1.74865,1.74221,1.74502
2019-10-28T10:00:00+01:00,1.74502,1.75127,1.74446,1.74826
2019-10-28T22:00:00+01:00,1.74826,1.74856,1.74128,1.74616
2019-10-29T10:00:00+01:00,1.74616,1.75048,1.74534,1.7483
2019-10-29T22:00:00+01:00,1.7483,1.75178,1.74434,1.74912
2019-10-30T10:00:00+01:00,1.74912,1.75188,1.74464,1.74589
2019-10-30T22:00:00+01:00,1.74589,1.7464,1.73626,1.74008
2019-10-31T10:00:00+01:00,1.74008,1.74666,1.73356,1.73887
2019-10-31T22:00:00+01:00,1.73887,1.7403,1.73299,1.7352
2019-11-01T10:00:00+01:00,1.7352,1.73826,1.72928,1.737
2019-11-03T23:00:00+01:00,1.737,1.73704,1.72758,1.73198
2019-11-04T11:00:00+01:00,1.73198,1.74128,1.73108,1.73828
2019-11-04T23:00:00+01:00,1.73828,1.74076,1.7312,1.73122
2019-11-05T11:00:00+01:00,1.73122,1.73845,1.73012,1.73725
2019-11-05T23:00:00+01:00,1.73725,1.74126,1.73456,1.73828
2019-11-06T11:00:00+01:00,1.73828,1.74036,1.735,1.73792
2019-11-06T23:00:00+01:00,1.73792,1.74258,1.7349,1.73566
2019-11-07T11:00:00+01:00,1.73566,1.74112,1.7339,1.73546
2019-11-07T23:00:00+01:00,1.73546,1.74,1.73138,1.7389
2019-11-08T11:00:00+01:00,1.7389,1.74374,1.73888,1.74135
2019-11-10T23:00:00+01:00,1.74135,1.7417,1.7325,1.73336
2019-11-11T11:00:00+01:00,1.73336,1.73601,1.73138,1.7347
2019-11-11T23:00:00+01:00,1.7347,1.7438,1.7326,1.74196
2019-11-12T11:00:00+01:00,1.74196,1.74249,1.73737,1.73903
2019-11-12T23:00:00+01:00,1.73903,1.73943,1.71527,1.72262
2019-11-13T11:00:00+01:00,1.72262,1.72594,1.71564,1.71705
2019-11-13T23:00:00+01:00,1.71705,1.72306,1.71534,1.72044
2019-11-14T11:00:00+01:00,1.72044,1.73401,1.71769,1.7272
2019-11-14T23:00:00+01:00,1.7272,1.72886,1.7235,1.72698
2019-11-15T11:00:00+01:00,1.72698,1.72964,1.72419,1.72594
2019-11-17T23:00:00+01:00,1.72594,1.72914,1.72493,1.72726
2019-11-18T11:00:00+01:00,1.72726,1.73268,1.72635,1.73053
2019-11-18T23:00:00+01:00,1.73053,1.73482,1.7273,1.72742
2019-11-19T11:00:00+01:00,1.72742,1.72828,1.72254,1.72254
2019-11-19T23:00:00+01:00,1.72254,1.72696,1.72129,1.7225
2019-11-20T11:00:00+01:00,1.7225,1.7282,1.72104,1.72574
2019-11-20T23:00:00+01:00,1.72574,1.73148,1.7241,1.72496
2019-11-21T11:00:00+01:00,1.72496,1.7284,1.72174,1.72723
2019-11-21T23:00:00+01:00,1.72723,1.72866,1.72072,1.72363
2019-11-22T11:00:00+01:00,1.72363,1.7253,1.71977,1.72026
2019-11-24T23:00:00+01:00,1.72026,1.72058,1.71518,1.71626
2019-11-25T11:00:00+01:00,1.71626,1.72128,1.71271,1.71642
2019-11-25T23:00:00+01:00,1.71642,1.71879,1.71378,1.7161
2019-11-26T11:00:00+01:00,1.7161,1.71874,1.71408,1.71472
2019-11-26T23:00:00+01:00,1.71472,1.71566,1.71113,1.71239
2019-11-27T11:00:00+01:00,1.71239,1.71441,1.71122,1.71364
2019-11-27T23:00:00+01:00,1.71364,1.71878,1.7115,1.71392
2019-11-28T11:00:00+01:00,1.71392,1.71711,1.71207,1.7152
2019-11-28T23:00:00+01:00,1.7152,1.7161,1.7099,1.71022
2019-11-29T11:00:00+01:00,1.71022,1.71905,1.70824,1.71562
2019-12-01T23:00:00+01:00,1.71562,1.71562,1.7035,1.70398
2019-12-02T11:00:00+01:00,1.70398,1.7048,1.69938,1.70382
2019-12-02T23:00:00+01:00,1.70382,1.70564,1.69632,1.69676
2019-12-03T11:00:00+01:00,1.69676,1.70228,1.69636,1.69939
2019-12-03T23:00:00+01:00,1.69939,1.7043,1.69737,1.70104
2019-12-04T11:00:00+01:00,1.70104,1.70264,1.69504,1.69706
2019-12-04T23:00:00+01:00,1.69706,1.69926,1.68906,1.69762
2019-12-05T11:00:00+01:00,1.69762,1.70142,1.69469,1.69682
2019-12-05T23:00:00+01:00,1.69682,1.69779,1.69006,1.69018
2019-12-06T11:00:00+01:00,1.69018,1.69163,1.68078,1.68436
2019-12-08T23:00:00+01:00,1.68436,1.68942,1.68436,1.68802
2019-12-09T11:00:00+01:00,1.68802,1.69051,1.68566,1.69032
2019-12-09T23:00:00+01:00,1.69032,1.69301,1.68534,1.69259
2019-12-10T11:00:00+01:00,1.69259,1.69634,1.69092,1.69504
2019-12-10T23:00:00+01:00,1.69504,1.70058,1.69202,1.69412
2019-12-11T11:00:00+01:00,1.69412,1.6943,1.68692,1.69036
2019-12-11T23:00:00+01:00,1.69036,1.6932,1.68964,1.69144
2019-12-12T11:00:00+01:00,1.69144,1.69221,1.68528,1.68717
2019-12-12T23:00:00+01:00,1.68717,1.69335,1.6843,1.68912
2019-12-13T11:00:00+01:00,1.68912,1.69447,1.68344,1.68641
2019-12-15T23:00:00+01:00,1.68641,1.69054,1.68491,1.68505
2019-12-16T11:00:00+01:00,1.68505,1.68996,1.6846,1.68934
2019-12-16T23:00:00+01:00,1.68934,1.69574,1.6862,1.69521
2019-12-17T11:00:00+01:00,1.69521,1.6997,1.69453,1.6962
2019-12-17T23:00:00+01:00,1.6962,1.69884,1.6956,1.69615
2019-12-18T11:00:00+01:00,1.69615,1.69626,1.681,1.68689
2019-12-18T23:00:00+01:00,1.68689,1.69078,1.68661,1.68999
2019-12-19T11:00:00+01:00,1.68999,1.69277,1.68308,1.68337
2019-12-19T23:00:00+01:00,1.68337,1.6865,1.68152,1.68596
2019-12-20T11:00:00+01:00,1.68596,1.68596,1.67545,1.67742
2019-12-22T23:00:00+01:00,1.67742,1.6795,1.67347,1.67409
2019-12-23T11:00:00+01:00,1.67409,1.67794,1.67068,1.67123
2019-12-23T23:00:00+01:00,1.67123,1.67494,1.66861,1.66908
2019-12-24T11:00:00+01:00,1.66908,1.67242,1.6677,1.67074
2019-12-25T23:00:00+01:00,1.67074,1.67265,1.66718,1.6684
2019-12-26T11:00:00+01:00,1.6684,1.66896,1.66338,1.66388
2019-12-26T23:00:00+01:00,1.66388,1.66858,1.66203,1.66581
2019-12-27T11:00:00+01:00,1.66581,1.6693,1.6619,1.66721
2019-12-29T23:00:00+01:00,1.66721,1.66998,1.6651,1.66712
2019-12-30T11:00:00+01:00,1.66712,1.66788,1.66199,1.66508
2019-12-30T23:00:00+01:00,1.66508,1.66855,1.66284,1.6657
2019-12-31T11:00:00+01:00,1.6657,1.6673,1.66258,1.66645
2020-01-01T23:00:00+01:00,1.66645,1.67004,1.66458,1.66992
2020-01-02T11:00:00+01:00,1.66992,1.67372,1.66564,1.6678
2020-01-02T23:00:00+01:00,1.6678,1.67576,1.6665,1.67527
2020-01-03T11:00:00+01:00,1.67527,1.67568,1.6706,1.6746
2020-01-05T23:00:00+01:00,1.6746,1.67938,1.6746,1.67776
2020-01-06T11:00:00+01:00,1.67776,1.6816,1.6762,1.67876
2020-01-06T23:00:00+01:00,1.67876,1.68242,1.67582,1.68154
2020-01-07T11:00:00+01:00,1.68154,1.68382,1.6775,1.67917
2020-01-07T23:00:00+01:00,1.67917,1.6868,1.67051,1.67272
2020-01-08T11:00:00+01:00,1.67272,1.67772,1.66936,1.67036
2020-01-08T23:00:00+01:00,1.67036,1.67792,1.66922,1.67549
2020-01-09T11:00:00+01:00,1.67549,1.68198,1.67496,1.67931
2020-01-09T23:00:00+01:00,1.67931,1.68236,1.67576,1.67698
2020-01-10T11:00:00+01:00,1.67698,1.67863,1.67344,1.67601
2020-01-12T23:00:00+01:00,1.67601,1.67826,1.6727,1.67573
2020-01-13T11:00:00+01:00,1.67573,1.6809,1.67518,1.67939
2020-01-13T23:00:00+01:00,1.67939,1.68276,1.67906,1.68085
2020-01-14T11:00:00+01:00,1.68085,1.68405,1.67898,1.68233
2020-01-14T23:00:00+01:00,1.68233,1.68516,1.68175,1.68478
2020-01-15T11:00:00+01:00,1.68478,1.6921,1.68338,1.68515
2020-01-15T23:00:00+01:00,1.68515,1.68572,1.6777,1.67804
2020-01-16T11:00:00+01:00,1.67804,1.68005,1.6746,1.67793
2020-01-16T23:00:00+01:00,1.67793,1.67988,1.67478,1.67564
2020-01-17T11:00:00+01:00,1.67564,1.67968,1.67484,1.6774
2020-01-19T23:00:00+01:00,1.6774,1.6789,1.67536,1.67775
2020-01-20T11:00:00+01:00,1.67775,1.68061,1.67677,1.67916
2020-01-20T23:00:00+01:00,1.67916,1.68294,1.67786,1.68098
2020-01-21T11:00:00+01:00,1.68098,1.68309,1.67826,1.68002
2020-01-21T23:00:00+01:00,1.68002,1.68357,1.67995,1.68196
2020-01-22T11:00:00+01:00,1.68196,1.68359,1.67719,1.68263
2020-01-22T23:00:00+01:00,1.68263,1.68405,1.6801,1.6803
2020-01-23T11:00:00+01:00,1.6803,1.6828,1.66924,1.67075
2020-01-23T23:00:00+01:00,1.67075,1.67258,1.66652,1.66897
2020-01-24T11:00:00+01:00,1.66897,1.67081,1.6665,1.6688
2020-01-26T23:00:00+01:00,1.6688,1.68008,1.6688,1.67974
2020-01-27T11:00:00+01:00,1.67974,1.68448,1.67816,1.68333
2020-01-27T23:00:00+01:00,1.68333,1.69004,1.68263,1.68722
2020-01-28T11:00:00+01:00,1.68722,1.68864,1.68339,1.68438
2020-01-28T23:00:00+01:00,1.68438,1.687045,1.68288,1.68466
2020-01-29T11:00:00+01:00,1.68466,1.68973,1.68422,1.68715
2020-01-29T23:00:00+01:00,1.68715,1.69532,1.68666,1.6949
2020-01-30T11:00:00+01:00,1.6949,1.70316,1.69344,1.70037
2020-01-30T23:00:00+01:00,1.70037,1.70874,1.69864,1.70797
2020-01-31T11:00:00+01:00,1.70797,1.71648,1.7066,1.71596
2020-02-02T23:00:00+01:00,1.71596,1.7177,1.71066,1.71304
2020-02-03T11:00:00+01:00,1.71304,1.71356,1.70552,1.71165
2020-02-03T23:00:00+01:00,1.71165,1.71504,1.70708,1.71188
2020-02-04T11:00:00+01:00,1.71188,1.7128,1.69907,1.70205
2020-02-04T23:00:00+01:00,1.70205,1.70485,1.6963,1.69736
2020-02-05T11:00:00+01:00,1.69736,1.70128,1.69615,1.69907
2020-02-05T23:00:00+01:00,1.69907,1.70366,1.69631,1.7018
2020-02-06T11:00:00+01:00,1.7018,1.702185,1.69797,1.7001
2020-02-06T23:00:00+01:00,1.7001,1.70742,1.69858,1.70716
2020-02-07T11:00:00+01:00,1.70716,1.71087,1.70589,1.70957
2020-02-09T23:00:00+01:00,1.70957,1.71252,1.70654,1.70782
2020-02-10T11:00:00+01:00,1.70782,1.71162,1.70722,1.70881
2020-02-10T23:00:00+01:00,1.70881,1.71065,1.70496,1.70698
2020-02-11T11:00:00+01:00,1.70698,1.70817,1.70118,1.7045
2020-02-11T23:00:00+01:00,1.7045,1.70596,1.68571,1.68802
2020-02-12T11:00:00+01:00,1.68802,1.68802,1.68144,1.68232
2020-02-12T23:00:00+01:00,1.68232,1.69085,1.68138,1.68611
2020-02-13T11:00:00+01:00,1.68611,1.68774,1.67857,1.68378
2020-02-13T23:00:00+01:00,1.68378,1.685925,1.68199,1.68524
2020-02-14T11:00:00+01:00,1.68524,1.6874,1.68312,1.68346
2020-02-16T23:00:00+01:00,1.68346,1.68682,1.68117,1.68496
2020-02-17T11:00:00+01:00,1.68496,1.68754,1.68154,1.68344
2020-02-17T23:00:00+01:00,1.68344,1.6934,1.68221,1.69245
2020-02-18T11:00:00+01:00,1.69245,1.69468,1.68876,1.68992
2020-02-18T23:00:00+01:00,1.68992,1.69044,1.68566,1.68706
2020-02-19T11:00:00+01:00,1.68706,1.694505,1.68676,1.69256
2020-02-19T23:00:00+01:00,1.69256,1.70454,1.69044,1.70156
2020-02-20T11:00:00+01:00,1.70156,1.70679,1.70132,1.70295
2020-02-20T23:00:00+01:00,1.70295,1.71444,1.70076,1.7133
2020-02-21T11:00:00+01:00,1.7133,1.71385,1.70753,1.70862
2020-02-23T23:00:00+01:00,1.70862,1.71657,1.70862,1.71268
2020-02-24T11:00:00+01:00,1.71268,1.71436,1.70886,1.71188
2020-02-24T23:00:00+01:00,1.71188,1.71739,1.7084,1.71606
2020-02-25T11:00:00+01:00,1.71606,1.72262,1.71272,1.72106
2020-02-25T23:00:00+01:00,1.72106,1.72682,1.71934,1.72674
2020-02-26T11:00:00+01:00,1.72674,1.73054,1.72092,1.7305
2020-02-26T23:00:00+01:00,1.7305,1.73484,1.72884,1.73045
2020-02-27T11:00:00+01:00,1.73045,1.7449,1.7281,1.74451
2020-02-27T23:00:00+01:00,1.74451,1.76845,1.7408,1.76689
2020-02-28T11:00:00+01:00,1.76689,1.77382,1.75652,1.76339
2020-03-01T23:00:00+01:00,1.76339,1.78232,1.76339,1.76952
2020-03-02T11:00:00+01:00,1.76952,1.78763,1.76604,1.77822
2020-03-02T23:00:00+01:00,1.77822,1.78259,1.77242,1.77547
2020-03-03T11:00:00+01:00,1.77547,1.78056,1.76628,1.78048
2020-03-03T23:00:00+01:00,1.78048,1.78508,1.773,1.77324
2020-03-04T11:00:00+01:00,1.77324,1.7737,1.76501,1.76798
2020-03-04T23:00:00+01:00,1.76798,1.77308,1.76349,1.76642
2020-03-05T11:00:00+01:00,1.76642,1.7854,1.76384,1.7831
2020-03-05T23:00:00+01:00,1.7831,1.7849,1.76826,1.77606
2020-03-06T11:00:00+01:00,1.77606,1.78642,1.77491,1.77524
2020-03-08T22:00:00+01:00,1.77524,1.92245,1.77524,1.8036
2020-03-09T10:00:00+01:00,1.8036,1.80838,1.77288,1.80678
2020-03-09T22:00:00+01:00,1.80678,1.80976,1.79624,1.79893
2020-03-10T10:00:00+01:00,1.79893,1.813,1.79404,1.79932
2020-03-10T22:00:00+01:00,1.79932,1.80889,1.79031,1.79168
2020-03-11T10:00:00+01:00,1.79168,1.79952,1.78662,1.7978
2020-03-11T22:00:00+01:00,1.7978,1.8126,1.79344,1.80091
2020-03-12T10:00:00+01:00,1.80091,1.83754,1.79768,1.83688
2020-03-12T22:00:00+01:00,1.83688,1.84034,1.81566,1.82643
2020-03-13T10:00:00+01:00,1.82643,1.84308,1.80678,1.8281
2020-03-15T22:00:00+01:00,1.8281,1.86244,1.81571,1.85688
2020-03-16T10:00:00+01:00,1.85688,1.86122,1.81845,1.85017
2020-03-16T22:00:00+01:00,1.85017,1.85552,1.83082,1.8461
2020-03-17T10:00:00+01:00,1.8461,1.85625,1.83308,1.85142
2020-03-17T22:00:00+01:00,1.85142,1.87371,1.84404,1.87248
2020-03-18T10:00:00+01:00,1.87248,1.9032,1.86102,1.902
2020-03-18T22:00:00+01:00,1.902,1.99321,1.89698,1.91824
2020-03-19T10:00:00+01:00,1.91824,1.9256,1.817,1.886
2020-03-19T22:00:00+01:00,1.886,1.9018,1.83307,1.84728
2020-03-20T10:00:00+01:00,1.84728,1.8911,1.83908,1.87715
2020-03-22T22:00:00+01:00,1.87715,1.90963,1.87715,1.89818
2020-03-23T10:00:00+01:00,1.89818,1.90393,1.87446,1.87471
2020-03-23T22:00:00+01:00,1.87471,1.88715,1.85519,1.85932
2020-03-24T10:00:00+01:00,1.85932,1.88749,1.84994,1.85107
2020-03-24T22:00:00+01:00,1.85107,1.86137,1.8323,1.8362
2020-03-25T10:00:00+01:00,1.8362,1.86649,1.83554,1.86
2020-03-25T22:00:00+01:00,1.86,1.88922,1.8595,1.87036
2020-03-26T10:00:00+01:00,1.87036,1.8726,1.84348,1.85069
2020-03-26T22:00:00+01:00,1.85069,1.86013,1.8401,1.85342
2020-03-27T10:00:00+01:00,1.85342,1.85873,1.83277,1.84634
2020-03-29T23:00:00+02:00,1.84634,1.85321,1.8348,1.84308
2020-03-30T11:00:00+02:00,1.84308,1.84373,1.83043,1.83772
2020-03-30T23:00:00+02:00,1.83772,1.84681,1.82507,1.83809
2020-03-31T11:00:00+02:00,1.83809,1.85736,1.83555,1.85131
2020-03-31T23:00:00+02:00,1.85131,1.86346,1.84411,1.85412
2020-04-01T11:00:00+02:00,1.85412,1.85588,1.82885,1.85387
2020-04-01T23:00:00+02:00,1.85387,1.85387,1.83204,1.83331
2020-04-02T11:00:00+02:00,1.83331,1.84646,1.83002,1.83533
2020-04-02T23:00:00+02:00,1.83533,1.83884,1.83206,1.83688
2020-04-03T11:00:00+02:00,1.83688,1.84862,1.83668,1.84352
2020-04-05T23:00:00+02:00,1.84352,1.84765,1.82364,1.82424
2020-04-06T11:00:00+02:00,1.82424,1.82574,1.81039,1.81998
2020-04-06T23:00:00+02:00,1.81998,1.82196,1.8061,1.81772
2020-04-07T11:00:00+02:00,1.81772,1.82468,1.81432,1.82251
2020-04-07T23:00:00+02:00,1.82251,1.83036,1.82006,1.82431
2020-04-08T11:00:00+02:00,1.82431,1.82628,1.80267,1.80744
2020-04-08T23:00:00+02:00,1.80744,1.81192,1.80425,1.80895
2020-04-09T11:00:00+02:00,1.80895,1.81422,1.79576,1.8052
2020-04-09T23:00:00+02:00,1.8052,1.81213,1.79258,1.79964
2020-04-10T11:00:00+02:00,1.79964,1.8035,1.7945,1.79554
2020-04-12T23:00:00+02:00,1.79554,1.80301,1.79554,1.79968
2020-04-13T11:00:00+02:00,1.79968,1.80079,1.78636,1.79294
2020-04-13T23:00:00+02:00,1.79294,1.79378,1.7841,1.79142
2020-04-14T11:00:00+02:00,1.79142,1.80636,1.79104,1.79841
2020-04-14T23:00:00+02:00,1.79841,1.82055,1.79809,1.81633
2020-04-15T11:00:00+02:00,1.81633,1.82624,1.81332,1.82056
2020-04-15T23:00:00+02:00,1.82056,1.82974,1.81802,1.82233
2020-04-16T11:00:00+02:00,1.82233,1.82729,1.81641,1.81644
2020-04-16T23:00:00+02:00,1.81644,1.81718,1.80428,1.81008
2020-04-17T11:00:00+02:00,1.81008,1.81032,1.79848,1.80281
2020-04-19T23:00:00+02:00,1.80281,1.80777,1.79204,1.79358
2020-04-20T11:00:00+02:00,1.79358,1.7999,1.78703,1.79949
2020-04-20T23:00:00+02:00,1.79949,1.81439,1.79699,1.81174
2020-04-21T11:00:00+02:00,1.81174,1.82576,1.81074,1.81963
2020-04-21T23:00:00+02:00,1.81963,1.82462,1.81008,1.8133
2020-04-22T11:00:00+02:00,1.8133,1.82365,1.81018,1.81798
2020-04-22T23:00:00+02:00,1.81798,1.82824,1.80647,1.80705
2020-04-23T11:00:00+02:00,1.80705,1.80706,1.78969,1.79386
2020-04-23T23:00:00+02:00,1.79386,1.80008,1.79054,1.79525
2020-04-24T11:00:00+02:00,1.79525,1.80352,1.79218,1.79898
2020-04-26T23:00:00+02:00,1.79898,1.80205,1.78624,1.79011
2020-04-27T11:00:00+02:00,1.79011,1.79331,1.78768,1.79081
2020-04-27T23:00:00+02:00,1.79081,1.80656,1.78986,1.79782
2020-04-28T11:00:00+02:00,1.79782,1.7986,1.78464,1.78677
2020-04-28T23:00:00+02:00,1.78677,1.78848,1.77374,1.78215
2020-04-29T11:00:00+02:00,1.78215,1.78592,1.77304,1.77333
2020-04-29T23:00:00+02:00,1.77333,1.77884,1.76619,1.7785
2020-04-30T11:00:00+02:00,1.7785,1.78794,1.7683,1.78742
2020-04-30T23:00:00+02:00,1.78742,1.80354,1.78728,1.80254
2020-05-01T11:00:00+02:00,1.80254,1.81846,1.80244,1.81164
2020-05-03T23:00:00+02:00,1.81164,1.82272,1.80385,1.80816
2020-05-04T11:00:00+02:00,1.80816,1.81798,1.80046,1.80202
2020-05-04T23:00:00+02:00,1.80202,1.80521,1.79514,1.7963
2020-05-05T11:00:00+02:00,1.7963,1.79684,1.78646,1.79063
2020-05-05T23:00:00+02:00,1.79063,1.79498,1.78282,1.78672
2020-05-06T11:00:00+02:00,1.78672,1.79854,1.78323,1.79592
2020-05-06T23:00:00+02:00,1.79592,1.80096,1.78341,1.78654
2020-05-07T11:00:00+02:00,1.78654,1.78693,1.77482,1.77963
2020-05-07T23:00:00+02:00,1.77963,1.78063,1.7686,1.76962
2020-05-08T11:00:00+02:00,1.76962,1.77156,1.76462,1.76621
2020-05-10T23:00:00+02:00,1.76621,1.77416,1.76058,1.77271
2020-05-11T11:00:00+02:00,1.77271,1.78564,1.77238,1.77803
2020-05-11T23:00:00+02:00,1.77803,1.78518,1.77558,1.77896
2020-05-12T11:00:00+02:00,1.77896,1.78598,1.77277,1.7848
2020-05-12T23:00:00+02:00,1.7848,1.80733,1.7802,1.80277
2020-05-13T11:00:00+02:00,1.80277,1.8087,1.7956,1.80419
2020-05-13T23:00:00+02:00,1.80419,1.81122,1.80198,1.80668
2020-05-14T11:00:00+02:00,1.80668,1.81036,1.79966,1.80072
2020-05-14T23:00:00+02:00,1.80072,1.80621,1.7964,1.80383
2020-05-15T11:00:00+02:00,1.80383,1.8265,1.80302,1.82331
2020-05-17T23:00:00+02:00,1.82331,1.82568,1.81336,1.816
2020-05-18T11:00:00+02:00,1.816,1.81719,1.80097,1.807
2020-05-18T23:00:00+02:00,1.807,1.80883,1.79575,1.79832
2020-05-19T11:00:00+02:00,1.79832,1.80189,1.78971,1.79754
2020-05-19T23:00:00+02:00,1.79754,1.80099,1.78903,1.79337
2020-05-20T11:00:00+02:00,1.79337,1.79365,1.785,1.78626
2020-05-20T23:00:00+02:00,1.78626,1.79551,1.78542,1.79181
2020-05-21T11:00:00+02:00,1.79181,1.7966,1.78638,1.78904
2020-05-21T23:00:00+02:00,1.78904,1.79373,1.78536,1.78617
2020-05-22T11:00:00+02:00,1.78617,1.79174,1.78348,1.7878
2020-05-24T23:00:00+02:00,1.7878,1.79069,1.78478,1.78594
2020-05-25T11:00:00+02:00,1.78594,1.78938,1.78508,1.7856
2020-05-25T23:00:00+02:00,1.7856,1.78806,1.77349,1.77428
2020-05-26T11:00:00+02:00,1.77428,1.77639,1.76483,1.77173
2020-05-26T23:00:00+02:00,1.77173,1.77547,1.76436,1.76467
2020-05-27T11:00:00+02:00,1.76467,1.78502,1.7626,1.77904
2020-05-27T23:00:00+02:00,1.77904,1.78308,1.77673,1.7804
2020-05-28T11:00:00+02:00,1.7804,1.78516,1.7756,1.78381
2020-05-28T23:00:00+02:00,1.78381,1.793,1.7826,1.79273
2020-05-29T11:00:00+02:00,1.79273,1.79814,1.78544,1.78966
2020-05-31T23:00:00+02:00,1.78966,1.79483,1.77967,1.78588
2020-06-01T11:00:00+02:00,1.78588,1.78676,1.76724,1.76942
2020-06-01T23:00:00+02:00,1.76942,1.77812,1.76569,1.7737
2020-06-02T11:00:00+02:00,1.7737,1.77518,1.7529,1.75331
2020-06-02T23:00:00+02:00,1.75331,1.75696,1.74086,1.75604
2020-06-03T11:00:00+02:00,1.75604,1.75735,1.74416,1.7486
2020-06-03T23:00:00+02:00,1.7486,1.75153,1.7446,1.74542
2020-06-04T11:00:00+02:00,1.74542,1.75898,1.74244,1.75392
2020-06-04T23:00:00+02:00,1.75392,1.75606,1.742,1.74412
2020-06-05T11:00:00+02:00,1.74412,1.74546,1.73318,1.73527
2020-06-07T23:00:00+02:00,1.73527,1.73827,1.72862,1.72918
2020-06-08T11:00:00+02:00,1.72918,1.73344,1.72042,1.72154
2020-06-08T23:00:00+02:00,1.72154,1.73857,1.71908,1.73675
2020-06-09T11:00:00+02:00,1.73675,1.74375,1.73358,1.74063
2020-06-09T23:00:00+02:00,1.74063,1.74529,1.73272,1.73601
2020-06-10T11:00:00+02:00,1.73601,1.74158,1.73328,1.7402
2020-06-10T23:00:00+02:00,1.7402,1.7531,1.73875,1.75194
2020-06-11T11:00:00+02:00,1.75194,1.7654,1.74912,1.75708
2020-06-11T23:00:00+02:00,1.75708,1.76396,1.74984,1.75134
2020-06-12T11:00:00+02:00,1.75134,1.75659,1.7447,1.7465
2020-06-14T23:00:00+02:00,1.7465,1.75962,1.74202,1.7515
2020-06-15T11:00:00+02:00,1.7515,1.75266,1.745,1.74889
2020-06-15T23:00:00+02:00,1.74889,1.75844,1.74364,1.75422
2020-06-16T11:00:00+02:00,1.75422,1.7547,1.73878,1.74588
2020-06-16T23:00:00+02:00,1.74588,1.75087,1.74216,1.74305
2020-06-17T11:00:00+02:00,1.74305,1.74529,1.73382,1.74124
2020-06-17T23:00:00+02:00,1.74124,1.7491,1.7357,1.7419
2020-06-18T11:00:00+02:00,1.7419,1.74604,1.74053,1.74304
2020-06-18T23:00:00+02:00,1.74304,1.74849,1.74114,1.74606
2020-06-19T11:00:00+02:00,1.74606,1.74656,1.73816,1.74449
2020-06-21T23:00:00+02:00,1.74449,1.75275,1.73748,1.73932
2020-06-22T11:00:00+02:00,1.73932,1.73972,1.73303,1.73788
2020-06-22T23:00:00+02:00,1.73788,1.74634,1.73594,1.74111
2020-06-23T11:00:00+02:00,1.74111,1.7424,1.73607,1.74205
2020-06-23T23:00:00+02:00,1.74205,1.75587,1.73824,1.75446
2020-06-24T11:00:00+02:00,1.75446,1.75834,1.75002,1.7554
2020-06-24T23:00:00+02:00,1.7554,1.75748,1.74352,1.74437
2020-06-25T11:00:00+02:00,1.74437,1.74826,1.74318,1.7448
2020-06-25T23:00:00+02:00,1.7448,1.74754,1.74045,1.74338
2020-06-26T11:00:00+02:00,1.74338,1.7494,1.74066,1.74677
2020-06-28T23:00:00+02:00,1.74677,1.7515,1.74659,1.7483
2020-06-29T11:00:00+02:00,1.7483,1.75762,1.74796,1.75084
2020-06-29T23:00:00+02:00,1.75084,1.75463,1.7485,1.75286
2020-06-30T11:00:00+02:00,1.75286,1.75542,1.7391,1.74044
2020-06-30T23:00:00+02:00,1.74044,1.74236,1.7369,1.73722
2020-07-01T11:00:00+02:00,1.73722,1.74126,1.73345,1.73708
2020-07-01T23:00:00+02:00,1.73708,1.73778,1.73196,1.73352
2020-07-02T11:00:00+02:00,1.73352,1.73376,1.72444,1.72631
2020-07-02T23:00:00+02:00,1.72631,1.72759,1.72058,1.721
2020-07-03T11:00:00+02:00,1.721,1.7287,1.71987,1.72355
2020-07-05T23:00:00+02:00,1.72355,1.72599,1.71962,1.72594
2020-07-06T11:00:00+02:00,1.72594,1.73116,1.72367,1.72538
2020-07-06T23:00:00+02:00,1.72538,1.72838,1.72146,1.72724
2020-07-07T11:00:00+02:00,1.72724,1.72805,1.71643,1.7223
2020-07-07T23:00:00+02:00,1.7223,1.72538,1.7191,1.72464
2020-07-08T11:00:00+02:00,1.72464,1.72768,1.72227,1.7234
2020-07-08T23:00:00+02:00,1.7234,1.72696,1.72006,1.7223
2020-07-09T11:00:00+02:00,1.7223,1.72344,1.71666,1.71774
2020-07-09T23:00:00+02:00,1.71774,1.72172,1.71692,1.72048
2020-07-10T11:00:00+02:00,1.72048,1.72188,1.71694,1.71922
2020-07-12T23:00:00+02:00,1.71922,1.7256,1.71839,1.72414
2020-07-13T11:00:00+02:00,1.72414,1.73538,1.72208,1.73444
2020-07-13T23:00:00+02:00,1.73444,1.74062,1.73375,1.73961
2020-07-14T11:00:00+02:00,1.73961,1.74878,1.73876,1.74546
2020-07-14T23:00:00+02:00,1.74546,1.74577,1.73885,1.74522
2020-07-15T11:00:00+02:00,1.74522,1.74536,1.73502,1.73672
2020-07-15T23:00:00+02:00,1.73672,1.74106,1.73463,1.739
2020-07-16T11:00:00+02:00,1.739,1.74451,1.73898,1.74184
2020-07-16T23:00:00+02:00,1.74184,1.7426,1.73786,1.74232
2020-07-17T11:00:00+02:00,1.74232,1.74963,1.74177,1.74317
2020-07-19T23:00:00+02:00,1.74317,1.74892,1.74095,1.7453
2020-07-20T11:00:00+02:00,1.7453,1.74652,1.73886,1.74062
2020-07-20T23:00:00+02:00,1.74062,1.74326,1.73666,1.73814
2020-07-21T11:00:00+02:00,1.73814,1.73822,1.72666,1.7354
2020-07-21T23:00:00+02:00,1.7354,1.73815,1.72888,1.73398
2020-07-22T11:00:00+02:00,1.73398,1.7398,1.73219,1.73674
2020-07-22T23:00:00+02:00,1.73674,1.73878,1.7322,1.734
2020-07-23T11:00:00+02:00,1.734,1.7505,1.73384,1.74783
2020-07-23T23:00:00+02:00,1.74783,1.75326,1.74562,1.75037
2020-07-24T11:00:00+02:00,1.75037,1.75668,1.74842,1.75492
2020-07-26T23:00:00+02:00,1.75492,1.75725,1.75129,1.75563
2020-07-27T11:00:00+02:00,1.75563,1.76156,1.75358,1.75808
2020-07-27T23:00:00+02:00,1.75808,1.7657,1.7558,1.7613
2020-07-28T11:00:00+02:00,1.7613,1.76617,1.75854,1.75916
2020-07-28T23:00:00+02:00,1.75916,1.76425,1.7579,1.76247
2020-07-29T11:00:00+02:00,1.76247,1.77099,1.76224,1.7681
2020-07-29T23:00:00+02:00,1.7681,1.77564,1.76668,1.77228
2020-07-30T11:00:00+02:00,1.77228,1.77731,1.76759,1.76836
2020-07-30T23:00:00+02:00,1.76836,1.77934,1.76772,1.77501
2020-07-31T11:00:00+02:00,1.77501,1.78026,1.77316,1.77684
2020-08-02T23:00:00+02:00,1.77684,1.77839,1.77208,1.77512
2020-08-03T11:00:00+02:00,1.77512,1.78287,1.76904,1.77884
2020-08-03T23:00:00+02:00,1.77884,1.78582,1.77605,1.78338
2020-08-04T11:00:00+02:00,1.78338,1.78447,1.77597,1.78221
2020-08-04T23:00:00+02:00,1.78221,1.78342,1.7755,1.7798
2020-08-05T11:00:00+02:00,1.7798,1.78685,1.7784,1.78478
2020-08-05T23:00:00+02:00,1.78478,1.7914,1.78312,1.7841
2020-08-06T11:00:00+02:00,1.7841,1.78556,1.77482,1.776
2020-08-06T23:00:00+02:00,1.776,1.77807,1.77264,1.77807
2020-08-07T11:00:00+02:00,1.77807,1.78654,1.7755,1.78617
2020-08-09T23:00:00+02:00,1.78617,1.78752,1.78319,1.78426
2020-08-10T11:00:00+02:00,1.78426,1.78627,1.77993,1.78074
2020-08-10T23:00:00+02:00,1.78074,1.78203,1.7733,1.77862
2020-08-11T11:00:00+02:00,1.77862,1.7906,1.77811,1.78512
2020-08-11T23:00:00+02:00,1.78512,1.79708,1.78458,1.7955
2020-08-12T11:00:00+02:00,1.7955,1.79994,1.78861,1.79118
2020-08-12T23:00:00+02:00,1.79118,1.80244,1.78926,1.80226
2020-08-13T11:00:00+02:00,1.80226,1.80564,1.80106,1.8045
2020-08-13T23:00:00+02:00,1.8045,1.80948,1.80228,1.80744
2020-08-14T11:00:00+02:00,1.80744,1.81071,1.80374,1.81024
2020-08-16T23:00:00+02:00,1.81024,1.81577,1.80648,1.8131
2020-08-17T11:00:00+02:00,1.8131,1.81812,1.80614,1.8099
2020-08-17T23:00:00+02:00,1.8099,1.8192,1.80843,1.81594
2020-08-18T11:00:00+02:00,1.81594,1.81616,1.8056,1.80753
2020-08-18T23:00:00+02:00,1.80753,1.80928,1.79889,1.79932
2020-08-19T11:00:00+02:00,1.79932,1.80655,1.79502,1.80514
2020-08-19T23:00:00+02:00,1.80514,1.81194,1.80304,1.81172
2020-08-20T11:00:00+02:00,1.81172,1.82246,1.81006,1.81472
2020-08-20T23:00:00+02:00,1.81472,1.81754,1.808,1.80812
2020-08-21T11:00:00+02:00,1.80812,1.80813,1.80129,1.80356
2020-08-23T23:00:00+02:00,1.80356,1.81063,1.80288,1.81033
2020-08-24T11:00:00+02:00,1.81033,1.81079,1.80356,1.80608
2020-08-24T23:00:00+02:00,1.80608,1.81362,1.80477,1.81093
2020-08-25T11:00:00+02:00,1.81093,1.81242,1.80412,1.80746
2020-08-25T23:00:00+02:00,1.80746,1.80806,1.7977,1.79846
2020-08-26T11:00:00+02:00,1.79846,1.80208,1.78528,1.7869
2020-08-26T23:00:00+02:00,1.7869,1.78887,1.78084,1.7835
2020-08-27T11:00:00+02:00,1.7835,1.78586,1.7792,1.78058
2020-08-27T23:00:00+02:00,1.78058,1.78358,1.77714,1.78096
2020-08-28T11:00:00+02:00,1.78096,1.78151,1.76456,1.76563
2020-08-30T23:00:00+02:00,1.76563,1.77094,1.76563,1.76876
2020-08-31T11:00:00+02:00,1.76876,1.77422,1.76781,1.77276
2020-08-31T23:00:00+02:00,1.77276,1.77537,1.76855,1.76876
2020-09-01T11:00:00+02:00,1.76876,1.77364,1.76211,1.76253
2020-09-01T23:00:00+02:00,1.76253,1.7635,1.754,1.75442
2020-09-02T11:00:00+02:00,1.75442,1.75649,1.74929,1.75098
2020-09-02T23:00:00+02:00,1.75098,1.75362,1.74706,1.75192
2020-09-03T11:00:00+02:00,1.75192,1.77089,1.75167,1.7657
2020-09-03T23:00:00+02:00,1.7657,1.77026,1.7638,1.76406
2020-09-04T11:00:00+02:00,1.76406,1.76856,1.75939,1.76134
2020-09-06T23:00:00+02:00,1.76134,1.76844,1.76134,1.76506
2020-09-07T11:00:00+02:00,1.76506,1.7662,1.76337,1.7652
2020-09-07T23:00:00+02:00,1.7652,1.76912,1.76307,1.76875
2020-09-08T11:00:00+02:00,1.76875,1.78125,1.76776,1.77898
2020-09-08T23:00:00+02:00,1.77898,1.7817,1.77363,1.77494
2020-09-09T11:00:00+02:00,1.77494,1.77594,1.76556,1.76592
2020-09-09T23:00:00+02:00,1.76592,1.77384,1.76572,1.77254
2020-09-10T11:00:00+02:00,1.77254,1.78341,1.77086,1.77626
2020-09-10T23:00:00+02:00,1.77626,1.7796,1.77222,1.77508
2020-09-11T11:00:00+02:00,1.77508,1.78128,1.772,1.77675
2020-09-13T23:00:00+02:00,1.77675,1.77711,1.76836,1.7714
2020-09-14T11:00:00+02:00,1.7714,1.77504,1.76769,1.77058
2020-09-14T23:00:00+02:00,1.77058,1.77582,1.7654,1.76634
2020-09-15T11:00:00+02:00,1.76634,1.76898,1.76188,1.76477
2020-09-15T23:00:00+02:00,1.76477,1.76563,1.75971,1.76021
2020-09-16T11:00:00+02:00,1.76021,1.76108,1.7507,1.75528
2020-09-16T23:00:00+02:00,1.75528,1.76225,1.7525,1.75566
2020-09-17T11:00:00+02:00,1.75566,1.75828,1.75274,1.75382
2020-09-17T23:00:00+02:00,1.75382,1.75559,1.74475,1.74856
2020-09-18T11:00:00+02:00,1.74856,1.75312,1.74478,1.75159
2020-09-20T23:00:00+02:00,1.75159,1.75609,1.74973,1.75324
2020-09-21T11:00:00+02:00,1.75324,1.76608,1.75123,1.76547
2020-09-21T23:00:00+02:00,1.76547,1.76708,1.75949,1.76102
2020-09-22T11:00:00+02:00,1.76102,1.76758,1.75852,1.76471
2020-09-22T23:00:00+02:00,1.76471,1.7739,1.7587,1.77368
2020-09-23T11:00:00+02:00,1.77368,1.78307,1.77348,1.78059
2020-09-23T23:00:00+02:00,1.78059,1.78754,1.77801,1.78536
2020-09-24T11:00:00+02:00,1.78536,1.78716,1.77998,1.7824
2020-09-24T23:00:00+02:00,1.7824,1.78384,1.77092,1.77301
2020-09-25T11:00:00+02:00,1.77301,1.77949,1.77238,1.77682
2020-09-27T23:00:00+02:00,1.77682,1.77848,1.77304,1.77806
2020-09-28T11:00:00+02:00,1.77806,1.78322,1.77648,1.77958
2020-09-28T23:00:00+02:00,1.77958,1.78113,1.775,1.77502
2020-09-29T11:00:00+02:00,1.77502,1.78262,1.77364,1.78163
2020-09-29T23:00:00+02:00,1.78163,1.78397,1.77671,1.7799
2020-09-30T11:00:00+02:00,1.7799,1.78098,1.76816,1.77086
2020-09-30T23:00:00+02:00,1.77086,1.7724,1.76757,1.76871
2020-10-01T11:00:00+02:00,1.76871,1.77052,1.76487,1.76636
2020-10-01T23:00:00+02:00,1.76636,1.77025,1.76346,1.76743
2020-10-02T11:00:00+02:00,1.76743,1.76946,1.76482,1.76539
2020-10-04T23:00:00+02:00,1.76539,1.76878,1.76187,1.76852
2020-10-05T11:00:00+02:00,1.76852,1.77634,1.76736,1.77442
2020-10-05T23:00:00+02:00,1.77442,1.77957,1.77128,1.77332
2020-10-06T11:00:00+02:00,1.77332,1.78354,1.77007,1.78067
2020-10-06T23:00:00+02:00,1.78067,1.78417,1.77886,1.78226
2020-10-07T11:00:00+02:00,1.78226,1.7915,1.78212,1.78794
2020-10-07T23:00:00+02:00,1.78794,1.79663,1.78326,1.78444
2020-10-08T11:00:00+02:00,1.78444,1.78842,1.78358,1.78646
2020-10-08T23:00:00+02:00,1.78646,1.78811,1.77951,1.7834
2020-10-09T11:00:00+02:00,1.7834,1.78557,1.77239,1.77342
2020-10-11T23:00:00+02:00,1.77342,1.77575,1.772,1.77544
2020-10-12T11:00:00+02:00,1.77544,1.7778,1.77186,1.77716
2020-10-12T23:00:00+02:00,1.77716,1.77942,1.76934,1.76937
2020-10-13T11:00:00+02:00,1.76937,1.77386,1.7646,1.76655
2020-10-13T23:00:00+02:00,1.76655,1.76675,1.76135,1.76172
2020-10-14T11:00:00+02:00,1.76172,1.76678,1.75838,1.76443
2020-10-14T23:00:00+02:00,1.76443,1.77472,1.76299,1.77472
2020-10-15T11:00:00+02:00,1.77472,1.77807,1.77183,1.7746
2020-10-15T23:00:00+02:00,1.7746,1.77658,1.77154,1.77278
2020-10-16T11:00:00+02:00,1.77278,1.77735,1.7719,1.77367
2020-10-18T23:00:00+02:00,1.77367,1.77536,1.76704,1.76968
2020-10-19T11:00:00+02:00,1.76968,1.78225,1.76897,1.78188
2020-10-19T23:00:00+02:00,1.78188,1.79503,1.78127,1.79465
2020-10-20T11:00:00+02:00,1.79465,1.80217,1.79377,1.79682
2020-10-20T23:00:00+02:00,1.79682,1.79828,1.79071,1.79284
2020-10-21T11:00:00+02:00,1.79284,1.79284,1.7781,1.78234
2020-10-21T23:00:00+02:00,1.78234,1.7859,1.77684,1.77781
2020-10-22T11:00:00+02:00,1.77781,1.77837,1.7677,1.77038
2020-10-22T23:00:00+02:00,1.77038,1.77476,1.76636,1.76879
2020-10-23T11:00:00+02:00,1.76879,1.77728,1.76672,1.7728
2020-10-25T22:00:00+01:00,1.7728,1.77411,1.76736,1.76855
2020-10-26T10:00:00+01:00,1.76855,1.77156,1.76347,1.7683
2020-10-26T22:00:00+01:00,1.7683,1.76994,1.7651,1.76617
2020-10-27T10:00:00+01:00,1.76617,1.76672,1.75834,1.75858
2020-10-27T22:00:00+01:00,1.75858,1.75985,1.7524,1.75936
2020-10-28T10:00:00+01:00,1.75936,1.77038,1.75784,1.76944
2020-10-28T22:00:00+01:00,1.76944,1.77018,1.76337,1.76418
2020-10-29T10:00:00+01:00,1.76418,1.7696,1.75944,1.761
2020-10-29T22:00:00+01:00,1.761,1.76671,1.75892,1.76139
2020-10-30T10:00:00+01:00,1.76139,1.76481,1.75288,1.76118
2020-11-01T23:00:00+01:00,1.76118,1.7662,1.75944,1.75976
2020-11-02T11:00:00+01:00,1.75976,1.76086,1.75388,1.75456
2020-11-02T23:00:00+01:00,1.75456,1.75932,1.74982,1.75154
2020-11-03T11:00:00+01:00,1.75154,1.75642,1.74572,1.7493
2020-11-03T23:00:00+01:00,1.7493,1.76174,1.7443,1.75792
2020-11-04T11:00:00+01:00,1.75792,1.7614,1.74761,1.7513
2020-11-04T23:00:00+01:00,1.7513,1.75408,1.74682,1.75328
2020-11-05T11:00:00+01:00,1.75328,1.7566,1.7449,1.7468
2020-11-05T23:00:00+01:00,1.7468,1.75068,1.74044,1.74697
2020-11-06T11:00:00+01:00,1.74697,1.75586,1.74544,1.753
2020-11-08T23:00:00+01:00,1.753,1.753,1.74296,1.74591
2020-11-09T11:00:00+01:00,1.74591,1.74652,1.72992,1.73274
2020-11-09T23:00:00+01:00,1.73274,1.7349,1.72767,1.72818
2020-11-10T11:00:00+01:00,1.72818,1.73673,1.72532,1.7297
2020-11-10T23:00:00+01:00,1.7297,1.73579,1.70967,1.71236
2020-11-11T11:00:00+01:00,1.71236,1.71336,1.70855,1.71133
2020-11-11T23:00:00+01:00,1.71133,1.72051,1.7047,1.71789
2020-11-12T11:00:00+01:00,1.71789,1.72714,1.71465,1.72564
2020-11-12T23:00:00+01:00,1.72564,1.73418,1.72426,1.73204
2020-11-13T11:00:00+01:00,1.73204,1.73219,1.72743,1.72828
2020-11-15T23:00:00+01:00,1.72828,1.7301,1.72032,1.72296
2020-11-16T11:00:00+01:00,1.72296,1.72585,1.71558,1.71675
2020-11-16T23:00:00+01:00,1.71675,1.72383,1.71461,1.72068
2020-11-17T11:00:00+01:00,1.72068,1.72732,1.7198,1.72114
2020-11-17T23:00:00+01:00,1.72114,1.72442,1.71503,1.71655
2020-11-18T11:00:00+01:00,1.71655,1.71684,1.70886,1.71193
2020-11-18T23:00:00+01:00,1.71193,1.71874,1.71133,1.71805
2020-11-19T11:00:00+01:00,1.71805,1.71884,1.71292,1.71642
2020-11-19T23:00:00+01:00,1.71642,1.7191,1.71014,1.71126
2020-11-20T11:00:00+01:00,1.71126,1.71157,1.70589,1.7108
2020-11-22T23:00:00+01:00,1.7108,1.71172,1.70552,1.70814
2020-11-23T11:00:00+01:00,1.70814,1.71244,1.70716,1.71034
2020-11-23T23:00:00+01:00,1.71034,1.71128,1.69478,1.69882
2020-11-24T11:00:00+01:00,1.69882,1.70552,1.6981,1.70414
2020-11-24T23:00:00+01:00,1.70414,1.70966,1.70341,1.70554
2020-11-25T11:00:00+01:00,1.70554,1.70642,1.69844,1.7002
2020-11-25T23:00:00+01:00,1.7002,1.70493,1.69868,1.70126
2020-11-26T11:00:00+01:00,1.70126,1.70229,1.69871,1.70059
2020-11-26T23:00:00+01:00,1.70059,1.70128,1.69656,1.6984
2020-11-27T11:00:00+01:00,1.6984,1.70356,1.69692,1.70261
2020-11-29T23:00:00+01:00,1.70261,1.70576,1.6991,1.7025
2020-11-30T11:00:00+01:00,1.7025,1.70494,1.69976,1.70053
2020-11-30T23:00:00+01:00,1.70053,1.70374,1.69833,1.70344
2020-12-01T11:00:00+01:00,1.70344,1.7092,1.69936,1.7085
2020-12-01T23:00:00+01:00,1.7085,1.71049,1.70418,1.70513
2020-12-02T11:00:00+01:00,1.70513,1.7182,1.70512,1.71435
2020-12-02T23:00:00+01:00,1.71435,1.7168,1.71219,1.71568
2020-12-03T11:00:00+01:00,1.71568,1.718,1.71149,1.71644
2020-12-03T23:00:00+01:00,1.71644,1.72772,1.7155,1.72528
2020-12-04T11:00:00+01:00,1.72528,1.72816,1.72068,1.72138
2020-12-06T23:00:00+01:00,1.72138,1.72457,1.72006,1.72412
2020-12-07T11:00:00+01:00,1.72412,1.72592,1.71792,1.71923
2020-12-07T23:00:00+01:00,1.71923,1.72353,1.71869,1.72055
2020-12-08T11:00:00+01:00,1.72055,1.7251,1.71756,1.71844
2020-12-08T23:00:00+01:00,1.71844,1.72172,1.71178,1.71188
2020-12-09T11:00:00+01:00,1.71188,1.72082,1.70952,1.72004
2020-12-09T23:00:00+01:00,1.72004,1.72251,1.71634,1.7186
2020-12-10T11:00:00+01:00,1.7186,1.7205,1.70982,1.71052
2020-12-10T23:00:00+01:00,1.71052,1.71363,1.70878,1.7102
2020-12-11T11:00:00+01:00,1.7102,1.71286,1.70844,1.70993
2020-12-13T23:00:00+01:00,1.70993,1.71306,1.70782,1.70924
2020-12-14T11:00:00+01:00,1.70924,1.71598,1.70734,1.71492
2020-12-14T23:00:00+01:00,1.71492,1.72208,1.71332,1.7203
2020-12-15T11:00:00+01:00,1.7203,1.72084,1.71251,1.7145
2020-12-15T23:00:00+01:00,1.7145,1.71562,1.71031,1.7152
2020-12-16T11:00:00+01:00,1.7152,1.72418,1.71417,1.71491
2020-12-16T23:00:00+01:00,1.71491,1.71688,1.7076,1.70858
2020-12-17T11:00:00+01:00,1.70858,1.71678,1.70637,1.71591
2020-12-17T23:00:00+01:00,1.71591,1.72262,1.7136,1.72206
2020-12-18T11:00:00+01:00,1.72206,1.7221,1.7155,1.71734
2020-12-20T23:00:00+01:00,1.71734,1.73467,1.7157,1.7338
2020-12-21T11:00:00+01:00,1.7338,1.7344,1.72161,1.72438
2020-12-21T23:00:00+01:00,1.72438,1.73356,1.72111,1.73332
2020-12-22T11:00:00+01:00,1.73332,1.73478,1.7257,1.72738
2020-12-22T23:00:00+01:00,1.72738,1.7304,1.71998,1.72202
2020-12-23T11:00:00+01:00,1.72202,1.72253,1.7155,1.71756
2020-12-23T23:00:00+01:00,1.71756,1.72138,1.7152,1.71542
2020-12-24T11:00:00+01:00,1.71542,1.71924,1.71144,1.71339
2020-12-27T23:00:00+01:00,1.71339,1.71747,1.71216,1.71746
2020-12-28T11:00:00+01:00,1.71746,1.72376,1.71536,1.71996
2020-12-28T23:00:00+01:00,1.71996,1.7212,1.71572,1.7175
2020-12-29T11:00:00+01:00,1.7175,1.71835,1.70924,1.71422
2020-12-29T23:00:00+01:00,1.71422,1.71527,1.70664,1.7087
2020-12-30T11:00:00+01:00,1.7087,1.71082,1.70386,1.70706
2020-12-30T23:00:00+01:00,1.70706,1.70768,1.7008,1.70082
2020-12-31T11:00:00+01:00,1.70082,1.70232,1.6942,1.70084
2021-01-03T23:00:00+01:00,1.70084,1.70473,1.6994,1.70278
2021-01-04T11:00:00+01:00,1.70278,1.7129,1.70024,1.70746
2021-01-04T23:00:00+01:00,1.70746,1.7092,1.69878,1.70156
2021-01-05T11:00:00+01:00,1.70156,1.70606,1.69416,1.69628
2021-01-05T23:00:00+01:00,1.69628,1.69778,1.68838,1.68894
2021-01-06T11:00:00+01:00,1.68894,1.6938,1.68642,1.68977
2021-01-06T23:00:00+01:00,1.68977,1.69289,1.68889,1.69067
2021-01-07T11:00:00+01:00,1.69067,1.69696,1.68896,1.69102
2021-01-07T23:00:00+01:00,1.69102,1.69182,1.6845,1.68494
2021-01-08T11:00:00+01:00,1.68494,1.69258,1.68453,1.68965
2021-01-10T23:00:00+01:00,1.68965,1.69564,1.68816,1.69226
2021-01-11T11:00:00+01:00,1.69226,1.69832,1.69036,1.69693
2021-01-11T23:00:00+01:00,1.69693,1.69696,1.69106,1.69174
2021-01-12T11:00:00+01:00,1.69174,1.69665,1.68782,1.68942
2021-01-12T23:00:00+01:00,1.68942,1.69344,1.68732,1.69288
2021-01-13T11:00:00+01:00,1.69288,1.69666,1.6899,1.69382
2021-01-13T23:00:00+01:00,1.69382,1.6945,1.68617,1.68966
2021-01-14T11:00:00+01:00,1.68966,1.69122,1.6812,1.68277
2021-01-14T23:00:00+01:00,1.68277,1.68998,1.6823,1.68848
2021-01-15T11:00:00+01:00,1.68848,1.69762,1.68714,1.69426
2021-01-17T23:00:00+01:00,1.69426,1.70082,1.69151,1.6981
2021-01-18T11:00:00+01:00,1.6981,1.69948,1.69572,1.69841
2021-01-18T23:00:00+01:00,1.69841,1.70264,1.6939,1.70193
2021-01-19T11:00:00+01:00,1.70193,1.70735,1.70132,1.70326
2021-01-19T23:00:00+01:00,1.70326,1.70542,1.69801,1.69896
2021-01-20T11:00:00+01:00,1.69896,1.6994,1.68786,1.68838
2021-01-20T23:00:00+01:00,1.68838,1.6888,1.68212,1.6825
2021-01-21T11:00:00+01:00,1.6825,1.69129,1.68155,1.6856
2021-01-21T23:00:00+01:00,1.6856,1.69492,1.6847,1.69432
2021-01-22T11:00:00+01:00,1.69432,1.6976,1.69292,1.69355
2021-01-24T23:00:00+01:00,1.69355,1.69677,1.68592,1.68594
2021-01-25T11:00:00+01:00,1.68594,1.69068,1.68385,1.68508
2021-01-25T23:00:00+01:00,1.68508,1.69077,1.68482,1.685
2021-01-26T11:00:00+01:00,1.685,1.68543,1.67784,1.68065
2021-01-26T23:00:00+01:00,1.68065,1.68363,1.67817,1.6785
2021-01-27T11:00:00+01:00,1.6785,1.6938,1.67593,1.69187
2021-01-27T23:00:00+01:00,1.69187,1.70438,1.69015,1.70204
2021-01-28T11:00:00+01:00,1.70204,1.70284,1.68675,1.69038
2021-01-28T23:00:00+01:00,1.69038,1.69241,1.68744,1.69094
2021-01-29T11:00:00+01:00,1.69094,1.69258,1.68214,1.68937
2021-01-31T23:00:00+01:00,1.68937,1.69533,1.68334,1.68444
2021-02-01T11:00:00+01:00,1.68444,1.6889,1.68238,1.68506
2021-02-01T23:00:00+01:00,1.68506,1.68757,1.67906,1.68074
2021-02-02T11:00:00+01:00,1.68074,1.68545,1.67357,1.67456
2021-02-02T23:00:00+01:00,1.67456,1.67584,1.66734,1.6711
2021-02-03T11:00:00+01:00,1.6711,1.6728,1.66704,1.66973
2021-02-03T23:00:00+01:00,1.66973,1.67275,1.66388,1.66481
2021-02-04T11:00:00+01:00,1.66481,1.67376,1.66474,1.67176
2021-02-04T23:00:00+01:00,1.67176,1.67531,1.66964,1.67248
2021-02-05T11:00:00+01:00,1.67248,1.67839,1.67027,1.67553
2021-02-07T23:00:00+01:00,1.67553,1.67553,1.6703,1.67178
2021-02-08T11:00:00+01:00,1.67178,1.6756,1.66654,1.66835
2021-02-08T23:00:00+01:00,1.66835,1.67144,1.6651,1.67089
2021-02-09T11:00:00+01:00,1.67089,1.67592,1.67056,1.67376
2021-02-09T23:00:00+01:00,1.67376,1.68215,1.67291,1.68141
2021-02-10T11:00:00+01:00,1.68141,1.68476,1.67734,1.6798
2021-02-10T23:00:00+01:00,1.6798,1.68206,1.67682,1.67856
2021-02-11T11:00:00+01:00,1.67856,1.6799,1.67472,1.67834
2021-02-11T23:00:00+01:00,1.67834,1.6849,1.67619,1.6846
2021-02-12T11:00:00+01:00,1.6846,1.68469,1.67735,1.6786
2021-02-14T23:00:00+01:00,1.6786,1.68255,1.67457,1.6768
2021-02-15T11:00:00+01:00,1.6768,1.68063,1.67602,1.67796
2021-02-15T23:00:00+01:00,1.67796,1.67838,1.67154,1.67352
2021-02-16T11:00:00+01:00,1.67352,1.68169,1.6735,1.67911
2021-02-16T23:00:00+01:00,1.67911,1.68289,1.67481,1.67782
2021-02-17T11:00:00+01:00,1.67782,1.68162,1.67442,1.67496
2021-02-17T23:00:00+01:00,1.67496,1.6774,1.67295,1.67328
2021-02-18T11:00:00+01:00,1.67328,1.68025,1.67277,1.67465
2021-02-18T23:00:00+01:00,1.67465,1.67762,1.66986,1.67198
2021-02-19T11:00:00+01:00,1.67198,1.67236,1.65924,1.66125
2021-02-21T23:00:00+01:00,1.66125,1.66233,1.65374,1.65767
2021-02-22T11:00:00+01:00,1.65767,1.66128,1.65594,1.65887
2021-02-22T23:00:00+01:00,1.65887,1.66565,1.6588,1.66028
2021-02-23T11:00:00+01:00,1.66028,1.66194,1.65357,1.6547
2021-02-23T23:00:00+01:00,1.6547,1.66142,1.6459,1.64712
2021-02-24T11:00:00+01:00,1.64712,1.64802,1.6323,1.63546
2021-02-24T23:00:00+01:00,1.63546,1.63992,1.63378,1.63812
2021-02-25T11:00:00+01:00,1.63812,1.65318,1.63806,1.65208
2021-02-25T23:00:00+01:00,1.65208,1.66108,1.64933,1.65637
2021-02-26T11:00:00+01:00,1.65637,1.67098,1.65436,1.66916
2021-02-28T23:00:00+01:00,1.66916,1.66963,1.65784,1.66354
2021-03-01T11:00:00+01:00,1.66354,1.66644,1.65334,1.6585
2021-03-01T23:00:00+01:00,1.6585,1.6644,1.65339,1.66029
2021-03-02T11:00:00+01:00,1.66029,1.66813,1.65454,1.6581
2021-03-02T23:00:00+01:00,1.6581,1.66023,1.65527,1.65782
2021-03-03T11:00:00+01:00,1.65782,1.66606,1.65582,1.6649
2021-03-03T23:00:00+01:00,1.6649,1.66718,1.65671,1.66025
2021-03-04T11:00:00+01:00,1.66025,1.66832,1.6569,1.66524
2021-03-04T23:00:00+01:00,1.66524,1.67233,1.66321,1.67046
2021-03-05T11:00:00+01:00,1.67046,1.67576,1.66076,1.66312
2021-03-07T23:00:00+01:00,1.66312,1.67038,1.65881,1.66936
2021-03-08T11:00:00+01:00,1.66936,1.67024,1.65848,1.66325
2021-03-08T23:00:00+01:00,1.66325,1.66746,1.66001,1.66108
2021-03-09T11:00:00+01:00,1.66108,1.66364,1.6575,1.65874
2021-03-09T23:00:00+01:00,1.65874,1.66444,1.65652,1.66014
2021-03-10T11:00:00+01:00,1.66014,1.66244,1.65568,1.65777
2021-03-10T23:00:00+01:00,1.65777,1.65965,1.65119,1.6545
2021-03-11T11:00:00+01:00,1.6545,1.66102,1.65182,1.6581
2021-03-11T23:00:00+01:00,1.6581,1.66254,1.6571,1.66092
2021-03-12T11:00:00+01:00,1.66092,1.66682,1.66022,1.66565
2021-03-14T22:00:00+01:00,1.66565,1.66679,1.65625,1.65641
2021-03-15T10:00:00+01:00,1.65641,1.66182,1.65449,1.65654
2021-03-15T22:00:00+01:00,1.65654,1.66157,1.65544,1.66098
2021-03-16T10:00:00+01:00,1.66098,1.66466,1.65304,1.65536
2021-03-16T22:00:00+01:00,1.65536,1.65866,1.65439,1.65776
2021-03-17T10:00:00+01:00,1.65776,1.66526,1.6489,1.65491
2021-03-17T22:00:00+01:00,1.65491,1.65783,1.64866,1.65203
2021-03-18T10:00:00+01:00,1.65203,1.66378,1.65052,1.66285
2021-03-18T22:00:00+01:00,1.66285,1.66468,1.65888,1.65986
2021-03-19T10:00:00+01:00,1.65986,1.66317,1.65894,1.66148
2021-03-21T22:00:00+01:00,1.66148,1.66361,1.65962,1.66264
2021-03-22T10:00:00+01:00,1.66264,1.66722,1.66066,1.66616
2021-03-22T22:00:00+01:00,1.66616,1.68688,1.66507,1.68344
2021-03-23T10:00:00+01:00,1.68344,1.69499,1.68302,1.69286
2021-03-23T22:00:00+01:00,1.69286,1.69844,1.68849,1.69293
2021-03-24T10:00:00+01:00,1.69293,1.6991,1.69126,1.6968
2021-03-24T22:00:00+01:00,1.6968,1.69743,1.69198,1.69218
2021-03-25T10:00:00+01:00,1.69218,1.69696,1.69114,1.6925
2021-03-25T22:00:00+01:00,1.6925,1.69368,1.68573,1.6878
2021-03-26T10:00:00+01:00,1.6878,1.68894,1.68462,1.68506
2021-03-28T23:00:00+02:00,1.68506,1.6893,1.68506,1.68706
2021-03-29T11:00:00+02:00,1.68706,1.68717,1.67868,1.68127
2021-03-29T23:00:00+02:00,1.68127,1.68315,1.67348,1.67607
2021-03-30T11:00:00+02:00,1.67607,1.6819,1.67498,1.67786
2021-03-30T23:00:00+02:00,1.67786,1.68104,1.67598,1.67913
2021-03-31T11:00:00+02:00,1.67913,1.68074,1.67178,1.67952
2021-03-31T23:00:00+02:00,1.67952,1.68668,1.67834,1.68442
2021-04-01T11:00:00+02:00,1.68442,1.6847,1.67498,1.67799
2021-04-01T23:00:00+02:00,1.67799,1.67929,1.67252,1.67674
2021-04-02T11:00:00+02:00,1.67674,1.67756,1.67089,1.6721
2021-04-04T23:00:00+02:00,1.6721,1.67586,1.66846,1.66877
2021-04-05T11:00:00+02:00,1.66877,1.67452,1.66676,1.67322
2021-04-05T23:00:00+02:00,1.67322,1.68144,1.67178,1.681
2021-04-06T11:00:00+02:00,1.681,1.6848,1.67912,1.68269
2021-04-06T23:00:00+02:00,1.68269,1.68912,1.68025,1.6875
2021-04-07T11:00:00+02:00,1.6875,1.6956,1.6872,1.69245
2021-04-07T23:00:00+02:00,1.69245,1.69465,1.68709,1.69103
2021-04-08T11:00:00+02:00,1.69103,1.69105,1.68454,1.68818
2021-04-08T23:00:00+02:00,1.68818,1.69562,1.68688,1.68968
2021-04-09T11:00:00+02:00,1.68968,1.69245,1.68504,1.69234
2021-04-11T23:00:00+02:00,1.69234,1.69748,1.68815,1.69014
2021-04-12T11:00:00+02:00,1.69014,1.69542,1.68974,1.69428
2021-04-12T23:00:00+02:00,1.69428,1.69824,1.69079,1.69216
2021-04-13T11:00:00+02:00,1.69216,1.69852,1.69,1.69445
2021-04-13T23:00:00+02:00,1.69445,1.6964,1.68104,1.68242
2021-04-14T11:00:00+02:00,1.68242,1.68292,1.67474,1.6773
2021-04-14T23:00:00+02:00,1.6773,1.67876,1.66875,1.67016
2021-04-15T11:00:00+02:00,1.67016,1.6732,1.66789,1.6689
2021-04-15T23:00:00+02:00,1.6689,1.67518,1.66741,1.67264
2021-04-16T11:00:00+02:00,1.67264,1.67978,1.67093,1.6769
2021-04-18T23:00:00+02:00,1.6769,1.68025,1.67096,1.67197
2021-04-19T11:00:00+02:00,1.67197,1.67814,1.67176,1.67585
2021-04-19T23:00:00+02:00,1.67585,1.67822,1.6699,1.67266
2021-04-20T11:00:00+02:00,1.67266,1.67895,1.67022,1.6777
2021-04-20T23:00:00+02:00,1.6777,1.67977,1.67131,1.6745
2021-04-21T11:00:00+02:00,1.6745,1.67472,1.66694,1.66938
2021-04-21T23:00:00+02:00,1.66938,1.67721,1.66856,1.67608
2021-04-22T11:00:00+02:00,1.67608,1.68114,1.67497,1.67695
2021-04-22T23:00:00+02:00,1.67695,1.68002,1.67453,1.67954
2021-04-23T11:00:00+02:00,1.67954,1.68201,1.67824,1.68046
2021-04-25T23:00:00+02:00,1.68046,1.68214,1.67618,1.67708
2021-04-26T11:00:00+02:00,1.67708,1.67774,1.66876,1.67035
2021-04-26T23:00:00+02:00,1.67035,1.67442,1.66973,1.67265
2021-04-27T11:00:00+02:00,1.67265,1.67788,1.67136,1.67756
2021-04-27T23:00:00+02:00,1.67756,1.68042,1.67408,1.67467
2021-04-28T11:00:00+02:00,1.67467,1.67492,1.66764,1.6717
2021-04-28T23:00:00+02:00,1.6717,1.67324,1.66711,1.6713
2021-04-29T11:00:00+02:00,1.6713,1.67692,1.66974,1.67342
2021-04-29T23:00:00+02:00,1.67342,1.67434,1.67043,1.67178
2021-04-30T11:00:00+02:00,1.67178,1.68066,1.67089,1.6781
2021-05-02T23:00:00+02:00,1.6781,1.68254,1.67464,1.68252
2021-05-03T11:00:00+02:00,1.68252,1.68328,1.67296,1.6759
2021-05-03T23:00:00+02:00,1.6759,1.68136,1.67408,1.68022
2021-05-04T11:00:00+02:00,1.68022,1.68886,1.67982,1.68134
2021-05-04T23:00:00+02:00,1.68134,1.68185,1.6713,1.673
2021-05-05T11:00:00+02:00,1.673,1.67442,1.6634,1.66386
2021-05-05T23:00:00+02:00,1.66386,1.67282,1.66106,1.67128
2021-05-06T11:00:00+02:00,1.67128,1.67552,1.6664,1.66785
2021-05-06T23:00:00+02:00,1.66785,1.67402,1.66572,1.67232
2021-05-07T11:00:00+02:00,1.67232,1.67568,1.66624,1.67165
2021-05-09T23:00:00+02:00,1.67165,1.67255,1.6674,1.66931
2021-05-10T11:00:00+02:00,1.66931,1.67085,1.66612,1.6695
2021-05-10T23:00:00+02:00,1.6695,1.6736,1.66818,1.67041
2021-05-11T11:00:00+02:00,1.67041,1.67585,1.66928,1.67005
2021-05-11T23:00:00+02:00,1.67005,1.67996,1.6692,1.67859
2021-05-12T11:00:00+02:00,1.67859,1.68856,1.67416,1.68664
2021-05-12T23:00:00+02:00,1.68664,1.69135,1.68291,1.68619
2021-05-13T11:00:00+02:00,1.68619,1.69152,1.67959,1.6821
2021-05-13T23:00:00+02:00,1.6821,1.68662,1.68031,1.68231
2021-05-14T11:00:00+02:00,1.68231,1.68264,1.67315,1.67605
2021-05-16T23:00:00+02:00,1.67605,1.68452,1.67488,1.68332
2021-05-17T11:00:00+02:00,1.68332,1.69086,1.68266,1.6862
2021-05-17T23:00:00+02:00,1.6862,1.68749,1.67936,1.68448
2021-05-18T11:00:00+02:00,1.68448,1.68878,1.68068,1.68829
2021-05-18T23:00:00+02:00,1.68829,1.69726,1.68686,1.69625
2021-05-19T11:00:00+02:00,1.69625,1.70372,1.6946,1.69816
2021-05-19T23:00:00+02:00,1.69816,1.70092,1.69424,1.69845
2021-05-20T11:00:00+02:00,1.69845,1.69966,1.69265,1.69716
2021-05-20T23:00:00+02:00,1.69716,1.70385,1.6971,1.70076
2021-05-21T11:00:00+02:00,1.70076,1.70086,1.69037,1.6971
2021-05-23T23:00:00+02:00,1.6971,1.7023,1.69587,1.7011
2021-05-24T11:00:00+02:00,1.7011,1.70295,1.69194,1.6928
2021-05-24T23:00:00+02:00,1.6928,1.69698,1.69058,1.69506
2021-05-25T11:00:00+02:00,1.69506,1.69666,1.69076,1.6948
2021-05-25T23:00:00+02:00,1.6948,1.6964,1.6741,1.67761
2021-05-26T11:00:00+02:00,1.67761,1.67839,1.67153,1.67486
2021-05-26T23:00:00+02:00,1.67486,1.67698,1.671,1.6714
2021-05-27T11:00:00+02:00,1.6714,1.67446,1.66862,1.6718
2021-05-27T23:00:00+02:00,1.6718,1.68246,1.6716,1.68033
2021-05-28T11:00:00+02:00,1.68033,1.68422,1.67724,1.68184
2021-05-30T23:00:00+02:00,1.68184,1.68504,1.6792,1.68035
2021-05-31T11:00:00+02:00,1.68035,1.68258,1.67802,1.68125
2021-05-31T23:00:00+02:00,1.68125,1.68338,1.6784,1.6833
2021-06-01T11:00:00+02:00,1.6833,1.69009,1.68218,1.6832
2021-06-01T23:00:00+02:00,1.6832,1.69004,1.68116,1.68629
2021-06-02T11:00:00+02:00,1.68629,1.6888,1.68275,1.68734
2021-06-02T23:00:00+02:00,1.68734,1.69093,1.68646,1.68822
2021-06-03T11:00:00+02:00,1.68822,1.70112,1.68791,1.69716
2021-06-03T23:00:00+02:00,1.69716,1.69893,1.69225,1.69342
2021-06-04T11:00:00+02:00,1.69342,1.69562,1.68621,1.68706
2021-06-06T23:00:00+02:00,1.68706,1.69025,1.68498,1.6853
2021-06-07T11:00:00+02:00,1.6853,1.68746,1.68146,1.68675
2021-06-07T23:00:00+02:00,1.68675,1.68902,1.6851,1.68823
2021-06-08T11:00:00+02:00,1.68823,1.69506,1.68702,1.6916
2021-06-08T23:00:00+02:00,1.6916,1.69326,1.69007,1.69198
2021-06-09T11:00:00+02:00,1.69198,1.69944,1.69163,1.69668
2021-06-09T23:00:00+02:00,1.69668,1.69908,1.69273,1.69351
2021-06-10T11:00:00+02:00,1.69351,1.69559,1.68937,1.69238
2021-06-10T23:00:00+02:00,1.69238,1.69578,1.68935,1.6902
2021-06-11T11:00:00+02:00,1.6902,1.70074,1.68898,1.6988
2021-06-13T23:00:00+02:00,1.6988,1.69886,1.69307,1.69654
2021-06-14T11:00:00+02:00,1.69654,1.69831,1.69403,1.69692
2021-06-14T23:00:00+02:00,1.69692,1.70061,1.69372,1.6994
2021-06-15T11:00:00+02:00,1.6994,1.70587,1.6977,1.70276
2021-06-15T23:00:00+02:00,1.70276,1.70338,1.69574,1.69828
2021-06-16T11:00:00+02:00,1.69828,1.70452,1.69486,1.7013
2021-06-16T23:00:00+02:00,1.7013,1.7014,1.68927,1.69314
2021-06-17T11:00:00+02:00,1.69314,1.70407,1.69302,1.6992
2021-06-17T23:00:00+02:00,1.6992,1.70876,1.69742,1.70447
2021-06-18T11:00:00+02:00,1.70447,1.71246,1.70306,1.7104
2021-06-20T23:00:00+02:00,1.7104,1.71157,1.70191,1.70793
2021-06-21T11:00:00+02:00,1.70793,1.70868,1.70244,1.70566
2021-06-21T23:00:00+02:00,1.70566,1.70854,1.7031,1.70561
2021-06-22T11:00:00+02:00,1.70561,1.70624,1.69818,1.7002
2021-06-22T23:00:00+02:00,1.7002,1.70445,1.6942,1.69522
2021-06-23T11:00:00+02:00,1.69522,1.69782,1.6919,1.69208
2021-06-23T23:00:00+02:00,1.69208,1.6958,1.68959,1.69026
2021-06-24T11:00:00+02:00,1.69026,1.69276,1.68802,1.68993
2021-06-24T23:00:00+02:00,1.68993,1.69045,1.68664,1.68782
2021-06-25T11:00:00+02:00,1.68782,1.69045,1.6857,1.68912
2021-06-27T23:00:00+02:00,1.68912,1.69122,1.6847,1.6902
2021-06-28T11:00:00+02:00,1.6902,1.69432,1.68949,1.69384
2021-06-28T23:00:00+02:00,1.69384,1.70154,1.6911,1.7001
2021-06-29T11:00:00+02:00,1.7001,1.70365,1.69966,1.70132
2021-06-29T23:00:00+02:00,1.70132,1.70408,1.69876,1.7032
2021-06-30T11:00:00+02:00,1.7032,1.70438,1.69576,1.69706
2021-06-30T23:00:00+02:00,1.69706,1.69937,1.69304,1.69592
2021-07-01T11:00:00+02:00,1.69592,1.7013,1.6942,1.69965
2021-07-01T23:00:00+02:00,1.69965,1.70192,1.69839,1.69994
2021-07-02T11:00:00+02:00,1.69994,1.70061,1.68655,1.6885
2021-07-04T23:00:00+02:00,1.6885,1.69068,1.68698,1.6895
2021-07-05T11:00:00+02:00,1.6895,1.69193,1.68168,1.68836
2021-07-05T23:00:00+02:00,1.68836,1.68961,1.67214,1.67241
2021-07-06T11:00:00+02:00,1.67241,1.69166,1.66944,1.68664
2021-07-06T23:00:00+02:00,1.68664,1.68778,1.67998,1.68312
2021-07-07T11:00:00+02:00,1.68312,1.6859,1.67548,1.68054
2021-07-07T23:00:00+02:00,1.68054,1.69834,1.67945,1.69646
2021-07-08T11:00:00+02:00,1.69646,1.70892,1.6952,1.7049
2021-07-08T23:00:00+02:00,1.7049,1.70996,1.702,1.70238
2021-07-09T11:00:00+02:00,1.70238,1.70286,1.6958,1.69791
2021-07-11T23:00:00+02:00,1.69791,1.70486,1.6942,1.70248
2021-07-12T11:00:00+02:00,1.70248,1.70582,1.697,1.6988
2021-07-12T23:00:00+02:00,1.6988,1.6997,1.69399,1.69577
2021-07-13T11:00:00+02:00,1.69577,1.70554,1.6941,1.69516
2021-07-13T23:00:00+02:00,1.69516,1.69678,1.67756,1.6823
2021-07-14T11:00:00+02:00,1.6823,1.68624,1.67845,1.6817
2021-07-14T23:00:00+02:00,1.6817,1.68965,1.68036,1.68669
2021-07-15T11:00:00+02:00,1.68669,1.69446,1.68564,1.69135
2021-07-15T23:00:00+02:00,1.69135,1.69327,1.68042,1.6817
2021-07-16T11:00:00+02:00,1.6817,1.68732,1.68139,1.68685
2021-07-18T23:00:00+02:00,1.68685,1.69224,1.6859,1.6899
2021-07-19T11:00:00+02:00,1.6899,1.70574,1.68862,1.69936
2021-07-19T23:00:00+02:00,1.69936,1.70976,1.69708,1.70538
2021-07-20T11:00:00+02:00,1.70538,1.70985,1.70156,1.70312
2021-07-20T23:00:00+02:00,1.70312,1.70576,1.69918,1.70061
2021-07-21T11:00:00+02:00,1.70061,1.70186,1.69121,1.69226
2021-07-21T23:00:00+02:00,1.69226,1.69756,1.691,1.6946
2021-07-22T11:00:00+02:00,1.6946,1.69874,1.68579,1.68772
2021-07-22T23:00:00+02:00,1.68772,1.69126,1.6853,1.68761
2021-07-23T11:00:00+02:00,1.68761,1.6885,1.6838,1.6885
2021-07-25T23:00:00+02:00,1.6885,1.69432,1.68534,1.69206
2021-07-26T11:00:00+02:00,1.69206,1.69296,1.68482,1.68584
2021-07-26T23:00:00+02:00,1.68584,1.69498,1.68508,1.6939
2021-07-27T11:00:00+02:00,1.6939,1.70236,1.69178,1.6984
2021-07-27T23:00:00+02:00,1.6984,1.70208,1.69578,1.7018
2021-07-28T11:00:00+02:00,1.7018,1.71051,1.70008,1.70268
2021-07-28T23:00:00+02:00,1.70268,1.70492,1.696,1.6981
2021-07-29T11:00:00+02:00,1.6981,1.70112,1.69373,1.69564
2021-07-29T23:00:00+02:00,1.69564,1.69928,1.69435,1.697
2021-07-30T11:00:00+02:00,1.697,1.70398,1.69582,1.7025
2021-08-01T23:00:00+02:00,1.7025,1.70585,1.69922,1.7032
2021-08-02T11:00:00+02:00,1.7032,1.70564,1.69924,1.70316
2021-08-02T23:00:00+02:00,1.70316,1.70423,1.69185,1.69636
2021-08-03T11:00:00+02:00,1.69636,1.69954,1.69036,1.69076
2021-08-03T23:00:00+02:00,1.69076,1.69135,1.6752,1.677
2021-08-04T11:00:00+02:00,1.677,1.68303,1.67474,1.67915
2021-08-04T23:00:00+02:00,1.67915,1.6812,1.67594,1.67656
2021-08-05T11:00:00+02:00,1.67656,1.6789,1.67372,1.6764
2021-08-05T23:00:00+02:00,1.6764,1.67949,1.67476,1.67496
2021-08-06T11:00:00+02:00,1.67496,1.6797,1.67144,1.6778
2021-08-08T23:00:00+02:00,1.6778,1.68266,1.67456,1.67726
2021-08-09T11:00:00+02:00,1.67726,1.67945,1.67418,1.67846
2021-08-09T23:00:00+02:00,1.67846,1.6841,1.67764,1.6789
2021-08-10T11:00:00+02:00,1.6789,1.67988,1.67122,1.6723
2021-08-10T23:00:00+02:00,1.6723,1.67464,1.67122,1.67365
2021-08-11T11:00:00+02:00,1.67365,1.67404,1.66416,1.667
2021-08-11T23:00:00+02:00,1.667,1.67194,1.66635,1.6693
2021-08-12T11:00:00+02:00,1.6693,1.677,1.66864,1.6751
2021-08-12T23:00:00+02:00,1.6751,1.6777,1.67265,1.67576
2021-08-13T11:00:00+02:00,1.67576,1.67956,1.6743,1.6749
2021-08-15T23:00:00+02:00,1.6749,1.67906,1.6744,1.67587
2021-08-16T11:00:00+02:00,1.67587,1.67962,1.67433,1.67744
2021-08-16T23:00:00+02:00,1.67744,1.70338,1.67525,1.6996
2021-08-17T11:00:00+02:00,1.6996,1.70218,1.69155,1.69226
2021-08-17T23:00:00+02:00,1.69226,1.70516,1.6862,1.69489
2021-08-18T11:00:00+02:00,1.69489,1.703,1.69484,1.7008
2021-08-18T23:00:00+02:00,1.7008,1.71469,1.698,1.71347
2021-08-19T11:00:00+02:00,1.71347,1.71605,1.70498,1.70935
2021-08-19T23:00:00+02:00,1.70935,1.7164,1.70769,1.71137
2021-08-20T11:00:00+02:00,1.71137,1.7147,1.70672,1.71165
2021-08-22T23:00:00+02:00,1.71165,1.71435,1.70932,1.7116
2021-08-23T11:00:00+02:00,1.7116,1.71283,1.70136,1.7043
2021-08-23T23:00:00+02:00,1.7043,1.7064,1.69096,1.69114
2021-08-24T11:00:00+02:00,1.69114,1.69292,1.68823,1.6905
2021-08-24T23:00:00+02:00,1.6905,1.69506,1.68864,1.68912
2021-08-25T11:00:00+02:00,1.68912,1.69099,1.68518,1.68836
2021-08-25T23:00:00+02:00,1.68836,1.69274,1.68715,1.69175
2021-08-26T11:00:00+02:00,1.69175,1.69307,1.6866,1.69115
2021-08-26T23:00:00+02:00,1.69115,1.69524,1.68941,1.68958
2021-08-27T11:00:00+02:00,1.68958,1.6931,1.68064,1.68258
2021-08-29T23:00:00+02:00,1.68258,1.68812,1.68172,1.6851
2021-08-30T11:00:00+02:00,1.6851,1.68751,1.68301,1.68544
2021-08-30T23:00:00+02:00,1.68544,1.68661,1.67347,1.6757
2021-08-31T11:00:00+02:00,1.6757,1.67888,1.67369,1.67555
2021-08-31T23:00:00+02:00,1.67555,1.67764,1.67074,1.67318
2021-09-01T11:00:00+02:00,1.67318,1.67906,1.67284,1.67475
2021-09-01T23:00:00+02:00,1.67475,1.67752,1.67108,1.67126
2021-09-02T11:00:00+02:00,1.67126,1.67226,1.66693,1.67065
2021-09-02T23:00:00+02:00,1.67065,1.67158,1.66538,1.66572
2021-09-03T11:00:00+02:00,1.66572,1.66786,1.65832,1.66105
2021-09-05T23:00:00+02:00,1.66105,1.66406,1.65874,1.66163
2021-09-06T11:00:00+02:00,1.66163,1.66451,1.65988,1.66375
2021-09-06T23:00:00+02:00,1.66375,1.6695,1.66077,1.66726
2021-09-07T11:00:00+02:00,1.66726,1.67056,1.66445,1.6679
2021-09-07T23:00:00+02:00,1.6679,1.6703,1.66544,1.6675
2021-09-08T11:00:00+02:00,1.6675,1.66802,1.66236,1.66426
2021-09-08T23:00:00+02:00,1.66426,1.66804,1.66172,1.66372
2021-09-09T11:00:00+02:00,1.66372,1.66496,1.6571,1.6647
2021-09-09T23:00:00+02:00,1.6647,1.6672,1.6554,1.65634
2021-09-10T11:00:00+02:00,1.65634,1.66168,1.6533,1.66085
2021-09-12T23:00:00+02:00,1.66085,1.66278,1.65548,1.6572
2021-09-13T11:00:00+02:00,1.6572,1.66281,1.65668,1.65896
2021-09-13T23:00:00+02:00,1.65896,1.66288,1.65706,1.66016
2021-09-14T11:00:00+02:00,1.66016,1.66705,1.6559,1.66314
2021-09-14T23:00:00+02:00,1.66314,1.66876,1.66252,1.66446
2021-09-15T11:00:00+02:00,1.66446,1.66776,1.66037,1.66245
2021-09-15T23:00:00+02:00,1.66245,1.66283,1.6548,1.6549
2021-09-16T11:00:00+02:00,1.6549,1.66632,1.65418,1.66463
2021-09-16T23:00:00+02:00,1.66463,1.66648,1.6622,1.66278
2021-09-17T11:00:00+02:00,1.66278,1.67068,1.66269,1.66545
2021-09-19T23:00:00+02:00,1.66545,1.67044,1.66479,1.66845
2021-09-20T11:00:00+02:00,1.66845,1.67216,1.66396,1.6682
2021-09-20T23:00:00+02:00,1.6682,1.67464,1.66305,1.66442
2021-09-21T11:00:00+02:00,1.66442,1.67633,1.66392,1.6737
2021-09-21T23:00:00+02:00,1.6737,1.67608,1.66806,1.67024
2021-09-22T11:00:00+02:00,1.67024,1.67429,1.66526,1.6687
2021-09-22T23:00:00+02:00,1.6687,1.67522,1.66414,1.66429
2021-09-23T11:00:00+02:00,1.66429,1.66504,1.65544,1.661
2021-09-23T23:00:00+02:00,1.661,1.66618,1.65829,1.66419
2021-09-24T11:00:00+02:00,1.66419,1.6733,1.66414,1.6724
2021-09-26T23:00:00+02:00,1.6724,1.674,1.66692,1.66962
2021-09-27T11:00:00+02:00,1.66962,1.6726,1.66575,1.66695
2021-09-27T23:00:00+02:00,1.66695,1.67512,1.66504,1.67378
2021-09-28T11:00:00+02:00,1.67378,1.6817,1.67369,1.6791
2021-09-28T23:00:00+02:00,1.6791,1.68343,1.6776,1.6792
2021-09-29T11:00:00+02:00,1.6792,1.69142,1.6786,1.68885
2021-09-29T23:00:00+02:00,1.68885,1.68953,1.6847,1.68868
2021-09-30T11:00:00+02:00,1.68868,1.68919,1.6748,1.678
2021-09-30T23:00:00+02:00,1.678,1.68367,1.67578,1.67816
2021-10-01T11:00:00+02:00,1.67816,1.67816,1.66867,1.67025
2021-10-03T23:00:00+02:00,1.67025,1.67422,1.66924,1.67076
2021-10-04T11:00:00+02:00,1.67076,1.67155,1.66635,1.66895
2021-10-04T23:00:00+02:00,1.66895,1.67348,1.66595,1.66636
2021-10-05T11:00:00+02:00,1.66636,1.66714,1.6633,1.66525
2021-10-05T23:00:00+02:00,1.66525,1.67888,1.66126,1.6782
2021-10-06T11:00:00+02:00,1.6782,1.6791,1.66835,1.6714
2021-10-06T23:00:00+02:00,1.6714,1.67295,1.66765,1.66954
2021-10-07T11:00:00+02:00,1.66954,1.67124,1.66526,1.6677
2021-10-07T23:00:00+02:00,1.6677,1.67129,1.66284,1.6703
2021-10-08T11:00:00+02:00,1.6703,1.67098,1.66351,1.67006
2021-10-10T23:00:00+02:00,1.67006,1.67326,1.66402,1.66412
2021-10-11T11:00:00+02:00,1.66412,1.66826,1.66212,1.6649
2021-10-11T23:00:00+02:00,1.6649,1.66846,1.66148,1.66188
2021-10-12T11:00:00+02:00,1.66188,1.66589,1.65761,1.6637
2021-10-12T23:00:00+02:00,1.6637,1.66708,1.65841,1.66142
2021-10-13T11:00:00+02:00,1.66142,1.66966,1.66059,1.66484
2021-10-13T23:00:00+02:00,1.66484,1.66702,1.65348,1.65478
2021-10-14T11:00:00+02:00,1.65478,1.655,1.64745,1.64826
2021-10-14T23:00:00+02:00,1.64826,1.64965,1.6433,1.64541
2021-10-15T11:00:00+02:00,1.64541,1.64668,1.63912,1.6399
2021-10-17T23:00:00+02:00,1.6399,1.64273,1.63331,1.64144
2021-10-18T11:00:00+02:00,1.64144,1.64483,1.6381,1.6391
2021-10-18T23:00:00+02:00,1.6391,1.63954,1.62944,1.63126
2021-10-19T11:00:00+02:00,1.63126,1.63196,1.623,1.6261
2021-10-19T23:00:00+02:00,1.6261,1.62789,1.62064,1.6227
2021-10-20T11:00:00+02:00,1.6227,1.62433,1.61662,1.6181
2021-10-20T23:00:00+02:00,1.6181,1.62286,1.61616,1.62196
2021-10-21T11:00:00+02:00,1.62196,1.62814,1.62066,1.62446
2021-10-21T23:00:00+02:00,1.62446,1.6269,1.61948,1.62034
2021-10-22T11:00:00+02:00,1.62034,1.63066,1.6195,1.6279
2021-10-24T23:00:00+02:00,1.6279,1.62953,1.62392,1.62748
2021-10-25T11:00:00+02:00,1.62748,1.63024,1.61844,1.6207
2021-10-25T23:00:00+02:00,1.6207,1.62166,1.61646,1.61934
2021-10-26T11:00:00+02:00,1.61934,1.62107,1.6155,1.61914
2021-10-26T23:00:00+02:00,1.61914,1.62575,1.61615,1.62532
2021-10-27T11:00:00+02:00,1.62532,1.6259,1.6144,1.61875
2021-10-27T23:00:00+02:00,1.61875,1.62089,1.61438,1.6156
2021-10-28T11:00:00+02:00,1.6156,1.6248,1.61306,1.62245
2021-10-28T23:00:00+02:00,1.62245,1.62865,1.6212,1.6226
2021-10-29T11:00:00+02:00,1.6226,1.6273,1.61163,1.6127
2021-10-31T22:00:00+01:00,1.6127,1.61668,1.60962,1.61312
2021-11-01T10:00:00+01:00,1.61312,1.6162,1.60816,1.6153
2021-11-01T22:00:00+01:00,1.6153,1.6208,1.61382,1.6184
2021-11-02T10:00:00+01:00,1.6184,1.6322,1.6178,1.62816
2021-11-02T22:00:00+01:00,1.62816,1.63004,1.62276,1.62388
2021-11-03T10:00:00+01:00,1.62388,1.62622,1.61818,1.62215
2021-11-03T22:00:00+01:00,1.62215,1.62389,1.61789,1.6188
2021-11-04T10:00:00+01:00,1.6188,1.62722,1.6184,1.627
2021-11-04T22:00:00+01:00,1.627,1.63266,1.62496,1.63
2021-11-05T10:00:00+01:00,1.63,1.63088,1.6217,1.6248
2021-11-07T23:00:00+01:00,1.6248,1.62807,1.61738,1.61821
2021-11-08T11:00:00+01:00,1.61821,1.6194,1.61263,1.61701
2021-11-08T23:00:00+01:00,1.61701,1.62076,1.61596,1.62016
2021-11-09T11:00:00+01:00,1.62016,1.62841,1.61699,1.62588
2021-11-09T23:00:00+01:00,1.62588,1.63119,1.6247,1.62834
2021-11-10T11:00:00+01:00,1.62834,1.63122,1.62324,1.62564
2021-11-10T23:00:00+01:00,1.62564,1.63432,1.62418,1.63366
2021-11-11T11:00:00+01:00,1.63366,1.63533,1.62942,1.63002
2021-11-11T23:00:00+01:00,1.63002,1.63484,1.62746,1.6313
2021-11-12T11:00:00+01:00,1.6313,1.63252,1.62392,1.62467
2021-11-14T23:00:00+01:00,1.62467,1.62728,1.61948,1.61985
2021-11-15T11:00:00+01:00,1.61985,1.6212,1.61282,1.6133
2021-11-15T23:00:00+01:00,1.6133,1.61896,1.6114,1.61687
2021-11-16T11:00:00+01:00,1.61687,1.62216,1.61642,1.61904
2021-11-16T23:00:00+01:00,1.61904,1.62062,1.612,1.61512
2021-11-17T11:00:00+01:00,1.61512,1.61904,1.61414,1.61722
2021-11-17T23:00:00+01:00,1.61722,1.6192,1.60647,1.60842
2021-11-18T11:00:00+01:00,1.60842,1.61842,1.60744,1.61376
2021-11-18T23:00:00+01:00,1.61376,1.6164,1.61064,1.6126
2021-11-19T11:00:00+01:00,1.6126,1.61458,1.60854,1.61216
2021-11-21T23:00:00+01:00,1.61216,1.61484,1.60696,1.61197
2021-11-22T11:00:00+01:00,1.61197,1.61738,1.60787,1.61491
2021-11-22T23:00:00+01:00,1.61491,1.62617,1.61064,1.62412
2021-11-23T11:00:00+01:00,1.62412,1.62558,1.61738,1.61856
2021-11-23T23:00:00+01:00,1.61856,1.62983,1.6119,1.62234
2021-11-24T11:00:00+01:00,1.62234,1.63259,1.62164,1.62916
2021-11-24T23:00:00+01:00,1.62916,1.63789,1.62631,1.63682
2021-11-25T11:00:00+01:00,1.63682,1.63964,1.6317,1.63389
2021-11-25T23:00:00+01:00,1.63389,1.65628,1.63364,1.6512
2021-11-26T11:00:00+01:00,1.6512,1.66268,1.64929,1.65824
2021-11-28T23:00:00+01:00,1.65824,1.66084,1.64788,1.65224
2021-11-29T11:00:00+01:00,1.65224,1.65937,1.6511,1.65488
2021-11-29T23:00:00+01:00,1.65488,1.6692,1.6527,1.66536
2021-11-30T11:00:00+01:00,1.66536,1.66746,1.6575,1.66174
2021-11-30T23:00:00+01:00,1.66174,1.66328,1.65132,1.65344
2021-12-01T11:00:00+01:00,1.65344,1.66276,1.65211,1.66245
2021-12-01T23:00:00+01:00,1.66245,1.66335,1.65895,1.66022
2021-12-02T11:00:00+01:00,1.66022,1.66813,1.65708,1.65729
2021-12-02T23:00:00+01:00,1.65729,1.66736,1.65482,1.66702
2021-12-03T11:00:00+01:00,1.66702,1.67748,1.66131,1.67576
2021-12-05T23:00:00+01:00,1.67576,1.67592,1.6702,1.67445
2021-12-06T11:00:00+01:00,1.67445,1.67671,1.66962,1.67054
2021-12-06T23:00:00+01:00,1.67054,1.67474,1.6646,1.66607
2021-12-07T11:00:00+01:00,1.66607,1.66644,1.65739,1.65972
2021-12-07T23:00:00+01:00,1.65972,1.66615,1.65871,1.66438
2021-12-08T11:00:00+01:00,1.66438,1.6683,1.6629,1.66595
2021-12-08T23:00:00+01:00,1.66595,1.66732,1.65965,1.66406
2021-12-09T11:00:00+01:00,1.66406,1.66768,1.66152,1.66203
2021-12-09T23:00:00+01:00,1.66203,1.66597,1.65998,1.66492
2021-12-10T11:00:00+01:00,1.66492,1.66696,1.65968,1.66478
2021-12-12T23:00:00+01:00,1.66478,1.66566,1.66146,1.66296
2021-12-13T11:00:00+01:00,1.66296,1.67276,1.66278,1.67095
2021-12-13T23:00:00+01:00,1.67095,1.67448,1.6658,1.6728
2021-12-14T11:00:00+01:00,1.6728,1.6762,1.66782,1.66968
2021-12-14T23:00:00+01:00,1.66968,1.6737,1.66776,1.67088
2021-12-15T11:00:00+01:00,1.67088,1.67504,1.66358,1.66408
2021-12-15T23:00:00+01:00,1.66408,1.6702,1.65862,1.6594
2021-12-16T11:00:00+01:00,1.6594,1.66992,1.65518,1.66579
2021-12-16T23:00:00+01:00,1.66579,1.674,1.66508,1.67346
2021-12-17T11:00:00+01:00,1.67346,1.67554,1.66634,1.66677
2021-12-19T23:00:00+01:00,1.66677,1.68018,1.66604,1.67912
2021-12-20T11:00:00+01:00,1.67912,1.68295,1.67548,1.67949
2021-12-20T23:00:00+01:00,1.67949,1.68198,1.6731,1.67419
2021-12-21T11:00:00+01:00,1.67419,1.67419,1.66538,1.66614
2021-12-21T23:00:00+01:00,1.66614,1.67234,1.66556,1.66708
2021-12-22T11:00:00+01:00,1.66708,1.6685,1.66054,1.66282
2021-12-22T23:00:00+01:00,1.66282,1.66855,1.65578,1.65618
2021-12-23T11:00:00+01:00,1.65618,1.66189,1.65535,1.65948
2021-12-23T23:00:00+01:00,1.65948,1.66425,1.65847,1.6616
2021-12-24T11:00:00+01:00,1.6616,1.66392,1.65518,1.65987
2021-12-26T23:00:00+01:00,1.65987,1.66562,1.65714,1.66475
2021-12-27T11:00:00+01:00,1.66475,1.66619,1.66062,1.66188
2021-12-27T23:00:00+01:00,1.66188,1.66412,1.66094,1.66276
2021-12-28T11:00:00+01:00,1.66276,1.66509,1.65856,1.66205
2021-12-28T23:00:00+01:00,1.66205,1.6649,1.65977,1.66122
2021-12-29T11:00:00+01:00,1.66122,1.66487,1.65872,1.66198
2021-12-29T23:00:00+01:00,1.66198,1.66214,1.65526,1.65637
2021-12-30T11:00:00+01:00,1.65637,1.65894,1.65282,1.65736
2021-12-30T23:00:00+01:00,1.65736,1.65944,1.65428,1.65598
2021-12-31T11:00:00+01:00,1.65598,1.66441,1.65503,1.66177
2022-01-02T23:00:00+01:00,1.66177,1.66662,1.6563,1.66164
2022-01-03T11:00:00+01:00,1.66164,1.66912,1.66128,1.66502
2022-01-03T23:00:00+01:00,1.66502,1.66602,1.66153,1.66288
2022-01-04T11:00:00+01:00,1.66288,1.66708,1.65608,1.65776
2022-01-04T23:00:00+01:00,1.65776,1.66378,1.65417,1.66068
2022-01-05T11:00:00+01:00,1.66068,1.66524,1.6579,1.66402
2022-01-05T23:00:00+01:00,1.66402,1.67738,1.66352,1.67568
2022-01-06T11:00:00+01:00,1.67568,1.6797,1.67124,1.67409
2022-01-06T23:00:00+01:00,1.67409,1.67723,1.67223,1.67584
2022-01-07T11:00:00+01:00,1.67584,1.68005,1.67256,1.67673
2022-01-09T23:00:00+01:00,1.67673,1.6783,1.67066,1.67291
2022-01-10T11:00:00+01:00,1.67291,1.68012,1.67122,1.67525
2022-01-10T23:00:00+01:00,1.67525,1.67823,1.67225,1.67274
2022-01-11T11:00:00+01:00,1.67274,1.67948,1.67228,1.67542
2022-01-11T23:00:00+01:00,1.67542,1.67782,1.67332,1.6759
2022-01-12T11:00:00+01:00,1.6759,1.67788,1.66864,1.67075
2022-01-12T23:00:00+01:00,1.67075,1.67546,1.66702,1.66734
2022-01-13T11:00:00+01:00,1.66734,1.67009,1.66473,1.66918
2022-01-13T23:00:00+01:00,1.66918,1.67474,1.6686,1.67212
2022-01-14T11:00:00+01:00,1.67212,1.67922,1.67102,1.67822
2022-01-16T23:00:00+01:00,1.67822,1.68024,1.67522,1.67777
2022-01-17T11:00:00+01:00,1.67777,1.67928,1.67541,1.67852
2022-01-17T23:00:00+01:00,1.67852,1.68426,1.6769,1.6826
2022-01-18T11:00:00+01:00,1.6826,1.6831,1.67223,1.67302
2022-01-18T23:00:00+01:00,1.67302,1.67411,1.66846,1.66938
2022-01-19T11:00:00+01:00,1.66938,1.67282,1.6657,1.67181
2022-01-19T23:00:00+01:00,1.67181,1.6797,1.67165,1.675
2022-01-20T11:00:00+01:00,1.675,1.67562,1.66748,1.67388
2022-01-20T23:00:00+01:00,1.67388,1.69072,1.67346,1.68874
2022-01-21T11:00:00+01:00,1.68874,1.69056,1.68342,1.68912
2022-01-23T23:00:00+01:00,1.68912,1.69056,1.68466,1.6889
2022-01-24T11:00:00+01:00,1.6889,1.69892,1.68845,1.69036
2022-01-24T23:00:00+01:00,1.69036,1.69706,1.68706,1.68976
2022-01-25T11:00:00+01:00,1.68976,1.69266,1.68728,1.6907
2022-01-25T23:00:00+01:00,1.6907,1.69281,1.6863,1.68724
2022-01-26T11:00:00+01:00,1.68724,1.69318,1.68438,1.68998
2022-01-26T23:00:00+01:00,1.68998,1.7008,1.6876,1.69016
2022-01-27T11:00:00+01:00,1.69016,1.69613,1.6841,1.69269
2022-01-27T23:00:00+01:00,1.69269,1.69855,1.68936,1.69792
2022-01-28T11:00:00+01:00,1.69792,1.70661,1.69754,1.70365
2022-01-30T23:00:00+01:00,1.70365,1.70368,1.69668,1.69826
2022-01-31T11:00:00+01:00,1.69826,1.7092,1.69632,1.70824
2022-01-31T23:00:00+01:00,1.70824,1.70968,1.70425,1.70752
2022-02-01T11:00:00+01:00,1.70752,1.70819,1.69425,1.69815
2022-02-01T23:00:00+01:00,1.69815,1.70257,1.69512,1.70032
2022-02-02T11:00:00+01:00,1.70032,1.70546,1.69996,1.70433
2022-02-02T23:00:00+01:00,1.70433,1.70966,1.69982,1.70073
2022-02-03T11:00:00+01:00,1.70073,1.71814,1.69752,1.71638
2022-02-03T23:00:00+01:00,1.71638,1.72593,1.7138,1.7248
2022-02-04T11:00:00+01:00,1.7248,1.73592,1.72451,1.73187
2022-02-06T23:00:00+01:00,1.73187,1.73529,1.7222,1.72522
2022-02-07T11:00:00+01:00,1.72522,1.73006,1.72222,1.72438
2022-02-07T23:00:00+01:00,1.72438,1.7253,1.71505,1.71599
2022-02-08T11:00:00+01:00,1.71599,1.72328,1.71594,1.71717
2022-02-08T23:00:00+01:00,1.71717,1.71975,1.71398,1.7144
2022-02-09T11:00:00+01:00,1.7144,1.7145,1.70756,1.70982
2022-02-09T23:00:00+01:00,1.70982,1.71122,1.70668,1.71065
2022-02-10T11:00:00+01:00,1.71065,1.71633,1.70321,1.71188
2022-02-10T23:00:00+01:00,1.71188,1.7167,1.7095,1.71268
2022-02-11T11:00:00+01:00,1.71268,1.71428,1.70226,1.7085
2022-02-13T23:00:00+01:00,1.7085,1.71552,1.70665,1.71214
2022-02-14T11:00:00+01:00,1.71214,1.71506,1.70669,1.70872
2022-02-14T23:00:00+01:00,1.70872,1.7125,1.70526,1.7113
2022-02-15T11:00:00+01:00,1.7113,1.71572,1.71,1.71114
2022-02-15T23:00:00+01:00,1.71114,1.71216,1.70738,1.71073
2022-02-16T11:00:00+01:00,1.71073,1.71362,1.70185,1.70276
2022-02-16T23:00:00+01:00,1.70276,1.70347,1.69496,1.69606
2022-02-17T11:00:00+01:00,1.69606,1.6989,1.69201,1.6978
2022-02-17T23:00:00+01:00,1.6978,1.69941,1.69001,1.69174
2022-02-18T11:00:00+01:00,1.69174,1.69423,1.68888,1.69094
2022-02-20T23:00:00+01:00,1.69094,1.69432,1.68882,1.68983
2022-02-21T11:00:00+01:00,1.68983,1.69148,1.684,1.68788
2022-02-21T23:00:00+01:00,1.68788,1.6911,1.68277,1.68628
2022-02-22T11:00:00+01:00,1.68628,1.68726,1.67924,1.68171
2022-02-22T23:00:00+01:00,1.68171,1.68286,1.66848,1.67066
2022-02-23T11:00:00+01:00,1.67066,1.67254,1.66623,1.66919
2022-02-23T23:00:00+01:00,1.66919,1.67634,1.66853,1.67213
2022-02-24T11:00:00+01:00,1.67213,1.67862,1.6659,1.67242
2022-02-24T23:00:00+01:00,1.67242,1.67512,1.66561,1.66682
2022-02-25T11:00:00+01:00,1.66682,1.67256,1.66382,1.67096
2022-02-27T23:00:00+01:00,1.67096,1.68637,1.66339,1.6645
2022-02-28T11:00:00+01:00,1.6645,1.66677,1.65552,1.65586
2022-02-28T23:00:00+01:00,1.65586,1.65899,1.65088,1.65338
2022-03-01T11:00:00+01:00,1.65338,1.65372,1.64266,1.64601
2022-03-01T23:00:00+01:00,1.64601,1.64884,1.6366,1.63896
2022-03-02T11:00:00+01:00,1.63896,1.64312,1.63566,1.6387
2022-03-02T23:00:00+01:00,1.6387,1.64108,1.634,1.63519
2022-03-03T11:00:00+01:00,1.63519,1.637,1.62596,1.6274
2022-03-03T23:00:00+01:00,1.6274,1.6287,1.61006,1.61282
2022-03-04T11:00:00+01:00,1.61282,1.61298,1.58877,1.59402
2022-03-06T23:00:00+01:00,1.59402,1.5955,1.56422,1.57748
2022-03-07T11:00:00+01:00,1.57748,1.59627,1.57292,1.59065
2022-03-07T23:00:00+01:00,1.59065,1.6008,1.58583,1.59327
2022-03-08T11:00:00+01:00,1.59327,1.6063,1.58994,1.60125
2022-03-08T23:00:00+01:00,1.60125,1.60594,1.59953,1.60359
2022-03-09T11:00:00+01:00,1.60359,1.62094,1.59942,1.61898
2022-03-09T23:00:00+01:00,1.61898,1.62226,1.61066,1.61082
2022-03-10T11:00:00+01:00,1.61082,1.62209,1.59832,1.60104
2022-03-10T23:00:00+01:00,1.60104,1.609,1.59992,1.60336
2022-03-11T11:00:00+01:00,1.60336,1.61152,1.59946,1.60306
2022-03-13T22:00:00+01:00,1.60306,1.61365,1.60306,1.61292
2022-03-14T10:00:00+01:00,1.61292,1.62484,1.6096,1.62188
2022-03-14T22:00:00+01:00,1.62188,1.63312,1.61919,1.6305
2022-03-15T10:00:00+01:00,1.6305,1.6319,1.61576,1.61742
2022-03-15T22:00:00+01:00,1.61742,1.62544,1.616,1.61932
2022-03-16T10:00:00+01:00,1.61932,1.6212,1.61145,1.6137
2022-03-16T22:00:00+01:00,1.6137,1.61676,1.61061,1.61472
2022-03-17T10:00:00+01:00,1.61472,1.61608,1.61073,1.6119
2022-03-17T22:00:00+01:00,1.6119,1.61274,1.60464,1.60754
2022-03-18T10:00:00+01:00,1.60754,1.60843,1.59885,1.59997
2022-03-20T22:00:00+01:00,1.59997,1.60486,1.59608,1.60281
2022-03-21T10:00:00+01:00,1.60281,1.6059,1.59752,1.59982
2022-03-21T22:00:00+01:00,1.59982,1.60214,1.5916,1.59333
2022-03-22T10:00:00+01:00,1.59333,1.59358,1.58314,1.58383
2022-03-22T22:00:00+01:00,1.58383,1.58796,1.58142,1.58574
2022-03-23T10:00:00+01:00,1.58574,1.58588,1.57546,1.57814
2022-03-23T22:00:00+01:00,1.57814,1.58204,1.57724,1.58018
2022-03-24T10:00:00+01:00,1.58018,1.58418,1.57736,1.57894
2022-03-24T22:00:00+01:00,1.57894,1.58468,1.57824,1.58304
2022-03-25T10:00:00+01:00,1.58304,1.58616,1.57672,1.5789
2022-03-27T23:00:00+02:00,1.5789,1.58242,1.5751,1.5822
2022-03-28T11:00:00+02:00,1.5822,1.59425,1.58106,1.59334
2022-03-28T23:00:00+02:00,1.59334,1.59781,1.58987,1.59683
2022-03-29T11:00:00+02:00,1.59683,1.61546,1.59523,1.5986
2022-03-29T23:00:00+02:00,1.5986,1.60024,1.59452,1.59968
2022-03-30T11:00:00+02:00,1.59968,1.60078,1.59306,1.59956
2022-03-30T23:00:00+02:00,1.59956,1.60839,1.59908,1.60496
2022-03-31T11:00:00+02:00,1.60496,1.60548,1.59498,1.59589
2022-03-31T23:00:00+02:00,1.59589,1.60202,1.59403,1.59481
2022-04-01T11:00:00+02:00,1.59481,1.59999,1.59028,1.59618
2022-04-03T23:00:00+02:00,1.59618,1.5996,1.58935,1.59074
2022-04-04T11:00:00+02:00,1.59074,1.59211,1.57576,1.57865
2022-04-04T23:00:00+02:00,1.57865,1.58058,1.56478,1.5651
2022-04-05T11:00:00+02:00,1.5651,1.57236,1.55942,1.57019
2022-04-05T23:00:00+02:00,1.57019,1.57316,1.56372,1.57078
2022-04-06T11:00:00+02:00,1.57078,1.57835,1.56578,1.57546
2022-04-06T23:00:00+02:00,1.57546,1.58402,1.57069,1.57766
2022-04-07T11:00:00+02:00,1.57766,1.58632,1.57618,1.57892
2022-04-07T23:00:00+02:00,1.57892,1.58526,1.57592,1.58436
2022-04-08T11:00:00+02:00,1.58436,1.5909,1.58313,1.58846
2022-04-10T23:00:00+02:00,1.58846,1.59786,1.58846,1.59628
2022-04-11T11:00:00+02:00,1.59628,1.59734,1.59179,1.59472
2022-04-11T23:00:00+02:00,1.59472,1.59722,1.58935,1.58988
2022-04-12T11:00:00+02:00,1.58988,1.59199,1.57565,1.58033
2022-04-12T23:00:00+02:00,1.58033,1.59677,1.56987,1.59667
2022-04-13T11:00:00+02:00,1.59667,1.60479,1.59478,1.60228
2022-04-13T23:00:00+02:00,1.60228,1.60354,1.59712,1.60032
2022-04-14T11:00:00+02:00,1.60032,1.60164,1.58487,1.59538
2022-04-14T23:00:00+02:00,1.59538,1.5977,1.58967,1.59596
2022-04-15T11:00:00+02:00,1.59596,1.60004,1.59194,1.59998
2022-04-17T23:00:00+02:00,1.59998,1.60484,1.59444,1.60276
2022-04-18T11:00:00+02:00,1.60276,1.60591,1.60172,1.60172
2022-04-18T23:00:00+02:00,1.60172,1.60302,1.59743,1.59824
2022-04-19T11:00:00+02:00,1.59824,1.60526,1.59818,1.60243
2022-04-19T23:00:00+02:00,1.60243,1.60286,1.59472,1.59745
2022-04-20T11:00:00+02:00,1.59745,1.6012,1.59306,1.59435
2022-04-20T23:00:00+02:00,1.59435,1.60897,1.5927,1.60659
2022-04-21T11:00:00+02:00,1.60659,1.61178,1.60275,1.6091
2022-04-21T23:00:00+02:00,1.6091,1.62182,1.60848,1.61796
2022-04-22T11:00:00+02:00,1.61796,1.62844,1.6171,1.62753
2022-04-24T23:00:00+02:00,1.62753,1.63577,1.62048,1.62416
2022-04-25T11:00:00+02:00,1.62416,1.62794,1.61738,1.61743
2022-04-25T23:00:00+02:00,1.61743,1.62108,1.6105,1.6107
2022-04-26T11:00:00+02:00,1.6107,1.6213,1.60922,1.62064
2022-04-26T23:00:00+02:00,1.62064,1.6229,1.61143,1.61184
2022-04-27T11:00:00+02:00,1.61184,1.61604,1.60809,1.61384
2022-04-27T23:00:00+02:00,1.61384,1.62264,1.61235,1.61442
2022-04-28T11:00:00+02:00,1.61442,1.62752,1.6141,1.61828
2022-04-28T23:00:00+02:00,1.61828,1.62278,1.61262,1.62048
2022-04-29T11:00:00+02:00,1.62048,1.63571,1.61127,1.633
2022-05-01T23:00:00+02:00,1.633,1.64048,1.62918,1.63416
2022-05-02T11:00:00+02:00,1.63416,1.63812,1.63006,1.63295
2022-05-02T23:00:00+02:00,1.63295,1.63748,1.62476,1.635
2022-05-03T11:00:00+02:00,1.635,1.64038,1.63328,1.63499
2022-05-03T23:00:00+02:00,1.63499,1.63736,1.63058,1.6311
2022-05-04T11:00:00+02:00,1.6311,1.63948,1.61784,1.62321
2022-05-04T23:00:00+02:00,1.62321,1.62911,1.61803,1.62681
2022-05-05T11:00:00+02:00,1.62681,1.64388,1.6251,1.64032
2022-05-05T23:00:00+02:00,1.64032,1.64644,1.63715,1.6457
2022-05-06T11:00:00+02:00,1.6457,1.64994,1.64044,1.64592
2022-05-08T23:00:00+02:00,1.64592,1.65834,1.64308,1.6567
2022-05-09T11:00:00+02:00,1.6567,1.67094,1.65501,1.67089
2022-05-09T23:00:00+02:00,1.67089,1.68023,1.66653,1.67055
2022-05-10T11:00:00+02:00,1.67055,1.67795,1.66668,1.67374
2022-05-10T23:00:00+02:00,1.67374,1.67603,1.6662,1.66685
2022-05-11T11:00:00+02:00,1.66685,1.67432,1.65672,1.67018
2022-05-11T23:00:00+02:00,1.67018,1.68422,1.66852,1.67332
2022-05-12T11:00:00+02:00,1.67332,1.67392,1.65864,1.66598
2022-05-12T23:00:00+02:00,1.66598,1.66786,1.66048,1.66633
2022-05-13T11:00:00+02:00,1.66633,1.66651,1.65467,1.65482
2022-05-15T23:00:00+02:00,1.65482,1.66838,1.65291,1.66316
2022-05-16T11:00:00+02:00,1.66316,1.66489,1.65149,1.65368
2022-05-16T23:00:00+02:00,1.65368,1.65586,1.6466,1.6476
2022-05-17T11:00:00+02:00,1.6476,1.66234,1.64588,1.65898
2022-05-17T23:00:00+02:00,1.65898,1.66057,1.65246,1.65508
2022-05-18T11:00:00+02:00,1.65508,1.66331,1.65369,1.66207
2022-05-18T23:00:00+02:00,1.66207,1.66683,1.65433,1.65735
2022-05-19T11:00:00+02:00,1.65735,1.65876,1.64702,1.65827
2022-05-19T23:00:00+02:00,1.65827,1.65995,1.64959,1.6504
2022-05-20T11:00:00+02:00,1.6504,1.6551,1.64664,1.64746
2022-05-22T23:00:00+02:00,1.64746,1.65232,1.63674,1.64558
2022-05-23T11:00:00+02:00,1.64558,1.65461,1.6441,1.65304
2022-05-23T23:00:00+02:00,1.65304,1.66648,1.6521,1.66604
2022-05-24T11:00:00+02:00,1.66604,1.6696,1.66036,1.6621
2022-05-24T23:00:00+02:00,1.6621,1.66824,1.64198,1.6491
2022-05-25T11:00:00+02:00,1.6491,1.65502,1.64756,1.64824
2022-05-25T23:00:00+02:00,1.64824,1.65526,1.64654,1.65126
2022-05-26T11:00:00+02:00,1.65126,1.66118,1.6506,1.6558
2022-05-26T23:00:00+02:00,1.6558,1.65854,1.64385,1.64489
2022-05-27T11:00:00+02:00,1.64489,1.64511,1.63828,1.64213
2022-05-29T23:00:00+02:00,1.64213,1.64498,1.63938,1.64494
2022-05-30T11:00:00+02:00,1.64494,1.6475,1.64294,1.64352
2022-05-30T23:00:00+02:00,1.64352,1.64796,1.6414,1.64412
2022-05-31T11:00:00+02:00,1.64412,1.6498,1.64025,1.647
2022-05-31T23:00:00+02:00,1.647,1.65334,1.64336,1.64824
2022-06-01T11:00:00+02:00,1.64824,1.64852,1.63991,1.64302
2022-06-01T23:00:00+02:00,1.64302,1.64896,1.64135,1.64356
2022-06-02T11:00:00+02:00,1.64356,1.6442,1.63708,1.63869
2022-06-02T23:00:00+02:00,1.63869,1.64244,1.63644,1.64071
2022-06-03T11:00:00+02:00,1.64071,1.64818,1.64058,1.64769
2022-06-05T23:00:00+02:00,1.64769,1.6504,1.64428,1.64494
2022-06-06T11:00:00+02:00,1.64494,1.64846,1.64008,1.64801
2022-06-06T23:00:00+02:00,1.64801,1.65868,1.64658,1.65508
2022-06-07T11:00:00+02:00,1.65508,1.65868,1.64806,1.64954
2022-06-07T23:00:00+02:00,1.64954,1.65952,1.64902,1.6583
2022-06-08T11:00:00+02:00,1.6583,1.66536,1.6576,1.66208
2022-06-08T23:00:00+02:00,1.66208,1.66576,1.65898,1.66032
2022-06-09T11:00:00+02:00,1.66032,1.67362,1.65854,1.66353
2022-06-09T23:00:00+02:00,1.66353,1.66387,1.65074,1.65188
2022-06-10T11:00:00+02:00,1.65188,1.65676,1.64712,1.65561
2022-06-12T23:00:00+02:00,1.65561,1.66109,1.65157,1.65967
2022-06-13T11:00:00+02:00,1.65967,1.66682,1.65942,1.66269
2022-06-13T23:00:00+02:00,1.66269,1.67404,1.65866,1.67148
2022-06-14T11:00:00+02:00,1.67148,1.67914,1.66796,1.67574
2022-06-14T23:00:00+02:00,1.67574,1.6854,1.67334,1.6819
2022-06-15T11:00:00+02:00,1.6819,1.6829,1.65571,1.66181
2022-06-15T23:00:00+02:00,1.66181,1.66774,1.65836,1.66009
2022-06-16T11:00:00+02:00,1.66009,1.66785,1.65474,1.65818
2022-06-16T23:00:00+02:00,1.65818,1.66475,1.65604,1.66128
2022-06-17T11:00:00+02:00,1.66128,1.66786,1.65808,1.66213
2022-06-19T23:00:00+02:00,1.66213,1.66471,1.65519,1.6581
2022-06-20T11:00:00+02:00,1.6581,1.66213,1.65406,1.65982
2022-06-20T23:00:00+02:00,1.65982,1.66346,1.65895,1.66279
2022-06-21T11:00:00+02:00,1.66279,1.6697,1.66098,1.66327
2022-06-21T23:00:00+02:00,1.66327,1.68246,1.66304,1.68164
2022-06-22T11:00:00+02:00,1.68164,1.68468,1.67817,1.68076
2022-06-22T23:00:00+02:00,1.68076,1.68908,1.67694,1.67808
2022-06-23T11:00:00+02:00,1.67808,1.6813,1.67075,1.67641
2022-06-23T23:00:00+02:00,1.67641,1.67848,1.67032,1.67383
2022-06-24T11:00:00+02:00,1.67383,1.67618,1.66775,1.672
2022-06-26T23:00:00+02:00,1.672,1.67745,1.66963,1.67379
2022-06-27T11:00:00+02:00,1.67379,1.68211,1.67379,1.67958
2022-06-27T23:00:00+02:00,1.67958,1.68541,1.67732,1.68072
2022-06-28T11:00:00+02:00,1.68072,1.68698,1.67727,1.68674
2022-06-28T23:00:00+02:00,1.68674,1.68982,1.67836,1.68905
2022-06-29T11:00:00+02:00,1.68905,1.69322,1.67742,1.6783
2022-06-29T23:00:00+02:00,1.6783,1.68472,1.67472,1.67548
2022-06-30T11:00:00+02:00,1.67548,1.68236,1.66655,1.67868
2022-06-30T23:00:00+02:00,1.67868,1.69434,1.67714,1.69285
2022-07-01T11:00:00+02:00,1.69285,1.6968,1.6763,1.68003
2022-07-03T23:00:00+02:00,1.68003,1.68362,1.6712,1.67534
2022-07-04T11:00:00+02:00,1.67534,1.68084,1.67094,1.67848
2022-07-04T23:00:00+02:00,1.67848,1.68322,1.67302,1.6737
2022-07-05T11:00:00+02:00,1.6737,1.67808,1.6628,1.66397
2022-07-05T23:00:00+02:00,1.66397,1.6664,1.65834,1.6588
2022-07-06T11:00:00+02:00,1.6588,1.66116,1.64612,1.65618
2022-07-06T23:00:00+02:00,1.65618,1.65797,1.64878,1.64968
2022-07-07T11:00:00+02:00,1.64968,1.6515,1.6431,1.64492
2022-07-07T23:00:00+02:00,1.64492,1.64838,1.6396,1.64362
2022-07-08T11:00:00+02:00,1.64362,1.65134,1.63978,1.64559
2022-07-10T23:00:00+02:00,1.64559,1.6474,1.63965,1.6411
2022-07-11T11:00:00+02:00,1.6411,1.64962,1.64102,1.64237
2022-07-11T23:00:00+02:00,1.64237,1.64359,1.63752,1.64006
2022-07-12T11:00:00+02:00,1.64006,1.64403,1.63678,1.63765
2022-07-12T23:00:00+02:00,1.63765,1.64219,1.6331,1.63558
2022-07-13T11:00:00+02:00,1.63558,1.64773,1.6326,1.64057
2022-07-13T23:00:00+02:00,1.64057,1.6449,1.63424,1.64428
2022-07-14T11:00:00+02:00,1.64428,1.64724,1.63533,1.63614
2022-07-14T23:00:00+02:00,1.63614,1.64096,1.63292,1.6363
2022-07-15T11:00:00+02:00,1.6363,1.63946,1.63182,1.63782
2022-07-17T23:00:00+02:00,1.63782,1.64524,1.63027,1.64037
2022-07-18T11:00:00+02:00,1.64037,1.65016,1.63968,1.64855
2022-07-18T23:00:00+02:00,1.64855,1.65006,1.64059,1.64493
2022-07-19T11:00:00+02:00,1.64493,1.64783,1.6419,1.64284
2022-07-19T23:00:00+02:00,1.64284,1.64477,1.63351,1.63916
2022-07-20T11:00:00+02:00,1.63916,1.6394,1.63002,1.6342
2022-07-20T23:00:00+02:00,1.6342,1.64584,1.63331,1.64482
2022-07-21T11:00:00+02:00,1.64482,1.65496,1.63534,1.6358
2022-07-21T23:00:00+02:00,1.6358,1.63927,1.62711,1.62887
2022-07-22T11:00:00+02:00,1.62887,1.63595,1.62266,1.63376
2022-07-24T23:00:00+02:00,1.63376,1.63953,1.63068,1.63455
2022-07-25T11:00:00+02:00,1.63455,1.6374,1.62991,1.63212
2022-07-25T23:00:00+02:00,1.63212,1.63577,1.63047,1.63307
2022-07-26T11:00:00+02:00,1.63307,1.63381,1.62155,1.62359
2022-07-26T23:00:00+02:00,1.62359,1.62986,1.6221,1.62764
2022-07-27T11:00:00+02:00,1.62764,1.6342,1.62518,1.62808
2022-07-27T23:00:00+02:00,1.62808,1.63152,1.62202,1.62442
2022-07-28T11:00:00+02:00,1.62442,1.62442,1.61344,1.6204
2022-07-28T23:00:00+02:00,1.6204,1.62312,1.61678,1.62199
2022-07-29T11:00:00+02:00,1.62199,1.63306,1.61986,1.62576
2022-07-31T23:00:00+02:00,1.62576,1.62894,1.61958,1.62186
2022-08-01T11:00:00+02:00,1.62186,1.6223,1.61412,1.62012
2022-08-01T23:00:00+02:00,1.62012,1.63146,1.61858,1.63118
2022-08-02T11:00:00+02:00,1.63118,1.63134,1.62096,1.6253
2022-08-02T23:00:00+02:00,1.6253,1.63412,1.62154,1.62809
2022-08-03T11:00:00+02:00,1.62809,1.6304,1.61912,1.62089
2022-08-03T23:00:00+02:00,1.62089,1.62468,1.61444,1.61726
2022-08-04T11:00:00+02:00,1.61726,1.62674,1.61228,1.62655
2022-08-04T23:00:00+02:00,1.62655,1.62899,1.62182,1.62386
2022-08-05T11:00:00+02:00,1.62386,1.63344,1.62346,1.63104
2022-08-07T23:00:00+02:00,1.63104,1.63247,1.62668,1.62795
2022-08-08T11:00:00+02:00,1.62795,1.62795,1.61808,1.62184
2022-08-08T23:00:00+02:00,1.62184,1.62876,1.6202,1.62782
2022-08-09T11:00:00+02:00,1.62782,1.6306,1.62392,1.62423
2022-08-09T23:00:00+02:00,1.62423,1.62606,1.62,1.6202
2022-08-10T11:00:00+02:00,1.6202,1.63009,1.60417,1.6082
2022-08-10T23:00:00+02:00,1.6082,1.6106,1.60527,1.60861
2022-08-11T11:00:00+02:00,1.60861,1.61092,1.60218,1.60544
2022-08-11T23:00:00+02:00,1.60544,1.60594,1.5945,1.59812
2022-08-12T11:00:00+02:00,1.59812,1.60127,1.58802,1.58952
2022-08-14T23:00:00+02:00,1.58952,1.60228,1.58912,1.60174
2022-08-15T11:00:00+02:00,1.60174,1.6046,1.59514,1.59624
2022-08-15T23:00:00+02:00,1.59624,1.60362,1.59506,1.59994
2022-08-16T11:00:00+02:00,1.59994,1.6074,1.59896,1.6029
2022-08-16T23:00:00+02:00,1.6029,1.61218,1.59466,1.61198
2022-08-17T11:00:00+02:00,1.61198,1.6241,1.61098,1.62048
2022-08-17T23:00:00+02:00,1.62048,1.62545,1.61838,1.62205
2022-08-18T11:00:00+02:00,1.62205,1.62225,1.6101,1.61214
2022-08-18T23:00:00+02:00,1.61214,1.62184,1.61003,1.62017
2022-08-19T11:00:00+02:00,1.62017,1.62764,1.61817,1.62648
2022-08-21T23:00:00+02:00,1.62648,1.62698,1.61269,1.61485
2022-08-22T11:00:00+02:00,1.61485,1.61648,1.61024,1.61125
2022-08-22T23:00:00+02:00,1.61125,1.61219,1.6037,1.6056
2022-08-23T11:00:00+02:00,1.6056,1.6109,1.60162,1.60433
2022-08-23T23:00:00+02:00,1.60433,1.61012,1.60306,1.604
2022-08-24T11:00:00+02:00,1.604,1.61348,1.60304,1.61072
2022-08-24T23:00:00+02:00,1.61072,1.61368,1.60118,1.60176
2022-08-25T11:00:00+02:00,1.60176,1.60532,1.59928,1.60232
2022-08-25T23:00:00+02:00,1.60232,1.61185,1.60172,1.61159
2022-08-26T11:00:00+02:00,1.61159,1.62552,1.60932,1.62377
2022-08-28T23:00:00+02:00,1.62377,1.62896,1.61927,1.62796
2022-08-29T11:00:00+02:00,1.62796,1.63446,1.62296,1.62462
2022-08-29T23:00:00+02:00,1.62462,1.62871,1.61857,1.61948
2022-08-30T11:00:00+02:00,1.61948,1.63526,1.61917,1.63416
2022-08-30T23:00:00+02:00,1.63416,1.63618,1.62788,1.62832
2022-08-31T11:00:00+02:00,1.62832,1.6436,1.62831,1.64268
2022-08-31T23:00:00+02:00,1.64268,1.64778,1.64059,1.64438
2022-09-01T11:00:00+02:00,1.64438,1.64518,1.63336,1.63612
2022-09-01T23:00:00+02:00,1.63612,1.64682,1.63488,1.63834
2022-09-02T11:00:00+02:00,1.63834,1.64378,1.62728,1.62897
2022-09-04T23:00:00+02:00,1.62897,1.63315,1.62324,1.62852
2022-09-05T11:00:00+02:00,1.62852,1.63034,1.62644,1.62924
2022-09-05T23:00:00+02:00,1.62924,1.6407,1.6253,1.63908
2022-09-06T11:00:00+02:00,1.63908,1.64134,1.6301,1.63994
2022-09-06T23:00:00+02:00,1.63994,1.6483,1.63903,1.64248
2022-09-07T11:00:00+02:00,1.64248,1.6502,1.64,1.64735
2022-09-07T23:00:00+02:00,1.64735,1.65442,1.64616,1.65438
2022-09-08T11:00:00+02:00,1.65438,1.65752,1.64422,1.65148
2022-09-08T23:00:00+02:00,1.65148,1.65296,1.64198,1.64432
2022-09-09T11:00:00+02:00,1.64432,1.64748,1.6413,1.64576
2022-09-11T23:00:00+02:00,1.64576,1.66002,1.64546,1.65726
2022-09-12T11:00:00+02:00,1.65726,1.65734,1.64486,1.64938
2022-09-12T23:00:00+02:00,1.64938,1.65478,1.64764,1.6538
2022-09-13T11:00:00+02:00,1.6538,1.66652,1.65086,1.66128
2022-09-13T23:00:00+02:00,1.66128,1.6686,1.65924,1.66667
2022-09-14T11:00:00+02:00,1.66667,1.67058,1.6586,1.66194
2022-09-14T23:00:00+02:00,1.66194,1.66469,1.6568,1.6627
2022-09-15T11:00:00+02:00,1.6627,1.67598,1.66225,1.6756
2022-09-15T23:00:00+02:00,1.6756,1.6787,1.67004,1.67256
2022-09-16T11:00:00+02:00,1.67256,1.67853,1.66988,1.67172
2022-09-18T23:00:00+02:00,1.67172,1.67743,1.67053,1.67711
2022-09-19T11:00:00+02:00,1.67711,1.68568,1.67615,1.68226
2022-09-19T23:00:00+02:00,1.68226,1.69202,1.68055,1.69184
2022-09-20T11:00:00+02:00,1.69184,1.69566,1.68884,1.69124
2022-09-20T23:00:00+02:00,1.69124,1.69314,1.68112,1.68244
2022-09-21T11:00:00+02:00,1.68244,1.68658,1.67458,1.68109
2022-09-21T23:00:00+02:00,1.68109,1.69243,1.67756,1.68232
2022-09-22T11:00:00+02:00,1.68232,1.68776,1.67948,1.68256
2022-09-22T23:00:00+02:00,1.68256,1.6869,1.67802,1.68093
2022-09-23T11:00:00+02:00,1.68093,1.69055,1.67922,1.68712
2022-09-25T23:00:00+02:00,1.68712,1.69058,1.67691,1.68827
2022-09-26T11:00:00+02:00,1.68827,1.70798,1.6834,1.70564
2022-09-26T23:00:00+02:00,1.70564,1.70608,1.68768,1.68829
2022-09-27T11:00:00+02:00,1.68829,1.70492,1.68583,1.70298
2022-09-27T23:00:00+02:00,1.70298,1.71636,1.70137,1.70751
2022-09-28T11:00:00+02:00,1.70751,1.71156,1.69322,1.69987
2022-09-28T23:00:00+02:00,1.69987,1.70718,1.69735,1.70578
2022-09-29T11:00:00+02:00,1.70578,1.7203,1.70256,1.7141
2022-09-29T23:00:00+02:00,1.7141,1.71984,1.71003,1.71696
2022-09-30T11:00:00+02:00,1.71696,1.75334,1.71462,1.75092
2022-10-02T23:00:00+02:00,1.75092,1.75092,1.73426,1.73454
2022-10-03T11:00:00+02:00,1.73454,1.73633,1.71326,1.71728
2022-10-03T23:00:00+02:00,1.71728,1.7295,1.71398,1.72198
2022-10-04T11:00:00+02:00,1.72198,1.74574,1.72116,1.74308
2022-10-04T23:00:00+02:00,1.74308,1.74878,1.72069,1.7344
2022-10-05T11:00:00+02:00,1.7344,1.74256,1.71952,1.72297
2022-10-05T23:00:00+02:00,1.72297,1.7281,1.70723,1.72726
2022-10-06T11:00:00+02:00,1.72726,1.7368,1.72418,1.73058
2022-10-06T23:00:00+02:00,1.73058,1.73688,1.72674,1.73369
2022-10-07T11:00:00+02:00,1.73369,1.73963,1.72598,1.7375
2022-10-09T23:00:00+02:00,1.7375,1.74108,1.73223,1.73407
2022-10-10T11:00:00+02:00,1.73407,1.74784,1.73066,1.74348
2022-10-10T23:00:00+02:00,1.74348,1.74811,1.74023,1.74279
2022-10-11T11:00:00+02:00,1.74279,1.74402,1.72764,1.73824
2022-10-11T23:00:00+02:00,1.73824,1.74219,1.73108,1.73493
2022-10-12T11:00:00+02:00,1.73493,1.73905,1.72535,1.72964
2022-10-12T23:00:00+02:00,1.72964,1.73259,1.72748,1.72875
2022-10-13T11:00:00+02:00,1.72875,1.74938,1.72252,1.73372
2022-10-13T23:00:00+02:00,1.73372,1.7361,1.72358,1.73072
2022-10-14T11:00:00+02:00,1.73072,1.75108,1.72508,1.74964
2022-10-16T23:00:00+02:00,1.74964,1.75494,1.73971,1.7411
2022-10-17T11:00:00+02:00,1.7411,1.74913,1.73529,1.74665
2022-10-17T23:00:00+02:00,1.74665,1.753,1.7284,1.73518
2022-10-18T11:00:00+02:00,1.73518,1.74017,1.722,1.73396
2022-10-18T23:00:00+02:00,1.73396,1.73522,1.72668,1.72706
2022-10-19T11:00:00+02:00,1.72706,1.72852,1.72026,1.72358
2022-10-19T23:00:00+02:00,1.72358,1.73525,1.72242,1.728
2022-10-20T11:00:00+02:00,1.728,1.7283,1.71234,1.72375
2022-10-20T23:00:00+02:00,1.72375,1.73249,1.72194,1.72843
2022-10-21T11:00:00+02:00,1.72843,1.73517,1.70987,1.71166
2022-10-23T23:00:00+02:00,1.71166,1.727,1.70698,1.72508
2022-10-24T11:00:00+02:00,1.72508,1.74265,1.72436,1.73406
2022-10-24T23:00:00+02:00,1.73406,1.73647,1.72612,1.73142
2022-10-25T11:00:00+02:00,1.73142,1.74022,1.72578,1.73172
2022-10-25T23:00:00+02:00,1.73172,1.7376,1.72578,1.72718
2022-10-26T11:00:00+02:00,1.72718,1.73091,1.72329,1.72748
2022-10-26T23:00:00+02:00,1.72748,1.73225,1.71722,1.72635
2022-10-27T11:00:00+02:00,1.72635,1.73347,1.7038,1.70975
2022-10-27T23:00:00+02:00,1.70975,1.71626,1.70106,1.71284
2022-10-28T11:00:00+02:00,1.71284,1.72089,1.71164,1.71408
2022-10-30T22:00:00+01:00,1.71408,1.7175,1.70469,1.71054
2022-10-31T10:00:00+01:00,1.71054,1.71502,1.69754,1.7
2022-10-31T22:00:00+01:00,1.7,1.70112,1.6888,1.69064
2022-11-01T10:00:00+01:00,1.69064,1.6977,1.68512,1.69039
2022-11-01T22:00:00+01:00,1.69039,1.69272,1.68078,1.68466
2022-11-02T10:00:00+01:00,1.68466,1.69131,1.67858,1.68725
2022-11-02T22:00:00+01:00,1.68725,1.69166,1.68386,1.69042
2022-11-03T10:00:00+01:00,1.69042,1.69688,1.68583,1.68926
2022-11-03T22:00:00+01:00,1.68926,1.69411,1.67835,1.679
2022-11-04T10:00:00+01:00,1.679,1.68354,1.6736,1.6796
2022-11-06T23:00:00+01:00,1.6796,1.6916,1.6796,1.68758
2022-11-07T11:00:00+01:00,1.68758,1.69092,1.68186,1.68684
2022-11-07T23:00:00+01:00,1.68684,1.6936,1.68416,1.68512
2022-11-08T11:00:00+01:00,1.68512,1.69186,1.68094,1.69026
2022-11-08T23:00:00+01:00,1.69026,1.7022,1.6894,1.70056
2022-11-09T11:00:00+01:00,1.70056,1.70462,1.69604,1.70122
2022-11-09T23:00:00+01:00,1.70122,1.71131,1.69984,1.70008
2022-11-10T11:00:00+01:00,1.70008,1.70313,1.68374,1.69346
2022-11-10T23:00:00+01:00,1.69346,1.70027,1.69103,1.69679
2022-11-11T11:00:00+01:00,1.69679,1.70447,1.68981,1.692
2022-11-13T23:00:00+01:00,1.692,1.70362,1.68949,1.69546
2022-11-14T11:00:00+01:00,1.69546,1.69829,1.69067,1.69411
2022-11-14T23:00:00+01:00,1.69411,1.69548,1.68534,1.69074
2022-11-15T11:00:00+01:00,1.69074,1.69584,1.6755,1.6809
2022-11-15T23:00:00+01:00,1.6809,1.68868,1.67832,1.6842
2022-11-16T11:00:00+01:00,1.6842,1.69312,1.68212,1.69012
2022-11-16T23:00:00+01:00,1.69012,1.69411,1.68664,1.69273
2022-11-17T11:00:00+01:00,1.69273,1.70172,1.6901,1.69119
2022-11-17T23:00:00+01:00,1.69119,1.69513,1.67768,1.68199
2022-11-18T11:00:00+01:00,1.68199,1.68314,1.67294,1.6775
2022-11-20T23:00:00+01:00,1.6775,1.68037,1.6736,1.67442
2022-11-21T11:00:00+01:00,1.67442,1.68172,1.67194,1.67876
2022-11-21T23:00:00+01:00,1.67876,1.68042,1.67008,1.67036
2022-11-22T11:00:00+01:00,1.67036,1.67566,1.6675,1.67438
2022-11-22T23:00:00+01:00,1.67438,1.68362,1.6651,1.6713
2022-11-23T11:00:00+01:00,1.6713,1.67379,1.6622,1.66415
2022-11-23T23:00:00+01:00,1.66415,1.66975,1.66392,1.66613
2022-11-24T11:00:00+01:00,1.66613,1.6662,1.65746,1.66178
2022-11-24T23:00:00+01:00,1.66178,1.66972,1.66113,1.66725
2022-11-25T11:00:00+01:00,1.66725,1.6697,1.66123,1.66362
2022-11-27T23:00:00+01:00,1.66362,1.67786,1.66362,1.67764
2022-11-28T11:00:00+01:00,1.67764,1.6847,1.67368,1.67718
2022-11-28T23:00:00+01:00,1.67718,1.67868,1.66147,1.66425
2022-11-29T11:00:00+01:00,1.66425,1.67112,1.65999,1.66552
2022-11-29T23:00:00+01:00,1.66552,1.66822,1.66003,1.66054
2022-11-30T11:00:00+01:00,1.66054,1.66922,1.6506,1.65322
2022-11-30T23:00:00+01:00,1.65322,1.65518,1.64556,1.64618
2022-12-01T11:00:00+01:00,1.64618,1.65224,1.64156,1.65202
2022-12-01T23:00:00+01:00,1.65202,1.65422,1.64236,1.64332
2022-12-02T11:00:00+01:00,1.64332,1.65006,1.6387,1.64412
2022-12-04T23:00:00+01:00,1.64412,1.65048,1.64234,1.64836
2022-12-05T11:00:00+01:00,1.64836,1.66562,1.6441,1.6611
2022-12-05T23:00:00+01:00,1.6611,1.66286,1.65294,1.66039
2022-12-06T11:00:00+01:00,1.66039,1.664,1.65574,1.65688
2022-12-06T23:00:00+01:00,1.65688,1.65936,1.65147,1.65713
2022-12-07T11:00:00+01:00,1.65713,1.66126,1.64768,1.65335
2022-12-07T23:00:00+01:00,1.65335,1.65918,1.65084,1.65327
2022-12-08T11:00:00+01:00,1.65327,1.65782,1.64924,1.65476
2022-12-08T23:00:00+01:00,1.65476,1.65832,1.65046,1.6566
2022-12-09T11:00:00+01:00,1.6566,1.65772,1.64048,1.64285
2022-12-11T23:00:00+01:00,1.64285,1.64998,1.64175,1.64506
2022-12-12T11:00:00+01:00,1.64506,1.65524,1.64454,1.65106
2022-12-12T23:00:00+01:00,1.65106,1.65264,1.64634,1.64936
2022-12-13T11:00:00+01:00,1.64936,1.65056,1.63503,1.64463
2022-12-13T23:00:00+01:00,1.64463,1.65292,1.6444,1.65262
2022-12-14T11:00:00+01:00,1.65262,1.66008,1.64922,1.65412
2022-12-14T23:00:00+01:00,1.65412,1.66611,1.65154,1.66487
2022-12-15T11:00:00+01:00,1.66487,1.67946,1.66224,1.67572
2022-12-15T23:00:00+01:00,1.67572,1.67782,1.67144,1.67156
2022-12-16T11:00:00+01:00,1.67156,1.67354,1.65812,1.65937
2022-12-18T23:00:00+01:00,1.65937,1.66722,1.65748,1.66066
2022-12-19T11:00:00+01:00,1.66066,1.66971,1.66066,1.66674
2022-12-19T23:00:00+01:00,1.66674,1.68042,1.66447,1.67304
2022-12-20T11:00:00+01:00,1.67304,1.6833,1.67216,1.67358
2022-12-20T23:00:00+01:00,1.67358,1.6908,1.67334,1.68626
2022-12-21T11:00:00+01:00,1.68626,1.68946,1.68269,1.68429
2022-12-21T23:00:00+01:00,1.68429,1.68875,1.68037,1.68815
2022-12-22T11:00:00+01:00,1.68815,1.69822,1.68589,1.69583
2022-12-22T23:00:00+01:00,1.69583,1.69927,1.68696,1.68759
2022-12-23T11:00:00+01:00,1.68759,1.69208,1.6843,1.68933
2022-12-26T23:00:00+01:00,1.68933,1.6985,1.68558,1.68935
2022-12-27T11:00:00+01:00,1.68935,1.69742,1.68796,1.69529
2022-12-27T23:00:00+01:00,1.69529,1.69961,1.68526,1.688
2022-12-28T11:00:00+01:00,1.688,1.68813,1.67642,1.68172
2022-12-28T23:00:00+01:00,1.68172,1.68995,1.67301,1.68792
2022-12-29T11:00:00+01:00,1.68792,1.68901,1.67741,1.67951
2022-12-29T23:00:00+01:00,1.67951,1.68716,1.67951,1.68178
2022-12-30T11:00:00+01:00,1.68178,1.69039,1.6776,1.68538
2023-01-01T23:00:00+01:00,1.68538,1.70758,1.68388,1.68816
2023-01-02T11:00:00+01:00,1.68816,1.6901,1.681,1.68532
2023-01-02T23:00:00+01:00,1.68532,1.69742,1.6781,1.68828
2023-01-03T11:00:00+01:00,1.68828,1.69704,1.68488,1.68779
2023-01-03T23:00:00+01:00,1.68779,1.68998,1.67165,1.67693
2023-01-04T11:00:00+01:00,1.67693,1.68605,1.6729,1.68467
2023-01-04T23:00:00+01:00,1.68467,1.69326,1.68132,1.69156
2023-01-05T11:00:00+01:00,1.69156,1.69392,1.68128,1.68958
2023-01-05T23:00:00+01:00,1.68958,1.69346,1.68436,1.69152
2023-01-06T11:00:00+01:00,1.69152,1.69462,1.674,1.67724
2023-01-08T23:00:00+01:00,1.67724,1.68001,1.6674,1.66994
2023-01-09T11:00:00+01:00,1.66994,1.68594,1.66918,1.68508
2023-01-09T23:00:00+01:00,1.68508,1.68734,1.68134,1.68381
2023-01-10T11:00:00+01:00,1.68381,1.68926,1.68143,1.6852
2023-01-10T23:00:00+01:00,1.6852,1.68935,1.68312,1.68645
2023-01-11T11:00:00+01:00,1.68645,1.69746,1.68621,1.68984
2023-01-11T23:00:00+01:00,1.68984,1.69658,1.68824,1.69231
2023-01-12T11:00:00+01:00,1.69231,1.70276,1.68724,1.69718
2023-01-12T23:00:00+01:00,1.69718,1.70388,1.69231,1.69572
2023-01-13T11:00:00+01:00,1.69572,1.70407,1.69415,1.69688
2023-01-15T23:00:00+01:00,1.69688,1.69954,1.69081,1.69247
2023-01-16T11:00:00+01:00,1.69247,1.69646,1.69148,1.69607
2023-01-16T23:00:00+01:00,1.69607,1.69686,1.68781,1.69157
2023-01-17T11:00:00+01:00,1.69157,1.6981,1.67728,1.67806
2023-01-17T23:00:00+01:00,1.67806,1.67981,1.66734,1.67561
2023-01-18T11:00:00+01:00,1.67561,1.67977,1.66668,1.67504
2023-01-18T23:00:00+01:00,1.67504,1.6961,1.67396,1.69491
2023-01-19T11:00:00+01:00,1.69491,1.69831,1.6896,1.694
2023-01-19T23:00:00+01:00,1.694,1.69483,1.68518,1.68812
2023-01-20T11:00:00+01:00,1.68812,1.68963,1.67638,1.67716
2023-01-22T23:00:00+01:00,1.67716,1.68729,1.67369,1.68038
2023-01-23T11:00:00+01:00,1.68038,1.68522,1.67382,1.6752
2023-01-23T23:00:00+01:00,1.6752,1.67744,1.66996,1.6746
2023-01-24T11:00:00+01:00,1.6746,1.67808,1.66822,1.67372
2023-01-24T23:00:00+01:00,1.67372,1.68254,1.67328,1.67938
2023-01-25T11:00:00+01:00,1.67938,1.6886,1.67508,1.6847
2023-01-25T23:00:00+01:00,1.6847,1.68618,1.67996,1.68228
2023-01-26T11:00:00+01:00,1.68228,1.68284,1.6755,1.67808
2023-01-26T23:00:00+01:00,1.67808,1.67928,1.6715,1.67792
2023-01-27T11:00:00+01:00,1.67792,1.67956,1.67252,1.67392
2023-01-29T23:00:00+01:00,1.67392,1.68146,1.67172,1.67974
2023-01-30T11:00:00+01:00,1.67974,1.68174,1.6743,1.67762
2023-01-30T23:00:00+01:00,1.67762,1.68524,1.67604,1.68473
2023-01-31T11:00:00+01:00,1.68473,1.68882,1.6764,1.68701
2023-01-31T23:00:00+01:00,1.68701,1.69149,1.6854,1.6905
2023-02-01T11:00:00+01:00,1.6905,1.69764,1.68772,1.68917
2023-02-01T23:00:00+01:00,1.68917,1.69144,1.68458,1.68674
2023-02-02T11:00:00+01:00,1.68674,1.68842,1.67564,1.68514
2023-02-02T23:00:00+01:00,1.68514,1.68902,1.68132,1.689
2023-02-03T11:00:00+01:00,1.689,1.70802,1.6844,1.70612
2023-02-05T23:00:00+01:00,1.70612,1.71108,1.70392,1.70648
2023-02-06T11:00:00+01:00,1.70648,1.71082,1.70072,1.70086
2023-02-06T23:00:00+01:00,1.70086,1.70211,1.69206,1.6926
2023-02-07T11:00:00+01:00,1.6926,1.7015,1.69164,1.69585
2023-02-07T23:00:00+01:00,1.69585,1.69974,1.69447,1.69535
2023-02-08T11:00:00+01:00,1.69535,1.70264,1.69471,1.69902
2023-02-08T23:00:00+01:00,1.69902,1.69964,1.68663,1.6911
2023-02-09T11:00:00+01:00,1.6911,1.69833,1.68848,1.69734
2023-02-09T23:00:00+01:00,1.69734,1.70122,1.69182,1.69217
2023-02-10T11:00:00+01:00,1.69217,1.69453,1.687,1.69224
2023-02-12T23:00:00+01:00,1.69224,1.6945,1.68309,1.68705
2023-02-13T11:00:00+01:00,1.68705,1.68828,1.68367,1.68624
2023-02-13T23:00:00+01:00,1.68624,1.69885,1.68576,1.69751
2023-02-14T11:00:00+01:00,1.69751,1.70182,1.68918,1.69438
2023-02-14T23:00:00+01:00,1.69438,1.70694,1.69398,1.70566
2023-02-15T11:00:00+01:00,1.70566,1.70908,1.69882,1.70146
2023-02-15T23:00:00+01:00,1.70146,1.70816,1.69692,1.70016
2023-02-16T11:00:00+01:00,1.70016,1.70956,1.6999,1.70572
2023-02-16T23:00:00+01:00,1.70572,1.71662,1.70398,1.71544
2023-02-17T11:00:00+01:00,1.71544,1.71688,1.70962,1.71299
2023-02-19T23:00:00+01:00,1.71299,1.71704,1.70924,1.71498
2023-02-20T11:00:00+01:00,1.71498,1.7156,1.70588,1.70882
2023-02-20T23:00:00+01:00,1.70882,1.71772,1.7042,1.70866
2023-02-21T11:00:00+01:00,1.70866,1.7166,1.70558,1.71348
2023-02-21T23:00:00+01:00,1.71348,1.71719,1.70618,1.71054
2023-02-22T11:00:00+01:00,1.71054,1.71152,1.7028,1.70508
2023-02-22T23:00:00+01:00,1.70508,1.70632,1.69928,1.69956
2023-02-23T11:00:00+01:00,1.69956,1.70636,1.69884,1.70142
2023-02-23T23:00:00+01:00,1.70142,1.7056,1.69834,1.70316
2023-02-24T11:00:00+01:00,1.70316,1.7143,1.70274,1.71078
2023-02-26T23:00:00+01:00,1.71078,1.71862,1.70942,1.71525
2023-02-27T11:00:00+01:00,1.71525,1.72111,1.71491,1.72048
2023-02-27T23:00:00+01:00,1.72048,1.72893,1.71724,1.72605
2023-02-28T11:00:00+01:00,1.72605,1.7266,1.709,1.70984
2023-02-28T23:00:00+01:00,1.70984,1.71385,1.70028,1.70128
2023-03-01T11:00:00+01:00,1.70128,1.71078,1.70024,1.70524
2023-03-01T23:00:00+01:00,1.70524,1.71116,1.70518,1.70728
2023-03-02T11:00:00+01:00,1.70728,1.70954,1.70264,1.7039
2023-03-02T23:00:00+01:00,1.7039,1.7062,1.70028,1.70192
2023-03-03T11:00:00+01:00,1.70192,1.71096,1.70106,1.70885
2023-03-05T23:00:00+01:00,1.70885,1.721,1.7082,1.71747
2023-03-06T11:00:00+01:00,1.71747,1.72768,1.7172,1.72403
2023-03-06T23:00:00+01:00,1.72403,1.72527,1.71682,1.72012
2023-03-07T11:00:00+01:00,1.72012,1.72813,1.71798,1.72747
2023-03-07T23:00:00+01:00,1.72747,1.73057,1.72152,1.72188
2023-03-08T11:00:00+01:00,1.72188,1.72874,1.72134,1.72642
2023-03-08T23:00:00+01:00,1.72642,1.72801,1.72145,1.7239
2023-03-09T11:00:00+01:00,1.7239,1.73501,1.71968,1.7347
2023-03-09T23:00:00+01:00,1.7347,1.73788,1.73086,1.73192
2023-03-10T11:00:00+01:00,1.73192,1.73783,1.72604,1.7341
2023-03-12T22:00:00+01:00,1.7341,1.742,1.72766,1.72771
2023-03-13T10:00:00+01:00,1.72771,1.73084,1.71274,1.72534
2023-03-13T22:00:00+01:00,1.72534,1.72622,1.71462,1.72146
2023-03-14T10:00:00+01:00,1.72146,1.73018,1.71754,1.72106
2023-03-14T22:00:00+01:00,1.72106,1.73064,1.71723,1.72659
2023-03-15T10:00:00+01:00,1.72659,1.72713,1.69712,1.70902
2023-03-15T22:00:00+01:00,1.70902,1.72334,1.70834,1.72013
2023-03-16T10:00:00+01:00,1.72013,1.72512,1.71292,1.71302
2023-03-16T22:00:00+01:00,1.71302,1.71624,1.7042,1.70656
2023-03-17T10:00:00+01:00,1.70656,1.70748,1.6991,1.70176
2023-03-19T22:00:00+01:00,1.70176,1.709,1.69988,1.7055
2023-03-20T10:00:00+01:00,1.7055,1.71736,1.70534,1.71698
2023-03-20T22:00:00+01:00,1.71698,1.73422,1.71412,1.73417
2023-03-21T10:00:00+01:00,1.73417,1.74594,1.73251,1.73863
2023-03-21T22:00:00+01:00,1.73863,1.74476,1.73021,1.73544
2023-03-22T10:00:00+01:00,1.73544,1.74615,1.73304,1.74523
2023-03-22T22:00:00+01:00,1.74523,1.74604,1.73326,1.73512
2023-03-23T10:00:00+01:00,1.73512,1.73884,1.73184,1.7333
2023-03-23T22:00:00+01:00,1.7333,1.73768,1.73172,1.73381
2023-03-24T10:00:00+01:00,1.73381,1.73689,1.72728,1.73504
2023-03-26T23:00:00+02:00,1.73504,1.73802,1.73315,1.73562
2023-03-27T11:00:00+02:00,1.73562,1.74552,1.73521,1.74286
2023-03-27T23:00:00+02:00,1.74286,1.74319,1.73413,1.7386
2023-03-28T11:00:00+02:00,1.7386,1.73979,1.73394,1.73438
2023-03-28T23:00:00+02:00,1.73438,1.73936,1.72844,1.73805
2023-03-29T11:00:00+02:00,1.73805,1.74406,1.73714,1.74219
2023-03-29T23:00:00+02:00,1.74219,1.74568,1.73493,1.74138
2023-03-30T11:00:00+02:00,1.74138,1.74934,1.7401,1.74124
2023-03-30T23:00:00+02:00,1.74124,1.74211,1.73306,1.73964
2023-03-31T11:00:00+02:00,1.73964,1.74242,1.73284,1.73332
2023-04-02T23:00:00+02:00,1.73332,1.74006,1.73213,1.73888
2023-04-03T11:00:00+02:00,1.73888,1.73933,1.72666,1.7315
2023-04-03T23:00:00+02:00,1.7315,1.73726,1.72682,1.73538
2023-04-04T11:00:00+02:00,1.73538,1.74058,1.7315,1.73604
2023-04-04T23:00:00+02:00,1.73604,1.73886,1.7178,1.7339
2023-04-05T11:00:00+02:00,1.7339,1.74016,1.72428,1.7263
2023-04-05T23:00:00+02:00,1.7263,1.73646,1.7248,1.73438
2023-04-06T11:00:00+02:00,1.73438,1.74975,1.73362,1.74898
2023-04-06T23:00:00+02:00,1.74898,1.7494,1.74248,1.74272
2023-04-07T11:00:00+02:00,1.74272,1.75269,1.74028,1.74334
2023-04-09T23:00:00+02:00,1.74334,1.74977,1.74308,1.7472
2023-04-10T11:00:00+02:00,1.7472,1.75154,1.74472,1.74624
2023-04-10T23:00:00+02:00,1.74624,1.754,1.74428,1.75308
2023-04-11T11:00:00+02:00,1.75308,1.76446,1.75253,1.76226
2023-04-11T23:00:00+02:00,1.76226,1.76649,1.76111,1.76491
2023-04-12T11:00:00+02:00,1.76491,1.7702,1.75901,1.76834
2023-04-12T23:00:00+02:00,1.76834,1.77241,1.76454,1.76612
2023-04-13T11:00:00+02:00,1.76612,1.76696,1.75078,1.75432
2023-04-13T23:00:00+02:00,1.75432,1.75902,1.7519,1.75864
2023-04-14T11:00:00+02:00,1.75864,1.77204,1.75444,1.7707
2023-04-16T23:00:00+02:00,1.7707,1.77363,1.76954,1.77005
2023-04-17T11:00:00+02:00,1.77005,1.77416,1.76667,1.76784
2023-04-17T23:00:00+02:00,1.76784,1.76891,1.76448,1.76803
2023-04-18T11:00:00+02:00,1.76803,1.76876,1.76247,1.76761
2023-04-18T23:00:00+02:00,1.76761,1.77114,1.76556,1.77095
2023-04-19T11:00:00+02:00,1.77095,1.77218,1.76149,1.76726
2023-04-19T23:00:00+02:00,1.76726,1.78166,1.7653,1.77854
2023-04-20T11:00:00+02:00,1.77854,1.77966,1.77063,1.77596
2023-04-20T23:00:00+02:00,1.77596,1.78766,1.77478,1.7864
2023-04-21T11:00:00+02:00,1.7864,1.79214,1.78316,1.79022
2023-04-23T23:00:00+02:00,1.79022,1.79212,1.78628,1.79098
2023-04-24T11:00:00+02:00,1.79098,1.79612,1.79024,1.79112
2023-04-24T23:00:00+02:00,1.79112,1.79314,1.78782,1.79026
2023-04-25T11:00:00+02:00,1.79026,1.79058,1.7852,1.78828
2023-04-25T23:00:00+02:00,1.78828,1.80204,1.78504,1.80156
2023-04-26T11:00:00+02:00,1.80156,1.80838,1.80008,1.80516
2023-04-26T23:00:00+02:00,1.80516,1.80628,1.7962,1.79642
2023-04-27T11:00:00+02:00,1.79642,1.7983,1.79268,1.79371
2023-04-27T23:00:00+02:00,1.79371,1.79726,1.7896,1.79346
2023-04-28T11:00:00+02:00,1.79346,1.79386,1.78044,1.78215
2023-04-30T23:00:00+02:00,1.78215,1.78656,1.77704,1.78002
2023-05-01T11:00:00+02:00,1.78002,1.78394,1.77668,1.77982
2023-05-01T23:00:00+02:00,1.77982,1.78028,1.77039,1.77161
2023-05-02T11:00:00+02:00,1.77161,1.77348,1.76359,1.7721
2023-05-02T23:00:00+02:00,1.7721,1.77304,1.76399,1.77082
2023-05-03T11:00:00+02:00,1.77082,1.77573,1.76915,1.77548
2023-05-03T23:00:00+02:00,1.77548,1.784,1.7703,1.77117
2023-05-04T11:00:00+02:00,1.77117,1.77187,1.75062,1.7534
2023-05-04T23:00:00+02:00,1.7534,1.75455,1.7484,1.7518
2023-05-05T11:00:00+02:00,1.7518,1.75334,1.74722,1.75046
2023-05-07T23:00:00+02:00,1.75046,1.75185,1.7447,1.74542
2023-05-08T11:00:00+02:00,1.74542,1.7457,1.733,1.73422
2023-05-08T23:00:00+02:00,1.73422,1.73822,1.73248,1.73416
2023-05-09T11:00:00+02:00,1.73416,1.73476,1.72994,1.73
2023-05-09T23:00:00+02:00,1.73,1.7333,1.72782,1.7301
2023-05-10T11:00:00+02:00,1.7301,1.73096,1.72395,1.72518
2023-05-10T23:00:00+02:00,1.72518,1.72706,1.72062,1.72284
2023-05-11T11:00:00+02:00,1.72284,1.73474,1.72028,1.73308
2023-05-11T23:00:00+02:00,1.73308,1.74961,1.73144,1.74811
2023-05-12T11:00:00+02:00,1.74811,1.75571,1.74611,1.75274
2023-05-14T23:00:00+02:00,1.75274,1.75349,1.74572,1.7475
2023-05-15T11:00:00+02:00,1.7475,1.75173,1.7418,1.74311
2023-05-15T23:00:00+02:00,1.74311,1.74544,1.73906,1.74285
2023-05-16T11:00:00+02:00,1.74285,1.7455,1.74044,1.74318
2023-05-16T23:00:00+02:00,1.74318,1.74482,1.73558,1.73607
2023-05-17T11:00:00+02:00,1.73607,1.73607,1.72698,1.73476
2023-05-17T23:00:00+02:00,1.73476,1.73805,1.72786,1.7335
2023-05-18T11:00:00+02:00,1.7335,1.73614,1.73003,1.73014
2023-05-18T23:00:00+02:00,1.73014,1.73034,1.7193,1.72034
2023-05-19T11:00:00+02:00,1.72034,1.72268,1.71672,1.72221
2023-05-21T23:00:00+02:00,1.72221,1.72574,1.71952,1.72132
2023-05-22T11:00:00+02:00,1.72132,1.7239,1.71982,1.71982
2023-05-22T23:00:00+02:00,1.71982,1.72558,1.71676,1.72324
2023-05-23T11:00:00+02:00,1.72324,1.72748,1.72102,1.7239
2023-05-23T23:00:00+02:00,1.7239,1.75852,1.72196,1.75526
2023-05-24T11:00:00+02:00,1.75526,1.76432,1.7539,1.75854
2023-05-24T23:00:00+02:00,1.75854,1.76632,1.75822,1.76226
2023-05-25T11:00:00+02:00,1.76226,1.7738,1.76216,1.76902
2023-05-25T23:00:00+02:00,1.76902,1.77234,1.76478,1.76714
2023-05-26T11:00:00+02:00,1.76714,1.77554,1.76312,1.77351
2023-05-28T23:00:00+02:00,1.77351,1.7751,1.76806,1.76934
2023-05-29T11:00:00+02:00,1.76934,1.76992,1.76666,1.76862
2023-05-29T23:00:00+02:00,1.76862,1.77522,1.76656,1.76916
2023-05-30T11:00:00+02:00,1.76916,1.77631,1.76868,1.77612
2023-05-30T23:00:00+02:00,1.77612,1.78384,1.77408,1.77799
2023-05-31T11:00:00+02:00,1.77799,1.78186,1.77268,1.77512
2023-05-31T23:00:00+02:00,1.77512,1.78174,1.77432,1.7792
2023-06-01T11:00:00+02:00,1.7792,1.78099,1.76844,1.77269
2023-06-01T23:00:00+02:00,1.77269,1.77586,1.7633,1.76396
2023-06-02T11:00:00+02:00,1.76396,1.76878,1.76244,1.76723
2023-06-04T23:00:00+02:00,1.76723,1.76898,1.76332,1.76662
2023-06-05T11:00:00+02:00,1.76662,1.76868,1.76132,1.76492
2023-06-05T23:00:00+02:00,1.76492,1.76657,1.75788,1.7592
2023-06-06T11:00:00+02:00,1.7592,1.76498,1.75698,1.7591
2023-06-06T23:00:00+02:00,1.7591,1.76298,1.7573,1.75896
2023-06-07T11:00:00+02:00,1.75896,1.77264,1.7586,1.77207
2023-06-07T23:00:00+02:00,1.77207,1.77367,1.7632,1.7654
2023-06-08T11:00:00+02:00,1.7654,1.77108,1.76354,1.76911
2023-06-08T23:00:00+02:00,1.76911,1.77082,1.76528,1.76592
2023-06-09T11:00:00+02:00,1.76592,1.76746,1.7534,1.75365
2023-06-11T23:00:00+02:00,1.75365,1.75766,1.75268,1.75323
2023-06-12T11:00:00+02:00,1.75323,1.761,1.75166,1.75698
2023-06-12T23:00:00+02:00,1.75698,1.76418,1.75477,1.7585
2023-06-13T11:00:00+02:00,1.7585,1.76156,1.74983,1.75511
2023-06-13T23:00:00+02:00,1.75511,1.75596,1.74994,1.75134
2023-06-14T11:00:00+02:00,1.75134,1.75273,1.73953,1.74524
2023-06-14T23:00:00+02:00,1.74524,1.75586,1.7425,1.7542
2023-06-15T11:00:00+02:00,1.7542,1.76276,1.75288,1.75556
2023-06-15T23:00:00+02:00,1.75556,1.7588,1.75241,1.75541
2023-06-16T11:00:00+02:00,1.75541,1.76305,1.75245,1.75366
2023-06-18T23:00:00+02:00,1.75366,1.76222,1.75366,1.75515
2023-06-19T11:00:00+02:00,1.75515,1.7642,1.75447,1.7614
2023-06-19T23:00:00+02:00,1.7614,1.77132,1.75981,1.76766
2023-06-20T11:00:00+02:00,1.76766,1.77688,1.76674,1.77022
2023-06-20T23:00:00+02:00,1.77022,1.7731,1.76456,1.77304
2023-06-21T11:00:00+02:00,1.77304,1.77358,1.7673,1.77126
2023-06-21T23:00:00+02:00,1.77126,1.77572,1.76749,1.77095
2023-06-22T11:00:00+02:00,1.77095,1.77482,1.76816,1.77346
2023-06-22T23:00:00+02:00,1.77346,1.7813,1.76656,1.76972
2023-06-23T11:00:00+02:00,1.76972,1.7796,1.76912,1.77344
2023-06-25T23:00:00+02:00,1.77344,1.77626,1.76633,1.76754
2023-06-26T11:00:00+02:00,1.76754,1.77244,1.76604,1.7693
2023-06-26T23:00:00+02:00,1.7693,1.77194,1.76366,1.77114
2023-06-27T11:00:00+02:00,1.77114,1.77876,1.77058,1.77868
2023-06-27T23:00:00+02:00,1.77868,1.79999,1.77721,1.79844
2023-06-28T11:00:00+02:00,1.79844,1.80078,1.79107,1.7969
2023-06-28T23:00:00+02:00,1.7969,1.798,1.79005,1.79513
2023-06-29T11:00:00+02:00,1.79513,1.79774,1.78938,1.78994
2023-06-29T23:00:00+02:00,1.78994,1.79334,1.78188,1.78312
2023-06-30T11:00:00+02:00,1.78312,1.78686,1.77705,1.77764
2023-07-02T23:00:00+02:00,1.77764,1.78259,1.7702,1.77138
2023-07-03T11:00:00+02:00,1.77138,1.77662,1.77012,1.7742
2023-07-03T23:00:00+02:00,1.7742,1.77538,1.76382,1.7641
2023-07-04T11:00:00+02:00,1.7641,1.76462,1.7547,1.75712
2023-07-04T23:00:00+02:00,1.75712,1.7605,1.75422,1.7589
2023-07-05T11:00:00+02:00,1.7589,1.76184,1.75452,1.757
2023-07-05T23:00:00+02:00,1.757,1.75838,1.74798,1.75376
2023-07-06T11:00:00+02:00,1.75376,1.7692,1.7515,1.76916
2023-07-06T23:00:00+02:00,1.76916,1.7694,1.75876,1.7595
2023-07-07T11:00:00+02:00,1.7595,1.76987,1.75912,1.7663
2023-07-09T23:00:00+02:00,1.7663,1.7733,1.76466,1.77211
2023-07-10T11:00:00+02:00,1.77211,1.77489,1.76836,1.77153
2023-07-10T23:00:00+02:00,1.77153,1.77984,1.76902,1.77886
2023-07-11T11:00:00+02:00,1.77886,1.78098,1.77524,1.77655
2023-07-11T23:00:00+02:00,1.77655,1.77974,1.76832,1.7784
2023-07-12T11:00:00+02:00,1.7784,1.7826,1.76511,1.7679
2023-07-12T23:00:00+02:00,1.7679,1.76984,1.755,1.75628
2023-07-13T11:00:00+02:00,1.75628,1.76048,1.75053,1.75601
2023-07-13T23:00:00+02:00,1.75601,1.76224,1.75258,1.76196
2023-07-14T11:00:00+02:00,1.76196,1.7638,1.75785,1.76256
2023-07-16T23:00:00+02:00,1.76256,1.77364,1.76256,1.77141
2023-07-17T11:00:00+02:00,1.77141,1.77805,1.77109,1.77718
2023-07-17T23:00:00+02:00,1.77718,1.7861,1.77376,1.7854
2023-07-18T11:00:00+02:00,1.7854,1.7933,1.78394,1.79022
2023-07-18T23:00:00+02:00,1.79022,1.79913,1.77855,1.79878
2023-07-19T11:00:00+02:00,1.79878,1.7997,1.78826,1.78892
2023-07-19T23:00:00+02:00,1.78892,1.7907,1.77966,1.78329
2023-07-20T11:00:00+02:00,1.78329,1.7911,1.78032,1.78542
2023-07-20T23:00:00+02:00,1.78542,1.79846,1.784,1.79748
2023-07-21T11:00:00+02:00,1.79748,1.80522,1.79432,1.80366
2023-07-23T23:00:00+02:00,1.80366,1.80704,1.78679,1.78798
2023-07-24T11:00:00+02:00,1.78798,1.79177,1.78338,1.78366
2023-07-24T23:00:00+02:00,1.78366,1.78745,1.77912,1.77932
2023-07-25T11:00:00+02:00,1.77932,1.78272,1.7734,1.77698
2023-07-25T23:00:00+02:00,1.77698,1.78576,1.77604,1.78064
2023-07-26T11:00:00+02:00,1.78064,1.78592,1.77896,1.78526
2023-07-26T23:00:00+02:00,1.78526,1.78616,1.77146,1.78088
2023-07-27T11:00:00+02:00,1.78088,1.78611,1.76883,1.77547
2023-07-27T23:00:00+02:00,1.77547,1.78952,1.77333,1.7871
2023-07-28T11:00:00+02:00,1.7871,1.79228,1.78342,1.78936
2023-07-30T23:00:00+02:00,1.78936,1.7914,1.77466,1.7816
2023-07-31T11:00:00+02:00,1.7816,1.78274,1.76868,1.77146
2023-07-31T23:00:00+02:00,1.77146,1.7834,1.7691,1.78176
2023-08-01T11:00:00+02:00,1.78176,1.78895,1.77932,1.78624
2023-08-01T23:00:00+02:00,1.78624,1.80227,1.78194,1.79699
2023-08-02T11:00:00+02:00,1.79699,1.80021,1.79285,1.79931
2023-08-02T23:00:00+02:00,1.79931,1.80324,1.79704,1.80036
2023-08-03T11:00:00+02:00,1.80036,1.8042,1.79688,1.80168
2023-08-03T23:00:00+02:00,1.80168,1.80192,1.79574,1.79996
2023-08-04T11:00:00+02:00,1.79996,1.8072,1.79811,1.8056
2023-08-06T23:00:00+02:00,1.8056,1.80762,1.79816,1.80146
2023-08-07T11:00:00+02:00,1.80146,1.80536,1.79794,1.80197
2023-08-07T23:00:00+02:00,1.80197,1.8145,1.80039,1.81132
2023-08-08T11:00:00+02:00,1.81132,1.81406,1.8063,1.80636
2023-08-08T23:00:00+02:00,1.80636,1.8115,1.80113,1.8067
2023-08-09T11:00:00+02:00,1.8067,1.81623,1.80642,1.81323
2023-08-09T23:00:00+02:00,1.81323,1.81602,1.80902,1.81552
2023-08-10T11:00:00+02:00,1.81552,1.82401,1.80778,1.82374
2023-08-10T23:00:00+02:00,1.82374,1.83143,1.8217,1.82982
2023-08-11T11:00:00+02:00,1.82982,1.83302,1.82622,1.8293
2023-08-13T23:00:00+02:00,1.8293,1.83612,1.82622,1.83034
2023-08-14T11:00:00+02:00,1.83034,1.832,1.82352,1.82536
2023-08-14T23:00:00+02:00,1.82536,1.8341,1.82054,1.83156
2023-08-15T11:00:00+02:00,1.83156,1.83318,1.82678,1.8328
2023-08-15T23:00:00+02:00,1.8328,1.83773,1.82281,1.82542
2023-08-16T11:00:00+02:00,1.82542,1.83468,1.82521,1.83226
2023-08-16T23:00:00+02:00,1.83226,1.84,1.83176,1.83397
2023-08-17T11:00:00+02:00,1.83397,1.83573,1.82765,1.83524
2023-08-17T23:00:00+02:00,1.83524,1.83798,1.8319,1.83472
2023-08-18T11:00:00+02:00,1.83472,1.8371,1.82953,1.83616
2023-08-20T23:00:00+02:00,1.83616,1.84279,1.83275,1.84118
2023-08-21T11:00:00+02:00,1.84118,1.84623,1.83734,1.83844
2023-08-21T23:00:00+02:00,1.83844,1.8404,1.83144,1.83198
2023-08-22T11:00:00+02:00,1.83198,1.83212,1.82306,1.82404
2023-08-22T23:00:00+02:00,1.82404,1.82761,1.81908,1.81957
2023-08-23T11:00:00+02:00,1.81957,1.8236,1.81572,1.8172
2023-08-23T23:00:00+02:00,1.8172,1.82572,1.81641,1.82532
2023-08-24T11:00:00+02:00,1.82532,1.82958,1.82428,1.82498
2023-08-24T23:00:00+02:00,1.82498,1.82962,1.82199,1.82472
2023-08-25T11:00:00+02:00,1.82472,1.8306,1.82366,1.82893
2023-08-27T23:00:00+02:00,1.82893,1.8334,1.82389,1.82998
2023-08-28T11:00:00+02:00,1.82998,1.8336,1.82726,1.83044
2023-08-28T23:00:00+02:00,1.83044,1.83381,1.824,1.82656
2023-08-29T11:00:00+02:00,1.82656,1.83226,1.82127,1.82234
2023-08-29T23:00:00+02:00,1.82234,1.8294,1.82057,1.82808
2023-08-30T11:00:00+02:00,1.82808,1.8342,1.82062,1.8342
2023-08-30T23:00:00+02:00,1.8342,1.83794,1.82653,1.82797
2023-08-31T11:00:00+02:00,1.82797,1.82994,1.81722,1.81742
2023-08-31T23:00:00+02:00,1.81742,1.82281,1.81261,1.82068
2023-09-01T11:00:00+02:00,1.82068,1.82101,1.80854,1.81195
2023-09-03T23:00:00+02:00,1.81195,1.8171,1.80976,1.81674
2023-09-04T11:00:00+02:00,1.81674,1.81892,1.81514,1.81796
2023-09-04T23:00:00+02:00,1.81796,1.83201,1.81397,1.82909
2023-09-05T11:00:00+02:00,1.82909,1.83068,1.8213,1.82266
2023-09-05T23:00:00+02:00,1.82266,1.82826,1.81822,1.82246
2023-09-06T11:00:00+02:00,1.82246,1.82857,1.82074,1.82676
2023-09-06T23:00:00+02:00,1.82676,1.82954,1.81887,1.81921
2023-09-07T11:00:00+02:00,1.81921,1.82194,1.81506,1.82032
2023-09-07T23:00:00+02:00,1.82032,1.8216,1.81372,1.81404
2023-09-08T11:00:00+02:00,1.81404,1.81934,1.80999,1.81862
2023-09-10T23:00:00+02:00,1.81862,1.82049,1.80914,1.81134
2023-09-11T11:00:00+02:00,1.81134,1.8166,1.80882,1.81602
2023-09-11T23:00:00+02:00,1.81602,1.81934,1.81142,1.81444
2023-09-12T11:00:00+02:00,1.81444,1.82286,1.81386,1.82192
2023-09-12T23:00:00+02:00,1.82192,1.82543,1.8164,1.81708
2023-09-13T11:00:00+02:00,1.81708,1.82251,1.81312,1.8132
2023-09-13T23:00:00+02:00,1.8132,1.81422,1.80638,1.81208
2023-09-14T11:00:00+02:00,1.81208,1.81386,1.79758,1.80052
2023-09-14T23:00:00+02:00,1.80052,1.80364,1.7945,1.80352
2023-09-15T11:00:00+02:00,1.80352,1.80872,1.8006,1.8072
2023-09-17T23:00:00+02:00,1.8072,1.80822,1.80227,1.805
2023-09-18T11:00:00+02:00,1.805,1.80844,1.80464,1.8071
2023-09-18T23:00:00+02:00,1.8071,1.80973,1.7998,1.80088
2023-09-19T11:00:00+02:00,1.80088,1.80288,1.79891,1.79904
2023-09-19T23:00:00+02:00,1.79904,1.80104,1.79404,1.79971
2023-09-20T11:00:00+02:00,1.79971,1.80068,1.79274,1.79826
2023-09-20T23:00:00+02:00,1.79826,1.80287,1.79029,1.802
2023-09-21T11:00:00+02:00,1.802,1.80372,1.79546,1.79756
2023-09-21T23:00:00+02:00,1.79756,1.79944,1.78674,1.7878
2023-09-22T11:00:00+02:00,1.7878,1.7882,1.77929,1.78639
2023-09-24T23:00:00+02:00,1.78639,1.79092,1.78544,1.78624
2023-09-25T11:00:00+02:00,1.78624,1.78692,1.77356,1.77526
2023-09-25T23:00:00+02:00,1.77526,1.78107,1.77233,1.778
2023-09-26T11:00:00+02:00,1.778,1.77956,1.77372,1.77836
2023-09-26T23:00:00+02:00,1.77836,1.78292,1.77397,1.77726
2023-09-27T11:00:00+02:00,1.77726,1.78102,1.76988,1.7735
2023-09-27T23:00:00+02:00,1.7735,1.77624,1.76616,1.76925
2023-09-28T11:00:00+02:00,1.76925,1.774,1.7671,1.77233
2023-09-28T23:00:00+02:00,1.77233,1.77252,1.75516,1.75972
2023-09-29T11:00:00+02:00,1.75972,1.76472,1.75428,1.76296
2023-10-01T23:00:00+02:00,1.76296,1.76682,1.7611,1.7659
2023-10-02T11:00:00+02:00,1.7659,1.76673,1.76111,1.76194
2023-10-02T23:00:00+02:00,1.76194,1.77561,1.7593,1.77354
2023-10-03T11:00:00+02:00,1.77354,1.77914,1.77111,1.77156
2023-10-03T23:00:00+02:00,1.77156,1.78239,1.76834,1.77712
2023-10-04T11:00:00+02:00,1.77712,1.78222,1.77564,1.7767
2023-10-04T23:00:00+02:00,1.7767,1.77806,1.7684,1.77342
2023-10-05T11:00:00+02:00,1.77342,1.77389,1.76709,1.7686
2023-10-05T23:00:00+02:00,1.7686,1.77034,1.76598,1.76901
2023-10-06T11:00:00+02:00,1.76901,1.77338,1.76486,1.7675
2023-10-08T23:00:00+02:00,1.7675,1.77068,1.76114,1.76473
2023-10-09T11:00:00+02:00,1.76473,1.76491,1.75332,1.7544
2023-10-09T23:00:00+02:00,1.7544,1.76272,1.75079,1.76116
2023-10-10T11:00:00+02:00,1.76116,1.76344,1.75345,1.754
2023-10-10T23:00:00+02:00,1.754,1.76248,1.75282,1.76139
2023-10-11T11:00:00+02:00,1.76139,1.7643,1.75934,1.764
2023-10-11T23:00:00+02:00,1.764,1.7713,1.76287,1.77024
2023-10-12T11:00:00+02:00,1.77024,1.77844,1.76813,1.7768
2023-10-12T23:00:00+02:00,1.7768,1.78502,1.77456,1.78428
2023-10-13T11:00:00+02:00,1.78428,1.786,1.77934,1.78576
2023-10-15T23:00:00+02:00,1.78576,1.78576,1.77518,1.78085
2023-10-16T11:00:00+02:00,1.78085,1.78371,1.77779,1.78146
2023-10-16T23:00:00+02:00,1.78146,1.79134,1.78032,1.79074
2023-10-17T11:00:00+02:00,1.79074,1.79608,1.78992,1.79366
2023-10-17T23:00:00+02:00,1.79366,1.79628,1.78822,1.79305
2023-10-18T11:00:00+02:00,1.79305,1.80037,1.7901,1.79926
2023-10-18T23:00:00+02:00,1.79926,1.81185,1.79836,1.81025
2023-10-19T11:00:00+02:00,1.81025,1.81398,1.80755,1.80936
2023-10-19T23:00:00+02:00,1.80936,1.81802,1.80878,1.81519
2023-10-20T11:00:00+02:00,1.81519,1.81954,1.81371,1.8179
2023-10-22T23:00:00+02:00,1.8179,1.82354,1.81414,1.82308
2023-10-23T11:00:00+02:00,1.82308,1.8253,1.81931,1.82506
2023-10-23T23:00:00+02:00,1.82506,1.8262,1.81635,1.8181
2023-10-24T11:00:00+02:00,1.8181,1.81916,1.81184,1.8122
2023-10-24T23:00:00+02:00,1.8122,1.8139,1.80538,1.81234
2023-10-25T11:00:00+02:00,1.81234,1.8216,1.81155,1.8212
2023-10-25T23:00:00+02:00,1.8212,1.82671,1.81617,1.81683
2023-10-26T11:00:00+02:00,1.81683,1.81878,1.81029,1.815
2023-10-26T23:00:00+02:00,1.815,1.81708,1.81141,1.81286
2023-10-27T11:00:00+02:00,1.81286,1.82033,1.80934,1.8184
2023-10-29T22:00:00+01:00,1.8184,1.82028,1.80989,1.81341
2023-10-30T10:00:00+01:00,1.81341,1.8202,1.81269,1.81656
2023-10-30T22:00:00+01:00,1.81656,1.81948,1.81474,1.81886
2023-10-31T10:00:00+01:00,1.81886,1.82396,1.81542,1.81556
2023-10-31T22:00:00+01:00,1.81556,1.8256,1.81412,1.81459
2023-11-01T10:00:00+01:00,1.81459,1.81484,1.80266,1.8081
2023-11-01T22:00:00+01:00,1.8081,1.80845,1.79702,1.80066
2023-11-02T10:00:00+01:00,1.80066,1.80762,1.79766,1.80094
2023-11-02T22:00:00+01:00,1.80094,1.80388,1.79732,1.79853
2023-11-03T10:00:00+01:00,1.79853,1.80018,1.78712,1.7887
2023-11-05T23:00:00+01:00,1.7887,1.79574,1.78864,1.79554
2023-11-06T11:00:00+01:00,1.79554,1.7997,1.79529,1.79716
2023-11-06T23:00:00+01:00,1.79716,1.80816,1.79548,1.80515
2023-11-07T11:00:00+01:00,1.80515,1.8061,1.79998,1.8028
2023-11-07T23:00:00+01:00,1.8028,1.8043,1.79742,1.8009
2023-11-08T11:00:00+01:00,1.8009,1.81235,1.79913,1.81176
2023-11-08T23:00:00+01:00,1.81176,1.8132,1.80289,1.80332
2023-11-09T11:00:00+01:00,1.80332,1.81036,1.79938,1.81016
2023-11-09T23:00:00+01:00,1.81016,1.8131,1.8069,1.81238
2023-11-10T11:00:00+01:00,1.81238,1.81468,1.8114,1.81376
2023-11-12T23:00:00+01:00,1.81376,1.81725,1.81188,1.8162
2023-11-13T11:00:00+01:00,1.8162,1.82069,1.8138,1.82046
2023-11-13T23:00:00+01:00,1.82046,1.82506,1.81844,1.82302
2023-11-14T11:00:00+01:00,1.82302,1.82847,1.8095,1.8106
2023-11-14T23:00:00+01:00,1.8106,1.8124,1.7956,1.79768
2023-11-15T11:00:00+01:00,1.79768,1.80425,1.79674,1.8012
2023-11-15T23:00:00+01:00,1.8012,1.81524,1.80002,1.8089
2023-11-16T11:00:00+01:00,1.8089,1.8188,1.80802,1.81776
2023-11-16T23:00:00+01:00,1.81776,1.82511,1.81534,1.81732
2023-11-17T11:00:00+01:00,1.81732,1.82316,1.81192,1.82156
2023-11-19T23:00:00+01:00,1.82156,1.82196,1.80882,1.81037
2023-11-20T11:00:00+01:00,1.81037,1.82026,1.80982,1.81246
2023-11-20T23:00:00+01:00,1.81246,1.814,1.79996,1.80558
2023-11-21T11:00:00+01:00,1.80558,1.80646,1.80034,1.8039
2023-11-21T23:00:00+01:00,1.8039,1.81105,1.80108,1.80857
2023-11-22T11:00:00+01:00,1.80857,1.81001,1.80404,1.8084
2023-11-22T23:00:00+01:00,1.8084,1.80876,1.79922,1.80601
2023-11-23T11:00:00+01:00,1.80601,1.8067,1.80252,1.8031
2023-11-23T23:00:00+01:00,1.8031,1.8039,1.80021,1.80076
2023-11-24T11:00:00+01:00,1.80076,1.80105,1.79585,1.79715
2023-11-26T23:00:00+01:00,1.79715,1.80543,1.79643,1.8014
2023-11-27T11:00:00+01:00,1.8014,1.80232,1.79344,1.7965
2023-11-27T23:00:00+01:00,1.7965,1.8001,1.79282,1.79777
2023-11-28T11:00:00+01:00,1.79777,1.7986,1.78935,1.7916
2023-11-28T23:00:00+01:00,1.7916,1.79328,1.77363,1.7836
2023-11-29T11:00:00+01:00,1.7836,1.78612,1.78042,1.78185
2023-11-29T23:00:00+01:00,1.78185,1.78346,1.77167,1.77538
2023-11-30T11:00:00+01:00,1.77538,1.77973,1.76588,1.7693
2023-11-30T23:00:00+01:00,1.7693,1.77329,1.76128,1.76292
2023-12-01T11:00:00+01:00,1.76292,1.76631,1.7516,1.75286
2023-12-03T23:00:00+01:00,1.75286,1.7602,1.74842,1.75688
2023-12-04T11:00:00+01:00,1.75688,1.7585,1.75196,1.75796
2023-12-04T23:00:00+01:00,1.75796,1.76554,1.7556,1.76138
2023-12-05T11:00:00+01:00,1.76138,1.76524,1.75725,1.76186
2023-12-05T23:00:00+01:00,1.76186,1.76186,1.74676,1.75552
2023-12-06T11:00:00+01:00,1.75552,1.7566,1.74978,1.7538
2023-12-06T23:00:00+01:00,1.7538,1.76024,1.7519,1.75267
2023-12-07T11:00:00+01:00,1.75267,1.75662,1.7463,1.7495
2023-12-07T23:00:00+01:00,1.7495,1.75472,1.7472,1.7533
2023-12-08T11:00:00+01:00,1.7533,1.7593,1.75136,1.75796
2023-12-10T23:00:00+01:00,1.75796,1.76283,1.75624,1.76184
2023-12-11T11:00:00+01:00,1.76184,1.76212,1.75319,1.7582
2023-12-11T23:00:00+01:00,1.7582,1.75914,1.7486,1.75438
2023-12-12T11:00:00+01:00,1.75438,1.7644,1.75412,1.75996
2023-12-12T23:00:00+01:00,1.75996,1.7728,1.75864,1.76928
2023-12-13T11:00:00+01:00,1.76928,1.77022,1.7517,1.76166
2023-12-13T23:00:00+01:00,1.76166,1.7631,1.74532,1.7537
2023-12-14T11:00:00+01:00,1.7537,1.774,1.7536,1.77146
2023-12-14T23:00:00+01:00,1.77146,1.77338,1.76,1.76122
2023-12-15T11:00:00+01:00,1.76122,1.76554,1.75211,1.7549
2023-12-17T23:00:00+01:00,1.7549,1.75879,1.74737,1.7484
2023-12-18T11:00:00+01:00,1.7484,1.76097,1.74828,1.75846
2023-12-18T23:00:00+01:00,1.75846,1.75916,1.75208,1.75378
2023-12-19T11:00:00+01:00,1.75378,1.75662,1.7498,1.751
2023-12-19T23:00:00+01:00,1.751,1.75314,1.74191,1.74356
2023-12-20T11:00:00+01:00,1.74356,1.7521,1.73836,1.75186
2023-12-20T23:00:00+01:00,1.75186,1.7548,1.74846,1.75045
2023-12-21T11:00:00+01:00,1.75045,1.75509,1.74605,1.74938
2023-12-21T23:00:00+01:00,1.74938,1.75392,1.74734,1.75058
2023-12-22T11:00:00+01:00,1.75058,1.75104,1.74578,1.74925
2023-12-25T11:00:00+01:00,1.74925,1.74936,1.74925,1.74936
2023-12-25T23:00:00+01:00,1.74936,1.75068,1.74242,1.74641
2023-12-26T11:00:00+01:00,1.74641,1.74691,1.74276,1.7453
2023-12-26T23:00:00+01:00,1.7453,1.74898,1.74154,1.74732
2023-12-27T11:00:00+01:00,1.74732,1.75384,1.74488,1.7518
2023-12-27T23:00:00+01:00,1.7518,1.75903,1.74478,1.75888
2023-12-28T11:00:00+01:00,1.75888,1.75888,1.74376,1.7471
2023-12-28T23:00:00+01:00,1.7471,1.75072,1.74102,1.7507
2023-12-29T11:00:00+01:00,1.7507,1.75434,1.74323,1.74676
2024-01-01T11:00:00+01:00,1.74676,1.74676,1.7466,1.7466
2024-01-01T23:00:00+01:00,1.7466,1.75142,1.74488,1.74548
2024-01-02T11:00:00+01:00,1.74548,1.7518,1.74386,1.75028
2024-01-02T23:00:00+01:00,1.75028,1.75312,1.74624,1.74839
2024-01-03T11:00:00+01:00,1.74839,1.75514,1.74692,1.7487
2024-01-03T23:00:00+01:00,1.7487,1.75188,1.73988,1.75154
2024-01-04T11:00:00+01:00,1.75154,1.75942,1.75036,1.75566
2024-01-04T23:00:00+01:00,1.75566,1.75762,1.75199,1.75484
2024-01-05T11:00:00+01:00,1.75484,1.76051,1.75053,1.75224
2024-01-07T23:00:00+01:00,1.75224,1.75802,1.74914,1.75464
2024-01-08T11:00:00+01:00,1.75464,1.76264,1.75098,1.752
2024-01-08T23:00:00+01:00,1.752,1.75611,1.74892,1.75162
2024-01-09T11:00:00+01:00,1.75162,1.75515,1.75064,1.75195
2024-01-09T23:00:00+01:00,1.75195,1.75412,1.74988,1.75252
2024-01-10T11:00:00+01:00,1.75252,1.76392,1.75184,1.76214
2024-01-10T23:00:00+01:00,1.76214,1.76284,1.75421,1.75512
2024-01-11T11:00:00+01:00,1.75512,1.76472,1.75458,1.76042
2024-01-11T23:00:00+01:00,1.76042,1.76162,1.75457,1.75591
2024-01-12T11:00:00+01:00,1.75591,1.75756,1.74943,1.7547
2024-01-14T23:00:00+01:00,1.7547,1.77,1.75432,1.7693
2024-01-15T11:00:00+01:00,1.7693,1.76988,1.7651,1.766
2024-01-15T23:00:00+01:00,1.766,1.77208,1.76423,1.76726
2024-01-16T11:00:00+01:00,1.76726,1.77389,1.76516,1.77192
2024-01-16T23:00:00+01:00,1.77192,1.77968,1.76874,1.7777
2024-01-17T11:00:00+01:00,1.7777,1.78221,1.77546,1.7796
2024-01-17T23:00:00+01:00,1.7796,1.78278,1.77656,1.77834
2024-01-18T11:00:00+01:00,1.77834,1.78148,1.7767,1.77854
2024-01-18T23:00:00+01:00,1.77854,1.7866,1.77586,1.77846
2024-01-19T11:00:00+01:00,1.77846,1.78536,1.77634,1.7819
2024-01-21T23:00:00+01:00,1.7819,1.78693,1.77624,1.78408
2024-01-22T11:00:00+01:00,1.78408,1.79232,1.77898,1.79106
2024-01-22T23:00:00+01:00,1.79106,1.79369,1.78397,1.78783
2024-01-23T11:00:00+01:00,1.78783,1.78864,1.77696,1.7786
2024-01-23T23:00:00+01:00,1.7786,1.7832,1.77382,1.7773
2024-01-24T11:00:00+01:00,1.7773,1.78239,1.77648,1.78106
2024-01-24T23:00:00+01:00,1.78106,1.78258,1.77845,1.77922
2024-01-25T11:00:00+01:00,1.77922,1.78092,1.7693,1.77526
2024-01-25T23:00:00+01:00,1.77526,1.7796,1.77356,1.777
2024-01-26T11:00:00+01:00,1.777,1.78238,1.7766,1.78212
2024-01-28T23:00:00+01:00,1.78212,1.78212,1.76986,1.77028
2024-01-29T11:00:00+01:00,1.77028,1.7715,1.76415,1.76676
2024-01-29T23:00:00+01:00,1.76676,1.76732,1.75993,1.7652
2024-01-30T11:00:00+01:00,1.7652,1.77428,1.76483,1.76766
2024-01-30T23:00:00+01:00,1.76766,1.7708,1.76448,1.76668
2024-01-31T11:00:00+01:00,1.76668,1.77172,1.76202,1.7685
2024-01-31T23:00:00+01:00,1.7685,1.77262,1.76216,1.77209
2024-02-01T11:00:00+01:00,1.77209,1.7773,1.76919,1.7697
2024-02-01T23:00:00+01:00,1.7697,1.77176,1.76672,1.76988
2024-02-02T11:00:00+01:00,1.76988,1.77979,1.76648,1.77884
2024-02-04T23:00:00+01:00,1.77884,1.78099,1.77238,1.7736
2024-02-05T11:00:00+01:00,1.7736,1.77642,1.77178,1.7744
2024-02-05T23:00:00+01:00,1.7744,1.7755,1.76916,1.77226
2024-02-06T11:00:00+01:00,1.77226,1.7755,1.7633,1.7638
2024-02-06T23:00:00+01:00,1.7638,1.76564,1.76092,1.76418
2024-02-07T11:00:00+01:00,1.76418,1.76536,1.75906,1.76276
2024-02-07T23:00:00+01:00,1.76276,1.76624,1.76076,1.76524
2024-02-08T11:00:00+01:00,1.76524,1.76951,1.76512,1.76796
2024-02-08T23:00:00+01:00,1.76796,1.7695,1.75125,1.75278
2024-02-09T11:00:00+01:00,1.75278,1.75734,1.75258,1.75368
2024-02-11T23:00:00+01:00,1.75368,1.7622,1.75348,1.7588
2024-02-12T11:00:00+01:00,1.7588,1.75992,1.75554,1.7575
2024-02-12T23:00:00+01:00,1.7575,1.76538,1.75676,1.76431
2024-02-13T11:00:00+01:00,1.76431,1.7701,1.76236,1.7671
2024-02-13T23:00:00+01:00,1.7671,1.77,1.7593,1.76016
2024-02-14T11:00:00+01:00,1.76016,1.76392,1.76002,1.763
2024-02-14T23:00:00+01:00,1.763,1.76453,1.76112,1.76359
2024-02-15T11:00:00+01:00,1.76359,1.76438,1.75814,1.7643
2024-02-15T23:00:00+01:00,1.7643,1.76744,1.76195,1.7623
2024-02-16T11:00:00+01:00,1.7623,1.76515,1.7575,1.75972
2024-02-18T23:00:00+01:00,1.75972,1.76006,1.75215,1.75332
2024-02-19T11:00:00+01:00,1.75332,1.75618,1.75156,1.75282
2024-02-19T23:00:00+01:00,1.75282,1.75584,1.7509,1.75152
2024-02-20T11:00:00+01:00,1.75152,1.75364,1.74852,1.75326
2024-02-20T23:00:00+01:00,1.75326,1.7542,1.7442,1.74654
2024-02-21T11:00:00+01:00,1.74654,1.75318,1.74496,1.75096
2024-02-21T23:00:00+01:00,1.75096,1.75217,1.74576,1.74866
2024-02-22T11:00:00+01:00,1.74866,1.75162,1.74463,1.74722
2024-02-22T23:00:00+01:00,1.74722,1.75008,1.74458,1.74962
2024-02-23T11:00:00+01:00,1.74962,1.75052,1.74428,1.74616
2024-02-25T23:00:00+01:00,1.74616,1.75772,1.74616,1.7568
2024-02-26T11:00:00+01:00,1.7568,1.75915,1.75498,1.758
2024-02-26T23:00:00+01:00,1.758,1.76354,1.75722,1.7599
2024-02-27T11:00:00+01:00,1.7599,1.76205,1.75706,1.75768
2024-02-27T23:00:00+01:00,1.75768,1.7751,1.75554,1.77244
2024-02-28T11:00:00+01:00,1.77244,1.78134,1.77214,1.7775
2024-02-28T23:00:00+01:00,1.7775,1.78222,1.77372,1.78197
2024-02-29T11:00:00+01:00,1.78197,1.78388,1.7738,1.77516
2024-02-29T23:00:00+01:00,1.77516,1.77758,1.77366,1.77544
2024-03-01T11:00:00+01:00,1.77544,1.77713,1.7718,1.77493
2024-03-03T23:00:00+01:00,1.77493,1.78054,1.77398,1.77696
2024-03-04T11:00:00+01:00,1.77696,1.78231,1.77627,1.7812
2024-03-04T23:00:00+01:00,1.7812,1.78692,1.7795,1.7863
2024-03-05T11:00:00+01:00,1.7863,1.78636,1.7799,1.78366
2024-03-05T23:00:00+01:00,1.78366,1.78702,1.7804,1.7822
2024-03-06T11:00:00+01:00,1.7822,1.78406,1.77644,1.77839
2024-03-06T23:00:00+01:00,1.77839,1.7791,1.76929,1.77112
2024-03-07T11:00:00+01:00,1.77112,1.77366,1.76273,1.7734
2024-03-07T23:00:00+01:00,1.7734,1.77675,1.76606,1.76813
2024-03-08T11:00:00+01:00,1.76813,1.77261,1.76524,1.771
2024-03-10T22:00:00+01:00,1.771,1.77457,1.77019,1.77407
2024-03-11T10:00:00+01:00,1.77407,1.77407,1.76924,1.77076
2024-03-11T22:00:00+01:00,1.77076,1.77362,1.76904,1.77262
2024-03-12T10:00:00+01:00,1.77262,1.77738,1.76922,1.77662
2024-03-12T22:00:00+01:00,1.77662,1.77802,1.77129,1.77376
2024-03-13T10:00:00+01:00,1.77376,1.77906,1.77351,1.7783
2024-03-13T22:00:00+01:00,1.7783,1.77908,1.77312,1.77576
2024-03-14T10:00:00+01:00,1.77576,1.77794,1.77254,1.77537
2024-03-14T22:00:00+01:00,1.77537,1.78732,1.77444,1.78646
2024-03-15T10:00:00+01:00,1.78646,1.78992,1.78458,1.78965
2024-03-17T22:00:00+01:00,1.78965,1.79006,1.78556,1.7862
2024-03-18T10:00:00+01:00,1.7862,1.79002,1.78609,1.78672
2024-03-18T22:00:00+01:00,1.78672,1.79689,1.78594,1.79364
2024-03-19T10:00:00+01:00,1.79364,1.79714,1.79239,1.7955
2024-03-19T22:00:00+01:00,1.7955,1.79922,1.79388,1.79764
2024-03-20T10:00:00+01:00,1.79764,1.79972,1.79481,1.79628
2024-03-20T22:00:00+01:00,1.79628,1.8031,1.78916,1.78972
2024-03-21T10:00:00+01:00,1.78972,1.79854,1.78942,1.79686
2024-03-21T22:00:00+01:00,1.79686,1.80284,1.79537,1.79931
2024-03-22T10:00:00+01:00,1.79931,1.80418,1.7993,1.8035
2024-03-24T22:00:00+01:00,1.8035,1.80608,1.79962,1.80144
2024-03-25T10:00:00+01:00,1.80144,1.80644,1.80078,1.80529
2024-03-25T22:00:00+01:00,1.80529,1.80724,1.80226,1.80314
2024-03-26T10:00:00+01:00,1.80314,1.80523,1.80038,1.80426
2024-03-26T22:00:00+01:00,1.80426,1.80786,1.80216,1.80533
2024-03-27T10:00:00+01:00,1.80533,1.80545,1.8003,1.80344
2024-03-27T22:00:00+01:00,1.80344,1.80952,1.80242,1.80951
2024-03-28T10:00:00+01:00,1.80951,1.81001,1.80444,1.80616
2024-03-28T22:00:00+01:00,1.80616,1.80736,1.80309,1.80484
2024-03-29T10:00:00+01:00,1.80484,1.80624,1.80256,1.8043
2024-03-31T23:00:00+02:00,1.8043,1.80544,1.80122,1.80348
2024-04-01T11:00:00+02:00,1.80348,1.80734,1.80296,1.80456
2024-04-01T23:00:00+02:00,1.80456,1.8059,1.8012,1.80186
2024-04-02T11:00:00+02:00,1.80186,1.80666,1.80186,1.80356
2024-04-02T23:00:00+02:00,1.80356,1.80894,1.80224,1.8057
2024-04-03T11:00:00+02:00,1.8057,1.8089,1.80226,1.80349
2024-04-03T23:00:00+02:00,1.80349,1.80376,1.7956,1.7991
2024-04-04T11:00:00+02:00,1.7991,1.80114,1.79614,1.7986
2024-04-04T23:00:00+02:00,1.7986,1.80224,1.79747,1.8006
2024-04-05T11:00:00+02:00,1.8006,1.80454,1.79872,1.80228
2024-04-07T23:00:00+02:00,1.80228,1.80467,1.80026,1.8003
2024-04-08T11:00:00+02:00,1.8003,1.8006,1.7968,1.80037
2024-04-08T23:00:00+02:00,1.80037,1.80106,1.79554,1.79681
2024-04-09T11:00:00+02:00,1.79681,1.79734,1.79044,1.79172
2024-04-09T23:00:00+02:00,1.79172,1.7941,1.78579,1.78802
2024-04-10T11:00:00+02:00,1.78802,1.799,1.78537,1.79822
2024-04-10T23:00:00+02:00,1.79822,1.79852,1.79219,1.79396
2024-04-11T11:00:00+02:00,1.79396,1.79413,1.78661,1.78874
2024-04-11T23:00:00+02:00,1.78874,1.78896,1.7845,1.78605
2024-04-12T11:00:00+02:00,1.78605,1.79342,1.78494,1.7925
2024-04-14T23:00:00+02:00,1.7925,1.79604,1.78936,1.79383
2024-04-15T11:00:00+02:00,1.79383,1.80082,1.79244,1.79986
2024-04-15T23:00:00+02:00,1.79986,1.80618,1.79858,1.80306
2024-04-16T11:00:00+02:00,1.80306,1.8103,1.80295,1.80578
2024-04-16T23:00:00+02:00,1.80578,1.81116,1.7962,1.80084
2024-04-17T11:00:00+02:00,1.80084,1.80563,1.79984,1.80396
2024-04-17T23:00:00+02:00,1.80396,1.8057,1.80024,1.80066
2024-04-18T11:00:00+02:00,1.80066,1.80448,1.79854,1.80339
2024-04-18T23:00:00+02:00,1.80339,1.81357,1.80258,1.8072
2024-04-19T11:00:00+02:00,1.8072,1.81078,1.8068,1.8098
2024-04-21T23:00:00+02:00,1.8098,1.8115,1.79973,1.8042
2024-04-22T11:00:00+02:00,1.8042,1.8045,1.79947,1.79986
2024-04-22T23:00:00+02:00,1.79986,1.80764,1.79814,1.80642
2024-04-23T11:00:00+02:00,1.80642,1.80676,1.80022,1.80436
2024-04-23T23:00:00+02:00,1.80436,1.80491,1.79939,1.7995
2024-04-24T11:00:00+02:00,1.7995,1.80486,1.799,1.8026
2024-04-24T23:00:00+02:00,1.8026,1.80396,1.79847,1.79872
2024-04-25T11:00:00+02:00,1.79872,1.80594,1.79782,1.80392
2024-04-25T23:00:00+02:00,1.80392,1.80506,1.79732,1.80174
2024-04-26T11:00:00+02:00,1.80174,1.80418,1.79586,1.80026
2024-04-28T23:00:00+02:00,1.80026,1.80182,1.79323,1.79492
2024-04-29T11:00:00+02:00,1.79492,1.79612,1.7923,1.79332
2024-04-29T23:00:00+02:00,1.79332,1.80349,1.79267,1.80224
2024-04-30T11:00:00+02:00,1.80224,1.81232,1.80094,1.81182
2024-04-30T23:00:00+02:00,1.81182,1.81568,1.80868,1.81136
2024-05-01T11:00:00+02:00,1.81136,1.81234,1.80601,1.80688
2024-05-01T23:00:00+02:00,1.80688,1.8104,1.80338,1.80386
2024-05-02T11:00:00+02:00,1.80386,1.80736,1.79782,1.799
2024-05-02T23:00:00+02:00,1.799,1.80112,1.7961,1.7963
2024-05-03T11:00:00+02:00,1.7963,1.7982,1.78514,1.7907
2024-05-05T23:00:00+02:00,1.7907,1.79525,1.78855,1.7891
2024-05-06T11:00:00+02:00,1.7891,1.79351,1.7877,1.79192
2024-05-06T23:00:00+02:00,1.79192,1.79302,1.78871,1.7911
2024-05-07T11:00:00+02:00,1.7911,1.79308,1.78985,1.79196
2024-05-07T23:00:00+02:00,1.79196,1.79608,1.7908,1.7959
2024-05-08T11:00:00+02:00,1.7959,1.79671,1.7898,1.79038
2024-05-08T23:00:00+02:00,1.79038,1.79272,1.78846,1.7893
2024-05-09T11:00:00+02:00,1.7893,1.79048,1.78654,1.7867
2024-05-09T23:00:00+02:00,1.7867,1.79218,1.78556,1.79189
2024-05-10T11:00:00+02:00,1.79189,1.79266,1.78806,1.78928
2024-05-12T23:00:00+02:00,1.78928,1.79477,1.78865,1.79373
2024-05-13T11:00:00+02:00,1.79373,1.79452,1.79138,1.7933
2024-05-13T23:00:00+02:00,1.7933,1.79454,1.78908,1.7901
2024-05-14T11:00:00+02:00,1.7901,1.79669,1.78968,1.79098
2024-05-14T23:00:00+02:00,1.79098,1.7924,1.78491,1.7861
2024-05-15T11:00:00+02:00,1.7861,1.78846,1.77643,1.77797
2024-05-15T23:00:00+02:00,1.77797,1.78008,1.77392,1.7788
2024-05-16T11:00:00+02:00,1.7788,1.7811,1.775,1.77521
2024-05-16T23:00:00+02:00,1.77521,1.77802,1.77366,1.7758
2024-05-17T11:00:00+02:00,1.7758,1.7766,1.7714,1.772
2024-05-19T23:00:00+02:00,1.772,1.7777,1.77142,1.77716
2024-05-20T11:00:00+02:00,1.77716,1.78058,1.77506,1.77812
2024-05-20T23:00:00+02:00,1.77812,1.7821,1.77696,1.78052
2024-05-21T11:00:00+02:00,1.78052,1.78208,1.77728,1.7818
2024-05-21T23:00:00+02:00,1.7818,1.78206,1.76559,1.77426
2024-05-22T11:00:00+02:00,1.77426,1.77861,1.77037,1.7754
2024-05-22T23:00:00+02:00,1.7754,1.77676,1.76886,1.7724
2024-05-23T11:00:00+02:00,1.7724,1.7749,1.76927,1.77328
2024-05-23T23:00:00+02:00,1.77328,1.77552,1.77217,1.77292
2024-05-24T11:00:00+02:00,1.77292,1.77632,1.771,1.7719
2024-05-26T23:00:00+02:00,1.7719,1.77393,1.76809,1.76842
2024-05-27T11:00:00+02:00,1.76842,1.76978,1.76378,1.76574
2024-05-27T23:00:00+02:00,1.76574,1.76655,1.76334,1.76448
2024-05-28T11:00:00+02:00,1.76448,1.76962,1.76238,1.76798
2024-05-28T23:00:00+02:00,1.76798,1.77054,1.76414,1.76561
2024-05-29T11:00:00+02:00,1.76561,1.77202,1.76524,1.76658
2024-05-29T23:00:00+02:00,1.76658,1.77238,1.76578,1.77064
2024-05-30T11:00:00+02:00,1.77064,1.77293,1.76867,1.7716
2024-05-30T23:00:00+02:00,1.7716,1.77226,1.7645,1.76852
2024-05-31T11:00:00+02:00,1.76852,1.77059,1.76406,1.76598
2024-06-02T23:00:00+02:00,1.76598,1.7687,1.76292,1.76505
2024-06-03T11:00:00+02:00,1.76505,1.76631,1.75723,1.7609
2024-06-03T23:00:00+02:00,1.7609,1.7652,1.76036,1.76335
2024-06-04T11:00:00+02:00,1.76335,1.76522,1.75868,1.76136
2024-06-04T23:00:00+02:00,1.76136,1.76284,1.75434,1.75828
2024-06-05T11:00:00+02:00,1.75828,1.7608,1.75508,1.75536
2024-06-05T23:00:00+02:00,1.75536,1.75968,1.75262,1.75829
2024-06-06T11:00:00+02:00,1.75829,1.7625,1.75514,1.75635
2024-06-06T23:00:00+02:00,1.75635,1.76048,1.75609,1.75842
2024-06-07T11:00:00+02:00,1.75842,1.77016,1.75632,1.76986
2024-06-09T23:00:00+02:00,1.76986,1.76986,1.75913,1.7614
2024-06-10T11:00:00+02:00,1.7614,1.76173,1.75502,1.75674
2024-06-10T23:00:00+02:00,1.75674,1.7599,1.75402,1.75416
2024-06-11T11:00:00+02:00,1.75416,1.7556,1.74755,1.7482
2024-06-11T23:00:00+02:00,1.7482,1.7508,1.74684,1.7494
2024-06-12T11:00:00+02:00,1.7494,1.75278,1.7423,1.7477
2024-06-12T23:00:00+02:00,1.7477,1.75224,1.74654,1.7488
2024-06-13T11:00:00+02:00,1.7488,1.74973,1.7393,1.74096
2024-06-13T23:00:00+02:00,1.74096,1.74816,1.74028,1.7429
2024-06-14T11:00:00+02:00,1.7429,1.74504,1.74097,1.74264
2024-06-16T23:00:00+02:00,1.74264,1.75098,1.74264,1.74916
2024-06-17T11:00:00+02:00,1.74918,1.75424,1.74863,1.75076
2024-06-17T23:00:00+02:00,1.75156,1.75848,1.74882,1.7557
2024-06-18T11:00:00+02:00,1.75572,1.75716,1.74692,1.748
2024-06-18T23:00:00+02:00,1.748,1.7514,1.74734,1.7497
2024-06-19T11:00:00+02:00,1.74975,1.75352,1.74886,1.75236
2024-06-19T23:00:00+02:00,1.7523,1.75348,1.7477,1.7493
2024-06-20T11:00:00+02:00,1.7493,1.7516,1.7481,1.74896
2024-06-20T23:00:00+02:00,1.7489,1.75068,1.74344,1.7447
2024-06-21T11:00:00+02:00,1.74468,1.749,1.74266,1.74776
2024-06-23T23:00:00+02:00,1.74776,1.75137,1.74754,1.74826
2024-06-24T11:00:00+02:00,1.74824,1.75454,1.74816,1.7526
2024-06-24T23:00:00+02:00,1.7526,1.75484,1.7503,1.75193
2024-06-25T11:00:00+02:00,1.75188,1.75273,1.7486,1.75074
2024-06-25T23:00:00+02:00,1.7507,1.75322,1.74853,1.7523
2024-06-26T11:00:00+02:00,1.75228,1.75827,1.75048,1.75626
2024-06-26T23:00:00+02:00,1.75616,1.75958,1.75334,1.7534
2024-06-27T11:00:00+02:00,1.7534,1.76002,1.75218,1.7598
2024-06-27T23:00:00+02:00,1.75996,1.76538,1.75831,1.7623
2024-06-28T11:00:00+02:00,1.76232,1.76292,1.75463,1.75866
2024-06-30T23:00:00+02:00,1.75866,1.76552,1.75866,1.76406
2024-07-01T11:00:00+02:00,1.76404,1.76822,1.7625,1.76786
2024-07-01T23:00:00+02:00,1.76786,1.7747,1.76658,1.76998
2024-07-02T11:00:00+02:00,1.76999,1.77098,1.76599,1.76786
2024-07-02T23:00:00+02:00,1.7681,1.7707,1.76632,1.7704
2024-07-03T11:00:00+02:00,1.77051,1.77326,1.76464,1.76776
2024-07-03T23:00:00+02:00,1.76733,1.76824,1.7643,1.7659
2024-07-04T11:00:00+02:00,1.76588,1.768,1.76388,1.76778
2024-07-04T23:00:00+02:00,1.76756,1.77044,1.76665,1.7691
2024-07-05T11:00:00+02:00,1.76904,1.77032,1.76278,1.7637
2024-07-07T23:00:00+02:00,1.76036,1.76735,1.75994,1.7669
2024-07-08T11:00:00+02:00,1.76688,1.76755,1.76446,1.76718
2024-07-08T23:00:00+02:00,1.7672,1.7699,1.7661,1.7697
2024-07-09T11:00:00+02:00,1.76971,1.76996,1.76502,1.7655
2024-07-09T23:00:00+02:00,1.7655,1.7828,1.76397,1.7816
2024-07-10T11:00:00+02:00,1.78156,1.78296,1.77771,1.78108
2024-07-10T23:00:00+02:00,1.78046,1.78184,1.7772,1.7805
2024-07-11T11:00:00+02:00,1.7805,1.784,1.77598,1.78309
2024-07-11T23:00:00+02:00,1.78326,1.78848,1.78092,1.7819
2024-07-12T11:00:00+02:00,1.78187,1.78474,1.77901,1.7826
2024-07-14T23:00:00+02:00,1.78204,1.78936,1.78146,1.7884
2024-07-15T11:00:00+02:00,1.78834,1.7946,1.7881,1.7934
2024-07-15T23:00:00+02:00,1.7934,1.80028,1.79265,1.79926
2024-07-16T11:00:00+02:00,1.79922,1.80295,1.79528,1.80159
2024-07-16T23:00:00+02:00,1.8022,1.80614,1.79254,1.7963
2024-07-17T11:00:00+02:00,1.79636,1.80106,1.79464,1.7988
2024-07-17T23:00:00+02:00,1.79915,1.8031,1.79782,1.80051
2024-07-18T11:00:00+02:00,1.80056,1.80279,1.79626,1.80258
2024-07-18T23:00:00+02:00,1.8018,1.80789,1.801,1.8053
2024-07-19T11:00:00+02:00,1.80525,1.81212,1.80496,1.81126
2024-07-21T23:00:00+02:00,1.81183,1.81716,1.80842,1.81458
2024-07-22T11:00:00+02:00,1.81457,1.82228,1.81396,1.8216
2024-07-22T23:00:00+02:00,1.82136,1.82573,1.82018,1.82399
2024-07-23T11:00:00+02:00,1.82398,1.824,1.82036,1.8223
2024-07-23T23:00:00+02:00,1.82225,1.8339,1.82116,1.82836
2024-07-24T11:00:00+02:00,1.82833,1.82941,1.8239,1.82818
2024-07-24T23:00:00+02:00,1.82816,1.83504,1.82654,1.8346
2024-07-25T11:00:00+02:00,1.83454,1.8434,1.834,1.8423
2024-07-25T23:00:00+02:00,1.84168,1.84514,1.8374,1.83838
2024-07-26T11:00:00+02:00,1.8384,1.84487,1.8384,1.8439
2024-07-28T23:00:00+02:00,1.84322,1.84533,1.84107,1.84266
2024-07-29T11:00:00+02:00,1.84268,1.8449,1.84102,1.84176
2024-07-29T23:00:00+02:00,1.84176,1.84344,1.83382,1.8368
2024-07-30T11:00:00+02:00,1.83681,1.83936,1.83136,1.8321
2024-07-30T23:00:00+02:00,1.83308,1.83736,1.82516,1.82959
2024-07-31T11:00:00+02:00,1.82958,1.83204,1.81674,1.81946
2024-07-31T23:00:00+02:00,1.8194,1.82094,1.81452,1.81584
2024-08-01T11:00:00+02:00,1.81585,1.81628,1.80732,1.8138
2024-08-01T23:00:00+02:00,1.81444,1.81962,1.81142,1.819
2024-08-02T11:00:00+02:00,1.819,1.83188,1.8159,1.83159
2024-08-04T23:00:00+02:00,1.83176,1.8651,1.83176,1.84823
2024-08-05T11:00:00+02:00,1.84825,1.85363,1.83905,1.8441
2024-08-05T23:00:00+02:00,1.84462,1.84902,1.83132,1.8427
2024-08-06T11:00:00+02:00,1.84265,1.84484,1.83316,1.83626
2024-08-06T23:00:00+02:00,1.8362,1.83708,1.8129,1.81508
2024-08-07T11:00:00+02:00,1.81511,1.82312,1.81178,1.82236
2024-08-07T23:00:00+02:00,1.82206,1.82755,1.8194,1.8235
2024-08-08T11:00:00+02:00,1.82348,1.82528,1.81488,1.81579
2024-08-08T23:00:00+02:00,1.81586,1.81844,1.8096,1.81186
2024-08-09T11:00:00+02:00,1.8118,1.82138,1.81179,1.81956
2024-08-11T23:00:00+02:00,1.8202,1.82231,1.81093,1.8117
2024-08-12T11:00:00+02:00,1.8117,1.81683,1.81099,1.81672
2024-08-12T23:00:00+02:00,1.81636,1.81696,1.80738,1.80892
2024-08-13T11:00:00+02:00,1.8089,1.81102,1.80696,1.8089
2024-08-13T23:00:00+02:00,1.80906,1.83398,1.80724,1.83291
2024-08-14T11:00:00+02:00,1.83288,1.83716,1.82937,1.8365
2024-08-14T23:00:00+02:00,1.8353,1.83936,1.83246,1.83464
2024-08-15T11:00:00+02:00,1.83457,1.83531,1.82646,1.83346
2024-08-15T23:00:00+02:00,1.83296,1.83514,1.82284,1.82448
2024-08-16T11:00:00+02:00,1.8245,1.8268,1.81973,1.82166
2024-08-18T23:00:00+02:00,1.8235,1.82402,1.81372,1.81783
2024-08-19T11:00:00+02:00,1.81785,1.81942,1.81226,1.81324
2024-08-19T23:00:00+02:00,1.81346,1.81454,1.8056,1.80565
2024-08-20T11:00:00+02:00,1.80566,1.80946,1.80321,1.80872
2024-08-20T23:00:00+02:00,1.80836,1.81187,1.80512,1.81132
2024-08-21T11:00:00+02:00,1.81131,1.81186,1.80718,1.81122
2024-08-21T23:00:00+02:00,1.81044,1.81346,1.80506,1.80859
2024-08-22T11:00:00+02:00,1.8087,1.81246,1.80752,1.8097
2024-08-22T23:00:00+02:00,1.8105,1.81096,1.80658,1.80756
2024-08-23T11:00:00+02:00,1.80754,1.80773,1.79451,1.79556
2024-08-25T23:00:00+02:00,1.7974,1.802,1.79525,1.80122
2024-08-26T11:00:00+02:00,1.80119,1.80186,1.79698,1.79888
2024-08-26T23:00:00+02:00,1.7992,1.80186,1.79334,1.79574
2024-08-27T11:00:00+02:00,1.79573,1.7962,1.78858,1.78874
2024-08-27T23:00:00+02:00,1.78876,1.79176,1.78419,1.78424
2024-08-28T11:00:00+02:00,1.78426,1.78438,1.78022,1.781
2024-08-28T23:00:00+02:00,1.7809,1.7818,1.76556,1.76664
2024-08-29T11:00:00+02:00,1.76665,1.7725,1.76522,1.7702
2024-08-29T23:00:00+02:00,1.76976,1.77268,1.76598,1.76868
2024-08-30T11:00:00+02:00,1.76862,1.77288,1.76706,1.76774
2024-09-01T23:00:00+02:00,1.76992,1.77743,1.76678,1.77573
2024-09-02T11:00:00+02:00,1.77578,1.77818,1.77534,1.7769
2024-09-02T23:00:00+02:00,1.7763,1.78776,1.7749,1.78346
2024-09-03T11:00:00+02:00,1.78354,1.78566,1.78226,1.78496
2024-09-03T23:00:00+02:00,1.78465,1.79138,1.78403,1.78864
2024-09-04T11:00:00+02:00,1.78866,1.78883,1.78284,1.788
2024-09-04T23:00:00+02:00,1.78896,1.79272,1.78524,1.78905
2024-09-05T11:00:00+02:00,1.78904,1.78952,1.78326,1.78516
2024-09-05T23:00:00+02:00,1.78546,1.7901,1.7848,1.7852
2024-09-06T11:00:00+02:00,1.78524,1.79873,1.78116,1.79534
2024-09-08T23:00:00+02:00,1.79478,1.8013,1.79142,1.80058
2024-09-09T11:00:00+02:00,1.80055,1.80292,1.7944,1.79576
2024-09-09T23:00:00+02:00,1.79586,1.79908,1.79274,1.79477
2024-09-10T11:00:00+02:00,1.79478,1.79514,1.79046,1.792
2024-09-10T23:00:00+02:00,1.79186,1.79906,1.79116,1.79694
2024-09-11T11:00:00+02:00,1.79694,1.80226,1.79436,1.79459
2024-09-11T23:00:00+02:00,1.7946,1.7973,1.7898,1.79648
2024-09-12T11:00:00+02:00,1.79648,1.79872,1.79046,1.79111
2024-09-12T23:00:00+02:00,1.7926,1.79446,1.7899,1.79416
2024-09-13T11:00:00+02:00,1.79417,1.80026,1.79226,1.7987
2024-09-15T23:00:00+02:00,1.79899,1.80176,1.79614,1.79691
2024-09-16T11:00:00+02:00,1.79693,1.79964,1.79484,1.7952
2024-09-16T23:00:00+02:00,1.7954,1.79898,1.79292,1.79534
2024-09-17T11:00:00+02:00,1.7953,1.79962,1.79345,1.79723
2024-09-17T23:00:00+02:00,1.797,1.79787,1.79,1.79003
2024-09-18T11:00:00+02:00,1.79,1.79433,1.78482,1.79108
2024-09-18T23:00:00+02:00,1.7909,1.79255,1.78234,1.78417
2024-09-19T11:00:00+02:00,1.78426,1.78929,1.78249,1.78908
2024-09-19T23:00:00+02:00,1.78916,1.79258,1.78542,1.78998
2024-09-20T11:00:00+02:00,1.79,1.79448,1.78804,1.7897
2024-09-22T23:00:00+02:00,1.79054,1.79116,1.77864,1.77868
2024-09-23T11:00:00+02:00,1.77864,1.77972,1.7704,1.77326
2024-09-23T23:00:00+02:00,1.77316,1.77796,1.77004,1.77639
2024-09-24T11:00:00+02:00,1.7764,1.77706,1.76197,1.7636
2024-09-24T23:00:00+02:00,1.76434,1.77124,1.76102,1.77006
2024-09-25T11:00:00+02:00,1.76997,1.77816,1.76994,1.778
2024-09-25T23:00:00+02:00,1.778,1.78068,1.7709,1.77342
2024-09-26T11:00:00+02:00,1.77346,1.77408,1.76554,1.76644
2024-09-26T23:00:00+02:00,1.7667,1.77282,1.76422,1.7664
2024-09-27T11:00:00+02:00,1.76642,1.7683,1.75594,1.76056
2024-09-29T23:00:00+02:00,1.7612,1.76276,1.75084,1.7624
2024-09-30T11:00:00+02:00,1.76235,1.7635,1.74902,1.75376
2024-09-30T23:00:00+02:00,1.754,1.7623,1.7539,1.75876
2024-10-01T11:00:00+02:00,1.75874,1.76368,1.75338,1.76226
2024-10-01T23:00:00+02:00,1.7615,1.76348,1.75314,1.76172
2024-10-02T11:00:00+02:00,1.76171,1.76434,1.75896,1.76386
2024-10-02T23:00:00+02:00,1.7638,1.7743,1.76294,1.77372
2024-10-03T11:00:00+02:00,1.77379,1.77596,1.76978,1.7755
2024-10-03T23:00:00+02:00,1.77589,1.77918,1.77412,1.77754
2024-10-04T11:00:00+02:00,1.77748,1.78378,1.77674,1.78198
2024-10-06T23:00:00+02:00,1.78228,1.7863,1.77705,1.78596
2024-10-07T11:00:00+02:00,1.78596,1.79446,1.78328,1.79188
2024-10-07T23:00:00+02:00,1.7918,1.79684,1.78709,1.79535
2024-10-08T11:00:00+02:00,1.79538,1.79718,1.78873,1.78896
2024-10-08T23:00:00+02:00,1.7878,1.8055,1.78716,1.80178
2024-10-09T11:00:00+02:00,1.80177,1.80801,1.80067,1.80428
2024-10-09T23:00:00+02:00,1.80421,1.80571,1.79578,1.79952
2024-10-10T11:00:00+02:00,1.79948,1.80274,1.79408,1.79493
2024-10-10T23:00:00+02:00,1.795,1.79626,1.79118,1.79574
2024-10-11T11:00:00+02:00,1.79567,1.79768,1.7882,1.7902
2024-10-13T23:00:00+02:00,1.79375,1.79586,1.7899,1.7945
2024-10-14T11:00:00+02:00,1.79444,1.79719,1.78935,1.78958
2024-10-14T23:00:00+02:00,1.7898,1.79364,1.78912,1.79166
2024-10-15T11:00:00+02:00,1.79166,1.79266,1.78753,1.79017
2024-10-15T23:00:00+02:00,1.79026,1.80178,1.78805,1.79326
2024-10-16T11:00:00+02:00,1.79328,1.79615,1.79176,1.79352
2024-10-16T23:00:00+02:00,1.79356,1.79494,1.7882,1.79302
2024-10-17T11:00:00+02:00,1.79304,1.79305,1.78334,1.78732
2024-10-17T23:00:00+02:00,1.7875,1.7896,1.78502,1.78555
2024-10-18T11:00:00+02:00,1.78556,1.79128,1.78453,1.78978
2024-10-20T23:00:00+02:00,1.78854,1.79233,1.78614,1.7915
2024-10-21T11:00:00+02:00,1.7915,1.79496,1.78994,1.79328
2024-10-21T23:00:00+02:00,1.79341,1.79624,1.78586,1.78956
2024-10-22T11:00:00+02:00,1.78948,1.79062,1.7836,1.78668
2024-10-22T23:00:00+02:00,1.78575,1.7907,1.7849,1.78979
2024-10-23T11:00:00+02:00,1.78985,1.79796,1.78892,1.79598
2024-10-23T23:00:00+02:00,1.79614,1.79738,1.788,1.79238
2024-10-24T11:00:00+02:00,1.7924,1.80081,1.79038,1.80015
2024-10-24T23:00:00+02:00,1.79956,1.80739,1.79916,1.80451
2024-10-25T11:00:00+02:00,1.8045,1.80756,1.80098,1.80616
2024-10-27T22:00:00+01:00,1.80524,1.81116,1.80139,1.81056
2024-10-28T10:00:00+01:00,1.8105,1.81065,1.80421,1.80799
2024-10-28T22:00:00+01:00,1.80756,1.81187,1.80619,1.80949
2024-10-29T10:00:00+01:00,1.80951,1.81332,1.80684,1.81126
2024-10-29T22:00:00+01:00,1.811,1.81725,1.80602,1.80631
2024-10-30T10:00:00+01:00,1.80636,1.81815,1.80636,1.81766
2024-10-30T22:00:00+01:00,1.8178,1.8197,1.81434,1.81688
2024-10-31T10:00:00+01:00,1.81692,1.82754,1.81653,1.82114
2024-10-31T22:00:00+01:00,1.8211,1.82461,1.8176,1.81919
2024-11-01T10:00:00+01:00,1.81912,1.82165,1.81386,1.81684
2024-11-03T23:00:00+01:00,1.81294,1.82118,1.8122,1.81932
2024-11-04T11:00:00+01:00,1.81931,1.82197,1.81786,1.8212
2024-11-04T23:00:00+01:00,1.8213,1.8224,1.81466,1.81583
2024-11-05T11:00:00+01:00,1.8158,1.82336,1.81474,1.8196
2024-11-05T23:00:00+01:00,1.8194,1.82122,1.80142,1.80201
2024-11-06T11:00:00+01:00,1.80202,1.80834,1.7971,1.8068
2024-11-06T23:00:00+01:00,1.8067,1.80872,1.79337,1.79355
2024-11-07T11:00:00+01:00,1.79362,1.79792,1.79076,1.79294
2024-11-07T23:00:00+01:00,1.79316,1.79754,1.79148,1.79405
2024-11-08T11:00:00+01:00,1.79406,1.79982,1.79292,1.7962
2024-11-10T23:00:00+01:00,1.79687,1.79794,1.78901,1.78916
2024-11-11T11:00:00+01:00,1.78917,1.79006,1.78512,1.78678
2024-11-11T23:00:00+01:00,1.78756,1.78808,1.78444,1.78705
2024-11-12T11:00:00+01:00,1.78705,1.79411,1.7838,1.79276
2024-11-12T23:00:00+01:00,1.79296,1.79423,1.78868,1.79124
2024-11-13T11:00:00+01:00,1.7913,1.79754,1.78936,1.79686
2024-11-13T23:00:00+01:00,1.7964,1.80063,1.79493,1.7962
2024-11-14T11:00:00+01:00,1.7962,1.80094,1.79378,1.8002
2024-11-14T23:00:00+01:00,1.79956,1.80238,1.79764,1.79928
2024-11-15T11:00:00+01:00,1.79927,1.8024,1.79586,1.7968
2024-11-17T23:00:00+01:00,1.79478,1.80696,1.79478,1.80666
2024-11-18T11:00:00+01:00,1.80662,1.80733,1.79699,1.79846
2024-11-18T23:00:00+01:00,1.79956,1.8017,1.79056,1.79452
2024-11-19T11:00:00+01:00,1.79451,1.79716,1.7906,1.7923
2024-11-19T23:00:00+01:00,1.7928,1.79564,1.79124,1.79348
2024-11-20T11:00:00+01:00,1.79344,1.79602,1.79106,1.79426
2024-11-20T23:00:00+01:00,1.79426,1.7977,1.79232,1.79387
2024-11-21T11:00:00+01:00,1.79392,1.7942,1.78659,1.7877
2024-11-21T23:00:00+01:00,1.78806,1.79662,1.77456,1.78326
2024-11-22T11:00:00+01:00,1.78325,1.78748,1.78069,1.78562
2024-11-24T23:00:00+01:00,1.79051,1.7937,1.78664,1.79286
2024-11-25T11:00:00+01:00,1.79282,1.79684,1.79142,1.79576
2024-11-25T23:00:00+01:00,1.7957,1.80414,1.79273,1.79831
2024-11-26T11:00:00+01:00,1.79836,1.80272,1.79518,1.7978
2024-11-26T23:00:00+01:00,1.79796,1.79968,1.78108,1.7851
2024-11-27T11:00:00+01:00,1.78508,1.79348,1.78454,1.79276
2024-11-27T23:00:00+01:00,1.79225,1.79364,1.78784,1.78826
2024-11-28T11:00:00+01:00,1.78825,1.79348,1.78792,1.7924
2024-11-28T23:00:00+01:00,1.79126,1.79297,1.78514,1.78532
2024-11-29T11:00:00+01:00,1.78528,1.7883,1.78126,1.78562
2024-12-01T23:00:00+01:00,1.78796,1.78833,1.77878,1.78059
2024-12-02T11:00:00+01:00,1.78059,1.7874,1.77884,1.78304
2024-12-02T23:00:00+01:00,1.78345,1.78857,1.78162,1.78428
2024-12-03T11:00:00+01:00,1.78428,1.79048,1.78365,1.787
2024-12-03T23:00:00+01:00,1.78695,1.7988,1.78591,1.79768
2024-12-04T11:00:00+01:00,1.79769,1.7997,1.79402,1.7967
2024-12-04T23:00:00+01:00,1.7969,1.79729,1.79128,1.79532
2024-12-05T11:00:00+01:00,1.79526,1.80234,1.79486,1.799
2024-12-05T23:00:00+01:00,1.79851,1.80966,1.79772,1.80754
2024-12-06T11:00:00+01:00,1.80757,1.8133,1.80499,1.81256
2024-12-08T23:00:00+01:00,1.80842,1.8156,1.80172,1.80318
2024-12-09T11:00:00+01:00,1.80314,1.80504,1.79689,1.79956
2024-12-09T23:00:00+01:00,1.8001,1.81354,1.79886,1.80916
2024-12-10T11:00:00+01:00,1.80917,1.81564,1.80678,1.81526
2024-12-10T23:00:00+01:00,1.8146,1.82099,1.81368,1.81961
2024-12-11T11:00:00+01:00,1.81956,1.82068,1.81163,1.8147
2024-12-11T23:00:00+01:00,1.81436,1.8158,1.8087,1.80927
2024-12-12T11:00:00+01:00,1.80926,1.81662,1.80778,1.81456
2024-12-12T23:00:00+01:00,1.8142,1.81992,1.81321,1.8198
2024-12-13T11:00:00+01:00,1.81985,1.82384,1.81838,1.8227
2024-12-15T23:00:00+01:00,1.82116,1.82376,1.8164,1.81874
2024-12-16T11:00:00+01:00,1.81877,1.82079,1.81628,1.81796
2024-12-16T23:00:00+01:00,1.8181,1.82381,1.81573,1.82078
2024-12-17T11:00:00+01:00,1.82078,1.82558,1.82023,1.8236
2024-12-17T23:00:00+01:00,1.82325,1.8336,1.82248,1.83325
2024-12-18T11:00:00+01:00,1.83326,1.8422,1.82839,1.84106
2024-12-18T23:00:00+01:00,1.84106,1.848,1.83847,1.84028
2024-12-19T11:00:00+01:00,1.8403,1.84141,1.83463,1.84074
2024-12-19T23:00:00+01:00,1.84114,1.84614,1.8393,1.84228
2024-12-20T11:00:00+01:00,1.84226,1.84639,1.83962,1.84394
2024-12-22T23:00:00+01:00,1.8474,1.85002,1.83944,1.83972
2024-12-23T11:00:00+01:00,1.83956,1.8459,1.83881,1.8425
2024-12-23T23:00:00+01:00,1.84282,1.84486,1.83952,1.8427
2024-12-24T11:00:00+01:00,1.84267,1.84521,1.83834,1.84387
2024-12-25T23:00:00+01:00,1.83965,1.8456,1.83786,1.84528
2024-12-26T11:00:00+01:00,1.84528,1.85357,1.84376,1.8534
2024-12-26T23:00:00+01:00,1.85354,1.85433,1.84842,1.85119
2024-12-27T11:00:00+01:00,1.85118,1.85302,1.8484,1.85096
2024-12-29T23:00:00+01:00,1.85256,1.85335,1.84062,1.84555
2024-12-30T11:00:00+01:00,1.84564,1.84778,1.84097,1.84576
2024-12-30T23:00:00+01:00,1.84586,1.85185,1.8439,1.85103
2024-12-31T11:00:00+01:00,1.85107,1.85412,1.84726,1.85118
2025-01-01T23:00:00+01:00,1.85116,1.85148,1.84198,1.84234
2025-01-02T11:00:00+01:00,1.84226,1.84326,1.82802,1.83498
2025-01-02T23:00:00+01:00,1.83498,1.83822,1.8306,1.83708
2025-01-03T11:00:00+01:00,1.8371,1.83842,1.83506,1.83686
2025-01-05T23:00:00+01:00,1.83578,1.83828,1.82999,1.83738
2025-01-06T11:00:00+01:00,1.83741,1.8436,1.83324,1.8415
2025-01-06T23:00:00+01:00,1.8407,1.84322,1.83169,1.83382
2025-01-07T11:00:00+01:00,1.8337,1.83852,1.83094,1.83536
2025-01-07T23:00:00+01:00,1.83586,1.8394,1.83437,1.83629
2025-01-08T11:00:00+01:00,1.83629,1.8412,1.83586,1.8399
2025-01-08T23:00:00+01:00,1.839,1.84602,1.83866,1.84388
2025-01-09T11:00:00+01:00,1.84384,1.8443,1.8383,1.8395
2025-01-09T23:00:00+01:00,1.84016,1.84728,1.83886,1.8468
2025-01-10T11:00:00+01:00,1.84676,1.8481,1.84095,1.84406
2025-01-12T23:00:00+01:00,1.84308,1.8452,1.83642,1.83876
2025-01-13T11:00:00+01:00,1.83872,1.83986,1.834,1.83496
2025-01-13T23:00:00+01:00,1.83446,1.83734,1.82302,1.8286
2025-01-14T11:00:00+01:00,1.82854,1.84084,1.82748,1.8394
2025-01-14T23:00:00+01:00,1.8396,1.84034,1.83336,1.83486
2025-01-15T11:00:00+01:00,1.83492,1.83874,1.82984,1.83256
2025-01-15T23:00:00+01:00,1.83276,1.8374,1.82804,1.83574
2025-01-16T11:00:00+01:00,1.83566,1.83905,1.83272,1.8373
2025-01-16T23:00:00+01:00,1.83796,1.84242,1.83577,1.83954
2025-01-17T11:00:00+01:00,1.83951,1.8461,1.837,1.83984
2025-01-19T23:00:00+01:00,1.8387,1.84142,1.8349,1.84012
2025-01-20T11:00:00+01:00,1.84015,1.84274,1.8347,1.8367
2025-01-20T23:00:00+01:00,1.836,1.84216,1.8336,1.83836
2025-01-21T11:00:00+01:00,1.8382,1.84172,1.83598,1.83606
2025-01-21T23:00:00+01:00,1.8372,1.84238,1.83556,1.8391
2025-01-22T11:00:00+01:00,1.8391,1.84076,1.83664,1.83786
2025-01-22T23:00:00+01:00,1.8386,1.8409,1.83462,1.84024
2025-01-23T11:00:00+01:00,1.84028,1.84076,1.8345,1.83546
2025-01-23T23:00:00+01:00,1.83546,1.8382,1.82872,1.83698
2025-01-24T11:00:00+01:00,1.837,1.8394,1.83501,1.83768
2025-01-26T23:00:00+01:00,1.83774,1.84353,1.83766,1.84292
2025-01-27T11:00:00+01:00,1.84291,1.84896,1.84184,1.84286
2025-01-27T23:00:00+01:00,1.844,1.84606,1.8412,1.8435
2025-01-28T11:00:00+01:00,1.8435,1.8454,1.8402,1.84076
2025-01-28T23:00:00+01:00,1.8405,1.84511,1.8398,1.84252
2025-01-29T11:00:00+01:00,1.84246,1.84438,1.84126,1.84166
2025-01-29T23:00:00+01:00,1.84275,1.84761,1.83988,1.8421
2025-01-30T11:00:00+01:00,1.84204,1.84922,1.83986,1.84426
2025-01-30T23:00:00+01:00,1.84444,1.84662,1.83476,1.83714
2025-01-31T11:00:00+01:00,1.83718,1.84042,1.83466,1.83776
2025-02-02T23:00:00+01:00,1.8335,1.8516,1.83235,1.84005
2025-02-03T11:00:00+01:00,1.84004,1.8454,1.83491,1.838
2025-02-03T23:00:00+01:00,1.83776,1.84525,1.83428,1.84396
2025-02-04T11:00:00+01:00,1.84392,1.84404,1.83634,1.83666
2025-02-04T23:00:00+01:00,1.83667,1.83796,1.83046,1.83121
2025-02-05T11:00:00+01:00,1.83122,1.8348,1.82725,1.82936
2025-02-05T23:00:00+01:00,1.8293,1.8349,1.82776,1.83136
2025-02-06T11:00:00+01:00,1.83144,1.83295,1.828,1.82966
2025-02-06T23:00:00+01:00,1.82956,1.83089,1.82516,1.82736
2025-02-07T11:00:00+01:00,1.82738,1.83188,1.82455,1.82498
2025-02-09T23:00:00+01:00,1.82526,1.82692,1.82192,1.82525
2025-02-10T11:00:00+01:00,1.82524,1.82746,1.82252,1.82746
2025-02-10T23:00:00+01:00,1.8266,1.82984,1.82262,1.82731
2025-02-11T11:00:00+01:00,1.82734,1.83393,1.82698,1.8325
2025-02-11T23:00:00+01:00,1.8322,1.83922,1.82779,1.83902
2025-02-12T11:00:00+01:00,1.83908,1.84453,1.8372,1.8408
2025-02-12T23:00:00+01:00,1.8407,1.8495,1.83966,1.849
2025-02-13T11:00:00+01:00,1.84896,1.84954,1.84122,1.84306
2025-02-13T23:00:00+01:00,1.8426,1.84551,1.83598,1.8362
2025-02-14T11:00:00+01:00,1.83626,1.83694,1.82868,1.83074
2025-02-16T23:00:00+01:00,1.83315,1.83374,1.82608,1.82654
2025-02-17T11:00:00+01:00,1.82656,1.82954,1.82551,1.8277
2025-02-17T23:00:00+01:00,1.8271,1.83382,1.82688,1.83262
2025-02-18T11:00:00+01:00,1.83262,1.83609,1.83091,1.83136
2025-02-18T23:00:00+01:00,1.8315,1.83952,1.82151,1.82186
2025-02-19T11:00:00+01:00,1.82183,1.82882,1.82173,1.82716
2025-02-19T23:00:00+01:00,1.8266,1.83032,1.82024,1.8218
2025-02-20T11:00:00+01:00,1.82184,1.8239,1.81759,1.8225
2025-02-20T23:00:00+01:00,1.8221,1.8231,1.8173,1.8185
2025-02-21T11:00:00+01:00,1.81853,1.8241,1.81726,1.82188
2025-02-23T23:00:00+01:00,1.82356,1.82938,1.81937,1.82265
2025-02-24T11:00:00+01:00,1.82263,1.82656,1.82062,1.826
2025-02-24T23:00:00+01:00,1.82661,1.8328,1.8256,1.83269
2025-02-25T11:00:00+01:00,1.83274,1.83972,1.83244,1.83666
2025-02-25T23:00:00+01:00,1.8373,1.84029,1.83538,1.83975
2025-02-26T11:00:00+01:00,1.83974,1.84329,1.83716,1.84116
2025-02-26T23:00:00+01:00,1.8409,1.84446,1.839,1.84384
2025-02-27T11:00:00+01:00,1.84384,1.84772,1.84114,1.84656
2025-02-27T23:00:00+01:00,1.84653,1.85726,1.84546,1.85592
2025-02-28T11:00:00+01:00,1.85592,1.85934,1.85326,1.85366
2025-03-02T23:00:00+01:00,1.8574,1.86096,1.85499,1.85932
2025-03-03T11:00:00+01:00,1.85932,1.86928,1.85932,1.8674
2025-03-03T23:00:00+01:00,1.8679,1.8741,1.86664,1.86886
2025-03-04T11:00:00+01:00,1.8688,1.88132,1.86786,1.876
2025-03-04T23:00:00+01:00,1.8758,1.88659,1.87446,1.88602
2025-03-05T11:00:00+01:00,1.88606,1.8898,1.87969,1.8843
2025-03-05T23:00:00+01:00,1.88426,1.88784,1.8811,1.8834
2025-03-06T11:00:00+01:00,1.88336,1.88886,1.877,1.88044
2025-03-06T23:00:00+01:00,1.88048,1.89724,1.87994,1.89638
2025-03-07T11:00:00+01:00,1.89636,1.9053,1.89602,1.89734
2025-03-09T22:00:00+01:00,1.89638,1.9028,1.88703,1.88733
2025-03-10T10:00:00+01:00,1.88732,1.90202,1.88726,1.90174
2025-03-10T22:00:00+01:00,1.9012,1.91398,1.90018,1.91375
2025-03-11T10:00:00+01:00,1.91374,1.91688,1.90912,1.91036
2025-03-11T22:00:00+01:00,1.91052,1.91203,1.9085,1.90991
2025-03-12T10:00:00+01:00,1.90996,1.91251,1.89976,1.90046
2025-03-12T22:00:00+01:00,1.9,1.90618,1.89586,1.90578
2025-03-13T10:00:00+01:00,1.90571,1.90866,1.90066,1.90526
2025-03-13T22:00:00+01:00,1.90396,1.9064,1.8932,1.8948
2025-03-14T10:00:00+01:00,1.89482,1.90612,1.8911,1.89238
2025-03-16T22:00:00+01:00,1.8937,1.894,1.88386,1.88504
2025-03-17T10:00:00+01:00,1.88503,1.88667,1.87467,1.87666
2025-03-17T22:00:00+01:00,1.87665,1.87936,1.87215,1.87871
2025-03-18T10:00:00+01:00,1.8787,1.88262,1.8749,1.88056
2025-03-18T22:00:00+01:00,1.88066,1.88504,1.87742,1.88502
2025-03-19T10:00:00+01:00,1.88502,1.8862,1.8747,1.87496
2025-03-19T22:00:00+01:00,1.87466,1.8879,1.87126,1.88632
2025-03-20T10:00:00+01:00,1.8863,1.8927,1.8833,1.88486
2025-03-20T22:00:00+01:00,1.8853,1.8869,1.8804,1.88146
2025-03-21T10:00:00+01:00,1.8815,1.8879,1.88058,1.88658
2025-03-23T22:00:00+01:00,1.8865,1.89357,1.88378,1.89127
2025-03-24T10:00:00+01:00,1.89128,1.89202,1.88546,1.8857
2025-03-24T22:00:00+01:00,1.88554,1.88856,1.88456,1.88815
2025-03-25T10:00:00+01:00,1.88816,1.88862,1.8819,1.88246
2025-03-25T22:00:00+01:00,1.88226,1.88626,1.87396,1.8766
2025-03-26T10:00:00+01:00,1.87652,1.87969,1.87286,1.8774
2025-03-26T22:00:00+01:00,1.87736,1.87957,1.87383,1.87488
2025-03-27T10:00:00+01:00,1.87486,1.88242,1.87369,1.882
2025-03-27T22:00:00+01:00,1.8819,1.8897,1.88073,1.88469
2025-03-28T10:00:00+01:00,1.88467,1.89678,1.8832,1.8948
2025-03-30T23:00:00+02:00,1.89358,1.90323,1.89314,1.9032
2025-03-31T11:00:00+02:00,1.90316,1.91011,1.9013,1.90486
2025-03-31T23:00:00+02:00,1.90576,1.91118,1.90266,1.9048
2025-04-01T11:00:00+02:00,1.9048,1.90558,1.8931,1.89336
2025-04-01T23:00:00+02:00,1.8932,1.8941,1.88048,1.88106
2025-04-02T11:00:00+02:00,1.88107,1.89474,1.87993,1.88978
2025-04-02T23:00:00+02:00,1.88826,1.90489,1.8868,1.89934
2025-04-03T11:00:00+02:00,1.89936,1.9138,1.89752,1.9073
2025-04-03T23:00:00+02:00,1.9069,1.94008,1.90564,1.9325
2025-04-04T11:00:00+02:00,1.93256,1.9735,1.92815,1.95876
2025-04-06T23:00:00+02:00,1.95365,1.98416,1.95107,1.97562
2025-04-07T11:00:00+02:00,1.9756,1.98426,1.9411,1.96788
2025-04-07T23:00:00+02:00,1.96888,1.97723,1.95017,1.95237
2025-04-08T11:00:00+02:00,1.9524,1.98323,1.94268,1.9804
2025-04-08T23:00:00+02:00,1.9802,2.00108,1.97726,1.98283
2025-04-09T11:00:00+02:00,1.98278,1.99194,1.93393,1.9399
2025-04-09T23:00:00+02:00,1.94,1.95009,1.92314,1.94558
2025-04-10T11:00:00+02:00,1.94558,1.96232,1.94056,1.95176
2025-04-10T23:00:00+02:00,1.95146,1.9757,1.94943,1.9666
2025-04-11T11:00:00+02:00,1.96668,1.9668,1.94151,1.95004
2025-04-13T23:00:00+02:00,1.94408,1.95296,1.934,1.9353
2025-04-14T11:00:00+02:00,1.93532,1.94404,1.92809,1.9312
2025-04-14T23:00:00+02:00,1.9314,1.93516,1.91505,1.921
2025-04-15T11:00:00+02:00,1.92106,1.92215,1.90422,1.9128
2025-04-15T23:00:00+02:00,1.9131,1.92473,1.90982,1.92035
2025-04-16T11:00:00+02:00,1.92032,1.92583,1.91677,1.9209
2025-04-16T23:00:00+02:00,1.9214,1.926,1.91764,1.92012
2025-04-17T11:00:00+02:00,1.9201,1.92028,1.8998,1.90292
2025-04-17T23:00:00+02:00,1.9031,1.91938,1.9029,1.91898
2025-04-18T11:00:00+02:00,1.9188,1.9216,1.91503,1.91874
2025-04-20T23:00:00+02:00,1.91874,1.92958,1.91496,1.92136
2025-04-21T11:00:00+02:00,1.92128,1.92418,1.91262,1.9187
2025-04-21T23:00:00+02:00,1.9193,1.92168,1.91248,1.91516
2025-04-22T11:00:00+02:00,1.9151,1.91749,1.90777,1.9153
2025-04-22T23:00:00+02:00,1.9153,1.9156,1.89862,1.90662
2025-04-23T11:00:00+02:00,1.90663,1.90903,1.89309,1.9038
2025-04-23T23:00:00+02:00,1.90365,1.9095,1.90168,1.90496
2025-04-24T11:00:00+02:00,1.90498,1.90569,1.89712,1.8993
2025-04-24T23:00:00+02:00,1.89942,1.90402,1.89116,1.90326
2025-04-25T11:00:00+02:00,1.90321,1.90858,1.90283,1.90574
2025-04-27T23:00:00+02:00,1.90686,1.91354,1.90296,1.91016
2025-04-28T11:00:00+02:00,1.91019,1.91422,1.90321,1.9105
2025-04-28T23:00:00+02:00,1.9102,1.91408,1.90692,1.9081
2025-04-29T11:00:00+02:00,1.90813,1.9244,1.90809,1.9203
2025-04-29T23:00:00+02:00,1.91976,1.92174,1.91332,1.92106
2025-04-30T11:00:00+02:00,1.92104,1.92646,1.906,1.90936
2025-04-30T23:00:00+02:00,1.90926,1.91088,1.90087,1.90947
2025-05-01T11:00:00+02:00,1.9095,1.91391,1.90756,1.91174
2025-05-01T23:00:00+02:00,1.9113,1.91471,1.9037,1.91262
2025-05-02T11:00:00+02:00,1.91266,1.91304,1.89916,1.90088
2025-05-04T23:00:00+02:00,1.90182,1.9047,1.89275,1.89712
2025-05-05T11:00:00+02:00,1.89716,1.89894,1.8938,1.89636
2025-05-05T23:00:00+02:00,1.8963,1.89864,1.89204,1.8947
2025-05-06T11:00:00+02:00,1.89466,1.8966,1.88843,1.89272
2025-05-06T23:00:00+02:00,1.8927,1.89562,1.88263,1.89516
2025-05-07T11:00:00+02:00,1.89506,1.90602,1.89476,1.9028
2025-05-07T23:00:00+02:00,1.90215,1.90698,1.89604,1.90662
2025-05-08T11:00:00+02:00,1.90658,1.9087,1.89764,1.90146
2025-05-08T23:00:00+02:00,1.9012,1.9095,1.90073,1.90793
2025-05-09T11:00:00+02:00,1.90795,1.91074,1.90265,1.9034
2025-05-11T23:00:00+02:00,1.89072,1.90039,1.88594,1.89096
2025-05-12T11:00:00+02:00,1.89096,1.89658,1.88696,1.89402
2025-05-12T23:00:00+02:00,1.89475,1.8988,1.884,1.8864
2025-05-13T11:00:00+02:00,1.88644,1.88694,1.8813,1.88376
2025-05-13T23:00:00+02:00,1.8844,1.8874,1.88104,1.88585
2025-05-14T11:00:00+02:00,1.88588,1.89572,1.88538,1.89462
2025-05-14T23:00:00+02:00,1.89474,1.90316,1.89124,1.90276
2025-05-15T11:00:00+02:00,1.90279,1.90882,1.9023,1.90326
2025-05-15T23:00:00+02:00,1.90475,1.9103,1.89451,1.8954
2025-05-16T11:00:00+02:00,1.89542,1.9004,1.89532,1.89856
2025-05-18T23:00:00+02:00,1.8985,1.90956,1.89628,1.90816
2025-05-19T11:00:00+02:00,1.90816,1.90983,1.89539,1.89554
2025-05-19T23:00:00+02:00,1.8956,1.90318,1.89304,1.90212
2025-05-20T11:00:00+02:00,1.90208,1.90736,1.90122,1.90432
2025-05-20T23:00:00+02:00,1.90515,1.91032,1.90135,1.90998
2025-05-21T11:00:00+02:00,1.91,1.91317,1.9008,1.90826
2025-05-21T23:00:00+02:00,1.90826,1.91487,1.90558,1.90932
2025-05-22T11:00:00+02:00,1.90932,1.91572,1.9086,1.9124
2025-05-22T23:00:00+02:00,1.91225,1.91486,1.90698,1.90838
2025-05-23T11:00:00+02:00,1.90839,1.90866,1.8969,1.89846
2025-05-25T23:00:00+02:00,1.8986,1.9011,1.8909,1.89164
2025-05-26T11:00:00+02:00,1.89162,1.89833,1.89141,1.89796
2025-05-26T23:00:00+02:00,1.89765,1.90522,1.8975,1.90454
2025-05-27T11:00:00+02:00,1.90452,1.90918,1.90289,1.90485
2025-05-27T23:00:00+02:00,1.90465,1.91035,1.89183,1.89657
2025-05-28T11:00:00+02:00,1.89662,1.90157,1.89258,1.89265
2025-05-28T23:00:00+02:00,1.8929,1.89766,1.884,1.89136
2025-05-29T11:00:00+02:00,1.89138,1.90545,1.88904,1.90467
2025-05-29T23:00:00+02:00,1.90459,1.90595,1.8973,1.90294
2025-05-30T11:00:00+02:00,1.90296,1.90587,1.89919,1.90242
2025-06-01T23:00:00+02:00,1.90339,1.90405,1.89269,1.8987
2025-06-02T11:00:00+02:00,1.89874,1.90076,1.89355,1.8958
2025-06-02T23:00:00+02:00,1.89665,1.90688,1.88971,1.90238
2025-06-03T11:00:00+02:00,1.90241,1.90258,1.89413,1.8958
2025-06-03T23:00:00+02:00,1.8959,1.89812,1.8935,1.89575
2025-06-04T11:00:00+02:00,1.89571,1.8964,1.89125,1.89493
2025-06-04T23:00:00+02:00,1.8942,1.89543,1.88916,1.88945
2025-06-05T11:00:00+02:00,1.88941,1.89625,1.88595,1.8962
2025-06-05T23:00:00+02:00,1.896,1.8976,1.89062,1.89429
2025-06-06T11:00:00+02:00,1.89425,1.89568,1.8899,1.89396
2025-06-08T23:00:00+02:00,1.89378,1.8953,1.88478,1.8864
2025-06-09T11:00:00+02:00,1.88645,1.88867,1.88485,1.88855
2025-06-09T23:00:00+02:00,1.88865,1.8898,1.88282,1.88738
2025-06-10T11:00:00+02:00,1.88742,1.89135,1.8867,1.8882
2025-06-10T23:00:00+02:00,1.8877,1.89634,1.88596,1.89472
2025-06-11T11:00:00+02:00,1.89478,1.9065,1.89222,1.90595
2025-06-11T23:00:00+02:00,1.9047,1.91717,1.9047,1.9132
2025-06-12T11:00:00+02:00,1.91318,1.91921,1.90826,1.90905
2025-06-12T23:00:00+02:00,1.9091,1.92374,1.90885,1.91542
2025-06-13T11:00:00+02:00,1.91541,1.92036,1.91274,1.91996
2025-06-15T23:00:00+02:00,1.91865,1.92189,1.91466,1.91734
2025-06-16T11:00:00+02:00,1.91731,1.91788,1.90481,1.90801
2025-06-16T23:00:00+02:00,1.90865,1.91053,1.90273,1.90416
2025-06-17T11:00:00+02:00,1.90427,1.9107,1.90289,1.909
2025-06-17T23:00:00+02:00,1.90905,1.91081,1.90615,1.90888
2025-06-18T11:00:00+02:00,1.90889,1.91057,1.90334,1.90495
2025-06-18T23:00:00+02:00,1.90475,1.92122,1.90298,1.91776
2025-06-19T11:00:00+02:00,1.91782,1.92392,1.9167,1.9188
2025-06-19T23:00:00+02:00,1.91873,1.92272,1.9172,1.922
2025-06-20T11:00:00+02:00,1.92199,1.93272,1.92025,1.93074
2025-06-22T23:00:00+02:00,1.92585,1.94524,1.92585,1.94168
2025-06-23T11:00:00+02:00,1.94161,1.9488,1.93634,1.93725
2025-06-23T23:00:00+02:00,1.93805,1.9389,1.92396,1.92472
2025-06-24T11:00:00+02:00,1.92463,1.93335,1.922,1.9327
2025-06-24T23:00:00+02:00,1.93285,1.93346,1.92407,1.9272
2025-06-25T11:00:00+02:00,1.92716,1.93186,1.92649,1.93108
2025-06-25T23:00:00+02:00,1.93065,1.93544,1.92902,1.9325
2025-06-26T11:00:00+02:00,1.93253,1.93503,1.92907,1.9318
2025-06-26T23:00:00+02:00,1.93225,1.93377,1.92622,1.92846
2025-06-27T11:00:00+02:00,1.9284,1.93758,1.92814,1.93484
2025-06-29T23:00:00+02:00,1.93815,1.93835,1.92736,1.93275
2025-06-30T11:00:00+02:00,1.93264,1.93502,1.93131,1.9335
2025-06-30T23:00:00+02:00,1.9341,1.9386,1.92749,1.93035
2025-07-01T11:00:00+02:00,1.9303,1.9366,1.93013,1.93635
2025-07-01T23:00:00+02:00,1.93621,1.9385,1.93268,1.93818
2025-07-02T11:00:00+02:00,1.93818,1.94312,1.93652,1.9379
2025-07-02T23:00:00+02:00,1.9368,1.94377,1.93599,1.94136
2025-07-03T11:00:00+02:00,1.94137,1.94537,1.93623,1.93698
2025-07-03T23:00:00+02:00,1.9374,1.94343,1.93486,1.94136
2025-07-04T11:00:00+02:00,1.94134,1.94688,1.94086,1.94375
2025-07-06T23:00:00+02:00,1.9443,1.95882,1.9431,1.95647
2025-07-07T11:00:00+02:00,1.95649,1.9577,1.94949,1.95354
2025-07-07T23:00:00+02:00,1.9526,1.95538,1.94688,1.95178
2025-07-08T11:00:00+02:00,1.9518,1.95586,1.94916,1.95505
2025-07-08T23:00:00+02:00,1.95485,1.9585,1.94912,1.95212
2025-07-09T11:00:00+02:00,1.95217,1.95662,1.95024,1.95424
2025-07-09T23:00:00+02:00,1.95325,1.95723,1.94898,1.95036
2025-07-10T11:00:00+02:00,1.95036,1.95058,1.93818,1.93884
2025-07-10T23:00:00+02:00,1.93875,1.94364,1.93554,1.94326
2025-07-11T11:00:00+02:00,1.9433,1.94838,1.94124,1.94617
2025-07-13T23:00:00+02:00,1.9446,1.95366,1.94134,1.9508
2025-07-14T11:00:00+02:00,1.95087,1.95589,1.9497,1.95318
2025-07-14T23:00:00+02:00,1.9533,1.9541,1.94826,1.94919
2025-07-15T11:00:00+02:00,1.94927,1.95432,1.9454,1.95172
2025-07-15T23:00:00+02:00,1.9505,1.95653,1.94608,1.95631
2025-07-16T11:00:00+02:00,1.9563,1.96402,1.95048,1.95782
2025-07-16T23:00:00+02:00,1.95778,1.96499,1.95451,1.95802
2025-07-17T11:00:00+02:00,1.95802,1.96008,1.95469,1.95545
2025-07-17T23:00:00+02:00,1.95525,1.95654,1.95009,1.9505
2025-07-18T11:00:00+02:00,1.95047,1.95104,1.94716,1.95066
2025-07-20T23:00:00+02:00,1.94765,1.95696,1.94742,1.95228
2025-07-21T11:00:00+02:00,1.9523,1.96,1.9523,1.95981
2025-07-21T23:00:00+02:00,1.95855,1.9679,1.9577,1.9677
2025-07-22T11:00:00+02:00,1.96768,1.96776,1.95564,1.95851
2025-07-22T23:00:00+02:00,1.95847,1.96066,1.94411,1.94512
2025-07-23T11:00:00+02:00,1.94517,1.9493,1.93966,1.94754
2025-07-23T23:00:00+02:00,1.94685,1.94875,1.94122,1.94155
2025-07-24T11:00:00+02:00,1.94157,1.95039,1.94086,1.94884
2025-07-24T23:00:00+02:00,1.94645,1.95548,1.94531,1.95388
2025-07-25T11:00:00+02:00,1.95385,1.95498,1.94848,1.95147
2025-07-27T23:00:00+02:00,1.95485,1.9561,1.95062,1.95436
2025-07-28T11:00:00+02:00,1.95437,1.95492,1.94093,1.94118
2025-07-28T23:00:00+02:00,1.9411,1.94403,1.9375,1.94122
2025-07-29T11:00:00+02:00,1.94124,1.94398,1.93576,1.93905
2025-07-29T23:00:00+02:00,1.93905,1.9408,1.93644,1.93972
2025-07-30T11:00:00+02:00,1.9397,1.94111,1.93377,1.9352
2025-07-30T23:00:00+02:00,1.9343,1.93742,1.92836,1.93626
2025-07-31T11:00:00+02:00,1.93626,1.94103,1.9351,1.93835
2025-07-31T23:00:00+02:00,1.9373,1.94742,1.93705,1.94497
2025-08-01T11:00:00+02:00,1.94504,1.96006,1.94251,1.95871
2025-08-03T23:00:00+02:00,1.96134,1.96256,1.9535,1.95521
2025-08-04T11:00:00+02:00,1.95516,1.96068,1.95344,1.95925
2025-08-04T23:00:00+02:00,1.9587,1.96141,1.95582,1.95975
2025-08-05T11:00:00+02:00,1.95978,1.96432,1.9567,1.9615
2025-08-05T23:00:00+02:00,1.96055,1.96442,1.954,1.95552
2025-08-06T11:00:00+02:00,1.95554,1.96712,1.9551,1.96675
2025-08-06T23:00:00+02:00,1.9661,1.96801,1.95894,1.96104
2025-08-07T11:00:00+02:00,1.9611,1.96161,1.95438,1.9567
2025-08-07T23:00:00+02:00,1.95705,1.96047,1.95308,1.95502
2025-08-08T11:00:00+02:00,1.955,1.95952,1.95246,1.95544
2025-08-10T23:00:00+02:00,1.95435,1.96244,1.95316,1.96024
2025-08-11T11:00:00+02:00,1.96032,1.96098,1.95494,1.95625
2025-08-11T23:00:00+02:00,1.95585,1.96128,1.95443,1.96114
2025-08-12T11:00:00+02:00,1.96113,1.96478,1.95851,1.96055
2025-08-12T23:00:00+02:00,1.9603,1.9643,1.95622,1.9575
2025-08-13T11:00:00+02:00,1.95752,1.96066,1.95622,1.95905
2025-08-13T23:00:00+02:00,1.95875,1.96271,1.95518,1.96163
2025-08-14T11:00:00+02:00,1.96163,1.96952,1.96163,1.96835
2025-08-14T23:00:00+02:00,1.969,1.97202,1.96623,1.97088
2025-08-15T11:00:00+02:00,1.97081,1.97639,1.97044,1.97605
2025-08-17T23:00:00+02:00,1.97793,1.97851,1.96628,1.96654
2025-08-18T11:00:00+02:00,1.96658,1.97356,1.96615,1.9692
2025-08-18T23:00:00+02:00,1.969,1.97395,1.96558,1.97259
2025-08-19T11:00:00+02:00,1.97262,1.97695,1.9707,1.9764
2025-08-19T23:00:00+02:00,1.97473,2.00216,1.9734,1.99638
2025-08-20T11:00:00+02:00,1.99644,2.00351,1.99564,2.00094
2025-08-20T23:00:00+02:00,2.00279,2.00332,1.99702,2.00114
2025-08-21T11:00:00+02:00,2.00118,2.00209,1.9938,1.9948
2025-08-21T23:00:00+02:00,1.99513,1.99786,1.9933,1.99532
2025-08-22T11:00:00+02:00,1.99538,1.99976,1.99342,1.99746
2025-08-24T23:00:00+02:00,1.99744,1.99886,1.99262,1.99504
2025-08-25T11:00:00+02:00,1.995,1.99606,1.9847,1.98668
2025-08-25T23:00:00+02:00,1.98672,1.99467,1.98241,1.98954
2025-08-26T11:00:00+02:00,1.98946,1.9922,1.98514,1.98635
2025-08-26T23:00:00+02:00,1.98655,1.99124,1.9853,1.98817
2025-08-27T11:00:00+02:00,1.98814,1.99066,1.98414,1.98676
2025-08-27T23:00:00+02:00,1.9868,1.98958,1.98408,1.98454
2025-08-28T11:00:00+02:00,1.98453,1.98942,1.98344,1.98535
2025-08-28T23:00:00+02:00,1.9862,1.98627,1.97834,1.98105
2025-08-29T11:00:00+02:00,1.9811,1.98461,1.97966,1.98196
2025-08-31T23:00:00+02:00,1.98521,1.9897,1.9795,1.98444
2025-09-01T11:00:00+02:00,1.98444,1.98627,1.98256,1.984
2025-09-01T23:00:00+02:00,1.98355,1.9926,1.98227,1.98802
2025-09-02T11:00:00+02:00,1.9881,1.9908,1.98441,1.9849
2025-09-02T23:00:00+02:00,1.98531,1.98854,1.98368,1.98837
2025-09-03T11:00:00+02:00,1.9884,1.98927,1.98351,1.98392
2025-09-03T23:00:00+02:00,1.9847,1.98738,1.98102,1.98634
2025-09-04T11:00:00+02:00,1.98634,1.99571,1.98554,1.99294
2025-09-04T23:00:00+02:00,1.99297,1.99358,1.98634,1.9879
2025-09-05T11:00:00+02:00,1.98792,1.99167,1.98436,1.98806
2025-09-07T23:00:00+02:00,1.98756,1.99044,1.97922,1.98043
2025-09-08T11:00:00+02:00,1.98038,1.98071,1.97506,1.9803
2025-09-08T23:00:00+02:00,1.98087,1.98208,1.97559,1.97616
2025-09-09T11:00:00+02:00,1.97616,1.9778,1.97294,1.9763
2025-09-09T23:00:00+02:00,1.97512,1.97693,1.96826,1.96997
2025-09-10T11:00:00+02:00,1.96998,1.97193,1.96625,1.96902
2025-09-10T23:00:00+02:00,1.96872,1.97274,1.96736,1.97236
2025-09-11T11:00:00+02:00,1.97234,1.97442,1.9631,1.96345
2025-09-11T23:00:00+02:00,1.9647,1.9693,1.96245,1.96876
2025-09-12T11:00:00+02:00,1.96878,1.97087,1.96755,1.97036
2025-09-14T23:00:00+02:00,1.96996,1.972,1.96664,1.9694
2025-09-15T11:00:00+02:00,1.96938,1.97393,1.96933,1.96998
2025-09-15T23:00:00+02:00,1.97,1.97702,1.97,1.97656
2025-09-16T11:00:00+02:00,1.97668,1.98332,1.97476,1.98185
2025-09-16T23:00:00+02:00,1.98381,1.9861,1.98108,1.98362
2025-09-17T11:00:00+02:00,1.98364,1.98749,1.97788,1.98148
2025-09-17T23:00:00+02:00,1.98115,2.0072,1.9802,2.00711
2025-09-18T11:00:00+02:00,2.00716,2.00761,1.99937,2.0035
2025-09-18T23:00:00+02:00,2.0036,2.00966,2.00082,2.00128
2025-09-19T11:00:00+02:00,2.00124,2.00788,2.00008,2.00564
2025-09-21T23:00:00+02:00,2.00523,2.0104,2.00138,2.00748
2025-09-22T11:00:00+02:00,2.00744,2.0115,2.00692,2.01135
2025-09-22T23:00:00+02:00,2.01183,2.01784,2.01048,2.01331
2025-09-23T11:00:00+02:00,2.0133,2.018,2.01,2.0168
2025-09-23T23:00:00+02:00,2.01796,2.01947,2.01164,2.01338
2025-09-24T11:00:00+02:00,2.01334,2.02046,2.01248,2.01938
2025-09-24T23:00:00+02:00,2.01938,2.022,2.01445,2.01486
2025-09-25T11:00:00+02:00,2.01486,2.02498,2.01469,2.02285
2025-09-25T23:00:00+02:00,2.02073,2.02733,2.02045,2.02618
2025-09-26T11:00:00+02:00,2.02628,2.0285,2.02483,2.02648
2025-09-28T23:00:00+02:00,2.02648,2.03032,2.02243,2.02448
2025-09-29T11:00:00+02:00,2.0245,2.03122,2.02408,2.0302
2025-09-29T23:00:00+02:00,2.02864,2.03093,2.02332,2.0267
2025-09-30T11:00:00+02:00,2.02672,2.0287,2.02078,2.0254
2025-09-30T23:00:00+02:00,2.024,2.02846,2.02008,2.02045
2025-10-01T11:00:00+02:00,2.0205,2.02082,2.01597,2.01696
2025-10-01T23:00:00+02:00,2.01682,2.01963,2.01062,2.01289
2025-10-02T11:00:00+02:00,2.01284,2.01828,2.0121,2.0142
2025-10-02T23:00:00+02:00,2.0141,2.01588,2.01163,2.01314
2025-10-03T11:00:00+02:00,2.01312,2.01626,2.011,2.01362
2025-10-05T23:00:00+02:00,2.01603,2.0163,2.00035,2.00456
2025-10-06T11:00:00+02:00,2.00449,2.0071,2.00275,2.00495
2025-10-06T23:00:00+02:00,2.00455,2.01136,2.00416,2.00874
2025-10-07T11:00:00+02:00,2.00874,2.01175,2.00576,2.01056
2025-10-07T23:00:00+02:00,2.01002,2.027,2.00873,2.0175
2025-10-08T11:00:00+02:00,2.01738,2.0175,2.00839,2.00961
2025-10-08T23:00:00+02:00,2.00982,2.01478,2.00536,2.0133
2025-10-09T11:00:00+02:00,2.01332,2.01499,2.00725,2.013
2025-10-09T23:00:00+02:00,2.01083,2.01479,2.0097,2.01139
2025-10-10T11:00:00+02:00,2.01128,2.03278,2.01064,2.03112
2025-10-12T23:00:00+02:00,2.0224,2.02972,2.02,2.02144
2025-10-13T11:00:00+02:00,2.02142,2.0237,2.0179,2.02095
2025-10-13T23:00:00+02:00,2.02059,2.0351,2.01904,2.03115
2025-10-14T11:00:00+02:00,2.03114,2.03348,2.02804,2.03125
2025-10-14T23:00:00+02:00,2.03062,2.03434,2.02929,2.03134
2025-10-15T11:00:00+02:00,2.03134,2.03888,2.02895,2.03498
2025-10-15T23:00:00+02:00,2.03486,2.0401,2.02826,2.03208
2025-10-16T11:00:00+02:00,2.03208,2.04362,2.03016,2.04189
2025-10-16T23:00:00+02:00,2.04188,2.0487,2.04036,2.04491
2025-10-17T11:00:00+02:00,2.04494,2.0453,2.03324,2.0355
2025-10-19T23:00:00+02:00,2.03673,2.03894,2.03142,2.0324
2025-10-20T11:00:00+02:00,2.03248,2.03532,2.02559,2.0269
2025-10-20T23:00:00+02:00,2.02823,2.03536,2.02582,2.03324
2025-10-21T11:00:00+02:00,2.03324,2.03371,2.01928,2.0203
2025-10-21T23:00:00+02:00,2.0217,2.02234,2.0153,2.01784
2025-10-22T11:00:00+02:00,2.0179,2.0256,2.01658,2.02336
2025-10-22T23:00:00+02:00,2.02322,2.02527,2.01739,2.01866
2025-10-23T11:00:00+02:00,2.01858,2.02114,2.01658,2.01995
2025-10-23T23:00:00+02:00,2.0197,2.02178,2.01686,2.02158
2025-10-24T11:00:00+02:00,2.02157,2.02608,2.01564,2.02242
2025-10-26T22:00:00+01:00,2.01386,2.0207,2.01364,2.01906
2025-10-27T10:00:00+01:00,2.01907,2.02186,2.01735,2.01855
2025-10-27T22:00:00+01:00,2.01876,2.02288,2.01668,2.02181
2025-10-28T10:00:00+01:00,2.02178,2.02194,2.01476,2.0156
2025-10-28T22:00:00+01:00,2.01548,2.01774,2.00751,2.01264
2025-10-29T10:00:00+01:00,2.01256,2.01563,2.0087,2.01304
2025-10-29T22:00:00+01:00,2.01308,2.0152,2.00899,2.01234
2025-10-30T10:00:00+01:00,2.01231,2.01972,2.01216,2.01425
2025-10-30T22:00:00+01:00,2.01436,2.02336,2.01412,2.02212
2025-10-31T10:00:00+01:00,2.02214,2.0229,2.01162,2.0151
2025-11-02T23:00:00+01:00,2.01598,2.01766,2.0122,2.01425
2025-11-03T11:00:00+01:00,2.01432,2.0221,2.01332,2.01845
2025-11-03T23:00:00+01:00,2.01895,2.03164,2.01753,2.0314
2025-11-04T11:00:00+01:00,2.03144,2.03751,2.026,2.0348
2025-11-04T23:00:00+01:00,2.03113,2.04034,2.02992,2.03358
2025-11-05T11:00:00+01:00,2.03359,2.03746,2.0271,2.02985
2025-11-05T23:00:00+01:00,2.03086,2.03628,2.02855,2.03418
2025-11-06T11:00:00+01:00,2.03412,2.05076,2.03342,2.04911
2025-11-06T23:00:00+01:00,2.0482,2.05756,2.04743,2.05434
2025-11-07T11:00:00+01:00,2.05442,2.06413,2.05315,2.05564
2025-11-09T23:00:00+01:00,2.05348,2.05572,2.04736,2.04744
2025-11-10T11:00:00+01:00,2.0475,2.05246,2.0468,2.04735
2025-11-10T23:00:00+01:00,2.04605,2.05219,2.04578,2.04929
2025-11-11T11:00:00+01:00,2.0492,2.05187,2.04665,2.0486
2025-11-11T23:00:00+01:00,2.04956,2.05032,2.04556,2.04603
2025-11-12T11:00:00+01:00,2.04602,2.04885,2.04296,2.0462
2025-11-12T23:00:00+01:00,2.0455,2.05552,2.04414,2.04678
2025-11-13T11:00:00+01:00,2.04679,2.05989,2.04674,2.05779
2025-11-13T23:00:00+01:00,2.05681,2.05966,2.04558,2.04769
2025-11-14T11:00:00+01:00,2.04782,2.05034,2.04083,2.04591
2025-11-16T23:00:00+01:00,2.04591,2.05018,2.04126,2.04616
2025-11-17T11:00:00+01:00,2.04618,2.05116,2.0433,2.04913
2025-11-17T23:00:00+01:00,2.04828,2.05625,2.0449,2.04551
2025-11-18T11:00:00+01:00,2.04556,2.05251,2.04301,2.047
2025-11-18T23:00:00+01:00,2.04609,2.0581,2.04538,2.05437
2025-11-19T11:00:00+01:00,2.0544,2.06222,2.0537,2.0593
2025-11-19T23:00:00+01:00,2.05915,2.05993,2.052,2.05274
2025-11-20T11:00:00+01:00,2.05269,2.06502,2.04742,2.06495
2025-11-20T23:00:00+01:00,2.06243,2.06613,2.05862,2.06006
2025-11-21T11:00:00+01:00,2.05998,2.06186,2.05018,2.05115
2025-11-23T23:00:00+01:00,2.05317,2.05999,2.05014,2.0591
2025-11-24T11:00:00+01:00,2.0591,2.05994,2.05289,2.05356
2025-11-24T23:00:00+01:00,2.05326,2.06064,2.05054,2.057
2025-11-25T11:00:00+01:00,2.05702,2.06804,2.05666,2.05875
2025-11-25T23:00:00+01:00,2.0593,2.06008,2.03347,2.03861
2025-11-26T11:00:00+01:00,2.0386,2.0434,2.03416,2.03506
2025-11-26T23:00:00+01:00,2.03382,2.03591,2.02448,2.02566
2025-11-27T11:00:00+01:00,2.0257,2.02952,2.02384,2.02414
2025-11-27T23:00:00+01:00,2.02515,2.02874,2.02282,2.02634
2025-11-28T11:00:00+01:00,2.02635,2.02766,2.0203,2.02205
2025-11-30T23:00:00+01:00,2.02444,2.02603,2.0213,2.0256
2025-12-01T11:00:00+01:00,2.02556,2.02918,2.02352,2.02655
2025-12-01T23:00:00+01:00,2.02788,2.03074,2.02596,2.03052
2025-12-02T11:00:00+01:00,2.03058,2.03182,2.02058,2.0262
2025-12-02T23:00:00+01:00,2.0266,2.02846,2.02298,2.02817
2025-12-03T11:00:00+01:00,2.02818,2.03406,2.0195,2.02148
2025-12-03T23:00:00+01:00,2.02236,2.02318,2.01902,2.02272
2025-12-04T11:00:00+01:00,2.02273,2.02462,2.01868,2.02085
2025-12-04T23:00:00+01:00,2.02044,2.02211,2.01754,2.0182
2025-12-05T11:00:00+01:00,2.01822,2.0193,2.01394,2.0157
2025-12-07T23:00:00+01:00,2.01422,2.01898,2.01168,2.0139
2025-12-08T11:00:00+01:00,2.01388,2.01836,2.01202,2.015
2025-12-08T23:00:00+01:00,2.0142,2.01773,2.01002,2.01145
2025-12-09T11:00:00+01:00,2.0115,2.01254,2.00746,2.01115
2025-12-09T23:00:00+01:00,2.01175,2.01754,2.0109,2.0109
2025-12-10T11:00:00+01:00,2.01091,2.01614,2.00886,2.01114
2025-12-10T23:00:00+01:00,2.01079,2.01835,2.0101,2.01577
2025-12-11T11:00:00+01:00,2.01576,2.02224,2.01368,2.02084
2025-12-11T23:00:00+01:00,2.0211,2.02192,2.01602,2.01773
2025-12-12T11:00:00+01:00,2.01774,2.02724,2.01736,2.02251
2025-12-14T23:00:00+01:00,2.02258,2.03502,2.02052,2.02959
2025-12-15T11:00:00+01:00,2.0296,2.0326,2.02644,2.03255
2025-12-15T23:00:00+01:00,2.0333,2.04022,2.0292,2.03278
2025-12-16T11:00:00+01:00,2.03278,2.03624,2.03047,2.03161