time,open,high,low,close
2004-05-31T11:00:00+02:00,0.860845,0.860845,0.860845,0.860845
2004-06-01T11:00:00+02:00,0.860845,0.860845,0.860175,0.860175
2004-06-02T11:00:00+02:00,0.860175,0.860175,0.84606,0.84606
2004-06-03T11:00:00+02:00,0.84606,0.84606,0.84161,0.84161
2004-06-04T11:00:00+02:00,0.84161,0.84161,0.84051,0.84051
2004-06-07T11:00:00+02:00,0.842355,0.85375,0.842355,0.85375
2004-06-08T11:00:00+02:00,0.85375,0.85375,0.847025,0.847025
2004-06-09T11:00:00+02:00,0.847025,0.847025,0.840125,0.840125
2004-06-10T11:00:00+02:00,0.840125,0.86159,0.840125,0.86159
2004-06-11T11:00:00+02:00,0.86159,0.86159,0.85752,0.85752
2004-06-14T11:00:00+02:00,0.857595,0.85844,0.857595,0.85844
2004-06-15T11:00:00+02:00,0.85844,0.873175,0.85844,0.873175
2004-06-16T11:00:00+02:00,0.873175,0.873175,0.86352,0.86352
2004-06-17T11:00:00+02:00,0.86352,0.86352,0.85295,0.85295
2004-06-18T11:00:00+02:00,0.85295,0.854155,0.85295,0.854155
2004-06-21T11:00:00+02:00,0.85496,0.858255,0.85496,0.858255
2004-06-22T11:00:00+02:00,0.858255,0.858255,0.852845,0.852845
2004-06-23T11:00:00+02:00,0.852845,0.852845,0.849075,0.849075
2004-06-24T11:00:00+02:00,0.849075,0.853935,0.849075,0.853935
2004-06-25T11:00:00+02:00,0.853935,0.85804,0.853935,0.85804
2004-06-28T11:00:00+02:00,0.85848,0.864415,0.85848,0.864415
2004-06-29T11:00:00+02:00,0.864415,0.864415,0.84821,0.84821
2004-06-30T11:00:00+02:00,0.84821,0.84821,0.848035,0.848035
2004-07-01T11:00:00+02:00,0.848035,0.854155,0.848035,0.854155
2004-07-02T11:00:00+02:00,0.854155,0.85701,0.854155,0.85701
2004-07-05T11:00:00+02:00,0.857595,0.85826,0.857595,0.85826
2004-07-06T11:00:00+02:00,0.85826,0.862365,0.85826,0.862365
2004-07-07T11:00:00+02:00,0.862365,0.866965,0.862365,0.866965
2004-07-08T11:00:00+02:00,0.866965,0.866965,0.864905,0.864905
2004-07-09T11:00:00+02:00,0.864905,0.866025,0.864905,0.866025
2004-07-12T11:00:00+02:00,0.865955,0.8707,0.865955,0.8707
2004-07-13T11:00:00+02:00,0.8707,0.8707,0.866105,0.866105
2004-07-14T11:00:00+02:00,0.866105,0.866105,0.862625,0.862625
2004-07-15T11:00:00+02:00,0.862625,0.862625,0.86103,0.86103
2004-07-16T11:00:00+02:00,0.86103,0.864455,0.86103,0.864455
2004-07-19T11:00:00+02:00,0.86378,0.86378,0.85756,0.85756
2004-07-20T11:00:00+02:00,0.85756,0.8594,0.85756,0.8594
2004-07-21T11:00:00+02:00,0.8594,0.8594,0.84592,0.84592
2004-07-22T11:00:00+02:00,0.84592,0.84592,0.845525,0.845525
2004-07-23T11:00:00+02:00,0.845525,0.845525,0.839455,0.839455
2004-07-26T11:00:00+02:00,0.839455,0.84785,0.839455,0.84785
2004-07-27T11:00:00+02:00,0.84785,0.84785,0.835455,0.835455
2004-07-28T11:00:00+02:00,0.835455,0.835525,0.835455,0.835525
2004-07-29T11:00:00+02:00,0.835525,0.83921,0.835525,0.83921
2004-07-30T11:00:00+02:00,0.83921,0.847925,0.83921,0.847925
2004-08-02T11:00:00+02:00,0.84735,0.852625,0.84735,0.852625
2004-08-03T11:00:00+02:00,0.852625,0.852625,0.852405,0.852405
2004-08-04T11:00:00+02:00,0.852405,0.852405,0.849,0.849
2004-08-05T11:00:00+02:00,0.849,0.849,0.84893,0.84893
2004-08-06T11:00:00+02:00,0.84893,0.85598,0.84893,0.85598
2004-08-09T11:00:00+02:00,0.8562,0.86018,0.8562,0.86018
2004-08-10T11:00:00+02:00,0.86018,0.86196,0.86018,0.86196
2004-08-11T11:00:00+02:00,0.86196,0.867675,0.86196,0.867675
2004-08-12T11:00:00+02:00,0.867675,0.87658,0.867675,0.87658
2004-08-13T11:00:00+02:00,0.87658,0.87658,0.872525,0.872525
2004-08-16T11:00:00+02:00,0.869415,0.869415,0.86881,0.86881
2004-08-17T11:00:00+02:00,0.86881,0.86881,0.868055,0.868055
2004-08-18T11:00:00+02:00,0.868055,0.868055,0.866255,0.866255
2004-08-19T11:00:00+02:00,0.866255,0.87123,0.866255,0.87123
2004-08-20T11:00:00+02:00,0.87123,0.87298,0.87123,0.87298
2004-08-23T11:00:00+02:00,0.872905,0.872905,0.864975,0.864975
2004-08-24T11:00:00+02:00,0.864975,0.864975,0.846525,0.846525
2004-08-25T11:00:00+02:00,0.846525,0.847315,0.846525,0.847315
2004-08-26T11:00:00+02:00,0.847315,0.85186,0.847315,0.85186
2004-08-27T11:00:00+02:00,0.85186,0.85767,0.85186,0.85767
2004-08-30T11:00:00+02:00,0.85782,0.85782,0.857265,0.857265
2004-08-31T11:00:00+02:00,0.857265,0.860255,0.857265,0.860255
2004-09-01T11:00:00+02:00,0.860255,0.860255,0.857045,0.857045
2004-09-02T11:00:00+02:00,0.857045,0.857045,0.842995,0.842995
2004-09-03T11:00:00+02:00,0.842995,0.842995,0.84002,0.84002
2004-09-06T11:00:00+02:00,0.84065,0.843455,0.84065,0.843455
2004-09-07T11:00:00+02:00,0.843455,0.843455,0.833335,0.833335
2004-09-08T11:00:00+02:00,0.833335,0.83808,0.833335,0.83808
2004-09-09T11:00:00+02:00,0.83808,0.84097,0.83808,0.84097
2004-09-10T11:00:00+02:00,0.84097,0.845705,0.84097,0.845705
2004-09-13T11:00:00+02:00,0.847135,0.85521,0.847135,0.85521
2004-09-14T11:00:00+02:00,0.85521,0.85587,0.85521,0.85587
2004-09-15T11:00:00+02:00,0.85587,0.85587,0.85168,0.85168
2004-09-16T11:00:00+02:00,0.85168,0.85208,0.85168,0.85208
2004-09-17T11:00:00+02:00,0.85208,0.85712,0.85208,0.85712
2004-09-20T11:00:00+02:00,0.85697,0.85697,0.85587,0.85587
2004-09-21T11:00:00+02:00,0.85587,0.85587,0.85448,0.85448
2004-09-22T11:00:00+02:00,0.85448,0.85448,0.849765,0.849765
2004-09-23T11:00:00+02:00,0.849765,0.85244,0.849765,0.85244
2004-09-24T11:00:00+02:00,0.85244,0.85244,0.852005,0.852005
2004-09-27T11:00:00+02:00,0.85237,0.85237,0.847095,0.847095
2004-09-28T11:00:00+02:00,0.847095,0.85121,0.847095,0.85121
2004-09-29T11:00:00+02:00,0.85121,0.851315,0.85121,0.851315
2004-09-30T11:00:00+02:00,0.851315,0.85481,0.851315,0.85481
2004-10-01T11:00:00+02:00,0.85481,0.85481,0.851135,0.851135
2004-10-04T11:00:00+02:00,0.84854,0.8515,0.84854,0.8515
2004-10-05T11:00:00+02:00,0.8515,0.8515,0.85034,0.85034
2004-10-06T11:00:00+02:00,0.85034,0.85034,0.85034,0.85034
2004-10-07T11:00:00+02:00,0.85034,0.85335,0.85034,0.85335
2004-10-08T11:00:00+02:00,0.85335,0.85778,0.85335,0.85778
2004-10-11T11:00:00+02:00,0.855655,0.855655,0.85521,0.85521
2004-10-12T11:00:00+02:00,0.85521,0.85521,0.852115,0.852115
2004-10-13T11:00:00+02:00,0.852115,0.852115,0.84998,0.84998
2004-10-14T11:00:00+02:00,0.84998,0.85547,0.84998,0.85547
2004-10-15T11:00:00+02:00,0.85547,0.8614,0.85547,0.8614
2004-10-18T11:00:00+02:00,0.8594,0.860955,0.8594,0.860955
2004-10-19T11:00:00+02:00,0.860955,0.862665,0.860955,0.862665
2004-10-20T11:00:00+02:00,0.862665,0.862665,0.86014,0.86014
2004-10-21T11:00:00+02:00,0.86014,0.861845,0.86014,0.861845
2004-10-22T11:00:00+02:00,0.861845,0.861845,0.85881,0.85881
2004-10-25T11:00:00+02:00,0.85955,0.85955,0.85536,0.85536
2004-10-26T11:00:00+02:00,0.85536,0.85536,0.854045,0.854045
2004-10-27T11:00:00+02:00,0.854045,0.854045,0.842495,0.842495
2004-10-28T11:00:00+02:00,0.842495,0.842495,0.835665,0.835665
2004-10-29T11:00:00+02:00,0.835665,0.835665,0.832915,0.832915
2004-11-01T11:00:00+01:00,0.83633,0.83633,0.83584,0.83584
2004-11-02T11:00:00+01:00,0.83584,0.8397,0.83584,0.8397
2004-11-03T11:00:00+01:00,0.8397,0.8397,0.833995,0.833995
2004-11-04T11:00:00+01:00,0.833995,0.833995,0.833925,0.833925
2004-11-05T11:00:00+01:00,0.833925,0.833925,0.8325,0.8325
2004-11-08T11:00:00+01:00,0.83157,0.83157,0.825425,0.825425
2004-11-09T11:00:00+01:00,0.825425,0.827545,0.825425,0.827545
2004-11-10T11:00:00+01:00,0.827545,0.827545,0.81626,0.81626
2004-11-11T11:00:00+01:00,0.81626,0.8224,0.81626,0.8224
2004-11-12T11:00:00+01:00,0.8224,0.82713,0.8224,0.82713
2004-11-15T11:00:00+01:00,0.828845,0.84097,0.828845,0.84097
2004-11-16T11:00:00+01:00,0.84097,0.84097,0.83654,0.83654
2004-11-17T11:00:00+01:00,0.83654,0.844455,0.83654,0.844455
2004-11-18T11:00:00+01:00,0.844455,0.851825,0.844455,0.851825
2004-11-19T11:00:00+01:00,0.851825,0.851825,0.84574,0.84574
2004-11-22T11:00:00+01:00,0.8476,0.8476,0.84168,0.84168
2004-11-23T11:00:00+01:00,0.84168,0.84438,0.84168,0.84438
2004-11-24T11:00:00+01:00,0.84438,0.84438,0.839245,0.839245
2004-11-25T11:00:00+01:00,0.839245,0.84285,0.839245,0.84285
2004-11-26T11:00:00+01:00,0.84285,0.843095,0.84285,0.843095
2004-11-29T11:00:00+01:00,0.844165,0.848825,0.844165,0.848825
2004-11-30T11:00:00+01:00,0.848825,0.848825,0.848035,0.848035
2004-12-01T11:00:00+01:00,0.848035,0.8494,0.848035,0.8494
2004-12-02T11:00:00+01:00,0.8494,0.85485,0.8494,0.85485
2004-12-03T11:00:00+01:00,0.85485,0.8597,0.85485,0.8597
2004-12-06T11:00:00+01:00,0.86022,0.86367,0.86022,0.86367
2004-12-07T11:00:00+01:00,0.86367,0.866625,0.86367,0.866625
2004-12-08T11:00:00+01:00,0.866625,0.869225,0.866625,0.869225
2004-12-09T11:00:00+01:00,0.869225,0.869225,0.866365,0.866365
2004-12-10T11:00:00+01:00,0.866365,0.866365,0.86326,0.86326
2004-12-13T11:00:00+01:00,0.85992,0.87146,0.85992,0.87146
2004-12-14T11:00:00+01:00,0.87146,0.87604,0.87146,0.87604
2004-12-15T11:00:00+01:00,0.87604,0.87974,0.87604,0.87974
2004-12-16T11:00:00+01:00,0.87974,0.87974,0.87635,0.87635
2004-12-17T11:00:00+01:00,0.87635,0.87635,0.87604,0.87604
2004-12-20T11:00:00+01:00,0.877575,0.880825,0.877575,0.880825
2004-12-21T11:00:00+01:00,0.880825,0.880825,0.87413,0.87413
2004-12-22T11:00:00+01:00,0.87413,0.884015,0.87413,0.884015
2004-12-23T11:00:00+01:00,0.884015,0.884015,0.87839,0.87839
2004-12-24T11:00:00+01:00,0.87839,0.88285,0.87839,0.88285
2004-12-27T11:00:00+01:00,0.88246,0.88246,0.88059,0.88059
2004-12-28T11:00:00+01:00,0.88059,0.88059,0.87696,0.87696
2004-12-29T11:00:00+01:00,0.87696,0.87696,0.86393,0.86393
2004-12-30T11:00:00+01:00,0.86393,0.865725,0.86393,0.865725
2004-12-31T11:00:00+01:00,0.865725,0.865725,0.8614,0.8614
2005-01-02T23:00:00+01:00,0.864305,0.866515,0.857375,0.862405
2005-01-03T11:00:00+01:00,0.862405,0.867905,0.860105,0.86207
2005-01-03T23:00:00+01:00,0.86207,0.863745,0.85955,0.861285
2005-01-04T11:00:00+01:00,0.861285,0.86689,0.856495,0.859735
2005-01-04T23:00:00+01:00,0.859735,0.861435,0.852225,0.856125
2005-01-05T11:00:00+01:00,0.856125,0.863075,0.853205,0.856715
2005-01-05T23:00:00+01:00,0.856715,0.859255,0.85499,0.856565
2005-01-06T11:00:00+01:00,0.856565,0.86434,0.855835,0.861695
2005-01-06T23:00:00+01:00,0.861695,0.86813,0.861695,0.86614
2005-01-07T11:00:00+01:00,0.86614,0.866965,0.85379,0.85609
2005-01-09T23:00:00+01:00,0.856675,0.85756,0.853935,0.854885
2005-01-10T11:00:00+01:00,0.854885,0.854955,0.84477,0.84872
2005-01-10T23:00:00+01:00,0.84872,0.85379,0.84785,0.852115
2005-01-11T11:00:00+01:00,0.852115,0.85284,0.84792,0.8503
2005-01-11T23:00:00+01:00,0.8503,0.85219,0.84556,0.84678
2005-01-12T11:00:00+01:00,0.84678,0.85023,0.84239,0.849365
2005-01-12T23:00:00+01:00,0.849365,0.85052,0.84563,0.847565
2005-01-13T11:00:00+01:00,0.847565,0.852115,0.844275,0.84728
2005-01-13T23:00:00+01:00,0.84728,0.84915,0.84477,0.848
2005-01-14T11:00:00+01:00,0.848,0.853935,0.84499,0.851425
2005-01-16T23:00:00+01:00,0.85121,0.85226,0.84836,0.84893
2005-01-17T11:00:00+01:00,0.84893,0.85059,0.845415,0.84764
2005-01-17T23:00:00+01:00,0.84764,0.84915,0.843135,0.84908
2005-01-18T11:00:00+01:00,0.84908,0.85306,0.84728,0.850955
2005-01-18T23:00:00+01:00,0.850955,0.859955,0.84994,0.857745
2005-01-19T11:00:00+01:00,0.857745,0.864265,0.855905,0.86155
2005-01-19T23:00:00+01:00,0.86155,0.86734,0.86044,0.86719
2005-01-20T11:00:00+01:00,0.86719,0.8718,0.862925,0.87157
2005-01-20T23:00:00+01:00,0.87157,0.87654,0.86817,0.87104
2005-01-21T11:00:00+01:00,0.87104,0.87554,0.867115,0.87359
2005-01-23T23:00:00+01:00,0.87123,0.87585,0.866965,0.86847
2005-01-24T11:00:00+01:00,0.86847,0.876615,0.86787,0.87512
2005-01-24T23:00:00+01:00,0.87512,0.87746,0.87097,0.874165
2005-01-25T11:00:00+01:00,0.874165,0.884295,0.87142,0.877615
2005-01-25T23:00:00+01:00,0.877615,0.882655,0.87731,0.881715
2005-01-26T11:00:00+01:00,0.881715,0.887665,0.8797,0.88238
2005-01-26T23:00:00+01:00,0.88238,0.885625,0.8809,0.882805
2005-01-27T11:00:00+01:00,0.882805,0.88751,0.881715,0.8857
2005-01-27T23:00:00+01:00,0.8857,0.888455,0.884605,0.885305
2005-01-28T11:00:00+01:00,0.885305,0.887195,0.88009,0.88308
2005-01-30T23:00:00+01:00,0.8809,0.884445,0.880205,0.882885
2005-01-31T11:00:00+01:00,0.882885,0.8868,0.87935,0.881135
2005-01-31T23:00:00+01:00,0.881135,0.883435,0.879775,0.881175
2005-02-01T11:00:00+01:00,0.881175,0.883585,0.87912,0.88028
2005-02-01T23:00:00+01:00,0.88028,0.88199,0.877,0.87808
2005-02-02T11:00:00+01:00,0.87808,0.885115,0.877155,0.884175
2005-02-02T23:00:00+01:00,0.884175,0.885195,0.881565,0.883585
2005-02-03T11:00:00+01:00,0.883585,0.885545,0.879895,0.881255
2005-02-03T23:00:00+01:00,0.881255,0.884055,0.879235,0.8839
2005-02-04T11:00:00+01:00,0.8839,0.89067,0.881795,0.887705
2005-02-06T23:00:00+01:00,0.886055,0.88688,0.881405,0.886405
2005-02-07T11:00:00+01:00,0.886405,0.887745,0.87835,0.8785
2005-02-07T23:00:00+01:00,0.8785,0.882575,0.877155,0.879775
2005-02-08T11:00:00+01:00,0.879775,0.880165,0.869565,0.871765
2005-02-08T23:00:00+01:00,0.871765,0.875925,0.87021,0.87447
2005-02-09T11:00:00+01:00,0.87447,0.8809,0.87317,0.87796
2005-02-09T23:00:00+01:00,0.87796,0.884685,0.87735,0.882655
2005-02-10T11:00:00+01:00,0.882655,0.88625,0.879275,0.883935
2005-02-10T23:00:00+01:00,0.883935,0.885625,0.881215,0.8839
2005-02-11T11:00:00+01:00,0.8839,0.885935,0.881255,0.88285
2005-02-13T23:00:00+01:00,0.88246,0.88688,0.879315,0.880165
2005-02-14T11:00:00+01:00,0.880165,0.887275,0.87854,0.880705
2005-02-14T23:00:00+01:00,0.880705,0.884445,0.879855,0.882185
2005-02-15T11:00:00+01:00,0.882185,0.884445,0.880515,0.8809
2005-02-15T23:00:00+01:00,0.8809,0.883045,0.87831,0.881795
2005-02-16T11:00:00+01:00,0.881795,0.887905,0.878155,0.882805
2005-02-16T23:00:00+01:00,0.882805,0.8868,0.881405,0.884135
2005-02-17T11:00:00+01:00,0.884135,0.886645,0.881055,0.882615
2005-02-17T23:00:00+01:00,0.882615,0.886955,0.880125,0.8868
2005-02-18T11:00:00+01:00,0.8868,0.89218,0.884995,0.89055
2005-02-20T23:00:00+01:00,0.89055,0.89602,0.889045,0.893775
2005-02-21T11:00:00+01:00,0.893775,0.89787,0.88972,0.89465
2005-02-21T23:00:00+01:00,0.89465,0.89787,0.89242,0.89417
2005-02-22T11:00:00+01:00,0.89417,0.89908,0.89107,0.89266
2005-02-22T23:00:00+01:00,0.89266,0.89465,0.89075,0.89314
2005-02-23T11:00:00+01:00,0.89314,0.90094,0.891225,0.898755
2005-02-23T23:00:00+01:00,0.898755,0.904115,0.89819,0.89932
2005-02-24T11:00:00+01:00,0.89932,0.903875,0.89186,0.89346
2005-02-24T23:00:00+01:00,0.89346,0.89634,0.8917,0.8961
2005-02-25T11:00:00+01:00,0.8961,0.897545,0.89226,0.89469
2005-02-27T23:00:00+01:00,0.89421,0.901025,0.89302,0.89554
2005-02-28T11:00:00+01:00,0.89554,0.899805,0.893695,0.89658
2005-02-28T23:00:00+01:00,0.89658,0.897705,0.89314,0.89618
2005-03-01T11:00:00+01:00,0.89618,0.903955,0.895295,0.902565
2005-03-01T23:00:00+01:00,0.902565,0.904605,0.89714,0.89924
2005-03-02T11:00:00+01:00,0.89924,0.902895,0.897705,0.90013
2005-03-02T23:00:00+01:00,0.90013,0.90159,0.89803,0.9007
2005-03-03T11:00:00+01:00,0.9007,0.91021,0.900375,0.904855
2005-03-03T23:00:00+01:00,0.904855,0.905835,0.903545,0.905015
2005-03-04T11:00:00+01:00,0.905015,0.908635,0.90143,0.90261
2005-03-06T23:00:00+01:00,0.90318,0.90539,0.902325,0.904365
2005-03-07T11:00:00+01:00,0.904365,0.907485,0.902815,0.903875
2005-03-07T23:00:00+01:00,0.903875,0.907565,0.901995,0.906575
2005-03-08T11:00:00+01:00,0.906575,0.906745,0.8969,0.897545
2005-03-08T23:00:00+01:00,0.897545,0.89787,0.889955,0.89091
2005-03-09T11:00:00+01:00,0.89091,0.89322,0.88063,0.8917
2005-03-09T23:00:00+01:00,0.8917,0.89642,0.887275,0.88743
2005-03-10T11:00:00+01:00,0.88743,0.89075,0.885305,0.889085
2005-03-10T23:00:00+01:00,0.889085,0.890115,0.885545,0.888295
2005-03-11T11:00:00+01:00,0.888295,0.895135,0.88625,0.89254
2005-03-13T23:00:00+01:00,0.891505,0.893775,0.889755,0.89107
2005-03-14T11:00:00+01:00,0.89107,0.89202,0.88798,0.89091
2005-03-14T23:00:00+01:00,0.89091,0.8933,0.889405,0.89162
2005-03-15T11:00:00+01:00,0.89162,0.89489,0.89035,0.89405
2005-03-15T23:00:00+01:00,0.89405,0.895015,0.891185,0.89282
2005-03-16T11:00:00+01:00,0.89282,0.89718,0.88948,0.89638
2005-03-16T23:00:00+01:00,0.89638,0.89807,0.89409,0.89602
2005-03-17T11:00:00+01:00,0.89602,0.89811,0.89043,0.89274
2005-03-17T23:00:00+01:00,0.89274,0.895215,0.89115,0.89186
2005-03-18T11:00:00+01:00,0.89186,0.89779,0.890275,0.89574
2005-03-20T23:00:00+01:00,0.89437,0.89714,0.89226,0.89586
2005-03-21T11:00:00+01:00,0.89586,0.8969,0.89071,0.891545
2005-03-21T23:00:00+01:00,0.891545,0.89258,0.889405,0.89083
2005-03-22T11:00:00+01:00,0.89083,0.891465,0.881795,0.884135
2005-03-22T23:00:00+01:00,0.884135,0.884605,0.87831,0.882265
2005-03-23T11:00:00+01:00,0.882265,0.883435,0.868395,0.87294
2005-03-23T23:00:00+01:00,0.87294,0.876,0.869,0.87165
2005-03-24T11:00:00+01:00,0.87165,0.87264,0.865315,0.866065
2005-03-24T23:00:00+01:00,0.866065,0.86866,0.86494,0.86798
2005-03-25T11:00:00+01:00,0.86798,0.87055,0.86603,0.87025
2005-03-28T00:00:00+02:00,0.87032,0.87032,0.863,0.86479
2005-03-28T12:00:00+02:00,0.86479,0.869455,0.860695,0.862215
2005-03-29T00:00:00+02:00,0.862215,0.864115,0.857595,0.862555
2005-03-29T12:00:00+02:00,0.862555,0.864865,0.858995,0.858995
2005-03-30T00:00:00+02:00,0.858995,0.862625,0.857305,0.861065
2005-03-30T12:00:00+02:00,0.861065,0.86599,0.857525,0.861325
2005-03-31T00:00:00+02:00,0.861325,0.86584,0.86088,0.860995
2005-03-31T12:00:00+02:00,0.860995,0.866215,0.86014,0.861695
2005-04-01T00:00:00+02:00,0.861695,0.863595,0.85907,0.86218
2005-04-01T12:00:00+02:00,0.86218,0.86539,0.858665,0.86044
2005-04-03T23:00:00+02:00,0.86088,0.864715,0.85911,0.86233
2005-04-04T11:00:00+02:00,0.86233,0.86494,0.85848,0.86479
2005-04-04T23:00:00+02:00,0.86479,0.865465,0.858185,0.858335
2005-04-05T11:00:00+02:00,0.858335,0.865205,0.857085,0.863895
2005-04-05T23:00:00+02:00,0.863895,0.86734,0.86233,0.86644
2005-04-06T11:00:00+02:00,0.86644,0.87131,0.86569,0.87055
2005-04-06T23:00:00+02:00,0.87055,0.87378,0.868435,0.87233
2005-04-07T11:00:00+02:00,0.87233,0.876,0.86892,0.87036
2005-04-07T23:00:00+02:00,0.87036,0.87355,0.86983,0.87195
2005-04-08T11:00:00+02:00,0.87195,0.88199,0.87157,0.88028
2005-04-10T23:00:00+02:00,0.88028,0.88476,0.879935,0.882725
2005-04-11T11:00:00+02:00,0.882725,0.89178,0.881565,0.88964
2005-04-11T23:00:00+02:00,0.88964,0.8921,0.88806,0.88972
2005-04-12T11:00:00+02:00,0.88972,0.89334,0.887195,0.89294
2005-04-12T23:00:00+02:00,0.89294,0.8961,0.89214,0.89338
2005-04-13T11:00:00+02:00,0.89338,0.89779,0.89314,0.8961
2005-04-13T23:00:00+02:00,0.8961,0.89997,0.89554,0.89997
2005-04-14T11:00:00+02:00,0.89997,0.901105,0.893535,0.89594
2005-04-14T23:00:00+02:00,0.89594,0.89666,0.885155,0.88735
2005-04-15T11:00:00+02:00,0.88735,0.89326,0.886645,0.89246
2005-04-17T23:00:00+02:00,0.89246,0.89318,0.887195,0.89051
2005-04-18T11:00:00+02:00,0.89051,0.89658,0.889325,0.89634
2005-04-18T23:00:00+02:00,0.89634,0.90143,0.89326,0.89916
2005-04-19T11:00:00+02:00,0.89916,0.899805,0.893695,0.89626
2005-04-19T23:00:00+02:00,0.89626,0.898755,0.89465,0.89851
2005-04-20T11:00:00+02:00,0.89851,0.9042,0.89546,0.904035
2005-04-20T23:00:00+02:00,0.904035,0.904115,0.89908,0.901025
2005-04-21T11:00:00+02:00,0.901025,0.903955,0.89932,0.901755
2005-04-21T23:00:00+02:00,0.901755,0.906905,0.8994,0.901995
2005-04-22T11:00:00+02:00,0.901995,0.905675,0.8994,0.903995
2005-04-24T23:00:00+02:00,0.90318,0.908225,0.9031,0.906905
2005-04-25T11:00:00+02:00,0.906905,0.906905,0.90086,0.901635
2005-04-25T23:00:00+02:00,0.901635,0.904445,0.899765,0.903955
2005-04-26T11:00:00+02:00,0.903955,0.904935,0.899725,0.901385
2005-04-26T23:00:00+02:00,0.901385,0.90273,0.89726,0.899805
2005-04-27T11:00:00+02:00,0.899805,0.90208,0.89706,0.900335
2005-04-27T23:00:00+02:00,0.900335,0.91212,0.900335,0.909875
2005-04-28T11:00:00+02:00,0.909875,0.91387,0.90872,0.9122
2005-04-28T23:00:00+02:00,0.9122,0.914955,0.91058,0.91395
2005-04-29T11:00:00+02:00,0.91395,0.92349,0.91395,0.920475
2005-05-01T23:00:00+02:00,0.91954,0.92285,0.91937,0.920175
2005-05-02T11:00:00+02:00,0.920175,0.92077,0.91362,0.91592
2005-05-02T23:00:00+02:00,0.91592,0.917265,0.9132,0.91462
2005-05-03T11:00:00+02:00,0.91462,0.91479,0.908475,0.90967
2005-05-03T23:00:00+02:00,0.90967,0.91558,0.908845,0.913035
2005-05-04T11:00:00+02:00,0.913035,0.91621,0.91195,0.9142
2005-05-04T23:00:00+02:00,0.9142,0.91895,0.91199,0.91878
2005-05-05T11:00:00+02:00,0.91878,0.91878,0.913285,0.916
2005-05-05T23:00:00+02:00,0.916,0.91672,0.91341,0.91588
2005-05-06T11:00:00+02:00,0.91588,0.9163,0.906945,0.910915
2005-05-08T23:00:00+02:00,0.909425,0.911035,0.906985,0.907895
2005-05-09T11:00:00+02:00,0.907895,0.90839,0.902815,0.903625
2005-05-09T23:00:00+02:00,0.903625,0.906165,0.89819,0.90322
2005-05-10T11:00:00+02:00,0.90322,0.906825,0.901915,0.905265
2005-05-10T23:00:00+02:00,0.905265,0.910955,0.904775,0.91054
2005-05-11T11:00:00+02:00,0.91054,0.91395,0.90905,0.91091
2005-05-11T23:00:00+02:00,0.91091,0.91174,0.901185,0.901265
2005-05-12T11:00:00+02:00,0.901265,0.904035,0.89634,0.89924
2005-05-12T23:00:00+02:00,0.89924,0.899805,0.89445,0.89674
2005-05-13T11:00:00+02:00,0.89674,0.903135,0.8933,0.900735
2005-05-15T23:00:00+02:00,0.901225,0.901955,0.8921,0.8969
2005-05-16T11:00:00+02:00,0.8969,0.901795,0.895415,0.89654
2005-05-16T23:00:00+02:00,0.89654,0.901875,0.8963,0.900375
2005-05-17T11:00:00+02:00,0.900375,0.903385,0.89413,0.89429
2005-05-17T23:00:00+02:00,0.89429,0.89706,0.89174,0.895135
2005-05-18T11:00:00+02:00,0.895135,0.901145,0.8925,0.899605
2005-05-18T23:00:00+02:00,0.899605,0.899605,0.89702,0.89803
2005-05-19T11:00:00+02:00,0.89803,0.900295,0.8955,0.89574
2005-05-19T23:00:00+02:00,0.89574,0.897545,0.889365,0.897465
2005-05-20T11:00:00+02:00,0.897465,0.898395,0.89282,0.897825
2005-05-22T23:00:00+02:00,0.89606,0.897305,0.89314,0.894975
2005-05-23T11:00:00+02:00,0.894975,0.89554,0.89099,0.89437
2005-05-23T23:00:00+02:00,0.89437,0.89787,0.89318,0.897625
2005-05-24T11:00:00+02:00,0.897625,0.901265,0.89578,0.89847
2005-05-24T23:00:00+02:00,0.89847,0.9007,0.89638,0.89803
2005-05-25T11:00:00+02:00,0.89803,0.903545,0.8957,0.902855
2005-05-25T23:00:00+02:00,0.902855,0.906125,0.900575,0.902895
2005-05-26T11:00:00+02:00,0.902895,0.904695,0.897745,0.898555
2005-05-26T23:00:00+02:00,0.898555,0.903135,0.897385,0.901995
2005-05-27T11:00:00+02:00,0.901995,0.90273,0.89453,0.897505
2005-05-29T23:00:00+02:00,0.897505,0.898875,0.894935,0.897705
2005-05-30T11:00:00+02:00,0.897705,0.898755,0.893575,0.89429
2005-05-30T23:00:00+02:00,0.89429,0.89477,0.889285,0.89274
2005-05-31T11:00:00+02:00,0.89274,0.8929,0.882065,0.884485
2005-05-31T23:00:00+02:00,0.884485,0.886055,0.878695,0.879775
2005-06-01T11:00:00+02:00,0.879775,0.880165,0.868695,0.870585
2005-06-01T23:00:00+02:00,0.870585,0.87646,0.868735,0.875925
2005-06-02T11:00:00+02:00,0.875925,0.87708,0.87157,0.875005
2005-06-02T23:00:00+02:00,0.875005,0.877155,0.87348,0.876155
2005-06-03T11:00:00+02:00,0.876155,0.876925,0.870135,0.872905
2005-06-05T23:00:00+02:00,0.8723,0.881175,0.87169,0.881015
2005-06-06T11:00:00+02:00,0.881015,0.883505,0.878465,0.882575
2005-06-06T23:00:00+02:00,0.882575,0.889085,0.880475,0.889085
2005-06-07T11:00:00+02:00,0.889085,0.89278,0.887195,0.890155
2005-06-07T23:00:00+02:00,0.890155,0.89433,0.889285,0.893535
2005-06-08T11:00:00+02:00,0.893535,0.89393,0.88881,0.889605
2005-06-08T23:00:00+02:00,0.889605,0.89686,0.887545,0.895055
2005-06-09T11:00:00+02:00,0.895055,0.89678,0.891305,0.895335
2005-06-09T23:00:00+02:00,0.895335,0.89702,0.893775,0.895295
2005-06-10T11:00:00+02:00,0.895295,0.8961,0.88098,0.883705
2005-06-12T23:00:00+02:00,0.88339,0.889325,0.88292,0.88893
2005-06-13T11:00:00+02:00,0.88893,0.889245,0.883275,0.885855
2005-06-13T23:00:00+02:00,0.885855,0.89178,0.884835,0.890115
2005-06-14T11:00:00+02:00,0.890115,0.89274,0.88578,0.886095
2005-06-14T23:00:00+02:00,0.886095,0.889955,0.885385,0.88822
2005-06-15T11:00:00+02:00,0.88822,0.88893,0.879855,0.88234
2005-06-15T23:00:00+02:00,0.88234,0.883825,0.879625,0.882025
2005-06-16T11:00:00+02:00,0.882025,0.88735,0.88106,0.883665
2005-06-16T23:00:00+02:00,0.883665,0.884835,0.881485,0.884295
2005-06-17T11:00:00+02:00,0.884295,0.887585,0.880745,0.88152
2005-06-19T23:00:00+02:00,0.88234,0.886175,0.880785,0.88578
2005-06-20T11:00:00+02:00,0.88578,0.88578,0.879855,0.883005
2005-06-20T23:00:00+02:00,0.883005,0.887075,0.8823,0.884685
2005-06-21T11:00:00+02:00,0.884685,0.886485,0.87939,0.884095
2005-06-21T23:00:00+02:00,0.884095,0.884725,0.881325,0.881875
2005-06-22T11:00:00+02:00,0.881875,0.886995,0.87939,0.885665
2005-06-22T23:00:00+02:00,0.885665,0.88574,0.87646,0.87754
2005-06-23T11:00:00+02:00,0.87754,0.878465,0.869795,0.870245
2005-06-23T23:00:00+02:00,0.870245,0.873745,0.86798,0.87245
2005-06-24T11:00:00+02:00,0.87245,0.87758,0.867455,0.87032
2005-06-26T23:00:00+02:00,0.87108,0.87577,0.86892,0.87218
2005-06-27T11:00:00+02:00,0.87218,0.87723,0.869415,0.87108
2005-06-27T23:00:00+02:00,0.87108,0.8726,0.867755,0.869755
2005-06-28T11:00:00+02:00,0.869755,0.87059,0.86155,0.862885
2005-06-28T23:00:00+02:00,0.862885,0.865875,0.86118,0.864005
2005-06-29T11:00:00+02:00,0.864005,0.866855,0.85521,0.85955
2005-06-29T23:00:00+02:00,0.85955,0.863485,0.85682,0.85734
2005-06-30T11:00:00+02:00,0.85734,0.858665,0.850125,0.854045
2005-06-30T23:00:00+02:00,0.854045,0.85507,0.844595,0.848035
2005-07-01T11:00:00+02:00,0.848035,0.85215,0.84385,0.849545
2005-07-03T23:00:00+02:00,0.85056,0.85128,0.845235,0.846455
2005-07-04T11:00:00+02:00,0.846455,0.84749,0.84264,0.84427
2005-07-04T23:00:00+02:00,0.84427,0.845305,0.83889,0.83984
2005-07-05T11:00:00+02:00,0.83984,0.84392,0.836155,0.841645
2005-07-05T23:00:00+02:00,0.841645,0.844165,0.838965,0.840585
2005-07-06T11:00:00+02:00,0.840585,0.842175,0.830495,0.83347
2005-07-06T23:00:00+02:00,0.83347,0.83633,0.827065,0.83598
2005-07-07T11:00:00+02:00,0.83598,0.83907,0.82488,0.826995
2005-07-07T23:00:00+02:00,0.826995,0.827745,0.82257,0.824875
2005-07-08T11:00:00+02:00,0.824875,0.827675,0.8182,0.82075
2005-07-10T23:00:00+02:00,0.82257,0.82498,0.81977,0.82166
2005-07-11T11:00:00+02:00,0.82166,0.827545,0.817965,0.826035
2005-07-11T23:00:00+02:00,0.826035,0.829735,0.824335,0.829255
2005-07-12T11:00:00+02:00,0.829255,0.829735,0.823385,0.825555
2005-07-12T23:00:00+02:00,0.825555,0.827605,0.81586,0.81673
2005-07-13T11:00:00+02:00,0.81673,0.819875,0.80903,0.813045
2005-07-13T23:00:00+02:00,0.813045,0.818,0.81103,0.81553
2005-07-14T11:00:00+02:00,0.81553,0.82014,0.812745,0.81947
2005-07-14T23:00:00+02:00,0.81947,0.823995,0.81586,0.82129
2005-07-15T11:00:00+02:00,0.82129,0.823655,0.81626,0.82311
2005-07-17T23:00:00+02:00,0.82122,0.8259,0.82102,0.823925
2005-07-18T11:00:00+02:00,0.823925,0.8259,0.819335,0.824335
2005-07-18T23:00:00+02:00,0.824335,0.827335,0.82183,0.822845
2005-07-19T11:00:00+02:00,0.822845,0.82478,0.82004,0.822435
2005-07-19T23:00:00+02:00,0.822435,0.824875,0.82122,0.823215
2005-07-20T11:00:00+02:00,0.823215,0.827475,0.82058,0.826995
2005-07-20T23:00:00+02:00,0.826995,0.83143,0.826585,0.83046
2005-07-21T11:00:00+02:00,0.83046,0.83584,0.827095,0.83493
2005-07-21T23:00:00+02:00,0.83493,0.8371,0.831325,0.835455
2005-07-22T11:00:00+02:00,0.835455,0.84016,0.833855,0.83612
2005-07-24T23:00:00+02:00,0.833475,0.836085,0.83067,0.831635
2005-07-25T11:00:00+02:00,0.831635,0.835455,0.829015,0.834445
2005-07-25T23:00:00+02:00,0.834445,0.83521,0.831705,0.833575
2005-07-26T11:00:00+02:00,0.833575,0.840585,0.832465,0.83868
2005-07-26T23:00:00+02:00,0.83868,0.840125,0.834895,0.836435
2005-07-27T11:00:00+02:00,0.836435,0.84499,0.836015,0.84062
2005-07-27T23:00:00+02:00,0.84062,0.84356,0.836505,0.838185
2005-07-28T11:00:00+02:00,0.838185,0.843885,0.837905,0.840655
2005-07-28T23:00:00+02:00,0.840655,0.842885,0.83808,0.83921
2005-07-29T11:00:00+02:00,0.83921,0.84161,0.83198,0.83264
2005-07-31T23:00:00+02:00,0.830425,0.834725,0.829185,0.83361
2005-08-01T11:00:00+02:00,0.83361,0.83633,0.82778,0.82895
2005-08-01T23:00:00+02:00,0.82895,0.83455,0.827475,0.833995
2005-08-02T11:00:00+02:00,0.833995,0.837275,0.830115,0.837205
2005-08-02T23:00:00+02:00,0.837205,0.837695,0.833195,0.83469
2005-08-03T11:00:00+02:00,0.83469,0.841645,0.834415,0.841435
2005-08-03T23:00:00+02:00,0.841435,0.841715,0.837485,0.839105
2005-08-04T11:00:00+02:00,0.839105,0.840795,0.83476,0.83854
2005-08-04T23:00:00+02:00,0.83854,0.841715,0.8371,0.84023
2005-08-05T11:00:00+02:00,0.84023,0.84563,0.838325,0.840335
2005-08-07T23:00:00+02:00,0.838715,0.8442,0.83801,0.84193
2005-08-08T11:00:00+02:00,0.84193,0.843275,0.839315,0.840865
2005-08-08T23:00:00+02:00,0.840865,0.844345,0.83949,0.841715
2005-08-09T11:00:00+02:00,0.841715,0.844275,0.837975,0.839385
2005-08-09T23:00:00+02:00,0.839385,0.84699,0.83801,0.8462
2005-08-10T11:00:00+02:00,0.8462,0.84656,0.839595,0.84193
2005-08-10T23:00:00+02:00,0.84193,0.84998,0.84154,0.84857
2005-08-11T11:00:00+02:00,0.84857,0.84879,0.8442,0.846955
2005-08-11T23:00:00+02:00,0.846955,0.85175,0.845885,0.84933
2005-08-12T11:00:00+02:00,0.84933,0.849835,0.843315,0.84681
2005-08-14T23:00:00+02:00,0.84782,0.85027,0.84606,0.84836
2005-08-15T11:00:00+02:00,0.84836,0.84872,0.843135,0.847135
2005-08-15T23:00:00+02:00,0.847135,0.84994,0.845415,0.84828
2005-08-16T11:00:00+02:00,0.84828,0.84828,0.841855,0.84399
2005-08-16T23:00:00+02:00,0.84399,0.846025,0.84271,0.84413
2005-08-17T11:00:00+02:00,0.84413,0.85045,0.840935,0.850195
2005-08-17T23:00:00+02:00,0.850195,0.85215,0.847135,0.84821
2005-08-18T11:00:00+02:00,0.84821,0.85059,0.84635,0.848465
2005-08-18T23:00:00+02:00,0.848465,0.850125,0.84635,0.84771
2005-08-19T11:00:00+02:00,0.84771,0.85016,0.83935,0.841115
2005-08-21T23:00:00+02:00,0.840405,0.84399,0.838995,0.84285
2005-08-22T11:00:00+02:00,0.84285,0.84349,0.83577,0.83689
2005-08-22T23:00:00+02:00,0.83689,0.840405,0.83647,0.837555
2005-08-23T11:00:00+02:00,0.837555,0.839805,0.832955,0.836925
2005-08-23T23:00:00+02:00,0.836925,0.83724,0.832815,0.834345
2005-08-24T11:00:00+02:00,0.834345,0.836925,0.829325,0.830635
2005-08-24T23:00:00+02:00,0.830635,0.833335,0.826655,0.83153
2005-08-25T11:00:00+02:00,0.83153,0.83285,0.828155,0.83181
2005-08-25T23:00:00+02:00,0.83181,0.834725,0.82953,0.833335
2005-08-26T11:00:00+02:00,0.833335,0.83654,0.83153,0.83417
2005-08-28T23:00:00+02:00,0.832295,0.832915,0.828845,0.8316
2005-08-29T11:00:00+02:00,0.8316,0.833125,0.828085,0.830705
2005-08-29T23:00:00+02:00,0.830705,0.833125,0.825835,0.827405
2005-08-30T11:00:00+02:00,0.827405,0.828295,0.81954,0.8221
2005-08-30T23:00:00+02:00,0.8221,0.823385,0.81786,0.821695
2005-08-31T11:00:00+02:00,0.821695,0.827195,0.817795,0.826655
2005-08-31T23:00:00+02:00,0.826655,0.829875,0.824945,0.82905
2005-09-01T11:00:00+02:00,0.82905,0.83619,0.828295,0.83514
2005-09-01T23:00:00+02:00,0.83514,0.83935,0.83271,0.83696
2005-09-02T11:00:00+02:00,0.83696,0.841045,0.83375,0.83942
2005-09-04T23:00:00+02:00,0.838995,0.842565,0.83759,0.84097
2005-09-05T11:00:00+02:00,0.84097,0.84542,0.83977,0.84214
2005-09-05T23:00:00+02:00,0.84214,0.84499,0.841715,0.84324
2005-09-06T11:00:00+02:00,0.84324,0.846525,0.838785,0.843135
2005-09-06T23:00:00+02:00,0.843135,0.84488,0.83794,0.83921
2005-09-07T11:00:00+02:00,0.83921,0.842745,0.834445,0.836295
2005-09-07T23:00:00+02:00,0.836295,0.83822,0.83368,0.834795
2005-09-08T11:00:00+02:00,0.834795,0.836015,0.832085,0.833055
2005-09-08T23:00:00+02:00,0.833055,0.83361,0.83022,0.833125
2005-09-09T11:00:00+02:00,0.833125,0.834585,0.829185,0.83389
2005-09-11T23:00:00+02:00,0.834585,0.83619,0.83205,0.83556
2005-09-12T11:00:00+02:00,0.83556,0.83696,0.833195,0.83396
2005-09-12T23:00:00+02:00,0.83396,0.83689,0.831945,0.833265
2005-09-13T11:00:00+02:00,0.833265,0.834725,0.827405,0.829875
2005-09-13T23:00:00+02:00,0.829875,0.83598,0.828775,0.83375
2005-09-14T11:00:00+02:00,0.83375,0.83893,0.83278,0.83717
2005-09-14T23:00:00+02:00,0.83717,0.83928,0.83382,0.83773
2005-09-15T11:00:00+02:00,0.83773,0.83998,0.834655,0.83598
2005-09-15T23:00:00+02:00,0.83598,0.83808,0.83354,0.83493
2005-09-16T11:00:00+02:00,0.83493,0.83759,0.8296,0.831325
2005-09-18T23:00:00+02:00,0.827575,0.828195,0.823655,0.825215
2005-09-19T11:00:00+02:00,0.825215,0.826715,0.81626,0.8184
2005-09-19T23:00:00+02:00,0.8184,0.82102,0.81679,0.82068
2005-09-20T11:00:00+02:00,0.82068,0.8223,0.81626,0.81699
2005-09-20T23:00:00+02:00,0.81699,0.8192,0.812875,0.81793
2005-09-21T11:00:00+02:00,0.81793,0.821085,0.81553,0.81666
2005-09-21T23:00:00+02:00,0.81666,0.81773,0.811225,0.81195
2005-09-22T11:00:00+02:00,0.81195,0.81526,0.808475,0.811885
2005-09-22T23:00:00+02:00,0.811885,0.81354,0.808475,0.8107
2005-09-23T11:00:00+02:00,0.8107,0.812215,0.801795,0.805155
2005-09-25T23:00:00+02:00,0.803925,0.808145,0.8036,0.806325
2005-09-26T11:00:00+02:00,0.806325,0.808145,0.801155,0.804635
2005-09-26T23:00:00+02:00,0.804635,0.804955,0.79662,0.79949
2005-09-27T11:00:00+02:00,0.79949,0.80231,0.79732,0.801345
2005-09-27T23:00:00+02:00,0.801345,0.806905,0.79898,0.805285
2005-09-28T11:00:00+02:00,0.805285,0.808835,0.80467,0.807165
2005-09-28T23:00:00+02:00,0.807165,0.81228,0.806455,0.81215
2005-09-29T11:00:00+02:00,0.81215,0.81573,0.808145,0.809715
2005-09-29T23:00:00+02:00,0.809715,0.813405,0.805285,0.805285
2005-09-30T11:00:00+02:00,0.805285,0.808275,0.802825,0.804245
2005-10-02T23:00:00+02:00,0.805085,0.806455,0.801665,0.804955
2005-10-03T11:00:00+02:00,0.804955,0.808275,0.803085,0.806065
2005-10-03T23:00:00+02:00,0.806065,0.8107,0.80457,0.810305
2005-10-04T11:00:00+02:00,0.810305,0.81719,0.80952,0.81686
2005-10-04T23:00:00+02:00,0.81686,0.81954,0.8148,0.81666
2005-10-05T11:00:00+02:00,0.81666,0.8221,0.81533,0.82021
2005-10-05T23:00:00+02:00,0.82021,0.826005,0.8194,0.825015
2005-10-06T11:00:00+02:00,0.825015,0.829185,0.821695,0.824065
2005-10-06T23:00:00+02:00,0.824065,0.827885,0.82257,0.823115
2005-10-07T11:00:00+02:00,0.823115,0.824405,0.81599,0.816795
2005-10-09T23:00:00+02:00,0.816125,0.822775,0.815995,0.82237
2005-10-10T11:00:00+02:00,0.82237,0.823385,0.81773,0.821695
2005-10-10T23:00:00+02:00,0.821695,0.822975,0.81887,0.81907
2005-10-11T11:00:00+02:00,0.81907,0.82183,0.812745,0.813935
2005-10-11T23:00:00+02:00,0.813935,0.81666,0.81195,0.81334
2005-10-12T11:00:00+02:00,0.81334,0.81773,0.81301,0.81606
2005-10-12T23:00:00+02:00,0.81606,0.81719,0.81268,0.81347
2005-10-13T11:00:00+02:00,0.81347,0.82001,0.811755,0.81967
2005-10-13T23:00:00+02:00,0.81967,0.821625,0.81493,0.82048
2005-10-14T11:00:00+02:00,0.82048,0.827675,0.8186,0.82672
2005-10-16T23:00:00+02:00,0.82672,0.82754,0.8241,0.825425
2005-10-17T11:00:00+02:00,0.825425,0.825835,0.819875,0.821695
2005-10-17T23:00:00+02:00,0.821695,0.825355,0.81907,0.824535
2005-10-18T11:00:00+02:00,0.824535,0.826585,0.818,0.81826
2005-10-18T23:00:00+02:00,0.81826,0.82102,0.81706,0.820885
2005-10-19T11:00:00+02:00,0.820885,0.824265,0.817595,0.820885
2005-10-19T23:00:00+02:00,0.820885,0.823655,0.81873,0.8223
2005-10-20T11:00:00+02:00,0.8223,0.826715,0.81873,0.826375
2005-10-20T23:00:00+02:00,0.826375,0.828985,0.823655,0.825625
2005-10-21T11:00:00+02:00,0.825625,0.832985,0.82386,0.83174
2005-10-23T23:00:00+02:00,0.83091,0.833195,0.82984,0.83188
2005-10-24T11:00:00+02:00,0.83188,0.83654,0.83167,0.834515
2005-10-24T23:00:00+02:00,0.834515,0.83563,0.83153,0.83347
2005-10-25T11:00:00+02:00,0.83347,0.834515,0.827545,0.828295
2005-10-25T23:00:00+02:00,0.828295,0.832015,0.827885,0.829875
2005-10-26T11:00:00+02:00,0.829875,0.831325,0.819805,0.82129
2005-10-26T23:00:00+02:00,0.82129,0.829325,0.81813,0.827265
2005-10-27T11:00:00+02:00,0.827265,0.828985,0.82291,0.828775
2005-10-27T23:00:00+02:00,0.828775,0.829805,0.826655,0.827675
2005-10-28T11:00:00+02:00,0.827675,0.830495,0.825695,0.828295
2005-10-30T23:00:00+01:00,0.828435,0.829395,0.82621,0.826515
2005-10-31T11:00:00+01:00,0.826515,0.828635,0.82325,0.82802
2005-10-31T23:00:00+01:00,0.82802,0.828635,0.82379,0.82379
2005-11-01T11:00:00+01:00,0.82379,0.828085,0.81826,0.81974
2005-11-01T23:00:00+01:00,0.81974,0.82176,0.81473,0.81653
2005-11-02T11:00:00+01:00,0.81653,0.81893,0.81526,0.81679
2005-11-02T23:00:00+01:00,0.81679,0.8194,0.81546,0.8188
2005-11-03T11:00:00+01:00,0.8188,0.819875,0.812415,0.81367
2005-11-03T23:00:00+01:00,0.81367,0.81606,0.81215,0.8148
2005-11-04T11:00:00+01:00,0.8148,0.81493,0.80257,0.808995
2005-11-06T23:00:00+01:00,0.80782,0.810405,0.805995,0.806065
2005-11-07T11:00:00+01:00,0.806065,0.832295,0.784435,0.806715
2005-11-07T23:00:00+01:00,0.806715,0.810175,0.802505,0.809715
2005-11-08T11:00:00+01:00,0.809715,0.81354,0.808605,0.80952
2005-11-08T23:00:00+01:00,0.80952,0.81546,0.809065,0.814265
2005-11-09T11:00:00+01:00,0.814265,0.81533,0.809455,0.81493
2005-11-09T23:00:00+01:00,0.81493,0.8186,0.81354,0.81746
2005-11-10T11:00:00+01:00,0.81746,0.819875,0.81294,0.81646
2005-11-10T23:00:00+01:00,0.81646,0.81994,0.81546,0.81713
2005-11-11T11:00:00+01:00,0.81713,0.81907,0.81579,0.817665
2005-11-13T23:00:00+01:00,0.816325,0.8192,0.815995,0.818465
2005-11-14T11:00:00+01:00,0.818465,0.81907,0.809125,0.809915
2005-11-14T23:00:00+01:00,0.809915,0.81706,0.8088,0.81666
2005-11-15T11:00:00+01:00,0.81666,0.818665,0.81433,0.81726
2005-11-15T23:00:00+01:00,0.81726,0.81746,0.81473,0.81599
2005-11-16T11:00:00+01:00,0.81599,0.81893,0.81354,0.81753
2005-11-16T23:00:00+01:00,0.81753,0.819335,0.81613,0.81699
2005-11-17T11:00:00+01:00,0.81699,0.81773,0.8142,0.81673
2005-11-17T23:00:00+01:00,0.81673,0.81726,0.81347,0.81453
2005-11-18T11:00:00+01:00,0.81453,0.8186,0.81413,0.81706
2005-11-20T23:00:00+01:00,0.81586,0.819805,0.81586,0.81917
2005-11-21T11:00:00+01:00,0.81917,0.821155,0.81334,0.814465
2005-11-21T23:00:00+01:00,0.814465,0.81606,0.81281,0.81327
2005-11-22T11:00:00+01:00,0.81327,0.8138,0.8088,0.81235
2005-11-22T23:00:00+01:00,0.81235,0.814465,0.809455,0.81261
2005-11-23T11:00:00+01:00,0.81261,0.8138,0.810175,0.813405
2005-11-23T23:00:00+01:00,0.813405,0.81566,0.81195,0.814265
2005-11-24T11:00:00+01:00,0.814265,0.81546,0.813205,0.81473
2005-11-24T23:00:00+01:00,0.81473,0.81663,0.81357,0.81603
2005-11-25T11:00:00+01:00,0.81603,0.81756,0.812215,0.81553
2005-11-27T23:00:00+01:00,0.81354,0.81713,0.81195,0.81666
2005-11-28T11:00:00+01:00,0.81666,0.824265,0.81354,0.823115
2005-11-28T23:00:00+01:00,0.823115,0.824195,0.82075,0.82257
2005-11-29T11:00:00+01:00,0.82257,0.822845,0.81699,0.81873
2005-11-29T23:00:00+01:00,0.81873,0.82481,0.81813,0.822435
2005-11-30T11:00:00+01:00,0.822435,0.824065,0.8182,0.81907
2005-11-30T23:00:00+01:00,0.81907,0.82379,0.81893,0.82257
2005-12-01T11:00:00+01:00,0.82257,0.826855,0.818465,0.82183
2005-12-01T23:00:00+01:00,0.82183,0.825355,0.820545,0.823315
2005-12-02T11:00:00+01:00,0.823315,0.830085,0.822505,0.82857
2005-12-04T23:00:00+01:00,0.828295,0.831465,0.82706,0.828225
2005-12-05T11:00:00+01:00,0.828225,0.833195,0.827955,0.83153
2005-12-05T23:00:00+01:00,0.83153,0.83264,0.828845,0.82905
2005-12-06T11:00:00+01:00,0.82905,0.83181,0.82634,0.83029
2005-12-06T23:00:00+01:00,0.83029,0.830425,0.81686,0.81994
2005-12-07T11:00:00+01:00,0.81994,0.82156,0.81182,0.81387
2005-12-07T23:00:00+01:00,0.81387,0.81673,0.807625,0.81182
2005-12-08T11:00:00+01:00,0.81182,0.814465,0.81024,0.81294
2005-12-08T23:00:00+01:00,0.81294,0.81686,0.811295,0.81407
2005-12-09T11:00:00+01:00,0.81407,0.81713,0.81261,0.814
2005-12-11T23:00:00+01:00,0.81281,0.82028,0.81228,0.81853
2005-12-12T11:00:00+01:00,0.81853,0.82048,0.81546,0.818665
2005-12-12T23:00:00+01:00,0.818665,0.819,0.81493,0.81566
2005-12-13T11:00:00+01:00,0.81566,0.81693,0.810765,0.811755
2005-12-13T23:00:00+01:00,0.811755,0.81433,0.809715,0.81248
2005-12-14T11:00:00+01:00,0.81248,0.81626,0.81044,0.8146
2005-12-14T23:00:00+01:00,0.8146,0.81559,0.801155,0.80244
2005-12-15T11:00:00+01:00,0.80244,0.806905,0.79968,0.803665
2005-12-15T23:00:00+01:00,0.803665,0.803855,0.79491,0.7993
2005-12-16T11:00:00+01:00,0.7993,0.8016,0.79573,0.800705
2005-12-18T23:00:00+01:00,0.80032,0.805415,0.79815,0.804115
2005-12-19T11:00:00+01:00,0.804115,0.806385,0.80141,0.804055
2005-12-19T23:00:00+01:00,0.804055,0.805735,0.80019,0.804505
2005-12-20T11:00:00+01:00,0.804505,0.806905,0.798085,0.798085
2005-12-20T23:00:00+01:00,0.798085,0.802055,0.797,0.800835
2005-12-21T11:00:00+01:00,0.800835,0.801345,0.789015,0.78964
2005-12-21T23:00:00+01:00,0.78964,0.79252,0.784125,0.785665
2005-12-22T11:00:00+01:00,0.785665,0.78914,0.783205,0.785605
2005-12-22T23:00:00+01:00,0.785605,0.787555,0.783515,0.787095
2005-12-23T11:00:00+01:00,0.787095,0.788025,0.782965,0.785885
2005-12-25T23:00:00+01:00,0.785885,0.789515,0.784775,0.78908
2005-12-26T11:00:00+01:00,0.78908,0.789265,0.78815,0.78846
2005-12-26T23:00:00+01:00,0.78846,0.78945,0.7853,0.786965
2005-12-27T11:00:00+01:00,0.786965,0.79378,0.78672,0.788955
2005-12-27T23:00:00+01:00,0.788955,0.80154,0.788395,0.79653
2005-12-28T11:00:00+01:00,0.79653,0.79866,0.790045,0.79368
2005-12-28T23:00:00+01:00,0.79368,0.79558,0.79155,0.79551
2005-12-29T11:00:00+01:00,0.79551,0.79694,0.7928,0.79286
2005-12-29T23:00:00+01:00,0.79286,0.79732,0.79274,0.79356
2005-12-30T11:00:00+01:00,0.79356,0.79847,0.79036,0.79387
2006-01-01T23:00:00+01:00,0.79387,0.79463,0.79092,0.79337
2006-01-02T11:00:00+01:00,0.79337,0.795195,0.79098,0.793745
2006-01-02T23:00:00+01:00,0.793745,0.796685,0.79114,0.7912
2006-01-03T11:00:00+01:00,0.7912,0.79542,0.784625,0.79089
2006-01-03T23:00:00+01:00,0.79089,0.79472,0.7902,0.79039
2006-01-04T11:00:00+01:00,0.79039,0.79371,0.78734,0.788765
2006-01-04T23:00:00+01:00,0.788765,0.79242,0.78604,0.78765
2006-01-05T11:00:00+01:00,0.78765,0.801155,0.786655,0.7984
2006-01-05T23:00:00+01:00,0.7984,0.798915,0.79517,0.79821
2006-01-06T11:00:00+01:00,0.79821,0.807035,0.79707,0.806125
2006-01-08T23:00:00+01:00,0.805865,0.809785,0.8046,0.808865
2006-01-09T11:00:00+01:00,0.808865,0.81235,0.807885,0.81103
2006-01-09T23:00:00+01:00,0.81103,0.81235,0.806385,0.81202
2006-01-10T11:00:00+01:00,0.81202,0.81347,0.805805,0.807885
2006-01-10T23:00:00+01:00,0.807885,0.811425,0.806775,0.809255
2006-01-11T11:00:00+01:00,0.809255,0.810175,0.806845,0.808345
2006-01-11T23:00:00+01:00,0.808345,0.809915,0.806645,0.808995
2006-01-12T11:00:00+01:00,0.808995,0.81162,0.80457,0.805995
2006-01-12T23:00:00+01:00,0.805995,0.810375,0.804315,0.808405
2006-01-13T11:00:00+01:00,0.808405,0.81169,0.804895,0.81077
2006-01-15T23:00:00+01:00,0.809915,0.81228,0.80965,0.810635
2006-01-16T11:00:00+01:00,0.810635,0.81268,0.804825,0.805605
2006-01-16T23:00:00+01:00,0.805605,0.806515,0.80231,0.803535
2006-01-17T11:00:00+01:00,0.803535,0.805545,0.799135,0.803795
2006-01-17T23:00:00+01:00,0.803795,0.804375,0.79821,0.80096
2006-01-18T11:00:00+01:00,0.80096,0.806845,0.80045,0.80302
2006-01-18T23:00:00+01:00,0.80302,0.805995,0.79732,0.802185
2006-01-19T11:00:00+01:00,0.802185,0.802955,0.78827,0.789705
2006-01-19T23:00:00+01:00,0.789705,0.79479,0.78914,0.79283
2006-01-20T11:00:00+01:00,0.79283,0.79327,0.780155,0.78318
2006-01-22T23:00:00+01:00,0.783975,0.790265,0.78385,0.78765
2006-01-23T11:00:00+01:00,0.78765,0.788765,0.785175,0.786965
2006-01-23T23:00:00+01:00,0.786965,0.787525,0.778785,0.779695
2006-01-24T11:00:00+01:00,0.779695,0.788765,0.778785,0.787095
2006-01-24T23:00:00+01:00,0.787095,0.7902,0.784995,0.788955
2006-01-25T11:00:00+01:00,0.788955,0.79227,0.7857,0.7912
2006-01-25T23:00:00+01:00,0.7912,0.79346,0.78964,0.7934
2006-01-26T11:00:00+01:00,0.7934,0.796305,0.786105,0.787525
2006-01-26T23:00:00+01:00,0.787525,0.78796,0.77815,0.785365
2006-01-27T11:00:00+01:00,0.785365,0.78914,0.781435,0.78342
2006-01-29T23:00:00+01:00,0.78165,0.785055,0.78116,0.784685
2006-01-30T11:00:00+01:00,0.784685,0.784925,0.77906,0.780455
2006-01-30T23:00:00+01:00,0.780455,0.78376,0.77845,0.78284
2006-01-31T11:00:00+01:00,0.78284,0.785975,0.77918,0.784195
2006-01-31T23:00:00+01:00,0.784195,0.786415,0.78278,0.785485
2006-02-01T11:00:00+01:00,0.785485,0.786165,0.77906,0.780885
2006-02-01T23:00:00+01:00,0.780885,0.785115,0.78058,0.784685
2006-02-02T11:00:00+01:00,0.784685,0.790515,0.783945,0.790015
2006-02-02T23:00:00+01:00,0.790015,0.79271,0.788895,0.79164
2006-02-03T11:00:00+01:00,0.79164,0.79321,0.786285,0.787125
2006-02-05T23:00:00+01:00,0.787185,0.787305,0.78006,0.781675
2006-02-06T11:00:00+01:00,0.781675,0.785115,0.77991,0.781005
2006-02-06T23:00:00+01:00,0.781005,0.785545,0.7807,0.78327
2006-02-07T11:00:00+01:00,0.78327,0.78672,0.78119,0.782535
2006-02-07T23:00:00+01:00,0.782535,0.784375,0.779665,0.781125
2006-02-08T11:00:00+01:00,0.781125,0.782595,0.77489,0.77525
2006-02-08T23:00:00+01:00,0.77525,0.781495,0.77495,0.780155
2006-02-09T11:00:00+01:00,0.780155,0.780215,0.77489,0.77785
2006-02-09T23:00:00+01:00,0.77785,0.781675,0.77706,0.781065
2006-02-10T11:00:00+01:00,0.781065,0.785545,0.780825,0.78244
2006-02-12T23:00:00+01:00,0.78232,0.785735,0.782075,0.785115
2006-02-13T11:00:00+01:00,0.785115,0.78672,0.778875,0.779545
2006-02-13T23:00:00+01:00,0.779545,0.78064,0.77736,0.77851
2006-02-14T11:00:00+01:00,0.77851,0.781675,0.77634,0.78119
2006-02-14T23:00:00+01:00,0.78119,0.782595,0.780395,0.78186
2006-02-15T11:00:00+01:00,0.78186,0.785175,0.77912,0.7793
2006-02-15T23:00:00+01:00,0.7793,0.782165,0.778785,0.780855
2006-02-16T11:00:00+01:00,0.780855,0.780855,0.77244,0.775555
2006-02-16T23:00:00+01:00,0.775555,0.777605,0.767225,0.768405
2006-02-17T11:00:00+01:00,0.768405,0.770355,0.764815,0.768845
2006-02-19T23:00:00+01:00,0.76802,0.77137,0.7679,0.769765
2006-02-20T11:00:00+01:00,0.769765,0.77024,0.767345,0.76947
2006-02-20T23:00:00+01:00,0.76947,0.769825,0.758325,0.761675
2006-02-21T11:00:00+01:00,0.761675,0.763065,0.75649,0.759415
2006-02-21T23:00:00+01:00,0.759415,0.760455,0.75423,0.75612
2006-02-22T11:00:00+01:00,0.75612,0.75755,0.75452,0.75674
2006-02-22T23:00:00+01:00,0.75674,0.76092,0.75549,0.759995
2006-02-23T11:00:00+01:00,0.759995,0.762955,0.7589,0.762315
2006-02-23T23:00:00+01:00,0.762315,0.764585,0.761785,0.764005
2006-02-24T11:00:00+01:00,0.764005,0.76746,0.760055,0.761235
2006-02-26T23:00:00+01:00,0.7572,0.75867,0.7552,0.75703
2006-02-27T11:00:00+01:00,0.75703,0.758265,0.75123,0.75259
2006-02-27T23:00:00+01:00,0.75259,0.75432,0.751175,0.75219
2006-02-28T11:00:00+01:00,0.75219,0.755,0.751455,0.75262
2006-02-28T23:00:00+01:00,0.75262,0.757115,0.75194,0.757
2006-03-01T11:00:00+01:00,0.757,0.75913,0.75279,0.754205
2006-03-01T23:00:00+01:00,0.754205,0.75775,0.75375,0.7558
2006-03-02T11:00:00+01:00,0.7558,0.757115,0.75245,0.75603
2006-03-02T23:00:00+01:00,0.75603,0.756945,0.75262,0.75609
2006-03-03T11:00:00+01:00,0.75609,0.75706,0.75284,0.75543
2006-03-05T23:00:00+01:00,0.755145,0.757835,0.75239,0.75313
2006-03-06T11:00:00+01:00,0.75313,0.75313,0.747695,0.748925
2006-03-06T23:00:00+01:00,0.748925,0.749375,0.74159,0.74264
2006-03-07T11:00:00+01:00,0.74264,0.747135,0.74148,0.746465
2006-03-07T23:00:00+01:00,0.746465,0.749145,0.744075,0.748755
2006-03-08T11:00:00+01:00,0.748755,0.755745,0.747025,0.754005
2006-03-08T23:00:00+01:00,0.754005,0.75503,0.749035,0.750495
2006-03-09T11:00:00+01:00,0.750495,0.75572,0.749375,0.74954
2006-03-09T23:00:00+01:00,0.74954,0.750835,0.745405,0.747185
2006-03-10T11:00:00+01:00,0.747185,0.75044,0.742695,0.744405
2006-03-12T23:00:00+01:00,0.746575,0.747635,0.74297,0.744405
2006-03-13T11:00:00+01:00,0.744405,0.746635,0.74,0.74011
2006-03-13T23:00:00+01:00,0.74011,0.74126,0.731875,0.73733
2006-03-14T11:00:00+01:00,0.73733,0.744075,0.73635,0.743525
2006-03-14T23:00:00+01:00,0.743525,0.745355,0.74055,0.74308
2006-03-15T11:00:00+01:00,0.74308,0.74758,0.74231,0.747075
2006-03-15T23:00:00+01:00,0.747075,0.747245,0.73722,0.74022
2006-03-16T11:00:00+01:00,0.74022,0.742365,0.732145,0.73793
2006-03-16T23:00:00+01:00,0.73793,0.739125,0.731875,0.73597
2006-03-17T11:00:00+01:00,0.73597,0.73678,0.728355,0.735595
2006-03-19T23:00:00+01:00,0.737,0.737,0.725975,0.727515
2006-03-20T11:00:00+01:00,0.727515,0.73161,0.723145,0.725345
2006-03-20T23:00:00+01:00,0.725345,0.728785,0.72215,0.72519
2006-03-21T11:00:00+01:00,0.72519,0.72905,0.723195,0.725715
2006-03-21T23:00:00+01:00,0.725715,0.728355,0.71992,0.725875
2006-03-22T11:00:00+01:00,0.725875,0.731985,0.725245,0.729475
2006-03-22T23:00:00+01:00,0.729475,0.73408,0.727825,0.732465
2006-03-23T11:00:00+01:00,0.732465,0.73419,0.725925,0.726405
2006-03-23T23:00:00+01:00,0.726405,0.728945,0.71172,0.714465
2006-03-24T11:00:00+01:00,0.714465,0.716,0.7097,0.7103
2006-03-27T00:00:00+02:00,0.71319,0.713955,0.70721,0.710355
2006-03-27T12:00:00+02:00,0.710355,0.714055,0.707735,0.709095
2006-03-28T00:00:00+02:00,0.709095,0.71528,0.707235,0.712225
2006-03-28T12:00:00+02:00,0.712225,0.71309,0.70415,0.706935
2006-03-29T00:00:00+02:00,0.706935,0.70809,0.701705,0.707485
2006-03-29T12:00:00+02:00,0.707485,0.710555,0.70398,0.709195
2006-03-30T00:00:00+02:00,0.709195,0.71309,0.707785,0.7098
2006-03-30T12:00:00+02:00,0.7098,0.71268,0.707335,0.71096
2006-03-31T00:00:00+02:00,0.71096,0.71329,0.708945,0.71268
2006-03-31T12:00:00+02:00,0.71268,0.72033,0.710155,0.718935
2006-04-02T23:00:00+02:00,0.7194,0.72257,0.71759,0.720695
2006-04-03T11:00:00+02:00,0.720695,0.72304,0.713395,0.713445
2006-04-03T23:00:00+02:00,0.713445,0.71421,0.70415,0.704745
2006-04-04T11:00:00+02:00,0.704745,0.71615,0.70435,0.708595
2006-04-04T23:00:00+02:00,0.708595,0.713575,0.707935,0.712025
2006-04-05T11:00:00+02:00,0.712025,0.7161,0.710305,0.71579
2006-04-05T23:00:00+02:00,0.71579,0.71728,0.711515,0.71416
2006-04-06T11:00:00+02:00,0.71416,0.71457,0.705345,0.707185
2006-04-06T23:00:00+02:00,0.707185,0.710555,0.705245,0.708945
2006-04-07T11:00:00+02:00,0.708945,0.709695,0.69742,0.69908
2006-04-09T23:00:00+02:00,0.699225,0.70237,0.696695,0.69903
2006-04-10T11:00:00+02:00,0.69903,0.70173,0.695145,0.70109
2006-04-10T23:00:00+02:00,0.70109,0.702965,0.69655,0.699765
2006-04-11T11:00:00+02:00,0.699765,0.70183,0.69767,0.69903
2006-04-11T23:00:00+02:00,0.69903,0.706985,0.69859,0.705895
2006-04-12T11:00:00+02:00,0.705895,0.708445,0.702865,0.707235
2006-04-12T23:00:00+02:00,0.707235,0.7195,0.706885,0.71329
2006-04-13T11:00:00+02:00,0.71329,0.715435,0.70614,0.712325
2006-04-13T23:00:00+02:00,0.712325,0.713265,0.70842,0.70922
2006-04-14T11:00:00+02:00,0.70922,0.71253,0.70912,0.71228
2006-04-16T23:00:00+02:00,0.71086,0.714925,0.710355,0.712705
2006-04-17T11:00:00+02:00,0.712705,0.71554,0.71124,0.71426
2006-04-17T23:00:00+02:00,0.71426,0.71971,0.71329,0.71764
2006-04-18T11:00:00+02:00,0.71764,0.719865,0.71569,0.71852
2006-04-18T23:00:00+02:00,0.71852,0.724245,0.7178,0.723985
2006-04-19T11:00:00+02:00,0.723985,0.724455,0.718365,0.72028
2006-04-19T23:00:00+02:00,0.72028,0.722935,0.71878,0.719295
2006-04-20T11:00:00+02:00,0.719295,0.71997,0.71258,0.714005
2006-04-20T23:00:00+02:00,0.714005,0.71754,0.712275,0.715845
2006-04-21T11:00:00+02:00,0.715845,0.722415,0.71564,0.720175
2006-04-23T23:00:00+02:00,0.72023,0.723455,0.71945,0.721685
2006-04-24T11:00:00+02:00,0.721685,0.723355,0.712175,0.7137
2006-04-24T23:00:00+02:00,0.7137,0.716585,0.712175,0.712785
2006-04-25T11:00:00+02:00,0.712785,0.71749,0.70487,0.70656
2006-04-25T23:00:00+02:00,0.70656,0.714975,0.70641,0.7098
2006-04-26T11:00:00+02:00,0.7098,0.71523,0.708995,0.713825
2006-04-26T23:00:00+02:00,0.713825,0.715715,0.708995,0.71106
2006-04-27T11:00:00+02:00,0.71106,0.713495,0.706335,0.710305
2006-04-27T23:00:00+02:00,0.710305,0.713345,0.7099,0.71248
2006-04-28T11:00:00+02:00,0.71248,0.714975,0.708345,0.71304
2006-04-30T23:00:00+02:00,0.71212,0.713495,0.710355,0.711215
2006-05-01T11:00:00+02:00,0.711215,0.715845,0.707385,0.708795
2006-05-01T23:00:00+02:00,0.708795,0.710205,0.706385,0.706385
2006-05-02T11:00:00+02:00,0.706385,0.710205,0.704895,0.707835
2006-05-02T23:00:00+02:00,0.707835,0.71101,0.705445,0.709495
2006-05-03T11:00:00+02:00,0.709495,0.713345,0.706685,0.712125
2006-05-03T23:00:00+02:00,0.712125,0.71243,0.707385,0.710355
2006-05-04T11:00:00+02:00,0.710355,0.71304,0.709245,0.7099
2006-05-04T23:00:00+02:00,0.7099,0.712225,0.707735,0.710355
2006-05-05T11:00:00+02:00,0.710355,0.71309,0.70776,0.708995
2006-05-07T23:00:00+02:00,0.71048,0.711185,0.70363,0.70532
2006-05-08T11:00:00+02:00,0.70532,0.70651,0.701925,0.703405
2006-05-08T23:00:00+02:00,0.703405,0.705095,0.696135,0.697105
2006-05-09T11:00:00+02:00,0.697105,0.698175,0.6907,0.69324
2006-05-09T23:00:00+02:00,0.69324,0.69524,0.68719,0.68771
2006-05-10T11:00:00+02:00,0.68771,0.69199,0.68554,0.68866
2006-05-10T23:00:00+02:00,0.68866,0.69245,0.685755,0.691685
2006-05-11T11:00:00+02:00,0.691685,0.6982,0.691685,0.69541
2006-05-11T23:00:00+02:00,0.69541,0.69737,0.68975,0.69061
2006-05-12T11:00:00+02:00,0.69061,0.69928,0.68866,0.696305
2006-05-14T23:00:00+02:00,0.697815,0.698445,0.68861,0.69042
2006-05-15T11:00:00+02:00,0.69042,0.69701,0.68932,0.6898
2006-05-15T23:00:00+02:00,0.6898,0.69541,0.68956,0.693195
2006-05-16T11:00:00+02:00,0.693195,0.696185,0.69004,0.694205
2006-05-16T23:00:00+02:00,0.694205,0.696525,0.69223,0.69541
2006-05-17T11:00:00+02:00,0.69541,0.695555,0.687475,0.69247
2006-05-17T23:00:00+02:00,0.69247,0.698475,0.69209,0.697545
2006-05-18T11:00:00+02:00,0.697545,0.701015,0.692665,0.697735
2006-05-18T23:00:00+02:00,0.697735,0.699205,0.695505,0.69735
2006-05-19T11:00:00+02:00,0.69735,0.698715,0.692405,0.69341
2006-05-21T23:00:00+02:00,0.69336,0.69558,0.69142,0.6918
2006-05-22T11:00:00+02:00,0.6918,0.695795,0.69075,0.69377
2006-05-22T23:00:00+02:00,0.69377,0.696715,0.6907,0.69517
2006-05-23T11:00:00+02:00,0.69517,0.706735,0.693,0.70274
2006-05-23T23:00:00+02:00,0.70274,0.703905,0.699105,0.701115
2006-05-24T11:00:00+02:00,0.701115,0.71243,0.699645,0.708545
2006-05-24T23:00:00+02:00,0.708545,0.714465,0.707335,0.71411
2006-05-25T11:00:00+02:00,0.71411,0.71482,0.704995,0.709045
2006-05-25T23:00:00+02:00,0.709045,0.7099,0.703405,0.70614
2006-05-26T11:00:00+02:00,0.70614,0.707635,0.69942,0.70099
2006-05-28T23:00:00+02:00,0.70114,0.703085,0.69913,0.701755
2006-05-29T11:00:00+02:00,0.701755,0.702295,0.699055,0.70151
2006-05-29T23:00:00+02:00,0.70151,0.705395,0.699885,0.704745
2006-05-30T11:00:00+02:00,0.704745,0.705645,0.70104,0.703605
2006-05-30T23:00:00+02:00,0.703605,0.707035,0.69957,0.701435
2006-05-31T11:00:00+02:00,0.701435,0.703455,0.69679,0.69884
2006-05-31T23:00:00+02:00,0.69884,0.699815,0.69541,0.69665
2006-06-01T11:00:00+02:00,0.69665,0.699325,0.69312,0.69317
2006-06-01T23:00:00+02:00,0.69317,0.69796,0.688065,0.68968
2006-06-02T11:00:00+02:00,0.68968,0.69548,0.689205,0.69408
2006-06-04T23:00:00+02:00,0.69452,0.697595,0.69447,0.69539
2006-06-05T11:00:00+02:00,0.69539,0.70001,0.69293,0.699375
2006-06-05T23:00:00+02:00,0.699375,0.7005,0.69568,0.70006
2006-06-06T11:00:00+02:00,0.70006,0.70331,0.69674,0.69835
2006-06-06T23:00:00+02:00,0.69835,0.701335,0.69713,0.70001
2006-06-07T11:00:00+02:00,0.70001,0.700795,0.69399,0.69752
2006-06-07T23:00:00+02:00,0.69752,0.702175,0.69684,0.70011
2006-06-08T11:00:00+02:00,0.70011,0.70415,0.69918,0.702225
2006-06-08T23:00:00+02:00,0.702225,0.70624,0.7007,0.705695
2006-06-09T11:00:00+02:00,0.705695,0.708645,0.6983,0.700895
2006-06-11T23:00:00+02:00,0.70055,0.700745,0.69708,0.6983
2006-06-12T11:00:00+02:00,0.6983,0.69908,0.690155,0.6913
2006-06-12T23:00:00+02:00,0.6913,0.69245,0.684205,0.685005
2006-06-13T11:00:00+02:00,0.685005,0.69216,0.684765,0.690775
2006-06-13T23:00:00+02:00,0.690775,0.69592,0.688685,0.69563
2006-06-14T11:00:00+02:00,0.69563,0.69674,0.69173,0.69288
2006-06-14T23:00:00+02:00,0.69288,0.69442,0.690775,0.69312
2006-06-15T11:00:00+02:00,0.69312,0.69553,0.69113,0.692185
2006-06-15T23:00:00+02:00,0.692185,0.694975,0.69149,0.69288
2006-06-16T11:00:00+02:00,0.69288,0.69575,0.69149,0.69341
2006-06-18T23:00:00+02:00,0.69307,0.694155,0.69025,0.692975
2006-06-19T11:00:00+02:00,0.692975,0.69365,0.689585,0.690725
2006-06-19T23:00:00+02:00,0.690725,0.69519,0.68987,0.69394
2006-06-20T11:00:00+02:00,0.69394,0.69874,0.690725,0.69269
2006-06-20T23:00:00+02:00,0.69269,0.69481,0.689965,0.690155
2006-06-21T11:00:00+02:00,0.690155,0.690725,0.681875,0.688115
2006-06-21T23:00:00+02:00,0.688115,0.688395,0.68048,0.681455
2006-06-22T11:00:00+02:00,0.681455,0.68397,0.67951,0.680665
2006-06-22T23:00:00+02:00,0.680665,0.684815,0.678245,0.680665
2006-06-23T11:00:00+02:00,0.680665,0.683645,0.678055,0.68257
2006-06-25T23:00:00+02:00,0.67951,0.68348,0.678515,0.678515
2006-06-26T11:00:00+02:00,0.678515,0.6815,0.67513,0.679625
2006-06-26T23:00:00+02:00,0.679625,0.68257,0.678015,0.679675
2006-06-27T11:00:00+02:00,0.679675,0.680825,0.676225,0.680505
2006-06-27T23:00:00+02:00,0.680505,0.680735,0.66742,0.66975
2006-06-28T11:00:00+02:00,0.66975,0.6715,0.6664,0.67029
2006-06-28T23:00:00+02:00,0.67029,0.67029,0.66689,0.667645
2006-06-29T11:00:00+02:00,0.667645,0.674535,0.662255,0.67047
2006-06-29T23:00:00+02:00,0.67047,0.680155,0.66903,0.67721
2006-06-30T11:00:00+02:00,0.67721,0.68025,0.674355,0.680015
2006-07-02T23:00:00+02:00,0.679415,0.68136,0.67831,0.679325
2006-07-03T11:00:00+02:00,0.679325,0.679785,0.67177,0.673855
2006-07-03T23:00:00+02:00,0.673855,0.678015,0.67354,0.67698
2006-07-04T11:00:00+02:00,0.67698,0.67937,0.67295,0.675585
2006-07-04T23:00:00+02:00,0.675585,0.677785,0.6729,0.67447
2006-07-05T11:00:00+02:00,0.67447,0.67524,0.67119,0.672585
2006-07-05T23:00:00+02:00,0.672585,0.673855,0.67137,0.672
2006-07-06T11:00:00+02:00,0.672,0.67413,0.67038,0.67304
2006-07-06T23:00:00+02:00,0.67304,0.67522,0.67119,0.67417
2006-07-07T11:00:00+02:00,0.67417,0.68169,0.67308,0.68025
2006-07-09T23:00:00+02:00,0.68025,0.689155,0.6802,0.688685
2006-07-10T11:00:00+02:00,0.688685,0.689205,0.685705,0.685945
2006-07-10T23:00:00+02:00,0.685945,0.689345,0.68519,0.689105
2006-07-11T11:00:00+02:00,0.689105,0.69942,0.688585,0.69869
2006-07-11T23:00:00+02:00,0.69869,0.70183,0.69684,0.701285
2006-07-12T11:00:00+02:00,0.701285,0.702075,0.69742,0.698935
2006-07-12T23:00:00+02:00,0.698935,0.70272,0.69757,0.699865
2006-07-13T11:00:00+02:00,0.699865,0.701925,0.69669,0.69947
2006-07-13T23:00:00+02:00,0.69947,0.70158,0.69611,0.701335
2006-07-14T11:00:00+02:00,0.701335,0.702615,0.69757,0.699915
2006-07-16T23:00:00+02:00,0.69967,0.703405,0.699325,0.70163
2006-07-17T11:00:00+02:00,0.70163,0.707285,0.69962,0.706285
2006-07-17T23:00:00+02:00,0.706285,0.71258,0.704895,0.71243
2006-07-18T11:00:00+02:00,0.71243,0.714005,0.708395,0.710305
2006-07-18T23:00:00+02:00,0.710305,0.71086,0.707385,0.708895
2006-07-19T11:00:00+02:00,0.708895,0.709595,0.70252,0.708495
2006-07-19T23:00:00+02:00,0.708495,0.709445,0.70306,0.703605
2006-07-20T11:00:00+02:00,0.703605,0.707185,0.702025,0.705145
2006-07-20T23:00:00+02:00,0.705145,0.705745,0.70232,0.70316
2006-07-21T11:00:00+02:00,0.70316,0.71172,0.70168,0.7096
2006-07-23T23:00:00+02:00,0.70995,0.71086,0.706885,0.707735
2006-07-24T11:00:00+02:00,0.707735,0.71324,0.707485,0.711265
2006-07-24T23:00:00+02:00,0.711265,0.715435,0.709095,0.71482
2006-07-25T11:00:00+02:00,0.71482,0.71574,0.71005,0.711465
2006-07-25T23:00:00+02:00,0.711465,0.714005,0.708945,0.71187
2006-07-26T11:00:00+02:00,0.71187,0.71365,0.708645,0.7098
2006-07-26T23:00:00+02:00,0.7098,0.71,0.70055,0.704695
2006-07-27T11:00:00+02:00,0.704695,0.70604,0.70173,0.704645
2006-07-27T23:00:00+02:00,0.704645,0.705795,0.69825,0.69947
2006-07-28T11:00:00+02:00,0.69947,0.700775,0.6966,0.698985
2006-07-30T23:00:00+02:00,0.699225,0.701335,0.697785,0.69815
2006-07-31T11:00:00+02:00,0.69815,0.70065,0.691825,0.699815
2006-07-31T23:00:00+02:00,0.699815,0.70065,0.69669,0.69835
2006-08-01T11:00:00+02:00,0.69835,0.702965,0.69718,0.70158
2006-08-01T23:00:00+02:00,0.70158,0.70257,0.69592,0.69655
2006-08-02T11:00:00+02:00,0.69655,0.70188,0.69611,0.70045
2006-08-02T23:00:00+02:00,0.70045,0.70232,0.69626,0.69708
2006-08-03T11:00:00+02:00,0.69708,0.70006,0.695435,0.69611
2006-08-03T23:00:00+02:00,0.69611,0.69815,0.69461,0.69781
2006-08-04T11:00:00+02:00,0.69781,0.707185,0.6964,0.704745
2006-08-06T23:00:00+02:00,0.70584,0.706635,0.70104,0.701285
2006-08-07T11:00:00+02:00,0.701285,0.70232,0.69669,0.69908
2006-08-07T23:00:00+02:00,0.69908,0.70183,0.69733,0.70021
2006-08-08T11:00:00+02:00,0.70021,0.70522,0.69815,0.70247
2006-08-08T23:00:00+02:00,0.70247,0.70614,0.69972,0.7044
2006-08-09T11:00:00+02:00,0.7044,0.707035,0.703755,0.705395
2006-08-09T23:00:00+02:00,0.705395,0.711565,0.703555,0.7099
2006-08-10T11:00:00+02:00,0.7099,0.71462,0.708495,0.7137
2006-08-10T23:00:00+02:00,0.7137,0.716615,0.71197,0.7139
2006-08-11T11:00:00+02:00,0.7139,0.71457,0.708945,0.71243
2006-08-13T23:00:00+02:00,0.71111,0.717125,0.71066,0.71667
2006-08-14T11:00:00+02:00,0.71667,0.71733,0.707035,0.708345
2006-08-14T23:00:00+02:00,0.708345,0.713445,0.70814,0.712275
2006-08-15T11:00:00+02:00,0.712275,0.71549,0.71101,0.712125
2006-08-15T23:00:00+02:00,0.712125,0.715845,0.711615,0.71549
2006-08-16T11:00:00+02:00,0.71549,0.71878,0.713345,0.7178
2006-08-16T23:00:00+02:00,0.7178,0.7194,0.7161,0.71636
2006-08-17T11:00:00+02:00,0.71636,0.71847,0.714925,0.71728
2006-08-17T23:00:00+02:00,0.71728,0.71971,0.71615,0.718675
2006-08-18T11:00:00+02:00,0.718675,0.72023,0.71569,0.71981
2006-08-20T23:00:00+02:00,0.71935,0.72038,0.71564,0.7162
2006-08-21T11:00:00+02:00,0.7162,0.71847,0.71441,0.71523
2006-08-21T23:00:00+02:00,0.71523,0.71713,0.7139,0.71467
2006-08-22T11:00:00+02:00,0.71467,0.71508,0.710455,0.71091
2006-08-22T23:00:00+02:00,0.71091,0.71436,0.710555,0.71238
2006-08-23T11:00:00+02:00,0.71238,0.71304,0.708395,0.712025
2006-08-23T23:00:00+02:00,0.712025,0.712175,0.704995,0.707535
2006-08-24T11:00:00+02:00,0.707535,0.71,0.704055,0.70425
2006-08-24T23:00:00+02:00,0.70425,0.705595,0.702075,0.702665
2006-08-25T11:00:00+02:00,0.702665,0.707085,0.702225,0.70614
2006-08-27T23:00:00+02:00,0.70579,0.707185,0.704495,0.707035
2006-08-28T11:00:00+02:00,0.707035,0.710205,0.704795,0.709395
2006-08-28T23:00:00+02:00,0.709395,0.71172,0.707185,0.707485
2006-08-29T11:00:00+02:00,0.707485,0.71549,0.707435,0.712735
2006-08-29T23:00:00+02:00,0.712735,0.71713,0.71248,0.71533
2006-08-30T11:00:00+02:00,0.71533,0.722415,0.71487,0.71862
2006-08-30T23:00:00+02:00,0.71862,0.724195,0.71842,0.721475
2006-08-31T11:00:00+02:00,0.721475,0.726505,0.72106,0.723985
2006-08-31T23:00:00+02:00,0.723985,0.725715,0.721525,0.722465
2006-09-01T11:00:00+02:00,0.722465,0.72477,0.721735,0.723825
2006-09-03T23:00:00+02:00,0.722675,0.727355,0.71795,0.71883
2006-09-04T11:00:00+02:00,0.71883,0.72414,0.71759,0.72158
2006-09-04T23:00:00+02:00,0.72158,0.72189,0.71329,0.7195
2006-09-05T11:00:00+02:00,0.7195,0.72142,0.71682,0.717695
2006-09-05T23:00:00+02:00,0.717695,0.723145,0.716615,0.721995
2006-09-06T11:00:00+02:00,0.721995,0.722675,0.715435,0.71775
2006-09-06T23:00:00+02:00,0.71775,0.71919,0.7137,0.715845
2006-09-07T11:00:00+02:00,0.715845,0.721265,0.71091,0.71641
2006-09-07T23:00:00+02:00,0.71641,0.71806,0.70824,0.711265
2006-09-08T11:00:00+02:00,0.711265,0.714975,0.71,0.714515
2006-09-10T23:00:00+02:00,0.71324,0.715485,0.71149,0.7139
2006-09-11T11:00:00+02:00,0.7139,0.718985,0.7136,0.71713
2006-09-11T23:00:00+02:00,0.71713,0.71976,0.714975,0.719555
2006-09-12T11:00:00+02:00,0.719555,0.720175,0.71687,0.71775
2006-09-12T23:00:00+02:00,0.71775,0.72393,0.71595,0.72054
2006-09-13T11:00:00+02:00,0.72054,0.726665,0.72033,0.72393
2006-09-13T23:00:00+02:00,0.72393,0.73798,0.72372,0.73668
2006-09-14T11:00:00+02:00,0.73668,0.742615,0.73581,0.73869
2006-09-14T23:00:00+02:00,0.73869,0.74055,0.73559,0.73559
2006-09-15T11:00:00+02:00,0.73559,0.745215,0.7344,0.74132
2006-09-17T23:00:00+02:00,0.742305,0.74355,0.739755,0.742475
2006-09-18T11:00:00+02:00,0.742475,0.744935,0.74099,0.742365
2006-09-18T23:00:00+02:00,0.742365,0.742475,0.73765,0.74044
2006-09-19T11:00:00+02:00,0.74044,0.746995,0.74033,0.742585
2006-09-19T23:00:00+02:00,0.742585,0.744405,0.73776,0.739125
2006-09-20T11:00:00+02:00,0.739125,0.74789,0.7388,0.745625
2006-09-20T23:00:00+02:00,0.745625,0.74912,0.73945,0.740605
2006-09-21T11:00:00+02:00,0.740605,0.74413,0.73825,0.740495
2006-09-21T23:00:00+02:00,0.740495,0.743465,0.732465,0.73268
2006-09-22T11:00:00+02:00,0.73268,0.74022,0.731875,0.73973
2006-09-24T23:00:00+02:00,0.73885,0.74895,0.738065,0.747495
2006-09-25T11:00:00+02:00,0.747495,0.74873,0.743275,0.74867
2006-09-25T23:00:00+02:00,0.74867,0.75103,0.74066,0.743495
2006-09-26T11:00:00+02:00,0.743495,0.747945,0.73129,0.733325
2006-09-26T23:00:00+02:00,0.733325,0.73695,0.731395,0.73548
2006-09-27T11:00:00+02:00,0.73548,0.73662,0.726925,0.72905
2006-09-27T23:00:00+02:00,0.72905,0.7322,0.727825,0.72905
2006-09-28T11:00:00+02:00,0.72905,0.731555,0.726295,0.730435
2006-09-28T23:00:00+02:00,0.730435,0.732545,0.72351,0.727485
2006-09-29T11:00:00+02:00,0.727485,0.731395,0.725455,0.72974
2006-10-01T23:00:00+02:00,0.72969,0.73263,0.725345,0.73204
2006-10-02T11:00:00+02:00,0.73204,0.73559,0.730005,0.73548
2006-10-02T23:00:00+02:00,0.73548,0.737,0.731875,0.736025
2006-10-03T11:00:00+02:00,0.736025,0.74022,0.73559,0.73814
2006-10-03T23:00:00+02:00,0.73814,0.74413,0.737,0.743025
2006-10-04T11:00:00+02:00,0.743025,0.74839,0.74159,0.74744
2006-10-04T23:00:00+02:00,0.74744,0.750075,0.745075,0.748785
2006-10-05T11:00:00+02:00,0.748785,0.75013,0.746075,0.747105
2006-10-05T23:00:00+02:00,0.747105,0.74761,0.74159,0.745625
2006-10-06T11:00:00+02:00,0.745625,0.74755,0.740275,0.74121
2006-10-08T23:00:00+02:00,0.741705,0.741975,0.73673,0.7394
2006-10-09T11:00:00+02:00,0.7394,0.74033,0.73581,0.73831
2006-10-09T23:00:00+02:00,0.73831,0.745355,0.73831,0.743525
2006-10-10T11:00:00+02:00,0.743525,0.748025,0.742035,0.746355
2006-10-10T23:00:00+02:00,0.746355,0.748865,0.745295,0.747745
2006-10-11T11:00:00+02:00,0.747745,0.75182,0.746965,0.750835
2006-10-11T23:00:00+02:00,0.750835,0.75089,0.746515,0.749485
2006-10-12T11:00:00+02:00,0.749485,0.75188,0.747245,0.749145
2006-10-12T23:00:00+02:00,0.749145,0.750525,0.745515,0.746745
2006-10-13T11:00:00+02:00,0.746745,0.750665,0.746075,0.74803
2006-10-15T23:00:00+02:00,0.747245,0.74867,0.74535,0.748085
2006-10-16T11:00:00+02:00,0.748085,0.750495,0.7473,0.75016
2006-10-16T23:00:00+02:00,0.75016,0.755345,0.74943,0.75489
2006-10-17T11:00:00+02:00,0.75489,0.758725,0.7529,0.757115
2006-10-17T23:00:00+02:00,0.757115,0.758035,0.75403,0.75637
2006-10-18T11:00:00+02:00,0.75637,0.757115,0.75347,0.75381
2006-10-18T23:00:00+02:00,0.75381,0.75523,0.75239,0.75392
2006-10-19T11:00:00+02:00,0.75392,0.75706,0.7533,0.75347
2006-10-19T23:00:00+02:00,0.75347,0.75477,0.75165,0.7525
2006-10-20T11:00:00+02:00,0.7525,0.75381,0.7494,0.752305
2006-10-22T23:00:00+02:00,0.752645,0.75307,0.74867,0.74901
2006-10-23T11:00:00+02:00,0.74901,0.75036,0.746685,0.74968
2006-10-23T23:00:00+02:00,0.74968,0.74991,0.747465,0.748135
2006-10-24T11:00:00+02:00,0.748135,0.750245,0.744935,0.747075
2006-10-24T23:00:00+02:00,0.747075,0.74789,0.742585,0.74627
2006-10-25T11:00:00+02:00,0.74627,0.746935,0.7357,0.73673
2006-10-25T23:00:00+02:00,0.73673,0.739095,0.736025,0.737465
2006-10-26T11:00:00+02:00,0.737465,0.740965,0.735835,0.73869
2006-10-26T23:00:00+02:00,0.73869,0.741235,0.73782,0.739375
2006-10-27T11:00:00+02:00,0.739375,0.74264,0.73749,0.742145
2006-10-29T23:00:00+01:00,0.74137,0.742915,0.73896,0.74264
2006-10-30T11:00:00+01:00,0.74264,0.75086,0.74181,0.74901
2006-10-30T23:00:00+01:00,0.74901,0.7516,0.747775,0.75075
2006-10-31T11:00:00+01:00,0.75075,0.75358,0.749065,0.75216
2006-10-31T23:00:00+01:00,0.75216,0.75907,0.75047,0.75907
2006-11-01T11:00:00+01:00,0.75907,0.764355,0.75746,0.761615
2006-11-01T23:00:00+01:00,0.761615,0.762715,0.758265,0.762135
2006-11-02T11:00:00+01:00,0.762135,0.767225,0.76173,0.764235
2006-11-02T23:00:00+01:00,0.764235,0.765055,0.761615,0.764645
2006-11-03T11:00:00+01:00,0.764645,0.765635,0.75517,0.7568
2006-11-05T23:00:00+01:00,0.756745,0.758095,0.75222,0.75557
2006-11-06T11:00:00+01:00,0.75557,0.75861,0.75375,0.755915
2006-11-06T23:00:00+01:00,0.755915,0.757865,0.75313,0.75597
2006-11-07T11:00:00+01:00,0.75597,0.759185,0.75398,0.757115
2006-11-07T23:00:00+01:00,0.757115,0.75907,0.754945,0.755515
2006-11-08T11:00:00+01:00,0.755515,0.75746,0.751565,0.75228
2006-11-08T23:00:00+01:00,0.75228,0.75398,0.75041,0.75109
2006-11-09T11:00:00+01:00,0.75109,0.75307,0.748815,0.75109
2006-11-09T23:00:00+01:00,0.75109,0.75245,0.74929,0.75064
2006-11-10T11:00:00+01:00,0.75064,0.754915,0.75013,0.754005
2006-11-12T23:00:00+01:00,0.753215,0.75449,0.75126,0.75126
2006-11-13T11:00:00+01:00,0.75126,0.75472,0.749515,0.749515
2006-11-13T23:00:00+01:00,0.749515,0.7533,0.749235,0.751795
2006-11-14T11:00:00+01:00,0.751795,0.755515,0.74943,0.7533
2006-11-14T23:00:00+01:00,0.7533,0.755345,0.749595,0.75225
2006-11-15T11:00:00+01:00,0.75225,0.75372,0.748815,0.751115
2006-11-15T23:00:00+01:00,0.751115,0.754945,0.749595,0.75472
2006-11-16T11:00:00+01:00,0.75472,0.7604,0.75426,0.759185
2006-11-16T23:00:00+01:00,0.759185,0.759935,0.756715,0.759415
2006-11-17T11:00:00+01:00,0.759415,0.763155,0.757635,0.762635
2006-11-19T23:00:00+01:00,0.76234,0.764705,0.76034,0.764585
2006-11-20T11:00:00+01:00,0.764585,0.7687,0.762075,0.76799
2006-11-20T23:00:00+01:00,0.76799,0.76923,0.765405,0.768225
2006-11-21T11:00:00+01:00,0.768225,0.769705,0.766225,0.768285
2006-11-21T23:00:00+01:00,0.768285,0.768935,0.764585,0.76517
2006-11-22T11:00:00+01:00,0.76517,0.76746,0.762425,0.766105
2006-11-22T23:00:00+01:00,0.766105,0.767285,0.764705,0.765525
2006-11-23T11:00:00+01:00,0.765525,0.76646,0.762455,0.763385
2006-11-23T23:00:00+01:00,0.763385,0.76864,0.762455,0.762955
2006-11-24T11:00:00+01:00,0.762955,0.763475,0.758035,0.762575
2006-11-26T23:00:00+01:00,0.76176,0.763765,0.75792,0.758785
2006-11-27T11:00:00+01:00,0.758785,0.760285,0.75649,0.758095
2006-11-27T23:00:00+01:00,0.758095,0.760975,0.75729,0.760865
2006-11-28T11:00:00+01:00,0.760865,0.77131,0.75988,0.768995
2006-11-28T23:00:00+01:00,0.768995,0.77107,0.76699,0.7687
2006-11-29T11:00:00+01:00,0.7687,0.77414,0.76852,0.7725
2006-11-29T23:00:00+01:00,0.7725,0.77664,0.77178,0.77501
2006-11-30T11:00:00+01:00,0.77501,0.783085,0.77501,0.780455
2006-11-30T23:00:00+01:00,0.780455,0.78174,0.77791,0.78009
2006-12-01T11:00:00+01:00,0.78009,0.788305,0.77894,0.788055
2006-12-03T23:00:00+01:00,0.786935,0.788765,0.784465,0.787715
2006-12-04T11:00:00+01:00,0.787715,0.79139,0.784315,0.787215
2006-12-04T23:00:00+01:00,0.787215,0.788205,0.782225,0.782475
2006-12-05T11:00:00+01:00,0.782475,0.785855,0.780275,0.78376
2006-12-05T23:00:00+01:00,0.78376,0.786655,0.77936,0.782655
2006-12-06T11:00:00+01:00,0.782655,0.78883,0.78003,0.787745
2006-12-06T23:00:00+01:00,0.787745,0.794155,0.784925,0.79327
2006-12-07T11:00:00+01:00,0.79327,0.79466,0.789705,0.791015
2006-12-07T23:00:00+01:00,0.791015,0.793525,0.78858,0.79089
2006-12-08T11:00:00+01:00,0.79089,0.79681,0.788055,0.78967
2006-12-10T23:00:00+01:00,0.787995,0.790575,0.786505,0.78989
2006-12-11T11:00:00+01:00,0.78989,0.791265,0.788145,0.79014
2006-12-11T23:00:00+01:00,0.79014,0.7951,0.789515,0.79403
2006-12-12T11:00:00+01:00,0.79403,0.7984,0.792205,0.7984
2006-12-12T23:00:00+01:00,0.7984,0.79866,0.79491,0.795545
2006-12-13T11:00:00+01:00,0.795545,0.801185,0.79498,0.799745
2006-12-13T23:00:00+01:00,0.799745,0.803145,0.798785,0.799425
2006-12-14T11:00:00+01:00,0.799425,0.79968,0.79409,0.79681
2006-12-14T23:00:00+01:00,0.79681,0.79853,0.793055,0.79507
2006-12-15T11:00:00+01:00,0.79507,0.80119,0.793495,0.79872
2006-12-17T23:00:00+01:00,0.79821,0.80125,0.79675,0.79888
2006-12-18T11:00:00+01:00,0.79888,0.80003,0.79545,0.798785
2006-12-18T23:00:00+01:00,0.798785,0.803215,0.79713,0.80141
2006-12-19T11:00:00+01:00,0.80141,0.803145,0.798435,0.801635
2006-12-19T23:00:00+01:00,0.801635,0.805865,0.80064,0.802115
2006-12-20T11:00:00+01:00,0.802115,0.80467,0.79707,0.7985
2006-12-20T23:00:00+01:00,0.7985,0.800705,0.79526,0.79987
2006-12-21T11:00:00+01:00,0.79987,0.804895,0.79751,0.804375
2006-12-21T23:00:00+01:00,0.804375,0.80867,0.803985,0.807755
2006-12-22T11:00:00+01:00,0.807755,0.81195,0.806065,0.81149
2006-12-24T23:00:00+01:00,0.8109,0.81162,0.807755,0.80998
2006-12-25T23:00:00+01:00,0.80998,0.814665,0.808345,0.81291
2006-12-26T11:00:00+01:00,0.81291,0.814465,0.811125,0.812745
2006-12-26T23:00:00+01:00,0.812745,0.81646,0.81228,0.81626
2006-12-27T11:00:00+01:00,0.81626,0.81793,0.81506,0.81646
2006-12-27T23:00:00+01:00,0.81646,0.81666,0.813835,0.81553
2006-12-28T11:00:00+01:00,0.81553,0.81974,0.81407,0.81927
2006-12-28T23:00:00+01:00,0.81927,0.82095,0.81739,0.81887
2006-12-29T11:00:00+01:00,0.81887,0.823585,0.8146,0.82129
2007-01-01T11:00:00+01:00,0.82129,0.82156,0.82129,0.82156
2007-01-01T23:00:00+01:00,0.82156,0.82621,0.820345,0.82437
2007-01-02T11:00:00+01:00,0.82437,0.82614,0.822335,0.823925
2007-01-02T23:00:00+01:00,0.823925,0.826655,0.822235,0.82593
2007-01-03T11:00:00+01:00,0.82593,0.830015,0.82274,0.828845
2007-01-03T23:00:00+01:00,0.828845,0.830565,0.818165,0.8185
2007-01-04T11:00:00+01:00,0.8185,0.82335,0.818295,0.822235
2007-01-04T23:00:00+01:00,0.822235,0.823115,0.81162,0.81803
2007-01-05T11:00:00+01:00,0.81803,0.8193,0.80444,0.804955
2007-01-07T23:00:00+01:00,0.807165,0.80795,0.803245,0.803825
2007-01-08T11:00:00+01:00,0.803825,0.811065,0.80376,0.810045
2007-01-08T23:00:00+01:00,0.810045,0.816495,0.809585,0.81357
2007-01-09T11:00:00+01:00,0.81357,0.817025,0.810735,0.814465
2007-01-09T23:00:00+01:00,0.814465,0.81506,0.810405,0.810535
2007-01-10T11:00:00+01:00,0.810535,0.812315,0.806715,0.807165
2007-01-10T23:00:00+01:00,0.807165,0.809815,0.806455,0.807915
2007-01-11T11:00:00+01:00,0.807915,0.815825,0.80616,0.81327
2007-01-11T23:00:00+01:00,0.81327,0.814365,0.80965,0.812905
2007-01-12T11:00:00+01:00,0.812905,0.812905,0.806125,0.808345
2007-01-14T23:00:00+01:00,0.80998,0.812385,0.809125,0.811915
2007-01-15T11:00:00+01:00,0.811915,0.813935,0.80929,0.81387
2007-01-15T23:00:00+01:00,0.81387,0.814565,0.811065,0.812715
2007-01-16T11:00:00+01:00,0.812715,0.819435,0.80988,0.81347
2007-01-16T23:00:00+01:00,0.81347,0.81354,0.809845,0.8108
2007-01-17T11:00:00+01:00,0.8108,0.81347,0.809945,0.812415
2007-01-17T23:00:00+01:00,0.812415,0.81756,0.81149,0.81676
2007-01-18T11:00:00+01:00,0.81676,0.81783,0.813435,0.81639
2007-01-18T23:00:00+01:00,0.81639,0.81746,0.813935,0.815825
2007-01-19T11:00:00+01:00,0.815825,0.816695,0.813505,0.81553
2007-01-21T23:00:00+01:00,0.815195,0.817095,0.8142,0.816695
2007-01-22T11:00:00+01:00,0.816695,0.82723,0.81596,0.82655
2007-01-22T23:00:00+01:00,0.82655,0.831015,0.824945,0.82991
2007-01-23T11:00:00+01:00,0.82991,0.83302,0.82689,0.828225
2007-01-23T23:00:00+01:00,0.828225,0.82953,0.821155,0.8241
2007-01-24T11:00:00+01:00,0.8241,0.82723,0.81619,0.826245
2007-01-24T23:00:00+01:00,0.826245,0.82833,0.821895,0.827575
2007-01-25T11:00:00+01:00,0.827575,0.82895,0.82166,0.823925
2007-01-25T23:00:00+01:00,0.823925,0.8259,0.82254,0.82396
2007-01-26T11:00:00+01:00,0.82396,0.8245,0.817925,0.82149
2007-01-28T23:00:00+01:00,0.821155,0.8221,0.81967,0.82186
2007-01-29T11:00:00+01:00,0.82186,0.82587,0.82021,0.82386
2007-01-29T23:00:00+01:00,0.82386,0.826585,0.82038,0.820715
2007-01-30T11:00:00+01:00,0.820715,0.8224,0.810765,0.81182
2007-01-30T23:00:00+01:00,0.81182,0.81334,0.805705,0.805965
2007-01-31T11:00:00+01:00,0.805965,0.81347,0.80499,0.81347
2007-01-31T23:00:00+01:00,0.81347,0.81367,0.8072,0.808705
2007-02-01T11:00:00+01:00,0.808705,0.810475,0.80003,0.804055
2007-02-01T23:00:00+01:00,0.804055,0.805735,0.800865,0.8017
2007-02-02T11:00:00+01:00,0.8017,0.80844,0.80093,0.806975
2007-02-04T23:00:00+01:00,0.810505,0.812515,0.808735,0.8108
2007-02-05T11:00:00+01:00,0.8108,0.811325,0.80642,0.808995
2007-02-05T23:00:00+01:00,0.808995,0.809455,0.806645,0.80844
2007-02-06T11:00:00+01:00,0.80844,0.80903,0.80202,0.804375
2007-02-06T23:00:00+01:00,0.804375,0.808965,0.801665,0.80746
2007-02-07T11:00:00+01:00,0.80746,0.81533,0.806095,0.81367
2007-02-07T23:00:00+01:00,0.81367,0.81673,0.81268,0.81463
2007-02-08T11:00:00+01:00,0.81463,0.81463,0.807265,0.81011
2007-02-08T23:00:00+01:00,0.81011,0.81215,0.80551,0.807265
2007-02-09T11:00:00+01:00,0.807265,0.80772,0.79856,0.80141
2007-02-11T23:00:00+01:00,0.80038,0.806195,0.80038,0.804085
2007-02-12T11:00:00+01:00,0.804085,0.806485,0.80119,0.802505
2007-02-12T23:00:00+01:00,0.802505,0.80577,0.80128,0.80473
2007-02-13T11:00:00+01:00,0.80473,0.80603,0.803115,0.80512
2007-02-13T23:00:00+01:00,0.80512,0.808895,0.80363,0.807525
2007-02-14T11:00:00+01:00,0.807525,0.810995,0.80577,0.808995
2007-02-14T23:00:00+01:00,0.808995,0.810935,0.806385,0.810405
2007-02-15T11:00:00+01:00,0.810405,0.812775,0.80603,0.80694
2007-02-15T23:00:00+01:00,0.80694,0.811425,0.805805,0.809945
2007-02-16T11:00:00+01:00,0.809945,0.812645,0.807855,0.811425
2007-02-18T23:00:00+01:00,0.81473,0.81823,0.814,0.815425
2007-02-19T11:00:00+01:00,0.815425,0.81803,0.813435,0.816695
2007-02-19T23:00:00+01:00,0.816695,0.81826,0.8148,0.81576
2007-02-20T11:00:00+01:00,0.81576,0.82193,0.81576,0.820985
2007-02-20T23:00:00+01:00,0.820985,0.824875,0.8182,0.823825
2007-02-21T11:00:00+01:00,0.823825,0.82573,0.818365,0.81893
2007-02-21T23:00:00+01:00,0.81893,0.82075,0.81756,0.81783
2007-02-22T11:00:00+01:00,0.81783,0.82159,0.815695,0.81893
2007-02-22T23:00:00+01:00,0.81893,0.820075,0.81646,0.819035
2007-02-23T11:00:00+01:00,0.819035,0.819805,0.816295,0.819535
2007-02-25T23:00:00+01:00,0.82075,0.8223,0.818965,0.82119
2007-02-26T11:00:00+01:00,0.82119,0.82566,0.81957,0.823995
2007-02-26T23:00:00+01:00,0.823995,0.825835,0.81576,0.81843
2007-02-27T11:00:00+01:00,0.81843,0.82166,0.813235,0.816425
2007-02-27T23:00:00+01:00,0.816425,0.81977,0.813635,0.81483
2007-02-28T11:00:00+01:00,0.81483,0.8224,0.81463,0.82028
2007-02-28T23:00:00+01:00,0.82028,0.821795,0.816495,0.81843
2007-03-01T11:00:00+01:00,0.81843,0.8193,0.81126,0.81261
2007-03-01T23:00:00+01:00,0.81261,0.81473,0.805185,0.80616
2007-03-02T11:00:00+01:00,0.80616,0.811195,0.804345,0.81011
2007-03-04T23:00:00+01:00,0.80808,0.81057,0.79847,0.80125
2007-03-05T11:00:00+01:00,0.80125,0.80157,0.795135,0.79675
2007-03-05T23:00:00+01:00,0.79675,0.803855,0.79422,0.80279
2007-03-06T11:00:00+01:00,0.80279,0.80441,0.7952,0.803535
2007-03-06T23:00:00+01:00,0.803535,0.806385,0.80032,0.805315
2007-03-07T11:00:00+01:00,0.805315,0.808115,0.79863,0.79968
2007-03-07T23:00:00+01:00,0.79968,0.807525,0.796115,0.80746
2007-03-08T11:00:00+01:00,0.80746,0.81024,0.80603,0.80893
2007-03-08T23:00:00+01:00,0.80893,0.813305,0.807555,0.810865
2007-03-09T11:00:00+01:00,0.810865,0.812385,0.80707,0.80965
2007-03-11T22:00:00+01:00,0.813405,0.814965,0.810995,0.814695
2007-03-12T10:00:00+01:00,0.814695,0.81579,0.806095,0.81533
2007-03-12T22:00:00+01:00,0.81533,0.81947,0.80965,0.810935
2007-03-13T10:00:00+01:00,0.810935,0.81636,0.80795,0.808215
2007-03-13T22:00:00+01:00,0.808215,0.808345,0.802635,0.80655
2007-03-14T10:00:00+01:00,0.80655,0.8146,0.80551,0.8146
2007-03-14T22:00:00+01:00,0.8146,0.81699,0.812245,0.813835
2007-03-15T10:00:00+01:00,0.813835,0.820075,0.812245,0.819605
2007-03-15T22:00:00+01:00,0.819605,0.819875,0.8142,0.817695
2007-03-16T10:00:00+01:00,0.817695,0.822,0.81716,0.819805
2007-03-18T22:00:00+01:00,0.818665,0.823825,0.81793,0.82328
2007-03-19T10:00:00+01:00,0.82328,0.82689,0.82173,0.826245
2007-03-19T22:00:00+01:00,0.826245,0.829185,0.824335,0.82744
2007-03-20T10:00:00+01:00,0.82744,0.82792,0.818295,0.820815
2007-03-20T22:00:00+01:00,0.820815,0.82102,0.81776,0.81863
2007-03-21T10:00:00+01:00,0.81863,0.82156,0.81483,0.82075
2007-03-21T22:00:00+01:00,0.82075,0.82294,0.81887,0.82274
2007-03-22T10:00:00+01:00,0.82274,0.82778,0.821255,0.823315
2007-03-22T22:00:00+01:00,0.823315,0.827165,0.82095,0.82484
2007-03-23T10:00:00+01:00,0.82484,0.828535,0.823215,0.82542
2007-03-25T23:00:00+02:00,0.82604,0.8284,0.8223,0.82771
2007-03-26T11:00:00+02:00,0.82771,0.834065,0.82771,0.8325
2007-03-26T23:00:00+02:00,0.8325,0.833055,0.82895,0.830115
2007-03-27T11:00:00+02:00,0.830115,0.834865,0.828535,0.830355
2007-03-27T23:00:00+02:00,0.830355,0.830565,0.82318,0.826275
2007-03-28T11:00:00+02:00,0.826275,0.828465,0.81984,0.82264
2007-03-28T23:00:00+02:00,0.82264,0.829495,0.82183,0.827165
2007-03-29T11:00:00+02:00,0.827165,0.829565,0.82512,0.827675
2007-03-29T23:00:00+02:00,0.827675,0.8296,0.82119,0.82139
2007-03-30T11:00:00+02:00,0.82139,0.82737,0.82051,0.82414
2007-04-01T23:00:00+02:00,0.82447,0.8308,0.82187,0.830515
2007-04-02T11:00:00+02:00,0.830515,0.834995,0.82976,0.83396
2007-04-02T23:00:00+02:00,0.83396,0.83733,0.831385,0.83203
2007-04-03T11:00:00+02:00,0.83203,0.835445,0.831455,0.833575
2007-04-03T23:00:00+02:00,0.833575,0.835255,0.830145,0.832855
2007-04-04T11:00:00+02:00,0.832855,0.836565,0.82884,0.83609
2007-04-04T23:00:00+02:00,0.83609,0.838725,0.83406,0.836435
2007-04-05T11:00:00+02:00,0.836435,0.837435,0.831275,0.8332
2007-04-05T23:00:00+02:00,0.8332,0.833675,0.83176,0.833125
2007-04-06T11:00:00+02:00,0.833125,0.83413,0.828835,0.829525
2007-04-08T23:00:00+02:00,0.830555,0.83387,0.82889,0.832045
2007-04-09T11:00:00+02:00,0.832045,0.83226,0.826395,0.83058
2007-04-09T23:00:00+02:00,0.83058,0.835245,0.828465,0.83455
2007-04-10T11:00:00+02:00,0.83455,0.83907,0.832105,0.83798
2007-04-10T23:00:00+02:00,0.83798,0.83864,0.833305,0.834275
2007-04-11T11:00:00+02:00,0.834275,0.835655,0.828925,0.82956
2007-04-11T23:00:00+02:00,0.82956,0.831035,0.827275,0.82887
2007-04-12T11:00:00+02:00,0.82887,0.82965,0.82552,0.827955
2007-04-12T23:00:00+02:00,0.827955,0.83634,0.827665,0.83384
2007-04-13T11:00:00+02:00,0.83384,0.84006,0.833,0.83934
2007-04-15T23:00:00+02:00,0.84023,0.842555,0.838265,0.839245
2007-04-16T11:00:00+02:00,0.839245,0.839895,0.835425,0.83757
2007-04-16T23:00:00+02:00,0.83757,0.839675,0.835305,0.838345
2007-04-17T11:00:00+02:00,0.838345,0.84314,0.835725,0.842955
2007-04-17T23:00:00+02:00,0.842955,0.84667,0.83942,0.843165
2007-04-18T11:00:00+02:00,0.843165,0.845015,0.834755,0.84388
2007-04-18T23:00:00+02:00,0.84388,0.84398,0.831955,0.835065
2007-04-19T11:00:00+02:00,0.835065,0.841165,0.831585,0.840385
2007-04-19T23:00:00+02:00,0.840385,0.841785,0.83756,0.83951
2007-04-20T11:00:00+02:00,0.83951,0.841435,0.835105,0.840295
2007-04-22T23:00:00+02:00,0.840515,0.84057,0.834495,0.835175
2007-04-23T11:00:00+02:00,0.835175,0.83804,0.834155,0.83555
2007-04-23T23:00:00+02:00,0.83555,0.83722,0.829105,0.831405
2007-04-24T11:00:00+02:00,0.831405,0.835515,0.828625,0.83341
2007-04-24T23:00:00+02:00,0.83341,0.838545,0.83244,0.836545
2007-04-25T11:00:00+02:00,0.836545,0.838245,0.8281,0.8306
2007-04-25T23:00:00+02:00,0.8306,0.83508,0.82677,0.83198
2007-04-26T11:00:00+02:00,0.83198,0.83198,0.82421,0.829315
2007-04-26T23:00:00+02:00,0.829315,0.831485,0.82455,0.82657
2007-04-27T11:00:00+02:00,0.82657,0.831245,0.82484,0.828225
2007-04-29T23:00:00+02:00,0.82484,0.82715,0.82325,0.82578
2007-04-30T11:00:00+02:00,0.82578,0.82678,0.82079,0.821645
2007-04-30T23:00:00+02:00,0.821645,0.8248,0.82031,0.822585
2007-05-01T11:00:00+02:00,0.822585,0.82449,0.8203,0.822925
2007-05-01T23:00:00+02:00,0.822925,0.823625,0.81903,0.821065
2007-05-02T11:00:00+02:00,0.821065,0.82168,0.81696,0.81814
2007-05-02T23:00:00+02:00,0.81814,0.81951,0.81627,0.818815
2007-05-03T11:00:00+02:00,0.818815,0.81992,0.813015,0.81522
2007-05-03T23:00:00+02:00,0.81522,0.81591,0.811405,0.811805
2007-05-04T11:00:00+02:00,0.811805,0.816275,0.809195,0.815825
2007-05-06T23:00:00+02:00,0.81425,0.81703,0.81295,0.815365
2007-05-07T11:00:00+02:00,0.815365,0.817125,0.81172,0.8122
2007-05-07T23:00:00+02:00,0.8122,0.81529,0.810945,0.813365
2007-05-08T11:00:00+02:00,0.813365,0.816375,0.812475,0.81497
2007-05-08T23:00:00+02:00,0.81497,0.81622,0.811965,0.81552
2007-05-09T11:00:00+02:00,0.81552,0.81624,0.810855,0.811445
2007-05-09T23:00:00+02:00,0.811445,0.81461,0.809465,0.81424
2007-05-10T11:00:00+02:00,0.81424,0.81468,0.807715,0.808315
2007-05-10T23:00:00+02:00,0.808315,0.81279,0.806465,0.81101
2007-05-11T11:00:00+02:00,0.81101,0.817995,0.810095,0.815195
2007-05-13T23:00:00+02:00,0.814485,0.822085,0.814285,0.821525
2007-05-14T11:00:00+02:00,0.821525,0.82162,0.8147,0.81533
2007-05-14T23:00:00+02:00,0.81533,0.8167,0.81336,0.8142
2007-05-15T11:00:00+02:00,0.8142,0.81455,0.80892,0.81168
2007-05-15T23:00:00+02:00,0.81168,0.812315,0.809235,0.81067
2007-05-16T11:00:00+02:00,0.81067,0.81127,0.807095,0.809635
2007-05-16T23:00:00+02:00,0.809635,0.81066,0.807795,0.809055
2007-05-17T11:00:00+02:00,0.809055,0.809705,0.800645,0.80369
2007-05-17T23:00:00+02:00,0.80369,0.8038,0.796655,0.797095
2007-05-18T11:00:00+02:00,0.797095,0.799185,0.793805,0.795405
2007-05-20T23:00:00+02:00,0.79649,0.79718,0.791245,0.791675
2007-05-21T11:00:00+02:00,0.791675,0.793185,0.789785,0.7921
2007-05-21T23:00:00+02:00,0.7921,0.79344,0.78929,0.789675
2007-05-22T11:00:00+02:00,0.789675,0.791875,0.788275,0.789425
2007-05-22T23:00:00+02:00,0.789425,0.79095,0.788355,0.79047
2007-05-23T11:00:00+02:00,0.79047,0.792095,0.789005,0.78974
2007-05-23T23:00:00+02:00,0.78974,0.790715,0.787705,0.78903
2007-05-24T11:00:00+02:00,0.78903,0.789375,0.78472,0.785455
2007-05-24T23:00:00+02:00,0.785455,0.788195,0.785145,0.787385
2007-05-25T11:00:00+02:00,0.787385,0.789025,0.782355,0.784235
2007-05-27T23:00:00+02:00,0.783415,0.786085,0.78325,0.785365
2007-05-28T11:00:00+02:00,0.785365,0.786225,0.784205,0.785415
2007-05-28T23:00:00+02:00,0.785415,0.78954,0.783725,0.789075
2007-05-29T11:00:00+02:00,0.789075,0.789805,0.778465,0.780925
2007-05-29T23:00:00+02:00,0.780925,0.78292,0.778095,0.77922
2007-05-30T11:00:00+02:00,0.77922,0.785885,0.77723,0.784365
2007-05-30T23:00:00+02:00,0.784365,0.78695,0.782705,0.784595
2007-05-31T11:00:00+02:00,0.784595,0.78906,0.783805,0.787555
2007-05-31T23:00:00+02:00,0.787555,0.792985,0.787335,0.791215
2007-06-01T11:00:00+02:00,0.791215,0.792875,0.787855,0.79049
2007-06-03T23:00:00+02:00,0.791295,0.79153,0.786825,0.787415
2007-06-04T11:00:00+02:00,0.787415,0.79154,0.786615,0.79109
2007-06-04T23:00:00+02:00,0.79109,0.796275,0.789785,0.795485
2007-06-05T11:00:00+02:00,0.795485,0.798975,0.792765,0.79707
2007-06-05T23:00:00+02:00,0.79707,0.801425,0.795675,0.797315
2007-06-06T11:00:00+02:00,0.797315,0.797495,0.792865,0.795475
2007-06-06T23:00:00+02:00,0.795475,0.801065,0.79517,0.799515
2007-06-07T11:00:00+02:00,0.799515,0.802265,0.79783,0.798995
2007-06-07T23:00:00+02:00,0.798995,0.802345,0.797105,0.799065
2007-06-08T11:00:00+02:00,0.799065,0.810135,0.798055,0.81011
2007-06-10T23:00:00+02:00,0.809225,0.810685,0.79432,0.796135
2007-06-11T11:00:00+02:00,0.796135,0.798095,0.792355,0.797175
2007-06-11T23:00:00+02:00,0.797175,0.799735,0.794875,0.798585
2007-06-12T11:00:00+02:00,0.798585,0.8019,0.796805,0.79953
2007-06-12T23:00:00+02:00,0.79953,0.8047,0.797975,0.802445
2007-06-13T11:00:00+02:00,0.802445,0.805165,0.798745,0.801355
2007-06-13T23:00:00+02:00,0.801355,0.802615,0.797935,0.799685
2007-06-14T11:00:00+02:00,0.799685,0.803235,0.799235,0.801535
2007-06-14T23:00:00+02:00,0.801535,0.803355,0.8003,0.801695
2007-06-15T11:00:00+02:00,0.801695,0.806395,0.79848,0.806245
2007-06-17T23:00:00+02:00,0.80062,0.808585,0.80057,0.80752
2007-06-18T11:00:00+02:00,0.80752,0.81153,0.805885,0.807425
2007-06-18T23:00:00+02:00,0.807425,0.809735,0.80679,0.807185
2007-06-19T11:00:00+02:00,0.807185,0.80961,0.804575,0.805655
2007-06-19T23:00:00+02:00,0.805655,0.810715,0.804955,0.81033
2007-06-20T11:00:00+02:00,0.81033,0.81477,0.809545,0.810235
2007-06-20T23:00:00+02:00,0.810235,0.81674,0.807935,0.814465
2007-06-21T11:00:00+02:00,0.814465,0.820925,0.81157,0.820775
2007-06-21T23:00:00+02:00,0.820775,0.82236,0.81879,0.82109
2007-06-22T11:00:00+02:00,0.82109,0.82303,0.812375,0.816095
2007-06-24T23:00:00+02:00,0.815825,0.82223,0.81559,0.820655
2007-06-25T11:00:00+02:00,0.820655,0.82241,0.81697,0.819275
2007-06-25T23:00:00+02:00,0.819275,0.82331,0.81819,0.82239
2007-06-26T11:00:00+02:00,0.82239,0.822645,0.81879,0.81921
2007-06-26T23:00:00+02:00,0.81921,0.820875,0.81461,0.81571
2007-06-27T11:00:00+02:00,0.81571,0.81678,0.811075,0.81468
2007-06-27T23:00:00+02:00,0.81468,0.81928,0.813815,0.81619
2007-06-28T11:00:00+02:00,0.81619,0.82064,0.813205,0.81524
2007-06-28T23:00:00+02:00,0.81524,0.817275,0.81389,0.81459
2007-06-29T11:00:00+02:00,0.81459,0.82389,0.80891,0.82309
2007-07-01T23:00:00+02:00,0.82085,0.82605,0.820575,0.823625
2007-07-02T11:00:00+02:00,0.823625,0.82672,0.822655,0.8256
2007-07-02T23:00:00+02:00,0.8256,0.82832,0.82235,0.82815
2007-07-03T11:00:00+02:00,0.82815,0.831025,0.825765,0.82865
2007-07-03T23:00:00+02:00,0.82865,0.829775,0.82543,0.827025
2007-07-04T11:00:00+02:00,0.827025,0.82964,0.82577,0.827
2007-07-04T23:00:00+02:00,0.827,0.830765,0.82605,0.830495
2007-07-05T11:00:00+02:00,0.830495,0.833905,0.82483,0.82572
2007-07-05T23:00:00+02:00,0.82572,0.827705,0.82415,0.826865
2007-07-06T11:00:00+02:00,0.826865,0.827295,0.818545,0.821125
2007-07-08T23:00:00+02:00,0.820505,0.821875,0.81528,0.81771
2007-07-09T11:00:00+02:00,0.81771,0.82043,0.81623,0.819825
2007-07-09T23:00:00+02:00,0.819825,0.82009,0.813445,0.81553
2007-07-10T11:00:00+02:00,0.81553,0.82119,0.81423,0.82023
2007-07-10T23:00:00+02:00,0.82023,0.8211,0.81472,0.820945
2007-07-11T11:00:00+02:00,0.820945,0.825345,0.82082,0.82489
2007-07-11T23:00:00+02:00,0.82489,0.826945,0.82047,0.82111
2007-07-12T11:00:00+02:00,0.82111,0.82327,0.81786,0.820345
2007-07-12T23:00:00+02:00,0.820345,0.82378,0.817405,0.82292
2007-07-13T11:00:00+02:00,0.82292,0.82499,0.82159,0.82469
2007-07-15T23:00:00+02:00,0.823805,0.827695,0.82293,0.82767
2007-07-16T11:00:00+02:00,0.82767,0.829575,0.82415,0.82811
2007-07-16T23:00:00+02:00,0.82811,0.82889,0.8243,0.8267
2007-07-17T11:00:00+02:00,0.8267,0.827795,0.823385,0.82466
2007-07-17T23:00:00+02:00,0.82466,0.827425,0.8226,0.824865
2007-07-18T11:00:00+02:00,0.824865,0.82911,0.82426,0.827925
2007-07-18T23:00:00+02:00,0.827925,0.829185,0.826385,0.827275
2007-07-19T11:00:00+02:00,0.827275,0.829015,0.82489,0.82723
2007-07-19T23:00:00+02:00,0.82723,0.83068,0.827035,0.830115
2007-07-20T11:00:00+02:00,0.830115,0.83668,0.82907,0.83622
2007-07-22T23:00:00+02:00,0.8366,0.837855,0.834145,0.836205
2007-07-23T11:00:00+02:00,0.836205,0.84404,0.835145,0.84337
2007-07-23T23:00:00+02:00,0.84337,0.84825,0.84243,0.844565
2007-07-24T11:00:00+02:00,0.844565,0.845775,0.8335,0.83469
2007-07-24T23:00:00+02:00,0.83469,0.837045,0.82973,0.836055
2007-07-25T11:00:00+02:00,0.836055,0.838485,0.834905,0.837705
2007-07-25T23:00:00+02:00,0.837705,0.838295,0.826925,0.829215
2007-07-26T11:00:00+02:00,0.829215,0.834765,0.82357,0.8241
2007-07-26T23:00:00+02:00,0.8241,0.829725,0.818845,0.82309
2007-07-27T11:00:00+02:00,0.82309,0.826905,0.80851,0.813935
2007-07-29T23:00:00+02:00,0.810595,0.8181,0.805235,0.81488
2007-07-30T11:00:00+02:00,0.81488,0.8215,0.80727,0.81978
2007-07-30T23:00:00+02:00,0.81978,0.82299,0.81634,0.81902
2007-07-31T11:00:00+02:00,0.81902,0.82329,0.812005,0.81309
2007-07-31T23:00:00+02:00,0.81309,0.81427,0.80521,0.80649
2007-08-01T11:00:00+02:00,0.80649,0.81299,0.803715,0.809485
2007-08-01T23:00:00+02:00,0.809485,0.810655,0.805035,0.809685
2007-08-02T11:00:00+02:00,0.809685,0.81138,0.805125,0.809205
2007-08-02T23:00:00+02:00,0.809205,0.81109,0.806775,0.809035
2007-08-03T11:00:00+02:00,0.809035,0.81081,0.80143,0.803735
2007-08-05T23:00:00+02:00,0.802215,0.80417,0.79876,0.802385
2007-08-06T11:00:00+02:00,0.802385,0.805965,0.79968,0.805965
2007-08-06T23:00:00+02:00,0.805965,0.806715,0.80316,0.805035
2007-08-07T11:00:00+02:00,0.805035,0.80625,0.797815,0.803395
2007-08-07T23:00:00+02:00,0.803395,0.804975,0.80132,0.803455
2007-08-08T11:00:00+02:00,0.803455,0.80718,0.801615,0.805605
2007-08-08T23:00:00+02:00,0.805605,0.807975,0.797205,0.800275
2007-08-09T11:00:00+02:00,0.800275,0.802965,0.79419,0.79545
2007-08-09T23:00:00+02:00,0.79545,0.7959,0.784105,0.78536
2007-08-10T11:00:00+02:00,0.78536,0.78934,0.78027,0.78486
2007-08-12T23:00:00+02:00,0.78735,0.78809,0.7798,0.782895
2007-08-13T11:00:00+02:00,0.782895,0.783265,0.77426,0.779255
2007-08-13T23:00:00+02:00,0.779255,0.780765,0.770535,0.77335
2007-08-14T11:00:00+02:00,0.77335,0.77791,0.771885,0.77539
2007-08-14T23:00:00+02:00,0.77539,0.776355,0.76607,0.76729
2007-08-15T11:00:00+02:00,0.76729,0.77428,0.765805,0.766035
2007-08-15T23:00:00+02:00,0.766035,0.766315,0.73827,0.742245
2007-08-16T11:00:00+02:00,0.742245,0.744575,0.722445,0.74109
2007-08-16T23:00:00+02:00,0.74109,0.754185,0.71621,0.72826
2007-08-17T11:00:00+02:00,0.72826,0.742045,0.723365,0.73903
2007-08-19T23:00:00+02:00,0.73762,0.744485,0.72324,0.74208
2007-08-20T11:00:00+02:00,0.74208,0.74365,0.731575,0.73745
2007-08-20T23:00:00+02:00,0.73745,0.741045,0.73143,0.7377
2007-08-21T11:00:00+02:00,0.7377,0.743655,0.73409,0.739785
2007-08-21T23:00:00+02:00,0.739785,0.744075,0.734025,0.741115
2007-08-22T11:00:00+02:00,0.741115,0.746025,0.73858,0.744235
2007-08-22T23:00:00+02:00,0.744235,0.756935,0.744235,0.754905
2007-08-23T11:00:00+02:00,0.754905,0.75675,0.74777,0.75304
2007-08-23T23:00:00+02:00,0.75304,0.7555,0.74786,0.750555
2007-08-24T11:00:00+02:00,0.750555,0.759135,0.74838,0.75891
2007-08-26T23:00:00+02:00,0.762175,0.764795,0.759015,0.76078
2007-08-27T11:00:00+02:00,0.76078,0.761265,0.754335,0.75529
2007-08-27T23:00:00+02:00,0.75529,0.75582,0.744305,0.74833
2007-08-28T11:00:00+02:00,0.74833,0.753935,0.742075,0.742675
2007-08-28T23:00:00+02:00,0.742675,0.743085,0.73327,0.74073
2007-08-29T11:00:00+02:00,0.74073,0.752825,0.740015,0.75143
2007-08-29T23:00:00+02:00,0.75143,0.7529,0.741965,0.7478
2007-08-30T11:00:00+02:00,0.7478,0.74965,0.741335,0.743415
2007-08-30T23:00:00+02:00,0.743415,0.748805,0.740185,0.74696
2007-08-31T11:00:00+02:00,0.74696,0.748505,0.737295,0.740795
2007-09-02T23:00:00+02:00,0.73873,0.74362,0.73827,0.740965
2007-09-03T11:00:00+02:00,0.740965,0.742195,0.737455,0.741325
2007-09-03T23:00:00+02:00,0.741325,0.742315,0.73699,0.73805
2007-09-04T11:00:00+02:00,0.73805,0.73982,0.72837,0.731395
2007-09-04T23:00:00+02:00,0.731395,0.73221,0.72735,0.73221
2007-09-05T11:00:00+02:00,0.73221,0.7331,0.7224,0.72373
2007-09-05T23:00:00+02:00,0.72373,0.729975,0.72055,0.72991
2007-09-06T11:00:00+02:00,0.72991,0.731945,0.72395,0.72887
2007-09-06T23:00:00+02:00,0.72887,0.7298,0.725355,0.725425
2007-09-07T11:00:00+02:00,0.725425,0.731005,0.723485,0.729245
2007-09-09T23:00:00+02:00,0.72677,0.732095,0.721935,0.731045
2007-09-10T11:00:00+02:00,0.731045,0.73529,0.72863,0.73308
2007-09-10T23:00:00+02:00,0.73308,0.733455,0.725895,0.726785
2007-09-11T11:00:00+02:00,0.726785,0.73707,0.726635,0.7366
2007-09-11T23:00:00+02:00,0.7366,0.73916,0.73432,0.73671
2007-09-12T11:00:00+02:00,0.73671,0.742175,0.73508,0.73763
2007-09-12T23:00:00+02:00,0.73763,0.740585,0.73363,0.73907
2007-09-13T11:00:00+02:00,0.73907,0.74273,0.735525,0.73644
2007-09-13T23:00:00+02:00,0.73644,0.73969,0.73173,0.737065
2007-09-14T11:00:00+02:00,0.737065,0.73786,0.732555,0.734455
2007-09-16T23:00:00+02:00,0.7347,0.736585,0.728505,0.731415
2007-09-17T11:00:00+02:00,0.731415,0.73236,0.723325,0.72652
2007-09-17T23:00:00+02:00,0.72652,0.72669,0.720565,0.722045
2007-09-18T11:00:00+02:00,0.722045,0.73727,0.721825,0.73611
2007-09-18T23:00:00+02:00,0.73611,0.7419,0.73281,0.74187
2007-09-19T11:00:00+02:00,0.74187,0.74831,0.738555,0.74659
2007-09-19T23:00:00+02:00,0.74659,0.74806,0.742765,0.74716
2007-09-20T11:00:00+02:00,0.74716,0.74885,0.736205,0.73923
2007-09-20T23:00:00+02:00,0.73923,0.74772,0.738695,0.74083
2007-09-21T11:00:00+02:00,0.74083,0.74655,0.73809,0.74483
2007-09-23T23:00:00+02:00,0.743115,0.74541,0.741555,0.74505
2007-09-24T11:00:00+02:00,0.74505,0.75062,0.74385,0.74844
2007-09-24T23:00:00+02:00,0.74844,0.74942,0.73856,0.7393
2007-09-25T11:00:00+02:00,0.7393,0.74733,0.734015,0.745805
2007-09-25T23:00:00+02:00,0.745805,0.74934,0.744305,0.74792
2007-09-26T11:00:00+02:00,0.74792,0.750345,0.74503,0.74788
2007-09-26T23:00:00+02:00,0.74788,0.752805,0.746655,0.751725
2007-09-27T11:00:00+02:00,0.751725,0.75351,0.749065,0.75122
2007-09-27T23:00:00+02:00,0.75122,0.7589,0.75092,0.755945
2007-09-28T11:00:00+02:00,0.755945,0.756805,0.750045,0.752005
2007-09-30T23:00:00+02:00,0.75536,0.762255,0.753435,0.760325
2007-10-01T11:00:00+02:00,0.760325,0.761605,0.754625,0.7604
2007-10-01T23:00:00+02:00,0.7604,0.760975,0.75245,0.75639
2007-10-02T11:00:00+02:00,0.75639,0.761145,0.75536,0.75586
2007-10-02T23:00:00+02:00,0.75586,0.760725,0.753125,0.758805
2007-10-03T11:00:00+02:00,0.758805,0.760615,0.75066,0.753545
2007-10-03T23:00:00+02:00,0.753545,0.755455,0.74994,0.752765
2007-10-04T11:00:00+02:00,0.752765,0.755585,0.749245,0.75245
2007-10-04T23:00:00+02:00,0.75245,0.755155,0.7519,0.753605
2007-10-05T11:00:00+02:00,0.753605,0.755475,0.743845,0.746415
2007-10-07T23:00:00+02:00,0.749805,0.753475,0.74803,0.75135
2007-10-08T11:00:00+02:00,0.75135,0.754225,0.75013,0.751745
2007-10-08T23:00:00+02:00,0.751745,0.75456,0.74946,0.750025
2007-10-09T11:00:00+02:00,0.750025,0.75321,0.748025,0.7511
2007-10-09T23:00:00+02:00,0.7511,0.752175,0.7475,0.74898
2007-10-10T11:00:00+02:00,0.74898,0.751435,0.746145,0.749255
2007-10-10T23:00:00+02:00,0.749255,0.753645,0.74715,0.752675
2007-10-11T11:00:00+02:00,0.752675,0.754435,0.748795,0.75149
2007-10-11T23:00:00+02:00,0.75149,0.75551,0.75086,0.754595
2007-10-12T11:00:00+02:00,0.754595,0.756495,0.751065,0.754895
2007-10-14T23:00:00+02:00,0.75495,0.756515,0.748265,0.749605
2007-10-15T11:00:00+02:00,0.749605,0.752005,0.74184,0.743755
2007-10-15T23:00:00+02:00,0.743755,0.748235,0.726935,0.734805
2007-10-16T11:00:00+02:00,0.734805,0.734975,0.724035,0.73057
2007-10-16T23:00:00+02:00,0.73057,0.734975,0.72722,0.73316
2007-10-17T11:00:00+02:00,0.73316,0.73594,0.726615,0.733235
2007-10-17T23:00:00+02:00,0.733235,0.734495,0.728775,0.73164
2007-10-18T11:00:00+02:00,0.73164,0.73609,0.727795,0.73433
2007-10-18T23:00:00+02:00,0.73433,0.73894,0.724825,0.731325
2007-10-19T11:00:00+02:00,0.731325,0.734755,0.721715,0.722345
2007-10-21T23:00:00+02:00,0.72113,0.72568,0.71498,0.721405
2007-10-22T11:00:00+02:00,0.721405,0.731825,0.721035,0.73107
2007-10-22T23:00:00+02:00,0.73107,0.735635,0.72974,0.731715
2007-10-23T11:00:00+02:00,0.731715,0.733035,0.725665,0.73174
2007-10-23T23:00:00+02:00,0.73174,0.73361,0.72454,0.72696
2007-10-24T11:00:00+02:00,0.72696,0.732,0.726585,0.73103
2007-10-24T23:00:00+02:00,0.73103,0.73377,0.72886,0.731545
2007-10-25T11:00:00+02:00,0.731545,0.73762,0.728655,0.73654
2007-10-25T23:00:00+02:00,0.73654,0.738255,0.733945,0.73543
2007-10-26T11:00:00+02:00,0.73543,0.7394,0.733195,0.73704
2007-10-28T22:00:00+01:00,0.73796,0.7421,0.73652,0.73928
2007-10-29T10:00:00+01:00,0.73928,0.74134,0.73036,0.733235
2007-10-29T22:00:00+01:00,0.733235,0.73607,0.73002,0.735355
2007-10-30T10:00:00+01:00,0.735355,0.73598,0.727825,0.729425
2007-10-30T22:00:00+01:00,0.729425,0.732505,0.7267,0.7325
2007-10-31T10:00:00+01:00,0.7325,0.7325,0.726655,0.72929
2007-10-31T22:00:00+01:00,0.72929,0.73243,0.727705,0.72793
2007-11-01T10:00:00+01:00,0.72793,0.730045,0.720405,0.721025
2007-11-01T22:00:00+01:00,0.721025,0.724315,0.720455,0.72319
2007-11-02T10:00:00+01:00,0.72319,0.725095,0.7109,0.71544
2007-11-04T23:00:00+01:00,0.715905,0.716745,0.7111,0.71198
2007-11-05T11:00:00+01:00,0.71198,0.71947,0.71082,0.71846
2007-11-05T23:00:00+01:00,0.71846,0.722255,0.71794,0.719855
2007-11-06T11:00:00+01:00,0.719855,0.721725,0.715545,0.71801
2007-11-06T23:00:00+01:00,0.71801,0.72096,0.711025,0.712525
2007-11-07T11:00:00+01:00,0.712525,0.725785,0.71138,0.7212
2007-11-07T23:00:00+01:00,0.7212,0.722315,0.713435,0.714715
2007-11-08T11:00:00+01:00,0.714715,0.731435,0.71426,0.72546
2007-11-08T23:00:00+01:00,0.72546,0.72753,0.71915,0.720515
2007-11-09T11:00:00+01:00,0.720515,0.72759,0.71732,0.7221
2007-11-11T23:00:00+01:00,0.719195,0.720505,0.71196,0.71957
2007-11-12T11:00:00+01:00,0.71957,0.724465,0.713425,0.72059
2007-11-12T23:00:00+01:00,0.72059,0.72831,0.72013,0.725385
2007-11-13T11:00:00+01:00,0.725385,0.732005,0.723615,0.728775
2007-11-13T23:00:00+01:00,0.728775,0.73465,0.724205,0.729935
2007-11-14T11:00:00+01:00,0.729935,0.741705,0.728665,0.737935
2007-11-14T23:00:00+01:00,0.737935,0.737955,0.732485,0.733
2007-11-15T11:00:00+01:00,0.733,0.745255,0.731565,0.742405
2007-11-15T23:00:00+01:00,0.742405,0.74753,0.74184,0.745595
2007-11-16T11:00:00+01:00,0.745595,0.746665,0.733285,0.737345
2007-11-18T23:00:00+01:00,0.741965,0.744105,0.73647,0.73975
2007-11-19T11:00:00+01:00,0.73975,0.744435,0.73878,0.741525
2007-11-19T23:00:00+01:00,0.741525,0.746775,0.738495,0.74339
2007-11-20T11:00:00+01:00,0.74339,0.75172,0.74264,0.749415
2007-11-20T23:00:00+01:00,0.749415,0.750155,0.73843,0.74071
2007-11-21T11:00:00+01:00,0.74071,0.74826,0.73547,0.742095
2007-11-21T23:00:00+01:00,0.742095,0.743895,0.73701,0.74135
2007-11-22T11:00:00+01:00,0.74135,0.744485,0.73828,0.740325
2007-11-22T23:00:00+01:00,0.740325,0.745995,0.738325,0.743505
2007-11-23T11:00:00+01:00,0.743505,0.751355,0.74034,0.750905
2007-11-25T23:00:00+01:00,0.751465,0.752545,0.74548,0.74669
2007-11-26T11:00:00+01:00,0.74669,0.74863,0.74129,0.74347
2007-11-26T23:00:00+01:00,0.74347,0.752605,0.741825,0.751205
2007-11-27T11:00:00+01:00,0.751205,0.757915,0.74891,0.75613
2007-11-27T23:00:00+01:00,0.75613,0.760745,0.75423,0.759095
2007-11-28T11:00:00+01:00,0.759095,0.766215,0.758885,0.763575
2007-11-28T23:00:00+01:00,0.763575,0.76514,0.759385,0.76262
2007-11-29T11:00:00+01:00,0.76262,0.77075,0.759325,0.769525
2007-11-29T23:00:00+01:00,0.769525,0.77143,0.76686,0.76998
2007-11-30T11:00:00+01:00,0.76998,0.77428,0.759545,0.76347
2007-12-02T23:00:00+01:00,0.762315,0.767335,0.761385,0.766475
2007-12-03T11:00:00+01:00,0.766475,0.769705,0.762415,0.763275
2007-12-03T23:00:00+01:00,0.763275,0.76721,0.76251,0.76622
2007-12-04T11:00:00+01:00,0.76622,0.77507,0.764165,0.7711
2007-12-04T23:00:00+01:00,0.7711,0.777405,0.767895,0.77435
2007-12-05T11:00:00+01:00,0.77435,0.783315,0.77335,0.778615
2007-12-05T23:00:00+01:00,0.778615,0.783485,0.77842,0.77945
2007-12-06T11:00:00+01:00,0.77945,0.787355,0.77928,0.783655
2007-12-06T23:00:00+01:00,0.783655,0.789405,0.781455,0.787415
2007-12-07T11:00:00+01:00,0.787415,0.788175,0.77669,0.780885
2007-12-09T23:00:00+01:00,0.777115,0.78244,0.77614,0.78004
2007-12-10T11:00:00+01:00,0.78004,0.78952,0.777115,0.787005
2007-12-10T23:00:00+01:00,0.787005,0.790095,0.785205,0.789245
2007-12-11T11:00:00+01:00,0.789245,0.795565,0.782895,0.784895
2007-12-11T23:00:00+01:00,0.784895,0.793535,0.784175,0.791195
2007-12-12T11:00:00+01:00,0.791195,0.80244,0.790755,0.79572
2007-12-12T23:00:00+01:00,0.79572,0.79788,0.791895,0.793905
2007-12-13T11:00:00+01:00,0.793905,0.80023,0.791425,0.7966
2007-12-13T23:00:00+01:00,0.7966,0.80035,0.792245,0.793705
2007-12-14T11:00:00+01:00,0.793705,0.795605,0.7773,0.77844
2007-12-16T23:00:00+01:00,0.780995,0.78425,0.771945,0.77368
2007-12-17T11:00:00+01:00,0.77368,0.77419,0.754555,0.75873
2007-12-17T23:00:00+01:00,0.75873,0.761545,0.7559,0.760335
2007-12-18T11:00:00+01:00,0.760335,0.767095,0.756965,0.75967
2007-12-18T23:00:00+01:00,0.75967,0.76493,0.75654,0.76455
2007-12-19T11:00:00+01:00,0.76455,0.764695,0.756295,0.757725
2007-12-19T23:00:00+01:00,0.757725,0.759375,0.75529,0.758805
2007-12-20T11:00:00+01:00,0.758805,0.76215,0.75239,0.7606
2007-12-20T23:00:00+01:00,0.7606,0.763925,0.760225,0.76263
2007-12-21T11:00:00+01:00,0.76263,0.765955,0.755865,0.75697
2007-12-23T23:00:00+01:00,0.75772,0.76022,0.756175,0.759285
2007-12-24T11:00:00+01:00,0.759285,0.760975,0.75424,0.754345
2007-12-24T23:00:00+01:00,0.754345,0.75657,0.75383,0.75494
2007-12-25T23:00:00+01:00,0.75494,0.75636,0.753385,0.75569
2007-12-26T11:00:00+01:00,0.75569,0.75703,0.75108,0.75278
2007-12-26T23:00:00+01:00,0.75278,0.758005,0.75154,0.756415
2007-12-27T11:00:00+01:00,0.756415,0.759525,0.75039,0.75579
2007-12-27T23:00:00+01:00,0.75579,0.76015,0.75539,0.75711
2007-12-28T11:00:00+01:00,0.75711,0.760985,0.75366,0.760345
2007-12-30T23:00:00+01:00,0.75858,0.76169,0.75631,0.75672
2007-12-31T11:00:00+01:00,0.75672,0.76485,0.75579,0.764765
2007-12-31T23:00:00+01:00,0.764765,0.76517,0.7647,0.76517
2008-01-01T11:00:00+01:00,0.76517,0.76517,0.760615,0.762145
2008-01-01T23:00:00+01:00,0.762145,0.766495,0.761715,0.763905
2008-01-02T11:00:00+01:00,0.763905,0.771315,0.762135,0.77029
2008-01-02T23:00:00+01:00,0.77029,0.77189,0.76805,0.76985
2008-01-03T11:00:00+01:00,0.76985,0.77307,0.762055,0.762625
2008-01-03T23:00:00+01:00,0.762625,0.765655,0.759905,0.76434
2008-01-04T11:00:00+01:00,0.76434,0.77203,0.761315,0.768405
2008-01-06T23:00:00+01:00,0.76813,0.77143,0.764,0.77036
2008-01-07T11:00:00+01:00,0.77036,0.77431,0.76373,0.772475
2008-01-07T23:00:00+01:00,0.772475,0.77426,0.76859,0.770345
2008-01-08T11:00:00+01:00,0.770345,0.775705,0.7684,0.77368
2008-01-08T23:00:00+01:00,0.77368,0.77484,0.77051,0.77298
2008-01-09T11:00:00+01:00,0.77298,0.78095,0.77225,0.780525
2008-01-09T23:00:00+01:00,0.780525,0.78499,0.780295,0.783265
2008-01-10T11:00:00+01:00,0.783265,0.794435,0.778955,0.79298
2008-01-10T23:00:00+01:00,0.79298,0.794435,0.789525,0.792765
2008-01-11T11:00:00+01:00,0.792765,0.80406,0.79067,0.79739
2008-01-13T23:00:00+01:00,0.79511,0.802265,0.79511,0.801665
2008-01-14T11:00:00+01:00,0.801665,0.806645,0.80089,0.804275
2008-01-14T23:00:00+01:00,0.804275,0.808135,0.801575,0.80398
2008-01-15T11:00:00+01:00,0.80398,0.804125,0.78966,0.791435
2008-01-15T23:00:00+01:00,0.791435,0.79539,0.78755,0.78903
2008-01-16T11:00:00+01:00,0.78903,0.793515,0.782545,0.79072
2008-01-16T23:00:00+01:00,0.79072,0.791405,0.785295,0.788025
2008-01-17T11:00:00+01:00,0.788025,0.795185,0.785255,0.7884
2008-01-17T23:00:00+01:00,0.7884,0.789435,0.778575,0.784405
2008-01-18T11:00:00+01:00,0.784405,0.78706,0.77883,0.780735
2008-01-20T23:00:00+01:00,0.779455,0.782885,0.7763,0.77707
2008-01-21T11:00:00+01:00,0.77707,0.77856,0.767665,0.77174
2008-01-21T23:00:00+01:00,0.77174,0.7754,0.7643,0.77408
2008-01-22T11:00:00+01:00,0.77408,0.789985,0.77256,0.786265
2008-01-22T23:00:00+01:00,0.786265,0.789205,0.78056,0.783965
2008-01-23T11:00:00+01:00,0.783965,0.78669,0.77507,0.784735
2008-01-23T23:00:00+01:00,0.784735,0.785335,0.77776,0.77933
2008-01-24T11:00:00+01:00,0.77933,0.783675,0.7747,0.77678
2008-01-24T23:00:00+01:00,0.77678,0.779795,0.772535,0.77814
2008-01-25T11:00:00+01:00,0.77814,0.78055,0.77131,0.77425
2008-01-27T23:00:00+01:00,0.77485,0.78161,0.77458,0.78082
2008-01-28T11:00:00+01:00,0.78082,0.78186,0.77613,0.78027
2008-01-28T23:00:00+01:00,0.78027,0.782405,0.777865,0.77998
2008-01-29T11:00:00+01:00,0.77998,0.78111,0.77443,0.777205
2008-01-29T23:00:00+01:00,0.777205,0.77774,0.77424,0.77508
2008-01-30T11:00:00+01:00,0.77508,0.78259,0.77314,0.77903
2008-01-30T23:00:00+01:00,0.77903,0.78131,0.77242,0.77973
2008-01-31T11:00:00+01:00,0.77973,0.792405,0.77883,0.790035
2008-01-31T23:00:00+01:00,0.790035,0.791875,0.787325,0.788935
2008-02-01T11:00:00+01:00,0.788935,0.792705,0.784795,0.79112
2008-02-03T23:00:00+01:00,0.7881,0.792975,0.785515,0.791585
2008-02-04T11:00:00+01:00,0.791585,0.795055,0.7867,0.788435
2008-02-04T23:00:00+01:00,0.788435,0.794265,0.786675,0.791955
2008-02-05T11:00:00+01:00,0.791955,0.791985,0.78373,0.7875
2008-02-05T23:00:00+01:00,0.7875,0.789135,0.785375,0.786775
2008-02-06T11:00:00+01:00,0.786775,0.79389,0.78596,0.7925
2008-02-06T23:00:00+01:00,0.7925,0.797685,0.787765,0.79502
2008-02-07T11:00:00+01:00,0.79502,0.801195,0.790955,0.79552
2008-02-07T23:00:00+01:00,0.79552,0.79741,0.792215,0.792485
2008-02-08T11:00:00+01:00,0.792485,0.792785,0.78243,0.7876
2008-02-10T23:00:00+01:00,0.78707,0.79032,0.785885,0.78771
2008-02-11T11:00:00+01:00,0.78771,0.792145,0.786495,0.79025
2008-02-11T23:00:00+01:00,0.79025,0.79364,0.788555,0.789715
2008-02-12T11:00:00+01:00,0.789715,0.79326,0.787525,0.791885
2008-02-12T23:00:00+01:00,0.791885,0.792,0.783695,0.785825
2008-02-13T11:00:00+01:00,0.785825,0.78729,0.779745,0.7815
2008-02-13T23:00:00+01:00,0.7815,0.785815,0.78128,0.7852
2008-02-14T11:00:00+01:00,0.7852,0.790455,0.785095,0.788015
2008-02-14T23:00:00+01:00,0.788015,0.788835,0.783795,0.78496
2008-02-15T11:00:00+01:00,0.78496,0.797305,0.78406,0.795675
2008-02-17T23:00:00+01:00,0.797505,0.80093,0.796265,0.799355
2008-02-18T11:00:00+01:00,0.799355,0.801515,0.797995,0.80121
2008-02-18T23:00:00+01:00,0.80121,0.804995,0.80091,0.804055
2008-02-19T11:00:00+01:00,0.804055,0.81293,0.802355,0.81071
2008-02-19T23:00:00+01:00,0.81071,0.81288,0.805395,0.80768
2008-02-20T11:00:00+01:00,0.80768,0.81156,0.80444,0.80808
2008-02-20T23:00:00+01:00,0.80808,0.810295,0.80614,0.807885
2008-02-21T11:00:00+01:00,0.807885,0.8124,0.80545,0.809335
2008-02-21T23:00:00+01:00,0.809335,0.8162,0.807735,0.81607
2008-02-22T11:00:00+01:00,0.81607,0.821005,0.81295,0.818985
2008-02-24T23:00:00+01:00,0.818125,0.81943,0.81417,0.81491
2008-02-25T11:00:00+01:00,0.81491,0.81637,0.80448,0.808395
2008-02-25T23:00:00+01:00,0.808395,0.8118,0.80284,0.80739
2008-02-26T11:00:00+01:00,0.80739,0.80777,0.797725,0.802045
2008-02-26T23:00:00+01:00,0.802045,0.80282,0.79759,0.80039
2008-02-27T11:00:00+01:00,0.80039,0.80518,0.798145,0.800245
2008-02-27T23:00:00+01:00,0.800245,0.80284,0.793705,0.797335
2008-02-28T11:00:00+01:00,0.797335,0.798345,0.791205,0.79493
2008-02-28T23:00:00+01:00,0.79493,0.79942,0.791645,0.795315
2008-02-29T11:00:00+01:00,0.795315,0.795935,0.78144,0.788985
2008-03-02T23:00:00+01:00,0.78841,0.78841,0.780265,0.7841
2008-03-03T11:00:00+01:00,0.7841,0.800755,0.78165,0.79861
2008-03-03T23:00:00+01:00,0.79861,0.79961,0.79321,0.794965
2008-03-04T11:00:00+01:00,0.794965,0.798365,0.79032,0.79602
2008-03-04T23:00:00+01:00,0.79602,0.79623,0.78662,0.787385
2008-03-05T11:00:00+01:00,0.787385,0.79478,0.78484,0.78981
2008-03-05T23:00:00+01:00,0.78981,0.792815,0.788485,0.789435
2008-03-06T11:00:00+01:00,0.789435,0.793615,0.784085,0.785465
2008-03-06T23:00:00+01:00,0.785465,0.787325,0.782415,0.783335
2008-03-07T11:00:00+01:00,0.783335,0.790185,0.776325,0.78649
2008-03-09T22:00:00+01:00,0.78561,0.786275,0.782265,0.7845
2008-03-10T10:00:00+01:00,0.7845,0.789465,0.78198,0.785725
2008-03-10T22:00:00+01:00,0.785725,0.79067,0.784655,0.78878
2008-03-11T10:00:00+01:00,0.78878,0.798965,0.78834,0.79734
2008-03-11T22:00:00+01:00,0.79734,0.798365,0.793365,0.793535
2008-03-12T10:00:00+01:00,0.793535,0.800895,0.78868,0.797835
2008-03-12T22:00:00+01:00,0.797835,0.800545,0.79312,0.796915
2008-03-13T10:00:00+01:00,0.796915,0.806835,0.793145,0.805435
2008-03-13T22:00:00+01:00,0.805435,0.806235,0.80019,0.806115
2008-03-14T10:00:00+01:00,0.806115,0.81585,0.7996,0.804565
2008-03-16T22:00:00+01:00,0.80393,0.814005,0.79633,0.803055
2008-03-17T10:00:00+01:00,0.803055,0.803055,0.79236,0.799605
2008-03-17T22:00:00+01:00,0.799605,0.806375,0.79453,0.805405
2008-03-18T10:00:00+01:00,0.805405,0.809185,0.79833,0.80041
2008-03-18T22:00:00+01:00,0.80041,0.81186,0.800135,0.80488
2008-03-19T10:00:00+01:00,0.80488,0.814175,0.802485,0.810865
2008-03-19T22:00:00+01:00,0.810865,0.819425,0.805965,0.81858
2008-03-20T10:00:00+01:00,0.81858,0.82035,0.80653,0.809925
2008-03-20T22:00:00+01:00,0.809925,0.81537,0.80767,0.81352
2008-03-21T10:00:00+01:00,0.81352,0.814525,0.808905,0.81038
2008-03-23T22:00:00+01:00,0.81129,0.81698,0.809725,0.81696
2008-03-24T10:00:00+01:00,0.81696,0.81698,0.80648,0.81159
2008-03-24T22:00:00+01:00,0.81159,0.81705,0.81116,0.81635
2008-03-25T10:00:00+01:00,0.81635,0.82169,0.81203,0.82004
2008-03-25T22:00:00+01:00,0.82004,0.821645,0.81328,0.814425
2008-03-26T10:00:00+01:00,0.814425,0.82134,0.81432,0.81887
2008-03-26T22:00:00+01:00,0.81887,0.82087,0.8159,0.81725
2008-03-27T10:00:00+01:00,0.81725,0.823505,0.81384,0.81833
2008-03-27T22:00:00+01:00,0.81833,0.82113,0.81526,0.81867
2008-03-28T10:00:00+01:00,0.81867,0.82027,0.80929,0.81541
2008-03-30T23:00:00+02:00,0.81268,0.81391,0.805525,0.80661
2008-03-31T11:00:00+02:00,0.80661,0.80989,0.804095,0.805725
2008-03-31T23:00:00+02:00,0.805725,0.807145,0.80026,0.803885
2008-04-01T11:00:00+02:00,0.803885,0.805595,0.799555,0.80362
2008-04-01T23:00:00+02:00,0.80362,0.807025,0.80111,0.803305
2008-04-02T11:00:00+02:00,0.803305,0.8074,0.798395,0.80269
2008-04-02T23:00:00+02:00,0.80269,0.802995,0.797165,0.800145
2008-04-03T11:00:00+02:00,0.800145,0.800145,0.787965,0.789175
2008-04-03T23:00:00+02:00,0.789175,0.792355,0.785805,0.791125
2008-04-04T11:00:00+02:00,0.791125,0.797115,0.787145,0.796125
2008-04-06T23:00:00+02:00,0.7965,0.797545,0.792775,0.796015
2008-04-07T11:00:00+02:00,0.796015,0.80875,0.795955,0.806995
2008-04-07T23:00:00+02:00,0.806995,0.80892,0.804475,0.80709
2008-04-08T11:00:00+02:00,0.80709,0.81098,0.80264,0.810035
2008-04-08T23:00:00+02:00,0.810035,0.811755,0.804635,0.80697
2008-04-09T11:00:00+02:00,0.80697,0.81431,0.80697,0.81191
2008-04-09T23:00:00+02:00,0.81191,0.81572,0.81141,0.81358
2008-04-10T11:00:00+02:00,0.81358,0.817675,0.81147,0.81426
2008-04-10T23:00:00+02:00,0.81426,0.815485,0.809835,0.80991
2008-04-11T11:00:00+02:00,0.80991,0.81382,0.80793,0.8116
2008-04-13T23:00:00+02:00,0.81165,0.81301,0.805645,0.810235
2008-04-14T11:00:00+02:00,0.810235,0.812335,0.801645,0.806785
2008-04-14T23:00:00+02:00,0.806785,0.809225,0.801915,0.80304
2008-04-15T11:00:00+02:00,0.80304,0.805155,0.797135,0.80076
2008-04-15T23:00:00+02:00,0.80076,0.802085,0.792135,0.7949
2008-04-16T11:00:00+02:00,0.7949,0.797935,0.78987,0.793035
2008-04-16T23:00:00+02:00,0.793035,0.793765,0.789965,0.79092
2008-04-17T11:00:00+02:00,0.79092,0.799815,0.7867,0.799285
2008-04-17T23:00:00+02:00,0.799285,0.80053,0.794385,0.794675
2008-04-18T11:00:00+02:00,0.794675,0.80095,0.791675,0.79333
2008-04-20T23:00:00+02:00,0.793905,0.79991,0.793055,0.797865
2008-04-21T11:00:00+02:00,0.797865,0.79975,0.795125,0.798755
2008-04-21T23:00:00+02:00,0.798755,0.80204,0.797075,0.800085
2008-04-22T11:00:00+02:00,0.800085,0.80741,0.7997,0.80384
2008-04-22T23:00:00+02:00,0.80384,0.81004,0.801745,0.80957
2008-04-23T11:00:00+02:00,0.80957,0.81583,0.80681,0.812075
2008-04-23T23:00:00+02:00,0.812075,0.812075,0.80466,0.805465
2008-04-24T11:00:00+02:00,0.805465,0.80759,0.797795,0.79964
2008-04-24T23:00:00+02:00,0.79964,0.800475,0.79299,0.796395
2008-04-25T11:00:00+02:00,0.796395,0.797935,0.790735,0.792555
2008-04-27T23:00:00+02:00,0.793785,0.795755,0.788785,0.794855
2008-04-28T11:00:00+02:00,0.794855,0.800685,0.792905,0.795825
2008-04-28T23:00:00+02:00,0.795825,0.79621,0.786625,0.787625
2008-04-29T11:00:00+02:00,0.787625,0.78811,0.7825,0.785515
2008-04-29T23:00:00+02:00,0.785515,0.78891,0.78218,0.78667
2008-04-30T11:00:00+02:00,0.78667,0.791165,0.78274,0.788385
2008-04-30T23:00:00+02:00,0.788385,0.789815,0.785955,0.78799
2008-05-01T11:00:00+02:00,0.78799,0.79374,0.784375,0.79248
2008-05-01T23:00:00+02:00,0.79248,0.797595,0.790435,0.795415
2008-05-02T11:00:00+02:00,0.795415,0.80007,0.79211,0.795295
2008-05-04T23:00:00+02:00,0.79709,0.79866,0.794605,0.79767
2008-05-05T11:00:00+02:00,0.79767,0.79851,0.794985,0.79551
2008-05-05T23:00:00+02:00,0.79551,0.796565,0.79279,0.794935
2008-05-06T11:00:00+02:00,0.794935,0.80047,0.790225,0.79343
2008-05-06T23:00:00+02:00,0.79343,0.79409,0.787205,0.790095
2008-05-07T11:00:00+02:00,0.790095,0.792495,0.78325,0.788725
2008-05-07T23:00:00+02:00,0.788725,0.789675,0.7777,0.77876
2008-05-08T11:00:00+02:00,0.77876,0.785885,0.77788,0.784845
2008-05-08T23:00:00+02:00,0.784845,0.786545,0.77865,0.7799
2008-05-09T11:00:00+02:00,0.7799,0.78038,0.77079,0.77359
2008-05-11T23:00:00+02:00,0.771275,0.77402,0.769585,0.77369
2008-05-12T11:00:00+02:00,0.77369,0.77608,0.77065,0.77507
2008-05-12T23:00:00+02:00,0.77507,0.77618,0.772355,0.77365
2008-05-13T11:00:00+02:00,0.77365,0.7748,0.766105,0.767285
2008-05-13T23:00:00+02:00,0.767285,0.768065,0.7636,0.76425
2008-05-14T11:00:00+02:00,0.76425,0.76568,0.758345,0.763585
2008-05-14T23:00:00+02:00,0.763585,0.764355,0.757315,0.7593
2008-05-15T11:00:00+02:00,0.7593,0.765035,0.754955,0.76393
2008-05-15T23:00:00+02:00,0.76393,0.76867,0.76197,0.767525
2008-05-16T11:00:00+02:00,0.767525,0.77481,0.764645,0.773545
2008-05-18T23:00:00+02:00,0.7748,0.775,0.769325,0.76981
2008-05-19T11:00:00+02:00,0.76981,0.77258,0.764635,0.765505
2008-05-19T23:00:00+02:00,0.765505,0.769135,0.764375,0.76823
2008-05-20T11:00:00+02:00,0.76823,0.77264,0.76705,0.76819
2008-05-20T23:00:00+02:00,0.76819,0.77137,0.766015,0.77063
2008-05-21T11:00:00+02:00,0.77063,0.77237,0.76334,0.764485
2008-05-21T23:00:00+02:00,0.764485,0.77777,0.763445,0.77429
2008-05-22T11:00:00+02:00,0.77429,0.775855,0.770225,0.7706
2008-05-22T23:00:00+02:00,0.7706,0.77603,0.770375,0.77407
2008-05-23T11:00:00+02:00,0.77407,0.77937,0.77357,0.776915
2008-05-25T23:00:00+02:00,0.777085,0.778265,0.77414,0.77663
2008-05-26T11:00:00+02:00,0.77663,0.78232,0.77637,0.780015
2008-05-26T23:00:00+02:00,0.780015,0.785755,0.77901,0.779155
2008-05-27T11:00:00+02:00,0.779155,0.78641,0.77891,0.784605
2008-05-27T23:00:00+02:00,0.784605,0.785405,0.78029,0.7814
2008-05-28T11:00:00+02:00,0.7814,0.78229,0.77602,0.77808
2008-05-28T23:00:00+02:00,0.77808,0.778675,0.77289,0.77444
2008-05-29T11:00:00+02:00,0.77444,0.776675,0.766825,0.769635
2008-05-29T23:00:00+02:00,0.769635,0.77454,0.76933,0.77359
2008-05-30T11:00:00+02:00,0.77359,0.780615,0.7727,0.77786
2008-06-01T23:00:00+02:00,0.779015,0.78167,0.77823,0.78167
2008-06-02T11:00:00+02:00,0.78167,0.78734,0.778895,0.785905
2008-06-02T23:00:00+02:00,0.785905,0.787315,0.783035,0.78594
2008-06-03T11:00:00+02:00,0.78594,0.789485,0.784415,0.788325
2008-06-03T23:00:00+02:00,0.788325,0.793075,0.785655,0.79179
2008-06-04T11:00:00+02:00,0.79179,0.794575,0.789165,0.792565
2008-06-04T23:00:00+02:00,0.792565,0.793075,0.77605,0.77872
2008-06-05T11:00:00+02:00,0.77872,0.78287,0.77666,0.781775
2008-06-05T23:00:00+02:00,0.781775,0.7825,0.77835,0.78048
2008-06-06T11:00:00+02:00,0.78048,0.784125,0.778635,0.78279
2008-06-08T23:00:00+02:00,0.782815,0.784525,0.77973,0.78445
2008-06-09T11:00:00+02:00,0.78445,0.78532,0.77443,0.77658
2008-06-09T23:00:00+02:00,0.77658,0.7782,0.77328,0.7766
2008-06-10T11:00:00+02:00,0.7766,0.7795,0.76643,0.769395
2008-06-10T23:00:00+02:00,0.769395,0.77479,0.768335,0.77137
2008-06-11T11:00:00+02:00,0.77137,0.77284,0.76688,0.77031
2008-06-11T23:00:00+02:00,0.77031,0.772105,0.768495,0.77099
2008-06-12T11:00:00+02:00,0.77099,0.77153,0.76524,0.76785
2008-06-12T23:00:00+02:00,0.76785,0.77083,0.765145,0.76592
2008-06-13T11:00:00+02:00,0.76592,0.77258,0.763835,0.77177
2008-06-15T23:00:00+02:00,0.772405,0.77402,0.77014,0.77347
2008-06-16T11:00:00+02:00,0.77347,0.77484,0.76728,0.77132
2008-06-16T23:00:00+02:00,0.77132,0.77401,0.76969,0.77019
2008-06-17T11:00:00+02:00,0.77019,0.772995,0.765695,0.769415
2008-06-17T23:00:00+02:00,0.769415,0.77082,0.76846,0.76968
2008-06-18T11:00:00+02:00,0.76968,0.773,0.768415,0.77209
2008-06-18T23:00:00+02:00,0.77209,0.77261,0.76988,0.77103
2008-06-19T11:00:00+02:00,0.77103,0.77531,0.767655,0.77459
2008-06-19T23:00:00+02:00,0.77459,0.77519,0.77169,0.77288
2008-06-20T11:00:00+02:00,0.77288,0.77784,0.771605,0.77371
2008-06-22T23:00:00+02:00,0.77416,0.776,0.771505,0.77224
2008-06-23T11:00:00+02:00,0.77224,0.77303,0.76755,0.76983
2008-06-23T23:00:00+02:00,0.76983,0.7708,0.768195,0.7699
2008-06-24T11:00:00+02:00,0.7699,0.770375,0.766275,0.76656
2008-06-24T23:00:00+02:00,0.76656,0.769135,0.763765,0.766065
2008-06-25T11:00:00+02:00,0.766065,0.76759,0.76392,0.767295
2008-06-25T23:00:00+02:00,0.767295,0.76746,0.76288,0.764165
2008-06-26T11:00:00+02:00,0.764165,0.766795,0.762865,0.765365
2008-06-26T23:00:00+02:00,0.765365,0.770795,0.763455,0.76594
2008-06-27T11:00:00+02:00,0.76594,0.77233,0.762895,0.768965
2008-06-29T23:00:00+02:00,0.76942,0.77322,0.768285,0.77214
2008-06-30T11:00:00+02:00,0.77214,0.778645,0.77019,0.77862
2008-06-30T23:00:00+02:00,0.77862,0.77864,0.77359,0.77409
2008-07-01T11:00:00+02:00,0.77409,0.77547,0.770505,0.77452
2008-07-01T23:00:00+02:00,0.77452,0.77523,0.77283,0.77441
2008-07-02T11:00:00+02:00,0.77441,0.77587,0.7681,0.76938
2008-07-02T23:00:00+02:00,0.76938,0.77174,0.768235,0.77156
2008-07-03T11:00:00+02:00,0.77156,0.77314,0.768975,0.770215
2008-07-03T23:00:00+02:00,0.770215,0.77091,0.768235,0.76949
2008-07-04T11:00:00+02:00,0.76949,0.77483,0.766975,0.773145
2008-07-06T23:00:00+02:00,0.77389,0.77474,0.76954,0.77137
2008-07-07T11:00:00+02:00,0.77137,0.77155,0.76432,0.767445
2008-07-07T23:00:00+02:00,0.767445,0.767565,0.763415,0.76481
2008-07-08T11:00:00+02:00,0.76481,0.769025,0.76269,0.768015
2008-07-08T23:00:00+02:00,0.768015,0.76938,0.764735,0.76536
2008-07-09T11:00:00+02:00,0.76536,0.77024,0.763755,0.766885
2008-07-09T23:00:00+02:00,0.766885,0.770915,0.76348,0.764645
2008-07-10T11:00:00+02:00,0.764645,0.76745,0.764085,0.765335
2008-07-10T23:00:00+02:00,0.765335,0.76827,0.764925,0.76659
2008-07-11T11:00:00+02:00,0.76659,0.77497,0.7662,0.76845
2008-07-13T23:00:00+02:00,0.768455,0.77125,0.76301,0.76987
2008-07-14T11:00:00+02:00,0.76987,0.7703,0.7651,0.76901
2008-07-14T23:00:00+02:00,0.76901,0.77317,0.766735,0.77121
2008-07-15T11:00:00+02:00,0.77121,0.775825,0.7703,0.77392
2008-07-15T23:00:00+02:00,0.77392,0.77524,0.771735,0.77426
2008-07-16T11:00:00+02:00,0.77426,0.77462,0.77107,0.77314
2008-07-16T23:00:00+02:00,0.77314,0.77414,0.77063,0.7716
2008-07-17T11:00:00+02:00,0.7716,0.77239,0.7629,0.767645
2008-07-17T23:00:00+02:00,0.767645,0.76983,0.766455,0.76907
2008-07-18T11:00:00+02:00,0.76907,0.77055,0.76522,0.765515
2008-07-20T23:00:00+02:00,0.76609,0.767075,0.7647,0.76563
2008-07-21T11:00:00+02:00,0.76563,0.766435,0.760195,0.76147
2008-07-21T23:00:00+02:00,0.76147,0.764285,0.76075,0.763575
2008-07-22T11:00:00+02:00,0.763575,0.767495,0.762815,0.765665
2008-07-22T23:00:00+02:00,0.765665,0.770225,0.75966,0.761045
2008-07-23T11:00:00+02:00,0.761045,0.761735,0.756255,0.757375
2008-07-23T23:00:00+02:00,0.757375,0.75784,0.747705,0.750185
2008-07-24T11:00:00+02:00,0.750185,0.75403,0.747045,0.75394
2008-07-24T23:00:00+02:00,0.75394,0.755785,0.751275,0.755695
2008-07-25T11:00:00+02:00,0.755695,0.758445,0.753255,0.75642
2008-07-27T23:00:00+02:00,0.756825,0.75841,0.75544,0.75733
2008-07-28T11:00:00+02:00,0.75733,0.763115,0.757235,0.761455
2008-07-28T23:00:00+02:00,0.761455,0.763175,0.755535,0.75694
2008-07-29T11:00:00+02:00,0.75694,0.759165,0.753435,0.757645
2008-07-29T23:00:00+02:00,0.757645,0.758095,0.750895,0.751955
2008-07-30T11:00:00+02:00,0.751955,0.753025,0.748945,0.751165
2008-07-30T23:00:00+02:00,0.751165,0.75255,0.74818,0.750295
2008-07-31T11:00:00+02:00,0.750295,0.754805,0.748595,0.75253
2008-07-31T23:00:00+02:00,0.75253,0.75253,0.743515,0.74763
2008-08-01T11:00:00+02:00,0.74763,0.749075,0.743395,0.74711
2008-08-03T23:00:00+02:00,0.74821,0.750925,0.746825,0.750745
2008-08-04T11:00:00+02:00,0.750745,0.757795,0.750335,0.75631
2008-08-04T23:00:00+02:00,0.75631,0.75718,0.75274,0.752925
2008-08-05T11:00:00+02:00,0.752925,0.758775,0.75167,0.758245
2008-08-05T23:00:00+02:00,0.758245,0.758565,0.754075,0.754765
2008-08-06T11:00:00+02:00,0.754765,0.755705,0.75136,0.7529
2008-08-06T23:00:00+02:00,0.7529,0.75607,0.750265,0.751195
2008-08-07T11:00:00+02:00,0.751195,0.753655,0.749325,0.75219
2008-08-07T23:00:00+02:00,0.75219,0.75313,0.737555,0.740715
2008-08-08T11:00:00+02:00,0.740715,0.753845,0.74012,0.75128
2008-08-10T23:00:00+02:00,0.7486,0.753915,0.744755,0.751115
2008-08-11T11:00:00+02:00,0.751115,0.752445,0.746085,0.74777
2008-08-11T23:00:00+02:00,0.74777,0.74834,0.742545,0.746085
2008-08-12T11:00:00+02:00,0.746085,0.74708,0.740065,0.740205
2008-08-12T23:00:00+02:00,0.740205,0.74167,0.728115,0.74142
2008-08-13T11:00:00+02:00,0.74142,0.749685,0.74082,0.74725
2008-08-13T23:00:00+02:00,0.74725,0.74783,0.741385,0.746525
2008-08-14T11:00:00+02:00,0.746525,0.747975,0.74237,0.744645
2008-08-14T23:00:00+02:00,0.744645,0.747195,0.741445,0.74276
2008-08-15T11:00:00+02:00,0.74276,0.750925,0.741135,0.74789
2008-08-17T23:00:00+02:00,0.74818,0.752875,0.7453,0.752685
2008-08-18T11:00:00+02:00,0.752685,0.757785,0.751935,0.755795
2008-08-18T23:00:00+02:00,0.755795,0.756935,0.75046,0.751945
2008-08-19T11:00:00+02:00,0.751945,0.759645,0.751625,0.75684
2008-08-19T23:00:00+02:00,0.75684,0.75989,0.75602,0.757945
2008-08-20T11:00:00+02:00,0.757945,0.758455,0.752005,0.755845
2008-08-20T23:00:00+02:00,0.755845,0.757365,0.753505,0.7547
2008-08-21T11:00:00+02:00,0.7547,0.755535,0.749915,0.75168
2008-08-21T23:00:00+02:00,0.75168,0.75327,0.74421,0.74493
2008-08-22T11:00:00+02:00,0.74493,0.748035,0.740655,0.74213
2008-08-24T23:00:00+02:00,0.742575,0.744035,0.73928,0.74045
2008-08-25T11:00:00+02:00,0.74045,0.74297,0.73915,0.73981
2008-08-25T23:00:00+02:00,0.73981,0.74119,0.725615,0.72918
2008-08-26T11:00:00+02:00,0.72918,0.73166,0.72317,0.73133
2008-08-26T23:00:00+02:00,0.73133,0.73505,0.72807,0.73375
2008-08-27T11:00:00+02:00,0.73375,0.736085,0.73105,0.73407
2008-08-27T23:00:00+02:00,0.73407,0.73875,0.73359,0.73775
2008-08-28T11:00:00+02:00,0.73775,0.74248,0.735035,0.737835
2008-08-28T23:00:00+02:00,0.737835,0.741365,0.73661,0.73971
2008-08-29T11:00:00+02:00,0.73971,0.746225,0.73813,0.74543
2008-08-31T23:00:00+02:00,0.743785,0.74504,0.739385,0.743635
2008-09-01T11:00:00+02:00,0.743635,0.744625,0.7409,0.74254
2008-09-01T23:00:00+02:00,0.74254,0.743565,0.73059,0.73194
2008-09-02T11:00:00+02:00,0.73194,0.7361,0.72833,0.73307
2008-09-02T23:00:00+02:00,0.73307,0.733955,0.72167,0.72634
2008-09-03T11:00:00+02:00,0.72634,0.7344,0.72396,0.727955
2008-09-03T23:00:00+02:00,0.727955,0.728025,0.72212,0.72644
2008-09-04T11:00:00+02:00,0.72644,0.72971,0.71561,0.71972
2008-09-04T23:00:00+02:00,0.71972,0.71986,0.70637,0.712445
2008-09-05T11:00:00+02:00,0.712445,0.7131,0.705515,0.710385
2008-09-07T23:00:00+02:00,0.716375,0.723765,0.71576,0.719945
2008-09-08T11:00:00+02:00,0.719945,0.720075,0.71097,0.715165
2008-09-08T23:00:00+02:00,0.715165,0.71609,0.705645,0.71545
2008-09-09T11:00:00+02:00,0.71545,0.721605,0.71316,0.715855
2008-09-09T23:00:00+02:00,0.715855,0.71758,0.711735,0.71415
2008-09-10T11:00:00+02:00,0.71415,0.718135,0.708575,0.71037
2008-09-10T23:00:00+02:00,0.71037,0.71121,0.692745,0.693865
2008-09-11T11:00:00+02:00,0.693865,0.705615,0.692585,0.705165
2008-09-11T23:00:00+02:00,0.705165,0.706645,0.69743,0.70444
2008-09-12T11:00:00+02:00,0.70444,0.71109,0.69875,0.708275
2008-09-14T23:00:00+02:00,0.706945,0.71336,0.703845,0.706295
2008-09-15T11:00:00+02:00,0.706295,0.70922,0.70049,0.70594
2008-09-15T23:00:00+02:00,0.70594,0.70718,0.694065,0.695725
2008-09-16T11:00:00+02:00,0.695725,0.708795,0.69524,0.70538
2008-09-16T23:00:00+02:00,0.70538,0.71313,0.701245,0.70218
2008-09-17T11:00:00+02:00,0.70218,0.714335,0.697565,0.70962
2008-09-17T23:00:00+02:00,0.70962,0.719305,0.70389,0.717
2008-09-18T11:00:00+02:00,0.717,0.72373,0.714435,0.717865
2008-09-18T23:00:00+02:00,0.717865,0.718695,0.71186,0.71725
2008-09-19T11:00:00+02:00,0.71725,0.728965,0.713775,0.719995
2008-09-21T23:00:00+02:00,0.72278,0.72416,0.715115,0.72062
2008-09-22T11:00:00+02:00,0.72062,0.7245,0.712735,0.713235
2008-09-22T23:00:00+02:00,0.713235,0.716255,0.70958,0.713455
2008-09-23T11:00:00+02:00,0.713455,0.71622,0.70416,0.707285
2008-09-23T23:00:00+02:00,0.707285,0.710325,0.702365,0.710065
2008-09-24T11:00:00+02:00,0.710065,0.71175,0.706545,0.70941
2008-09-24T23:00:00+02:00,0.70941,0.714465,0.708255,0.713345
2008-09-25T11:00:00+02:00,0.713345,0.71477,0.703135,0.705705
2008-09-25T23:00:00+02:00,0.705705,0.71122,0.701905,0.708925
2008-09-26T11:00:00+02:00,0.708925,0.71281,0.706795,0.70898
2008-09-28T23:00:00+02:00,0.70806,0.71285,0.703495,0.705525
2008-09-29T11:00:00+02:00,0.705525,0.706645,0.697985,0.702835
2008-09-29T23:00:00+02:00,0.702835,0.711805,0.69636,0.709795
2008-09-30T11:00:00+02:00,0.709795,0.71669,0.70484,0.71298
2008-09-30T23:00:00+02:00,0.71298,0.71798,0.709015,0.714595
2008-10-01T11:00:00+02:00,0.714595,0.72002,0.711375,0.712595
2008-10-01T23:00:00+02:00,0.712595,0.717575,0.70599,0.71069
2008-10-02T11:00:00+02:00,0.71069,0.71722,0.707155,0.708825
2008-10-02T23:00:00+02:00,0.708825,0.7192,0.707195,0.71575
2008-10-03T11:00:00+02:00,0.71575,0.72071,0.711225,0.716455
2008-10-05T23:00:00+02:00,0.714065,0.71542,0.703195,0.70699
2008-10-06T11:00:00+02:00,0.70699,0.70705,0.67899,0.699455
2008-10-06T23:00:00+02:00,0.699455,0.70538,0.676925,0.694755
2008-10-07T11:00:00+02:00,0.694755,0.707035,0.68826,0.6895
2008-10-07T23:00:00+02:00,0.6895,0.69548,0.669285,0.672275
2008-10-08T11:00:00+02:00,0.672275,0.688245,0.643335,0.67799
2008-10-08T23:00:00+02:00,0.67799,0.701565,0.66603,0.69666
2008-10-09T11:00:00+02:00,0.69666,0.71165,0.68984,0.698575
2008-10-09T23:00:00+02:00,0.698575,0.699145,0.682665,0.69733
2008-10-10T11:00:00+02:00,0.69733,0.723795,0.684775,0.69732
2008-10-15T11:00:00+02:00,0.69735,0.72305,0.69735,0.71385
2008-10-15T23:00:00+02:00,0.71385,0.73625,0.70365,0.73105
2008-10-16T11:00:00+02:00,0.73105,0.73625,0.71655,0.72715
2008-10-16T23:00:00+02:00,0.72715,0.73375,0.71975,0.72505
2008-10-17T11:00:00+02:00,0.72505,0.73285,0.72175,0.72525
2008-10-19T23:00:00+02:00,0.72745,0.73195,0.71685,0.73045
2008-10-20T11:00:00+02:00,0.73045,0.74745,0.72345,0.74175
2008-10-20T23:00:00+02:00,0.74175,0.74255,0.73055,0.73565
2008-10-21T11:00:00+02:00,0.73565,0.75145,0.73385,0.73485
2008-10-21T23:00:00+02:00,0.73485,0.74385,0.73295,0.74285
2008-10-22T11:00:00+02:00,0.74285,0.75045,0.72915,0.74215
2008-10-22T23:00:00+02:00,0.74215,0.75805,0.73705,0.74445
2008-10-23T11:00:00+02:00,0.74445,0.75185,0.72925,0.74265
2008-10-23T23:00:00+02:00,0.74265,0.75315,0.71795,0.72325
2008-10-24T11:00:00+02:00,0.72325,0.72615,0.69265,0.71
2008-10-26T22:00:00+01:00,0.71,0.71535,0.68835,0.69275
2008-10-27T10:00:00+01:00,0.69275,0.70515,0.69095,0.7012
2008-10-27T22:00:00+01:00,0.7012,0.7156,0.7003,0.70635
2008-10-28T10:00:00+01:00,0.70635,0.72905,0.70565,0.7184
2008-10-28T22:00:00+01:00,0.7184,0.73915,0.7184,0.7265
2008-10-29T10:00:00+01:00,0.7265,0.7287,0.7141,0.7162
2008-10-29T22:00:00+01:00,0.7162,0.72015,0.70645,0.70955
2008-10-30T10:00:00+01:00,0.70955,0.72285,0.70465,0.71045
2008-10-30T22:00:00+01:00,0.71045,0.71685,0.70335,0.7145
2008-10-31T10:00:00+01:00,0.7145,0.7192,0.6979,0.7064
2008-11-02T23:00:00+01:00,0.7079,0.7137,0.7055,0.7059
2008-11-03T11:00:00+01:00,0.7059,0.7112,0.6955,0.6987
2008-11-03T23:00:00+01:00,0.6987,0.7066,0.6937,0.70055
2008-11-04T11:00:00+01:00,0.70055,0.7113,0.694,0.6969
2008-11-04T23:00:00+01:00,0.6969,0.70195,0.69065,0.69425
2008-11-05T11:00:00+01:00,0.69425,0.70785,0.69065,0.69645
2008-11-05T23:00:00+01:00,0.69645,0.7042,0.69245,0.7021
2008-11-06T11:00:00+01:00,0.7021,0.7083,0.6954,0.7024
2008-11-06T23:00:00+01:00,0.7024,0.7076,0.695,0.7037
2008-11-07T11:00:00+01:00,0.7037,0.7074,0.6887,0.7033
2008-11-09T23:00:00+01:00,0.7034,0.7085,0.6994,0.7015
2008-11-10T11:00:00+01:00,0.7015,0.7152,0.6905,0.6929
2008-11-10T23:00:00+01:00,0.6929,0.7039,0.6927,0.6958
2008-11-11T11:00:00+01:00,0.6958,0.6986,0.6854,0.6908
2008-11-11T23:00:00+01:00,0.6908,0.6978,0.6884,0.695
2008-11-12T11:00:00+01:00,0.695,0.6997,0.6856,0.6954
2008-11-12T23:00:00+01:00,0.6954,0.6968,0.6871,0.6895
2008-11-13T11:00:00+01:00,0.6895,0.7,0.6832,0.69245
2008-11-13T23:00:00+01:00,0.69245,0.69745,0.6792,0.683
2008-11-14T11:00:00+01:00,0.683,0.6911,0.67835,0.68505
2008-11-16T23:00:00+01:00,0.67758,0.69017,0.67735,0.68787
2008-11-17T11:00:00+01:00,0.68787,0.69012,0.67292,0.67507
2008-11-17T23:00:00+01:00,0.67507,0.68037,0.67422,0.67712
2008-11-18T11:00:00+01:00,0.67712,0.6817,0.67055,0.68047
2008-11-18T23:00:00+01:00,0.68047,0.6817,0.67365,0.67811
2008-11-19T11:00:00+01:00,0.67811,0.6858,0.67553,0.67945
2008-11-19T23:00:00+01:00,0.67945,0.68177,0.66985,0.67632
2008-11-20T11:00:00+01:00,0.67632,0.68763,0.67136,0.67713
2008-11-20T23:00:00+01:00,0.67713,0.68492,0.67294,0.68135
2008-11-21T11:00:00+01:00,0.68135,0.6874,0.67207,0.68027
2008-11-23T23:00:00+01:00,0.6828,0.68352,0.67105,0.67677
2008-11-24T11:00:00+01:00,0.67677,0.68357,0.66825,0.67687
2008-11-24T23:00:00+01:00,0.67687,0.67944,0.6653,0.66959
2008-11-25T11:00:00+01:00,0.66959,0.67809,0.66285,0.67104
2008-11-25T23:00:00+01:00,0.67104,0.67756,0.66856,0.671485
2008-11-26T11:00:00+01:00,0.671485,0.683595,0.670775,0.68093
2008-11-26T23:00:00+01:00,0.68093,0.68165,0.67114,0.67797
2008-11-27T11:00:00+01:00,0.67797,0.68482,0.67375,0.67864
2008-11-27T23:00:00+01:00,0.67864,0.6852,0.67849,0.68145
2008-11-28T11:00:00+01:00,0.68145,0.68384,0.67626,0.68068
2008-11-30T23:00:00+01:00,0.67583,0.67812,0.663515,0.666715
2008-12-01T11:00:00+01:00,0.666715,0.669325,0.655725,0.66174
2008-12-01T23:00:00+01:00,0.66174,0.66233,0.65426,0.66172
2008-12-02T11:00:00+01:00,0.66172,0.66927,0.65795,0.66278
2008-12-02T23:00:00+01:00,0.66278,0.66735,0.65866,0.66247
2008-12-03T11:00:00+01:00,0.66247,0.67332,0.66025,0.6667
2008-12-03T23:00:00+01:00,0.6667,0.67622,0.66455,0.67558
2008-12-04T11:00:00+01:00,0.67558,0.68295,0.6713,0.67993
2008-12-04T23:00:00+01:00,0.67993,0.68255,0.67725,0.67833
2008-12-05T11:00:00+01:00,0.67833,0.684525,0.674925,0.67783
2008-12-07T23:00:00+01:00,0.68251,0.68539,0.67567,0.68065
2008-12-08T11:00:00+01:00,0.68065,0.68854,0.67414,0.68436
2008-12-08T23:00:00+01:00,0.68436,0.68486,0.67276,0.678
2008-12-09T11:00:00+01:00,0.678,0.690155,0.67645,0.68465
2008-12-09T23:00:00+01:00,0.68465,0.6903,0.68007,0.68713
2008-12-10T11:00:00+01:00,0.68713,0.69243,0.68041,0.6837
2008-12-10T23:00:00+01:00,0.6837,0.68772,0.68257,0.68735
2008-12-11T11:00:00+01:00,0.68735,0.69212,0.67379,0.68232
2008-12-11T23:00:00+01:00,0.68232,0.684875,0.67519,0.681025
2008-12-12T11:00:00+01:00,0.681025,0.684515,0.673455,0.68317
2008-12-14T23:00:00+01:00,0.68195,0.686205,0.67617,0.684365
2008-12-15T11:00:00+01:00,0.684365,0.689155,0.675795,0.68399
2008-12-15T23:00:00+01:00,0.68399,0.69121,0.68142,0.69025
2008-12-16T11:00:00+01:00,0.69025,0.70006,0.68623,0.69531
2008-12-16T23:00:00+01:00,0.69531,0.70514,0.69308,0.70396
2008-12-17T11:00:00+01:00,0.70396,0.71665,0.69799,0.70616
2008-12-17T23:00:00+01:00,0.70616,0.72244,0.70373,0.71639
2008-12-18T11:00:00+01:00,0.71639,0.7198,0.69896,0.70294
2008-12-18T23:00:00+01:00,0.70294,0.71733,0.69713,0.71344
2008-12-19T11:00:00+01:00,0.71344,0.71727,0.69789,0.69813
2008-12-21T23:00:00+01:00,0.69978,0.70432,0.69679,0.69961
2008-12-22T11:00:00+01:00,0.69961,0.7034,0.69031,0.69915
2008-12-22T23:00:00+01:00,0.69915,0.702215,0.69651,0.698405
2008-12-23T11:00:00+01:00,0.698405,0.699435,0.686255,0.69197
2008-12-23T23:00:00+01:00,0.69197,0.70196,0.69012,0.69884
2008-12-24T11:00:00+01:00,0.69884,0.70198,0.69403,0.6984
2008-12-24T23:00:00+01:00,0.6984,0.70135,0.69267,0.6973
2008-12-25T23:00:00+01:00,0.6973,0.70349,0.6973,0.70192
2008-12-26T11:00:00+01:00,0.70192,0.70773,0.69911,0.70313
2008-12-28T23:00:00+01:00,0.70783,0.71045,0.69604,0.70937
2008-12-29T11:00:00+01:00,0.70937,0.71446,0.69968,0.70294
2008-12-29T23:00:00+01:00,0.70294,0.7187,0.70203,0.71288
2008-12-30T11:00:00+01:00,0.71288,0.71488,0.70292,0.70336
2008-12-30T23:00:00+01:00,0.70336,0.70999,0.69965,0.70556
2008-12-31T11:00:00+01:00,0.70556,0.7231,0.69795,0.70682
2008-12-31T23:00:00+01:00,0.70682,0.70793,0.70682,0.70778
2009-01-01T11:00:00+01:00,0.70778,0.7108,0.70629,0.70967
2009-01-01T23:00:00+01:00,0.70967,0.7135,0.70345,0.70773
2009-01-02T11:00:00+01:00,0.70773,0.7139,0.70405,0.70607
2009-01-04T23:00:00+01:00,0.7094,0.71704,0.7049,0.710185
2009-01-05T11:00:00+01:00,0.710185,0.713335,0.698115,0.70132
2009-01-05T23:00:00+01:00,0.70132,0.70343,0.695495,0.696715
2009-01-06T11:00:00+01:00,0.696715,0.709865,0.693575,0.708675
2009-01-06T23:00:00+01:00,0.708675,0.70937,0.70243,0.70568
2009-01-07T11:00:00+01:00,0.70568,0.71379,0.70367,0.70646
2009-01-07T23:00:00+01:00,0.70646,0.707965,0.698855,0.707175
2009-01-08T11:00:00+01:00,0.707175,0.711095,0.699535,0.703585
2009-01-08T23:00:00+01:00,0.703585,0.7051,0.69795,0.70038
2009-01-09T11:00:00+01:00,0.70038,0.70948,0.69893,0.70314
2009-01-11T23:00:00+01:00,0.70019,0.70211,0.6964,0.697275
2009-01-12T11:00:00+01:00,0.697275,0.706455,0.690175,0.70148
2009-01-12T23:00:00+01:00,0.70148,0.70155,0.676165,0.678045
2009-01-13T11:00:00+01:00,0.678045,0.682425,0.671525,0.67745
2009-01-13T23:00:00+01:00,0.67745,0.67925,0.66985,0.67008
2009-01-14T11:00:00+01:00,0.67008,0.67777,0.66433,0.67765
2009-01-14T23:00:00+01:00,0.67765,0.67973,0.6639,0.66438
2009-01-15T11:00:00+01:00,0.66438,0.67613,0.66375,0.67335
2009-01-15T23:00:00+01:00,0.67335,0.68533,0.67239,0.679225
2009-01-16T11:00:00+01:00,0.679225,0.684805,0.674805,0.67976
2009-01-18T23:00:00+01:00,0.6841,0.68772,0.68073,0.68283
2009-01-19T11:00:00+01:00,0.68283,0.68538,0.67243,0.67271
2009-01-19T23:00:00+01:00,0.67271,0.67509,0.66759,0.67058
2009-01-20T11:00:00+01:00,0.67058,0.67174,0.65658,0.66125
2009-01-20T23:00:00+01:00,0.66125,0.66915,0.65396,0.660505
2009-01-21T11:00:00+01:00,0.660505,0.673365,0.655535,0.6673
2009-01-21T23:00:00+01:00,0.6673,0.67257,0.66018,0.66864
2009-01-22T11:00:00+01:00,0.66864,0.67015,0.65949,0.66088
2009-01-22T23:00:00+01:00,0.66088,0.66536,0.655125,0.655805
2009-01-23T11:00:00+01:00,0.655805,0.66028,0.64917,0.65109
2009-01-25T23:00:00+01:00,0.65303,0.65593,0.63912,0.63942
2009-01-26T11:00:00+01:00,0.63942,0.65042,0.63901,0.64382
2009-01-26T23:00:00+01:00,0.64382,0.65185,0.64328,0.64793
2009-01-27T11:00:00+01:00,0.64793,0.65236,0.64605,0.65056
2009-01-27T23:00:00+01:00,0.65056,0.65246,0.642795,0.644145
2009-01-28T11:00:00+01:00,0.644145,0.650355,0.63247,0.63484
2009-01-28T23:00:00+01:00,0.63484,0.63788,0.62563,0.62842
2009-01-29T11:00:00+01:00,0.62842,0.63494,0.62605,0.63072
2009-01-29T23:00:00+01:00,0.63072,0.6319,0.62385,0.62998
2009-01-30T11:00:00+01:00,0.62998,0.63186,0.6218,0.62573
2009-02-01T23:00:00+01:00,0.6248,0.62619,0.614785,0.616245
2009-02-02T11:00:00+01:00,0.616245,0.629825,0.616175,0.62737
2009-02-02T23:00:00+01:00,0.62737,0.6353,0.62448,0.628545
2009-02-03T11:00:00+01:00,0.628545,0.635515,0.626275,0.63182
2009-02-03T23:00:00+01:00,0.63182,0.63357,0.62304,0.628375
2009-02-04T11:00:00+01:00,0.628375,0.630655,0.622285,0.62552
2009-02-04T23:00:00+01:00,0.62552,0.631575,0.62347,0.629875
2009-02-05T11:00:00+01:00,0.629875,0.63963,0.62658,0.63706
2009-02-05T23:00:00+01:00,0.63706,0.647445,0.63172,0.646235
2009-02-06T11:00:00+01:00,0.646235,0.65972,0.643025,0.64841
2009-02-08T23:00:00+01:00,0.64875,0.65324,0.64013,0.65124
2009-02-09T11:00:00+01:00,0.65124,0.665045,0.65031,0.65582
2009-02-09T23:00:00+01:00,0.65582,0.65928,0.64999,0.65562
2009-02-10T11:00:00+01:00,0.65562,0.65859,0.64659,0.65095
2009-02-10T23:00:00+01:00,0.65095,0.65517,0.64853,0.65209
2009-02-11T11:00:00+01:00,0.65209,0.65973,0.64878,0.651095
2009-02-11T23:00:00+01:00,0.651095,0.65943,0.64402,0.64502
2009-02-12T11:00:00+01:00,0.64502,0.65311,0.643,0.64612
2009-02-12T23:00:00+01:00,0.64612,0.656365,0.64607,0.649015
2009-02-13T11:00:00+01:00,0.649015,0.656085,0.64491,0.64587
2009-02-15T23:00:00+01:00,0.64633,0.64899,0.6431,0.64421
2009-02-16T11:00:00+01:00,0.64421,0.6488,0.64181,0.64283
2009-02-16T23:00:00+01:00,0.64283,0.64693,0.635,0.64329
2009-02-17T11:00:00+01:00,0.64329,0.6462,0.64052,0.64205
2009-02-17T23:00:00+01:00,0.64205,0.64886,0.63958,0.6438
2009-02-18T11:00:00+01:00,0.6438,0.64723,0.63953,0.64183
2009-02-18T23:00:00+01:00,0.64183,0.64618,0.64154,0.64494
2009-02-19T11:00:00+01:00,0.64494,0.64867,0.63951,0.63968
2009-02-19T23:00:00+01:00,0.63968,0.64096,0.63208,0.635065
2009-02-20T11:00:00+01:00,0.635065,0.64512,0.634685,0.6408
2009-02-22T23:00:00+01:00,0.63744,0.64331,0.63574,0.63918
2009-02-23T11:00:00+01:00,0.63918,0.64338,0.63422,0.6346
2009-02-23T23:00:00+01:00,0.6346,0.64266,0.6322,0.64025
2009-02-24T11:00:00+01:00,0.64025,0.64152,0.63179,0.63832
2009-02-24T23:00:00+01:00,0.63832,0.64583,0.63662,0.64204
2009-02-25T11:00:00+01:00,0.64204,0.64492,0.63775,0.64048
2009-02-25T23:00:00+01:00,0.64048,0.64229,0.63728,0.64036
2009-02-26T11:00:00+01:00,0.64036,0.64086,0.63388,0.63731
2009-02-26T23:00:00+01:00,0.63731,0.6378,0.63129,0.6331
2009-02-27T11:00:00+01:00,0.6331,0.6403,0.63035,0.63931
2009-03-01T23:00:00+01:00,0.63781,0.63813,0.62805,0.632975
2009-03-02T11:00:00+01:00,0.632975,0.638045,0.632365,0.63726
2009-03-02T23:00:00+01:00,0.63726,0.64515,0.63502,0.64133
2009-03-03T11:00:00+01:00,0.64133,0.64708,0.63894,0.63974
2009-03-03T23:00:00+01:00,0.63974,0.64737,0.63336,0.64504
2009-03-04T11:00:00+01:00,0.64504,0.64876,0.64266,0.64364
2009-03-04T23:00:00+01:00,0.64364,0.64454,0.64032,0.64257
2009-03-05T11:00:00+01:00,0.64257,0.64676,0.63999,0.6437
2009-03-05T23:00:00+01:00,0.6437,0.64728,0.64112,0.64434
2009-03-06T11:00:00+01:00,0.64434,0.65099,0.64256,0.64675
2009-03-08T22:00:00+01:00,0.64649,0.65063,0.6447,0.6458
2009-03-09T10:00:00+01:00,0.6458,0.64876,0.63896,0.64139
2009-03-09T22:00:00+01:00,0.64139,0.64514,0.63911,0.64158
2009-03-10T10:00:00+01:00,0.64158,0.64707,0.64035,0.64362
2009-03-10T22:00:00+01:00,0.64362,0.64853,0.63969,0.644615
2009-03-11T10:00:00+01:00,0.644615,0.66007,0.643905,0.65993
2009-03-11T22:00:00+01:00,0.65993,0.66221,0.65563,0.65685
2009-03-12T10:00:00+01:00,0.65685,0.66933,0.65574,0.66501
2009-03-12T22:00:00+01:00,0.66501,0.67192,0.66234,0.67153
2009-03-13T10:00:00+01:00,0.67153,0.67245,0.66336,0.66774
2009-03-15T22:00:00+01:00,0.66528,0.670355,0.66474,0.669545
2009-03-16T10:00:00+01:00,0.669545,0.677775,0.668445,0.67405
2009-03-16T22:00:00+01:00,0.67405,0.67638,0.67218,0.67418
2009-03-17T10:00:00+01:00,0.67418,0.67766,0.67039,0.67392
2009-03-17T22:00:00+01:00,0.67392,0.67458,0.66883,0.66983
2009-03-18T10:00:00+01:00,0.66983,0.6823,0.66819,0.67905
2009-03-18T22:00:00+01:00,0.67905,0.68188,0.67372,0.67643
2009-03-19T10:00:00+01:00,0.67643,0.69193,0.67362,0.686095
2009-03-19T22:00:00+01:00,0.686095,0.69537,0.685515,0.69292
2009-03-20T10:00:00+01:00,0.69292,0.696195,0.68905,0.69322
2009-03-22T22:00:00+01:00,0.6936,0.69982,0.69294,0.698855
2009-03-23T10:00:00+01:00,0.698855,0.703035,0.697195,0.69848
2009-03-23T22:00:00+01:00,0.69848,0.70158,0.69358,0.69768
2009-03-24T10:00:00+01:00,0.69768,0.698925,0.69003,0.69368
2009-03-24T22:00:00+01:00,0.69368,0.69385,0.685385,0.688805
2009-03-25T10:00:00+01:00,0.688805,0.70103,0.687135,0.69739
2009-03-25T22:00:00+01:00,0.69739,0.71311,0.69647,0.71282
2009-03-26T10:00:00+01:00,0.71282,0.714915,0.70598,0.70784
2009-03-26T22:00:00+01:00,0.70784,0.71143,0.70375,0.705845
2009-03-27T10:00:00+01:00,0.705845,0.709275,0.703205,0.70783
2009-03-29T23:00:00+02:00,0.70454,0.70753,0.699145,0.701385
2009-03-30T11:00:00+02:00,0.701385,0.711985,0.697975,0.7113
2009-03-30T23:00:00+02:00,0.7113,0.716475,0.70732,0.713695
2009-03-31T11:00:00+02:00,0.713695,0.721395,0.70459,0.705
2009-03-31T23:00:00+02:00,0.705,0.70958,0.70173,0.70385
2009-04-01T11:00:00+02:00,0.70385,0.718535,0.7037,0.7154
2009-04-01T23:00:00+02:00,0.7154,0.718115,0.709675,0.716725
2009-04-02T11:00:00+02:00,0.716725,0.722255,0.71407,0.715
2009-04-02T23:00:00+02:00,0.715,0.72974,0.71463,0.72613
2009-04-03T11:00:00+02:00,0.72613,0.72878,0.71402,0.72054
2009-04-05T23:00:00+02:00,0.7212,0.73225,0.721,0.72765
2009-04-06T11:00:00+02:00,0.72765,0.73195,0.72458,0.72847
2009-04-06T23:00:00+02:00,0.72847,0.72936,0.71652,0.71725
2009-04-07T11:00:00+02:00,0.71725,0.72058,0.70974,0.71251
2009-04-07T23:00:00+02:00,0.71251,0.71354,0.70825,0.71058
2009-04-08T11:00:00+02:00,0.71058,0.71685,0.70923,0.71684
2009-04-08T23:00:00+02:00,0.71684,0.72103,0.71426,0.716
2009-04-09T11:00:00+02:00,0.716,0.71613,0.71134,0.7137
2009-04-09T23:00:00+02:00,0.7137,0.71578,0.7124,0.7149
2009-04-10T11:00:00+02:00,0.7149,0.71668,0.71395,0.71475
2009-04-12T23:00:00+02:00,0.71995,0.71998,0.71593,0.71818
2009-04-13T11:00:00+02:00,0.71818,0.72341,0.71406,0.72278
2009-04-13T23:00:00+02:00,0.72278,0.72375,0.717185,0.718615
2009-04-14T11:00:00+02:00,0.718615,0.719695,0.70682,0.70877
2009-04-14T23:00:00+02:00,0.70877,0.70929,0.70018,0.706095
2009-04-15T11:00:00+02:00,0.706095,0.706745,0.691405,0.69937
2009-04-15T23:00:00+02:00,0.69937,0.70084,0.684895,0.687265
2009-04-16T11:00:00+02:00,0.687265,0.693525,0.684905,0.69141
2009-04-16T23:00:00+02:00,0.69141,0.69562,0.69117,0.69497
2009-04-17T11:00:00+02:00,0.69497,0.69548,0.685605,0.68896
2009-04-19T23:00:00+02:00,0.6902,0.69403,0.6867,0.68705
2009-04-20T11:00:00+02:00,0.68705,0.69233,0.67896,0.68457
2009-04-20T23:00:00+02:00,0.68457,0.69231,0.68376,0.68959
2009-04-21T11:00:00+02:00,0.68959,0.69869,0.68525,0.69696
2009-04-21T23:00:00+02:00,0.69696,0.69769,0.68692,0.68736
2009-04-22T11:00:00+02:00,0.68736,0.692865,0.68704,0.68846
2009-04-22T23:00:00+02:00,0.68846,0.69293,0.68622,0.691155
2009-04-23T11:00:00+02:00,0.691155,0.693955,0.683665,0.687055
2009-04-23T23:00:00+02:00,0.687055,0.693715,0.685755,0.692175
2009-04-24T11:00:00+02:00,0.692175,0.69573,0.688565,0.69243
2009-04-26T23:00:00+02:00,0.6901,0.69048,0.68338,0.68996
2009-04-27T11:00:00+02:00,0.68996,0.6946,0.68504,0.69073
2009-04-27T23:00:00+02:00,0.69073,0.69078,0.67557,0.680265
2009-04-28T11:00:00+02:00,0.680265,0.68631,0.678385,0.681545
2009-04-28T23:00:00+02:00,0.681545,0.68882,0.679435,0.68624
2009-04-29T11:00:00+02:00,0.68624,0.69548,0.6849,0.6891
2009-04-29T23:00:00+02:00,0.6891,0.68931,0.67525,0.67975
2009-04-30T11:00:00+02:00,0.67975,0.68063,0.67285,0.67399
2009-04-30T23:00:00+02:00,0.67399,0.67902,0.67153,0.67617
2009-05-01T11:00:00+02:00,0.67617,0.68077,0.673505,0.67503
2009-05-03T23:00:00+02:00,0.68,0.68162,0.67673,0.678875
2009-05-04T11:00:00+02:00,0.678875,0.680955,0.673385,0.67533
2009-05-04T23:00:00+02:00,0.67533,0.680555,0.67355,0.679565
2009-05-05T11:00:00+02:00,0.679565,0.686615,0.679565,0.68203
2009-05-05T23:00:00+02:00,0.68203,0.686285,0.67892,0.685225
2009-05-06T11:00:00+02:00,0.685225,0.688435,0.67931,0.68042
2009-05-06T23:00:00+02:00,0.68042,0.69527,0.67951,0.69506
2009-05-07T11:00:00+02:00,0.69506,0.69868,0.6907,0.69149
2009-05-07T23:00:00+02:00,0.69149,0.697385,0.69144,0.69412
2009-05-08T11:00:00+02:00,0.69412,0.69742,0.68597,0.69396
2009-05-10T23:00:00+02:00,0.69415,0.70385,0.69277,0.69783
2009-05-11T11:00:00+02:00,0.69783,0.70437,0.69437,0.70037
2009-05-11T23:00:00+02:00,0.70037,0.704565,0.69543,0.702745
2009-05-12T11:00:00+02:00,0.702745,0.707085,0.700445,0.70448
2009-05-12T23:00:00+02:00,0.70448,0.70663,0.698755,0.699785
2009-05-13T11:00:00+02:00,0.699785,0.700485,0.690795,0.69499
2009-05-13T23:00:00+02:00,0.69499,0.69745,0.69218,0.69659
2009-05-14T11:00:00+02:00,0.69659,0.70048,0.68979,0.69772
2009-05-14T23:00:00+02:00,0.69772,0.6991,0.690115,0.690885
2009-05-15T11:00:00+02:00,0.690885,0.693695,0.688135,0.68902
2009-05-17T23:00:00+02:00,0.69,0.69213,0.68675,0.68902
2009-05-18T11:00:00+02:00,0.68902,0.69294,0.6859,0.69251
2009-05-18T23:00:00+02:00,0.69251,0.699285,0.69083,0.698895
2009-05-19T11:00:00+02:00,0.698895,0.701065,0.69489,0.69553
2009-05-19T23:00:00+02:00,0.69553,0.69697,0.69237,0.69647
2009-05-20T11:00:00+02:00,0.69647,0.69986,0.6893,0.69158
2009-05-20T23:00:00+02:00,0.69158,0.69509,0.68899,0.6893
2009-05-21T11:00:00+02:00,0.6893,0.69502,0.68835,0.69498
2009-05-21T23:00:00+02:00,0.69498,0.70002,0.69333,0.698375
2009-05-22T11:00:00+02:00,0.698375,0.700915,0.69272,0.69435
2009-05-24T23:00:00+02:00,0.69056,0.6977,0.6891,0.69585
2009-05-25T11:00:00+02:00,0.69585,0.69881,0.69527,0.6976
2009-05-25T23:00:00+02:00,0.6976,0.698305,0.693805,0.695075
2009-05-26T11:00:00+02:00,0.695075,0.69951,0.690165,0.69721
2009-05-26T23:00:00+02:00,0.69721,0.69821,0.688465,0.689135
2009-05-27T11:00:00+02:00,0.689135,0.693465,0.688,0.69029
2009-05-27T23:00:00+02:00,0.69029,0.69725,0.68573,0.695525
2009-05-28T11:00:00+02:00,0.695525,0.700375,0.693265,0.69393
2009-05-28T23:00:00+02:00,0.69393,0.70144,0.69361,0.69777
2009-05-29T11:00:00+02:00,0.69777,0.70255,0.69396,0.69871
2009-05-31T23:00:00+02:00,0.69935,0.70411,0.69593,0.70284
2009-06-01T11:00:00+02:00,0.70284,0.71331,0.70084,0.71088
2009-06-01T23:00:00+02:00,0.71088,0.71088,0.70529,0.70798
2009-06-02T11:00:00+02:00,0.70798,0.71335,0.70633,0.70975
2009-06-02T23:00:00+02:00,0.70975,0.710555,0.703675,0.704195
2009-06-03T11:00:00+02:00,0.704195,0.705855,0.694765,0.70454
2009-06-03T23:00:00+02:00,0.70454,0.70679,0.69866,0.70274
2009-06-04T11:00:00+02:00,0.70274,0.70454,0.692135,0.69584
2009-06-04T23:00:00+02:00,0.69584,0.70501,0.69309,0.70348
2009-06-05T11:00:00+02:00,0.70348,0.70711,0.69896,0.70086
2009-06-07T23:00:00+02:00,0.70205,0.70255,0.695,0.69702
2009-06-08T11:00:00+02:00,0.69702,0.69823,0.69012,0.69225
2009-06-08T23:00:00+02:00,0.69225,0.69543,0.68977,0.69101
2009-06-09T11:00:00+02:00,0.69101,0.69302,0.68672,0.69246
2009-06-09T23:00:00+02:00,0.69246,0.69809,0.6905,0.69545
2009-06-10T11:00:00+02:00,0.69545,0.70021,0.69279,0.69285
2009-06-10T23:00:00+02:00,0.69285,0.70642,0.69285,0.70605
2009-06-11T11:00:00+02:00,0.70605,0.71136,0.70528,0.70885
2009-06-11T23:00:00+02:00,0.70885,0.71402,0.70805,0.712815
2009-06-12T11:00:00+02:00,0.712815,0.72037,0.711235,0.71952
2009-06-14T23:00:00+02:00,0.71498,0.71808,0.71328,0.71675
2009-06-15T11:00:00+02:00,0.71675,0.71772,0.71286,0.71525
2009-06-15T23:00:00+02:00,0.71525,0.716565,0.70873,0.715545
2009-06-16T11:00:00+02:00,0.715545,0.721425,0.712045,0.71546
2009-06-16T23:00:00+02:00,0.71546,0.716705,0.710805,0.713585
2009-06-17T11:00:00+02:00,0.713585,0.719995,0.711505,0.717
2009-06-17T23:00:00+02:00,0.717,0.720385,0.71366,0.719285
2009-06-18T11:00:00+02:00,0.719285,0.726965,0.716915,0.72227
2009-06-18T23:00:00+02:00,0.72227,0.72545,0.72008,0.722565
2009-06-19T11:00:00+02:00,0.722565,0.73199,0.719915,0.72885
2009-06-21T23:00:00+02:00,0.7303,0.7303,0.72515,0.726895
2009-06-22T11:00:00+02:00,0.726895,0.732975,0.72493,0.72661
2009-06-22T23:00:00+02:00,0.72661,0.729785,0.72297,0.729205
2009-06-23T11:00:00+02:00,0.729205,0.737845,0.728295,0.73545
2009-06-23T23:00:00+02:00,0.73545,0.739065,0.73281,0.738815
2009-06-24T11:00:00+02:00,0.738815,0.74195,0.734775,0.74062
2009-06-24T23:00:00+02:00,0.74062,0.7413,0.737415,0.738275
2009-06-25T11:00:00+02:00,0.738275,0.746635,0.736625,0.74504
2009-06-25T23:00:00+02:00,0.74504,0.74734,0.73888,0.73899
2009-06-26T11:00:00+02:00,0.73899,0.746305,0.7388,0.74412
2009-06-28T23:00:00+02:00,0.7438,0.747065,0.74266,0.745795
2009-06-29T11:00:00+02:00,0.745795,0.754605,0.745235,0.75286
2009-06-29T23:00:00+02:00,0.75286,0.75606,0.75098,0.75218
2009-06-30T11:00:00+02:00,0.75218,0.754285,0.748015,0.75063
2009-06-30T23:00:00+02:00,0.75063,0.75185,0.74618,0.74783
2009-07-01T11:00:00+02:00,0.74783,0.74783,0.73401,0.73496
2009-07-01T23:00:00+02:00,0.73496,0.73726,0.72946,0.73264
2009-07-02T11:00:00+02:00,0.73264,0.73347,0.72602,0.7307
2009-07-02T23:00:00+02:00,0.7307,0.73442,0.7284,0.73315
2009-07-03T11:00:00+02:00,0.73315,0.735,0.730085,0.73104
2009-07-05T23:00:00+02:00,0.72954,0.731695,0.72714,0.730475
2009-07-06T11:00:00+02:00,0.730475,0.73972,0.728455,0.73815
2009-07-06T23:00:00+02:00,0.73815,0.73936,0.733835,0.737515
2009-07-07T11:00:00+02:00,0.737515,0.740145,0.73295,0.73359
2009-07-07T23:00:00+02:00,0.73359,0.73464,0.72847,0.730365
2009-07-08T11:00:00+02:00,0.730365,0.732835,0.723965,0.73084
2009-07-08T23:00:00+02:00,0.73084,0.734245,0.72651,0.733735
2009-07-09T11:00:00+02:00,0.733735,0.734895,0.727665,0.73197
2009-07-09T23:00:00+02:00,0.73197,0.73575,0.7274,0.72868
2009-07-10T11:00:00+02:00,0.72868,0.73252,0.72696,0.73032
2009-07-12T23:00:00+02:00,0.7302,0.73119,0.72327,0.72365
2009-07-13T11:00:00+02:00,0.72365,0.72975,0.72174,0.72755
2009-07-13T23:00:00+02:00,0.72755,0.7305,0.72652,0.72786
2009-07-14T11:00:00+02:00,0.72786,0.7294,0.72018,0.72374
2009-07-14T23:00:00+02:00,0.72374,0.72841,0.72367,0.727505
2009-07-15T11:00:00+02:00,0.727505,0.728705,0.72129,0.72189
2009-07-15T23:00:00+02:00,0.72189,0.72543,0.71543,0.71957
2009-07-16T11:00:00+02:00,0.71957,0.72616,0.71918,0.72457
2009-07-16T23:00:00+02:00,0.72457,0.7251,0.71935,0.721225
2009-07-17T11:00:00+02:00,0.721225,0.721485,0.717245,0.71778
2009-07-19T23:00:00+02:00,0.71862,0.723405,0.71711,0.722605
2009-07-20T11:00:00+02:00,0.722605,0.727935,0.720805,0.727345
2009-07-20T23:00:00+02:00,0.727345,0.729125,0.723525,0.724275
2009-07-21T11:00:00+02:00,0.724275,0.72667,0.720535,0.72611
2009-07-21T23:00:00+02:00,0.72611,0.72649,0.72258,0.72545
2009-07-22T11:00:00+02:00,0.72545,0.72773,0.72078,0.72412
2009-07-22T23:00:00+02:00,0.72412,0.727535,0.72398,0.726625
2009-07-23T11:00:00+02:00,0.726625,0.726825,0.70961,0.71167
2009-07-23T23:00:00+02:00,0.71167,0.71614,0.71138,0.71374
2009-07-24T11:00:00+02:00,0.71374,0.71445,0.70799,0.71277
2009-07-26T23:00:00+02:00,0.71359,0.71387,0.71001,0.71289
2009-07-27T11:00:00+02:00,0.71289,0.71494,0.70797,0.71011
2009-07-27T23:00:00+02:00,0.71011,0.71378,0.7078,0.71346
2009-07-28T11:00:00+02:00,0.71346,0.71664,0.71109,0.71135
2009-07-28T23:00:00+02:00,0.71135,0.714045,0.70877,0.712825
2009-07-29T11:00:00+02:00,0.712825,0.71639,0.711425,0.71614
2009-07-29T23:00:00+02:00,0.71614,0.71619,0.70623,0.710945
2009-07-30T11:00:00+02:00,0.710945,0.711175,0.70471,0.70657
2009-07-30T23:00:00+02:00,0.70657,0.71014,0.70564,0.707385
2009-07-31T11:00:00+02:00,0.707385,0.71419,0.706105,0.71311
2009-08-02T23:00:00+02:00,0.71096,0.717,0.71027,0.714515
2009-08-03T11:00:00+02:00,0.714515,0.715815,0.710695,0.71219
2009-08-03T23:00:00+02:00,0.71219,0.71453,0.71103,0.711985
2009-08-04T11:00:00+02:00,0.711985,0.72339,0.709255,0.72267
2009-08-04T23:00:00+02:00,0.72267,0.7256,0.72079,0.72518
2009-08-05T11:00:00+02:00,0.72518,0.72683,0.719195,0.72018
2009-08-05T23:00:00+02:00,0.72018,0.72208,0.71667,0.719185
2009-08-06T11:00:00+02:00,0.719185,0.72369,0.7183,0.72273
2009-08-06T23:00:00+02:00,0.72273,0.72472,0.72105,0.72322
2009-08-07T11:00:00+02:00,0.72322,0.73503,0.72298,0.72691
2009-08-09T23:00:00+02:00,0.72478,0.73039,0.72421,0.72979
2009-08-10T11:00:00+02:00,0.72979,0.73734,0.72941,0.73665
2009-08-10T23:00:00+02:00,0.73665,0.738155,0.73364,0.737995
2009-08-11T11:00:00+02:00,0.737995,0.738135,0.733545,0.73497
2009-08-11T23:00:00+02:00,0.73497,0.73723,0.72979,0.7333
2009-08-12T11:00:00+02:00,0.7333,0.735,0.7297,0.73181
2009-08-12T23:00:00+02:00,0.73181,0.73535,0.72837,0.73258
2009-08-13T11:00:00+02:00,0.73258,0.73998,0.73237,0.73823
2009-08-13T23:00:00+02:00,0.73823,0.74159,0.73638,0.740565
2009-08-14T11:00:00+02:00,0.740565,0.748385,0.739535,0.74473
2009-08-16T23:00:00+02:00,0.74225,0.74408,0.73876,0.739595
2009-08-17T11:00:00+02:00,0.739595,0.741855,0.73791,0.74018
2009-08-17T23:00:00+02:00,0.74018,0.742935,0.73836,0.741345
2009-08-18T11:00:00+02:00,0.741345,0.745765,0.740065,0.7429
2009-08-18T23:00:00+02:00,0.7429,0.74534,0.74028,0.74162
2009-08-19T11:00:00+02:00,0.74162,0.74309,0.73735,0.73833
2009-08-19T23:00:00+02:00,0.73833,0.7426,0.73721,0.7402
2009-08-20T11:00:00+02:00,0.7402,0.74124,0.73454,0.73603
2009-08-20T23:00:00+02:00,0.73603,0.73741,0.73301,0.73399
2009-08-21T11:00:00+02:00,0.73399,0.74159,0.73271,0.73767
2009-08-23T23:00:00+02:00,0.73939,0.74153,0.73751,0.73974
2009-08-24T11:00:00+02:00,0.73974,0.74107,0.73637,0.73726
2009-08-24T23:00:00+02:00,0.73726,0.74004,0.73654,0.73949
2009-08-25T11:00:00+02:00,0.73949,0.74378,0.73879,0.74358
2009-08-25T23:00:00+02:00,0.74358,0.74979,0.74247,0.74884
2009-08-26T11:00:00+02:00,0.74884,0.75022,0.74327,0.74786
2009-08-26T23:00:00+02:00,0.74786,0.74929,0.74478,0.74677
2009-08-27T11:00:00+02:00,0.74677,0.748945,0.744685,0.74768
2009-08-27T23:00:00+02:00,0.74768,0.7493,0.74418,0.74435
2009-08-28T11:00:00+02:00,0.74435,0.748725,0.74145,0.74654
2009-08-30T23:00:00+02:00,0.74664,0.750395,0.74508,0.749855
2009-08-31T11:00:00+02:00,0.749855,0.754445,0.748745,0.74936
2009-08-31T23:00:00+02:00,0.74936,0.75233,0.746725,0.747885
2009-09-01T11:00:00+02:00,0.747885,0.750755,0.743165,0.74556
2009-09-01T23:00:00+02:00,0.74556,0.746645,0.74281,0.744185
2009-09-02T11:00:00+02:00,0.744185,0.746085,0.740965,0.74364
2009-09-02T23:00:00+02:00,0.74364,0.748615,0.74286,0.747545
2009-09-03T11:00:00+02:00,0.747545,0.750105,0.745045,0.74661
2009-09-03T23:00:00+02:00,0.74661,0.752255,0.74628,0.750415
2009-09-04T11:00:00+02:00,0.750415,0.750675,0.74491,0.7483
2009-09-06T23:00:00+02:00,0.74816,0.74886,0.74586,0.74694
2009-09-07T11:00:00+02:00,0.74694,0.74786,0.74473,0.74684
2009-09-07T23:00:00+02:00,0.74684,0.74718,0.74472,0.74599
2009-09-08T11:00:00+02:00,0.74599,0.75322,0.74429,0.75065
2009-09-08T23:00:00+02:00,0.75065,0.75305,0.74939,0.75119
2009-09-09T11:00:00+02:00,0.75119,0.75539,0.74993,0.75039
2009-09-09T23:00:00+02:00,0.75039,0.75444,0.74526,0.75104
2009-09-10T11:00:00+02:00,0.75104,0.760545,0.7505,0.75838
2009-09-10T23:00:00+02:00,0.75838,0.759635,0.75649,0.757515
2009-09-11T11:00:00+02:00,0.757515,0.762615,0.756575,0.76177
2009-09-13T23:00:00+02:00,0.7601,0.76211,0.75603,0.75646
2009-09-14T11:00:00+02:00,0.75646,0.76403,0.75623,0.75927
2009-09-14T23:00:00+02:00,0.75927,0.76224,0.75842,0.76144
2009-09-15T11:00:00+02:00,0.76144,0.76173,0.75438,0.75607
2009-09-15T23:00:00+02:00,0.75607,0.76316,0.7554,0.76121
2009-09-16T11:00:00+02:00,0.76121,0.76318,0.75921,0.76119
2009-09-16T23:00:00+02:00,0.76119,0.76245,0.75751,0.7587
2009-09-17T11:00:00+02:00,0.7587,0.75889,0.75423,0.75665
2009-09-17T23:00:00+02:00,0.75665,0.76285,0.75591,0.76243
2009-09-18T11:00:00+02:00,0.76243,0.7628,0.7571,0.75829
2009-09-20T23:00:00+02:00,0.75781,0.7586,0.75564,0.75773
2009-09-21T11:00:00+02:00,0.75773,0.764,0.7574,0.7627
2009-09-21T23:00:00+02:00,0.7627,0.77305,0.76152,0.77128
2009-09-22T11:00:00+02:00,0.77128,0.77484,0.76818,0.7686
2009-09-22T23:00:00+02:00,0.7686,0.77985,0.76777,0.775345
2009-09-23T11:00:00+02:00,0.775345,0.778075,0.773035,0.77336
2009-09-23T23:00:00+02:00,0.77336,0.777685,0.77147,0.777495
2009-09-24T11:00:00+02:00,0.777495,0.785585,0.776305,0.77973
2009-09-24T23:00:00+02:00,0.77973,0.78613,0.77568,0.78541
2009-09-25T11:00:00+02:00,0.78541,0.78607,0.77953,0.78462
2009-09-27T23:00:00+02:00,0.78334,0.78977,0.7806,0.78413
2009-09-28T11:00:00+02:00,0.78413,0.78465,0.77704,0.77706
2009-09-28T23:00:00+02:00,0.77706,0.78228,0.77633,0.78141
2009-09-29T11:00:00+02:00,0.78141,0.78173,0.7743,0.77474
2009-09-29T23:00:00+02:00,0.77474,0.78139,0.77474,0.77597
2009-09-30T11:00:00+02:00,0.77597,0.77878,0.77134,0.77337
2009-09-30T23:00:00+02:00,0.77337,0.776385,0.77061,0.774025
2009-10-01T11:00:00+02:00,0.774025,0.776235,0.771435,0.77478
2009-10-01T23:00:00+02:00,0.77478,0.778605,0.76981,0.777475
2009-10-02T11:00:00+02:00,0.777475,0.78029,0.77289,0.77292
2009-10-04T23:00:00+02:00,0.77407,0.77567,0.77056,0.77377
2009-10-05T11:00:00+02:00,0.77377,0.78313,0.77327,0.78131
2009-10-05T23:00:00+02:00,0.78131,0.78606,0.77995,0.78335
2009-10-06T11:00:00+02:00,0.78335,0.78391,0.77547,0.77793
2009-10-06T23:00:00+02:00,0.77793,0.78041,0.776525,0.779395
2009-10-07T11:00:00+02:00,0.779395,0.782085,0.775565,0.78145
2009-10-07T23:00:00+02:00,0.78145,0.7855,0.779125,0.781405
2009-10-08T11:00:00+02:00,0.781405,0.785485,0.779425,0.78125
2009-10-08T23:00:00+02:00,0.78125,0.78202,0.77632,0.77662
2009-10-09T11:00:00+02:00,0.77662,0.77729,0.76231,0.76533
2009-10-11T23:00:00+02:00,0.76575,0.76674,0.756125,0.759855
2009-10-12T11:00:00+02:00,0.759855,0.761355,0.757075,0.75874
2009-10-12T23:00:00+02:00,0.75874,0.76492,0.75819,0.76089
2009-10-13T11:00:00+02:00,0.76089,0.76384,0.75649,0.76294
2009-10-13T23:00:00+02:00,0.76294,0.76411,0.75967,0.76301
2009-10-14T11:00:00+02:00,0.76301,0.76362,0.75667,0.75722
2009-10-14T23:00:00+02:00,0.75722,0.76612,0.75698,0.76558
2009-10-15T11:00:00+02:00,0.76558,0.77007,0.76423,0.76978
2009-10-15T23:00:00+02:00,0.76978,0.77293,0.767525,0.770805
2009-10-16T11:00:00+02:00,0.770805,0.770845,0.76558,0.76788
2009-10-18T23:00:00+02:00,0.76581,0.77543,0.76562,0.77403
2009-10-19T11:00:00+02:00,0.77403,0.77963,0.77078,0.77822
2009-10-19T23:00:00+02:00,0.77822,0.77931,0.77407,0.77555
2009-10-20T11:00:00+02:00,0.77555,0.78725,0.7753,0.78665
2009-10-20T23:00:00+02:00,0.78665,0.796455,0.78403,0.796325
2009-10-21T11:00:00+02:00,0.796325,0.796345,0.78715,0.79315
2009-10-21T23:00:00+02:00,0.79315,0.79325,0.78572,0.79151
2009-10-22T11:00:00+02:00,0.79151,0.795805,0.78874,0.79375
2009-10-22T23:00:00+02:00,0.79375,0.796555,0.79184,0.794705
2009-10-23T11:00:00+02:00,0.794705,0.796785,0.79186,0.79513
2009-10-25T22:00:00+01:00,0.79271,0.79522,0.79182,0.79513
2009-10-26T10:00:00+01:00,0.79513,0.79976,0.79278,0.79937
2009-10-26T22:00:00+01:00,0.79937,0.80295,0.796,0.7997
2009-10-27T10:00:00+01:00,0.7997,0.8009,0.79068,0.7924
2009-10-27T22:00:00+01:00,0.7924,0.79454,0.7862,0.788505
2009-10-28T10:00:00+01:00,0.788505,0.790765,0.77765,0.77954
2009-10-28T22:00:00+01:00,0.77954,0.782195,0.77337,0.781605
2009-10-29T10:00:00+01:00,0.781605,0.785555,0.780045,0.78168
2009-10-29T22:00:00+01:00,0.78168,0.78319,0.7759,0.778405
2009-10-30T10:00:00+01:00,0.778405,0.786995,0.773115,0.77792
2009-11-01T23:00:00+01:00,0.77587,0.78105,0.76829,0.77992
2009-11-02T11:00:00+01:00,0.77992,0.780655,0.77165,0.77335
2009-11-02T23:00:00+01:00,0.77335,0.77922,0.770015,0.771045
2009-11-03T11:00:00+01:00,0.771045,0.773315,0.767255,0.76808
2009-11-03T23:00:00+01:00,0.76808,0.77137,0.76511,0.76892
2009-11-04T11:00:00+01:00,0.76892,0.77502,0.7668,0.76975
2009-11-04T23:00:00+01:00,0.76975,0.77041,0.76342,0.765575
2009-11-05T11:00:00+01:00,0.765575,0.77041,0.763965,0.7681
2009-11-05T23:00:00+01:00,0.7681,0.77299,0.76668,0.77095
2009-11-06T11:00:00+01:00,0.77095,0.78057,0.77,0.77971
2009-11-08T23:00:00+01:00,0.78811,0.78911,0.78265,0.78269
2009-11-09T11:00:00+01:00,0.78269,0.787405,0.781005,0.78432
2009-11-09T23:00:00+01:00,0.78432,0.78742,0.78153,0.78447
2009-11-10T11:00:00+01:00,0.78447,0.78551,0.77743,0.78033
2009-11-10T23:00:00+01:00,0.78033,0.78058,0.774915,0.776185
2009-11-11T11:00:00+01:00,0.776185,0.776295,0.77165,0.77203
2009-11-11T23:00:00+01:00,0.77203,0.77594,0.77127,0.77273
2009-11-12T11:00:00+01:00,0.77273,0.77449,0.770085,0.7737
2009-11-12T23:00:00+01:00,0.7737,0.775895,0.77227,0.775725
2009-11-13T11:00:00+01:00,0.775725,0.78278,0.774705,0.78175
2009-11-15T23:00:00+01:00,0.78258,0.78308,0.77757,0.7785
2009-11-16T11:00:00+01:00,0.7785,0.785845,0.777015,0.78402
2009-11-16T23:00:00+01:00,0.78402,0.78754,0.78246,0.78718
2009-11-17T11:00:00+01:00,0.78718,0.78944,0.78213,0.78331
2009-11-17T23:00:00+01:00,0.78331,0.785845,0.7822,0.784535
2009-11-18T11:00:00+01:00,0.784535,0.787755,0.780955,0.78699
2009-11-18T23:00:00+01:00,0.78699,0.78732,0.775745,0.777375
2009-11-19T11:00:00+01:00,0.777375,0.7793,0.773305,0.77763
2009-11-19T23:00:00+01:00,0.77763,0.77817,0.77355,0.774965
2009-11-20T11:00:00+01:00,0.774965,0.776985,0.771265,0.77529
2009-11-22T23:00:00+01:00,0.77442,0.77701,0.77111,0.77579
2009-11-23T11:00:00+01:00,0.77579,0.77725,0.773005,0.77335
2009-11-23T23:00:00+01:00,0.77335,0.77504,0.76816,0.77078
2009-11-24T11:00:00+01:00,0.77078,0.77197,0.76534,0.7679
2009-11-24T23:00:00+01:00,0.7679,0.772755,0.76701,0.769565
2009-11-25T11:00:00+01:00,0.769565,0.769735,0.76158,0.76574
2009-11-25T23:00:00+01:00,0.76574,0.76647,0.757525,0.758155
2009-11-26T11:00:00+01:00,0.758155,0.7608,0.755145,0.75771
2009-11-26T23:00:00+01:00,0.75771,0.75957,0.74693,0.7582
2009-11-27T11:00:00+01:00,0.7582,0.75918,0.75183,0.75502
2009-11-29T23:00:00+01:00,0.75514,0.76197,0.754335,0.754605
2009-11-30T11:00:00+01:00,0.754605,0.757805,0.752725,0.75632
2009-11-30T23:00:00+01:00,0.75632,0.75986,0.75416,0.75883
2009-12-01T11:00:00+01:00,0.75883,0.7622,0.7565,0.75936
2009-12-01T23:00:00+01:00,0.75936,0.761975,0.7587,0.760465
2009-12-02T11:00:00+01:00,0.760465,0.76225,0.75666,0.75902
2009-12-02T23:00:00+01:00,0.75902,0.76471,0.75892,0.761345
2009-12-03T11:00:00+01:00,0.761345,0.764475,0.759305,0.76313
2009-12-03T23:00:00+01:00,0.76313,0.765485,0.76125,0.763725
2009-12-04T11:00:00+01:00,0.763725,0.764245,0.752035,0.75791
2009-12-06T23:00:00+01:00,0.75597,0.75873,0.752905,0.753145
2009-12-07T11:00:00+01:00,0.753145,0.754615,0.74856,0.74986
2009-12-07T23:00:00+01:00,0.74986,0.75289,0.74941,0.751425
2009-12-08T11:00:00+01:00,0.751425,0.75482,0.748965,0.75222
2009-12-08T23:00:00+01:00,0.75222,0.7557,0.7507,0.75541
2009-12-09T11:00:00+01:00,0.75541,0.76012,0.7485,0.75816
2009-12-09T23:00:00+01:00,0.75816,0.76951,0.75807,0.7684
2009-12-10T11:00:00+01:00,0.7684,0.76983,0.763395,0.76633
2009-12-10T23:00:00+01:00,0.76633,0.76658,0.76242,0.7629
2009-12-11T11:00:00+01:00,0.7629,0.76997,0.76191,0.7688
2009-12-13T23:00:00+01:00,0.76918,0.7713,0.76496,0.77089
2009-12-14T11:00:00+01:00,0.77089,0.77319,0.76976,0.77057
2009-12-14T23:00:00+01:00,0.77057,0.77104,0.76534,0.76632
2009-12-15T11:00:00+01:00,0.76632,0.76879,0.76362,0.76581
2009-12-15T23:00:00+01:00,0.76581,0.76613,0.75887,0.75951
2009-12-16T11:00:00+01:00,0.75951,0.76575,0.75935,0.76457
2009-12-16T23:00:00+01:00,0.76457,0.76515,0.75929,0.76163
2009-12-17T11:00:00+01:00,0.76163,0.7649,0.75889,0.7607
2009-12-17T23:00:00+01:00,0.7607,0.76172,0.75717,0.759175
2009-12-18T11:00:00+01:00,0.759175,0.759855,0.75472,0.75872
2009-12-20T23:00:00+01:00,0.75875,0.75987,0.755035,0.755055
2009-12-21T11:00:00+01:00,0.755055,0.755365,0.74755,0.74933
2009-12-21T23:00:00+01:00,0.74933,0.74986,0.74657,0.747265
2009-12-22T11:00:00+01:00,0.747265,0.747265,0.73936,0.73988
2009-12-22T23:00:00+01:00,0.73988,0.73997,0.736505,0.738735
2009-12-23T11:00:00+01:00,0.738735,0.741005,0.735625,0.73886
2009-12-23T23:00:00+01:00,0.73886,0.74129,0.73733,0.740535
2009-12-24T11:00:00+01:00,0.740535,0.74241,0.73684,0.74113
2009-12-24T23:00:00+01:00,0.74113,0.74505,0.73961,0.74089
2009-12-25T11:00:00+01:00,0.74089,0.74089,0.74089,0.74089
2009-12-27T23:00:00+01:00,0.74101,0.74428,0.73935,0.74298
2009-12-28T11:00:00+01:00,0.74298,0.74351,0.73762,0.73851
2009-12-28T23:00:00+01:00,0.73851,0.743765,0.73777,0.743445
2009-12-29T11:00:00+01:00,0.743445,0.75075,0.742865,0.74845
2009-12-29T23:00:00+01:00,0.74845,0.75358,0.74706,0.75233
2009-12-30T11:00:00+01:00,0.75233,0.7624,0.75158,0.76188
2009-12-30T23:00:00+01:00,0.76188,0.76562,0.76115,0.763315
2009-12-31T11:00:00+01:00,0.763315,0.765655,0.75838,0.76127
2009-12-31T23:00:00+01:00,0.76127,0.76201,0.76127,0.76177
2010-01-03T23:00:00+01:00,0.76164,0.76207,0.75248,0.75592
2010-01-04T11:00:00+01:00,0.75592,0.76561,0.75509,0.7649
2010-01-04T23:00:00+01:00,0.7649,0.76613,0.76104,0.764275
2010-01-05T11:00:00+01:00,0.764275,0.764495,0.76086,0.76322
2010-01-05T23:00:00+01:00,0.76322,0.76355,0.759815,0.761385
2010-01-06T11:00:00+01:00,0.761385,0.762875,0.758185,0.76167
2010-01-06T23:00:00+01:00,0.76167,0.76539,0.75754,0.75947
2010-01-07T11:00:00+01:00,0.75947,0.76037,0.75555,0.75736
2010-01-07T23:00:00+01:00,0.75736,0.75903,0.75462,0.75664
2010-01-08T11:00:00+01:00,0.75664,0.76122,0.7536,0.75871
2010-01-10T23:00:00+01:00,0.76073,0.76271,0.758475,0.76112
2010-01-11T11:00:00+01:00,0.76112,0.76875,0.76009,0.76633
2010-01-11T23:00:00+01:00,0.76633,0.7677,0.76411,0.76717
2010-01-12T11:00:00+01:00,0.76717,0.76978,0.76333,0.76728
2010-01-12T23:00:00+01:00,0.76728,0.77065,0.7668,0.76873
2010-01-13T11:00:00+01:00,0.76873,0.76895,0.76205,0.76344
2010-01-13T23:00:00+01:00,0.76344,0.76659,0.76133,0.7647
2010-01-14T11:00:00+01:00,0.7647,0.76585,0.75886,0.76008
2010-01-14T23:00:00+01:00,0.76008,0.76143,0.75631,0.75798
2010-01-15T11:00:00+01:00,0.75798,0.76105,0.75544,0.7594
2010-01-17T23:00:00+01:00,0.75586,0.75844,0.75575,0.757185
2010-01-18T11:00:00+01:00,0.757185,0.759435,0.756955,0.75812
2010-01-18T23:00:00+01:00,0.75812,0.75989,0.75731,0.75926
2010-01-19T11:00:00+01:00,0.75926,0.76375,0.756125,0.75853
2010-01-19T23:00:00+01:00,0.75853,0.75875,0.750735,0.750735
2010-01-20T11:00:00+01:00,0.750735,0.75699,0.747755,0.75526
2010-01-20T23:00:00+01:00,0.75526,0.75593,0.75258,0.75384
2010-01-21T11:00:00+01:00,0.75384,0.756585,0.74667,0.7473
2010-01-21T23:00:00+01:00,0.7473,0.751955,0.7462,0.747435
2010-01-22T11:00:00+01:00,0.747435,0.75536,0.746795,0.7508
2010-01-24T23:00:00+01:00,0.75329,0.75708,0.75125,0.7536
2010-01-25T11:00:00+01:00,0.7536,0.75749,0.7533,0.75497
2010-01-25T23:00:00+01:00,0.75497,0.75649,0.750495,0.752035
2010-01-26T11:00:00+01:00,0.752035,0.753385,0.749825,0.75262
2010-01-26T23:00:00+01:00,0.75262,0.75424,0.74976,0.752645
2010-01-27T11:00:00+01:00,0.752645,0.755015,0.75043,0.75183
2010-01-27T23:00:00+01:00,0.75183,0.75549,0.74935,0.75347
2010-01-28T11:00:00+01:00,0.75347,0.7539,0.74978,0.75167
2010-01-28T23:00:00+01:00,0.75167,0.753835,0.74965,0.751885
2010-01-29T11:00:00+01:00,0.751885,0.755405,0.749305,0.7504
2010-01-31T23:00:00+01:00,0.74995,0.75296,0.74916,0.75168
2010-02-01T11:00:00+01:00,0.75168,0.75412,0.7494,0.75146
2010-02-01T23:00:00+01:00,0.75146,0.75322,0.74735,0.74838
2010-02-02T11:00:00+01:00,0.74838,0.75522,0.74685,0.75272
2010-02-02T23:00:00+01:00,0.75272,0.75483,0.75045,0.75424
2010-02-03T11:00:00+01:00,0.75424,0.75495,0.74471,0.7465
2010-02-03T23:00:00+01:00,0.7465,0.74662,0.73721,0.74005
2010-02-04T11:00:00+01:00,0.74005,0.7412,0.73567,0.73835
2010-02-04T23:00:00+01:00,0.73835,0.74028,0.73632,0.7397
2010-02-05T11:00:00+01:00,0.7397,0.7431,0.73247,0.73881
2010-02-07T23:00:00+01:00,0.73569,0.73879,0.73467,0.73709
2010-02-08T11:00:00+01:00,0.73709,0.73776,0.73355,0.73478
2010-02-08T23:00:00+01:00,0.73478,0.73892,0.73362,0.738
2010-02-09T11:00:00+01:00,0.738,0.74326,0.73711,0.74184
2010-02-09T23:00:00+01:00,0.74184,0.7439,0.739595,0.740305
2010-02-10T11:00:00+01:00,0.740305,0.741315,0.73563,0.7358
2010-02-10T23:00:00+01:00,0.7358,0.74167,0.73501,0.74048
2010-02-11T11:00:00+01:00,0.74048,0.74171,0.73289,0.73359
2010-02-11T23:00:00+01:00,0.73359,0.73461,0.73168,0.73288
2010-02-12T11:00:00+01:00,0.73288,0.73425,0.728805,0.73257
2010-02-14T23:00:00+01:00,0.73151,0.73462,0.73082,0.732435
2010-02-15T11:00:00+01:00,0.732435,0.732695,0.729565,0.73089
2010-02-15T23:00:00+01:00,0.73089,0.7378,0.73068,0.736365
2010-02-16T11:00:00+01:00,0.736365,0.73866,0.732895,0.73755
2010-02-16T23:00:00+01:00,0.73755,0.73865,0.73582,0.73665
2010-02-17T11:00:00+01:00,0.73665,0.73857,0.73443,0.73654
2010-02-17T23:00:00+01:00,0.73654,0.73663,0.73183,0.7321
2010-02-18T11:00:00+01:00,0.7321,0.73547,0.72884,0.73112
2010-02-18T23:00:00+01:00,0.73112,0.7329,0.72822,0.73123
2010-02-19T11:00:00+01:00,0.73123,0.73262,0.7246,0.72681
2010-02-21T23:00:00+01:00,0.72787,0.73014,0.72671,0.72826
2010-02-22T11:00:00+01:00,0.72826,0.73254,0.72765,0.73167
2010-02-22T23:00:00+01:00,0.73167,0.733315,0.73054,0.732795
2010-02-23T11:00:00+01:00,0.732795,0.733085,0.729415,0.73129
2010-02-23T23:00:00+01:00,0.73129,0.73408,0.727325,0.728265
2010-02-24T11:00:00+01:00,0.728265,0.732085,0.727725,0.73059
2010-02-24T23:00:00+01:00,0.73059,0.73146,0.72645,0.72884
2010-02-25T11:00:00+01:00,0.72884,0.73428,0.72806,0.73396
2010-02-25T23:00:00+01:00,0.73396,0.737,0.73243,0.734575
2010-02-26T11:00:00+01:00,0.734575,0.739375,0.73333,0.73431
2010-02-28T23:00:00+01:00,0.73723,0.73823,0.73359,0.73441
2010-03-01T11:00:00+01:00,0.73441,0.73461,0.72801,0.72872
2010-03-01T23:00:00+01:00,0.72872,0.72958,0.72016,0.72148
2010-03-02T11:00:00+01:00,0.72148,0.72294,0.71742,0.72074
2010-03-02T23:00:00+01:00,0.72074,0.72276,0.717065,0.717635
2010-03-03T11:00:00+01:00,0.717635,0.717875,0.711615,0.71668
2010-03-03T23:00:00+01:00,0.71668,0.71708,0.70956,0.709935
2010-03-04T11:00:00+01:00,0.709935,0.71216,0.706745,0.7083
2010-03-04T23:00:00+01:00,0.7083,0.71268,0.70656,0.71166
2010-03-05T11:00:00+01:00,0.71166,0.71896,0.71062,0.71694
2010-03-07T23:00:00+01:00,0.71569,0.72163,0.7154,0.719605
2010-03-08T11:00:00+01:00,0.719605,0.721795,0.718535,0.7199
2010-03-08T23:00:00+01:00,0.7199,0.72021,0.7175,0.71812
2010-03-09T11:00:00+01:00,0.71812,0.72154,0.71729,0.72113
2010-03-09T23:00:00+01:00,0.72113,0.726105,0.72067,0.725435
2010-03-10T11:00:00+01:00,0.725435,0.72788,0.71895,0.71928
2010-03-10T23:00:00+01:00,0.71928,0.7202,0.71584,0.718775
2010-03-11T11:00:00+01:00,0.718775,0.720495,0.7167,0.71708
2010-03-11T23:00:00+01:00,0.71708,0.718895,0.71549,0.718395
2010-03-12T11:00:00+01:00,0.718395,0.720295,0.711575,0.71529
2010-03-14T22:00:00+01:00,0.71554,0.71758,0.71303,0.71567
2010-03-15T10:00:00+01:00,0.71567,0.71627,0.71337,0.71511
2010-03-15T22:00:00+01:00,0.71511,0.71863,0.71469,0.71652
2010-03-16T10:00:00+01:00,0.71652,0.720525,0.715525,0.719915
2010-03-16T22:00:00+01:00,0.719915,0.72353,0.719545,0.72146
2010-03-17T10:00:00+01:00,0.72146,0.7252,0.7205,0.72156
2010-03-17T22:00:00+01:00,0.72156,0.722755,0.71996,0.722475
2010-03-18T10:00:00+01:00,0.722475,0.72556,0.722015,0.72462
2010-03-18T22:00:00+01:00,0.72462,0.72826,0.72387,0.7246
2010-03-19T10:00:00+01:00,0.7246,0.72526,0.715505,0.72047
2010-03-21T22:00:00+01:00,0.71819,0.71914,0.71651,0.717185
2010-03-22T10:00:00+01:00,0.717185,0.720735,0.715165,0.7198
2010-03-22T22:00:00+01:00,0.7198,0.72026,0.71812,0.71942
2010-03-23T10:00:00+01:00,0.71942,0.72029,0.717115,0.71877
2010-03-23T22:00:00+01:00,0.71877,0.71921,0.71496,0.7172
2010-03-24T10:00:00+01:00,0.7172,0.72127,0.71542,0.72089
2010-03-24T22:00:00+01:00,0.72089,0.72144,0.71871,0.72091
2010-03-25T10:00:00+01:00,0.72091,0.72449,0.71954,0.72058
2010-03-25T22:00:00+01:00,0.72058,0.72582,0.72026,0.72355
2010-03-26T10:00:00+01:00,0.72355,0.72574,0.72171,0.72252
2010-03-28T23:00:00+02:00,0.72355,0.72751,0.72191,0.72549
2010-03-29T11:00:00+02:00,0.72549,0.72629,0.72199,0.72459
2010-03-29T23:00:00+02:00,0.72459,0.72611,0.72364,0.72488
2010-03-30T11:00:00+02:00,0.72488,0.72671,0.72191,0.72436
2010-03-30T23:00:00+02:00,0.72436,0.7247,0.72037,0.72096
2010-03-31T11:00:00+02:00,0.72096,0.72193,0.71764,0.72156
2010-03-31T23:00:00+02:00,0.72156,0.72266,0.71315,0.714345
2010-04-01T11:00:00+02:00,0.714345,0.716025,0.711915,0.71414
2010-04-01T23:00:00+02:00,0.71414,0.71572,0.71342,0.71534
2010-04-02T11:00:00+02:00,0.71534,0.71619,0.71221,0.7138
2010-04-04T23:00:00+02:00,0.71306,0.71321,0.70804,0.70844
2010-04-05T11:00:00+02:00,0.70844,0.70883,0.70391,0.70471
2010-04-05T23:00:00+02:00,0.70471,0.7065,0.69949,0.69987
2010-04-06T11:00:00+02:00,0.69987,0.70818,0.69795,0.70778
2010-04-06T23:00:00+02:00,0.70778,0.70814,0.70247,0.70404
2010-04-07T11:00:00+02:00,0.70404,0.71205,0.70356,0.71147
2010-04-07T23:00:00+02:00,0.71147,0.71165,0.70643,0.70706
2010-04-08T11:00:00+02:00,0.70706,0.71084,0.7069,0.70877
2010-04-08T23:00:00+02:00,0.70877,0.71313,0.70769,0.71266
2010-04-09T11:00:00+02:00,0.71266,0.720795,0.71166,0.71804
2010-04-11T23:00:00+02:00,0.72056,0.72219,0.71789,0.71911
2010-04-12T11:00:00+02:00,0.71911,0.7192,0.7137,0.71401
2010-04-12T23:00:00+02:00,0.71401,0.7174,0.71315,0.71676
2010-04-13T11:00:00+02:00,0.71676,0.71691,0.71156,0.71446
2010-04-13T23:00:00+02:00,0.71446,0.71512,0.70828,0.71121
2010-04-14T11:00:00+02:00,0.71121,0.71394,0.71013,0.71363
2010-04-14T23:00:00+02:00,0.71363,0.71478,0.71161,0.7135
2010-04-15T11:00:00+02:00,0.7135,0.71442,0.71019,0.71334
2010-04-15T23:00:00+02:00,0.71334,0.7156,0.71202,0.71515
2010-04-16T11:00:00+02:00,0.71515,0.7211,0.71436,0.71741
2010-04-18T23:00:00+02:00,0.71769,0.72144,0.71766,0.71981
2010-04-19T11:00:00+02:00,0.71981,0.7233,0.71756,0.72152
2010-04-19T23:00:00+02:00,0.72152,0.725,0.71848,0.71967
2010-04-20T11:00:00+02:00,0.71967,0.72113,0.70816,0.71061
2010-04-20T23:00:00+02:00,0.71061,0.71116,0.70746,0.70786
2010-04-21T11:00:00+02:00,0.70786,0.710525,0.706885,0.70964
2010-04-21T23:00:00+02:00,0.70964,0.71196,0.70879,0.71133
2010-04-22T11:00:00+02:00,0.71133,0.71204,0.70934,0.71106
2010-04-22T23:00:00+02:00,0.71106,0.71375,0.70902,0.71088
2010-04-23T11:00:00+02:00,0.71088,0.71766,0.70985,0.71664
2010-04-25T23:00:00+02:00,0.7166,0.71984,0.71582,0.71875
2010-04-26T11:00:00+02:00,0.71875,0.72456,0.71783,0.72406
2010-04-26T23:00:00+02:00,0.72406,0.72417,0.72022,0.72271
2010-04-27T11:00:00+02:00,0.72271,0.72611,0.72183,0.72388
2010-04-27T23:00:00+02:00,0.72388,0.72658,0.72086,0.72503
2010-04-28T11:00:00+02:00,0.72503,0.72836,0.72382,0.72771
2010-04-28T23:00:00+02:00,0.72771,0.73044,0.72306,0.7261
2010-04-29T11:00:00+02:00,0.7261,0.72815,0.72344,0.7274
2010-04-29T23:00:00+02:00,0.7274,0.73051,0.72681,0.73042
2010-04-30T11:00:00+02:00,0.73042,0.74212,0.73002,0.73987
2010-05-02T23:00:00+02:00,0.74024,0.74231,0.7387,0.74136
2010-05-03T11:00:00+02:00,0.74136,0.7418,0.7382,0.73865
2010-05-03T23:00:00+02:00,0.73865,0.74005,0.7371,0.739595
2010-05-04T11:00:00+02:00,0.739595,0.740565,0.736925,0.73797
2010-05-04T23:00:00+02:00,0.73797,0.74059,0.73617,0.73742
2010-05-05T11:00:00+02:00,0.73742,0.74092,0.73531,0.73927
2010-05-05T23:00:00+02:00,0.73927,0.75415,0.73875,0.75186
2010-05-06T11:00:00+02:00,0.75186,0.75808,0.74267,0.74794
2010-05-06T23:00:00+02:00,0.74794,0.75146,0.74299,0.747165
2010-05-07T11:00:00+02:00,0.747165,0.748285,0.73893,0.7458
2010-05-09T23:00:00+02:00,0.74602,0.74782,0.73548,0.74508
2010-05-10T11:00:00+02:00,0.74508,0.74629,0.73782,0.73943
2010-05-10T23:00:00+02:00,0.73943,0.74106,0.7361,0.73638
2010-05-11T11:00:00+02:00,0.73638,0.73812,0.73074,0.73215
2010-05-11T23:00:00+02:00,0.73215,0.73304,0.72771,0.72933
2010-05-12T11:00:00+02:00,0.72933,0.73207,0.72507,0.72699
2010-05-12T23:00:00+02:00,0.72699,0.73185,0.725905,0.726125
2010-05-13T11:00:00+02:00,0.726125,0.731345,0.725545,0.72921
2010-05-13T23:00:00+02:00,0.72921,0.73114,0.72681,0.73083
2010-05-14T11:00:00+02:00,0.73083,0.73835,0.72877,0.73219
2010-05-16T23:00:00+02:00,0.73046,0.73352,0.726405,0.726505
2010-05-17T11:00:00+02:00,0.726505,0.727945,0.718915,0.71956
2010-05-17T23:00:00+02:00,0.71956,0.723635,0.71847,0.722665
2010-05-18T11:00:00+02:00,0.722665,0.722935,0.719155,0.72136
2010-05-18T23:00:00+02:00,0.72136,0.72136,0.710235,0.711745
2010-05-19T11:00:00+02:00,0.711745,0.712855,0.699195,0.70735
2010-05-19T23:00:00+02:00,0.70735,0.71763,0.70558,0.712075
2010-05-20T11:00:00+02:00,0.712075,0.71772,0.708735,0.71283
2010-05-20T23:00:00+02:00,0.71283,0.72171,0.70983,0.71613
2010-05-21T11:00:00+02:00,0.71613,0.72154,0.7143,0.71907
2010-05-23T23:00:00+02:00,0.7186,0.72023,0.71149,0.71427
2010-05-24T11:00:00+02:00,0.71427,0.71627,0.71034,0.71094
2010-05-24T23:00:00+02:00,0.71094,0.71603,0.71049,0.71264
2010-05-25T11:00:00+02:00,0.71264,0.71947,0.71116,0.71541
2010-05-25T23:00:00+02:00,0.71541,0.717105,0.71215,0.715975
2010-05-26T11:00:00+02:00,0.715975,0.717495,0.704145,0.70996
2010-05-26T23:00:00+02:00,0.70996,0.71537,0.70748,0.70876
2010-05-27T11:00:00+02:00,0.70876,0.71938,0.70759,0.71676
2010-05-27T23:00:00+02:00,0.71676,0.71955,0.71268,0.716075
2010-05-28T11:00:00+02:00,0.716075,0.71682,0.709645,0.7161
2010-05-30T23:00:00+02:00,0.7135,0.71782,0.71193,0.71667
2010-05-31T11:00:00+02:00,0.71667,0.71802,0.703375,0.71078
2010-05-31T23:00:00+02:00,0.71078,0.71234,0.704925,0.706825
2010-06-01T11:00:00+02:00,0.706825,0.71611,0.705075,0.71229
2010-06-01T23:00:00+02:00,0.71229,0.71492,0.70966,0.71043
2010-06-02T11:00:00+02:00,0.71043,0.71277,0.70432,0.70785
2010-06-02T23:00:00+02:00,0.70785,0.71493,0.70604,0.71316
2010-06-03T11:00:00+02:00,0.71316,0.714,0.70892,0.71225
2010-06-03T23:00:00+02:00,0.71225,0.713485,0.70952,0.711765
2010-06-04T11:00:00+02:00,0.711765,0.71283,0.705565,0.7128
2010-06-06T23:00:00+02:00,0.71065,0.71229,0.70421,0.70549
2010-06-07T11:00:00+02:00,0.70549,0.70837,0.69681,0.69931
2010-06-07T23:00:00+02:00,0.69931,0.70184,0.69494,0.697795
2010-06-08T11:00:00+02:00,0.697795,0.70076,0.695025,0.69897
2010-06-08T23:00:00+02:00,0.69897,0.70008,0.695,0.69741
2010-06-09T11:00:00+02:00,0.69741,0.70079,0.69457,0.69681
2010-06-09T23:00:00+02:00,0.69681,0.707015,0.69681,0.705275
2010-06-10T11:00:00+02:00,0.705275,0.70916,0.704765,0.70709
2010-06-10T23:00:00+02:00,0.70709,0.70757,0.70276,0.70607
2010-06-11T11:00:00+02:00,0.70607,0.71511,0.70587,0.71227
2010-06-13T23:00:00+02:00,0.7131,0.71648,0.7123,0.71567
2010-06-14T11:00:00+02:00,0.71567,0.71966,0.71488,0.71827
2010-06-14T23:00:00+02:00,0.71827,0.71934,0.712495,0.713545
2010-06-15T11:00:00+02:00,0.713545,0.717585,0.712795,0.71656
2010-06-15T23:00:00+02:00,0.71656,0.71737,0.71173,0.71667
2010-06-16T11:00:00+02:00,0.71667,0.71732,0.71397,0.71488
2010-06-16T23:00:00+02:00,0.71488,0.717435,0.71388,0.716515
2010-06-17T11:00:00+02:00,0.716515,0.72446,0.716275,0.72446
2010-06-17T23:00:00+02:00,0.72446,0.7264,0.722905,0.72498
2010-06-18T11:00:00+02:00,0.72498,0.72513,0.71976,0.72225
2010-06-20T23:00:00+02:00,0.72702,0.72713,0.72179,0.726555
2010-06-21T11:00:00+02:00,0.726555,0.726995,0.723515,0.72536
2010-06-21T23:00:00+02:00,0.72536,0.72734,0.723595,0.724605
2010-06-22T11:00:00+02:00,0.724605,0.726605,0.720475,0.72496
2010-06-22T23:00:00+02:00,0.72496,0.730115,0.72376,0.728595
2010-06-23T11:00:00+02:00,0.728595,0.742915,0.728435,0.74205
2010-06-23T23:00:00+02:00,0.74205,0.7424,0.7326,0.73407
2010-06-24T11:00:00+02:00,0.73407,0.74115,0.73336,0.73898
2010-06-24T23:00:00+02:00,0.73898,0.73955,0.733365,0.734085
2010-06-25T11:00:00+02:00,0.734085,0.7415,0.729495,0.73877
2010-06-27T23:00:00+02:00,0.73962,0.74105,0.732015,0.732125
2010-06-28T11:00:00+02:00,0.732125,0.734935,0.731115,0.73362
2010-06-28T23:00:00+02:00,0.73362,0.73424,0.72742,0.73045
2010-06-29T11:00:00+02:00,0.73045,0.73239,0.72723,0.73071
2010-06-29T23:00:00+02:00,0.73071,0.73121,0.72652,0.72752
2010-06-30T11:00:00+02:00,0.72752,0.73307,0.72354,0.7284
2010-06-30T23:00:00+02:00,0.7284,0.73066,0.72411,0.72866
2010-07-01T11:00:00+02:00,0.72866,0.73296,0.725,0.7318
2010-07-01T23:00:00+02:00,0.7318,0.73604,0.72993,0.733795
2010-07-02T11:00:00+02:00,0.733795,0.740305,0.730985,0.73149
2010-07-04T23:00:00+02:00,0.73098,0.734465,0.72907,0.733605
2010-07-05T11:00:00+02:00,0.733605,0.735345,0.730605,0.73205
2010-07-05T23:00:00+02:00,0.73205,0.73764,0.72815,0.73586
2010-07-06T11:00:00+02:00,0.73586,0.73705,0.730025,0.73167
2010-07-06T23:00:00+02:00,0.73167,0.73281,0.72901,0.73069
2010-07-07T11:00:00+02:00,0.73069,0.73926,0.72976,0.73588
2010-07-07T23:00:00+02:00,0.73588,0.74174,0.73583,0.73828
2010-07-08T11:00:00+02:00,0.73828,0.74056,0.73511,0.73923
2010-07-08T23:00:00+02:00,0.73923,0.7418,0.736795,0.740075
2010-07-09T11:00:00+02:00,0.740075,0.74019,0.72967,0.73481
2010-07-11T23:00:00+02:00,0.7338,0.73434,0.72952,0.73119
2010-07-12T11:00:00+02:00,0.73119,0.73818,0.7303,0.73818
2010-07-12T23:00:00+02:00,0.73818,0.73972,0.73358,0.73391
2010-07-13T11:00:00+02:00,0.73391,0.74488,0.73349,0.74122
2010-07-13T23:00:00+02:00,0.74122,0.742455,0.73852,0.742265
2010-07-14T11:00:00+02:00,0.742265,0.748825,0.740805,0.74776
2010-07-14T23:00:00+02:00,0.74776,0.74851,0.743845,0.745855
2010-07-15T11:00:00+02:00,0.745855,0.75781,0.74369,0.75753
2010-07-15T23:00:00+02:00,0.75753,0.75789,0.745625,0.747025
2010-07-16T11:00:00+02:00,0.747025,0.75219,0.746865,0.7521
2010-07-18T23:00:00+02:00,0.74874,0.75079,0.74355,0.74583
2010-07-19T11:00:00+02:00,0.74583,0.74719,0.74196,0.74475
2010-07-19T23:00:00+02:00,0.74475,0.751385,0.74352,0.750655
2010-07-20T11:00:00+02:00,0.750655,0.751325,0.746845,0.74815
2010-07-20T23:00:00+02:00,0.74815,0.74947,0.74337,0.74452
2010-07-21T11:00:00+02:00,0.74452,0.74906,0.74388,0.74749
2010-07-21T23:00:00+02:00,0.74749,0.74925,0.74487,0.748165
2010-07-22T11:00:00+02:00,0.748165,0.754475,0.747625,0.75169
2010-07-22T23:00:00+02:00,0.75169,0.75522,0.75109,0.75276
2010-07-23T11:00:00+02:00,0.75276,0.75716,0.75175,0.7534
2010-07-25T23:00:00+02:00,0.75435,0.75778,0.7483,0.75778
2010-07-26T11:00:00+02:00,0.75778,0.75899,0.75236,0.75746
2010-07-26T23:00:00+02:00,0.75746,0.75875,0.75574,0.75859
2010-07-27T11:00:00+02:00,0.75859,0.76079,0.75697,0.75924
2010-07-27T23:00:00+02:00,0.75924,0.75969,0.751425,0.753595
2010-07-28T11:00:00+02:00,0.753595,0.757065,0.749575,0.75536
2010-07-28T23:00:00+02:00,0.75536,0.75665,0.74798,0.74994
2010-07-29T11:00:00+02:00,0.74994,0.75225,0.74762,0.75033
2010-07-29T23:00:00+02:00,0.75033,0.7509,0.744255,0.745135
2010-07-30T11:00:00+02:00,0.745135,0.7496,0.744325,0.74759
2010-08-01T23:00:00+02:00,0.74699,0.75068,0.74668,0.74964
2010-08-02T11:00:00+02:00,0.74964,0.75098,0.74706,0.74958
2010-08-02T23:00:00+02:00,0.74958,0.75174,0.74845,0.75105
2010-08-03T11:00:00+02:00,0.75105,0.75302,0.74978,0.75136
2010-08-03T23:00:00+02:00,0.75136,0.75346,0.74919,0.74969
2010-08-04T11:00:00+02:00,0.74969,0.75081,0.74655,0.74821
2010-08-04T23:00:00+02:00,0.74821,0.74877,0.73549,0.73645
2010-08-05T11:00:00+02:00,0.73645,0.74423,0.73521,0.74314
2010-08-05T23:00:00+02:00,0.74314,0.74314,0.73934,0.740565
2010-08-06T11:00:00+02:00,0.740565,0.75423,0.740185,0.75343
2010-08-08T23:00:00+02:00,0.75325,0.75421,0.750995,0.751675
2010-08-09T11:00:00+02:00,0.751675,0.752655,0.747355,0.74865
2010-08-09T23:00:00+02:00,0.74865,0.74925,0.74322,0.746445
2010-08-10T11:00:00+02:00,0.746445,0.749805,0.74294,0.7468
2010-08-10T23:00:00+02:00,0.7468,0.74684,0.74223,0.74402
2010-08-11T11:00:00+02:00,0.74402,0.75099,0.74256,0.74782
2010-08-11T23:00:00+02:00,0.74782,0.74863,0.74401,0.74586
2010-08-12T11:00:00+02:00,0.74586,0.74701,0.73843,0.73887
2010-08-12T23:00:00+02:00,0.73887,0.74642,0.73786,0.740285
2010-08-13T11:00:00+02:00,0.740285,0.740955,0.73386,0.73541
2010-08-15T23:00:00+02:00,0.73617,0.73742,0.72966,0.73199
2010-08-16T11:00:00+02:00,0.73199,0.74126,0.73023,0.73798
2010-08-16T23:00:00+02:00,0.73798,0.74038,0.73482,0.73799
2010-08-17T11:00:00+02:00,0.73799,0.73933,0.73299,0.73498
2010-08-17T23:00:00+02:00,0.73498,0.73744,0.73324,0.73698
2010-08-18T11:00:00+02:00,0.73698,0.74045,0.73467,0.73553
2010-08-18T23:00:00+02:00,0.73553,0.7367,0.73174,0.73417
2010-08-19T11:00:00+02:00,0.73417,0.73837,0.72924,0.7357
2010-08-19T23:00:00+02:00,0.7357,0.73602,0.73262,0.73349
2010-08-20T11:00:00+02:00,0.73349,0.74185,0.732,0.74023
2010-08-22T23:00:00+02:00,0.74003,0.74256,0.73794,0.74072
2010-08-23T11:00:00+02:00,0.74072,0.74669,0.74053,0.74363
2010-08-23T23:00:00+02:00,0.74363,0.7459,0.74208,0.74404
2010-08-24T11:00:00+02:00,0.74404,0.75054,0.74396,0.74554
2010-08-24T23:00:00+02:00,0.74554,0.74759,0.74222,0.74715
2010-08-25T11:00:00+02:00,0.74715,0.74721,0.73945,0.74128
2010-08-25T23:00:00+02:00,0.74128,0.74532,0.74038,0.74407
2010-08-26T11:00:00+02:00,0.74407,0.74746,0.74155,0.74363
2010-08-26T23:00:00+02:00,0.74363,0.74722,0.74262,0.74614
2010-08-27T11:00:00+02:00,0.74614,0.752315,0.74576,0.74694
2010-08-29T23:00:00+02:00,0.74898,0.74927,0.74454,0.74454
2010-08-30T11:00:00+02:00,0.74454,0.75108,0.74341,0.74949
2010-08-30T23:00:00+02:00,0.74949,0.75031,0.7403,0.74176
2010-08-31T11:00:00+02:00,0.74176,0.748,0.73941,0.74493
2010-08-31T23:00:00+02:00,0.74493,0.7483,0.74373,0.74789
2010-09-01T11:00:00+02:00,0.74789,0.75028,0.74459,0.74742
2010-09-01T23:00:00+02:00,0.74742,0.75266,0.74661,0.75157
2010-09-02T11:00:00+02:00,0.75157,0.75518,0.75059,0.75207
2010-09-02T23:00:00+02:00,0.75207,0.75573,0.7514,0.755
2010-09-03T11:00:00+02:00,0.755,0.75761,0.74793,0.7487
2010-09-05T23:00:00+02:00,0.74733,0.75204,0.7465,0.74926
2010-09-06T11:00:00+02:00,0.74926,0.75106,0.74724,0.74881
2010-09-06T23:00:00+02:00,0.74881,0.7509,0.74718,0.74935
2010-09-07T11:00:00+02:00,0.74935,0.75512,0.7493,0.75416
2010-09-07T23:00:00+02:00,0.75416,0.75483,0.7506,0.75372
2010-09-08T11:00:00+02:00,0.75372,0.75545,0.74756,0.74988
2010-09-08T23:00:00+02:00,0.74988,0.75204,0.74713,0.7515
2010-09-09T11:00:00+02:00,0.7515,0.75244,0.74917,0.74927
2010-09-09T23:00:00+02:00,0.74927,0.75032,0.74755,0.74857
2010-09-10T11:00:00+02:00,0.74857,0.75583,0.74842,0.75551
2010-09-12T23:00:00+02:00,0.75587,0.75692,0.75233,0.75484
2010-09-13T11:00:00+02:00,0.75484,0.75574,0.7519,0.75416
2010-09-13T23:00:00+02:00,0.75416,0.75536,0.747305,0.748365
2010-09-14T11:00:00+02:00,0.748365,0.75773,0.74728,0.7547
2010-09-14T23:00:00+02:00,0.7547,0.75568,0.75211,0.75366
2010-09-15T11:00:00+02:00,0.75366,0.75489,0.7504,0.75082
2010-09-15T23:00:00+02:00,0.75082,0.75093,0.74226,0.74379
2010-09-16T11:00:00+02:00,0.74379,0.74508,0.74161,0.7433
2010-09-16T23:00:00+02:00,0.7433,0.75025,0.74294,0.7483
2010-09-17T11:00:00+02:00,0.7483,0.75133,0.74609,0.74971
2010-09-19T23:00:00+02:00,0.75081,0.75366,0.74949,0.75153
2010-09-20T11:00:00+02:00,0.75153,0.75309,0.74894,0.75127
2010-09-20T23:00:00+02:00,0.75127,0.75161,0.74782,0.74977
2010-09-21T11:00:00+02:00,0.74977,0.75496,0.74945,0.75482
2010-09-21T23:00:00+02:00,0.75482,0.75607,0.75143,0.75462
2010-09-22T11:00:00+02:00,0.75462,0.76177,0.75239,0.76122
2010-09-22T23:00:00+02:00,0.76122,0.76195,0.75172,0.75258
2010-09-23T11:00:00+02:00,0.75258,0.75685,0.75167,0.75419
2010-09-23T23:00:00+02:00,0.75419,0.75472,0.75127,0.75436
2010-09-24T11:00:00+02:00,0.75436,0.75516,0.74998,0.75173
2010-09-26T23:00:00+02:00,0.75372,0.75554,0.7506,0.75231
2010-09-27T11:00:00+02:00,0.75231,0.75634,0.75161,0.75598
2010-09-27T23:00:00+02:00,0.75598,0.75827,0.75458,0.75715
2010-09-28T11:00:00+02:00,0.75715,0.76326,0.75666,0.7614
2010-09-28T23:00:00+02:00,0.7614,0.76231,0.758545,0.760525
2010-09-29T11:00:00+02:00,0.760525,0.762305,0.755615,0.76208
2010-09-29T23:00:00+02:00,0.76208,0.76241,0.75859,0.76074
2010-09-30T11:00:00+02:00,0.76074,0.76376,0.75257,0.75581
2010-09-30T23:00:00+02:00,0.75581,0.76282,0.75444,0.76023
2010-10-01T11:00:00+02:00,0.76023,0.7639,0.7572,0.75899
2010-10-03T23:00:00+02:00,0.75873,0.75906,0.7564,0.7585
2010-10-04T11:00:00+02:00,0.7585,0.75964,0.75653,0.75964
2010-10-04T23:00:00+02:00,0.75964,0.75993,0.75371,0.75769
2010-10-05T11:00:00+02:00,0.75769,0.76226,0.75707,0.76111
2010-10-05T23:00:00+02:00,0.76111,0.761655,0.75816,0.761285
2010-10-06T11:00:00+02:00,0.761285,0.763735,0.758175,0.76084
2010-10-06T23:00:00+02:00,0.76084,0.765205,0.75952,0.764745
2010-10-07T11:00:00+02:00,0.764745,0.767705,0.760725,0.76322
2010-10-07T23:00:00+02:00,0.76322,0.766,0.75901,0.75959
2010-10-08T11:00:00+02:00,0.75959,0.76542,0.75794,0.7642
2010-10-10T23:00:00+02:00,0.7644,0.76518,0.75969,0.76162
2010-10-11T11:00:00+02:00,0.76162,0.76414,0.75981,0.76206
2010-10-11T23:00:00+02:00,0.76206,0.762825,0.7592,0.761315
2010-10-12T11:00:00+02:00,0.761315,0.765845,0.760535,0.76283
2010-10-12T23:00:00+02:00,0.76283,0.765,0.76199,0.76275
2010-10-13T11:00:00+02:00,0.76275,0.76559,0.75912,0.76313
2010-10-13T23:00:00+02:00,0.76313,0.76492,0.7591,0.761005
2010-10-14T11:00:00+02:00,0.761005,0.76309,0.759155,0.76238
2010-10-14T23:00:00+02:00,0.76238,0.76389,0.75976,0.76283
2010-10-15T11:00:00+02:00,0.76283,0.765975,0.760265,0.76401
2010-10-17T23:00:00+02:00,0.76541,0.768415,0.7629,0.767775
2010-10-18T11:00:00+02:00,0.767775,0.77084,0.766505,0.76809
2010-10-18T23:00:00+02:00,0.76809,0.77258,0.766535,0.770395
2010-10-19T11:00:00+02:00,0.770395,0.77407,0.766475,0.76933
2010-10-19T23:00:00+02:00,0.76933,0.7713,0.76743,0.76935
2010-10-20T11:00:00+02:00,0.76935,0.77363,0.76893,0.77089
2010-10-20T23:00:00+02:00,0.77089,0.77144,0.76586,0.76777
2010-10-21T11:00:00+02:00,0.76777,0.76868,0.76514,0.76571
2010-10-21T23:00:00+02:00,0.76571,0.76944,0.76529,0.76847
2010-10-22T11:00:00+02:00,0.76847,0.76861,0.7636,0.76604
2010-10-24T23:00:00+02:00,0.76875,0.76989,0.76663,0.7683
2010-10-25T11:00:00+02:00,0.7683,0.76954,0.76643,0.76722
2010-10-25T23:00:00+02:00,0.76722,0.76862,0.76581,0.76789
2010-10-26T11:00:00+02:00,0.76789,0.76834,0.76532,0.76711
2010-10-26T23:00:00+02:00,0.76711,0.76842,0.765,0.76776
2010-10-27T11:00:00+02:00,0.76776,0.7693,0.76378,0.76627
2010-10-27T23:00:00+02:00,0.76627,0.7702,0.76566,0.76967
2010-10-28T11:00:00+02:00,0.76967,0.77428,0.76698,0.76997
2010-10-28T23:00:00+02:00,0.76997,0.77281,0.76647,0.77042
2010-10-29T11:00:00+02:00,0.77042,0.78258,0.76979,0.78134
2010-10-31T22:00:00+01:00,0.78076,0.781335,0.7774,0.781315
2010-11-01T10:00:00+01:00,0.781315,0.783795,0.777245,0.77896
2010-11-01T22:00:00+01:00,0.77896,0.78032,0.77331,0.774945
2010-11-02T10:00:00+01:00,0.774945,0.781395,0.774665,0.77775
2010-11-02T22:00:00+01:00,0.77775,0.78028,0.77731,0.77973
2010-11-03T10:00:00+01:00,0.77973,0.78651,0.7788,0.78411
2010-11-03T22:00:00+01:00,0.78411,0.79648,0.78255,0.792295
2010-11-04T10:00:00+01:00,0.792295,0.79942,0.791725,0.79639
2010-11-04T22:00:00+01:00,0.79639,0.79756,0.79404,0.79519
2010-11-05T10:00:00+01:00,0.79519,0.79774,0.792425,0.79575
2010-11-07T23:00:00+01:00,0.7943,0.79443,0.78912,0.79087
2010-11-08T11:00:00+01:00,0.79087,0.79227,0.78802,0.79081
2010-11-08T23:00:00+01:00,0.79081,0.79096,0.784765,0.788665
2010-11-09T11:00:00+01:00,0.788665,0.790505,0.78214,0.7839
2010-11-09T23:00:00+01:00,0.7839,0.785735,0.7797,0.784575
2010-11-10T11:00:00+01:00,0.784575,0.785325,0.779285,0.78367
2010-11-10T23:00:00+01:00,0.78367,0.78708,0.78019,0.78456
2010-11-11T11:00:00+01:00,0.78456,0.78671,0.7822,0.78299
2010-11-11T23:00:00+01:00,0.78299,0.78487,0.77865,0.78274
2010-11-12T11:00:00+01:00,0.78274,0.7861,0.78091,0.78292
2010-11-14T23:00:00+01:00,0.7855,0.78599,0.77757,0.780585
2010-11-15T11:00:00+01:00,0.780585,0.783325,0.778765,0.78045
2010-11-15T23:00:00+01:00,0.78045,0.78238,0.77743,0.78025
2010-11-16T11:00:00+01:00,0.78025,0.78589,0.77983,0.78495
2010-11-16T23:00:00+01:00,0.78495,0.78558,0.78221,0.78461
2010-11-17T11:00:00+01:00,0.78461,0.79077,0.78324,0.78936
2010-11-17T23:00:00+01:00,0.78936,0.79074,0.7878,0.79029
2010-11-18T11:00:00+01:00,0.79029,0.79492,0.78849,0.79315
2010-11-18T23:00:00+01:00,0.79315,0.79411,0.79056,0.79147
2010-11-19T11:00:00+01:00,0.79147,0.79475,0.79077,0.79186
2010-11-21T23:00:00+01:00,0.79269,0.79479,0.78307,0.78587
2010-11-22T11:00:00+01:00,0.78587,0.78896,0.78392,0.7864
2010-11-22T23:00:00+01:00,0.7864,0.78781,0.781,0.78178
2010-11-23T11:00:00+01:00,0.78178,0.784,0.77543,0.77747
2010-11-23T23:00:00+01:00,0.77747,0.778465,0.774525,0.776595
2010-11-24T11:00:00+01:00,0.776595,0.776725,0.76728,0.76742
2010-11-24T23:00:00+01:00,0.76742,0.769865,0.76371,0.768955
2010-11-25T11:00:00+01:00,0.768955,0.770285,0.766365,0.76698
2010-11-25T23:00:00+01:00,0.76698,0.76925,0.7648,0.76596
2010-11-26T11:00:00+01:00,0.76596,0.76834,0.76361,0.76575
2010-11-28T23:00:00+01:00,0.76476,0.76669,0.76215,0.76402
2010-11-29T11:00:00+01:00,0.76402,0.76495,0.75909,0.75946
2010-11-29T23:00:00+01:00,0.75946,0.76111,0.75721,0.75838
2010-11-30T11:00:00+01:00,0.75838,0.765735,0.75728,0.76236
2010-11-30T23:00:00+01:00,0.76236,0.76421,0.75965,0.76266
2010-12-01T11:00:00+01:00,0.76266,0.76326,0.7591,0.7616
2010-12-01T23:00:00+01:00,0.7616,0.765575,0.76111,0.763035
2010-12-02T11:00:00+01:00,0.763035,0.764225,0.753255,0.75739
2010-12-02T23:00:00+01:00,0.75739,0.76005,0.75711,0.75755
2010-12-03T11:00:00+01:00,0.75755,0.77001,0.75625,0.76928
2010-12-05T23:00:00+01:00,0.76639,0.76827,0.7646,0.76493
2010-12-06T11:00:00+01:00,0.76493,0.76685,0.76394,0.76598
2010-12-06T23:00:00+01:00,0.76598,0.767995,0.76353,0.767285
2010-12-07T11:00:00+01:00,0.767285,0.76977,0.76548,0.76648
2010-12-07T23:00:00+01:00,0.76648,0.76701,0.75825,0.75917
2010-12-08T11:00:00+01:00,0.75917,0.760705,0.75271,0.75599
2010-12-08T23:00:00+01:00,0.75599,0.75927,0.75385,0.756
2010-12-09T11:00:00+01:00,0.756,0.75777,0.75279,0.75659
2010-12-09T23:00:00+01:00,0.75659,0.759775,0.75611,0.759135
2010-12-10T11:00:00+01:00,0.759135,0.760195,0.753745,0.75375
2010-12-12T23:00:00+01:00,0.75418,0.758235,0.7535,0.757215
2010-12-13T11:00:00+01:00,0.757215,0.762765,0.755355,0.75656
2010-12-13T23:00:00+01:00,0.75656,0.7601,0.75525,0.75957
2010-12-14T11:00:00+01:00,0.75957,0.76207,0.75617,0.7563
2010-12-14T23:00:00+01:00,0.7563,0.75696,0.75187,0.75405
2010-12-15T11:00:00+01:00,0.75405,0.75496,0.74043,0.74348
2010-12-15T23:00:00+01:00,0.74348,0.74424,0.73944,0.74115
2010-12-16T11:00:00+01:00,0.74115,0.74555,0.7396,0.74498
2010-12-16T23:00:00+01:00,0.74498,0.746245,0.74291,0.745745
2010-12-17T11:00:00+01:00,0.745745,0.748,0.742665,0.74679
2010-12-19T23:00:00+01:00,0.74524,0.750015,0.74399,0.749995
2010-12-20T11:00:00+01:00,0.749995,0.757115,0.748845,0.75447
2010-12-20T23:00:00+01:00,0.75447,0.760675,0.75338,0.75814
2010-12-21T11:00:00+01:00,0.75814,0.760185,0.755345,0.75691
2010-12-21T23:00:00+01:00,0.75691,0.7577,0.753535,0.754545
2010-12-22T11:00:00+01:00,0.754545,0.757445,0.7486,0.75013
2010-12-22T23:00:00+01:00,0.75013,0.756475,0.74935,0.75542
2010-12-23T11:00:00+01:00,0.75542,0.75764,0.75348,0.75423
2010-12-23T23:00:00+01:00,0.75423,0.75639,0.75299,0.75348
2010-12-24T11:00:00+01:00,0.75348,0.75722,0.75149,0.75541
2010-12-26T23:00:00+01:00,0.75326,0.75567,0.75255,0.75323
2010-12-27T11:00:00+01:00,0.75323,0.75666,0.75252,0.7555
2010-12-27T23:00:00+01:00,0.7555,0.75846,0.75414,0.75598
2010-12-28T11:00:00+01:00,0.75598,0.76049,0.75391,0.75635
2010-12-28T23:00:00+01:00,0.75635,0.761135,0.75512,0.760495
2010-12-29T11:00:00+01:00,0.760495,0.76959,0.759805,0.76914
2010-12-29T23:00:00+01:00,0.76914,0.770535,0.76637,0.770535
2010-12-30T11:00:00+01:00,0.770535,0.772505,0.767485,0.77062
2010-12-30T23:00:00+01:00,0.77062,0.77448,0.7703,0.77354
2010-12-31T11:00:00+01:00,0.77354,0.7788,0.77249,0.77873
2011-01-02T23:00:00+01:00,0.77218,0.77315,0.76829,0.77277
2011-01-03T11:00:00+01:00,0.77277,0.77322,0.76675,0.76852
2011-01-03T23:00:00+01:00,0.76852,0.76891,0.76244,0.76277
2011-01-04T11:00:00+01:00,0.76277,0.76889,0.76115,0.76535
2011-01-04T23:00:00+01:00,0.76535,0.76662,0.76269,0.76521
2011-01-05T11:00:00+01:00,0.76521,0.7662,0.75349,0.75388
2011-01-05T23:00:00+01:00,0.75388,0.75686,0.75237,0.75246
2011-01-06T11:00:00+01:00,0.75246,0.7566,0.75205,0.75414
2011-01-06T23:00:00+01:00,0.75414,0.75796,0.75332,0.75757
2011-01-07T11:00:00+01:00,0.75757,0.7576,0.75001,0.75492
2011-01-09T23:00:00+01:00,0.75315,0.757535,0.75225,0.755255
2011-01-10T11:00:00+01:00,0.755255,0.759485,0.754935,0.75852
2011-01-10T23:00:00+01:00,0.75852,0.75909,0.751305,0.751345
2011-01-11T11:00:00+01:00,0.751345,0.754195,0.750415,0.75326
2011-01-11T23:00:00+01:00,0.75326,0.75381,0.75038,0.751735
2011-01-12T11:00:00+01:00,0.751735,0.753935,0.746385,0.75304
2011-01-12T23:00:00+01:00,0.75304,0.75885,0.75032,0.75737
2011-01-13T11:00:00+01:00,0.75737,0.763,0.75716,0.763
2011-01-13T23:00:00+01:00,0.763,0.76467,0.76062,0.76124
2011-01-14T11:00:00+01:00,0.76124,0.76507,0.7578,0.7592
2011-01-16T23:00:00+01:00,0.75931,0.762215,0.75784,0.760785
2011-01-17T11:00:00+01:00,0.760785,0.765975,0.760725,0.76232
2011-01-17T23:00:00+01:00,0.76232,0.76328,0.75967,0.76162
2011-01-18T11:00:00+01:00,0.76162,0.76567,0.75952,0.76516
2011-01-18T23:00:00+01:00,0.76516,0.769835,0.76389,0.769485
2011-01-19T11:00:00+01:00,0.769485,0.773305,0.765135,0.7656
2011-01-19T23:00:00+01:00,0.7656,0.76571,0.76055,0.76253
2011-01-20T11:00:00+01:00,0.76253,0.76351,0.75479,0.75497
2011-01-20T23:00:00+01:00,0.75497,0.75605,0.75036,0.75344
2011-01-21T11:00:00+01:00,0.75344,0.75574,0.75073,0.75213
2011-01-23T23:00:00+01:00,0.75313,0.75696,0.75286,0.75638
2011-01-24T11:00:00+01:00,0.75638,0.76068,0.75521,0.75832
2011-01-24T23:00:00+01:00,0.75832,0.76107,0.75795,0.759605
2011-01-25T11:00:00+01:00,0.759605,0.7667,0.759135,0.76636
2011-01-25T23:00:00+01:00,0.76636,0.76696,0.764035,0.764475
2011-01-26T11:00:00+01:00,0.764475,0.76881,0.76106,0.76824
2011-01-26T23:00:00+01:00,0.76824,0.77092,0.76567,0.767905
2011-01-27T11:00:00+01:00,0.767905,0.772105,0.766145,0.7672
2011-01-27T23:00:00+01:00,0.7672,0.770585,0.76713,0.770045
2011-01-28T11:00:00+01:00,0.770045,0.77572,0.769055,0.77478
2011-01-30T23:00:00+01:00,0.77121,0.77481,0.76868,0.76951
2011-01-31T11:00:00+01:00,0.76951,0.776695,0.768345,0.77373
2011-01-31T23:00:00+01:00,0.77373,0.77559,0.77059,0.77455
2011-02-01T11:00:00+01:00,0.77455,0.776275,0.771895,0.77408
2011-02-01T23:00:00+01:00,0.77408,0.774905,0.770115,0.771905
2011-02-02T11:00:00+01:00,0.771905,0.77325,0.76243,0.76405
2011-02-02T23:00:00+01:00,0.76405,0.76561,0.76147,0.76285
2011-02-03T11:00:00+01:00,0.76285,0.76734,0.76179,0.76657
2011-02-03T23:00:00+01:00,0.76657,0.77318,0.76399,0.76458
2011-02-04T11:00:00+01:00,0.76458,0.76542,0.75841,0.76024
2011-02-06T23:00:00+01:00,0.76053,0.76157,0.75847,0.761
2011-02-07T11:00:00+01:00,0.761,0.76451,0.75897,0.76285
2011-02-07T23:00:00+01:00,0.76285,0.7693,0.76251,0.76687
2011-02-08T11:00:00+01:00,0.76687,0.77377,0.7652,0.77136
2011-02-08T23:00:00+01:00,0.77136,0.77199,0.76619,0.76643
2011-02-09T11:00:00+01:00,0.76643,0.76972,0.765875,0.76765
2011-02-09T23:00:00+01:00,0.76765,0.76806,0.76372,0.7654
2011-02-10T11:00:00+01:00,0.7654,0.76669,0.7593,0.76082
2011-02-10T23:00:00+01:00,0.76082,0.76097,0.754355,0.755605
2011-02-11T11:00:00+01:00,0.755605,0.756235,0.74978,0.75106
2011-02-13T23:00:00+01:00,0.74817,0.74902,0.7459,0.7465
2011-02-14T11:00:00+01:00,0.7465,0.749975,0.743485,0.74852
2011-02-14T23:00:00+01:00,0.74852,0.74931,0.74274,0.74278
2011-02-15T11:00:00+01:00,0.74278,0.74486,0.74217,0.74419
2011-02-15T23:00:00+01:00,0.74419,0.74668,0.742,0.74444
2011-02-16T11:00:00+01:00,0.74444,0.74556,0.74098,0.74334
2011-02-16T23:00:00+01:00,0.74334,0.74453,0.74273,0.74348
2011-02-17T11:00:00+01:00,0.74348,0.74902,0.74179,0.7471
2011-02-17T23:00:00+01:00,0.7471,0.751445,0.74639,0.748295
2011-02-18T11:00:00+01:00,0.748295,0.75473,0.747225,0.75156
2011-02-20T23:00:00+01:00,0.75204,0.75493,0.75053,0.75225
2011-02-21T11:00:00+01:00,0.75225,0.7526,0.74816,0.75085
2011-02-21T23:00:00+01:00,0.75085,0.75107,0.73689,0.73699
2011-02-22T11:00:00+01:00,0.73699,0.74234,0.73532,0.73953
2011-02-22T23:00:00+01:00,0.73953,0.74268,0.73601,0.73831
2011-02-23T11:00:00+01:00,0.73831,0.74242,0.73598,0.73796
2011-02-23T23:00:00+01:00,0.73796,0.73907,0.733585,0.734955
2011-02-24T11:00:00+01:00,0.734955,0.738215,0.733115,0.73436
2011-02-24T23:00:00+01:00,0.73436,0.739,0.73399,0.73434
2011-02-25T11:00:00+01:00,0.73434,0.73811,0.73363,0.73473
2011-02-27T23:00:00+01:00,0.73455,0.73874,0.733455,0.733485
2011-02-28T11:00:00+01:00,0.733485,0.736835,0.73072,0.73108
2011-02-28T23:00:00+01:00,0.73108,0.73241,0.72791,0.72899
2011-03-01T11:00:00+01:00,0.72899,0.73247,0.72766,0.72832
2011-03-01T23:00:00+01:00,0.72832,0.7289,0.72021,0.7242
2011-03-02T11:00:00+01:00,0.7242,0.72489,0.71951,0.72334
2011-03-02T23:00:00+01:00,0.72334,0.72729,0.72186,0.7265
2011-03-03T11:00:00+01:00,0.7265,0.72745,0.71909,0.72031
2011-03-03T23:00:00+01:00,0.72031,0.72047,0.71674,0.71697
2011-03-04T11:00:00+01:00,0.71697,0.7192,0.71362,0.71832
2011-03-06T23:00:00+01:00,0.71763,0.71883,0.71451,0.71698
2011-03-07T11:00:00+01:00,0.71698,0.71832,0.71485,0.71726
2011-03-07T23:00:00+01:00,0.71726,0.72233,0.71669,0.719065
2011-03-08T11:00:00+01:00,0.719065,0.721055,0.71734,0.7184
2011-03-08T23:00:00+01:00,0.7184,0.72004,0.71671,0.71834
2011-03-09T11:00:00+01:00,0.71834,0.71864,0.71018,0.71347
2011-03-09T23:00:00+01:00,0.71347,0.71491,0.71166,0.71285
2011-03-10T11:00:00+01:00,0.71285,0.71803,0.71212,0.71786
2011-03-10T23:00:00+01:00,0.71786,0.71786,0.71444,0.71543
2011-03-11T11:00:00+01:00,0.71543,0.72554,0.71536,0.72277
2011-03-13T22:00:00+01:00,0.72238,0.72249,0.71644,0.71808
2011-03-14T10:00:00+01:00,0.71808,0.72208,0.71643,0.72001
2011-03-14T22:00:00+01:00,0.72001,0.72221,0.71556,0.718865
2011-03-15T10:00:00+01:00,0.718865,0.725395,0.716915,0.72149
2011-03-15T22:00:00+01:00,0.72149,0.72265,0.71881,0.72065
2011-03-16T10:00:00+01:00,0.72065,0.72538,0.71882,0.72192
2011-03-16T22:00:00+01:00,0.72192,0.72278,0.70582,0.71605
2011-03-17T10:00:00+01:00,0.71605,0.71639,0.7062,0.70697
2011-03-17T22:00:00+01:00,0.70697,0.71758,0.70695,0.711885
2011-03-18T10:00:00+01:00,0.711885,0.72145,0.711745,0.71945
2011-03-20T22:00:00+01:00,0.72017,0.72109,0.7183,0.71912
2011-03-21T10:00:00+01:00,0.71912,0.72076,0.71562,0.71945
2011-03-21T22:00:00+01:00,0.71945,0.72587,0.71817,0.72567
2011-03-22T10:00:00+01:00,0.72567,0.7288,0.723425,0.72581
2011-03-22T22:00:00+01:00,0.72581,0.72832,0.72475,0.72677
2011-03-23T10:00:00+01:00,0.72677,0.728495,0.724435,0.727
2011-03-23T22:00:00+01:00,0.727,0.73325,0.72631,0.730125
2011-03-24T10:00:00+01:00,0.730125,0.733455,0.729615,0.73081
2011-03-24T22:00:00+01:00,0.73081,0.7344,0.7306,0.7329
2011-03-25T10:00:00+01:00,0.7329,0.7417,0.73247,0.73857
2011-03-27T23:00:00+02:00,0.73822,0.73985,0.73429,0.73479
2011-03-28T11:00:00+02:00,0.73479,0.73715,0.73188,0.73481
2011-03-28T23:00:00+02:00,0.73481,0.73495,0.73236,0.73437
2011-03-29T11:00:00+02:00,0.73437,0.73918,0.73214,0.73684
2011-03-29T23:00:00+02:00,0.73684,0.73997,0.73589,0.738495
2011-03-30T11:00:00+02:00,0.738495,0.741875,0.736155,0.74015
2011-03-30T23:00:00+02:00,0.74015,0.74124,0.73689,0.7388
2011-03-31T11:00:00+02:00,0.7388,0.742835,0.73832,0.73911
2011-03-31T23:00:00+02:00,0.73911,0.74002,0.73516,0.737665
2011-04-01T11:00:00+02:00,0.737665,0.741345,0.735485,0.7396
2011-04-03T23:00:00+02:00,0.74033,0.74149,0.73897,0.74033
2011-04-04T11:00:00+02:00,0.74033,0.74367,0.7391,0.7428
2011-04-04T23:00:00+02:00,0.7428,0.745445,0.74181,0.744035
2011-04-05T11:00:00+02:00,0.744035,0.744735,0.73952,0.74071
2011-04-05T23:00:00+02:00,0.74071,0.74577,0.73932,0.74438
2011-04-06T11:00:00+02:00,0.74438,0.7492,0.74189,0.74904
2011-04-06T23:00:00+02:00,0.74904,0.74969,0.74506,0.74587
2011-04-07T11:00:00+02:00,0.74587,0.74813,0.74372,0.74645
2011-04-07T23:00:00+02:00,0.74645,0.74896,0.74409,0.74442
2011-04-08T11:00:00+02:00,0.74442,0.74942,0.7431,0.74786
2011-04-10T23:00:00+02:00,0.74815,0.74937,0.74574,0.747525
2011-04-11T11:00:00+02:00,0.747525,0.750245,0.744765,0.74595
2011-04-11T23:00:00+02:00,0.74595,0.75061,0.74564,0.74915
2011-04-12T11:00:00+02:00,0.74915,0.75884,0.74853,0.75475
2011-04-12T23:00:00+02:00,0.75475,0.76046,0.75306,0.75994
2011-04-13T11:00:00+02:00,0.75994,0.76336,0.75777,0.75972
2011-04-13T23:00:00+02:00,0.75972,0.7644,0.75811,0.76145
2011-04-14T11:00:00+02:00,0.76145,0.76361,0.76037,0.76294
2011-04-14T23:00:00+02:00,0.76294,0.76745,0.76167,0.767
2011-04-15T11:00:00+02:00,0.767,0.76882,0.76566,0.76694
2011-04-17T23:00:00+02:00,0.76688,0.76751,0.760145,0.761115
2011-04-18T11:00:00+02:00,0.761115,0.764225,0.758275,0.76271
2011-04-18T23:00:00+02:00,0.76271,0.76311,0.75487,0.75807
2011-04-19T11:00:00+02:00,0.75807,0.76089,0.752765,0.75431
2011-04-19T23:00:00+02:00,0.75431,0.76059,0.75342,0.76059
2011-04-20T11:00:00+02:00,0.76059,0.76141,0.75709,0.76029
2011-04-20T23:00:00+02:00,0.76029,0.76173,0.75783,0.75897
2011-04-21T11:00:00+02:00,0.75897,0.76513,0.75835,0.76296
2011-04-21T23:00:00+02:00,0.76296,0.76555,0.76265,0.76398
2011-04-22T11:00:00+02:00,0.76398,0.76577,0.76303,0.76522
2011-04-24T23:00:00+02:00,0.76349,0.76598,0.76174,0.762845
2011-04-25T11:00:00+02:00,0.762845,0.764505,0.762195,0.76291
2011-04-25T23:00:00+02:00,0.76291,0.76695,0.76225,0.76561
2011-04-26T11:00:00+02:00,0.76561,0.76865,0.76406,0.76668
2011-04-26T23:00:00+02:00,0.76668,0.7705,0.76518,0.768355
2011-04-27T11:00:00+02:00,0.768355,0.769115,0.764395,0.76738
2011-04-27T23:00:00+02:00,0.76738,0.7675,0.76066,0.76203
2011-04-28T11:00:00+02:00,0.76203,0.7639,0.75835,0.76291
2011-04-28T23:00:00+02:00,0.76291,0.7656,0.761135,0.765295
2011-04-29T11:00:00+02:00,0.765295,0.769705,0.763115,0.76572
2011-05-01T23:00:00+02:00,0.7654,0.76635,0.76058,0.76459
2011-05-02T11:00:00+02:00,0.76459,0.77013,0.7645,0.76659
2011-05-02T23:00:00+02:00,0.76659,0.76715,0.75885,0.76195
2011-05-03T11:00:00+02:00,0.76195,0.76534,0.76022,0.76075
2011-05-03T23:00:00+02:00,0.76075,0.761545,0.75498,0.75676
2011-05-04T11:00:00+02:00,0.75676,0.75848,0.75374,0.75773
2011-05-04T23:00:00+02:00,0.75773,0.761265,0.75645,0.75926
2011-05-05T11:00:00+02:00,0.75926,0.7618,0.75609,0.7584
2011-05-05T23:00:00+02:00,0.7584,0.76374,0.75754,0.7618
2011-05-06T11:00:00+02:00,0.7618,0.76754,0.75648,0.76418
2011-05-08T23:00:00+02:00,0.76446,0.76603,0.76089,0.76593
2011-05-09T11:00:00+02:00,0.76593,0.76673,0.76298,0.76509
2011-05-09T23:00:00+02:00,0.76509,0.7663,0.76104,0.7648
2011-05-10T11:00:00+02:00,0.7648,0.76523,0.76012,0.7608
2011-05-10T23:00:00+02:00,0.7608,0.76188,0.75808,0.75871
2011-05-11T11:00:00+02:00,0.75871,0.76024,0.75587,0.7591
2011-05-11T23:00:00+02:00,0.7591,0.76168,0.757225,0.76083
2011-05-12T11:00:00+02:00,0.76083,0.77017,0.75814,0.76594
2011-05-12T23:00:00+02:00,0.76594,0.7665,0.762655,0.763995
2011-05-13T11:00:00+02:00,0.763995,0.765635,0.760235,0.76264
2011-05-15T23:00:00+02:00,0.76062,0.76363,0.759365,0.762185
2011-05-16T11:00:00+02:00,0.762185,0.762725,0.756725,0.76092
2011-05-16T23:00:00+02:00,0.76092,0.76259,0.75825,0.759
2011-05-17T11:00:00+02:00,0.759,0.7635,0.75812,0.76309
2011-05-17T23:00:00+02:00,0.76309,0.768405,0.76151,0.765865
2011-05-18T11:00:00+02:00,0.765865,0.768545,0.764895,0.76548
2011-05-18T23:00:00+02:00,0.76548,0.76855,0.76423,0.76558
2011-05-19T11:00:00+02:00,0.76558,0.76607,0.76232,0.76531
2011-05-19T23:00:00+02:00,0.76531,0.76818,0.76501,0.76818
2011-05-20T11:00:00+02:00,0.76818,0.776675,0.76722,0.77529
2011-05-22T23:00:00+02:00,0.77317,0.77462,0.77003,0.77281
2011-05-23T11:00:00+02:00,0.77281,0.77425,0.77047,0.77291
2011-05-23T23:00:00+02:00,0.77291,0.78013,0.77146,0.78011
2011-05-24T11:00:00+02:00,0.78011,0.78408,0.77762,0.77772
2011-05-24T23:00:00+02:00,0.77772,0.77941,0.77552,0.778465
2011-05-25T11:00:00+02:00,0.778465,0.781885,0.776855,0.78043
2011-05-25T23:00:00+02:00,0.78043,0.79203,0.77929,0.79046
2011-05-26T11:00:00+02:00,0.79046,0.79486,0.78974,0.79345
2011-05-26T23:00:00+02:00,0.79345,0.80061,0.79044,0.796705
2011-05-27T11:00:00+02:00,0.796705,0.800115,0.792905,0.79967
2011-05-29T23:00:00+02:00,0.80053,0.80287,0.79704,0.79766
2011-05-30T11:00:00+02:00,0.79766,0.79979,0.79667,0.79766
2011-05-30T23:00:00+02:00,0.79766,0.80503,0.79736,0.80134
2011-05-31T11:00:00+02:00,0.80134,0.80136,0.79534,0.79784
2011-05-31T23:00:00+02:00,0.79784,0.79923,0.79393,0.7982
2011-06-01T11:00:00+02:00,0.7982,0.80125,0.79421,0.7962
2011-06-01T23:00:00+02:00,0.7962,0.79831,0.79359,0.79691
2011-06-02T11:00:00+02:00,0.79691,0.79825,0.79515,0.79598
2011-06-02T23:00:00+02:00,0.79598,0.79891,0.79388,0.7948
2011-06-03T11:00:00+02:00,0.7948,0.79968,0.79292,0.79806
2011-06-05T23:00:00+02:00,0.79767,0.801845,0.79685,0.800685
2011-06-06T11:00:00+02:00,0.800685,0.802135,0.796765,0.79899
2011-06-06T23:00:00+02:00,0.79899,0.80309,0.79718,0.80183
2011-06-07T11:00:00+02:00,0.80183,0.80253,0.79867,0.79967
2011-06-07T23:00:00+02:00,0.79967,0.8004,0.79643,0.79963
2011-06-08T11:00:00+02:00,0.79963,0.80148,0.7975,0.79814
2011-06-08T23:00:00+02:00,0.79814,0.80741,0.79814,0.805035
2011-06-09T11:00:00+02:00,0.805035,0.809225,0.80131,0.80257
2011-06-09T23:00:00+02:00,0.80257,0.80582,0.80202,0.80499
2011-06-10T11:00:00+02:00,0.80499,0.80664,0.801615,0.80496
2011-06-12T23:00:00+02:00,0.80319,0.8047,0.79321,0.794015
2011-06-13T11:00:00+02:00,0.794015,0.798655,0.793105,0.7959
2011-06-13T23:00:00+02:00,0.7959,0.79959,0.79507,0.79933
2011-06-14T11:00:00+02:00,0.79933,0.79985,0.79054,0.79211
2011-06-14T23:00:00+02:00,0.79211,0.79498,0.78775,0.78906
2011-06-15T11:00:00+02:00,0.78906,0.79368,0.78716,0.78983
2011-06-15T23:00:00+02:00,0.78983,0.7903,0.784725,0.78575
2011-06-16T11:00:00+02:00,0.78575,0.79158,0.78551,0.78975
2011-06-16T23:00:00+02:00,0.78975,0.79433,0.78919,0.79144
2011-06-17T11:00:00+02:00,0.79144,0.79727,0.79058,0.79605
2011-06-19T23:00:00+02:00,0.79524,0.79684,0.79187,0.79236
2011-06-20T11:00:00+02:00,0.79236,0.79534,0.79132,0.79364
2011-06-20T23:00:00+02:00,0.79364,0.795885,0.79174,0.794335
2011-06-21T11:00:00+02:00,0.794335,0.794965,0.788365,0.78915
2011-06-21T23:00:00+02:00,0.78915,0.793485,0.78888,0.793315
2011-06-22T11:00:00+02:00,0.793315,0.796795,0.79175,0.79346
2011-06-22T23:00:00+02:00,0.79346,0.79587,0.791015,0.791605
2011-06-23T11:00:00+02:00,0.791605,0.79746,0.790655,0.79689
2011-06-23T23:00:00+02:00,0.79689,0.79877,0.79492,0.79853
2011-06-24T11:00:00+02:00,0.79853,0.80407,0.79735,0.80242
2011-06-26T23:00:00+02:00,0.79765,0.79865,0.79345,0.79453
2011-06-27T11:00:00+02:00,0.79453,0.79582,0.79195,0.79455
2011-06-27T23:00:00+02:00,0.79455,0.7959,0.7919,0.7952
2011-06-28T11:00:00+02:00,0.7952,0.79854,0.79174,0.79679
2011-06-28T23:00:00+02:00,0.79679,0.802775,0.79478,0.801335
2011-06-29T11:00:00+02:00,0.801335,0.803535,0.794915,0.80021
2011-06-29T23:00:00+02:00,0.80021,0.8053,0.79902,0.800715
2011-06-30T11:00:00+02:00,0.800715,0.801015,0.796145,0.79879
2011-06-30T23:00:00+02:00,0.79879,0.79959,0.79466,0.79626
2011-07-01T11:00:00+02:00,0.79626,0.79684,0.79293,0.79297
2011-07-03T23:00:00+02:00,0.79457,0.79742,0.79326,0.796735
2011-07-04T11:00:00+02:00,0.796735,0.797695,0.795195,0.79737
2011-07-04T23:00:00+02:00,0.79737,0.80051,0.79493,0.797385
2011-07-05T11:00:00+02:00,0.797385,0.798945,0.793405,0.79498
2011-07-05T23:00:00+02:00,0.79498,0.7985,0.79468,0.79708
2011-07-06T11:00:00+02:00,0.79708,0.80119,0.79523,0.79835
2011-07-06T23:00:00+02:00,0.79835,0.80069,0.79705,0.799155
2011-07-07T11:00:00+02:00,0.799155,0.79978,0.79384,0.79907
2011-07-07T23:00:00+02:00,0.79907,0.79964,0.79685,0.79839
2011-07-08T11:00:00+02:00,0.79839,0.80878,0.79652,0.8061
2011-07-10T23:00:00+02:00,0.80286,0.80591,0.80236,0.80559
2011-07-11T11:00:00+02:00,0.80559,0.80788,0.80125,0.80329
2011-07-11T23:00:00+02:00,0.80329,0.80408,0.79106,0.79372
2011-07-12T11:00:00+02:00,0.79372,0.79839,0.78988,0.79074
2011-07-12T23:00:00+02:00,0.79074,0.794865,0.78753,0.793535
2011-07-13T11:00:00+02:00,0.793535,0.804405,0.792585,0.80238
2011-07-13T23:00:00+02:00,0.80238,0.81341,0.80017,0.810745
2011-07-14T11:00:00+02:00,0.810745,0.811545,0.806665,0.80891
2011-07-14T23:00:00+02:00,0.80891,0.81046,0.80605,0.80681
2011-07-15T11:00:00+02:00,0.80681,0.80893,0.80402,0.8052
2011-07-17T23:00:00+02:00,0.80744,0.81097,0.80529,0.81072
2011-07-18T11:00:00+02:00,0.81072,0.81236,0.80848,0.81097
2011-07-18T23:00:00+02:00,0.81097,0.81303,0.809,0.81201
2011-07-19T11:00:00+02:00,0.81201,0.8155,0.809495,0.81313
2011-07-19T23:00:00+02:00,0.81313,0.8144,0.810765,0.811355
2011-07-20T11:00:00+02:00,0.811355,0.81244,0.80829,0.8113
2011-07-20T23:00:00+02:00,0.8113,0.81271,0.80948,0.811165
2011-07-21T11:00:00+02:00,0.811165,0.816725,0.810345,0.8142
2011-07-21T23:00:00+02:00,0.8142,0.815865,0.811285,0.815865
2011-07-22T11:00:00+02:00,0.815865,0.82367,0.815485,0.81964
2011-07-24T23:00:00+02:00,0.82011,0.82411,0.81943,0.8221
2011-07-25T11:00:00+02:00,0.8221,0.82304,0.81727,0.81855
2011-07-25T23:00:00+02:00,0.81855,0.82291,0.81549,0.82164
2011-07-26T11:00:00+02:00,0.82164,0.82405,0.82009,0.82212
2011-07-26T23:00:00+02:00,0.82212,0.82651,0.82057,0.825645
2011-07-27T11:00:00+02:00,0.825645,0.82724,0.822685,0.82614
2011-07-27T23:00:00+02:00,0.82614,0.82933,0.82391,0.82692
2011-07-28T11:00:00+02:00,0.82692,0.828485,0.825445,0.82709
2011-07-28T23:00:00+02:00,0.82709,0.82726,0.822375,0.823155
2011-07-29T11:00:00+02:00,0.823155,0.84189,0.820835,0.84015
2011-07-31T23:00:00+02:00,0.84026,0.842095,0.83759,0.83782
2011-08-01T11:00:00+02:00,0.83782,0.84126,0.83652,0.83895
2011-08-01T23:00:00+02:00,0.83895,0.83919,0.83401,0.83506
2011-08-02T11:00:00+02:00,0.83506,0.83775,0.83149,0.83293
2011-08-02T23:00:00+02:00,0.83293,0.833,0.82487,0.82935
2011-08-03T11:00:00+02:00,0.82935,0.8327,0.82845,0.8309
2011-08-03T23:00:00+02:00,0.8309,0.83307,0.82076,0.82465
2011-08-04T11:00:00+02:00,0.82465,0.83112,0.81828,0.82095
2011-08-04T23:00:00+02:00,0.82095,0.82213,0.81182,0.81919
2011-08-05T11:00:00+02:00,0.81919,0.82825,0.8179,0.82824
2011-08-07T23:00:00+02:00,0.82707,0.82843,0.81192,0.81644
2011-08-08T11:00:00+02:00,0.81644,0.824825,0.81406,0.81636
2011-08-08T23:00:00+02:00,0.81636,0.818605,0.79572,0.815405
2011-08-09T11:00:00+02:00,0.815405,0.82201,0.80253,0.81834
2011-08-09T23:00:00+02:00,0.81834,0.82435,0.81593,0.82184
2011-08-10T11:00:00+02:00,0.82184,0.82611,0.80234,0.8071
2011-08-10T23:00:00+02:00,0.8071,0.81685,0.80053,0.812815
2011-08-11T11:00:00+02:00,0.812815,0.82159,0.806875,0.81878
2011-08-11T23:00:00+02:00,0.81878,0.82053,0.80973,0.81436
2011-08-12T11:00:00+02:00,0.81436,0.82547,0.81436,0.82156
2011-08-14T23:00:00+02:00,0.82242,0.8292,0.82204,0.82706
2011-08-15T11:00:00+02:00,0.82706,0.82724,0.81407,0.81547
2011-08-15T23:00:00+02:00,0.81547,0.81959,0.814115,0.818455
2011-08-16T11:00:00+02:00,0.818455,0.823055,0.815665,0.8214
2011-08-16T23:00:00+02:00,0.8214,0.82199,0.8174,0.8206
2011-08-17T11:00:00+02:00,0.8206,0.82435,0.81888,0.82128
2011-08-17T23:00:00+02:00,0.82128,0.82176,0.81627,0.81814
2011-08-18T11:00:00+02:00,0.81814,0.82286,0.81147,0.81364
2011-08-18T23:00:00+02:00,0.81364,0.81592,0.81081,0.81385
2011-08-19T11:00:00+02:00,0.81385,0.81884,0.80812,0.8095
2011-08-21T23:00:00+02:00,0.81059,0.81405,0.80748,0.8109
2011-08-22T11:00:00+02:00,0.8109,0.81778,0.81019,0.81633
2011-08-22T23:00:00+02:00,0.81633,0.82206,0.81332,0.8204
2011-08-23T11:00:00+02:00,0.8204,0.82696,0.82015,0.82549
2011-08-23T23:00:00+02:00,0.82549,0.82619,0.81754,0.81988
2011-08-24T11:00:00+02:00,0.81988,0.82114,0.81678,0.81781
2011-08-24T23:00:00+02:00,0.81781,0.8205,0.81602,0.8186
2011-08-25T11:00:00+02:00,0.8186,0.82078,0.81442,0.81755
2011-08-25T23:00:00+02:00,0.81755,0.82252,0.81653,0.82175
2011-08-26T11:00:00+02:00,0.82175,0.82858,0.82168,0.82413
2011-08-28T23:00:00+02:00,0.82402,0.8284,0.82281,0.826015
2011-08-29T11:00:00+02:00,0.826015,0.827855,0.823715,0.82669
2011-08-29T23:00:00+02:00,0.82669,0.83336,0.82619,0.83217
2011-08-30T11:00:00+02:00,0.83217,0.83716,0.82942,0.8342
2011-08-30T23:00:00+02:00,0.8342,0.837015,0.83296,0.836045
2011-08-31T11:00:00+02:00,0.836045,0.837115,0.831335,0.8352
2011-08-31T23:00:00+02:00,0.8352,0.83558,0.82944,0.83172
2011-09-01T11:00:00+02:00,0.83172,0.83221,0.8282,0.83127
2011-09-01T23:00:00+02:00,0.83127,0.83243,0.83012,0.831255
2011-09-02T11:00:00+02:00,0.831255,0.836775,0.830145,0.83532
2011-09-04T23:00:00+02:00,0.8331,0.83405,0.829055,0.829525
2011-09-05T11:00:00+02:00,0.829525,0.829775,0.822615,0.82442
2011-09-05T23:00:00+02:00,0.82442,0.82821,0.81893,0.82484
2011-09-06T11:00:00+02:00,0.82484,0.82643,0.8129,0.81495
2011-09-06T23:00:00+02:00,0.81495,0.819115,0.81417,0.817455
2011-09-07T11:00:00+02:00,0.817455,0.82296,0.817285,0.8181
2011-09-07T23:00:00+02:00,0.8181,0.82243,0.81788,0.821995
2011-09-08T11:00:00+02:00,0.821995,0.825365,0.82088,0.82216
2011-09-08T23:00:00+02:00,0.82216,0.82653,0.82173,0.824585
2011-09-09T11:00:00+02:00,0.824585,0.82633,0.81677,0.8193
2011-09-11T23:00:00+02:00,0.81912,0.82006,0.81223,0.81485
2011-09-12T11:00:00+02:00,0.81485,0.82153,0.81371,0.81725
2011-09-12T23:00:00+02:00,0.81725,0.81928,0.81483,0.81733
2011-09-13T11:00:00+02:00,0.81733,0.81974,0.81105,0.81112
2011-09-13T23:00:00+02:00,0.81112,0.81435,0.80781,0.812495
2011-09-14T11:00:00+02:00,0.812495,0.817605,0.810345,0.81432
2011-09-14T23:00:00+02:00,0.81432,0.81469,0.80754,0.81259
2011-09-15T11:00:00+02:00,0.81259,0.81584,0.80937,0.81037
2011-09-15T23:00:00+02:00,0.81037,0.81602,0.80897,0.81588
2011-09-16T11:00:00+02:00,0.81588,0.82023,0.81035,0.81099
2011-09-18T23:00:00+02:00,0.80907,0.81304,0.80803,0.80954
2011-09-19T11:00:00+02:00,0.80954,0.81924,0.80658,0.81728
2011-09-19T23:00:00+02:00,0.81728,0.81736,0.8108,0.81423
2011-09-20T11:00:00+02:00,0.81423,0.81991,0.81348,0.8181
2011-09-20T23:00:00+02:00,0.8181,0.81852,0.81527,0.81625
2011-09-21T11:00:00+02:00,0.81625,0.81972,0.80454,0.80798
2011-09-21T23:00:00+02:00,0.80798,0.81127,0.802385,0.805375
2011-09-22T11:00:00+02:00,0.805375,0.810525,0.79927,0.80271
2011-09-22T23:00:00+02:00,0.80271,0.807885,0.800025,0.80444
2011-09-23T11:00:00+02:00,0.80444,0.80457,0.79645,0.79764
2011-09-25T23:00:00+02:00,0.79845,0.79969,0.79219,0.79733
2011-09-26T11:00:00+02:00,0.79733,0.80269,0.79439,0.79975
2011-09-26T23:00:00+02:00,0.79975,0.80908,0.796705,0.80756
2011-09-27T11:00:00+02:00,0.80756,0.81046,0.80272,0.80378
2011-09-27T23:00:00+02:00,0.80378,0.80681,0.80287,0.80508
2011-09-28T11:00:00+02:00,0.80508,0.80732,0.79995,0.8028
2011-09-28T23:00:00+02:00,0.8028,0.80598,0.79809,0.8051
2011-09-29T11:00:00+02:00,0.8051,0.80581,0.794185,0.79888
2011-09-29T23:00:00+02:00,0.79888,0.79912,0.7939,0.796255
2011-09-30T11:00:00+02:00,0.796255,0.80034,0.794995,0.79972
2011-10-02T23:00:00+02:00,0.79873,0.80184,0.79632,0.797355
2011-10-03T11:00:00+02:00,0.797355,0.800335,0.792225,0.79384
2011-10-03T23:00:00+02:00,0.79384,0.79816,0.79054,0.79542
2011-10-04T11:00:00+02:00,0.79542,0.80456,0.79072,0.79915
2011-10-04T23:00:00+02:00,0.79915,0.80358,0.79824,0.80206
2011-10-05T11:00:00+02:00,0.80206,0.80287,0.79567,0.79714
2011-10-05T23:00:00+02:00,0.79714,0.80271,0.79578,0.80143
2011-10-06T11:00:00+02:00,0.80143,0.80437,0.79915,0.80041
2011-10-06T23:00:00+02:00,0.80041,0.80503,0.79693,0.8033
2011-10-07T11:00:00+02:00,0.8033,0.8048,0.796805,0.80096
2011-10-09T23:00:00+02:00,0.79813,0.80214,0.79593,0.80146
2011-10-10T11:00:00+02:00,0.80146,0.80697,0.8006,0.80423
2011-10-10T23:00:00+02:00,0.80423,0.80694,0.80251,0.80498
2011-10-11T11:00:00+02:00,0.80498,0.80654,0.80061,0.80322
2011-10-11T23:00:00+02:00,0.80322,0.809255,0.79916,0.808125
2011-10-12T11:00:00+02:00,0.808125,0.811175,0.805105,0.80966
2011-10-12T23:00:00+02:00,0.80966,0.81154,0.80746,0.80884
2011-10-13T11:00:00+02:00,0.80884,0.81247,0.80769,0.81214
2011-10-13T23:00:00+02:00,0.81214,0.81367,0.80937,0.81213
2011-10-14T11:00:00+02:00,0.81213,0.81516,0.80841,0.81326
2011-10-16T23:00:00+02:00,0.8113,0.81306,0.80783,0.81041
2011-10-17T11:00:00+02:00,0.81041,0.8122,0.80849,0.81017
2011-10-17T23:00:00+02:00,0.81017,0.81216,0.805795,0.807375
2011-10-18T11:00:00+02:00,0.807375,0.81038,0.80554,0.80699
2011-10-18T23:00:00+02:00,0.80699,0.80889,0.80441,0.80824
2011-10-19T11:00:00+02:00,0.80824,0.80847,0.80463,0.80821
2011-10-19T23:00:00+02:00,0.80821,0.810985,0.80681,0.810085
2011-10-20T11:00:00+02:00,0.810085,0.811025,0.804705,0.80535
2011-10-20T23:00:00+02:00,0.80535,0.80759,0.80406,0.806045
2011-10-21T11:00:00+02:00,0.806045,0.810675,0.80311,0.80859
2011-10-23T23:00:00+02:00,0.80944,0.8124,0.80655,0.809265
2011-10-24T11:00:00+02:00,0.809265,0.813675,0.808525,0.81048
2011-10-24T23:00:00+02:00,0.81048,0.81095,0.804485,0.804975
2011-10-25T11:00:00+02:00,0.804975,0.813025,0.80086,0.81054
2011-10-25T23:00:00+02:00,0.81054,0.81104,0.80645,0.80708
2011-10-26T11:00:00+02:00,0.80708,0.80891,0.79536,0.8045
2011-10-26T23:00:00+02:00,0.8045,0.80872,0.80151,0.80719
2011-10-27T11:00:00+02:00,0.80719,0.81633,0.80697,0.81532
2011-10-27T23:00:00+02:00,0.81532,0.81861,0.810715,0.81132
2011-10-28T11:00:00+02:00,0.81132,0.8185,0.81006,0.81423
2011-10-30T22:00:00+01:00,0.81269,0.81694,0.80859,0.81166
2011-10-31T10:00:00+01:00,0.81166,0.81181,0.80544,0.80739
2011-10-31T22:00:00+01:00,0.80739,0.8095,0.80429,0.80718
2011-11-01T10:00:00+01:00,0.80718,0.81195,0.80419,0.81139
2011-11-01T22:00:00+01:00,0.81139,0.81147,0.80722,0.80928
2011-11-02T10:00:00+01:00,0.80928,0.80938,0.798865,0.80212
2011-11-02T22:00:00+01:00,0.80212,0.80387,0.79563,0.799535
2011-11-03T10:00:00+01:00,0.799535,0.803005,0.796475,0.801
2011-11-03T22:00:00+01:00,0.801,0.80511,0.79931,0.80324
2011-11-04T10:00:00+01:00,0.80324,0.8096,0.80304,0.80832
2011-11-06T23:00:00+01:00,0.81063,0.81252,0.807405,0.807795
2011-11-07T11:00:00+01:00,0.807795,0.811115,0.806255,0.80719
2011-11-07T23:00:00+01:00,0.80719,0.80961,0.80476,0.80831
2011-11-08T11:00:00+01:00,0.80831,0.80898,0.80439,0.80533
2011-11-08T23:00:00+01:00,0.80533,0.80609,0.80041,0.80104
2011-11-09T11:00:00+01:00,0.80104,0.80312,0.79799,0.80056
2011-11-09T23:00:00+01:00,0.80056,0.80056,0.79355,0.796215
2011-11-10T11:00:00+01:00,0.796215,0.797325,0.78985,0.79047
2011-11-10T23:00:00+01:00,0.79047,0.79525,0.78939,0.7935
2011-11-11T11:00:00+01:00,0.7935,0.79663,0.792025,0.79338
2011-11-13T23:00:00+01:00,0.79939,0.79977,0.79569,0.79779
2011-11-14T11:00:00+01:00,0.79779,0.79838,0.790755,0.79348
2011-11-14T23:00:00+01:00,0.79348,0.7954,0.78655,0.78847
2011-11-15T11:00:00+01:00,0.78847,0.78881,0.78512,0.78759
2011-11-15T23:00:00+01:00,0.78759,0.78926,0.78431,0.78829
2011-11-16T11:00:00+01:00,0.78829,0.78902,0.7821,0.78467
2011-11-16T23:00:00+01:00,0.78467,0.78535,0.78175,0.783245
2011-11-17T11:00:00+01:00,0.783245,0.784545,0.777705,0.78073
2011-11-17T23:00:00+01:00,0.78073,0.78349,0.77829,0.780095
2011-11-18T11:00:00+01:00,0.780095,0.78235,0.77571,0.77737
2011-11-20T23:00:00+01:00,0.77671,0.77925,0.77562,0.77627
2011-11-21T11:00:00+01:00,0.77627,0.77789,0.77358,0.77696
2011-11-21T23:00:00+01:00,0.77696,0.77939,0.77512,0.77782
2011-11-22T11:00:00+01:00,0.77782,0.77782,0.7723,0.77607
2011-11-22T23:00:00+01:00,0.77607,0.77981,0.77344,0.775165
2011-11-23T11:00:00+01:00,0.775165,0.777165,0.771965,0.77612
2011-11-23T23:00:00+01:00,0.77612,0.77879,0.77421,0.77816
2011-11-24T11:00:00+01:00,0.77816,0.77816,0.77494,0.77656
2011-11-24T23:00:00+01:00,0.77656,0.778915,0.77541,0.778765
2011-11-25T11:00:00+01:00,0.778765,0.779055,0.77402,0.77514
2011-11-27T23:00:00+01:00,0.78315,0.78515,0.77961,0.78217
2011-11-28T11:00:00+01:00,0.78217,0.78243,0.778885,0.7809
2011-11-28T23:00:00+01:00,0.7809,0.7845,0.77831,0.78297
2011-11-29T11:00:00+01:00,0.78297,0.78701,0.78267,0.78558
2011-11-29T23:00:00+01:00,0.78558,0.78977,0.78372,0.78451
2011-11-30T11:00:00+01:00,0.78451,0.797415,0.78397,0.79409
2011-11-30T23:00:00+01:00,0.79409,0.79528,0.78938,0.79269
2011-12-01T11:00:00+01:00,0.79269,0.7944,0.78849,0.79032
2011-12-01T23:00:00+01:00,0.79032,0.79308,0.78913,0.790035
2011-12-02T11:00:00+01:00,0.790035,0.79315,0.787415,0.79225
2011-12-04T23:00:00+01:00,0.79444,0.794845,0.79028,0.794185
2011-12-05T11:00:00+01:00,0.794185,0.794555,0.790775,0.79295
2011-12-05T23:00:00+01:00,0.79295,0.79442,0.78932,0.78943
2011-12-06T11:00:00+01:00,0.78943,0.79308,0.78675,0.78769
2011-12-06T23:00:00+01:00,0.78769,0.78879,0.78626,0.78809
2011-12-07T11:00:00+01:00,0.78809,0.78854,0.78465,0.78753
2011-12-07T23:00:00+01:00,0.78753,0.789255,0.78668,0.788015
2011-12-08T11:00:00+01:00,0.788015,0.792375,0.787585,0.79093
2011-12-08T23:00:00+01:00,0.79093,0.79122,0.7836,0.7863
2011-12-09T11:00:00+01:00,0.7863,0.79049,0.78459,0.78887
2011-12-11T23:00:00+01:00,0.7896,0.79001,0.784985,0.786255
2011-12-12T11:00:00+01:00,0.786255,0.787425,0.782365,0.78367
2011-12-12T23:00:00+01:00,0.78367,0.78537,0.78234,0.78471
2011-12-13T11:00:00+01:00,0.78471,0.78673,0.78145,0.78272
2011-12-13T23:00:00+01:00,0.78272,0.78333,0.78051,0.78235
2011-12-14T11:00:00+01:00,0.78235,0.78306,0.77903,0.78027
2011-12-14T23:00:00+01:00,0.78027,0.78034,0.77592,0.77769
2011-12-15T11:00:00+01:00,0.77769,0.78169,0.77725,0.77978
2011-12-15T23:00:00+01:00,0.77978,0.7853,0.77932,0.7842
2011-12-16T11:00:00+01:00,0.7842,0.79249,0.78402,0.79104
2011-12-18T23:00:00+01:00,0.79216,0.79249,0.78804,0.78916
2011-12-19T11:00:00+01:00,0.78916,0.79014,0.78311,0.78493
2011-12-19T23:00:00+01:00,0.78493,0.78915,0.78424,0.787665
2011-12-20T11:00:00+01:00,0.787665,0.7939,0.786805,0.79083
2011-12-20T23:00:00+01:00,0.79083,0.795135,0.786965,0.793895
2011-12-21T11:00:00+01:00,0.793895,0.794205,0.787905,0.79103
2011-12-21T23:00:00+01:00,0.79103,0.79176,0.7879,0.79125
2011-12-22T11:00:00+01:00,0.79125,0.79232,0.788425,0.79033
2011-12-22T23:00:00+01:00,0.79033,0.79186,0.78892,0.78995
2011-12-23T11:00:00+01:00,0.78995,0.79097,0.78653,0.79046
2011-12-25T23:00:00+01:00,0.79036,0.7922,0.7888,0.7888
2011-12-26T11:00:00+01:00,0.7888,0.79098,0.78803,0.7904
2011-12-26T23:00:00+01:00,0.7904,0.79102,0.78828,0.790425
2011-12-27T11:00:00+01:00,0.790425,0.790605,0.785245,0.78705
2011-12-27T23:00:00+01:00,0.78705,0.79028,0.7863,0.78954
2011-12-28T11:00:00+01:00,0.78954,0.79087,0.78553,0.78774
2011-12-28T23:00:00+01:00,0.78774,0.78843,0.78531,0.78693
2011-12-29T11:00:00+01:00,0.78693,0.78848,0.78404,0.78672
2011-12-29T23:00:00+01:00,0.78672,0.78967,0.78647,0.78857
2011-12-30T11:00:00+01:00,0.78857,0.79513,0.78822,0.7944
2012-01-01T23:00:00+01:00,0.79408,0.7955,0.79066,0.79333
2012-01-02T11:00:00+01:00,0.79333,0.79522,0.78958,0.79308
2012-01-02T23:00:00+01:00,0.79308,0.79769,0.79263,0.7976
2012-01-03T11:00:00+01:00,0.7976,0.7993,0.79448,0.79767
2012-01-03T23:00:00+01:00,0.79767,0.80015,0.79764,0.79906
2012-01-04T11:00:00+01:00,0.79906,0.79969,0.79648,0.79778
2012-01-04T23:00:00+01:00,0.79778,0.79854,0.79498,0.79639
2012-01-05T11:00:00+01:00,0.79639,0.79774,0.79479,0.79619
2012-01-05T23:00:00+01:00,0.79619,0.797085,0.79393,0.796275
2012-01-06T11:00:00+01:00,0.796275,0.80312,0.795375,0.80296
2012-01-08T23:00:00+01:00,0.8014,0.807815,0.80114,0.807025
2012-01-09T11:00:00+01:00,0.807025,0.808365,0.805075,0.80562
2012-01-09T23:00:00+01:00,0.80562,0.81035,0.80537,0.809335
2012-01-10T11:00:00+01:00,0.809335,0.810355,0.805905,0.8068
2012-01-10T23:00:00+01:00,0.8068,0.80842,0.80612,0.80697
2012-01-11T11:00:00+01:00,0.80697,0.81281,0.80616,0.81261
2012-01-11T23:00:00+01:00,0.81261,0.81288,0.80939,0.81001
2012-01-12T11:00:00+01:00,0.81001,0.81096,0.80726,0.80897
2012-01-12T23:00:00+01:00,0.80897,0.80982,0.80498,0.80857
2012-01-13T11:00:00+01:00,0.80857,0.81339,0.80738,0.81319
2012-01-15T23:00:00+01:00,0.8121,0.81407,0.808935,0.809565
2012-01-16T11:00:00+01:00,0.809565,0.811185,0.80721,0.80782
2012-01-16T23:00:00+01:00,0.80782,0.81225,0.80748,0.81156
2012-01-17T11:00:00+01:00,0.81156,0.81339,0.80843,0.81248
2012-01-17T23:00:00+01:00,0.81248,0.81582,0.81186,0.81433
2012-01-18T11:00:00+01:00,0.81433,0.81931,0.81232,0.81344
2012-01-18T23:00:00+01:00,0.81344,0.81369,0.80907,0.80918
2012-01-19T11:00:00+01:00,0.80918,0.81296,0.80738,0.81166
2012-01-19T23:00:00+01:00,0.81166,0.81362,0.81071,0.8127
2012-01-20T11:00:00+01:00,0.8127,0.81747,0.81239,0.81706
2012-01-22T23:00:00+01:00,0.8187,0.82015,0.8168,0.818525
2012-01-23T11:00:00+01:00,0.818525,0.820645,0.81599,0.81714
2012-01-23T23:00:00+01:00,0.81714,0.81828,0.814905,0.81702
2012-01-24T11:00:00+01:00,0.81702,0.81969,0.81644,0.81919
2012-01-24T23:00:00+01:00,0.81919,0.82064,0.81773,0.81832
2012-01-25T11:00:00+01:00,0.81832,0.82216,0.81443,0.8204
2012-01-25T23:00:00+01:00,0.8204,0.82309,0.81939,0.82219
2012-01-26T11:00:00+01:00,0.82219,0.82338,0.81885,0.82332
2012-01-26T23:00:00+01:00,0.82332,0.82538,0.82158,0.82504
2012-01-27T11:00:00+01:00,0.82504,0.82656,0.8218,0.82629
2012-01-29T23:00:00+01:00,0.82455,0.82526,0.82178,0.82184
2012-01-30T11:00:00+01:00,0.82184,0.82368,0.81993,0.82051
2012-01-30T23:00:00+01:00,0.82051,0.8284,0.81971,0.82831
2012-01-31T11:00:00+01:00,0.82831,0.8297,0.82484,0.829
2012-01-31T23:00:00+01:00,0.829,0.82901,0.8252,0.82893
2012-02-01T11:00:00+01:00,0.82893,0.83311,0.82783,0.83132
2012-02-01T23:00:00+01:00,0.83132,0.83277,0.83007,0.83236
2012-02-02T11:00:00+01:00,0.83236,0.83498,0.83126,0.8327
2012-02-02T23:00:00+01:00,0.8327,0.83281,0.82984,0.83134
2012-02-03T11:00:00+01:00,0.83134,0.83448,0.82929,0.83042
2012-02-05T23:00:00+01:00,0.82966,0.82971,0.82639,0.82805
2012-02-06T11:00:00+01:00,0.82805,0.83153,0.8273,0.83041
2012-02-06T23:00:00+01:00,0.83041,0.8337,0.83006,0.83287
2012-02-07T11:00:00+01:00,0.83287,0.83352,0.8302,0.83127
2012-02-07T23:00:00+01:00,0.83127,0.83406,0.83032,0.83389
2012-02-08T11:00:00+01:00,0.83389,0.83562,0.83034,0.8318
2012-02-08T23:00:00+01:00,0.8318,0.83328,0.82935,0.83227
2012-02-09T11:00:00+01:00,0.83227,0.83274,0.82932,0.8295
2012-02-09T23:00:00+01:00,0.8295,0.8306,0.82627,0.82775
2012-02-10T11:00:00+01:00,0.82775,0.83001,0.82729,0.82778
2012-02-12T23:00:00+01:00,0.83002,0.83582,0.82892,0.835055
2012-02-13T11:00:00+01:00,0.835055,0.835255,0.833025,0.83381
2012-02-13T23:00:00+01:00,0.83381,0.83494,0.83027,0.83155
2012-02-14T11:00:00+01:00,0.83155,0.83345,0.82919,0.83303
2012-02-14T23:00:00+01:00,0.83303,0.83677,0.83222,0.83677
2012-02-15T11:00:00+01:00,0.83677,0.83731,0.83256,0.8329
2012-02-15T23:00:00+01:00,0.8329,0.8337,0.827,0.82932
2012-02-16T11:00:00+01:00,0.82932,0.83136,0.82856,0.83032
2012-02-16T23:00:00+01:00,0.83032,0.83477,0.83009,0.833155
2012-02-17T11:00:00+01:00,0.833155,0.833805,0.82848,0.83001
2012-02-19T23:00:00+01:00,0.83293,0.836,0.83287,0.83411
2012-02-20T11:00:00+01:00,0.83411,0.83534,0.83297,0.83431
2012-02-20T23:00:00+01:00,0.83431,0.83478,0.83109,0.83187
2012-02-21T11:00:00+01:00,0.83187,0.83363,0.8305,0.83139
2012-02-21T23:00:00+01:00,0.83139,0.83268,0.82963,0.83069
2012-02-22T11:00:00+01:00,0.83069,0.83148,0.82791,0.82919
2012-02-22T23:00:00+01:00,0.82919,0.83124,0.82696,0.83086
2012-02-23T11:00:00+01:00,0.83086,0.83457,0.83029,0.83423
2012-02-23T23:00:00+01:00,0.83423,0.83721,0.83363,0.83619
2012-02-24T11:00:00+01:00,0.83619,0.83721,0.83408,0.83557
2012-02-26T23:00:00+01:00,0.83578,0.83725,0.83409,0.83667
2012-02-27T11:00:00+01:00,0.83667,0.84047,0.83612,0.84047
2012-02-27T23:00:00+01:00,0.84047,0.84048,0.83527,0.8356
2012-02-28T11:00:00+01:00,0.8356,0.83616,0.83259,0.834
2012-02-28T23:00:00+01:00,0.834,0.83828,0.83342,0.83624
2012-02-29T11:00:00+01:00,0.83624,0.83778,0.8248,0.82575
2012-02-29T23:00:00+01:00,0.82575,0.82699,0.8239,0.826
2012-03-01T11:00:00+01:00,0.826,0.82796,0.8231,0.82732
2012-03-01T23:00:00+01:00,0.82732,0.82807,0.822935,0.823705
2012-03-02T11:00:00+01:00,0.823705,0.82389,0.81906,0.82036
2012-03-04T23:00:00+01:00,0.82181,0.82211,0.81702,0.81899
2012-03-05T11:00:00+01:00,0.81899,0.81908,0.81554,0.81637
2012-03-05T23:00:00+01:00,0.81637,0.8173,0.81032,0.813825
2012-03-06T11:00:00+01:00,0.813825,0.814925,0.811695,0.81406
2012-03-06T23:00:00+01:00,0.81406,0.818435,0.81321,0.818225
2012-03-07T11:00:00+01:00,0.818225,0.819735,0.81385,0.81442
2012-03-07T23:00:00+01:00,0.81442,0.821215,0.81244,0.82055
2012-03-08T11:00:00+01:00,0.82055,0.82381,0.816,0.81632
2012-03-08T23:00:00+01:00,0.81632,0.81887,0.8157,0.817335
2012-03-09T11:00:00+01:00,0.817335,0.818135,0.811005,0.81395
2012-03-11T22:00:00+01:00,0.81158,0.81277,0.809645,0.810295
2012-03-12T10:00:00+01:00,0.810295,0.813095,0.808215,0.81187
2012-03-12T22:00:00+01:00,0.81187,0.81579,0.81144,0.81355
2012-03-13T10:00:00+01:00,0.81355,0.81636,0.81171,0.81385
2012-03-13T22:00:00+01:00,0.81385,0.81407,0.808835,0.809655
2012-03-14T10:00:00+01:00,0.809655,0.810425,0.800255,0.80338
2012-03-14T22:00:00+01:00,0.80338,0.80789,0.80171,0.80712
2012-03-15T10:00:00+01:00,0.80712,0.81453,0.80659,0.81246
2012-03-15T22:00:00+01:00,0.81246,0.81621,0.812,0.813885
2012-03-16T10:00:00+01:00,0.813885,0.818845,0.812345,0.81762
2012-03-18T22:00:00+01:00,0.81779,0.8204,0.8172,0.81766
2012-03-19T10:00:00+01:00,0.81766,0.81946,0.81477,0.81552
2012-03-19T22:00:00+01:00,0.81552,0.81674,0.81124,0.812205
2012-03-20T10:00:00+01:00,0.812205,0.812775,0.807595,0.81037
2012-03-20T22:00:00+01:00,0.81037,0.81255,0.80915,0.811065
2012-03-21T10:00:00+01:00,0.811065,0.811065,0.806185,0.80944
2012-03-21T22:00:00+01:00,0.80944,0.80973,0.8011,0.80386
2012-03-22T10:00:00+01:00,0.80386,0.80926,0.80327,0.80884
2012-03-22T22:00:00+01:00,0.80884,0.8153,0.80865,0.81453
2012-03-23T10:00:00+01:00,0.81453,0.81843,0.8125,0.81644
2012-03-25T23:00:00+02:00,0.81609,0.81738,0.81376,0.81492
2012-03-26T11:00:00+02:00,0.81492,0.81823,0.81432,0.8156
2012-03-26T23:00:00+02:00,0.8156,0.81763,0.81431,0.81735
2012-03-27T11:00:00+02:00,0.81735,0.81823,0.81484,0.81644
2012-03-27T23:00:00+02:00,0.81644,0.81776,0.81473,0.81734
2012-03-28T11:00:00+02:00,0.81734,0.81756,0.81262,0.81545
2012-03-28T23:00:00+02:00,0.81545,0.81773,0.81431,0.81603
2012-03-29T11:00:00+02:00,0.81603,0.81645,0.81237,0.81448
2012-03-29T23:00:00+02:00,0.81448,0.81915,0.81395,0.81869
2012-03-30T11:00:00+02:00,0.81869,0.82045,0.81584,0.81722
2012-04-01T23:00:00+02:00,0.82041,0.82109,0.81656,0.817875
2012-04-02T11:00:00+02:00,0.817875,0.819265,0.81525,0.81563
2012-04-02T23:00:00+02:00,0.81563,0.81777,0.81434,0.81468
2012-04-03T11:00:00+02:00,0.81468,0.81668,0.81034,0.81173
2012-04-03T23:00:00+02:00,0.81173,0.81269,0.807165,0.808575
2012-04-04T11:00:00+02:00,0.808575,0.81234,0.808085,0.81189
2012-04-04T23:00:00+02:00,0.81189,0.81549,0.8112,0.81354
2012-04-05T11:00:00+02:00,0.81354,0.81461,0.80741,0.81043
2012-04-05T23:00:00+02:00,0.81043,0.81196,0.80933,0.81141
2012-04-06T11:00:00+02:00,0.81141,0.81823,0.81078,0.81724
2012-04-08T23:00:00+02:00,0.81578,0.81745,0.81331,0.81634
2012-04-09T11:00:00+02:00,0.81634,0.82169,0.81634,0.81966
2012-04-09T23:00:00+02:00,0.81966,0.82013,0.81651,0.81713
2012-04-10T11:00:00+02:00,0.81713,0.81875,0.81487,0.81861
2012-04-10T23:00:00+02:00,0.81861,0.82045,0.81793,0.81898
2012-04-11T11:00:00+02:00,0.81898,0.82308,0.8189,0.82133
2012-04-11T23:00:00+02:00,0.82133,0.82485,0.82059,0.821
2012-04-12T11:00:00+02:00,0.821,0.82484,0.81995,0.82312
2012-04-12T23:00:00+02:00,0.82312,0.82775,0.82259,0.82531
2012-04-13T11:00:00+02:00,0.82531,0.82562,0.82144,0.82265
2012-04-15T23:00:00+02:00,0.8243,0.82442,0.81905,0.820075
2012-04-16T11:00:00+02:00,0.820075,0.821525,0.817015,0.81991
2012-04-16T23:00:00+02:00,0.81991,0.82106,0.81553,0.816735
2012-04-17T11:00:00+02:00,0.816735,0.817615,0.80863,0.81301
2012-04-17T23:00:00+02:00,0.81301,0.81396,0.81098,0.81125
2012-04-18T11:00:00+02:00,0.81125,0.81199,0.80756,0.80879
2012-04-18T23:00:00+02:00,0.80879,0.81094,0.80815,0.809445
2012-04-19T11:00:00+02:00,0.809445,0.81064,0.808345,0.81024
2012-04-19T23:00:00+02:00,0.81024,0.81108,0.80779,0.80922
2012-04-20T11:00:00+02:00,0.80922,0.81264,0.8067,0.81235
2012-04-22T23:00:00+02:00,0.81094,0.81324,0.80771,0.80836
2012-04-23T11:00:00+02:00,0.80836,0.80947,0.80561,0.80641
2012-04-23T23:00:00+02:00,0.80641,0.80717,0.80392,0.80521
2012-04-24T11:00:00+02:00,0.80521,0.806845,0.800995,0.80264
2012-04-24T23:00:00+02:00,0.80264,0.80364,0.80017,0.80167
2012-04-25T11:00:00+02:00,0.80167,0.80367,0.79855,0.79964
2012-04-25T23:00:00+02:00,0.79964,0.804265,0.79874,0.803235
2012-04-26T11:00:00+02:00,0.803235,0.803525,0.799645,0.80191
2012-04-26T23:00:00+02:00,0.80191,0.80309,0.79983,0.80138
2012-04-27T11:00:00+02:00,0.80138,0.807795,0.80066,0.80634
2012-04-29T23:00:00+02:00,0.8068,0.80784,0.80509,0.80582
2012-04-30T11:00:00+02:00,0.80582,0.810365,0.80458,0.80807
2012-04-30T23:00:00+02:00,0.80807,0.80884,0.80256,0.80318
2012-05-01T11:00:00+02:00,0.80318,0.80518,0.80144,0.80331
2012-05-01T23:00:00+02:00,0.80331,0.8037,0.80146,0.802415
2012-05-02T11:00:00+02:00,0.802415,0.803305,0.798345,0.79976
2012-05-02T23:00:00+02:00,0.79976,0.79982,0.790195,0.791265
2012-05-03T11:00:00+02:00,0.791265,0.79146,0.788665,0.79057
2012-05-03T23:00:00+02:00,0.79057,0.79238,0.78901,0.79014
2012-05-04T11:00:00+02:00,0.79014,0.79254,0.78779,0.79254
2012-05-06T23:00:00+02:00,0.78957,0.79164,0.78877,0.79128
2012-05-07T11:00:00+02:00,0.79128,0.79379,0.78854,0.78932
2012-05-07T23:00:00+02:00,0.78932,0.79149,0.787335,0.787515
2012-05-08T11:00:00+02:00,0.787515,0.789005,0.786085,0.78678
2012-05-08T23:00:00+02:00,0.78678,0.788,0.785,0.78673
2012-05-09T11:00:00+02:00,0.78673,0.78852,0.78505,0.78627
2012-05-09T23:00:00+02:00,0.78627,0.78874,0.78481,0.78829
2012-05-10T11:00:00+02:00,0.78829,0.78915,0.78668,0.78697
2012-05-10T23:00:00+02:00,0.78697,0.78796,0.78496,0.78665
2012-05-11T11:00:00+02:00,0.78665,0.78952,0.78073,0.78314
2012-05-13T23:00:00+02:00,0.78292,0.78371,0.780225,0.780385
2012-05-14T11:00:00+02:00,0.780385,0.781595,0.779145,0.77946
2012-05-14T23:00:00+02:00,0.77946,0.78092,0.77632,0.77739
2012-05-15T11:00:00+02:00,0.77739,0.77756,0.77294,0.77494
2012-05-15T23:00:00+02:00,0.77494,0.77554,0.77185,0.77319
2012-05-16T11:00:00+02:00,0.77319,0.774225,0.77165,0.77367
2012-05-16T23:00:00+02:00,0.77367,0.77642,0.77351,0.77465
2012-05-17T11:00:00+02:00,0.77465,0.78038,0.77343,0.77834
2012-05-17T23:00:00+02:00,0.77834,0.77997,0.77079,0.77158
2012-05-18T11:00:00+02:00,0.77158,0.77371,0.7687,0.77328
2012-05-20T23:00:00+02:00,0.77434,0.77579,0.77022,0.77322
2012-05-21T11:00:00+02:00,0.77322,0.77861,0.7725,0.77858
2012-05-21T23:00:00+02:00,0.77858,0.78074,0.77603,0.77688
2012-05-22T11:00:00+02:00,0.77688,0.77714,0.76968,0.76994
2012-05-22T23:00:00+02:00,0.76994,0.77128,0.76367,0.76476
2012-05-23T11:00:00+02:00,0.76476,0.77085,0.76467,0.76905
2012-05-23T23:00:00+02:00,0.76905,0.772635,0.76836,0.770445
2012-05-24T11:00:00+02:00,0.770445,0.774845,0.770125,0.77377
2012-05-24T23:00:00+02:00,0.77377,0.776995,0.77237,0.775975
2012-05-25T11:00:00+02:00,0.775975,0.778885,0.77508,0.77604
2012-05-27T23:00:00+02:00,0.77965,0.78225,0.77772,0.78074
2012-05-28T11:00:00+02:00,0.78074,0.78209,0.77801,0.78031
2012-05-28T23:00:00+02:00,0.78031,0.780755,0.77773,0.779715
2012-05-29T11:00:00+02:00,0.779715,0.781255,0.777395,0.77985
2012-05-29T23:00:00+02:00,0.77985,0.78059,0.77741,0.77935
2012-05-30T11:00:00+02:00,0.77935,0.78015,0.77525,0.77595
2012-05-30T23:00:00+02:00,0.77595,0.777815,0.77341,0.777105
2012-05-31T11:00:00+02:00,0.777105,0.781005,0.775435,0.77831
2012-05-31T23:00:00+02:00,0.77831,0.77973,0.77556,0.77866
2012-06-01T11:00:00+02:00,0.77866,0.78683,0.77754,0.78554
2012-06-03T23:00:00+02:00,0.78283,0.78589,0.78245,0.78552
2012-06-04T11:00:00+02:00,0.78552,0.78947,0.78533,0.7863
2012-06-04T23:00:00+02:00,0.7863,0.78864,0.78419,0.7846
2012-06-05T11:00:00+02:00,0.7846,0.78651,0.78176,0.78512
2012-06-05T23:00:00+02:00,0.78512,0.78975,0.7848,0.78849
2012-06-06T11:00:00+02:00,0.78849,0.79224,0.78723,0.7921
2012-06-06T23:00:00+02:00,0.7921,0.79355,0.79064,0.79205
2012-06-07T11:00:00+02:00,0.79205,0.79444,0.78806,0.78859
2012-06-07T23:00:00+02:00,0.78859,0.789765,0.78625,0.789415
2012-06-08T11:00:00+02:00,0.789415,0.79298,0.788895,0.79113
2012-06-10T23:00:00+02:00,0.79445,0.79621,0.79236,0.79371
2012-06-11T11:00:00+02:00,0.79371,0.79566,0.79211,0.79348
2012-06-11T23:00:00+02:00,0.79348,0.797155,0.79165,0.797035
2012-06-12T11:00:00+02:00,0.797035,0.798485,0.796105,0.79776
2012-06-12T23:00:00+02:00,0.79776,0.80054,0.79657,0.79922
2012-06-13T11:00:00+02:00,0.79922,0.80076,0.7953,0.79652
2012-06-13T23:00:00+02:00,0.79652,0.79962,0.79562,0.798475
2012-06-14T11:00:00+02:00,0.798475,0.801675,0.797885,0.80036
2012-06-14T23:00:00+02:00,0.80036,0.80371,0.79957,0.80365
2012-06-15T11:00:00+02:00,0.80365,0.80854,0.80284,0.80502
2012-06-17T23:00:00+02:00,0.80784,0.811525,0.8066,0.811055
2012-06-18T11:00:00+02:00,0.811055,0.813365,0.809935,0.8113
2012-06-18T23:00:00+02:00,0.8113,0.81293,0.80924,0.81199
2012-06-19T11:00:00+02:00,0.81199,0.814,0.80985,0.81242
2012-06-19T23:00:00+02:00,0.81242,0.81287,0.80965,0.81044
2012-06-20T11:00:00+02:00,0.81044,0.81303,0.80872,0.81078
2012-06-20T23:00:00+02:00,0.81078,0.81718,0.81046,0.81528
2012-06-21T11:00:00+02:00,0.81528,0.81626,0.80839,0.8098
2012-06-21T23:00:00+02:00,0.8098,0.81128,0.80745,0.80886
2012-06-22T11:00:00+02:00,0.80886,0.81213,0.80871,0.80999
2012-06-24T23:00:00+02:00,0.81134,0.81156,0.80707,0.809175
2012-06-25T11:00:00+02:00,0.809175,0.81092,0.807755,0.81032
2012-06-25T23:00:00+02:00,0.81032,0.81338,0.80952,0.81302
2012-06-26T11:00:00+02:00,0.81302,0.81332,0.80961,0.80997
2012-06-26T23:00:00+02:00,0.80997,0.8105,0.80816,0.80945
2012-06-27T11:00:00+02:00,0.80945,0.81228,0.80835,0.81145
2012-06-27T23:00:00+02:00,0.81145,0.81494,0.81111,0.813415
2012-06-28T11:00:00+02:00,0.813415,0.81451,0.810945,0.8145
2012-06-28T23:00:00+02:00,0.8145,0.818755,0.81162,0.818555
2012-06-29T11:00:00+02:00,0.818555,0.819635,0.81374,0.81466
2012-07-01T23:00:00+02:00,0.81382,0.817185,0.81382,0.817145
2012-07-02T11:00:00+02:00,0.817145,0.818745,0.815785,0.81758
2012-07-02T23:00:00+02:00,0.81758,0.81887,0.814905,0.815175
2012-07-03T11:00:00+02:00,0.815175,0.816115,0.81301,0.81305
2012-07-03T23:00:00+02:00,0.81305,0.81662,0.81272,0.814365
2012-07-04T11:00:00+02:00,0.814365,0.81532,0.813055,0.81425
2012-07-04T23:00:00+02:00,0.81425,0.81525,0.81187,0.813835
2012-07-05T11:00:00+02:00,0.813835,0.816235,0.812085,0.815
2012-07-05T23:00:00+02:00,0.815,0.8162,0.81367,0.81498
2012-07-06T11:00:00+02:00,0.81498,0.81506,0.81141,0.81343
2012-07-08T23:00:00+02:00,0.8139,0.81423,0.80924,0.80986
2012-07-09T11:00:00+02:00,0.80986,0.812975,0.8096,0.81155
2012-07-09T23:00:00+02:00,0.81155,0.81287,0.80981,0.81169
2012-07-10T11:00:00+02:00,0.81169,0.81342,0.81062,0.81191
2012-07-10T23:00:00+02:00,0.81191,0.814225,0.8113,0.813705
2012-07-11T11:00:00+02:00,0.813705,0.81452,0.81144,0.81219
2012-07-11T23:00:00+02:00,0.81219,0.81379,0.80605,0.80687
2012-07-12T11:00:00+02:00,0.80687,0.8077,0.80457,0.80485
2012-07-12T23:00:00+02:00,0.80485,0.80718,0.80393,0.80584
2012-07-13T11:00:00+02:00,0.80584,0.80807,0.80421,0.80742
2012-07-15T23:00:00+02:00,0.8088,0.8094,0.80708,0.80713
2012-07-16T11:00:00+02:00,0.80713,0.8103,0.80619,0.80968
2012-07-16T23:00:00+02:00,0.80968,0.811575,0.80731,0.810725
2012-07-17T11:00:00+02:00,0.810725,0.811455,0.80599,0.80599
2012-07-17T23:00:00+02:00,0.80599,0.80888,0.80497,0.805545
2012-07-18T11:00:00+02:00,0.805545,0.80914,0.804005,0.80849
2012-07-18T23:00:00+02:00,0.80849,0.81094,0.80711,0.81055
2012-07-19T11:00:00+02:00,0.81055,0.81145,0.80829,0.80934
2012-07-19T23:00:00+02:00,0.80934,0.80993,0.80811,0.809555
2012-07-20T11:00:00+02:00,0.809555,0.810305,0.807345,0.80994
2012-07-22T23:00:00+02:00,0.80871,0.81055,0.80331,0.80365
2012-07-23T11:00:00+02:00,0.80365,0.80574,0.80151,0.80225
2012-07-23T23:00:00+02:00,0.80225,0.80701,0.8018,0.80685
2012-07-24T11:00:00+02:00,0.80685,0.80706,0.80171,0.80183
2012-07-24T23:00:00+02:00,0.80183,0.80266,0.79855,0.800735
2012-07-25T11:00:00+02:00,0.800735,0.803275,0.799995,0.80136
2012-07-25T23:00:00+02:00,0.80136,0.80484,0.80117,0.803415
2012-07-26T11:00:00+02:00,0.803415,0.810635,0.803175,0.81017
2012-07-26T23:00:00+02:00,0.81017,0.81071,0.8071,0.80989
2012-07-27T11:00:00+02:00,0.80989,0.8136,0.8096,0.81163
2012-07-29T23:00:00+02:00,0.81387,0.81438,0.81116,0.81192
2012-07-30T11:00:00+02:00,0.81192,0.81302,0.80961,0.81019
2012-07-30T23:00:00+02:00,0.81019,0.81165,0.809445,0.8107
2012-07-31T11:00:00+02:00,0.8107,0.81406,0.81004,0.81121
2012-07-31T23:00:00+02:00,0.81121,0.814995,0.8106,0.814535
2012-08-01T11:00:00+02:00,0.814535,0.814625,0.810885,0.81208
2012-08-01T23:00:00+02:00,0.81208,0.81484,0.81116,0.81477
2012-08-02T11:00:00+02:00,0.81477,0.81771,0.81253,0.81617
2012-08-02T23:00:00+02:00,0.81617,0.81897,0.81472,0.81763
2012-08-03T11:00:00+02:00,0.81763,0.82108,0.81364,0.82003
2012-08-05T23:00:00+02:00,0.82033,0.8204,0.817585,0.817755
2012-08-06T11:00:00+02:00,0.817755,0.821465,0.817515,0.82025
2012-08-06T23:00:00+02:00,0.82025,0.82186,0.81873,0.81887
2012-08-07T11:00:00+02:00,0.81887,0.81987,0.8124,0.81377
2012-08-07T23:00:00+02:00,0.81377,0.81451,0.81023,0.81181
2012-08-08T11:00:00+02:00,0.81181,0.81278,0.81035,0.81048
2012-08-08T23:00:00+02:00,0.81048,0.81177,0.80686,0.80755
2012-08-09T11:00:00+02:00,0.80755,0.80815,0.80389,0.80476
2012-08-09T23:00:00+02:00,0.80476,0.80535,0.8033,0.80425
2012-08-10T11:00:00+02:00,0.80425,0.80723,0.80391,0.80593
2012-08-12T23:00:00+02:00,0.80519,0.80601,0.80313,0.80393
2012-08-13T11:00:00+02:00,0.80393,0.80542,0.80232,0.80306
2012-08-13T23:00:00+02:00,0.80306,0.80555,0.8026,0.80303
2012-08-14T11:00:00+02:00,0.80303,0.80408,0.798025,0.79922
2012-08-14T23:00:00+02:00,0.79922,0.79989,0.79761,0.799505
2012-08-15T11:00:00+02:00,0.799505,0.800035,0.797805,0.79857
2012-08-15T23:00:00+02:00,0.79857,0.7992,0.79697,0.79879
2012-08-16T11:00:00+02:00,0.79879,0.80115,0.79804,0.79961
2012-08-16T23:00:00+02:00,0.79961,0.80137,0.797685,0.798115
2012-08-17T11:00:00+02:00,0.798115,0.799605,0.796355,0.79897
2012-08-19T23:00:00+02:00,0.79884,0.8004,0.79709,0.800215
2012-08-20T11:00:00+02:00,0.800215,0.801185,0.798735,0.79928
2012-08-20T23:00:00+02:00,0.79928,0.80318,0.79911,0.80189
2012-08-21T11:00:00+02:00,0.80189,0.80268,0.80016,0.80229
2012-08-21T23:00:00+02:00,0.80229,0.802965,0.80002,0.802425
2012-08-22T11:00:00+02:00,0.802425,0.80772,0.801985,0.80708
2012-08-22T23:00:00+02:00,0.80708,0.81006,0.80616,0.80918
2012-08-23T11:00:00+02:00,0.80918,0.81033,0.80764,0.80784
2012-08-23T23:00:00+02:00,0.80784,0.80896,0.80492,0.80514
2012-08-24T11:00:00+02:00,0.80514,0.80553,0.80292,0.80468
2012-08-26T23:00:00+02:00,0.80515,0.80617,0.80172,0.80324
2012-08-27T11:00:00+02:00,0.80324,0.80364,0.8007,0.80128
2012-08-27T23:00:00+02:00,0.80128,0.80131,0.7988,0.79937
2012-08-28T11:00:00+02:00,0.79937,0.79959,0.79309,0.79523
2012-08-28T23:00:00+02:00,0.79523,0.79632,0.792675,0.793095
2012-08-29T11:00:00+02:00,0.793095,0.795155,0.79209,0.79214
2012-08-29T23:00:00+02:00,0.79214,0.79549,0.79154,0.7944
2012-08-30T11:00:00+02:00,0.7944,0.7952,0.7914,0.79261
2012-08-30T23:00:00+02:00,0.79261,0.79476,0.79169,0.79418
2012-08-31T11:00:00+02:00,0.79418,0.79533,0.79031,0.79245
2012-09-02T23:00:00+02:00,0.79068,0.79087,0.787065,0.787655
2012-09-03T11:00:00+02:00,0.787655,0.788285,0.78577,0.78638
2012-09-03T23:00:00+02:00,0.78638,0.78781,0.784705,0.784985
2012-09-04T11:00:00+02:00,0.784985,0.785325,0.781045,0.78328
2012-09-04T23:00:00+02:00,0.78328,0.78478,0.78243,0.78342
2012-09-05T11:00:00+02:00,0.78342,0.78864,0.78291,0.78706
2012-09-05T23:00:00+02:00,0.78706,0.78998,0.78701,0.78794
2012-09-06T11:00:00+02:00,0.78794,0.78893,0.78524,0.78759
2012-09-06T23:00:00+02:00,0.78759,0.78978,0.78684,0.78893
2012-09-07T11:00:00+02:00,0.78893,0.79535,0.78769,0.79514
2012-09-09T23:00:00+02:00,0.79294,0.79532,0.79194,0.79238
2012-09-10T11:00:00+02:00,0.79238,0.79288,0.78996,0.79085
2012-09-10T23:00:00+02:00,0.79085,0.79162,0.789285,0.790975
2012-09-11T11:00:00+02:00,0.790975,0.797235,0.790835,0.79529
2012-09-11T23:00:00+02:00,0.79529,0.80054,0.79482,0.79923
2012-09-12T11:00:00+02:00,0.79923,0.80132,0.79733,0.80128
2012-09-12T23:00:00+02:00,0.80128,0.80284,0.79972,0.80176
2012-09-13T11:00:00+02:00,0.80176,0.80752,0.80128,0.80491
2012-09-13T23:00:00+02:00,0.80491,0.80713,0.80433,0.806605
2012-09-14T11:00:00+02:00,0.806605,0.807085,0.802875,0.80563
2012-09-16T23:00:00+02:00,0.80493,0.80679,0.80291,0.80603
2012-09-17T11:00:00+02:00,0.80603,0.80701,0.80289,0.80535
2012-09-17T23:00:00+02:00,0.80535,0.80728,0.80314,0.80586
2012-09-18T11:00:00+02:00,0.80586,0.80772,0.80501,0.80595
2012-09-18T23:00:00+02:00,0.80595,0.80748,0.80531,0.806
2012-09-19T11:00:00+02:00,0.806,0.808825,0.8048,0.80573
2012-09-19T23:00:00+02:00,0.80573,0.80962,0.80438,0.80589
2012-09-20T11:00:00+02:00,0.80589,0.81011,0.80499,0.80996
2012-09-20T23:00:00+02:00,0.80996,0.811035,0.80828,0.810915
2012-09-21T11:00:00+02:00,0.810915,0.812705,0.80867,0.80966
2012-09-23T23:00:00+02:00,0.81027,0.81183,0.80544,0.806065
2012-09-24T11:00:00+02:00,0.806065,0.806875,0.803105,0.80542
2012-09-24T23:00:00+02:00,0.80542,0.808655,0.80379,0.808045
2012-09-25T11:00:00+02:00,0.808045,0.809105,0.804495,0.80573
2012-09-25T23:00:00+02:00,0.80573,0.80698,0.80294,0.805335
2012-09-26T11:00:00+02:00,0.805335,0.812845,0.804985,0.81243
2012-09-26T23:00:00+02:00,0.81243,0.81304,0.8114,0.81256
2012-09-27T11:00:00+02:00,0.81256,0.81671,0.81219,0.81533
2012-09-27T23:00:00+02:00,0.81533,0.81818,0.81439,0.816205
2012-09-28T11:00:00+02:00,0.816205,0.817605,0.814325,0.81675
2012-09-30T23:00:00+02:00,0.8158,0.81664,0.81401,0.81662
2012-10-01T11:00:00+02:00,0.81662,0.81695,0.812785,0.81297
2012-10-01T23:00:00+02:00,0.81297,0.81628,0.81166,0.81508
2012-10-02T11:00:00+02:00,0.81508,0.8186,0.81248,0.81446
2012-10-02T23:00:00+02:00,0.81446,0.81447,0.80894,0.809995
2012-10-03T11:00:00+02:00,0.809995,0.811855,0.807825,0.80933
2012-10-03T23:00:00+02:00,0.80933,0.81089,0.80863,0.808865
2012-10-04T11:00:00+02:00,0.808865,0.810695,0.803385,0.80577
2012-10-04T23:00:00+02:00,0.80577,0.80879,0.8055,0.8075
2012-10-05T11:00:00+02:00,0.8075,0.80939,0.79872,0.80049
2012-10-07T23:00:00+02:00,0.79863,0.80103,0.79816,0.80016
2012-10-08T11:00:00+02:00,0.80016,0.8023,0.79911,0.80045
2012-10-08T23:00:00+02:00,0.80045,0.80305,0.79982,0.8004
2012-10-09T11:00:00+02:00,0.8004,0.80206,0.79882,0.80016
2012-10-09T23:00:00+02:00,0.80016,0.80074,0.79789,0.80071
2012-10-10T11:00:00+02:00,0.80071,0.8022,0.79901,0.80152
2012-10-10T23:00:00+02:00,0.80152,0.80331,0.80096,0.80143
2012-10-11T11:00:00+02:00,0.80143,0.80203,0.79901,0.79994
2012-10-11T23:00:00+02:00,0.79994,0.802875,0.79833,0.801605
2012-10-12T11:00:00+02:00,0.801605,0.803235,0.79951,0.80042
2012-10-14T23:00:00+02:00,0.80037,0.80088,0.79711,0.797305
2012-10-15T11:00:00+02:00,0.797305,0.803285,0.796665,0.80286
2012-10-15T23:00:00+02:00,0.80286,0.80325,0.798995,0.800385
2012-10-16T11:00:00+02:00,0.800385,0.804275,0.799055,0.80332
2012-10-16T23:00:00+02:00,0.80332,0.80774,0.80294,0.80558
2012-10-17T11:00:00+02:00,0.80558,0.8084,0.80339,0.80369
2012-10-17T23:00:00+02:00,0.80369,0.804505,0.80246,0.803475
2012-10-18T11:00:00+02:00,0.803475,0.807895,0.802735,0.80643
2012-10-18T23:00:00+02:00,0.80643,0.809185,0.80572,0.808775
2012-10-19T11:00:00+02:00,0.808775,0.811505,0.808515,0.81057
2012-10-21T23:00:00+02:00,0.81109,0.81346,0.810225,0.812795
2012-10-22T11:00:00+02:00,0.812795,0.814795,0.810765,0.81128
2012-10-22T23:00:00+02:00,0.81128,0.812745,0.810265,0.812305
2012-10-23T11:00:00+02:00,0.812305,0.813285,0.804105,0.80547
2012-10-23T23:00:00+02:00,0.80547,0.80686,0.80484,0.80589
2012-10-24T11:00:00+02:00,0.80589,0.81586,0.80565,0.81518
2012-10-24T23:00:00+02:00,0.81518,0.818145,0.81395,0.816685
2012-10-25T11:00:00+02:00,0.816685,0.818235,0.812005,0.81383
2012-10-25T23:00:00+02:00,0.81383,0.81654,0.81324,0.81572
2012-10-26T11:00:00+02:00,0.81572,0.82186,0.81524,0.82031
2012-10-28T22:00:00+01:00,0.82068,0.82208,0.81938,0.82014
2012-10-29T10:00:00+01:00,0.82014,0.82115,0.81862,0.82005
2012-10-29T22:00:00+01:00,0.82005,0.823535,0.819445,0.823035
2012-10-30T10:00:00+01:00,0.823035,0.82339,0.81965,0.82032
2012-10-30T22:00:00+01:00,0.82032,0.8222,0.81981,0.820485
2012-10-31T10:00:00+01:00,0.820485,0.823095,0.819475,0.82207
2012-10-31T22:00:00+01:00,0.82207,0.82301,0.82145,0.82291
2012-11-01T10:00:00+01:00,0.82291,0.82706,0.82253,0.82412
2012-11-01T22:00:00+01:00,0.82412,0.82511,0.82303,0.823485
2012-11-02T10:00:00+01:00,0.823485,0.826045,0.81987,0.82166
2012-11-04T23:00:00+01:00,0.82086,0.82228,0.82031,0.82153
2012-11-05T11:00:00+01:00,0.82153,0.82306,0.82039,0.82238
2012-11-05T23:00:00+01:00,0.82238,0.82377,0.8218,0.82223
2012-11-06T11:00:00+01:00,0.82223,0.82421,0.82029,0.82061
2012-11-06T23:00:00+01:00,0.82061,0.82173,0.818345,0.81939
2012-11-07T11:00:00+01:00,0.81939,0.824175,0.81527,0.81579
2012-11-07T23:00:00+01:00,0.81579,0.81725,0.813645,0.814445
2012-11-08T11:00:00+01:00,0.814445,0.816975,0.812765,0.81509
2012-11-08T23:00:00+01:00,0.81509,0.81699,0.8133,0.816365
2012-11-09T11:00:00+01:00,0.816365,0.816635,0.813745,0.81541
2012-11-11T23:00:00+01:00,0.81546,0.816485,0.81421,0.816395
2012-11-12T11:00:00+01:00,0.816395,0.818335,0.815445,0.81743
2012-11-12T23:00:00+01:00,0.81743,0.820165,0.816085,0.819175
2012-11-13T11:00:00+01:00,0.819175,0.82157,0.817095,0.81774
2012-11-13T23:00:00+01:00,0.81774,0.81871,0.816765,0.817505
2012-11-14T11:00:00+01:00,0.817505,0.818295,0.811245,0.8134
2012-11-14T23:00:00+01:00,0.8134,0.81477,0.81182,0.81281
2012-11-15T11:00:00+01:00,0.81281,0.81362,0.80983,0.81003
2012-11-15T23:00:00+01:00,0.81003,0.81179,0.80958,0.810555
2012-11-16T11:00:00+01:00,0.810555,0.81363,0.808985,0.81363
2012-11-18T23:00:00+01:00,0.81406,0.81569,0.81277,0.81397
2012-11-19T11:00:00+01:00,0.81397,0.8174,0.81385,0.81708
2012-11-19T23:00:00+01:00,0.81708,0.81708,0.81475,0.814785
2012-11-20T11:00:00+01:00,0.814785,0.815075,0.812395,0.81462
2012-11-20T23:00:00+01:00,0.81462,0.815295,0.811655,0.812565
2012-11-21T11:00:00+01:00,0.812565,0.812775,0.80969,0.81176
2012-11-21T23:00:00+01:00,0.81176,0.813485,0.81088,0.811685
2012-11-22T11:00:00+01:00,0.811685,0.81454,0.810855,0.81363
2012-11-22T23:00:00+01:00,0.81363,0.815995,0.81313,0.815385
2012-11-23T11:00:00+01:00,0.815385,0.818355,0.814955,0.81784
2012-11-25T23:00:00+01:00,0.81726,0.81878,0.81672,0.81731
2012-11-26T11:00:00+01:00,0.81731,0.81884,0.81612,0.8165
2012-11-26T23:00:00+01:00,0.8165,0.81789,0.81588,0.81675
2012-11-27T11:00:00+01:00,0.81675,0.81705,0.81394,0.81677
2012-11-27T23:00:00+01:00,0.81677,0.817335,0.815515,0.816055
2012-11-28T11:00:00+01:00,0.816055,0.818175,0.815585,0.81726
2012-11-28T23:00:00+01:00,0.81726,0.81945,0.816735,0.81874
2012-11-29T11:00:00+01:00,0.81874,0.81966,0.81546,0.81666
2012-11-29T23:00:00+01:00,0.81666,0.817685,0.814775,0.815075
2012-11-30T11:00:00+01:00,0.815075,0.81645,0.812565,0.81586
2012-12-02T23:00:00+01:00,0.81586,0.81586,0.8117,0.814745
2012-12-03T11:00:00+01:00,0.814745,0.817495,0.814375,0.81701
2012-12-03T23:00:00+01:00,0.81701,0.820015,0.81631,0.819525
2012-12-04T11:00:00+01:00,0.819525,0.821635,0.81752,0.81788
2012-12-04T23:00:00+01:00,0.81788,0.819265,0.81775,0.818165
2012-12-05T11:00:00+01:00,0.818165,0.822365,0.817705,0.82196
2012-12-05T23:00:00+01:00,0.82196,0.824295,0.82163,0.82282
2012-12-06T11:00:00+01:00,0.82282,0.82706,0.8227,0.82565
2012-12-06T23:00:00+01:00,0.82565,0.82602,0.824185,0.825165
2012-12-07T11:00:00+01:00,0.825165,0.826395,0.821325,0.82285
2012-12-09T23:00:00+01:00,0.82285,0.82392,0.82094,0.82277
2012-12-10T11:00:00+01:00,0.82277,0.82542,0.82267,0.82341
2012-12-10T23:00:00+01:00,0.82341,0.826125,0.822565,0.825925
2012-12-11T11:00:00+01:00,0.825925,0.828245,0.825745,0.8277
2012-12-11T23:00:00+01:00,0.8277,0.829655,0.827175,0.828975
2012-12-12T11:00:00+01:00,0.828975,0.831265,0.827905,0.83052
2012-12-12T23:00:00+01:00,0.83052,0.831515,0.82955,0.82986
2012-12-13T11:00:00+01:00,0.82986,0.83162,0.82954,0.83048
2012-12-13T23:00:00+01:00,0.83048,0.831355,0.828075,0.828405
2012-12-14T11:00:00+01:00,0.828405,0.83555,0.826685,0.83425
2012-12-16T23:00:00+01:00,0.83457,0.8355,0.831805,0.83353
2012-12-17T11:00:00+01:00,0.83353,0.834225,0.830085,0.831035
2012-12-17T23:00:00+01:00,0.831035,0.83166,0.828525,0.830185
2012-12-18T11:00:00+01:00,0.830185,0.830875,0.82738,0.82947
2012-12-18T23:00:00+01:00,0.82947,0.830435,0.82644,0.827395
2012-12-19T11:00:00+01:00,0.827395,0.827915,0.823765,0.82486
2012-12-19T23:00:00+01:00,0.82486,0.827105,0.823885,0.826145
2012-12-20T11:00:00+01:00,0.826145,0.826255,0.82231,0.82368
2012-12-20T23:00:00+01:00,0.82368,0.824445,0.817,0.81702
2012-12-21T11:00:00+01:00,0.81702,0.820915,0.815605,0.817295
2012-12-23T23:00:00+01:00,0.81893,0.820025,0.815615,0.817145
2012-12-24T11:00:00+01:00,0.817145,0.81747,0.8148,0.814985
2012-12-26T11:00:00+01:00,0.814985,0.81537,0.81042,0.81521
2012-12-26T23:00:00+01:00,0.81521,0.816415,0.81355,0.814365
2012-12-27T11:00:00+01:00,0.814365,0.817095,0.812055,0.817095
2012-12-27T23:00:00+01:00,0.817095,0.81848,0.81535,0.817615
2012-12-28T11:00:00+01:00,0.817615,0.819215,0.814595,0.817225
2012-12-30T23:00:00+01:00,0.81695,0.820645,0.816345,0.81764
2012-12-31T11:00:00+01:00,0.81764,0.82432,0.81751,0.82213
2013-01-01T23:00:00+01:00,0.82213,0.83024,0.82213,0.826095
2013-01-02T11:00:00+01:00,0.826095,0.826335,0.817835,0.821625
2013-01-02T23:00:00+01:00,0.821625,0.822875,0.81975,0.821425
2013-01-03T11:00:00+01:00,0.821425,0.822815,0.81721,0.81805
2013-01-03T23:00:00+01:00,0.81805,0.818455,0.81351,0.815035
2013-01-04T11:00:00+01:00,0.815035,0.821825,0.812535,0.821135
2013-01-06T23:00:00+01:00,0.819525,0.82364,0.81877,0.82293
2013-01-07T11:00:00+01:00,0.82293,0.82588,0.8226,0.82534
2013-01-07T23:00:00+01:00,0.82534,0.826445,0.823845,0.824215
2013-01-08T11:00:00+01:00,0.824215,0.826845,0.82267,0.825505
2013-01-08T23:00:00+01:00,0.825505,0.82892,0.825015,0.82665
2013-01-09T11:00:00+01:00,0.82665,0.829575,0.82509,0.829295
2013-01-09T23:00:00+01:00,0.829295,0.830295,0.82834,0.83027
2013-01-10T11:00:00+01:00,0.83027,0.83392,0.830185,0.831545
2013-01-10T23:00:00+01:00,0.831545,0.83195,0.82653,0.827105
2013-01-11T11:00:00+01:00,0.827105,0.827375,0.822765,0.82357
2013-01-13T23:00:00+01:00,0.82593,0.82888,0.82338,0.828795
2013-01-14T11:00:00+01:00,0.828795,0.83047,0.826085,0.829515
2013-01-14T23:00:00+01:00,0.829515,0.830285,0.826055,0.82935
2013-01-15T11:00:00+01:00,0.82935,0.83069,0.82421,0.826475
2013-01-15T23:00:00+01:00,0.826475,0.82935,0.82535,0.82685
2013-01-16T11:00:00+01:00,0.82685,0.82973,0.826065,0.82917
2013-01-16T23:00:00+01:00,0.82917,0.83093,0.82738,0.82913
2013-01-17T11:00:00+01:00,0.82913,0.82998,0.821245,0.82437
2013-01-17T23:00:00+01:00,0.82437,0.82671,0.82342,0.826015
2013-01-18T11:00:00+01:00,0.826015,0.830835,0.825515,0.830835
2013-01-20T23:00:00+01:00,0.830065,0.83062,0.827125,0.82997
2013-01-21T11:00:00+01:00,0.82997,0.831415,0.829,0.8301
2013-01-21T23:00:00+01:00,0.8301,0.83654,0.829565,0.83571
2013-01-22T11:00:00+01:00,0.83571,0.83692,0.833975,0.83415
2013-01-22T23:00:00+01:00,0.83415,0.83655,0.833705,0.835195
2013-01-23T11:00:00+01:00,0.835195,0.843,0.834875,0.84178
2013-01-23T23:00:00+01:00,0.84178,0.84468,0.84039,0.841195
2013-01-24T11:00:00+01:00,0.841195,0.842645,0.839725,0.840105
2013-01-24T23:00:00+01:00,0.840105,0.841965,0.838055,0.841635
2013-01-25T11:00:00+01:00,0.841635,0.846805,0.84065,0.842255
2013-01-27T23:00:00+01:00,0.84088,0.843285,0.83764,0.838265
2013-01-28T11:00:00+01:00,0.838265,0.840455,0.83567,0.83922
2013-01-28T23:00:00+01:00,0.83922,0.842005,0.8377,0.84082
2013-01-29T11:00:00+01:00,0.84082,0.84164,0.83936,0.84021
2013-01-29T23:00:00+01:00,0.84021,0.84046,0.83548,0.83659
2013-01-30T11:00:00+01:00,0.83659,0.83794,0.831445,0.83713
2013-01-30T23:00:00+01:00,0.83713,0.83977,0.836545,0.83952
2013-01-31T11:00:00+01:00,0.83952,0.840995,0.836435,0.83655
2013-01-31T23:00:00+01:00,0.83655,0.841575,0.83647,0.8399
2013-02-01T11:00:00+01:00,0.8399,0.846525,0.83988,0.84243
2013-02-03T23:00:00+01:00,0.845195,0.84549,0.841235,0.84189
2013-02-04T11:00:00+01:00,0.84189,0.84553,0.84131,0.842275
2013-02-04T23:00:00+01:00,0.842275,0.84416,0.84024,0.843275
2013-02-05T11:00:00+01:00,0.843275,0.8441,0.840065,0.840885
2013-02-05T23:00:00+01:00,0.840885,0.842755,0.83643,0.838815
2013-02-06T11:00:00+01:00,0.838815,0.841345,0.834615,0.836
2013-02-06T23:00:00+01:00,0.836,0.836275,0.831985,0.83274
2013-02-07T11:00:00+01:00,0.83274,0.83303,0.82903,0.831325
2013-02-07T23:00:00+01:00,0.831325,0.83636,0.830845,0.835595
2013-02-08T11:00:00+01:00,0.835595,0.84043,0.834995,0.837315
2013-02-10T23:00:00+01:00,0.837315,0.839145,0.83636,0.837825
2013-02-11T11:00:00+01:00,0.837825,0.84349,0.837245,0.839355
2013-02-11T23:00:00+01:00,0.839355,0.841975,0.83867,0.840975
2013-02-12T11:00:00+01:00,0.840975,0.845655,0.83942,0.84217
2013-02-12T23:00:00+01:00,0.84217,0.84478,0.84137,0.844115
2013-02-13T11:00:00+01:00,0.844115,0.84723,0.841905,0.847095
2013-02-13T23:00:00+01:00,0.847095,0.852075,0.84624,0.850695
2013-02-14T11:00:00+01:00,0.850695,0.8528,0.845965,0.851525
2013-02-14T23:00:00+01:00,0.851525,0.85409,0.850845,0.85191
2013-02-15T11:00:00+01:00,0.85191,0.85478,0.849305,0.8504
2013-02-17T23:00:00+01:00,0.8504,0.852445,0.848115,0.849995
2013-02-18T11:00:00+01:00,0.849995,0.855705,0.84912,0.854245
2013-02-18T23:00:00+01:00,0.854245,0.855905,0.84959,0.855175
2013-02-19T11:00:00+01:00,0.855175,0.859555,0.8539,0.856415
2013-02-19T23:00:00+01:00,0.856415,0.857055,0.848625,0.84925
2013-02-20T11:00:00+01:00,0.84925,0.852295,0.84738,0.849715
2013-02-20T23:00:00+01:00,0.849715,0.85095,0.847925,0.850335
2013-02-21T11:00:00+01:00,0.850335,0.85198,0.848325,0.84947
2013-02-21T23:00:00+01:00,0.84947,0.8532,0.848835,0.85296
2013-02-22T11:00:00+01:00,0.85296,0.858915,0.852775,0.85651
2013-02-24T23:00:00+01:00,0.85651,0.859,0.85398,0.85864
2013-02-25T11:00:00+01:00,0.85864,0.86167,0.853815,0.85471
2013-02-25T23:00:00+01:00,0.85471,0.85613,0.85125,0.853065
2013-02-26T11:00:00+01:00,0.853065,0.85333,0.84418,0.8468
2013-02-26T23:00:00+01:00,0.8468,0.847865,0.844915,0.84595
2013-02-27T11:00:00+01:00,0.84595,0.84784,0.843315,0.84677
2013-02-27T23:00:00+01:00,0.84677,0.85133,0.844845,0.850575
2013-02-28T11:00:00+01:00,0.850575,0.8543,0.84899,0.850155
2013-02-28T23:00:00+01:00,0.850155,0.85419,0.849395,0.85241
2013-03-01T11:00:00+01:00,0.85241,0.853115,0.84626,0.84676
2013-03-03T23:00:00+01:00,0.84676,0.848015,0.844275,0.845625
2013-03-04T11:00:00+01:00,0.845625,0.851,0.84555,0.85039
2013-03-04T23:00:00+01:00,0.85039,0.85186,0.848715,0.85015
2013-03-05T11:00:00+01:00,0.85015,0.8557,0.847845,0.853545
2013-03-05T23:00:00+01:00,0.853545,0.855675,0.852875,0.85453
2013-03-06T11:00:00+01:00,0.85453,0.860705,0.85401,0.854995
2013-03-06T23:00:00+01:00,0.854995,0.856135,0.853025,0.854855
2013-03-07T11:00:00+01:00,0.854855,0.85569,0.851155,0.85271
2013-03-07T23:00:00+01:00,0.85271,0.85376,0.850325,0.85315
2013-03-08T11:00:00+01:00,0.85315,0.85436,0.841175,0.84558
2013-03-10T22:00:00+01:00,0.84558,0.84558,0.84168,0.84348
2013-03-11T10:00:00+01:00,0.84348,0.8502,0.843305,0.849565
2013-03-11T22:00:00+01:00,0.849565,0.84998,0.846175,0.84713
2013-03-12T10:00:00+01:00,0.84713,0.848265,0.84588,0.848255
2013-03-12T22:00:00+01:00,0.848255,0.849245,0.845165,0.847395
2013-03-13T10:00:00+01:00,0.847395,0.84965,0.839505,0.840985
2013-03-13T22:00:00+01:00,0.840985,0.842685,0.83895,0.84055
2013-03-14T10:00:00+01:00,0.84055,0.843125,0.837845,0.840375
2013-03-14T22:00:00+01:00,0.840375,0.84082,0.837905,0.83835
2013-03-15T10:00:00+01:00,0.83835,0.84402,0.83747,0.84344
2013-03-17T22:00:00+01:00,0.84344,0.84484,0.840955,0.843755
2013-03-18T10:00:00+01:00,0.843755,0.845135,0.841115,0.84511
2013-03-18T22:00:00+01:00,0.84511,0.845365,0.84249,0.84316
2013-03-19T10:00:00+01:00,0.84316,0.847295,0.84209,0.846805
2013-03-19T22:00:00+01:00,0.846805,0.84811,0.84362,0.84423
2013-03-20T10:00:00+01:00,0.84423,0.845775,0.84187,0.84411
2013-03-20T22:00:00+01:00,0.84411,0.84994,0.84278,0.848255
2013-03-21T10:00:00+01:00,0.848255,0.855115,0.848235,0.852605
2013-03-21T22:00:00+01:00,0.852605,0.85547,0.851115,0.855055
2013-03-22T10:00:00+01:00,0.855055,0.855265,0.85065,0.854955
2013-03-24T22:00:00+01:00,0.854955,0.855385,0.85296,0.85321
2013-03-25T10:00:00+01:00,0.85321,0.85402,0.852055,0.852845
2013-03-25T22:00:00+01:00,0.852845,0.85425,0.850955,0.8532
2013-03-26T10:00:00+01:00,0.8532,0.853555,0.850965,0.85286
2013-03-26T22:00:00+01:00,0.85286,0.85363,0.85137,0.851585
2013-03-27T10:00:00+01:00,0.851585,0.852015,0.8486,0.850095
2013-03-27T22:00:00+01:00,0.850095,0.852285,0.84868,0.85157
2013-03-28T10:00:00+01:00,0.85157,0.85209,0.848875,0.85051
2013-03-28T22:00:00+01:00,0.85051,0.851225,0.84955,0.850515
2013-03-29T10:00:00+01:00,0.850515,0.85195,0.85002,0.85183
2013-03-31T23:00:00+02:00,0.85183,0.851915,0.849555,0.850505
2013-04-01T11:00:00+02:00,0.850505,0.852385,0.849285,0.851105
2013-04-01T23:00:00+02:00,0.851105,0.853945,0.850825,0.85335
2013-04-02T11:00:00+02:00,0.85335,0.856065,0.8526,0.854075
2013-04-02T23:00:00+02:00,0.854075,0.855465,0.85262,0.85496
2013-04-03T11:00:00+02:00,0.85496,0.85647,0.853775,0.854
2013-04-03T23:00:00+02:00,0.854,0.8546,0.84909,0.84934
2013-04-04T11:00:00+02:00,0.84934,0.85334,0.848995,0.853135
2013-04-04T23:00:00+02:00,0.853135,0.853375,0.84971,0.853005
2013-04-05T11:00:00+02:00,0.853005,0.85956,0.85082,0.857865
2013-04-07T23:00:00+02:00,0.857865,0.85931,0.854615,0.85827
2013-04-08T11:00:00+02:00,0.85827,0.86426,0.857955,0.860125
2013-04-08T23:00:00+02:00,0.860125,0.863865,0.860015,0.863075
2013-04-09T11:00:00+02:00,0.863075,0.8667,0.86056,0.86653
2013-04-09T23:00:00+02:00,0.86653,0.868155,0.865525,0.867525
2013-04-10T11:00:00+02:00,0.867525,0.870785,0.866835,0.86958
2013-04-10T23:00:00+02:00,0.86958,0.87816,0.869375,0.875695
2013-04-11T11:00:00+02:00,0.875695,0.87649,0.87195,0.872315
2013-04-11T23:00:00+02:00,0.872315,0.872905,0.87017,0.870285
2013-04-12T11:00:00+02:00,0.870285,0.87103,0.866995,0.870565
2013-04-14T23:00:00+02:00,0.870565,0.870565,0.86213,0.866775
2013-04-15T11:00:00+02:00,0.866775,0.867635,0.858915,0.86225
2013-04-15T23:00:00+02:00,0.86225,0.86788,0.861095,0.866145
2013-04-16T11:00:00+02:00,0.866145,0.86912,0.865315,0.86683
2013-04-16T23:00:00+02:00,0.86683,0.869075,0.8649,0.86811
2013-04-17T11:00:00+02:00,0.86811,0.8704,0.865495,0.866685
2013-04-17T23:00:00+02:00,0.866685,0.868435,0.86537,0.866705
2013-04-18T11:00:00+02:00,0.866705,0.867285,0.862785,0.863595
2013-04-18T23:00:00+02:00,0.863595,0.86929,0.861865,0.86786
2013-04-19T11:00:00+02:00,0.86786,0.86852,0.864125,0.864365
2013-04-21T23:00:00+02:00,0.864365,0.867225,0.86126,0.86266
2013-04-22T11:00:00+02:00,0.86266,0.86663,0.862305,0.8641
2013-04-22T23:00:00+02:00,0.8641,0.86505,0.85935,0.861265
2013-04-23T11:00:00+02:00,0.861265,0.86522,0.860495,0.86098
2013-04-23T23:00:00+02:00,0.86098,0.869295,0.86075,0.86904
2013-04-24T11:00:00+02:00,0.86904,0.870595,0.8666,0.86934
2013-04-24T23:00:00+02:00,0.86934,0.87443,0.86853,0.873665
2013-04-25T11:00:00+02:00,0.873665,0.87458,0.866815,0.86696
2013-04-25T23:00:00+02:00,0.86696,0.870465,0.866775,0.86744
2013-04-26T11:00:00+02:00,0.86744,0.870465,0.861895,0.862075
2013-04-28T23:00:00+02:00,0.862075,0.866105,0.862075,0.86474
2013-04-29T11:00:00+02:00,0.86474,0.868985,0.864295,0.866325
2013-04-29T23:00:00+02:00,0.866325,0.86729,0.86419,0.865155
2013-04-30T11:00:00+02:00,0.865155,0.866595,0.86211,0.86241
2013-04-30T23:00:00+02:00,0.86241,0.86368,0.86113,0.86187
2013-05-01T11:00:00+02:00,0.86187,0.862885,0.85517,0.85702
2013-05-01T23:00:00+02:00,0.85702,0.85784,0.85353,0.854045
2013-05-02T11:00:00+02:00,0.854045,0.858755,0.852765,0.858475
2013-05-02T23:00:00+02:00,0.858475,0.86368,0.85784,0.860695
2013-05-03T11:00:00+02:00,0.860695,0.862725,0.857145,0.85999
2013-05-05T23:00:00+02:00,0.85999,0.861895,0.858645,0.85971
2013-05-06T11:00:00+02:00,0.85971,0.860575,0.85626,0.857235
2013-05-06T23:00:00+02:00,0.857235,0.85837,0.854255,0.85438
2013-05-07T11:00:00+02:00,0.85438,0.85452,0.8463,0.849275
2013-05-07T23:00:00+02:00,0.849275,0.85066,0.840325,0.844005
2013-05-08T11:00:00+02:00,0.844005,0.845235,0.840585,0.842455
2013-05-08T23:00:00+02:00,0.842455,0.850145,0.841875,0.84648
2013-05-09T11:00:00+02:00,0.84648,0.85084,0.84178,0.844975
2013-05-09T23:00:00+02:00,0.844975,0.847315,0.840435,0.841345
2013-05-10T11:00:00+02:00,0.841345,0.84203,0.83631,0.83865
2013-05-12T23:00:00+02:00,0.83865,0.84177,0.836385,0.839615
2013-05-13T11:00:00+02:00,0.839615,0.839625,0.83182,0.83371
2013-05-13T23:00:00+02:00,0.83371,0.838585,0.83322,0.836895
2013-05-14T11:00:00+02:00,0.836895,0.837495,0.83174,0.834605
2013-05-14T23:00:00+02:00,0.834605,0.83794,0.834125,0.835895
2013-05-15T11:00:00+02:00,0.835895,0.841035,0.835025,0.836915
2013-05-15T23:00:00+02:00,0.836915,0.839955,0.8303,0.830555
2013-05-16T11:00:00+02:00,0.830555,0.83473,0.829785,0.83228
2013-05-16T23:00:00+02:00,0.83228,0.832855,0.826145,0.830035
2013-05-17T11:00:00+02:00,0.830035,0.83431,0.82853,0.82926
2013-05-19T23:00:00+02:00,0.82926,0.837725,0.82926,0.83648
2013-05-20T11:00:00+02:00,0.83648,0.83978,0.835495,0.837045
2013-05-20T23:00:00+02:00,0.837045,0.84146,0.835585,0.839265
2013-05-21T11:00:00+02:00,0.839265,0.840045,0.835445,0.83876
2013-05-21T23:00:00+02:00,0.83876,0.839485,0.835185,0.83578
2013-05-22T11:00:00+02:00,0.83578,0.84205,0.834165,0.83749
2013-05-22T23:00:00+02:00,0.83749,0.837675,0.831795,0.834275
2013-05-23T11:00:00+02:00,0.834275,0.8431,0.83373,0.83834
2013-05-23T23:00:00+02:00,0.83834,0.839565,0.83381,0.83651
2013-05-24T11:00:00+02:00,0.83651,0.83851,0.83327,0.83552
2013-05-26T23:00:00+02:00,0.83552,0.836505,0.83275,0.836005
2013-05-27T11:00:00+02:00,0.836005,0.836915,0.8336,0.83599
2013-05-27T23:00:00+02:00,0.83599,0.840245,0.835115,0.83936
2013-05-28T11:00:00+02:00,0.83936,0.841905,0.83712,0.839655
2013-05-28T23:00:00+02:00,0.839655,0.842115,0.838015,0.83967
2013-05-29T11:00:00+02:00,0.83967,0.84657,0.83781,0.83835
2013-05-29T23:00:00+02:00,0.83835,0.84099,0.8372,0.83831
2013-05-30T11:00:00+02:00,0.83831,0.838475,0.830195,0.83165
2013-05-30T23:00:00+02:00,0.83165,0.83493,0.827885,0.82798
2013-05-31T11:00:00+02:00,0.82798,0.82828,0.82197,0.82373
2013-06-02T23:00:00+02:00,0.82373,0.827285,0.82373,0.826665
2013-06-03T11:00:00+02:00,0.826665,0.835335,0.825985,0.83141
2013-06-03T23:00:00+02:00,0.83141,0.833525,0.82671,0.827295
2013-06-04T11:00:00+02:00,0.827295,0.830575,0.82558,0.82919
2013-06-04T23:00:00+02:00,0.82919,0.833105,0.82614,0.82726
2013-06-05T11:00:00+02:00,0.82726,0.829655,0.82051,0.82454
2013-06-05T23:00:00+02:00,0.82454,0.82613,0.81883,0.821575
2013-06-06T11:00:00+02:00,0.821575,0.82704,0.819355,0.8241
2013-06-06T23:00:00+02:00,0.8241,0.82442,0.816015,0.81745
2013-06-07T11:00:00+02:00,0.81745,0.81812,0.80314,0.80443
2013-06-09T23:00:00+02:00,0.80443,0.80443,0.79918,0.80228
2013-06-10T11:00:00+02:00,0.80228,0.80674,0.801775,0.80561
2013-06-10T23:00:00+02:00,0.80561,0.80642,0.799255,0.80026
2013-06-11T11:00:00+02:00,0.80026,0.80431,0.79491,0.80218
2013-06-11T23:00:00+02:00,0.80218,0.81036,0.80023,0.809755
2013-06-12T11:00:00+02:00,0.809755,0.81628,0.80903,0.81628
2013-06-12T23:00:00+02:00,0.81628,0.81651,0.80718,0.808645
2013-06-13T11:00:00+02:00,0.808645,0.82394,0.808325,0.82276
2013-06-13T23:00:00+02:00,0.82276,0.82408,0.81765,0.81924
2013-06-14T11:00:00+02:00,0.81924,0.825835,0.818095,0.81868
2013-06-16T23:00:00+02:00,0.81868,0.82238,0.81804,0.820925
2013-06-17T11:00:00+02:00,0.820925,0.82112,0.81285,0.814105
2013-06-17T23:00:00+02:00,0.814105,0.816065,0.810745,0.81328
2013-06-18T11:00:00+02:00,0.81328,0.818,0.811655,0.81581
2013-06-18T23:00:00+02:00,0.81581,0.81894,0.814735,0.81754
2013-06-19T11:00:00+02:00,0.81754,0.82071,0.80715,0.81138
2013-06-19T23:00:00+02:00,0.81138,0.81143,0.802935,0.80578
2013-06-20T11:00:00+02:00,0.80578,0.807345,0.799165,0.80572
2013-06-20T23:00:00+02:00,0.80572,0.809385,0.80469,0.80647
2013-06-21T11:00:00+02:00,0.80647,0.813995,0.8047,0.81043
2013-06-23T23:00:00+02:00,0.81043,0.814805,0.809665,0.811395
2013-06-24T11:00:00+02:00,0.811395,0.818395,0.80986,0.81403
2013-06-24T23:00:00+02:00,0.81403,0.816785,0.8112,0.814635
2013-06-25T11:00:00+02:00,0.814635,0.814715,0.809605,0.81403
2013-06-25T23:00:00+02:00,0.81403,0.814655,0.81033,0.813205
2013-06-26T11:00:00+02:00,0.813205,0.82269,0.81265,0.81578
2013-06-26T23:00:00+02:00,0.81578,0.818485,0.81358,0.816435
2013-06-27T11:00:00+02:00,0.816435,0.821235,0.81468,0.81671
2013-06-27T23:00:00+02:00,0.81671,0.818635,0.814795,0.817675
2013-06-28T11:00:00+02:00,0.817675,0.818205,0.811265,0.81425
2013-06-30T23:00:00+02:00,0.81425,0.81751,0.81203,0.816545
2013-07-01T11:00:00+02:00,0.816545,0.822145,0.816205,0.82085
2013-07-01T23:00:00+02:00,0.82085,0.822385,0.81716,0.818655
2013-07-02T11:00:00+02:00,0.818655,0.82116,0.815655,0.81736
2013-07-02T23:00:00+02:00,0.81736,0.819305,0.81395,0.815115
2013-07-03T11:00:00+02:00,0.815115,0.81956,0.814955,0.81742
2013-07-03T23:00:00+02:00,0.81742,0.820765,0.815545,0.81979
2013-07-04T11:00:00+02:00,0.81979,0.82661,0.81953,0.82357
2013-07-04T23:00:00+02:00,0.82357,0.824815,0.821505,0.82406
2013-07-05T11:00:00+02:00,0.82406,0.82648,0.81417,0.81556
2013-07-07T23:00:00+02:00,0.81556,0.81856,0.81453,0.816885
2013-07-08T11:00:00+02:00,0.816885,0.82612,0.81667,0.82361
2013-07-08T23:00:00+02:00,0.82361,0.830035,0.82086,0.82737
2013-07-09T11:00:00+02:00,0.82737,0.830265,0.826325,0.82667
2013-07-09T23:00:00+02:00,0.82667,0.828715,0.82398,0.825855
2013-07-10T11:00:00+02:00,0.825855,0.82732,0.81761,0.82031
2013-07-10T23:00:00+02:00,0.82031,0.828295,0.818015,0.818015
2013-07-11T11:00:00+02:00,0.818015,0.81997,0.80713,0.81415
2013-07-11T23:00:00+02:00,0.81415,0.81646,0.812115,0.813505
2013-07-12T11:00:00+02:00,0.813505,0.81439,0.805695,0.80895
2013-07-14T23:00:00+02:00,0.80895,0.8135,0.808075,0.813365
2013-07-15T11:00:00+02:00,0.813365,0.814595,0.80612,0.81421
2013-07-15T23:00:00+02:00,0.81421,0.82008,0.81274,0.819425
2013-07-16T11:00:00+02:00,0.819425,0.821595,0.817435,0.81852
2013-07-16T23:00:00+02:00,0.81852,0.820235,0.81538,0.81552
2013-07-17T11:00:00+02:00,0.81552,0.82495,0.81531,0.82299
2013-07-17T23:00:00+02:00,0.82299,0.824475,0.81897,0.82111
2013-07-18T11:00:00+02:00,0.82111,0.82291,0.818655,0.82007
2013-07-18T23:00:00+02:00,0.82007,0.82561,0.81793,0.825035
2013-07-19T11:00:00+02:00,0.825035,0.82853,0.82172,0.82172
2013-07-21T23:00:00+02:00,0.82172,0.823695,0.818415,0.819735
2013-07-22T11:00:00+02:00,0.819735,0.82458,0.818795,0.82322
2013-07-22T23:00:00+02:00,0.82322,0.82685,0.82294,0.82592
2013-07-23T11:00:00+02:00,0.82592,0.82635,0.819485,0.8228
2013-07-23T23:00:00+02:00,0.8228,0.82505,0.81838,0.82002
2013-07-24T11:00:00+02:00,0.82002,0.820365,0.815925,0.81847
2013-07-24T23:00:00+02:00,0.81847,0.827265,0.81823,0.82699
2013-07-25T11:00:00+02:00,0.82699,0.83257,0.82551,0.83082
2013-07-25T23:00:00+02:00,0.83082,0.832285,0.82823,0.829705
2013-07-26T11:00:00+02:00,0.829705,0.83173,0.828305,0.83097
2013-07-28T23:00:00+02:00,0.83097,0.83141,0.828625,0.830735
2013-07-29T11:00:00+02:00,0.830735,0.83118,0.822485,0.82474
2013-07-29T23:00:00+02:00,0.82474,0.825195,0.820275,0.821935
2013-07-30T11:00:00+02:00,0.821935,0.82414,0.819345,0.82299
2013-07-30T23:00:00+02:00,0.82299,0.824455,0.819125,0.8221
2013-07-31T11:00:00+02:00,0.8221,0.823315,0.817025,0.82061
2013-07-31T23:00:00+02:00,0.82061,0.82083,0.815545,0.817765
2013-08-01T11:00:00+02:00,0.817765,0.81967,0.810595,0.8165
2013-08-01T23:00:00+02:00,0.8165,0.81827,0.8158,0.81653
2013-08-02T11:00:00+02:00,0.81653,0.821405,0.81062,0.81452
2013-08-04T23:00:00+02:00,0.81452,0.81452,0.804805,0.80956
2013-08-05T11:00:00+02:00,0.80956,0.811135,0.80538,0.81061
2013-08-05T23:00:00+02:00,0.81061,0.81702,0.81022,0.816865
2013-08-06T11:00:00+02:00,0.816865,0.82127,0.81425,0.819785
2013-08-06T23:00:00+02:00,0.819785,0.82369,0.818625,0.823145
2013-08-07T11:00:00+02:00,0.823145,0.833425,0.82189,0.830955
2013-08-07T23:00:00+02:00,0.830955,0.83132,0.82767,0.830105
2013-08-08T11:00:00+02:00,0.830105,0.8342,0.826945,0.827175
2013-08-08T23:00:00+02:00,0.827175,0.82831,0.824765,0.826255
2013-08-09T11:00:00+02:00,0.826255,0.83029,0.82491,0.82696
2013-08-11T23:00:00+02:00,0.82696,0.82856,0.824215,0.825845
2013-08-12T11:00:00+02:00,0.825845,0.828785,0.82421,0.825805
2013-08-12T23:00:00+02:00,0.825805,0.82608,0.822005,0.825485
2013-08-13T11:00:00+02:00,0.825485,0.82668,0.820795,0.82399
2013-08-13T23:00:00+02:00,0.82399,0.82844,0.82345,0.82784
2013-08-14T11:00:00+02:00,0.82784,0.831095,0.826925,0.83044
2013-08-14T23:00:00+02:00,0.83044,0.834815,0.82924,0.83476
2013-08-15T11:00:00+02:00,0.83476,0.835405,0.8277,0.83208
2013-08-15T23:00:00+02:00,0.83208,0.83561,0.829955,0.8338
2013-08-16T11:00:00+02:00,0.8338,0.840975,0.832615,0.83763
2013-08-18T23:00:00+02:00,0.83763,0.84284,0.83658,0.84091
2013-08-19T11:00:00+02:00,0.84091,0.84186,0.833405,0.83472
2013-08-19T23:00:00+02:00,0.83472,0.8353,0.82451,0.827905
2013-08-20T11:00:00+02:00,0.827905,0.831055,0.826395,0.82928
2013-08-20T23:00:00+02:00,0.82928,0.82953,0.82321,0.82506
2013-08-21T11:00:00+02:00,0.82506,0.82797,0.82113,0.8218
2013-08-21T23:00:00+02:00,0.8218,0.824885,0.81994,0.82187
2013-08-22T11:00:00+02:00,0.82187,0.82722,0.819305,0.823435
2013-08-22T23:00:00+02:00,0.823435,0.82653,0.82235,0.82418
2013-08-23T11:00:00+02:00,0.82418,0.824935,0.81897,0.81907
2013-08-25T23:00:00+02:00,0.81907,0.824815,0.81814,0.82422
2013-08-26T11:00:00+02:00,0.82422,0.82806,0.823005,0.82452
2013-08-26T23:00:00+02:00,0.82452,0.82547,0.818295,0.818545
2013-08-27T11:00:00+02:00,0.818545,0.82066,0.816305,0.81674
2013-08-27T23:00:00+02:00,0.81674,0.818245,0.812735,0.814775
2013-08-28T11:00:00+02:00,0.814775,0.81893,0.811855,0.81791
2013-08-28T23:00:00+02:00,0.81791,0.8222,0.817345,0.81837
2013-08-29T11:00:00+02:00,0.81837,0.81937,0.81492,0.81843
2013-08-29T23:00:00+02:00,0.81843,0.820895,0.815805,0.81827
2013-08-30T11:00:00+02:00,0.81827,0.82014,0.81306,0.81434
2013-09-01T23:00:00+02:00,0.81434,0.82447,0.81434,0.82284
2013-09-02T11:00:00+02:00,0.82284,0.82471,0.82169,0.82358
2013-09-02T23:00:00+02:00,0.82358,0.82684,0.82272,0.822955
2013-09-03T11:00:00+02:00,0.822955,0.82474,0.819515,0.82179
2013-09-03T23:00:00+02:00,0.82179,0.82808,0.82132,0.8272
2013-09-04T11:00:00+02:00,0.8272,0.83166,0.826455,0.82991
2013-09-04T23:00:00+02:00,0.82991,0.830255,0.82525,0.82597
2013-09-05T11:00:00+02:00,0.82597,0.830625,0.82456,0.82836
2013-09-05T23:00:00+02:00,0.82836,0.832145,0.82802,0.829665
2013-09-06T11:00:00+02:00,0.829665,0.83453,0.82861,0.832665
2013-09-08T23:00:00+02:00,0.832665,0.83474,0.82876,0.83188
2013-09-09T11:00:00+02:00,0.83188,0.83308,0.830415,0.831395
2013-09-09T23:00:00+02:00,0.831395,0.834935,0.830785,0.83262
2013-09-10T11:00:00+02:00,0.83262,0.836605,0.831975,0.83496
2013-09-10T23:00:00+02:00,0.83496,0.835655,0.83168,0.83552
2013-09-11T11:00:00+02:00,0.83552,0.835595,0.83281,0.83406
2013-09-11T23:00:00+02:00,0.83406,0.840915,0.83406,0.8409
2013-09-12T11:00:00+02:00,0.8409,0.842175,0.83738,0.84016
2013-09-12T23:00:00+02:00,0.84016,0.84105,0.837095,0.840305
2013-09-13T11:00:00+02:00,0.840305,0.844075,0.840215,0.841705
2013-09-15T23:00:00+02:00,0.841705,0.848655,0.841705,0.844335
2013-09-16T11:00:00+02:00,0.844335,0.84696,0.84191,0.843615
2013-09-16T23:00:00+02:00,0.843615,0.84573,0.84296,0.84572
2013-09-17T11:00:00+02:00,0.84572,0.84964,0.84497,0.8482
2013-09-17T23:00:00+02:00,0.8482,0.848745,0.84622,0.84737
2013-09-18T11:00:00+02:00,0.84737,0.857175,0.84599,0.85542
2013-09-18T23:00:00+02:00,0.85542,0.85968,0.852045,0.858535
2013-09-19T11:00:00+02:00,0.858535,0.86025,0.855445,0.859705
2013-09-19T23:00:00+02:00,0.859705,0.86261,0.85955,0.861955
2013-09-20T11:00:00+02:00,0.861955,0.86374,0.85983,0.86222
2013-09-22T23:00:00+02:00,0.86222,0.86358,0.85998,0.863095
2013-09-23T11:00:00+02:00,0.863095,0.863735,0.86074,0.86118
2013-09-23T23:00:00+02:00,0.86118,0.86175,0.850795,0.851585
2013-09-24T11:00:00+02:00,0.851585,0.85404,0.849995,0.85312
2013-09-24T23:00:00+02:00,0.85312,0.853325,0.847435,0.848425
2013-09-25T11:00:00+02:00,0.848425,0.85139,0.84734,0.85001
2013-09-25T23:00:00+02:00,0.85001,0.85552,0.84996,0.854665
2013-09-26T11:00:00+02:00,0.854665,0.85592,0.85312,0.854865
2013-09-26T23:00:00+02:00,0.854865,0.8579,0.85343,0.855785
2013-09-27T11:00:00+02:00,0.855785,0.856095,0.84981,0.8533
2013-09-29T23:00:00+02:00,0.8533,0.854485,0.85113,0.852795
2013-09-30T11:00:00+02:00,0.852795,0.857,0.85203,0.85673
2013-09-30T23:00:00+02:00,0.85673,0.85877,0.85461,0.855635
2013-10-01T11:00:00+02:00,0.855635,0.856425,0.85103,0.85434
2013-10-01T23:00:00+02:00,0.85434,0.855345,0.84791,0.85075
2013-10-02T11:00:00+02:00,0.85075,0.86136,0.85017,0.8611
2013-10-02T23:00:00+02:00,0.8611,0.86236,0.856895,0.857955
2013-10-03T11:00:00+02:00,0.857955,0.858495,0.854855,0.85693
2013-10-03T23:00:00+02:00,0.85693,0.85902,0.85531,0.857955
2013-10-04T11:00:00+02:00,0.857955,0.86097,0.85598,0.856305
2013-10-06T23:00:00+02:00,0.856305,0.85748,0.853535,0.8542
2013-10-07T11:00:00+02:00,0.8542,0.859135,0.85409,0.856525
2013-10-07T23:00:00+02:00,0.856525,0.858355,0.85393,0.858355
2013-10-08T11:00:00+02:00,0.858355,0.860505,0.856795,0.85952
2013-10-08T23:00:00+02:00,0.85952,0.861755,0.85812,0.86172
2013-10-09T11:00:00+02:00,0.86172,0.864295,0.861025,0.86326
2013-10-09T23:00:00+02:00,0.86326,0.86392,0.856675,0.857945
2013-10-10T11:00:00+02:00,0.857945,0.8625,0.85708,0.86138
2013-10-10T23:00:00+02:00,0.86138,0.866345,0.86047,0.865775
2013-10-11T11:00:00+02:00,0.865775,0.868105,0.860505,0.86137
2013-10-13T23:00:00+02:00,0.86137,0.867435,0.86133,0.865495
2013-10-14T11:00:00+02:00,0.865495,0.867425,0.8641,0.865325
2013-10-14T23:00:00+02:00,0.865325,0.86895,0.86429,0.868705
2013-10-15T11:00:00+02:00,0.868705,0.87029,0.86654,0.86942
2013-10-15T23:00:00+02:00,0.86942,0.874515,0.86871,0.873165
2013-10-16T11:00:00+02:00,0.873165,0.874225,0.8692,0.87023
2013-10-16T23:00:00+02:00,0.87023,0.87196,0.86871,0.87154
2013-10-17T11:00:00+02:00,0.87154,0.87748,0.871115,0.87324
2013-10-17T23:00:00+02:00,0.87324,0.873975,0.86999,0.87353
2013-10-18T11:00:00+02:00,0.87353,0.876565,0.872505,0.87438
2013-10-20T23:00:00+02:00,0.87438,0.87591,0.87164,0.87174
2013-10-21T11:00:00+02:00,0.87174,0.87301,0.8687,0.87097
2013-10-21T23:00:00+02:00,0.87097,0.871695,0.86879,0.869345
2013-10-22T11:00:00+02:00,0.869345,0.87778,0.86908,0.875755
2013-10-22T23:00:00+02:00,0.875755,0.876745,0.86452,0.86663
2013-10-23T11:00:00+02:00,0.86663,0.872095,0.863315,0.871485
2013-10-23T23:00:00+02:00,0.871485,0.876065,0.86984,0.87038
2013-10-24T11:00:00+02:00,0.87038,0.871835,0.86699,0.870775
2013-10-24T23:00:00+02:00,0.870775,0.871255,0.865395,0.86735
2013-10-25T11:00:00+02:00,0.86735,0.8695,0.86442,0.865305
2013-10-27T22:00:00+01:00,0.865305,0.8683,0.86483,0.86754
2013-10-28T10:00:00+01:00,0.86754,0.87022,0.864205,0.867275
2013-10-28T22:00:00+01:00,0.867275,0.86739,0.86153,0.8618
2013-10-29T10:00:00+01:00,0.8618,0.865335,0.86013,0.864345
2013-10-29T22:00:00+01:00,0.864345,0.866265,0.85963,0.865705
2013-10-30T10:00:00+01:00,0.865705,0.867755,0.859685,0.86629
2013-10-30T22:00:00+01:00,0.86629,0.866455,0.86247,0.864855
2013-10-31T10:00:00+01:00,0.864855,0.86822,0.860985,0.861805
2013-10-31T22:00:00+01:00,0.861805,0.864055,0.860115,0.86314
2013-11-01T10:00:00+01:00,0.86314,0.86336,0.857285,0.861655
2013-11-03T23:00:00+01:00,0.861655,0.8648,0.859665,0.86276
2013-11-04T11:00:00+01:00,0.86276,0.8649,0.86127,0.863615
2013-11-04T23:00:00+01:00,0.863615,0.866545,0.86201,0.865685
2013-11-05T11:00:00+01:00,0.865685,0.874825,0.865685,0.874655
2013-11-05T23:00:00+01:00,0.874655,0.878,0.87319,0.87735
2013-11-06T11:00:00+01:00,0.87735,0.87832,0.87269,0.872785
2013-11-06T23:00:00+01:00,0.872785,0.8736,0.87032,0.87167
2013-11-07T11:00:00+01:00,0.87167,0.874695,0.86842,0.870735
2013-11-07T23:00:00+01:00,0.870735,0.87301,0.8689,0.87121
2013-11-08T11:00:00+01:00,0.87121,0.87436,0.86308,0.864845
2013-11-10T23:00:00+01:00,0.864845,0.86834,0.86422,0.86453
2013-11-11T11:00:00+01:00,0.86453,0.864995,0.861815,0.86456
2013-11-11T23:00:00+01:00,0.86456,0.86552,0.860225,0.861435
2013-11-12T11:00:00+01:00,0.861435,0.864915,0.85753,0.86286
2013-11-12T23:00:00+01:00,0.86286,0.864205,0.86022,0.86156
2013-11-13T11:00:00+01:00,0.86156,0.867495,0.86153,0.866885
2013-11-13T23:00:00+01:00,0.866885,0.87272,0.864705,0.865845
2013-11-14T11:00:00+01:00,0.865845,0.871115,0.86424,0.86576
2013-11-14T23:00:00+01:00,0.86576,0.868845,0.865445,0.8687
2013-11-15T11:00:00+01:00,0.8687,0.87256,0.86734,0.87053
2013-11-17T23:00:00+01:00,0.87053,0.87762,0.869565,0.873755
2013-11-18T11:00:00+01:00,0.873755,0.8746,0.86913,0.86925
2013-11-18T23:00:00+01:00,0.86925,0.87224,0.86709,0.871875
2013-11-19T11:00:00+01:00,0.871875,0.8768,0.869525,0.876445
2013-11-19T23:00:00+01:00,0.876445,0.87776,0.870965,0.87213
2013-11-20T11:00:00+01:00,0.87213,0.8727,0.862515,0.8648
2013-11-20T23:00:00+01:00,0.8648,0.86534,0.8593,0.86014
2013-11-21T11:00:00+01:00,0.86014,0.863945,0.858555,0.86299
2013-11-21T23:00:00+01:00,0.86299,0.867675,0.861345,0.864905
2013-11-22T11:00:00+01:00,0.864905,0.86502,0.856125,0.861745
2013-11-24T23:00:00+01:00,0.861745,0.86814,0.86073,0.86667
2013-11-25T11:00:00+01:00,0.86667,0.868065,0.8637,0.865625
2013-11-25T23:00:00+01:00,0.865625,0.870505,0.864985,0.86517
2013-11-26T11:00:00+01:00,0.86517,0.86582,0.860395,0.86384
2013-11-26T23:00:00+01:00,0.86384,0.86541,0.86205,0.862625
2013-11-27T11:00:00+01:00,0.862625,0.865375,0.86014,0.86344
2013-11-27T23:00:00+01:00,0.86344,0.86555,0.86159,0.862515
2013-11-28T11:00:00+01:00,0.862515,0.864535,0.85911,0.85911
2013-11-28T23:00:00+01:00,0.85911,0.86164,0.856805,0.860995
2013-11-29T11:00:00+01:00,0.860995,0.865305,0.859355,0.86119
2013-12-01T23:00:00+01:00,0.86119,0.87318,0.86119,0.87124
2013-12-02T11:00:00+01:00,0.87124,0.873105,0.86816,0.8713
2013-12-02T23:00:00+01:00,0.8713,0.875495,0.86855,0.875235
2013-12-03T11:00:00+01:00,0.875235,0.880305,0.87471,0.877825
2013-12-03T23:00:00+01:00,0.877825,0.877825,0.869985,0.873645
2013-12-04T11:00:00+01:00,0.873645,0.876965,0.871845,0.875945
2013-12-04T23:00:00+01:00,0.875945,0.877915,0.873345,0.87369
2013-12-05T11:00:00+01:00,0.87369,0.87584,0.86911,0.87584
2013-12-05T23:00:00+01:00,0.87584,0.8766,0.871755,0.873195
2013-12-06T11:00:00+01:00,0.873195,0.88408,0.86738,0.88121
2013-12-08T23:00:00+01:00,0.88121,0.88644,0.88121,0.882275
2013-12-09T11:00:00+01:00,0.882275,0.88333,0.87881,0.880195
2013-12-09T23:00:00+01:00,0.880195,0.882705,0.87929,0.88125
2013-12-10T11:00:00+01:00,0.88125,0.88523,0.87994,0.88137
2013-12-10T23:00:00+01:00,0.88137,0.88151,0.87596,0.876885
2013-12-11T11:00:00+01:00,0.876885,0.87789,0.870635,0.87457
2013-12-11T23:00:00+01:00,0.87457,0.87859,0.87377,0.876235
2013-12-12T11:00:00+01:00,0.876235,0.88008,0.8746,0.87783
2013-12-12T23:00:00+01:00,0.87783,0.879005,0.87167,0.87694
2013-12-13T11:00:00+01:00,0.87694,0.878075,0.874065,0.87509
2013-12-15T23:00:00+01:00,0.87509,0.877095,0.87311,0.87348
2013-12-16T11:00:00+01:00,0.87348,0.876855,0.87286,0.8751
2013-12-16T23:00:00+01:00,0.8751,0.87711,0.87392,0.875465
2013-12-17T11:00:00+01:00,0.875465,0.878575,0.87371,0.877415
2013-12-17T23:00:00+01:00,0.877415,0.878615,0.874825,0.87617
2013-12-18T11:00:00+01:00,0.87617,0.88351,0.87358,0.881705
2013-12-18T23:00:00+01:00,0.881705,0.88205,0.87673,0.878315
2013-12-19T11:00:00+01:00,0.878315,0.87965,0.871525,0.87361
2013-12-19T23:00:00+01:00,0.87361,0.876615,0.871185,0.871805
2013-12-20T11:00:00+01:00,0.871805,0.87787,0.870235,0.87168
2013-12-22T23:00:00+01:00,0.87168,0.874545,0.871275,0.87134
2013-12-23T11:00:00+01:00,0.87134,0.871655,0.868055,0.869605
2013-12-23T23:00:00+01:00,0.869605,0.87059,0.86862,0.870535
2013-12-24T11:00:00+01:00,0.870535,0.870715,0.867185,0.8696
2013-12-25T23:00:00+01:00,0.8696,0.870855,0.868135,0.868315
2013-12-26T11:00:00+01:00,0.868315,0.86959,0.86605,0.869575
2013-12-26T23:00:00+01:00,0.869575,0.87104,0.86731,0.87089
2013-12-27T11:00:00+01:00,0.87089,0.87617,0.869885,0.87255
2013-12-29T23:00:00+01:00,0.87255,0.87492,0.870515,0.87417
2013-12-30T11:00:00+01:00,0.87417,0.87606,0.87256,0.873625
2013-12-30T23:00:00+01:00,0.873625,0.87611,0.87328,0.874315
2013-12-31T11:00:00+01:00,0.874315,0.87604,0.87353,0.875655
2014-01-01T23:00:00+01:00,0.875655,0.876025,0.870235,0.87088
2014-01-02T11:00:00+01:00,0.87088,0.87459,0.86652,0.87343
2014-01-02T23:00:00+01:00,0.87343,0.88141,0.87255,0.88027
2014-01-03T11:00:00+01:00,0.88027,0.88322,0.879315,0.87992
2014-01-05T23:00:00+01:00,0.87992,0.88037,0.876335,0.8794
2014-01-06T11:00:00+01:00,0.8794,0.884835,0.879035,0.88357
2014-01-06T23:00:00+01:00,0.88357,0.88516,0.88124,0.8849
2014-01-07T11:00:00+01:00,0.8849,0.89329,0.884365,0.891775
2014-01-07T23:00:00+01:00,0.891775,0.896305,0.890255,0.89483
2014-01-08T11:00:00+01:00,0.89483,0.89847,0.89218,0.894325
2014-01-08T23:00:00+01:00,0.894325,0.89607,0.893085,0.89567
2014-01-09T11:00:00+01:00,0.89567,0.897635,0.893795,0.89506
2014-01-09T23:00:00+01:00,0.89506,0.89569,0.89309,0.89419
2014-01-10T11:00:00+01:00,0.89419,0.906285,0.891235,0.904465
2014-01-12T23:00:00+01:00,0.904465,0.91037,0.903675,0.91025
2014-01-13T11:00:00+01:00,0.91025,0.91459,0.908165,0.909985
2014-01-13T23:00:00+01:00,0.909985,0.915925,0.9095,0.915415
2014-01-14T11:00:00+01:00,0.915415,0.921005,0.915135,0.917595
2014-01-14T23:00:00+01:00,0.917595,0.91862,0.914275,0.91691
2014-01-15T11:00:00+01:00,0.91691,0.91851,0.911445,0.911775
2014-01-15T23:00:00+01:00,0.911775,0.913145,0.9087,0.909
2014-01-16T11:00:00+01:00,0.909,0.91414,0.90642,0.91335
2014-01-16T23:00:00+01:00,0.91335,0.91381,0.903985,0.90422
2014-01-17T11:00:00+01:00,0.90422,0.908315,0.904155,0.90504
2014-01-19T23:00:00+01:00,0.90504,0.906835,0.89965,0.90374
2014-01-20T11:00:00+01:00,0.90374,0.91159,0.90268,0.91154
2014-01-20T23:00:00+01:00,0.91154,0.91495,0.910335,0.9143
2014-01-21T11:00:00+01:00,0.9143,0.915425,0.911085,0.912095
2014-01-21T23:00:00+01:00,0.912095,0.9145,0.91127,0.9135
2014-01-22T11:00:00+01:00,0.9135,0.921985,0.912105,0.921335
2014-01-22T23:00:00+01:00,0.921335,0.92781,0.919695,0.927695
2014-01-23T11:00:00+01:00,0.927695,0.928455,0.92119,0.92182
2014-01-23T23:00:00+01:00,0.92182,0.92279,0.915505,0.915505
2014-01-24T11:00:00+01:00,0.915505,0.917845,0.910195,0.910845
2014-01-26T23:00:00+01:00,0.910845,0.91422,0.906985,0.91024
2014-01-27T11:00:00+01:00,0.91024,0.91652,0.9096,0.9152
2014-01-27T23:00:00+01:00,0.9152,0.92245,0.91345,0.919745
2014-01-28T11:00:00+01:00,0.919745,0.925225,0.919055,0.921
2014-01-28T23:00:00+01:00,0.921,0.925865,0.9206,0.924705
2014-01-29T11:00:00+01:00,0.924705,0.924905,0.91293,0.91762
2014-01-29T23:00:00+01:00,0.91762,0.9188,0.910635,0.91075
2014-01-30T11:00:00+01:00,0.91075,0.914855,0.907195,0.911285
2014-01-30T23:00:00+01:00,0.911285,0.912915,0.908265,0.911795
2014-01-31T11:00:00+01:00,0.911795,0.912445,0.89775,0.89993
2014-02-02T23:00:00+01:00,0.89993,0.903625,0.89797,0.898005
2014-02-03T11:00:00+01:00,0.898005,0.900055,0.894725,0.89902
2014-02-03T23:00:00+01:00,0.89902,0.906765,0.89403,0.90612
2014-02-04T11:00:00+01:00,0.90612,0.914745,0.903165,0.913565
2014-02-04T23:00:00+01:00,0.913565,0.91453,0.90737,0.909965
2014-02-05T11:00:00+01:00,0.909965,0.912815,0.907235,0.910545
2014-02-05T23:00:00+01:00,0.910545,0.91356,0.90829,0.91189
2014-02-06T11:00:00+01:00,0.91189,0.91787,0.90983,0.91308
2014-02-06T23:00:00+01:00,0.91308,0.913215,0.90963,0.912705
2014-02-07T11:00:00+01:00,0.912705,0.916105,0.90782,0.915005
2014-02-09T23:00:00+01:00,0.915005,0.915005,0.910315,0.91211
2014-02-10T11:00:00+01:00,0.91211,0.91469,0.91171,0.914185
2014-02-10T23:00:00+01:00,0.914185,0.922275,0.91352,0.921595
2014-02-11T11:00:00+01:00,0.921595,0.92193,0.91582,0.916175
2014-02-11T23:00:00+01:00,0.916175,0.919785,0.9143,0.918215
2014-02-12T11:00:00+01:00,0.918215,0.91838,0.91351,0.9156
2014-02-12T23:00:00+01:00,0.9156,0.916365,0.91323,0.914195
2014-02-13T11:00:00+01:00,0.914195,0.919685,0.914115,0.91581
2014-02-13T23:00:00+01:00,0.91581,0.91898,0.912695,0.916655
2014-02-14T11:00:00+01:00,0.916655,0.920225,0.916025,0.9192
2014-02-16T23:00:00+01:00,0.9192,0.92022,0.9161,0.916685
2014-02-17T11:00:00+01:00,0.916685,0.91769,0.915825,0.917175
2014-02-17T23:00:00+01:00,0.917175,0.91774,0.910665,0.91111
2014-02-18T11:00:00+01:00,0.91111,0.91314,0.90879,0.909525
2014-02-18T23:00:00+01:00,0.909525,0.91047,0.90632,0.909555
2014-02-19T11:00:00+01:00,0.909555,0.920665,0.90954,0.91709
2014-02-19T23:00:00+01:00,0.91709,0.91859,0.913825,0.91773
2014-02-20T11:00:00+01:00,0.91773,0.92281,0.916475,0.921955
2014-02-20T23:00:00+01:00,0.921955,0.92778,0.92116,0.92614
2014-02-21T11:00:00+01:00,0.92614,0.927085,0.919645,0.92012
2014-02-23T23:00:00+01:00,0.92012,0.922635,0.918645,0.9213
2014-02-24T11:00:00+01:00,0.9213,0.923435,0.91869,0.92134
2014-02-24T23:00:00+01:00,0.92134,0.923165,0.92035,0.92226
2014-02-25T11:00:00+01:00,0.92226,0.924565,0.921945,0.92326
2014-02-25T23:00:00+01:00,0.92326,0.924845,0.92171,0.924515
2014-02-26T11:00:00+01:00,0.924515,0.9261,0.92084,0.92527
2014-02-26T23:00:00+01:00,0.92527,0.93,0.92341,0.929435
2014-02-27T11:00:00+01:00,0.929435,0.934845,0.927555,0.930835
2014-02-27T23:00:00+01:00,0.930835,0.937575,0.93002,0.93729
2014-02-28T11:00:00+01:00,0.93729,0.938505,0.92625,0.92783
2014-03-02T23:00:00+01:00,0.92783,0.927935,0.922165,0.926745
2014-03-03T11:00:00+01:00,0.926745,0.92974,0.925775,0.927045
2014-03-03T23:00:00+01:00,0.927045,0.93028,0.926165,0.929325
2014-03-04T11:00:00+01:00,0.929325,0.932115,0.928415,0.931005
2014-03-04T23:00:00+01:00,0.931005,0.93225,0.928645,0.931855
2014-03-05T11:00:00+01:00,0.931855,0.933945,0.92827,0.928305
2014-03-05T23:00:00+01:00,0.928305,0.933975,0.92752,0.93349
2014-03-06T11:00:00+01:00,0.93349,0.93567,0.92885,0.931235
2014-03-06T23:00:00+01:00,0.931235,0.935155,0.930525,0.93498
2014-03-07T11:00:00+01:00,0.93498,0.93988,0.93282,0.93863
2014-03-09T22:00:00+01:00,0.93863,0.941955,0.937935,0.94145
2014-03-10T10:00:00+01:00,0.94145,0.942265,0.937765,0.940845
2014-03-10T22:00:00+01:00,0.940845,0.94582,0.940295,0.94439
2014-03-11T10:00:00+01:00,0.94439,0.944585,0.93965,0.94069
2014-03-11T22:00:00+01:00,0.94069,0.943005,0.93864,0.941705
2014-03-12T10:00:00+01:00,0.941705,0.948045,0.93806,0.94795
2014-03-12T22:00:00+01:00,0.94795,0.951905,0.94673,0.949395
2014-03-13T10:00:00+01:00,0.949395,0.952235,0.94184,0.945685
2014-03-13T22:00:00+01:00,0.945685,0.948545,0.944685,0.94807
2014-03-14T10:00:00+01:00,0.94807,0.94894,0.945385,0.94796
2014-03-16T22:00:00+01:00,0.94796,0.9493,0.9459,0.94746
2014-03-17T10:00:00+01:00,0.94746,0.949645,0.946575,0.946835
2014-03-17T22:00:00+01:00,0.946835,0.94815,0.94393,0.94632
2014-03-18T10:00:00+01:00,0.94632,0.962055,0.94619,0.96025
2014-03-18T22:00:00+01:00,0.96025,0.96134,0.95683,0.959595
2014-03-19T10:00:00+01:00,0.959595,0.965695,0.959585,0.96217
2014-03-19T22:00:00+01:00,0.96217,0.96325,0.95865,0.961255
2014-03-20T10:00:00+01:00,0.961255,0.961785,0.958555,0.959205
2014-03-20T22:00:00+01:00,0.959205,0.96251,0.958445,0.96131
2014-03-21T10:00:00+01:00,0.96131,0.962945,0.95461,0.95809
2014-03-23T22:00:00+01:00,0.95809,0.96026,0.956785,0.959475
2014-03-24T10:00:00+01:00,0.959475,0.95958,0.955695,0.956605
2014-03-24T22:00:00+01:00,0.956605,0.95977,0.955825,0.95875
2014-03-25T10:00:00+01:00,0.95875,0.95935,0.954025,0.95781
2014-03-25T22:00:00+01:00,0.95781,0.959415,0.956635,0.95904
2014-03-26T10:00:00+01:00,0.95904,0.961735,0.952955,0.954015
2014-03-26T22:00:00+01:00,0.954015,0.96287,0.953115,0.96192
2014-03-27T10:00:00+01:00,0.96192,0.962715,0.955375,0.95654
2014-03-27T22:00:00+01:00,0.95654,0.95844,0.954855,0.956595
2014-03-28T10:00:00+01:00,0.956595,0.959375,0.95529,0.958105
2014-03-30T23:00:00+02:00,0.958105,0.959595,0.956455,0.95744
2014-03-31T11:00:00+02:00,0.95744,0.95985,0.95188,0.95858
2014-03-31T23:00:00+02:00,0.95858,0.961395,0.957945,0.96094
2014-04-01T11:00:00+02:00,0.96094,0.96254,0.952765,0.952765
2014-04-01T23:00:00+02:00,0.952765,0.952765,0.94412,0.94451
2014-04-02T11:00:00+02:00,0.94451,0.946185,0.94233,0.946
2014-04-02T23:00:00+02:00,0.946,0.94662,0.938035,0.939285
2014-04-03T11:00:00+02:00,0.939285,0.94337,0.938825,0.94305
2014-04-03T23:00:00+02:00,0.94305,0.9444,0.940405,0.94141
2014-04-04T11:00:00+02:00,0.94141,0.94528,0.93866,0.944795
2014-04-06T23:00:00+02:00,0.944795,0.945955,0.94218,0.945745
2014-04-07T11:00:00+02:00,0.945745,0.94621,0.9423,0.944055
2014-04-07T23:00:00+02:00,0.944055,0.949205,0.943625,0.947855
2014-04-08T11:00:00+02:00,0.947855,0.9497,0.94534,0.94765
2014-04-08T23:00:00+02:00,0.94765,0.951745,0.946405,0.951625
2014-04-09T11:00:00+02:00,0.951625,0.95179,0.941395,0.948405
2014-04-09T23:00:00+02:00,0.948405,0.95215,0.947785,0.94935
2014-04-10T11:00:00+02:00,0.94935,0.950985,0.947325,0.94959
2014-04-10T23:00:00+02:00,0.94959,0.9496,0.943535,0.949105
2014-04-11T11:00:00+02:00,0.949105,0.954735,0.94909,0.95424
2014-04-13T23:00:00+02:00,0.95424,0.95451,0.94736,0.948795
2014-04-14T11:00:00+02:00,0.948795,0.952455,0.94843,0.952455
2014-04-14T23:00:00+02:00,0.952455,0.953205,0.948755,0.950965
2014-04-15T11:00:00+02:00,0.950965,0.952805,0.947465,0.94903
2014-04-15T23:00:00+02:00,0.94903,0.94998,0.942675,0.945455
2014-04-16T11:00:00+02:00,0.945455,0.95128,0.941955,0.949895
2014-04-16T23:00:00+02:00,0.949895,0.95178,0.94808,0.94915
2014-04-17T11:00:00+02:00,0.94915,0.94954,0.94294,0.943225
2014-04-17T23:00:00+02:00,0.943225,0.9457,0.94318,0.94529
2014-04-18T11:00:00+02:00,0.94529,0.946715,0.94427,0.94608
2014-04-20T23:00:00+02:00,0.94608,0.948395,0.94341,0.9452
2014-04-21T11:00:00+02:00,0.9452,0.94634,0.942215,0.943285
2014-04-21T23:00:00+02:00,0.943285,0.947255,0.943235,0.946145
2014-04-22T11:00:00+02:00,0.946145,0.950155,0.945635,0.94847
2014-04-22T23:00:00+02:00,0.94847,0.951035,0.94751,0.94807
2014-04-23T11:00:00+02:00,0.94807,0.948715,0.945025,0.94735
2014-04-23T23:00:00+02:00,0.94735,0.952675,0.94723,0.94769
2014-04-24T11:00:00+02:00,0.94769,0.947795,0.942535,0.944295
2014-04-24T23:00:00+02:00,0.944295,0.947125,0.9432,0.9466
2014-04-25T11:00:00+02:00,0.9466,0.94805,0.945525,0.94671
2014-04-27T23:00:00+02:00,0.94671,0.94767,0.94422,0.944545
2014-04-28T11:00:00+02:00,0.944545,0.94525,0.94005,0.941685
2014-04-28T23:00:00+02:00,0.941685,0.942535,0.9372,0.937615
2014-04-29T11:00:00+02:00,0.937615,0.93806,0.93566,0.935745
2014-04-29T23:00:00+02:00,0.935745,0.939585,0.93565,0.937535
2014-04-30T11:00:00+02:00,0.937535,0.94566,0.93687,0.9446
2014-04-30T23:00:00+02:00,0.9446,0.94721,0.943315,0.94632
2014-05-01T11:00:00+02:00,0.94632,0.947445,0.94501,0.94602
2014-05-01T23:00:00+02:00,0.94602,0.94833,0.944135,0.948315
2014-05-02T11:00:00+02:00,0.948315,0.952075,0.944285,0.9509
2014-05-04T23:00:00+02:00,0.9509,0.95214,0.948085,0.95025
2014-05-05T11:00:00+02:00,0.95025,0.95333,0.949635,0.950875
2014-05-05T23:00:00+02:00,0.950875,0.955995,0.95043,0.955725
2014-05-06T11:00:00+02:00,0.955725,0.95917,0.950835,0.952015
2014-05-06T23:00:00+02:00,0.952015,0.952455,0.9436,0.943815
2014-05-07T11:00:00+02:00,0.943815,0.946525,0.942255,0.94386
2014-05-07T23:00:00+02:00,0.94386,0.944455,0.94156,0.94259
2014-05-08T11:00:00+02:00,0.94259,0.94363,0.93473,0.93655
2014-05-08T23:00:00+02:00,0.93655,0.937075,0.932885,0.93488
2014-05-09T11:00:00+02:00,0.93488,0.941475,0.93361,0.938765
2014-05-11T23:00:00+02:00,0.938765,0.94116,0.93858,0.93935
2014-05-12T11:00:00+02:00,0.93935,0.94072,0.937755,0.939305
2014-05-12T23:00:00+02:00,0.939305,0.94266,0.938965,0.94209
2014-05-13T11:00:00+02:00,0.94209,0.94422,0.94066,0.94087
2014-05-13T23:00:00+02:00,0.94087,0.94482,0.9394,0.94305
2014-05-14T11:00:00+02:00,0.94305,0.94601,0.942135,0.943855
2014-05-14T23:00:00+02:00,0.943855,0.944615,0.940755,0.94234
2014-05-15T11:00:00+02:00,0.94234,0.9429,0.938755,0.94086
2014-05-15T23:00:00+02:00,0.94086,0.941535,0.93844,0.93943
2014-05-16T11:00:00+02:00,0.93943,0.940325,0.936855,0.93703
2014-05-18T23:00:00+02:00,0.93703,0.940135,0.93703,0.938325
2014-05-19T11:00:00+02:00,0.938325,0.94011,0.93704,0.93841
2014-05-19T23:00:00+02:00,0.93841,0.93902,0.932915,0.934395
2014-05-20T11:00:00+02:00,0.934395,0.936475,0.933175,0.93519
2014-05-20T23:00:00+02:00,0.93519,0.936825,0.93309,0.936315
2014-05-21T11:00:00+02:00,0.936315,0.93677,0.93294,0.936015
2014-05-21T23:00:00+02:00,0.936015,0.937095,0.93413,0.935385
2014-05-22T11:00:00+02:00,0.935385,0.93647,0.93158,0.93293
2014-05-22T23:00:00+02:00,0.93293,0.93396,0.93201,0.932035
2014-05-23T11:00:00+02:00,0.932035,0.93224,0.92824,0.92892
2014-05-25T23:00:00+02:00,0.92892,0.9295,0.926865,0.92799
2014-05-26T11:00:00+02:00,0.92799,0.929235,0.92745,0.928445
2014-05-26T23:00:00+02:00,0.928445,0.93029,0.927085,0.92735
2014-05-27T11:00:00+02:00,0.92735,0.93008,0.926325,0.929875
2014-05-27T23:00:00+02:00,0.929875,0.93057,0.921885,0.922795
2014-05-28T11:00:00+02:00,0.922795,0.924915,0.92014,0.92403
2014-05-28T23:00:00+02:00,0.92403,0.924635,0.92038,0.9239
2014-05-29T11:00:00+02:00,0.9239,0.925135,0.91691,0.919765
2014-05-29T23:00:00+02:00,0.919765,0.92271,0.91865,0.919625
2014-05-30T11:00:00+02:00,0.919625,0.922335,0.91809,0.921585
2014-06-01T23:00:00+02:00,0.921585,0.92174,0.918155,0.91947
2014-06-02T11:00:00+02:00,0.91947,0.923595,0.91904,0.92136
2014-06-02T23:00:00+02:00,0.92136,0.92397,0.91993,0.923225
2014-06-03T11:00:00+02:00,0.923225,0.92399,0.918645,0.919625
2014-06-03T23:00:00+02:00,0.919625,0.92232,0.919305,0.920235
2014-06-04T11:00:00+02:00,0.920235,0.922535,0.91849,0.921415
2014-06-04T23:00:00+02:00,0.921415,0.92535,0.92118,0.92296
2014-06-05T11:00:00+02:00,0.92296,0.93012,0.922625,0.928645
2014-06-05T23:00:00+02:00,0.928645,0.93198,0.92631,0.93123
2014-06-06T11:00:00+02:00,0.93123,0.935325,0.92838,0.929145
2014-06-08T23:00:00+02:00,0.929145,0.93196,0.92869,0.93065
2014-06-09T11:00:00+02:00,0.93065,0.9312,0.924925,0.926225
2014-06-09T23:00:00+02:00,0.926225,0.92884,0.926065,0.92866
2014-06-10T11:00:00+02:00,0.92866,0.93032,0.927855,0.9297
2014-06-10T23:00:00+02:00,0.9297,0.933745,0.92915,0.933065
2014-06-11T11:00:00+02:00,0.933065,0.934165,0.92777,0.92882
2014-06-11T23:00:00+02:00,0.92882,0.94344,0.92715,0.940935
2014-06-12T11:00:00+02:00,0.940935,0.94429,0.9409,0.943235
2014-06-12T23:00:00+02:00,0.943235,0.943675,0.93975,0.940685
2014-06-13T11:00:00+02:00,0.940685,0.942055,0.93818,0.94049
2014-06-15T23:00:00+02:00,0.94049,0.94376,0.940245,0.94273
2014-06-16T11:00:00+02:00,0.94273,0.94399,0.94069,0.94078
2014-06-16T23:00:00+02:00,0.94078,0.941685,0.939235,0.940395
2014-06-17T11:00:00+02:00,0.940395,0.942585,0.93885,0.94052
2014-06-17T23:00:00+02:00,0.94052,0.94304,0.9397,0.94191
2014-06-18T11:00:00+02:00,0.94191,0.94743,0.941585,0.94662
2014-06-18T23:00:00+02:00,0.94662,0.94714,0.942545,0.943865
2014-06-19T11:00:00+02:00,0.943865,0.945525,0.941765,0.943005
2014-06-19T23:00:00+02:00,0.943005,0.943645,0.941695,0.942235
2014-06-20T11:00:00+02:00,0.942235,0.942415,0.933985,0.93566
2014-06-22T23:00:00+02:00,0.93566,0.93884,0.9355,0.93708
2014-06-23T11:00:00+02:00,0.93708,0.93794,0.9342,0.935105
2014-06-23T23:00:00+02:00,0.935105,0.936045,0.93302,0.93356
2014-06-24T11:00:00+02:00,0.93356,0.935275,0.931505,0.932025
2014-06-24T23:00:00+02:00,0.932025,0.93424,0.93084,0.933575
2014-06-25T11:00:00+02:00,0.933575,0.93751,0.93348,0.936745
2014-06-25T23:00:00+02:00,0.936745,0.940425,0.935845,0.93935
2014-06-26T11:00:00+02:00,0.93935,0.9402,0.93711,0.93868
2014-06-26T23:00:00+02:00,0.93868,0.940205,0.93608,0.93668
2014-06-27T11:00:00+02:00,0.93668,0.93722,0.93485,0.93612
2014-06-29T23:00:00+02:00,0.93612,0.93685,0.93246,0.93332
2014-06-30T11:00:00+02:00,0.93332,0.93473,0.932235,0.93459
2014-06-30T23:00:00+02:00,0.93459,0.936665,0.933925,0.934035
2014-07-01T11:00:00+02:00,0.934035,0.936905,0.93279,0.93296
2014-07-01T23:00:00+02:00,0.93296,0.93321,0.930875,0.93242
2014-07-02T11:00:00+02:00,0.93242,0.93601,0.93139,0.9358
2014-07-02T23:00:00+02:00,0.9358,0.936735,0.93308,0.933415
2014-07-03T11:00:00+02:00,0.933415,0.93462,0.930105,0.930905
2014-07-03T23:00:00+02:00,0.930905,0.931575,0.929265,0.92993
2014-07-04T11:00:00+02:00,0.92993,0.93188,0.92867,0.93102
2014-07-06T23:00:00+02:00,0.93102,0.932025,0.92907,0.930815
2014-07-07T11:00:00+02:00,0.930815,0.93613,0.93008,0.935815
2014-07-07T23:00:00+02:00,0.935815,0.94061,0.933545,0.939585
2014-07-08T11:00:00+02:00,0.939585,0.939775,0.93697,0.93841
2014-07-08T23:00:00+02:00,0.93841,0.941305,0.93782,0.94037
2014-07-09T11:00:00+02:00,0.94037,0.94091,0.937195,0.93985
2014-07-09T23:00:00+02:00,0.93985,0.94119,0.93877,0.93983
2014-07-10T11:00:00+02:00,0.93983,0.94034,0.938225,0.93967
2014-07-10T23:00:00+02:00,0.93967,0.93988,0.937005,0.93815
2014-07-11T11:00:00+02:00,0.93815,0.94655,0.937815,0.94582
2014-07-13T23:00:00+02:00,0.94582,0.947925,0.94526,0.94591
2014-07-14T11:00:00+02:00,0.94591,0.94687,0.9423,0.943095
2014-07-14T23:00:00+02:00,0.943095,0.94536,0.94257,0.944395
2014-07-15T11:00:00+02:00,0.944395,0.945675,0.94128,0.943345
2014-07-15T23:00:00+02:00,0.943345,0.943655,0.935015,0.93575
2014-07-16T11:00:00+02:00,0.93575,0.940485,0.93478,0.93597
2014-07-16T23:00:00+02:00,0.93597,0.937025,0.932355,0.9338
2014-07-17T11:00:00+02:00,0.9338,0.93541,0.93263,0.93299
2014-07-17T23:00:00+02:00,0.93299,0.93454,0.93071,0.93337
2014-07-18T11:00:00+02:00,0.93337,0.93415,0.9294,0.93245
2014-07-20T23:00:00+02:00,0.93245,0.935805,0.93245,0.93467
2014-07-21T11:00:00+02:00,0.93467,0.935235,0.932275,0.933075
2014-07-21T23:00:00+02:00,0.933075,0.93348,0.93066,0.931215
2014-07-22T11:00:00+02:00,0.931215,0.93364,0.92957,0.930795
2014-07-22T23:00:00+02:00,0.930795,0.932255,0.929755,0.93157
2014-07-23T11:00:00+02:00,0.93157,0.934015,0.92984,0.933705
2014-07-23T23:00:00+02:00,0.933705,0.9338,0.91995,0.920845
2014-07-24T11:00:00+02:00,0.920845,0.923105,0.92028,0.921225
2014-07-24T23:00:00+02:00,0.921225,0.92267,0.91981,0.919945
2014-07-25T11:00:00+02:00,0.919945,0.92592,0.91881,0.925165
2014-07-27T23:00:00+02:00,0.925165,0.925425,0.92206,0.92334
2014-07-28T11:00:00+02:00,0.92334,0.92556,0.92295,0.92308
2014-07-28T23:00:00+02:00,0.92308,0.924375,0.919575,0.919955
2014-07-29T11:00:00+02:00,0.919955,0.92371,0.91974,0.922975
2014-07-29T23:00:00+02:00,0.922975,0.924665,0.922705,0.92443
2014-07-30T11:00:00+02:00,0.92443,0.92652,0.92302,0.92575
2014-07-30T23:00:00+02:00,0.92575,0.929005,0.924995,0.92656
2014-07-31T11:00:00+02:00,0.92656,0.92757,0.92315,0.927025
2014-07-31T23:00:00+02:00,0.927025,0.92862,0.926445,0.92812
2014-08-01T11:00:00+02:00,0.92812,0.929945,0.92543,0.92925
2014-08-03T23:00:00+02:00,0.92925,0.9308,0.92853,0.92989
2014-08-04T11:00:00+02:00,0.92989,0.9311,0.928675,0.92971
2014-08-04T23:00:00+02:00,0.92971,0.931895,0.928655,0.931165
2014-08-05T11:00:00+02:00,0.931165,0.932655,0.926655,0.92816
2014-08-05T23:00:00+02:00,0.92816,0.9287,0.923685,0.92566
2014-08-06T11:00:00+02:00,0.92566,0.927485,0.92357,0.92566
2014-08-06T23:00:00+02:00,0.92566,0.92602,0.923275,0.92514
2014-08-07T11:00:00+02:00,0.92514,0.927885,0.92461,0.926175
2014-08-07T23:00:00+02:00,0.926175,0.92619,0.92273,0.9243
2014-08-08T11:00:00+02:00,0.9243,0.93096,0.924175,0.928515
2014-08-10T23:00:00+02:00,0.928515,0.93006,0.92778,0.928465
2014-08-11T11:00:00+02:00,0.928465,0.92862,0.923665,0.923805
2014-08-11T23:00:00+02:00,0.923805,0.92457,0.92014,0.922175
2014-08-12T11:00:00+02:00,0.922175,0.92392,0.9209,0.92147
2014-08-12T23:00:00+02:00,0.92147,0.92182,0.9198,0.920845
2014-08-13T11:00:00+02:00,0.920845,0.92543,0.9201,0.92322
2014-08-13T23:00:00+02:00,0.92322,0.927065,0.92285,0.926505
2014-08-14T11:00:00+02:00,0.926505,0.92829,0.92501,0.925935
2014-08-14T23:00:00+02:00,0.925935,0.92625,0.9234,0.925335
2014-08-15T11:00:00+02:00,0.925335,0.92679,0.92225,0.9251
2014-08-17T23:00:00+02:00,0.9251,0.925115,0.92246,0.92257
2014-08-18T11:00:00+02:00,0.92257,0.924085,0.92217,0.92309
2014-08-18T23:00:00+02:00,0.92309,0.923775,0.917955,0.920725
2014-08-19T11:00:00+02:00,0.920725,0.92361,0.91939,0.92121
2014-08-19T23:00:00+02:00,0.92121,0.922755,0.917115,0.919765
2014-08-20T11:00:00+02:00,0.919765,0.92149,0.917915,0.91877
2014-08-20T23:00:00+02:00,0.91877,0.91955,0.9169,0.919485
2014-08-21T11:00:00+02:00,0.919485,0.920755,0.91788,0.919825
2014-08-21T23:00:00+02:00,0.919825,0.92156,0.918265,0.921315
2014-08-22T11:00:00+02:00,0.921315,0.92406,0.91858,0.91989
2014-08-24T23:00:00+02:00,0.91989,0.920945,0.913765,0.91565
2014-08-25T11:00:00+02:00,0.91565,0.91719,0.915385,0.916375
2014-08-25T23:00:00+02:00,0.916375,0.91714,0.913525,0.91376
2014-08-26T11:00:00+02:00,0.91376,0.91497,0.911405,0.912585
2014-08-26T23:00:00+02:00,0.912585,0.914615,0.9114,0.912245
2014-08-27T11:00:00+02:00,0.912245,0.91396,0.907085,0.909875
2014-08-27T23:00:00+02:00,0.909875,0.91188,0.90865,0.9114
2014-08-28T11:00:00+02:00,0.9114,0.912295,0.90825,0.910505
2014-08-28T23:00:00+02:00,0.910505,0.91116,0.907615,0.910655
2014-08-29T11:00:00+02:00,0.910655,0.910915,0.90668,0.909675
2014-08-31T23:00:00+02:00,0.909675,0.911645,0.90767,0.911545
2014-09-01T11:00:00+02:00,0.911545,0.91161,0.909905,0.910615
2014-09-01T23:00:00+02:00,0.910615,0.912265,0.90858,0.90942
2014-09-02T11:00:00+02:00,0.90942,0.909885,0.90647,0.90896
2014-09-02T23:00:00+02:00,0.90896,0.90979,0.90666,0.90815
2014-09-03T11:00:00+02:00,0.90815,0.90967,0.903895,0.906635
2014-09-03T23:00:00+02:00,0.906635,0.9079,0.905715,0.90727
2014-09-04T11:00:00+02:00,0.90727,0.90751,0.90153,0.90332
2014-09-04T23:00:00+02:00,0.90332,0.903445,0.900525,0.902155
2014-09-05T11:00:00+02:00,0.902155,0.908045,0.90175,0.90645
2014-09-07T23:00:00+02:00,0.90645,0.907235,0.90383,0.90564
2014-09-08T11:00:00+02:00,0.90564,0.908805,0.90485,0.907815
2014-09-08T23:00:00+02:00,0.907815,0.90944,0.9069,0.90863
2014-09-09T11:00:00+02:00,0.90863,0.90985,0.90425,0.9055
2014-09-09T23:00:00+02:00,0.9055,0.906605,0.903305,0.90489
2014-09-10T11:00:00+02:00,0.90489,0.905045,0.89868,0.89945
2014-09-10T23:00:00+02:00,0.89945,0.900135,0.895105,0.89654
2014-09-11T11:00:00+02:00,0.89654,0.904,0.89634,0.90333
2014-09-11T23:00:00+02:00,0.90333,0.904745,0.901835,0.903435
2014-09-12T11:00:00+02:00,0.903435,0.90512,0.901655,0.90384
2014-09-14T23:00:00+02:00,0.90384,0.904465,0.901465,0.902025
2014-09-15T11:00:00+02:00,0.902025,0.905625,0.90184,0.903685
2014-09-15T23:00:00+02:00,0.903685,0.905385,0.90165,0.901655
2014-09-16T11:00:00+02:00,0.901655,0.904295,0.898055,0.89985
2014-09-16T23:00:00+02:00,0.89985,0.900215,0.89582,0.896485
2014-09-17T11:00:00+02:00,0.896485,0.898155,0.88942,0.89065
2014-09-17T23:00:00+02:00,0.89065,0.893905,0.8901,0.893675
2014-09-18T11:00:00+02:00,0.893675,0.893885,0.88957,0.891605
2014-09-18T23:00:00+02:00,0.891605,0.89416,0.88995,0.891365
2014-09-19T11:00:00+02:00,0.891365,0.89463,0.88837,0.890995
2014-09-21T23:00:00+02:00,0.890995,0.8944,0.89007,0.890655
2014-09-22T11:00:00+02:00,0.890655,0.89711,0.8906,0.896865
2014-09-22T23:00:00+02:00,0.896865,0.89767,0.894715,0.895955
2014-09-23T11:00:00+02:00,0.895955,0.896455,0.889025,0.89207
2014-09-23T23:00:00+02:00,0.89207,0.89615,0.89142,0.89382
2014-09-24T11:00:00+02:00,0.89382,0.8964,0.892315,0.893335
2014-09-24T23:00:00+02:00,0.893335,0.893805,0.882395,0.883495
2014-09-25T11:00:00+02:00,0.883495,0.88524,0.87888,0.8805
2014-09-25T23:00:00+02:00,0.8805,0.88359,0.877935,0.87874
2014-09-26T11:00:00+02:00,0.87874,0.880235,0.876135,0.87779
2014-09-28T23:00:00+02:00,0.87779,0.87823,0.861555,0.865635
2014-09-29T11:00:00+02:00,0.865635,0.86846,0.86445,0.86685
2014-09-29T23:00:00+02:00,0.86685,0.87209,0.864545,0.866225
2014-09-30T11:00:00+02:00,0.866225,0.87444,0.86509,0.87434
2014-09-30T23:00:00+02:00,0.87434,0.876195,0.870665,0.87369
2014-10-01T11:00:00+02:00,0.87369,0.877605,0.868375,0.86933
2014-10-01T23:00:00+02:00,0.86933,0.878845,0.86714,0.87619
2014-10-02T11:00:00+02:00,0.87619,0.88274,0.87417,0.881545
2014-10-02T23:00:00+02:00,0.881545,0.88313,0.87736,0.878995
2014-10-03T11:00:00+02:00,0.878995,0.880165,0.87054,0.87356
2014-10-05T23:00:00+02:00,0.87356,0.87535,0.868805,0.87351
2014-10-06T11:00:00+02:00,0.87351,0.875245,0.86976,0.872825
2014-10-06T23:00:00+02:00,0.872825,0.876055,0.870405,0.87565
2014-10-07T11:00:00+02:00,0.87565,0.878545,0.872675,0.875315
2014-10-07T23:00:00+02:00,0.875315,0.8754,0.87053,0.87343
2014-10-08T11:00:00+02:00,0.87343,0.87915,0.871105,0.87831
2014-10-08T23:00:00+02:00,0.87831,0.88395,0.87677,0.88222
2014-10-09T11:00:00+02:00,0.88222,0.88345,0.876405,0.87998
2014-10-09T23:00:00+02:00,0.87998,0.88187,0.876015,0.8772
2014-10-10T11:00:00+02:00,0.8772,0.87766,0.87146,0.87526
2014-10-12T23:00:00+02:00,0.87526,0.88324,0.872685,0.880445
2014-10-13T11:00:00+02:00,0.880445,0.88504,0.880175,0.883855
2014-10-13T23:00:00+02:00,0.883855,0.886425,0.880685,0.885345
2014-10-14T11:00:00+02:00,0.885345,0.886255,0.88157,0.886055
2014-10-14T23:00:00+02:00,0.886055,0.8915,0.88483,0.890335
2014-10-15T11:00:00+02:00,0.890335,0.900525,0.888705,0.89889
2014-10-15T23:00:00+02:00,0.89889,0.900835,0.895745,0.89625
2014-10-16T11:00:00+02:00,0.89625,0.899105,0.89278,0.89507
2014-10-16T23:00:00+02:00,0.89507,0.89534,0.887875,0.89418
2014-10-17T11:00:00+02:00,0.89418,0.89534,0.89037,0.89289
2014-10-19T23:00:00+02:00,0.89289,0.89695,0.89289,0.89618
2014-10-20T11:00:00+02:00,0.89618,0.90039,0.894385,0.89912
2014-10-20T23:00:00+02:00,0.89912,0.905235,0.898255,0.89895
2014-10-21T11:00:00+02:00,0.89895,0.89984,0.89228,0.89339
2014-10-21T23:00:00+02:00,0.89339,0.89626,0.89271,0.89576
2014-10-22T11:00:00+02:00,0.89576,0.897255,0.88891,0.89098
2014-10-22T23:00:00+02:00,0.89098,0.891105,0.881975,0.88344
2014-10-23T11:00:00+02:00,0.88344,0.88399,0.87714,0.878705
2014-10-23T23:00:00+02:00,0.878705,0.880125,0.87564,0.878645
2014-10-24T11:00:00+02:00,0.878645,0.88369,0.878635,0.882295
2014-10-26T22:00:00+01:00,0.882295,0.88469,0.88141,0.88436
2014-10-27T10:00:00+01:00,0.88436,0.888415,0.883975,0.887885
2014-10-27T22:00:00+01:00,0.887885,0.889165,0.886405,0.88672
2014-10-28T10:00:00+01:00,0.88672,0.89168,0.884425,0.884495
2014-10-28T22:00:00+01:00,0.884495,0.886675,0.883655,0.885835
2014-10-29T10:00:00+01:00,0.885835,0.88817,0.86994,0.87259
2014-10-29T22:00:00+01:00,0.87259,0.875475,0.870715,0.87441
2014-10-30T10:00:00+01:00,0.87441,0.879585,0.87031,0.87774
2014-10-30T22:00:00+01:00,0.87774,0.882205,0.875965,0.88125
2014-10-31T10:00:00+01:00,0.88125,0.88446,0.876785,0.87797
2014-11-02T23:00:00+01:00,0.87797,0.87904,0.874585,0.876385
2014-11-03T11:00:00+01:00,0.876385,0.87846,0.871455,0.87693
2014-11-03T23:00:00+01:00,0.87693,0.883465,0.876595,0.88304
2014-11-04T11:00:00+01:00,0.88304,0.891595,0.88254,0.89101
2014-11-04T23:00:00+01:00,0.89101,0.894125,0.88739,0.887455
2014-11-05T11:00:00+01:00,0.887455,0.887945,0.878345,0.88019
2014-11-05T23:00:00+01:00,0.88019,0.884165,0.87437,0.883365
2014-11-06T11:00:00+01:00,0.883365,0.88396,0.8777,0.878515
2014-11-06T23:00:00+01:00,0.878515,0.880595,0.876525,0.879415
2014-11-07T11:00:00+01:00,0.879415,0.8828,0.87357,0.878045
2014-11-09T23:00:00+01:00,0.878045,0.88562,0.878045,0.884125
2014-11-10T11:00:00+01:00,0.884125,0.88419,0.878985,0.881875
2014-11-10T23:00:00+01:00,0.881875,0.883355,0.87878,0.880845
2014-11-11T11:00:00+01:00,0.880845,0.88806,0.880775,0.885015
2014-11-11T23:00:00+01:00,0.885015,0.891385,0.88419,0.890555
2014-11-12T11:00:00+01:00,0.890555,0.89309,0.888625,0.891915
2014-11-12T23:00:00+01:00,0.891915,0.895185,0.88804,0.895085
2014-11-13T11:00:00+01:00,0.895085,0.898255,0.893545,0.89624
2014-11-13T23:00:00+01:00,0.89624,0.896535,0.892395,0.8947
2014-11-14T11:00:00+01:00,0.8947,0.89569,0.889595,0.892945
2014-11-16T23:00:00+01:00,0.892945,0.899025,0.892945,0.895205
2014-11-17T11:00:00+01:00,0.895205,0.89822,0.893955,0.89472
2014-11-17T23:00:00+01:00,0.89472,0.898785,0.89367,0.897345
2014-11-18T11:00:00+01:00,0.897345,0.90125,0.895005,0.895005
2014-11-18T23:00:00+01:00,0.895005,0.895905,0.889005,0.889745
2014-11-19T11:00:00+01:00,0.889745,0.89356,0.88946,0.89065
2014-11-19T23:00:00+01:00,0.89065,0.891415,0.887585,0.88974
2014-11-20T11:00:00+01:00,0.88974,0.891565,0.887375,0.889555
2014-11-20T23:00:00+01:00,0.889555,0.892385,0.888635,0.89004
2014-11-21T11:00:00+01:00,0.89004,0.89638,0.884825,0.885695
2014-11-23T23:00:00+01:00,0.885695,0.888165,0.884145,0.885135
2014-11-24T11:00:00+01:00,0.885135,0.888435,0.883745,0.88701
2014-11-24T23:00:00+01:00,0.88701,0.888085,0.88066,0.88155
2014-11-25T11:00:00+01:00,0.88155,0.881895,0.87611,0.879185
2014-11-25T23:00:00+01:00,0.879185,0.88428,0.87864,0.881425
2014-11-26T11:00:00+01:00,0.881425,0.886795,0.880455,0.885565
2014-11-26T23:00:00+01:00,0.885565,0.891795,0.88471,0.889615
2014-11-27T11:00:00+01:00,0.889615,0.89351,0.88654,0.891365
2014-11-27T23:00:00+01:00,0.891365,0.89362,0.88828,0.893375
2014-11-28T11:00:00+01:00,0.893375,0.899075,0.892785,0.89539
2014-11-30T23:00:00+01:00,0.89539,0.897335,0.89074,0.89666
2014-12-01T11:00:00+01:00,0.89666,0.89784,0.890815,0.890975
2014-12-01T23:00:00+01:00,0.890975,0.893735,0.889535,0.88967
2014-12-02T11:00:00+01:00,0.88967,0.891525,0.887215,0.890385
2014-12-02T23:00:00+01:00,0.890385,0.89066,0.883815,0.883955
2014-12-03T11:00:00+01:00,0.883955,0.887815,0.879505,0.88203
2014-12-03T23:00:00+01:00,0.88203,0.8826,0.878055,0.879885
2014-12-04T11:00:00+01:00,0.879885,0.889145,0.879745,0.88557
2014-12-04T23:00:00+01:00,0.88557,0.88688,0.88345,0.88552
2014-12-05T11:00:00+01:00,0.88552,0.88607,0.880375,0.88199
2014-12-07T23:00:00+01:00,0.88199,0.88199,0.87302,0.87356
2014-12-08T11:00:00+01:00,0.87356,0.88014,0.87345,0.878415
2014-12-08T23:00:00+01:00,0.878415,0.882065,0.87489,0.88046
2014-12-09T11:00:00+01:00,0.88046,0.884745,0.876935,0.879075
2014-12-09T23:00:00+01:00,0.879075,0.883995,0.877715,0.883445
2014-12-10T11:00:00+01:00,0.883445,0.898775,0.88199,0.897395
2014-12-10T23:00:00+01:00,0.897395,0.901415,0.893245,0.89426
2014-12-11T11:00:00+01:00,0.89426,0.902025,0.89348,0.900765
2014-12-11T23:00:00+01:00,0.900765,0.904825,0.896905,0.903355
2014-12-12T11:00:00+01:00,0.903355,0.9043,0.89577,0.90058
2014-12-14T23:00:00+01:00,0.90058,0.90174,0.8935,0.8996
2014-12-15T11:00:00+01:00,0.8996,0.90418,0.895935,0.903975
2014-12-15T23:00:00+01:00,0.903975,0.906005,0.900225,0.90505
2014-12-16T11:00:00+01:00,0.90505,0.915215,0.90406,0.906665
2014-12-16T23:00:00+01:00,0.906665,0.907285,0.89868,0.90028
2014-12-17T11:00:00+01:00,0.90028,0.902795,0.89504,0.89633
2014-12-17T23:00:00+01:00,0.89633,0.900595,0.89399,0.897445
2014-12-18T11:00:00+01:00,0.897445,0.90267,0.896695,0.898855
2014-12-18T23:00:00+01:00,0.898855,0.902765,0.898545,0.90084
2014-12-19T11:00:00+01:00,0.90084,0.905325,0.89833,0.89882
2014-12-21T23:00:00+01:00,0.89882,0.90134,0.895275,0.901215
2014-12-22T11:00:00+01:00,0.901215,0.902535,0.898505,0.89883
2014-12-22T23:00:00+01:00,0.89883,0.900185,0.897005,0.89997
2014-12-23T11:00:00+01:00,0.89997,0.902105,0.893695,0.89566
2014-12-23T23:00:00+01:00,0.89566,0.89878,0.895305,0.897765
2014-12-24T11:00:00+01:00,0.897765,0.89949,0.89501,0.89843
2014-12-25T23:00:00+01:00,0.89843,0.899935,0.897815,0.899775
2014-12-26T11:00:00+01:00,0.899775,0.90283,0.89936,0.902545
2014-12-28T23:00:00+01:00,0.902545,0.90653,0.900275,0.905335
2014-12-29T11:00:00+01:00,0.905335,0.90725,0.904705,0.90635
2014-12-29T23:00:00+01:00,0.90635,0.91127,0.9051,0.909235
2014-12-30T11:00:00+01:00,0.909235,0.911845,0.907695,0.90906
2014-12-30T23:00:00+01:00,0.90906,0.910335,0.90778,0.90892
2014-12-31T11:00:00+01:00,0.90892,0.909335,0.903665,0.905245
2015-01-01T23:00:00+01:00,0.905245,0.90601,0.902105,0.90354
2015-01-02T11:00:00+01:00,0.90354,0.90829,0.89972,0.907335
2015-01-04T23:00:00+01:00,0.907335,0.909955,0.899935,0.90327
2015-01-05T11:00:00+01:00,0.90327,0.90994,0.902945,0.903735
2015-01-05T23:00:00+01:00,0.903735,0.912055,0.903475,0.91064
2015-01-06T11:00:00+01:00,0.91064,0.922205,0.909615,0.918715
2015-01-06T23:00:00+01:00,0.918715,0.921525,0.91552,0.91966
2015-01-07T11:00:00+01:00,0.91966,0.921965,0.913815,0.919695
2015-01-07T23:00:00+01:00,0.919695,0.92413,0.91781,0.922685
2015-01-08T11:00:00+01:00,0.922685,0.92598,0.918885,0.925635
2015-01-08T23:00:00+01:00,0.925635,0.926875,0.9233,0.92595
2015-01-09T11:00:00+01:00,0.92595,0.93097,0.92303,0.92975
2015-01-11T23:00:00+01:00,0.92975,0.932255,0.92239,0.92285
2015-01-12T11:00:00+01:00,0.92285,0.931895,0.92085,0.931815
2015-01-12T23:00:00+01:00,0.931815,0.93235,0.92827,0.92923
2015-01-13T11:00:00+01:00,0.92923,0.929315,0.92126,0.925345
2015-01-13T23:00:00+01:00,0.925345,0.92816,0.92285,0.925805
2015-01-14T11:00:00+01:00,0.925805,0.929415,0.92183,0.922275
2015-01-14T23:00:00+01:00,0.922275,0.93294,0.920815,0.931585
2015-01-15T11:00:00+01:00,0.931585,0.937255,0.924365,0.936085
2015-01-15T23:00:00+01:00,0.936085,0.940625,0.93012,0.935135
2015-01-16T11:00:00+01:00,0.935135,0.938665,0.92965,0.9337
2015-01-18T23:00:00+01:00,0.9337,0.934145,0.93145,0.932655
2015-01-19T11:00:00+01:00,0.932655,0.933325,0.928325,0.929185
2015-01-19T23:00:00+01:00,0.929185,0.930855,0.92328,0.92594
2015-01-20T11:00:00+01:00,0.92594,0.93184,0.923015,0.92533
2015-01-20T23:00:00+01:00,0.92533,0.927795,0.92287,0.92347
2015-01-21T11:00:00+01:00,0.92347,0.94499,0.923385,0.932005
2015-01-21T23:00:00+01:00,0.932005,0.934835,0.92902,0.93233
2015-01-22T11:00:00+01:00,0.93233,0.9361,0.927135,0.929105
2015-01-22T23:00:00+01:00,0.929105,0.93126,0.92678,0.927575
2015-01-23T11:00:00+01:00,0.927575,0.92925,0.92363,0.926165
2015-01-25T23:00:00+01:00,0.926165,0.9297,0.922205,0.929605
2015-01-26T11:00:00+01:00,0.929605,0.930005,0.91969,0.92634
2015-01-26T23:00:00+01:00,0.92634,0.929045,0.925405,0.9272
2015-01-27T11:00:00+01:00,0.9272,0.929825,0.92241,0.92392
2015-01-27T23:00:00+01:00,0.92392,0.92966,0.92099,0.92903
2015-01-28T11:00:00+01:00,0.92903,0.93256,0.916485,0.91726
2015-01-28T23:00:00+01:00,0.91726,0.9202,0.912885,0.915395
2015-01-29T11:00:00+01:00,0.915395,0.91966,0.910925,0.916985
2015-01-29T23:00:00+01:00,0.916985,0.922095,0.916935,0.919275
2015-01-30T11:00:00+01:00,0.919275,0.92512,0.91612,0.92385
2015-02-01T23:00:00+01:00,0.92385,0.929245,0.91917,0.925595
2015-02-02T11:00:00+01:00,0.925595,0.92626,0.915365,0.91791
2015-02-02T23:00:00+01:00,0.91791,0.92031,0.904035,0.90526
2015-02-03T11:00:00+01:00,0.90526,0.91961,0.90315,0.91362
2015-02-03T23:00:00+01:00,0.91362,0.92387,0.907145,0.919215
2015-02-04T11:00:00+01:00,0.919215,0.930125,0.91805,0.92665
2015-02-04T23:00:00+01:00,0.92665,0.928915,0.923895,0.92547
2015-02-05T11:00:00+01:00,0.92547,0.92728,0.916125,0.92005
2015-02-05T23:00:00+01:00,0.92005,0.92541,0.91901,0.9228
2015-02-06T11:00:00+01:00,0.9228,0.92606,0.91419,0.92128
2015-02-08T23:00:00+01:00,0.92128,0.92769,0.919015,0.926935
2015-02-09T11:00:00+01:00,0.926935,0.928175,0.92288,0.923805
2015-02-09T23:00:00+01:00,0.923805,0.92723,0.9221,0.92399
2015-02-10T11:00:00+01:00,0.92399,0.93475,0.921915,0.93189
2015-02-10T23:00:00+01:00,0.93189,0.93635,0.931325,0.935165
2015-02-11T11:00:00+01:00,0.935165,0.93566,0.928845,0.93068
2015-02-11T23:00:00+01:00,0.93068,0.931145,0.92338,0.92585
2015-02-12T11:00:00+01:00,0.92585,0.9327,0.921665,0.92885
2015-02-12T23:00:00+01:00,0.92885,0.931745,0.927595,0.92995
2015-02-13T11:00:00+01:00,0.92995,0.931055,0.92638,0.92836
2015-02-15T23:00:00+01:00,0.92836,0.93676,0.92836,0.935435
2015-02-16T11:00:00+01:00,0.935435,0.937435,0.933515,0.93511
2015-02-16T23:00:00+01:00,0.93511,0.93687,0.93231,0.933065
2015-02-17T11:00:00+01:00,0.933065,0.93598,0.931695,0.934155
2015-02-17T23:00:00+01:00,0.934155,0.93647,0.93308,0.935475
2015-02-18T11:00:00+01:00,0.935475,0.94034,0.93348,0.93972
2015-02-18T23:00:00+01:00,0.93972,0.942445,0.93863,0.938755
2015-02-19T11:00:00+01:00,0.938755,0.943405,0.93752,0.93927
2015-02-19T23:00:00+01:00,0.93927,0.94195,0.938475,0.93898
2015-02-20T11:00:00+01:00,0.93898,0.946495,0.93719,0.943185
2015-02-22T23:00:00+01:00,0.943185,0.944835,0.94121,0.94354
2015-02-23T11:00:00+01:00,0.94354,0.949435,0.94352,0.945805
2015-02-23T23:00:00+01:00,0.945805,0.94732,0.938875,0.9405
2015-02-24T11:00:00+01:00,0.9405,0.9427,0.934405,0.93578
2015-02-24T23:00:00+01:00,0.93578,0.94218,0.93382,0.94024
2015-02-25T11:00:00+01:00,0.94024,0.940345,0.936635,0.93978
2015-02-25T23:00:00+01:00,0.93978,0.943255,0.938835,0.94189
2015-02-26T11:00:00+01:00,0.94189,0.947175,0.941315,0.94312
2015-02-26T23:00:00+01:00,0.94312,0.943715,0.94056,0.94236
2015-02-27T11:00:00+01:00,0.94236,0.947545,0.9411,0.94601
2015-03-01T23:00:00+01:00,0.94601,0.94601,0.9406,0.94222
2015-03-02T11:00:00+01:00,0.94222,0.94532,0.939805,0.94156
2015-03-02T23:00:00+01:00,0.94156,0.94522,0.940705,0.94388
2015-03-03T11:00:00+01:00,0.94388,0.94453,0.93914,0.94342
2015-03-03T23:00:00+01:00,0.94342,0.949725,0.942145,0.94963
2015-03-04T11:00:00+01:00,0.94963,0.951995,0.94135,0.94278
2015-03-04T23:00:00+01:00,0.94278,0.94389,0.93288,0.93325
2015-03-05T11:00:00+01:00,0.93325,0.936185,0.931315,0.934955
2015-03-05T23:00:00+01:00,0.934955,0.935865,0.929665,0.931685
2015-03-06T11:00:00+01:00,0.931685,0.9373,0.92811,0.929345
2015-03-08T22:00:00+01:00,0.929345,0.930435,0.924165,0.92917
2015-03-09T10:00:00+01:00,0.92917,0.930535,0.926285,0.927315
2015-03-09T22:00:00+01:00,0.927315,0.92773,0.919035,0.920435
2015-03-10T10:00:00+01:00,0.920435,0.92316,0.917965,0.923005
2015-03-10T22:00:00+01:00,0.923005,0.9249,0.91793,0.920535
2015-03-11T10:00:00+01:00,0.920535,0.930855,0.917685,0.929935
2015-03-11T22:00:00+01:00,0.929935,0.939955,0.927015,0.936735
2015-03-12T10:00:00+01:00,0.936735,0.941585,0.935725,0.937295
2015-03-12T22:00:00+01:00,0.937295,0.940045,0.935885,0.93589
2015-03-13T10:00:00+01:00,0.93589,0.939795,0.932835,0.938175
2015-03-15T22:00:00+01:00,0.938175,0.943345,0.936225,0.940725
2015-03-16T10:00:00+01:00,0.940725,0.94564,0.938945,0.94114
2015-03-16T22:00:00+01:00,0.94114,0.945055,0.94084,0.943305
2015-03-17T10:00:00+01:00,0.943305,0.94367,0.932905,0.934435
2015-03-17T22:00:00+01:00,0.934435,0.93664,0.93165,0.93384
2015-03-18T10:00:00+01:00,0.93384,0.94594,0.932835,0.940875
2015-03-18T22:00:00+01:00,0.940875,0.943335,0.935705,0.93791
2015-03-19T10:00:00+01:00,0.93791,0.94285,0.937555,0.942715
2015-03-19T22:00:00+01:00,0.942715,0.94528,0.94145,0.94462
2015-03-20T10:00:00+01:00,0.94462,0.953375,0.94264,0.949835
2015-03-22T22:00:00+01:00,0.949835,0.962015,0.949835,0.955835
2015-03-23T10:00:00+01:00,0.955835,0.959395,0.95312,0.958245
2015-03-23T22:00:00+01:00,0.958245,0.96042,0.95603,0.957005
2015-03-24T10:00:00+01:00,0.957005,0.95771,0.953585,0.955975
2015-03-24T22:00:00+01:00,0.955975,0.9577,0.951665,0.95495
2015-03-25T10:00:00+01:00,0.95495,0.961,0.95021,0.952115
2015-03-25T22:00:00+01:00,0.952115,0.95266,0.94586,0.94933
2015-03-26T10:00:00+01:00,0.94933,0.952065,0.943525,0.94849
2015-03-26T22:00:00+01:00,0.94849,0.95039,0.94484,0.94531
2015-03-27T10:00:00+01:00,0.94531,0.956625,0.9449,0.954545
2015-03-29T23:00:00+02:00,0.954545,0.954545,0.949475,0.95004
2015-03-30T11:00:00+02:00,0.95004,0.954675,0.949875,0.951015
2015-03-30T23:00:00+02:00,0.951015,0.952765,0.94956,0.950565
2015-03-31T11:00:00+02:00,0.950565,0.955955,0.94599,0.947525
2015-03-31T23:00:00+02:00,0.947525,0.9481,0.939145,0.93989
2015-04-01T11:00:00+02:00,0.93989,0.94398,0.93874,0.94063
2015-04-01T23:00:00+02:00,0.94063,0.94497,0.93725,0.9438
2015-04-02T11:00:00+02:00,0.9438,0.944965,0.94105,0.94317
2015-04-02T23:00:00+02:00,0.94317,0.94481,0.9419,0.94412
2015-04-03T11:00:00+02:00,0.94412,0.95122,0.94191,0.94855
2015-04-05T23:00:00+02:00,0.94855,0.95092,0.94499,0.948065
2015-04-06T11:00:00+02:00,0.948065,0.948485,0.9402,0.941395
2015-04-06T23:00:00+02:00,0.941395,0.94255,0.937825,0.939865
2015-04-07T11:00:00+02:00,0.939865,0.94228,0.936245,0.93739
2015-04-07T23:00:00+02:00,0.93739,0.94513,0.936345,0.9446
2015-04-08T11:00:00+02:00,0.9446,0.94914,0.94082,0.947735
2015-04-08T23:00:00+02:00,0.947735,0.953,0.94576,0.952475
2015-04-09T11:00:00+02:00,0.952475,0.953255,0.94829,0.95186
2015-04-09T23:00:00+02:00,0.95186,0.955825,0.95066,0.95087
2015-04-10T11:00:00+02:00,0.95087,0.95327,0.94637,0.946525
2015-04-12T23:00:00+02:00,0.946525,0.94882,0.939455,0.939695
2015-04-13T11:00:00+02:00,0.939695,0.940925,0.935655,0.93889
2015-04-13T23:00:00+02:00,0.93889,0.941245,0.937005,0.93745
2015-04-14T11:00:00+02:00,0.93745,0.942555,0.93635,0.93903
2015-04-14T23:00:00+02:00,0.93903,0.942325,0.93588,0.9394
2015-04-15T11:00:00+02:00,0.9394,0.94669,0.931645,0.933355
2015-04-15T23:00:00+02:00,0.933355,0.93739,0.932,0.93509
2015-04-16T11:00:00+02:00,0.93509,0.94047,0.933155,0.93508
2015-04-16T23:00:00+02:00,0.93508,0.938485,0.93254,0.93799
2015-04-17T11:00:00+02:00,0.93799,0.94304,0.92935,0.94074
2015-04-19T23:00:00+02:00,0.94074,0.94292,0.93909,0.939275
2015-04-20T11:00:00+02:00,0.939275,0.94208,0.93348,0.937355
2015-04-20T23:00:00+02:00,0.937355,0.941915,0.935385,0.940145
2015-04-21T11:00:00+02:00,0.940145,0.9447,0.939655,0.941935
2015-04-21T23:00:00+02:00,0.941935,0.945785,0.939925,0.944335
2015-04-22T11:00:00+02:00,0.944335,0.945765,0.93644,0.93818
2015-04-22T23:00:00+02:00,0.93818,0.93818,0.925715,0.927715
2015-04-23T11:00:00+02:00,0.927715,0.92798,0.91998,0.922225
2015-04-23T23:00:00+02:00,0.922225,0.923265,0.91676,0.917685
2015-04-24T11:00:00+02:00,0.917685,0.9265,0.91632,0.92614
2015-04-26T23:00:00+02:00,0.92614,0.928545,0.924825,0.92498
2015-04-27T11:00:00+02:00,0.92498,0.926805,0.92224,0.92401
2015-04-27T23:00:00+02:00,0.92401,0.92797,0.922075,0.927775
2015-04-28T11:00:00+02:00,0.927775,0.931145,0.925795,0.92876
2015-04-28T23:00:00+02:00,0.92876,0.93098,0.92567,0.926295
2015-04-29T11:00:00+02:00,0.926295,0.92868,0.92235,0.92374
2015-04-29T23:00:00+02:00,0.92374,0.9239,0.91257,0.91534
2015-04-30T11:00:00+02:00,0.91534,0.92421,0.91205,0.919595
2015-04-30T23:00:00+02:00,0.919595,0.92067,0.91553,0.91716
2015-05-01T11:00:00+02:00,0.91716,0.9207,0.91481,0.91696
2015-05-03T23:00:00+02:00,0.91696,0.91734,0.91397,0.91549
2015-05-04T11:00:00+02:00,0.91549,0.91581,0.90964,0.91146
2015-05-04T23:00:00+02:00,0.91146,0.915255,0.90917,0.90977
2015-05-05T11:00:00+02:00,0.90977,0.913465,0.903565,0.912075
2015-05-05T23:00:00+02:00,0.912075,0.91332,0.89945,0.901095
2015-05-06T11:00:00+02:00,0.901095,0.90488,0.899025,0.903155
2015-05-06T23:00:00+02:00,0.903155,0.90637,0.90094,0.902605
2015-05-07T11:00:00+02:00,0.902605,0.90574,0.90069,0.903745
2015-05-07T23:00:00+02:00,0.903745,0.90438,0.898475,0.89931
2015-05-08T11:00:00+02:00,0.89931,0.906755,0.89846,0.90463
2015-05-10T23:00:00+02:00,0.90463,0.90463,0.894205,0.89617
2015-05-11T11:00:00+02:00,0.89617,0.897055,0.88716,0.88754
2015-05-11T23:00:00+02:00,0.88754,0.891005,0.88711,0.888335
2015-05-12T11:00:00+02:00,0.888335,0.8911,0.882385,0.884895
2015-05-12T23:00:00+02:00,0.884895,0.891645,0.87973,0.889545
2015-05-13T11:00:00+02:00,0.889545,0.89618,0.889535,0.894815
2015-05-13T23:00:00+02:00,0.894815,0.90383,0.89413,0.8957
2015-05-14T11:00:00+02:00,0.8957,0.90088,0.894285,0.89849
2015-05-14T23:00:00+02:00,0.89849,0.89937,0.893835,0.89448
2015-05-15T11:00:00+02:00,0.89448,0.90168,0.893845,0.89797
2015-05-17T23:00:00+02:00,0.89797,0.89797,0.89243,0.8937
2015-05-18T11:00:00+02:00,0.8937,0.899735,0.893275,0.89849
2015-05-18T23:00:00+02:00,0.89849,0.90369,0.894455,0.903625
2015-05-19T11:00:00+02:00,0.903625,0.904405,0.897,0.898385
2015-05-19T23:00:00+02:00,0.898385,0.90087,0.89664,0.896695
2015-05-20T11:00:00+02:00,0.896695,0.89811,0.8899,0.892125
2015-05-20T23:00:00+02:00,0.892125,0.89459,0.890475,0.89224
2015-05-21T11:00:00+02:00,0.89224,0.896505,0.891425,0.89632
2015-05-21T23:00:00+02:00,0.89632,0.90094,0.895595,0.899525
2015-05-22T11:00:00+02:00,0.899525,0.900815,0.89596,0.89764
2015-05-24T23:00:00+02:00,0.89764,0.899385,0.89686,0.898335
2015-05-25T11:00:00+02:00,0.898335,0.90074,0.89702,0.90015
2015-05-25T23:00:00+02:00,0.90015,0.9013,0.897045,0.899205
2015-05-26T11:00:00+02:00,0.899205,0.902745,0.8973,0.898515
2015-05-26T23:00:00+02:00,0.898515,0.90215,0.897875,0.90048
2015-05-27T11:00:00+02:00,0.90048,0.905235,0.89889,0.9044
2015-05-27T23:00:00+02:00,0.9044,0.90575,0.90054,0.90345
2015-05-28T11:00:00+02:00,0.90345,0.904695,0.891,0.892515
2015-05-28T23:00:00+02:00,0.892515,0.893705,0.884605,0.88538
2015-05-29T11:00:00+02:00,0.88538,0.891915,0.882045,0.884975
2015-05-31T23:00:00+02:00,0.884975,0.889195,0.880625,0.88791
2015-06-01T11:00:00+02:00,0.88791,0.89232,0.887055,0.887815
2015-06-01T23:00:00+02:00,0.887815,0.891805,0.887815,0.888785
2015-06-02T11:00:00+02:00,0.888785,0.89431,0.88829,0.890725
2015-06-02T23:00:00+02:00,0.890725,0.891285,0.88764,0.888585
2015-06-03T11:00:00+02:00,0.888585,0.893135,0.88786,0.890765
2015-06-03T23:00:00+02:00,0.890765,0.892465,0.887855,0.89107
2015-06-04T11:00:00+02:00,0.89107,0.89184,0.88632,0.891365
2015-06-04T23:00:00+02:00,0.891365,0.893165,0.889455,0.892915
2015-06-05T11:00:00+02:00,0.892915,0.89466,0.875655,0.87629
2015-06-07T23:00:00+02:00,0.87629,0.879855,0.87614,0.87846
2015-06-08T11:00:00+02:00,0.87846,0.88777,0.878355,0.88659
2015-06-08T23:00:00+02:00,0.88659,0.88703,0.88093,0.882185
2015-06-09T11:00:00+02:00,0.882185,0.88634,0.877205,0.879985
2015-06-09T23:00:00+02:00,0.879985,0.886595,0.87795,0.8803
2015-06-10T11:00:00+02:00,0.8803,0.885295,0.878395,0.88246
2015-06-10T23:00:00+02:00,0.88246,0.88293,0.85974,0.86383
2015-06-11T11:00:00+02:00,0.86383,0.864865,0.85876,0.8621
2015-06-11T23:00:00+02:00,0.8621,0.864205,0.85735,0.857905
2015-06-12T11:00:00+02:00,0.857905,0.86175,0.856925,0.860445
2015-06-14T23:00:00+02:00,0.860445,0.861825,0.858545,0.860195
2015-06-15T11:00:00+02:00,0.860195,0.864915,0.859245,0.86262
2015-06-15T23:00:00+02:00,0.86262,0.86352,0.860265,0.86057
2015-06-16T11:00:00+02:00,0.86057,0.862875,0.8586,0.859455
2015-06-16T23:00:00+02:00,0.859455,0.85982,0.853875,0.854275
2015-06-17T11:00:00+02:00,0.854275,0.857205,0.84876,0.854385
2015-06-17T23:00:00+02:00,0.854385,0.85546,0.84163,0.84363
2015-06-18T11:00:00+02:00,0.84363,0.849245,0.84282,0.846725
2015-06-18T23:00:00+02:00,0.846725,0.848225,0.843405,0.84373
2015-06-19T11:00:00+02:00,0.84373,0.848705,0.843295,0.847845
2015-06-21T23:00:00+02:00,0.847845,0.848535,0.845245,0.84575
2015-06-22T11:00:00+02:00,0.84575,0.846825,0.840785,0.844945
2015-06-22T23:00:00+02:00,0.844945,0.8471,0.843985,0.844615
2015-06-23T11:00:00+02:00,0.844615,0.84546,0.841375,0.845045
2015-06-23T23:00:00+02:00,0.845045,0.84725,0.84454,0.84613
2015-06-24T11:00:00+02:00,0.84613,0.855825,0.845385,0.853235
2015-06-24T23:00:00+02:00,0.853235,0.857055,0.85194,0.853795
2015-06-25T11:00:00+02:00,0.853795,0.8563,0.85078,0.8514
2015-06-25T23:00:00+02:00,0.8514,0.85193,0.84643,0.84901
2015-06-26T11:00:00+02:00,0.84901,0.849575,0.841315,0.84312
2015-06-28T23:00:00+02:00,0.84312,0.84774,0.837945,0.841965
2015-06-29T11:00:00+02:00,0.841965,0.85193,0.841675,0.849715
2015-06-29T23:00:00+02:00,0.849715,0.850145,0.839075,0.839085
2015-06-30T11:00:00+02:00,0.839085,0.84696,0.83581,0.84534
2015-06-30T23:00:00+02:00,0.84534,0.85169,0.844825,0.847645
2015-07-01T11:00:00+02:00,0.847645,0.850075,0.84566,0.84788
2015-07-01T23:00:00+02:00,0.84788,0.84818,0.84057,0.84352
2015-07-02T11:00:00+02:00,0.84352,0.846765,0.84063,0.84308
2015-07-02T23:00:00+02:00,0.84308,0.84497,0.83955,0.840215
2015-07-03T11:00:00+02:00,0.840215,0.842725,0.838865,0.84143
2015-07-05T23:00:00+02:00,0.84143,0.8455,0.83841,0.842055
2015-07-06T11:00:00+02:00,0.842055,0.84849,0.84167,0.846195
2015-07-06T23:00:00+02:00,0.846195,0.846195,0.840595,0.84162
2015-07-07T11:00:00+02:00,0.84162,0.85007,0.84142,0.84533
2015-07-07T23:00:00+02:00,0.84533,0.84961,0.844475,0.849145
2015-07-08T11:00:00+02:00,0.849145,0.85901,0.84878,0.85774
2015-07-08T23:00:00+02:00,0.85774,0.858885,0.8534,0.855085
2015-07-09T11:00:00+02:00,0.855085,0.85814,0.85313,0.85663
2015-07-09T23:00:00+02:00,0.85663,0.860395,0.85604,0.85843
2015-07-10T11:00:00+02:00,0.85843,0.859395,0.85052,0.85107
2015-07-12T23:00:00+02:00,0.85107,0.856445,0.85088,0.853875
2015-07-13T11:00:00+02:00,0.853875,0.856255,0.851425,0.85287
2015-07-13T23:00:00+02:00,0.85287,0.85592,0.850455,0.85519
2015-07-14T11:00:00+02:00,0.85519,0.85826,0.852785,0.854605
2015-07-14T23:00:00+02:00,0.854605,0.85564,0.852645,0.85378
2015-07-15T11:00:00+02:00,0.85378,0.85796,0.8488,0.85111
2015-07-15T23:00:00+02:00,0.85111,0.85281,0.840755,0.843885
2015-07-16T11:00:00+02:00,0.843885,0.84655,0.842595,0.844315
2015-07-16T23:00:00+02:00,0.844315,0.84881,0.8435,0.848065
2015-07-17T11:00:00+02:00,0.848065,0.85102,0.845425,0.84627
2015-07-19T23:00:00+02:00,0.84627,0.855685,0.845385,0.853075
2015-07-20T11:00:00+02:00,0.853075,0.85555,0.851755,0.853165
2015-07-20T23:00:00+02:00,0.853165,0.85945,0.8527,0.858855
2015-07-21T11:00:00+02:00,0.858855,0.86178,0.856115,0.85773
2015-07-21T23:00:00+02:00,0.85773,0.85998,0.856195,0.85858
2015-07-22T11:00:00+02:00,0.85858,0.859145,0.854805,0.85662
2015-07-22T23:00:00+02:00,0.85662,0.86966,0.85662,0.86806
2015-07-23T11:00:00+02:00,0.86806,0.868305,0.861165,0.861335
2015-07-23T23:00:00+02:00,0.861335,0.86277,0.85639,0.85653
2015-07-24T11:00:00+02:00,0.85653,0.86144,0.8561,0.85795
2015-07-26T23:00:00+02:00,0.85795,0.86051,0.856445,0.859415
2015-07-27T11:00:00+02:00,0.859415,0.864505,0.85826,0.8611
2015-07-27T23:00:00+02:00,0.8611,0.86956,0.86044,0.867825
2015-07-28T11:00:00+02:00,0.867825,0.869695,0.8627,0.86496
2015-07-28T23:00:00+02:00,0.86496,0.87149,0.86117,0.8656
2015-07-29T11:00:00+02:00,0.8656,0.866485,0.860845,0.863005
2015-07-29T23:00:00+02:00,0.863005,0.86356,0.85783,0.86049
2015-07-30T11:00:00+02:00,0.86049,0.86085,0.85597,0.858505
2015-07-30T23:00:00+02:00,0.858505,0.8605,0.853135,0.85374
2015-07-31T11:00:00+02:00,0.85374,0.86514,0.85184,0.862615
2015-08-02T23:00:00+02:00,0.862615,0.867985,0.86207,0.86712
2015-08-03T11:00:00+02:00,0.86712,0.868845,0.86311,0.863525
2015-08-03T23:00:00+02:00,0.863525,0.86668,0.86203,0.86665
2015-08-04T11:00:00+02:00,0.86665,0.868755,0.860465,0.86257
2015-08-04T23:00:00+02:00,0.86257,0.863805,0.860375,0.86186
2015-08-05T11:00:00+02:00,0.86186,0.86411,0.8563,0.858165
2015-08-05T23:00:00+02:00,0.858165,0.86248,0.85752,0.86074
2015-08-06T11:00:00+02:00,0.86074,0.862365,0.85844,0.859145
2015-08-06T23:00:00+02:00,0.859145,0.86161,0.85672,0.86041
2015-08-07T11:00:00+02:00,0.86041,0.87106,0.85844,0.869905
2015-08-09T23:00:00+02:00,0.869905,0.870845,0.865305,0.86552
2015-08-10T11:00:00+02:00,0.86552,0.86575,0.859475,0.860635
2015-08-10T23:00:00+02:00,0.860635,0.862295,0.852835,0.853945
2015-08-11T11:00:00+02:00,0.853945,0.85962,0.853885,0.85714
2015-08-11T23:00:00+02:00,0.85714,0.860535,0.85086,0.858265
2015-08-12T11:00:00+02:00,0.858265,0.862365,0.85584,0.85945
2015-08-12T23:00:00+02:00,0.85945,0.861085,0.854385,0.85456
2015-08-13T11:00:00+02:00,0.85456,0.8598,0.854465,0.858225
2015-08-13T23:00:00+02:00,0.858225,0.85901,0.851825,0.8549
2015-08-14T11:00:00+02:00,0.8549,0.85767,0.854665,0.85635
2015-08-16T23:00:00+02:00,0.85635,0.86034,0.855575,0.860185
2015-08-17T11:00:00+02:00,0.860185,0.862815,0.858675,0.859755
2015-08-17T23:00:00+02:00,0.859755,0.86488,0.85969,0.8631
2015-08-18T11:00:00+02:00,0.8631,0.863105,0.858495,0.86203
2015-08-18T23:00:00+02:00,0.86203,0.86203,0.85832,0.8592
2015-08-19T11:00:00+02:00,0.8592,0.867815,0.85787,0.86666
2015-08-19T23:00:00+02:00,0.86666,0.86892,0.864875,0.866995
2015-08-20T11:00:00+02:00,0.866995,0.869335,0.865135,0.867715
2015-08-20T23:00:00+02:00,0.867715,0.868995,0.865415,0.867435
2015-08-21T11:00:00+02:00,0.867435,0.883135,0.86732,0.88153
2015-08-23T23:00:00+02:00,0.88153,0.88153,0.871765,0.87273
2015-08-24T11:00:00+02:00,0.87273,0.87354,0.82835,0.860845
2015-08-24T23:00:00+02:00,0.860845,0.86678,0.85519,0.85945
2015-08-25T11:00:00+02:00,0.85945,0.86926,0.857655,0.863405
2015-08-25T23:00:00+02:00,0.863405,0.867375,0.8617,0.86247
2015-08-26T11:00:00+02:00,0.86247,0.865005,0.852845,0.856385
2015-08-26T23:00:00+02:00,0.856385,0.859275,0.853715,0.854025
2015-08-27T11:00:00+02:00,0.854025,0.859245,0.85179,0.85349
2015-08-27T23:00:00+02:00,0.85349,0.857245,0.852515,0.85647
2015-08-28T11:00:00+02:00,0.85647,0.85772,0.85187,0.85341
2015-08-30T23:00:00+02:00,0.85341,0.85593,0.84901,0.85114
2015-08-31T11:00:00+02:00,0.85114,0.85119,0.83119,0.83319
2015-08-31T23:00:00+02:00,0.83319,0.841645,0.83258,0.83561
2015-09-01T11:00:00+02:00,0.83561,0.839425,0.83213,0.83935
2015-09-01T23:00:00+02:00,0.83935,0.84253,0.836385,0.839345
2015-09-02T11:00:00+02:00,0.839345,0.846065,0.838055,0.8423
2015-09-02T23:00:00+02:00,0.8423,0.845675,0.840245,0.84206
2015-09-03T11:00:00+02:00,0.84206,0.84592,0.83984,0.84344
2015-09-03T23:00:00+02:00,0.84344,0.844,0.839745,0.84241
2015-09-04T11:00:00+02:00,0.84241,0.84399,0.83216,0.83465
2015-09-06T23:00:00+02:00,0.83465,0.836065,0.830735,0.83112
2015-09-07T11:00:00+02:00,0.83112,0.833825,0.830585,0.83299
2015-09-07T23:00:00+02:00,0.83299,0.83698,0.83234,0.833915
2015-09-08T11:00:00+02:00,0.833915,0.83977,0.830885,0.837885
2015-09-08T23:00:00+02:00,0.837885,0.843945,0.837325,0.841745
2015-09-09T11:00:00+02:00,0.841745,0.84946,0.84038,0.84788
2015-09-09T23:00:00+02:00,0.84788,0.84788,0.82921,0.83201
2015-09-10T11:00:00+02:00,0.83201,0.835245,0.830585,0.83388
2015-09-10T23:00:00+02:00,0.83388,0.836835,0.832645,0.83341
2015-09-11T11:00:00+02:00,0.83341,0.83868,0.831665,0.837775
2015-09-13T23:00:00+02:00,0.837775,0.839895,0.834935,0.837825
2015-09-14T11:00:00+02:00,0.837825,0.84105,0.83414,0.839765
2015-09-14T23:00:00+02:00,0.839765,0.840615,0.83559,0.837665
2015-09-15T11:00:00+02:00,0.837665,0.84362,0.83479,0.842305
2015-09-15T23:00:00+02:00,0.842305,0.84284,0.8398,0.840655
2015-09-16T11:00:00+02:00,0.840655,0.84247,0.83473,0.838525
2015-09-16T23:00:00+02:00,0.838525,0.840145,0.83463,0.837755
2015-09-17T11:00:00+02:00,0.837755,0.843625,0.83302,0.836955
2015-09-17T23:00:00+02:00,0.836955,0.841415,0.83591,0.839775
2015-09-18T11:00:00+02:00,0.839775,0.847085,0.836795,0.84629
2015-09-20T23:00:00+02:00,0.84629,0.84629,0.838125,0.838885
2015-09-21T11:00:00+02:00,0.838885,0.83976,0.83474,0.83731
2015-09-21T23:00:00+02:00,0.83731,0.83872,0.835085,0.83761
2015-09-22T11:00:00+02:00,0.83761,0.83887,0.83295,0.83533
2015-09-22T23:00:00+02:00,0.83533,0.836665,0.830965,0.832095
2015-09-23T11:00:00+02:00,0.832095,0.83727,0.83087,0.83584
2015-09-23T23:00:00+02:00,0.83584,0.83956,0.834915,0.837945
2015-09-24T11:00:00+02:00,0.837945,0.850415,0.837625,0.845655
2015-09-24T23:00:00+02:00,0.845655,0.84681,0.84023,0.84366
2015-09-25T11:00:00+02:00,0.84366,0.85141,0.842135,0.85141
2015-09-27T23:00:00+02:00,0.85141,0.85321,0.848275,0.850315
2015-09-28T11:00:00+02:00,0.850315,0.85121,0.844115,0.847825
2015-09-28T23:00:00+02:00,0.847825,0.851215,0.8432,0.8506
2015-09-29T11:00:00+02:00,0.8506,0.856355,0.849165,0.851805
2015-09-29T23:00:00+02:00,0.851805,0.857195,0.85127,0.8557
2015-09-30T11:00:00+02:00,0.8557,0.85846,0.851475,0.8516
2015-09-30T23:00:00+02:00,0.8516,0.854455,0.850045,0.852865
2015-10-01T11:00:00+02:00,0.852865,0.85597,0.84737,0.849045
2015-10-01T23:00:00+02:00,0.849045,0.84957,0.8454,0.849295
2015-10-02T11:00:00+02:00,0.849295,0.85232,0.84652,0.84797
2015-10-04T23:00:00+02:00,0.84797,0.85484,0.847895,0.85297
2015-10-05T11:00:00+02:00,0.85297,0.85484,0.849255,0.849255
2015-10-05T23:00:00+02:00,0.849255,0.852035,0.84817,0.850445
2015-10-06T11:00:00+02:00,0.850445,0.854585,0.84838,0.85284
2015-10-06T23:00:00+02:00,0.85284,0.861985,0.852525,0.859685
2015-10-07T11:00:00+02:00,0.859685,0.86482,0.859685,0.863055
2015-10-07T23:00:00+02:00,0.863055,0.86539,0.860765,0.86189
2015-10-08T11:00:00+02:00,0.86189,0.8703,0.860635,0.86789
2015-10-08T23:00:00+02:00,0.86789,0.87109,0.865485,0.86777
2015-10-09T11:00:00+02:00,0.86777,0.86944,0.865425,0.86662
2015-10-11T23:00:00+02:00,0.86662,0.869655,0.86442,0.868865
2015-10-12T11:00:00+02:00,0.868865,0.874675,0.8678,0.87314
2015-10-12T23:00:00+02:00,0.87314,0.87329,0.869105,0.871555
2015-10-13T11:00:00+02:00,0.871555,0.87625,0.86185,0.866075
2015-10-13T23:00:00+02:00,0.866075,0.87668,0.86245,0.876385
2015-10-14T11:00:00+02:00,0.876385,0.881035,0.873915,0.87832
2015-10-14T23:00:00+02:00,0.87832,0.888035,0.877795,0.884975
2015-10-15T11:00:00+02:00,0.884975,0.886875,0.879265,0.88148
2015-10-15T23:00:00+02:00,0.88148,0.88602,0.87652,0.877235
2015-10-16T11:00:00+02:00,0.877235,0.88068,0.875335,0.87915
2015-10-18T23:00:00+02:00,0.87915,0.88091,0.87697,0.88007
2015-10-19T11:00:00+02:00,0.88007,0.885945,0.878315,0.88412
2015-10-19T23:00:00+02:00,0.88412,0.88987,0.88326,0.889325
2015-10-20T11:00:00+02:00,0.889325,0.89037,0.873255,0.876535
2015-10-20T23:00:00+02:00,0.876535,0.877555,0.871445,0.875
2015-10-21T11:00:00+02:00,0.875,0.8846,0.874255,0.881135
2015-10-21T23:00:00+02:00,0.881135,0.889525,0.880535,0.887695
2015-10-22T11:00:00+02:00,0.887695,0.893815,0.88688,0.88913
2015-10-22T23:00:00+02:00,0.88913,0.89671,0.887555,0.892875
2015-10-23T11:00:00+02:00,0.892875,0.89304,0.886905,0.88906
2015-10-25T22:00:00+01:00,0.88906,0.89344,0.88773,0.889785
2015-10-26T10:00:00+01:00,0.889785,0.894125,0.888245,0.89297
2015-10-26T22:00:00+01:00,0.89297,0.893965,0.88655,0.89387
2015-10-27T10:00:00+01:00,0.89387,0.900955,0.893185,0.89761
2015-10-27T22:00:00+01:00,0.89761,0.899355,0.89012,0.89039
2015-10-28T10:00:00+01:00,0.89039,0.891155,0.873645,0.88343
2015-10-28T22:00:00+01:00,0.88343,0.885285,0.87839,0.882805
2015-10-29T10:00:00+01:00,0.882805,0.88651,0.878255,0.8817
2015-10-29T22:00:00+01:00,0.8817,0.89052,0.880705,0.888815
2015-10-30T10:00:00+01:00,0.888815,0.88969,0.88324,0.886245
2015-11-01T23:00:00+01:00,0.886245,0.88689,0.88097,0.88324
2015-11-02T11:00:00+01:00,0.88324,0.88564,0.881205,0.883225
2015-11-02T23:00:00+01:00,0.883225,0.88697,0.88035,0.880845
2015-11-03T11:00:00+01:00,0.880845,0.881525,0.86947,0.87026
2015-11-03T23:00:00+01:00,0.87026,0.87128,0.866515,0.86789
2015-11-04T11:00:00+01:00,0.86789,0.868505,0.86224,0.86711
2015-11-04T23:00:00+01:00,0.86711,0.869585,0.86614,0.86949
2015-11-05T11:00:00+01:00,0.86949,0.874885,0.869175,0.870795
2015-11-05T23:00:00+01:00,0.870795,0.871705,0.867965,0.87022
2015-11-06T11:00:00+01:00,0.87022,0.8752,0.86425,0.86804
2015-11-08T23:00:00+01:00,0.86804,0.87204,0.866895,0.868285
2015-11-09T11:00:00+01:00,0.868285,0.871,0.866035,0.86807
2015-11-09T23:00:00+01:00,0.86807,0.868925,0.865325,0.867915
2015-11-10T11:00:00+01:00,0.867915,0.86963,0.86325,0.86692
2015-11-10T23:00:00+01:00,0.86692,0.87259,0.86646,0.869185
2015-11-11T11:00:00+01:00,0.869185,0.871255,0.867885,0.86999
2015-11-11T23:00:00+01:00,0.86999,0.87115,0.86688,0.869295
2015-11-12T11:00:00+01:00,0.869295,0.87043,0.867,0.869555
2015-11-12T23:00:00+01:00,0.869555,0.870805,0.866585,0.86754
2015-11-13T11:00:00+01:00,0.86754,0.871545,0.867125,0.87144
2015-11-15T23:00:00+01:00,0.87144,0.871845,0.86725,0.867325
2015-11-16T11:00:00+01:00,0.867325,0.86771,0.86245,0.865615
2015-11-16T23:00:00+01:00,0.865615,0.866075,0.86041,0.86151
2015-11-17T11:00:00+01:00,0.86151,0.863865,0.859805,0.861855
2015-11-17T23:00:00+01:00,0.861855,0.864175,0.86102,0.8624
2015-11-18T11:00:00+01:00,0.8624,0.863025,0.858525,0.860975
2015-11-18T23:00:00+01:00,0.860975,0.868275,0.860365,0.863965
2015-11-19T11:00:00+01:00,0.863965,0.874385,0.862625,0.872225
2015-11-19T23:00:00+01:00,0.872225,0.87785,0.871585,0.873895
2015-11-20T11:00:00+01:00,0.873895,0.877745,0.871975,0.87615
2015-11-22T23:00:00+01:00,0.87615,0.87615,0.871105,0.87224
2015-11-23T11:00:00+01:00,0.87224,0.873645,0.868395,0.87153
2015-11-23T23:00:00+01:00,0.87153,0.872325,0.869365,0.87066
2015-11-24T11:00:00+01:00,0.87066,0.872745,0.86856,0.872095
2015-11-24T23:00:00+01:00,0.872095,0.87446,0.871745,0.87301
2015-11-25T11:00:00+01:00,0.87301,0.87523,0.871635,0.87421
2015-11-25T23:00:00+01:00,0.87421,0.877615,0.87306,0.875335
2015-11-26T11:00:00+01:00,0.875335,0.87539,0.873075,0.87362
2015-11-26T23:00:00+01:00,0.87362,0.874795,0.87027,0.87142
2015-11-27T11:00:00+01:00,0.87142,0.87461,0.87067,0.873725
2015-11-29T23:00:00+01:00,0.873725,0.87771,0.871265,0.877235
2015-11-30T11:00:00+01:00,0.877235,0.879885,0.875765,0.87956
2015-11-30T23:00:00+01:00,0.87956,0.888845,0.878755,0.887405
2015-12-01T11:00:00+01:00,0.887405,0.894365,0.88494,0.89195
2015-12-01T23:00:00+01:00,0.89195,0.892235,0.889295,0.89161
2015-12-02T11:00:00+01:00,0.89161,0.891745,0.885055,0.8861
2015-12-02T23:00:00+01:00,0.8861,0.888105,0.884765,0.88721
2015-12-03T11:00:00+01:00,0.88721,0.895,0.883095,0.893235
2015-12-03T23:00:00+01:00,0.893235,0.895525,0.88806,0.89113
2015-12-04T11:00:00+01:00,0.89113,0.904425,0.88835,0.901525
2015-12-06T23:00:00+01:00,0.901525,0.90169,0.895715,0.895845
2015-12-07T11:00:00+01:00,0.895845,0.899055,0.89485,0.89681
2015-12-07T23:00:00+01:00,0.89681,0.89996,0.895965,0.897685
2015-12-08T11:00:00+01:00,0.897685,0.904015,0.89657,0.90234
2015-12-08T23:00:00+01:00,0.90234,0.90448,0.896645,0.898025
2015-12-09T11:00:00+01:00,0.898025,0.917265,0.89423,0.91251
2015-12-09T23:00:00+01:00,0.91251,0.919305,0.911605,0.911625
2015-12-10T11:00:00+01:00,0.911625,0.921655,0.911285,0.9202
2015-12-10T23:00:00+01:00,0.9202,0.92458,0.918615,0.92162
2015-12-11T11:00:00+01:00,0.92162,0.924335,0.918285,0.92397
2015-12-13T23:00:00+01:00,0.92397,0.92397,0.919635,0.922855
2015-12-14T11:00:00+01:00,0.922855,0.93273,0.92252,0.92819
2015-12-14T23:00:00+01:00,0.92819,0.93502,0.92728,0.92999
2015-12-15T11:00:00+01:00,0.92999,0.93239,0.923985,0.929235
2015-12-15T23:00:00+01:00,0.929235,0.931125,0.926195,0.9291
2015-12-16T11:00:00+01:00,0.9291,0.94027,0.927125,0.936865
2015-12-16T23:00:00+01:00,0.936865,0.93828,0.927615,0.93222
2015-12-17T11:00:00+01:00,0.93222,0.936785,0.931735,0.93425
2015-12-17T23:00:00+01:00,0.93425,0.93492,0.93168,0.933515
2015-12-18T11:00:00+01:00,0.933515,0.940435,0.93335,0.93903
2015-12-20T23:00:00+01:00,0.93903,0.943115,0.937555,0.93891
2015-12-21T11:00:00+01:00,0.93891,0.947875,0.93878,0.9441
2015-12-21T23:00:00+01:00,0.9441,0.95277,0.94385,0.951415
2015-12-22T11:00:00+01:00,0.951415,0.951425,0.94684,0.947425
2015-12-22T23:00:00+01:00,0.947425,0.95026,0.946735,0.947275
2015-12-23T11:00:00+01:00,0.947275,0.94755,0.93863,0.941105
2015-12-23T23:00:00+01:00,0.941105,0.94493,0.9394,0.944475
2015-12-24T11:00:00+01:00,0.944475,0.94856,0.943475,0.945745
2015-12-27T23:00:00+01:00,0.945745,0.948535,0.94432,0.948455
2015-12-28T11:00:00+01:00,0.948455,0.952385,0.94822,0.952005
2015-12-28T23:00:00+01:00,0.952005,0.95601,0.951345,0.955405
2015-12-29T11:00:00+01:00,0.955405,0.95735,0.94959,0.95095
2015-12-29T23:00:00+01:00,0.95095,0.952495,0.94712,0.94992
2015-12-30T11:00:00+01:00,0.94992,0.95292,0.948155,0.94972
2015-12-30T23:00:00+01:00,0.94972,0.95319,0.948205,0.952395
2015-12-31T11:00:00+01:00,0.952395,0.952555,0.94394,0.94558
2016-01-03T23:00:00+01:00,0.94558,0.94769,0.937475,0.94078
2016-01-04T11:00:00+01:00,0.94078,0.942025,0.936335,0.94201
2016-01-04T23:00:00+01:00,0.94201,0.94201,0.93326,0.933635
2016-01-05T11:00:00+01:00,0.933635,0.938375,0.93218,0.938375
2016-01-05T23:00:00+01:00,0.938375,0.938375,0.929655,0.93582
2016-01-06T11:00:00+01:00,0.93582,0.93747,0.93348,0.934765
2016-01-06T23:00:00+01:00,0.934765,0.94202,0.932485,0.936665
2016-01-07T11:00:00+01:00,0.936665,0.93898,0.931625,0.93545
2016-01-07T23:00:00+01:00,0.93545,0.940135,0.93339,0.934825
2016-01-08T11:00:00+01:00,0.934825,0.935095,0.92444,0.927265
2016-01-10T23:00:00+01:00,0.927265,0.92964,0.92326,0.92802
2016-01-11T11:00:00+01:00,0.92802,0.93356,0.923155,0.93251
2016-01-11T23:00:00+01:00,0.93251,0.934375,0.92963,0.931565
2016-01-12T11:00:00+01:00,0.931565,0.93413,0.927915,0.932415
2016-01-12T23:00:00+01:00,0.932415,0.93759,0.93179,0.932905
2016-01-13T11:00:00+01:00,0.932905,0.9386,0.93083,0.934365
2016-01-13T23:00:00+01:00,0.934365,0.93547,0.92853,0.929985
2016-01-14T11:00:00+01:00,0.929985,0.931695,0.92398,0.930185
2016-01-14T23:00:00+01:00,0.930185,0.934,0.924755,0.929955
2016-01-15T11:00:00+01:00,0.929955,0.94056,0.92594,0.93932
2016-01-17T23:00:00+01:00,0.93932,0.940555,0.93591,0.937155
2016-01-18T11:00:00+01:00,0.937155,0.939715,0.93449,0.939365
2016-01-18T23:00:00+01:00,0.939365,0.94147,0.933325,0.93715
2016-01-19T11:00:00+01:00,0.93715,0.945675,0.93386,0.93488
2016-01-19T23:00:00+01:00,0.93488,0.93549,0.92804,0.93318
2016-01-20T11:00:00+01:00,0.93318,0.936295,0.92629,0.93255
2016-01-20T23:00:00+01:00,0.93255,0.93822,0.92944,0.93019
2016-01-21T11:00:00+01:00,0.93019,0.9366,0.923065,0.93169
2016-01-21T23:00:00+01:00,0.93169,0.93461,0.91998,0.921055
2016-01-22T11:00:00+01:00,0.921055,0.92324,0.915245,0.91632
2016-01-24T23:00:00+01:00,0.91632,0.92325,0.914045,0.92181
2016-01-25T11:00:00+01:00,0.92181,0.92368,0.916715,0.92238
2016-01-25T23:00:00+01:00,0.92238,0.923525,0.918375,0.920725
2016-01-26T11:00:00+01:00,0.920725,0.920795,0.91264,0.91755
2016-01-26T23:00:00+01:00,0.91755,0.92019,0.912905,0.91877
2016-01-27T11:00:00+01:00,0.91877,0.92075,0.906,0.906605
2016-01-27T23:00:00+01:00,0.906605,0.91175,0.904525,0.909675
2016-01-28T11:00:00+01:00,0.909675,0.912405,0.906585,0.90912
2016-01-28T23:00:00+01:00,0.90912,0.915855,0.90779,0.9126
2016-01-29T11:00:00+01:00,0.9126,0.915385,0.904905,0.90595
2016-01-31T23:00:00+01:00,0.90595,0.909065,0.90297,0.908655
2016-02-01T11:00:00+01:00,0.908655,0.914505,0.90586,0.913265
2016-02-01T23:00:00+01:00,0.913265,0.915175,0.9096,0.909715
2016-02-02T11:00:00+01:00,0.909715,0.91889,0.907235,0.915775
2016-02-02T23:00:00+01:00,0.915775,0.92591,0.914985,0.92326
2016-02-03T11:00:00+01:00,0.92326,0.925875,0.91692,0.918595
2016-02-03T23:00:00+01:00,0.918595,0.920605,0.915115,0.919125
2016-02-04T11:00:00+01:00,0.919125,0.925585,0.916875,0.92472
2016-02-04T23:00:00+01:00,0.92472,0.926655,0.91763,0.92172
2016-02-05T11:00:00+01:00,0.92172,0.92763,0.91445,0.922
2016-02-07T23:00:00+01:00,0.922,0.923335,0.91881,0.921815
2016-02-08T11:00:00+01:00,0.921815,0.92496,0.919455,0.9231
2016-02-08T23:00:00+01:00,0.9231,0.92471,0.91588,0.917575
2016-02-09T11:00:00+01:00,0.917575,0.922435,0.913135,0.920025
2016-02-09T23:00:00+01:00,0.920025,0.92379,0.91835,0.923725
2016-02-10T11:00:00+01:00,0.923725,0.93194,0.92035,0.93146
2016-02-10T23:00:00+01:00,0.93146,0.935435,0.92019,0.92932
2016-02-11T11:00:00+01:00,0.92932,0.936895,0.927365,0.9361
2016-02-11T23:00:00+01:00,0.9361,0.938235,0.92602,0.927055
2016-02-12T11:00:00+01:00,0.927055,0.92859,0.91562,0.91795
2016-02-14T23:00:00+01:00,0.91795,0.92255,0.916235,0.92203
2016-02-15T11:00:00+01:00,0.92203,0.92352,0.919155,0.91964
2016-02-15T23:00:00+01:00,0.91964,0.920265,0.90518,0.909985
2016-02-16T11:00:00+01:00,0.909985,0.913175,0.907875,0.91222
2016-02-16T23:00:00+01:00,0.91222,0.91396,0.90897,0.91306
2016-02-17T11:00:00+01:00,0.91306,0.913285,0.905805,0.90699
2016-02-17T23:00:00+01:00,0.90699,0.910645,0.90562,0.908315
2016-02-18T11:00:00+01:00,0.908315,0.9128,0.904365,0.91213
2016-02-18T23:00:00+01:00,0.91213,0.91288,0.909695,0.910945
2016-02-19T11:00:00+01:00,0.910945,0.91466,0.908165,0.91296
2016-02-21T23:00:00+01:00,0.91296,0.917425,0.91282,0.916425
2016-02-22T11:00:00+01:00,0.916425,0.921155,0.914945,0.91827
2016-02-22T23:00:00+01:00,0.91827,0.920435,0.91703,0.91914
2016-02-23T11:00:00+01:00,0.91914,0.9227,0.915585,0.916365
2016-02-23T23:00:00+01:00,0.916365,0.91643,0.911745,0.912445
2016-02-24T11:00:00+01:00,0.912445,0.916525,0.910875,0.912505
2016-02-24T23:00:00+01:00,0.912505,0.914945,0.911325,0.914035
2016-02-25T11:00:00+01:00,0.914035,0.91437,0.90749,0.90953
2016-02-25T23:00:00+01:00,0.90953,0.91721,0.90953,0.912665
2016-02-26T11:00:00+01:00,0.912665,0.91366,0.89562,0.89568
2016-02-28T23:00:00+01:00,0.89568,0.896425,0.88881,0.89634
2016-02-29T11:00:00+01:00,0.89634,0.89802,0.889025,0.892665
2016-02-29T23:00:00+01:00,0.892665,0.89548,0.89076,0.89316
2016-03-01T11:00:00+01:00,0.89316,0.894555,0.885305,0.888845
2016-03-01T23:00:00+01:00,0.888845,0.894195,0.888405,0.889145
2016-03-02T11:00:00+01:00,0.889145,0.89729,0.887795,0.895455
2016-03-02T23:00:00+01:00,0.895455,0.899475,0.89385,0.899035
2016-03-03T11:00:00+01:00,0.899035,0.90538,0.89784,0.901335
2016-03-03T23:00:00+01:00,0.901335,0.90834,0.90068,0.907615
2016-03-04T11:00:00+01:00,0.907615,0.911905,0.9048,0.908005
2016-03-06T23:00:00+01:00,0.908005,0.908245,0.901715,0.90223
2016-03-07T11:00:00+01:00,0.90223,0.90551,0.89924,0.903605
2016-03-07T23:00:00+01:00,0.903605,0.90374,0.899675,0.901505
2016-03-08T11:00:00+01:00,0.901505,0.908125,0.899765,0.904525
2016-03-08T23:00:00+01:00,0.904525,0.90724,0.902625,0.907175
2016-03-09T11:00:00+01:00,0.907175,0.90947,0.879785,0.881545
2016-03-09T23:00:00+01:00,0.881545,0.8862,0.877925,0.885425
2016-03-10T11:00:00+01:00,0.885425,0.892845,0.88348,0.889825
2016-03-10T23:00:00+01:00,0.889825,0.89263,0.883625,0.884975
2016-03-11T11:00:00+01:00,0.884975,0.894125,0.884965,0.891405
2016-03-13T22:00:00+01:00,0.891405,0.89339,0.88836,0.891735
2016-03-14T10:00:00+01:00,0.891735,0.891855,0.88346,0.88521
2016-03-14T22:00:00+01:00,0.88521,0.888235,0.88366,0.88808
2016-03-15T10:00:00+01:00,0.88808,0.89191,0.880135,0.881575
2016-03-15T22:00:00+01:00,0.881575,0.884405,0.8795,0.88363
2016-03-16T10:00:00+01:00,0.88363,0.88503,0.878945,0.880705
2016-03-16T22:00:00+01:00,0.880705,0.889385,0.88043,0.885165
2016-03-17T10:00:00+01:00,0.885165,0.891525,0.884215,0.889075
2016-03-17T22:00:00+01:00,0.889075,0.89176,0.88549,0.885575
2016-03-18T10:00:00+01:00,0.885575,0.886085,0.881515,0.88397
2016-03-20T22:00:00+01:00,0.88397,0.8859,0.882125,0.88514
2016-03-21T10:00:00+01:00,0.88514,0.88601,0.881985,0.88584
2016-03-21T22:00:00+01:00,0.88584,0.88686,0.882175,0.882425
2016-03-22T10:00:00+01:00,0.882425,0.883975,0.879025,0.881205
2016-03-22T22:00:00+01:00,0.881205,0.88289,0.877815,0.877895
2016-03-23T10:00:00+01:00,0.877895,0.88721,0.8754,0.88568
2016-03-23T22:00:00+01:00,0.88568,0.887985,0.884415,0.885595
2016-03-24T10:00:00+01:00,0.885595,0.89118,0.88533,0.887815
2016-03-24T22:00:00+01:00,0.887815,0.889655,0.88572,0.88706
2016-03-25T10:00:00+01:00,0.88706,0.889145,0.885175,0.88652
2016-03-27T23:00:00+02:00,0.88652,0.88932,0.885515,0.887615
2016-03-28T11:00:00+02:00,0.887615,0.88942,0.885725,0.886585
2016-03-28T23:00:00+02:00,0.886585,0.891515,0.88578,0.889015
2016-03-29T11:00:00+02:00,0.889015,0.89839,0.88642,0.895715
2016-03-29T23:00:00+02:00,0.895715,0.905885,0.89435,0.902735
2016-03-30T11:00:00+02:00,0.902735,0.903415,0.8951,0.89724
2016-03-30T23:00:00+02:00,0.89724,0.898125,0.894635,0.89678
2016-03-31T11:00:00+02:00,0.89678,0.899635,0.892725,0.898425
2016-03-31T23:00:00+02:00,0.898425,0.901085,0.89693,0.899075
2016-04-01T11:00:00+02:00,0.899075,0.90273,0.897075,0.89853
2016-04-03T23:00:00+02:00,0.89853,0.89984,0.89568,0.89568
2016-04-04T11:00:00+02:00,0.89568,0.89642,0.89204,0.894435
2016-04-04T23:00:00+02:00,0.894435,0.89451,0.888025,0.889905
2016-04-05T11:00:00+02:00,0.889905,0.897095,0.88904,0.8938
2016-04-05T23:00:00+02:00,0.8938,0.895515,0.89259,0.893865
2016-04-06T11:00:00+02:00,0.893865,0.89623,0.891475,0.893425
2016-04-06T23:00:00+02:00,0.893425,0.89434,0.89046,0.89325
2016-04-07T11:00:00+02:00,0.89325,0.89366,0.889755,0.89095
2016-04-07T23:00:00+02:00,0.89095,0.891855,0.887405,0.888305
2016-04-08T11:00:00+02:00,0.888305,0.88926,0.883925,0.88449
2016-04-10T23:00:00+02:00,0.88449,0.88734,0.88344,0.886455
2016-04-11T11:00:00+02:00,0.886455,0.888465,0.88418,0.884535
2016-04-11T23:00:00+02:00,0.884535,0.888735,0.884075,0.88695
2016-04-12T11:00:00+02:00,0.88695,0.890675,0.881465,0.883685
2016-04-12T23:00:00+02:00,0.883685,0.88713,0.882825,0.88641
2016-04-13T11:00:00+02:00,0.88641,0.88791,0.88154,0.88705
2016-04-13T23:00:00+02:00,0.88705,0.887095,0.87876,0.88271
2016-04-14T11:00:00+02:00,0.88271,0.883195,0.87948,0.87983
2016-04-14T23:00:00+02:00,0.87983,0.887325,0.87849,0.886625
2016-04-15T11:00:00+02:00,0.886625,0.89208,0.886165,0.88724
2016-04-17T23:00:00+02:00,0.88724,0.899265,0.88638,0.894515
2016-04-18T11:00:00+02:00,0.894515,0.897275,0.888245,0.88863
2016-04-18T23:00:00+02:00,0.88863,0.896795,0.88863,0.89489
2016-04-19T11:00:00+02:00,0.89489,0.895705,0.88851,0.892695
2016-04-19T23:00:00+02:00,0.892695,0.89419,0.88891,0.889065
2016-04-20T11:00:00+02:00,0.889065,0.88927,0.880665,0.882925
2016-04-20T23:00:00+02:00,0.882925,0.88351,0.87987,0.88182
2016-04-21T11:00:00+02:00,0.88182,0.88278,0.87904,0.880255
2016-04-21T23:00:00+02:00,0.880255,0.88107,0.876,0.877565
2016-04-22T11:00:00+02:00,0.877565,0.87804,0.867595,0.8681
2016-04-24T23:00:00+02:00,0.8681,0.87252,0.86655,0.872375
2016-04-25T11:00:00+02:00,0.872375,0.87295,0.86767,0.869125
2016-04-25T23:00:00+02:00,0.869125,0.87263,0.8688,0.871135
2016-04-26T11:00:00+02:00,0.871135,0.873165,0.86823,0.869505
2016-04-26T23:00:00+02:00,0.869505,0.87056,0.862865,0.86333
2016-04-27T11:00:00+02:00,0.86333,0.867125,0.85922,0.8612
2016-04-27T23:00:00+02:00,0.8612,0.87595,0.8612,0.873055
2016-04-28T11:00:00+02:00,0.873055,0.87694,0.87239,0.873895
2016-04-28T23:00:00+02:00,0.873895,0.87581,0.87131,0.87299
2016-04-29T11:00:00+02:00,0.87299,0.877485,0.87254,0.87593
2016-05-01T23:00:00+02:00,0.87593,0.87994,0.875025,0.87916
2016-05-02T11:00:00+02:00,0.87916,0.8803,0.87628,0.879745
2016-05-02T23:00:00+02:00,0.879745,0.882465,0.873485,0.877675
2016-05-03T11:00:00+02:00,0.877675,0.880495,0.87515,0.8797
2016-05-03T23:00:00+02:00,0.8797,0.88178,0.875395,0.87742
2016-05-04T11:00:00+02:00,0.87742,0.88742,0.87685,0.885625
2016-05-04T23:00:00+02:00,0.885625,0.88635,0.88292,0.88334
2016-05-05T11:00:00+02:00,0.88334,0.887095,0.8828,0.88473
2016-05-05T23:00:00+02:00,0.88473,0.88647,0.878845,0.87887
2016-05-06T11:00:00+02:00,0.87887,0.886045,0.878155,0.882865
2016-05-08T23:00:00+02:00,0.882865,0.885455,0.88172,0.883425
2016-05-09T11:00:00+02:00,0.883425,0.883435,0.87691,0.8773
2016-05-09T23:00:00+02:00,0.8773,0.878155,0.87207,0.873965
2016-05-10T11:00:00+02:00,0.873965,0.87581,0.871505,0.87254
2016-05-10T23:00:00+02:00,0.87254,0.88146,0.87248,0.877065
2016-05-11T11:00:00+02:00,0.877065,0.879185,0.87566,0.87634
2016-05-11T23:00:00+02:00,0.87634,0.878865,0.87576,0.87709
2016-05-12T11:00:00+02:00,0.87709,0.877415,0.87159,0.87616
2016-05-12T23:00:00+02:00,0.87616,0.87709,0.873675,0.874895
2016-05-13T11:00:00+02:00,0.874895,0.877845,0.873055,0.87575
2016-05-15T23:00:00+02:00,0.87575,0.877795,0.87397,0.8772
2016-05-16T11:00:00+02:00,0.8772,0.879565,0.87555,0.87563
2016-05-16T23:00:00+02:00,0.87563,0.87948,0.874645,0.87686
2016-05-17T11:00:00+02:00,0.87686,0.882075,0.87674,0.879125
2016-05-17T23:00:00+02:00,0.879125,0.87933,0.87631,0.877945
2016-05-18T11:00:00+02:00,0.877945,0.87976,0.87476,0.878345
2016-05-18T23:00:00+02:00,0.878345,0.88332,0.876135,0.8826
2016-05-19T11:00:00+02:00,0.8826,0.886435,0.882035,0.88295
2016-05-19T23:00:00+02:00,0.88295,0.886925,0.882155,0.885075
2016-05-20T11:00:00+02:00,0.885075,0.889175,0.88453,0.88711
2016-05-22T23:00:00+02:00,0.88711,0.892945,0.88711,0.891795
2016-05-23T11:00:00+02:00,0.891795,0.89298,0.88788,0.88891
2016-05-23T23:00:00+02:00,0.88891,0.89016,0.883325,0.886175
2016-05-24T11:00:00+02:00,0.886175,0.886275,0.88266,0.884315
2016-05-24T23:00:00+02:00,0.884315,0.888035,0.88366,0.885475
2016-05-25T11:00:00+02:00,0.885475,0.88762,0.8763,0.877615
2016-05-25T23:00:00+02:00,0.877615,0.877615,0.86946,0.873285
2016-05-26T11:00:00+02:00,0.873285,0.87661,0.870125,0.87483
2016-05-26T23:00:00+02:00,0.87483,0.87814,0.874235,0.87741
2016-05-27T11:00:00+02:00,0.87741,0.87967,0.871685,0.87193
2016-05-29T23:00:00+02:00,0.87193,0.875805,0.871685,0.874615
2016-05-30T11:00:00+02:00,0.874615,0.876295,0.872755,0.87354
2016-05-30T23:00:00+02:00,0.87354,0.878205,0.873035,0.878155
2016-05-31T11:00:00+02:00,0.878155,0.88806,0.877515,0.885565
2016-05-31T23:00:00+02:00,0.885565,0.8908,0.885215,0.889525
2016-06-01T11:00:00+02:00,0.889525,0.892735,0.88919,0.891555
2016-06-01T23:00:00+02:00,0.891555,0.8932,0.88857,0.89062
2016-06-02T11:00:00+02:00,0.89062,0.89498,0.887945,0.891735
2016-06-02T23:00:00+02:00,0.891735,0.896575,0.891015,0.89502
2016-06-03T11:00:00+02:00,0.89502,0.90075,0.89454,0.89997
2016-06-05T23:00:00+02:00,0.89997,0.90035,0.89585,0.89627
2016-06-06T11:00:00+02:00,0.89627,0.8974,0.88682,0.88731
2016-06-06T23:00:00+02:00,0.88731,0.888845,0.884655,0.887235
2016-06-07T11:00:00+02:00,0.887235,0.89329,0.886585,0.888785
2016-06-07T23:00:00+02:00,0.888785,0.89177,0.88617,0.88904
2016-06-08T11:00:00+02:00,0.88904,0.893475,0.88691,0.89063
2016-06-08T23:00:00+02:00,0.89063,0.907795,0.89063,0.905955
2016-06-09T11:00:00+02:00,0.905955,0.90964,0.903405,0.90387
2016-06-09T23:00:00+02:00,0.90387,0.90668,0.90275,0.904195
2016-06-10T11:00:00+02:00,0.904195,0.90652,0.89787,0.901605
2016-06-12T23:00:00+02:00,0.901605,0.902875,0.899845,0.902075
2016-06-13T11:00:00+02:00,0.902075,0.90667,0.900855,0.90651
2016-06-13T23:00:00+02:00,0.90651,0.90651,0.900165,0.901195
2016-06-14T11:00:00+02:00,0.901195,0.90274,0.8985,0.900205
2016-06-14T23:00:00+02:00,0.900205,0.90423,0.89644,0.90291
2016-06-15T11:00:00+02:00,0.90291,0.91094,0.902355,0.90826
2016-06-15T23:00:00+02:00,0.90826,0.91606,0.907775,0.913835
2016-06-16T11:00:00+02:00,0.913835,0.91713,0.909545,0.913485
2016-06-16T23:00:00+02:00,0.913485,0.914425,0.90977,0.911715
2016-06-17T11:00:00+02:00,0.911715,0.912245,0.906625,0.90986
2016-06-19T23:00:00+02:00,0.90986,0.914385,0.90665,0.913085
2016-06-20T11:00:00+02:00,0.913085,0.913565,0.909185,0.911725
2016-06-20T23:00:00+02:00,0.911725,0.913485,0.90833,0.913465
2016-06-21T11:00:00+02:00,0.913465,0.91591,0.912345,0.912935
2016-06-21T23:00:00+02:00,0.912935,0.914655,0.911925,0.914415
2016-06-22T11:00:00+02:00,0.914415,0.92131,0.91398,0.92011
2016-06-22T23:00:00+02:00,0.92011,0.92175,0.91763,0.92012
2016-06-23T11:00:00+02:00,0.92012,0.927485,0.918865,0.92439
2016-06-23T23:00:00+02:00,0.92439,0.93259,0.90673,0.9176
2016-06-24T11:00:00+02:00,0.9176,0.92802,0.91714,0.92725
2016-06-26T23:00:00+02:00,0.92725,0.92725,0.920595,0.921175
2016-06-27T11:00:00+02:00,0.921175,0.92338,0.91452,0.91452
2016-06-27T23:00:00+02:00,0.91452,0.92042,0.913745,0.91752
2016-06-28T11:00:00+02:00,0.91752,0.9236,0.916945,0.91794
2016-06-28T23:00:00+02:00,0.91794,0.92324,0.91718,0.92067
2016-06-29T11:00:00+02:00,0.92067,0.927545,0.91939,0.919965
2016-06-29T23:00:00+02:00,0.919965,0.92183,0.91699,0.920595
2016-06-30T11:00:00+02:00,0.920595,0.92689,0.91951,0.92221
2016-06-30T23:00:00+02:00,0.92221,0.92768,0.921725,0.927285
2016-07-01T11:00:00+02:00,0.927285,0.92896,0.92375,0.9258
2016-07-03T23:00:00+02:00,0.9258,0.928835,0.924665,0.925765
2016-07-04T11:00:00+02:00,0.925765,0.93059,0.92571,0.92867
2016-07-04T23:00:00+02:00,0.92867,0.929485,0.925775,0.928145
2016-07-05T11:00:00+02:00,0.928145,0.93077,0.92458,0.92843
2016-07-05T23:00:00+02:00,0.92843,0.929245,0.921855,0.923065
2016-07-06T11:00:00+02:00,0.923065,0.92842,0.922405,0.924485
2016-07-06T23:00:00+02:00,0.924485,0.934865,0.92294,0.93321
2016-07-07T11:00:00+02:00,0.93321,0.94094,0.930415,0.939685
2016-07-07T23:00:00+02:00,0.939685,0.946165,0.93802,0.94432
2016-07-08T11:00:00+02:00,0.94432,0.954965,0.942755,0.95249
2016-07-10T23:00:00+02:00,0.95249,0.95321,0.946415,0.94714
2016-07-11T11:00:00+02:00,0.94714,0.950355,0.94552,0.946995
2016-07-11T23:00:00+02:00,0.946995,0.95459,0.945965,0.95263
2016-07-12T11:00:00+02:00,0.95263,0.953305,0.949155,0.952285
2016-07-12T23:00:00+02:00,0.952285,0.952995,0.946215,0.95088
2016-07-13T11:00:00+02:00,0.95088,0.955305,0.94248,0.944175
2016-07-13T23:00:00+02:00,0.944175,0.945505,0.931725,0.93337
2016-07-14T11:00:00+02:00,0.93337,0.93405,0.927415,0.92801
2016-07-14T23:00:00+02:00,0.92801,0.928795,0.921235,0.92696
2016-07-15T11:00:00+02:00,0.92696,0.927485,0.91889,0.92315
2016-07-17T23:00:00+02:00,0.92315,0.926235,0.91564,0.92071
2016-07-18T11:00:00+02:00,0.92071,0.92433,0.91919,0.92114
2016-07-18T23:00:00+02:00,0.92114,0.92115,0.91065,0.91417
2016-07-19T11:00:00+02:00,0.91417,0.919585,0.91416,0.918335
2016-07-19T23:00:00+02:00,0.918335,0.92105,0.91497,0.91976
2016-07-20T11:00:00+02:00,0.91976,0.920485,0.916035,0.91755
2016-07-20T23:00:00+02:00,0.91755,0.91755,0.90884,0.91253
2016-07-21T11:00:00+02:00,0.91253,0.91652,0.90845,0.91564
2016-07-21T23:00:00+02:00,0.91564,0.91942,0.914235,0.917745
2016-07-22T11:00:00+02:00,0.917745,0.92135,0.91321,0.91883
2016-07-24T23:00:00+02:00,0.91883,0.921225,0.914615,0.91859
2016-07-25T11:00:00+02:00,0.91859,0.925075,0.918535,0.924865
2016-07-25T23:00:00+02:00,0.924865,0.93395,0.923875,0.9337
2016-07-26T11:00:00+02:00,0.9337,0.93661,0.92815,0.93033
2016-07-26T23:00:00+02:00,0.93033,0.932255,0.924245,0.92989
2016-07-27T11:00:00+02:00,0.92989,0.93374,0.92695,0.93324
2016-07-27T23:00:00+02:00,0.93324,0.934785,0.93032,0.93219
2016-07-28T11:00:00+02:00,0.93219,0.934115,0.930025,0.93066
2016-07-28T23:00:00+02:00,0.93066,0.9379,0.930315,0.935545
2016-07-29T11:00:00+02:00,0.935545,0.943185,0.934465,0.94009
2016-07-31T23:00:00+02:00,0.94009,0.94235,0.93825,0.939715
2016-08-01T11:00:00+02:00,0.939715,0.94275,0.93823,0.941195
2016-08-01T23:00:00+02:00,0.941195,0.947685,0.94015,0.946425
2016-08-02T11:00:00+02:00,0.946425,0.94969,0.94005,0.94965
2016-08-02T23:00:00+02:00,0.94965,0.94965,0.942815,0.94299
2016-08-03T11:00:00+02:00,0.94299,0.94317,0.93455,0.93543
2016-08-03T23:00:00+02:00,0.93543,0.937855,0.934135,0.93655
2016-08-04T11:00:00+02:00,0.93655,0.941025,0.933595,0.933765
2016-08-04T23:00:00+02:00,0.933765,0.939405,0.93373,0.938975
2016-08-05T11:00:00+02:00,0.938975,0.944505,0.93579,0.94059
2016-08-07T23:00:00+02:00,0.94059,0.940965,0.93427,0.93841
2016-08-08T11:00:00+02:00,0.93841,0.94049,0.93651,0.93925
2016-08-08T23:00:00+02:00,0.93925,0.94213,0.93742,0.93888
2016-08-09T11:00:00+02:00,0.93888,0.941985,0.93832,0.94003
2016-08-09T23:00:00+02:00,0.94003,0.943945,0.93912,0.9424
2016-08-10T11:00:00+02:00,0.9424,0.94484,0.93815,0.94039
2016-08-10T23:00:00+02:00,0.94039,0.95829,0.93866,0.94471
2016-08-11T11:00:00+02:00,0.94471,0.946865,0.93385,0.93649
2016-08-11T23:00:00+02:00,0.93649,0.93803,0.932675,0.93459
2016-08-12T11:00:00+02:00,0.93459,0.938475,0.93162,0.93213
2016-08-14T23:00:00+02:00,0.93213,0.93296,0.92936,0.93231
2016-08-15T11:00:00+02:00,0.93231,0.93361,0.92983,0.93175
2016-08-15T23:00:00+02:00,0.93175,0.938005,0.931005,0.937155
2016-08-16T11:00:00+02:00,0.937155,0.93794,0.929965,0.93639
2016-08-16T23:00:00+02:00,0.93639,0.94424,0.93341,0.934595
2016-08-17T11:00:00+02:00,0.934595,0.93467,0.92865,0.93153
2016-08-17T23:00:00+02:00,0.93153,0.936905,0.931475,0.933345
2016-08-18T11:00:00+02:00,0.933345,0.93526,0.9296,0.931465
2016-08-18T23:00:00+02:00,0.931465,0.93251,0.927775,0.93232
2016-08-19T11:00:00+02:00,0.93232,0.93602,0.929945,0.93594
2016-08-21T23:00:00+02:00,0.93594,0.936075,0.931645,0.935835
2016-08-22T11:00:00+02:00,0.935835,0.94342,0.935605,0.94125
2016-08-22T23:00:00+02:00,0.94125,0.94813,0.94123,0.945725
2016-08-23T11:00:00+02:00,0.945725,0.94792,0.940625,0.94142
2016-08-23T23:00:00+02:00,0.94142,0.94654,0.939475,0.945915
2016-08-24T11:00:00+02:00,0.945915,0.94788,0.94395,0.94524
2016-08-24T23:00:00+02:00,0.94524,0.9481,0.94384,0.944615
2016-08-25T11:00:00+02:00,0.944615,0.94575,0.942175,0.94346
2016-08-25T23:00:00+02:00,0.94346,0.945605,0.94269,0.944805
2016-08-26T11:00:00+02:00,0.944805,0.94799,0.939095,0.94116
2016-08-28T23:00:00+02:00,0.94116,0.94242,0.93877,0.942125
2016-08-29T11:00:00+02:00,0.942125,0.945695,0.94099,0.94352
2016-08-29T23:00:00+02:00,0.94352,0.94542,0.942425,0.943955
2016-08-30T11:00:00+02:00,0.943955,0.94587,0.94265,0.94561
2016-08-30T23:00:00+02:00,0.94561,0.95028,0.94501,0.949635
2016-08-31T11:00:00+02:00,0.949635,0.953405,0.948545,0.95012
2016-08-31T23:00:00+02:00,0.95012,0.95378,0.948835,0.95338
2016-09-01T11:00:00+02:00,0.95338,0.955505,0.949765,0.95415
2016-09-01T23:00:00+02:00,0.95415,0.95608,0.953085,0.95509
2016-09-02T11:00:00+02:00,0.95509,0.95882,0.94645,0.94709
2016-09-04T23:00:00+02:00,0.94709,0.951345,0.94547,0.946205
2016-09-05T11:00:00+02:00,0.946205,0.94754,0.94356,0.944485
2016-09-05T23:00:00+02:00,0.944485,0.948175,0.944075,0.94683
2016-09-06T11:00:00+02:00,0.94683,0.95283,0.946575,0.95276
2016-09-06T23:00:00+02:00,0.95276,0.957845,0.951255,0.957445
2016-09-07T11:00:00+02:00,0.957445,0.964985,0.957385,0.96
2016-09-07T23:00:00+02:00,0.96,0.962075,0.959095,0.96148
2016-09-08T11:00:00+02:00,0.96148,0.961605,0.95378,0.95733
2016-09-08T23:00:00+02:00,0.95733,0.957945,0.953645,0.954455
2016-09-09T11:00:00+02:00,0.954455,0.958075,0.95167,0.9553
2016-09-11T23:00:00+02:00,0.9553,0.959325,0.95454,0.956835
2016-09-12T11:00:00+02:00,0.956835,0.960185,0.956025,0.958885
2016-09-12T23:00:00+02:00,0.958885,0.96113,0.956765,0.960475
2016-09-13T11:00:00+02:00,0.960475,0.9611,0.953465,0.95568
2016-09-13T23:00:00+02:00,0.95568,0.95816,0.95281,0.95677
2016-09-14T11:00:00+02:00,0.95677,0.963485,0.95645,0.960865
2016-09-14T23:00:00+02:00,0.960865,0.96338,0.958255,0.959405
2016-09-15T11:00:00+02:00,0.959405,0.96361,0.957985,0.9622
2016-09-15T23:00:00+02:00,0.9622,0.964155,0.961135,0.961985
2016-09-16T11:00:00+02:00,0.961985,0.965975,0.95855,0.96022
2016-09-18T23:00:00+02:00,0.96022,0.96235,0.95922,0.961045
2016-09-19T11:00:00+02:00,0.961045,0.965395,0.96058,0.962925
2016-09-19T23:00:00+02:00,0.962925,0.971075,0.96233,0.970195
2016-09-20T11:00:00+02:00,0.970195,0.97354,0.96474,0.96477
2016-09-20T23:00:00+02:00,0.96477,0.96575,0.960705,0.96359
2016-09-21T11:00:00+02:00,0.96359,0.968035,0.96297,0.96329
2016-09-21T23:00:00+02:00,0.96329,0.96567,0.955275,0.955585
2016-09-22T11:00:00+02:00,0.955585,0.957035,0.95134,0.95356
2016-09-22T23:00:00+02:00,0.95356,0.95464,0.94747,0.948805
2016-09-23T11:00:00+02:00,0.948805,0.954215,0.946115,0.954
2016-09-25T23:00:00+02:00,0.954,0.95532,0.950975,0.953925
2016-09-26T11:00:00+02:00,0.953925,0.963,0.953655,0.962255
2016-09-26T23:00:00+02:00,0.962255,0.96854,0.95912,0.967285
2016-09-27T11:00:00+02:00,0.967285,0.96808,0.96319,0.96344
2016-09-27T23:00:00+02:00,0.96344,0.96434,0.959265,0.959775
2016-09-28T11:00:00+02:00,0.959775,0.96079,0.952375,0.95278
2016-09-28T23:00:00+02:00,0.95278,0.954535,0.950045,0.95276
2016-09-29T11:00:00+02:00,0.95276,0.95655,0.94912,0.953515
2016-09-29T23:00:00+02:00,0.953515,0.95714,0.95152,0.955445
2016-09-30T11:00:00+02:00,0.955445,0.95794,0.95247,0.95651
2016-10-02T23:00:00+02:00,0.95651,0.95651,0.95162,0.95475
2016-10-03T11:00:00+02:00,0.95475,0.954955,0.950715,0.95448
2016-10-03T23:00:00+02:00,0.95448,0.9594,0.953845,0.958565
2016-10-04T11:00:00+02:00,0.958565,0.95939,0.95038,0.950925
2016-10-04T23:00:00+02:00,0.950925,0.950925,0.945615,0.948415
2016-10-05T11:00:00+02:00,0.948415,0.95055,0.943715,0.94513
2016-10-05T23:00:00+02:00,0.94513,0.94626,0.942895,0.94532
2016-10-06T11:00:00+02:00,0.94532,0.947225,0.9417,0.947065
2016-10-06T23:00:00+02:00,0.947065,0.948545,0.94344,0.945005
2016-10-07T11:00:00+02:00,0.945005,0.953535,0.94392,0.953475
2016-10-09T23:00:00+02:00,0.953475,0.953475,0.94641,0.94771
2016-10-10T11:00:00+02:00,0.94771,0.94772,0.93706,0.940285
2016-10-10T23:00:00+02:00,0.940285,0.94049,0.93119,0.93474
2016-10-11T11:00:00+02:00,0.93474,0.93649,0.932,0.93593
2016-10-11T23:00:00+02:00,0.93593,0.93732,0.93446,0.935905
2016-10-12T11:00:00+02:00,0.935905,0.938155,0.93407,0.937515
2016-10-12T23:00:00+02:00,0.937515,0.93886,0.934285,0.935755
2016-10-13T11:00:00+02:00,0.935755,0.93772,0.93432,0.935945
2016-10-13T23:00:00+02:00,0.935945,0.940775,0.934875,0.937235
2016-10-14T11:00:00+02:00,0.937235,0.9386,0.93041,0.93113
2016-10-16T23:00:00+02:00,0.93113,0.93826,0.93032,0.93771
2016-10-17T11:00:00+02:00,0.93771,0.93826,0.93518,0.936725
2016-10-17T23:00:00+02:00,0.936725,0.94327,0.936305,0.94041
2016-10-18T11:00:00+02:00,0.94041,0.946325,0.939645,0.942535
2016-10-18T23:00:00+02:00,0.942535,0.9467,0.942535,0.944305
2016-10-19T11:00:00+02:00,0.944305,0.94968,0.93885,0.94833
2016-10-19T23:00:00+02:00,0.94833,0.954315,0.947995,0.9512
2016-10-20T11:00:00+02:00,0.9512,0.954175,0.94881,0.9517
2016-10-20T23:00:00+02:00,0.9517,0.95195,0.948775,0.949285
2016-10-21T11:00:00+02:00,0.949285,0.95552,0.947785,0.95522
2016-10-23T23:00:00+02:00,0.95522,0.957235,0.953915,0.95629
2016-10-24T11:00:00+02:00,0.95629,0.95661,0.94841,0.948425
2016-10-24T23:00:00+02:00,0.948425,0.95478,0.94695,0.95236
2016-10-25T11:00:00+02:00,0.95236,0.95684,0.95105,0.956455
2016-10-25T23:00:00+02:00,0.956455,0.95856,0.9543,0.95825
2016-10-26T11:00:00+02:00,0.95825,0.959,0.954495,0.957295
2016-10-26T23:00:00+02:00,0.957295,0.95863,0.95534,0.955635
2016-10-27T11:00:00+02:00,0.955635,0.95579,0.951355,0.953295
2016-10-27T23:00:00+02:00,0.953295,0.95606,0.953085,0.955385
2016-10-28T11:00:00+02:00,0.955385,0.9606,0.953935,0.95972
2016-10-30T22:00:00+01:00,0.95972,0.960675,0.95664,0.95721
2016-10-31T10:00:00+01:00,0.95721,0.95988,0.956505,0.95868
2016-10-31T22:00:00+01:00,0.95868,0.962225,0.95868,0.9604
2016-11-01T10:00:00+01:00,0.9604,0.96266,0.95752,0.96172
2016-11-01T22:00:00+01:00,0.96172,0.969945,0.96161,0.969935
2016-11-02T10:00:00+01:00,0.969935,0.979085,0.968905,0.97606
2016-11-02T22:00:00+01:00,0.97606,0.979505,0.97513,0.97585
2016-11-03T10:00:00+01:00,0.97585,0.983415,0.975495,0.98323
2016-11-03T22:00:00+01:00,0.98323,0.98323,0.97851,0.981085
2016-11-04T10:00:00+01:00,0.981085,0.983505,0.978975,0.98193
2016-11-06T23:00:00+01:00,0.98193,0.98193,0.976795,0.97852
2016-11-07T11:00:00+01:00,0.97852,0.98205,0.97784,0.981565
2016-11-07T23:00:00+01:00,0.981565,0.98259,0.97941,0.980575
2016-11-08T11:00:00+01:00,0.980575,0.984715,0.97894,0.981425
2016-11-08T23:00:00+01:00,0.981425,0.992665,0.97746,0.97844
2016-11-09T11:00:00+01:00,0.97844,0.986925,0.975415,0.97713
2016-11-09T23:00:00+01:00,0.97713,0.979425,0.97125,0.9764
2016-11-10T11:00:00+01:00,0.9764,0.97846,0.968675,0.971545
2016-11-10T23:00:00+01:00,0.971545,0.97369,0.96909,0.970725
2016-11-11T11:00:00+01:00,0.970725,0.972755,0.962285,0.96321
2016-11-13T23:00:00+01:00,0.96321,0.965825,0.9592,0.962305
2016-11-14T11:00:00+01:00,0.962305,0.96545,0.9595,0.96528
2016-11-14T23:00:00+01:00,0.96528,0.96674,0.960585,0.9623
2016-11-15T11:00:00+01:00,0.9623,0.963415,0.953435,0.954875
2016-11-15T23:00:00+01:00,0.954875,0.955735,0.951495,0.954255
2016-11-16T11:00:00+01:00,0.954255,0.95466,0.946555,0.950825
2016-11-16T23:00:00+01:00,0.950825,0.95449,0.950645,0.952455
2016-11-17T11:00:00+01:00,0.952455,0.95272,0.946675,0.949955
2016-11-17T23:00:00+01:00,0.949955,0.953325,0.94935,0.951215
2016-11-18T11:00:00+01:00,0.951215,0.9537,0.94629,0.94664
2016-11-20T23:00:00+01:00,0.94664,0.94745,0.94277,0.945625
2016-11-21T11:00:00+01:00,0.945625,0.950205,0.944675,0.948085
2016-11-21T23:00:00+01:00,0.948085,0.9497,0.946235,0.94702
2016-11-22T11:00:00+01:00,0.94702,0.950495,0.9442,0.949285
2016-11-22T23:00:00+01:00,0.949285,0.950805,0.94822,0.948705
2016-11-23T11:00:00+01:00,0.948705,0.949975,0.943365,0.944745
2016-11-23T23:00:00+01:00,0.944745,0.946385,0.942435,0.945535
2016-11-24T11:00:00+01:00,0.945535,0.94577,0.942405,0.94449
2016-11-24T23:00:00+01:00,0.94449,0.94981,0.943615,0.94941
2016-11-25T11:00:00+01:00,0.94941,0.953255,0.94883,0.95226
2016-11-27T23:00:00+01:00,0.95226,0.956955,0.95056,0.954765
2016-11-28T11:00:00+01:00,0.954765,0.95477,0.946145,0.948565
2016-11-28T23:00:00+01:00,0.948565,0.95393,0.94795,0.953605
2016-11-29T11:00:00+01:00,0.953605,0.9582,0.952255,0.957295
2016-11-29T23:00:00+01:00,0.957295,0.963375,0.957175,0.95934
2016-11-30T11:00:00+01:00,0.95934,0.960665,0.949495,0.95167
2016-11-30T23:00:00+01:00,0.95167,0.95222,0.948685,0.95043
2016-12-01T11:00:00+01:00,0.95043,0.95115,0.939695,0.944025
2016-12-01T23:00:00+01:00,0.944025,0.945015,0.9423,0.94387
2016-12-02T11:00:00+01:00,0.94387,0.950005,0.94208,0.94911
2016-12-04T23:00:00+01:00,0.94911,0.950485,0.94338,0.94557
2016-12-05T11:00:00+01:00,0.94557,0.94807,0.940205,0.94784
2016-12-05T23:00:00+01:00,0.94784,0.95083,0.94233,0.944445
2016-12-06T11:00:00+01:00,0.944445,0.94832,0.94354,0.94538
2016-12-06T23:00:00+01:00,0.94538,0.948085,0.943625,0.94697
2016-12-07T11:00:00+01:00,0.94697,0.950405,0.94596,0.948215
2016-12-07T23:00:00+01:00,0.948215,0.95457,0.948185,0.95309
2016-12-08T11:00:00+01:00,0.95309,0.953115,0.945015,0.946215
2016-12-08T23:00:00+01:00,0.946215,0.947885,0.9459,0.94657
2016-12-09T11:00:00+01:00,0.94657,0.94674,0.93865,0.94028
2016-12-11T23:00:00+01:00,0.94028,0.940495,0.933655,0.94025
2016-12-12T11:00:00+01:00,0.94025,0.9464,0.93954,0.943955
2016-12-12T23:00:00+01:00,0.943955,0.945505,0.94276,0.94303
2016-12-13T11:00:00+01:00,0.94303,0.948595,0.942975,0.94568
2016-12-13T23:00:00+01:00,0.94568,0.94836,0.94502,0.945415
2016-12-14T11:00:00+01:00,0.945415,0.95056,0.94401,0.94553
2016-12-14T23:00:00+01:00,0.94553,0.946075,0.941045,0.942115
2016-12-15T11:00:00+01:00,0.942115,0.94605,0.938285,0.938605
2016-12-15T23:00:00+01:00,0.938605,0.940095,0.935935,0.93844
2016-12-16T11:00:00+01:00,0.93844,0.9395,0.92721,0.928315
2016-12-18T23:00:00+01:00,0.928315,0.93169,0.92789,0.92989
2016-12-19T11:00:00+01:00,0.92989,0.931825,0.927565,0.92903
2016-12-19T23:00:00+01:00,0.92903,0.92967,0.92713,0.927205
2016-12-20T11:00:00+01:00,0.927205,0.927715,0.922695,0.924625
2016-12-20T23:00:00+01:00,0.924625,0.928485,0.92405,0.925095
2016-12-21T11:00:00+01:00,0.925095,0.928085,0.923925,0.92537
2016-12-21T23:00:00+01:00,0.92537,0.930365,0.92461,0.9291
2016-12-22T11:00:00+01:00,0.9291,0.93414,0.927325,0.93066
2016-12-22T23:00:00+01:00,0.93066,0.93266,0.93014,0.93196
2016-12-23T11:00:00+01:00,0.93196,0.93232,0.92868,0.9314
2016-12-26T23:00:00+01:00,0.9314,0.933385,0.93064,0.932485
2016-12-27T11:00:00+01:00,0.932485,0.935655,0.931375,0.935395
2016-12-27T23:00:00+01:00,0.935395,0.94084,0.93525,0.94
2016-12-28T11:00:00+01:00,0.94,0.94014,0.93616,0.93818
2016-12-28T23:00:00+01:00,0.93818,0.94135,0.93643,0.940445
2016-12-29T11:00:00+01:00,0.940445,0.941655,0.936565,0.93998
2016-12-29T23:00:00+01:00,0.93998,0.940575,0.93657,0.93823
2016-12-30T11:00:00+01:00,0.93823,0.93885,0.93046,0.93111
2017-01-02T23:00:00+01:00,0.93111,0.93511,0.93051,0.93052
2017-01-03T11:00:00+01:00,0.93052,0.93202,0.9254,0.92894
2017-01-03T23:00:00+01:00,0.92894,0.93128,0.92612,0.927955
2017-01-04T11:00:00+01:00,0.927955,0.92872,0.92322,0.92691
2017-01-04T23:00:00+01:00,0.92691,0.93159,0.9257,0.92749
2017-01-05T11:00:00+01:00,0.92749,0.9303,0.9247,0.928785
2017-01-05T23:00:00+01:00,0.928785,0.93136,0.92722,0.93064
2017-01-06T11:00:00+01:00,0.93064,0.93163,0.92061,0.92099
2017-01-08T23:00:00+01:00,0.92099,0.92405,0.92099,0.922755
2017-01-09T11:00:00+01:00,0.922755,0.92961,0.92244,0.927185
2017-01-09T23:00:00+01:00,0.927185,0.93064,0.92588,0.925875
2017-01-10T11:00:00+01:00,0.925875,0.92643,0.92188,0.924825
2017-01-10T23:00:00+01:00,0.924825,0.92808,0.92332,0.9275
2017-01-11T11:00:00+01:00,0.9275,0.93134,0.92332,0.929625
2017-01-11T23:00:00+01:00,0.929625,0.9325,0.92792,0.929225
2017-01-12T11:00:00+01:00,0.929225,0.93891,0.92714,0.9333
2017-01-12T23:00:00+01:00,0.9333,0.93719,0.93176,0.936205
2017-01-13T11:00:00+01:00,0.936205,0.93712,0.93032,0.93494
2017-01-15T23:00:00+01:00,0.93494,0.93818,0.93065,0.9322
2017-01-16T11:00:00+01:00,0.9322,0.93684,0.93035,0.935875
2017-01-16T23:00:00+01:00,0.935875,0.93932,0.935,0.93615
2017-01-17T11:00:00+01:00,0.93615,0.94166,0.93552,0.941035
2017-01-17T23:00:00+01:00,0.941035,0.94211,0.9393,0.940865
2017-01-18T11:00:00+01:00,0.940865,0.94936,0.94004,0.94533
2017-01-18T23:00:00+01:00,0.94533,0.95476,0.94403,0.953825
2017-01-19T11:00:00+01:00,0.953825,0.95782,0.95136,0.957525
2017-01-19T23:00:00+01:00,0.957525,0.96032,0.95341,0.953495
2017-01-20T11:00:00+01:00,0.953495,0.95695,0.95294,0.95514
2017-01-22T23:00:00+01:00,0.95514,0.95812,0.95428,0.954315
2017-01-23T11:00:00+01:00,0.954315,0.9613,0.95352,0.95747
2017-01-23T23:00:00+01:00,0.95747,0.96096,0.95569,0.958735
2017-01-24T11:00:00+01:00,0.958735,0.96284,0.95277,0.95365
2017-01-24T23:00:00+01:00,0.95365,0.95494,0.95021,0.95151
2017-01-25T11:00:00+01:00,0.95151,0.95572,0.94704,0.953885
2017-01-25T23:00:00+01:00,0.953885,0.9558,0.95054,0.950865
2017-01-26T11:00:00+01:00,0.950865,0.95173,0.94616,0.94872
2017-01-26T23:00:00+01:00,0.94872,0.95145,0.94746,0.95105
2017-01-27T11:00:00+01:00,0.95105,0.95572,0.94978,0.95539
2017-01-29T23:00:00+01:00,0.95539,0.95584,0.9521,0.953895
2017-01-30T11:00:00+01:00,0.953895,0.95584,0.9522,0.955745
2017-01-30T23:00:00+01:00,0.955745,0.95594,0.95367,0.955165
2017-01-31T11:00:00+01:00,0.955165,0.9571,0.95136,0.95283
2017-01-31T23:00:00+01:00,0.95283,0.95304,0.9496,0.95151
2017-02-01T11:00:00+01:00,0.95151,0.9523,0.94752,0.949965
2017-02-01T23:00:00+01:00,0.949965,0.95112,0.94493,0.9494
2017-02-02T11:00:00+01:00,0.9494,0.95374,0.94888,0.94952
2017-02-02T23:00:00+01:00,0.94952,0.95009,0.94651,0.947505
2017-02-03T11:00:00+01:00,0.947505,0.95315,0.94689,0.95285
2017-02-05T23:00:00+01:00,0.95285,0.9537,0.95132,0.95142
2017-02-06T11:00:00+01:00,0.95142,0.959,0.95067,0.9581
2017-02-06T23:00:00+01:00,0.9581,0.96538,0.95643,0.962565
2017-02-07T11:00:00+01:00,0.962565,0.96474,0.95898,0.9627
2017-02-07T23:00:00+01:00,0.9627,0.96398,0.96044,0.96073
2017-02-08T11:00:00+01:00,0.96073,0.96418,0.95303,0.954705
2017-02-08T23:00:00+01:00,0.954705,0.95539,0.94598,0.947355
2017-02-09T11:00:00+01:00,0.947355,0.94794,0.94196,0.94469
2017-02-09T23:00:00+01:00,0.94469,0.94646,0.94336,0.944295
2017-02-10T11:00:00+01:00,0.944295,0.945,0.93874,0.94202
2017-02-12T23:00:00+01:00,0.94202,0.94486,0.9415,0.94242
2017-02-13T11:00:00+01:00,0.94242,0.94306,0.93658,0.93807
2017-02-13T23:00:00+01:00,0.93807,0.93944,0.93646,0.93734
2017-02-14T11:00:00+01:00,0.93734,0.938,0.93472,0.937025
2017-02-14T23:00:00+01:00,0.937025,0.939725,0.93658,0.93915
2017-02-15T11:00:00+01:00,0.93915,0.9452,0.93673,0.945035
2017-02-15T23:00:00+01:00,0.945035,0.94604,0.94188,0.942535
2017-02-16T11:00:00+01:00,0.942535,0.94576,0.93954,0.943025
2017-02-16T23:00:00+01:00,0.943025,0.94355,0.93948,0.94066
2017-02-17T11:00:00+01:00,0.94066,0.9433,0.9402,0.94037
2017-02-19T23:00:00+01:00,0.94037,0.94298,0.93904,0.940565
2017-02-20T11:00:00+01:00,0.940565,0.94269,0.94047,0.942365
2017-02-20T23:00:00+01:00,0.942365,0.942365,0.93876,0.938885
2017-02-21T11:00:00+01:00,0.938885,0.94298,0.93733,0.941235
2017-02-21T23:00:00+01:00,0.941235,0.9451,0.93953,0.94421
2017-02-22T11:00:00+01:00,0.94421,0.94694,0.942535,0.946535
2017-02-22T23:00:00+01:00,0.946535,0.94824,0.94442,0.94675
2017-02-23T11:00:00+01:00,0.94675,0.94928,0.94608,0.947535
2017-02-23T23:00:00+01:00,0.947535,0.94814,0.94535,0.94654
2017-02-24T11:00:00+01:00,0.94654,0.9468,0.94164,0.9427
2017-02-26T23:00:00+01:00,0.9427,0.9457,0.9422,0.944175
2017-02-27T11:00:00+01:00,0.944175,0.94811,0.94278,0.94776
2017-02-27T23:00:00+01:00,0.94776,0.94842,0.94646,0.94721
2017-02-28T11:00:00+01:00,0.94721,0.96102,0.94713,0.956495
2017-02-28T23:00:00+01:00,0.956495,0.95724,0.9462,0.950445
2017-03-01T11:00:00+01:00,0.950445,0.95661,0.94738,0.952095
2017-03-01T23:00:00+01:00,0.952095,0.954,0.94892,0.949375
2017-03-02T11:00:00+01:00,0.949375,0.95032,0.94447,0.945625
2017-03-02T23:00:00+01:00,0.945625,0.9461,0.9404,0.94242
2017-03-03T11:00:00+01:00,0.94242,0.94391,0.93962,0.942395
2017-03-05T23:00:00+01:00,0.942395,0.942395,0.93866,0.941645
2017-03-06T11:00:00+01:00,0.941645,0.94168,0.9374,0.93802
2017-03-06T23:00:00+01:00,0.93802,0.93932,0.93472,0.93543
2017-03-07T11:00:00+01:00,0.93543,0.93792,0.93263,0.932735
2017-03-07T23:00:00+01:00,0.932735,0.93559,0.93154,0.93335
2017-03-08T11:00:00+01:00,0.93335,0.93367,0.931,0.932775
2017-03-08T23:00:00+01:00,0.932775,0.93314,0.92983,0.932095
2017-03-09T11:00:00+01:00,0.932095,0.9351,0.9313,0.932245
2017-03-09T23:00:00+01:00,0.932245,0.93362,0.93104,0.933125
2017-03-10T11:00:00+01:00,0.933125,0.9342,0.9304,0.932465
2017-03-12T22:00:00+01:00,0.932465,0.93464,0.93098,0.93355
2017-03-13T10:00:00+01:00,0.93355,0.93408,0.93034,0.9309
2017-03-13T22:00:00+01:00,0.9309,0.93138,0.9288,0.93019
2017-03-14T10:00:00+01:00,0.93019,0.93562,0.92912,0.93262
2017-03-14T22:00:00+01:00,0.93262,0.93484,0.93262,0.933805
2017-03-15T10:00:00+01:00,0.933805,0.9381,0.93324,0.93714
2017-03-15T22:00:00+01:00,0.93714,0.93739,0.92988,0.93194
2017-03-16T10:00:00+01:00,0.93194,0.9333,0.92726,0.93051
2017-03-16T22:00:00+01:00,0.93051,0.93259,0.92934,0.93217
2017-03-17T10:00:00+01:00,0.93217,0.93808,0.93209,0.93685
2017-03-19T22:00:00+01:00,0.93685,0.94124,0.93568,0.93894
2017-03-20T10:00:00+01:00,0.93894,0.94225,0.93856,0.941765
2017-03-20T22:00:00+01:00,0.941765,0.94226,0.9387,0.93988
2017-03-21T10:00:00+01:00,0.93988,0.94224,0.93659,0.940175
2017-03-21T22:00:00+01:00,0.940175,0.94215,0.93892,0.94118
2017-03-22T10:00:00+01:00,0.94118,0.94428,0.93786,0.938885
2017-03-22T22:00:00+01:00,0.938885,0.94076,0.93696,0.940225
2017-03-23T10:00:00+01:00,0.940225,0.94046,0.93761,0.938425
2017-03-23T22:00:00+01:00,0.938425,0.93922,0.93514,0.93616
2017-03-24T10:00:00+01:00,0.93616,0.94196,0.9357,0.940295
2017-03-26T23:00:00+02:00,0.940295,0.94104,0.93776,0.940195
2017-03-27T11:00:00+02:00,0.940195,0.94486,0.9395,0.94218
2017-03-27T23:00:00+02:00,0.94218,0.94348,0.93966,0.94097
2017-03-28T11:00:00+02:00,0.94097,0.94186,0.93753,0.938655
2017-03-28T23:00:00+02:00,0.938655,0.93885,0.93639,0.938265
2017-03-29T11:00:00+02:00,0.938265,0.94064,0.93698,0.93717
2017-03-29T23:00:00+02:00,0.93717,0.93882,0.93426,0.93569
2017-03-30T11:00:00+02:00,0.93569,0.93648,0.93121,0.93294
2017-03-30T23:00:00+02:00,0.93294,0.93429,0.93084,0.93269
2017-03-31T11:00:00+02:00,0.93269,0.93404,0.92787,0.93308
2017-04-02T23:00:00+02:00,0.93308,0.9344,0.9311,0.93281
2017-04-03T11:00:00+02:00,0.93281,0.93894,0.93232,0.93861
2017-04-03T23:00:00+02:00,0.93861,0.93972,0.93458,0.938235
2017-04-04T11:00:00+02:00,0.938235,0.93904,0.93441,0.93457
2017-04-04T23:00:00+02:00,0.93457,0.93564,0.9337,0.93413
2017-04-05T11:00:00+02:00,0.93413,0.9366,0.93145,0.935575
2017-04-05T23:00:00+02:00,0.935575,0.93834,0.93544,0.93735
2017-04-06T11:00:00+02:00,0.93735,0.93851,0.93442,0.934795
2017-04-06T23:00:00+02:00,0.934795,0.93609,0.93304,0.933455
2017-04-07T11:00:00+02:00,0.933455,0.93696,0.92826,0.92971
2017-04-09T23:00:00+02:00,0.92971,0.93235,0.92876,0.930685
2017-04-10T11:00:00+02:00,0.930685,0.93076,0.92727,0.9277
2017-04-10T23:00:00+02:00,0.9277,0.92868,0.92474,0.92594
2017-04-11T11:00:00+02:00,0.92594,0.92798,0.92449,0.927285
2017-04-11T23:00:00+02:00,0.927285,0.9277,0.9241,0.92435
2017-04-12T11:00:00+02:00,0.92435,0.92436,0.91721,0.92329
2017-04-12T23:00:00+02:00,0.92329,0.92747,0.9225,0.92684
2017-04-13T11:00:00+02:00,0.92684,0.93336,0.92622,0.932685
2017-04-13T23:00:00+02:00,0.932685,0.93374,0.93046,0.93093
2017-04-14T11:00:00+02:00,0.93093,0.93462,0.93048,0.93299
2017-04-16T23:00:00+02:00,0.93299,0.93549,0.93155,0.93257
2017-04-17T11:00:00+02:00,0.93257,0.93412,0.93184,0.93353
2017-04-17T23:00:00+02:00,0.93353,0.93668,0.93259,0.935215
2017-04-18T11:00:00+02:00,0.935215,0.94302,0.93498,0.942255
2017-04-18T23:00:00+02:00,0.942255,0.94423,0.94107,0.94153
2017-04-19T11:00:00+02:00,0.94153,0.94474,0.94112,0.944455
2017-04-19T23:00:00+02:00,0.944455,0.9499,0.9433,0.94632
2017-04-20T11:00:00+02:00,0.94632,0.94764,0.94422,0.944395
2017-04-20T23:00:00+02:00,0.944395,0.94509,0.94106,0.9439
2017-04-21T11:00:00+02:00,0.9439,0.94974,0.94278,0.94873
2017-04-23T23:00:00+02:00,0.94873,0.94991,0.94493,0.94497
2017-04-24T11:00:00+02:00,0.94497,0.94893,0.94292,0.947225
2017-04-24T23:00:00+02:00,0.947225,0.95072,0.94286,0.94299
2017-04-25T11:00:00+02:00,0.94299,0.94714,0.94176,0.94331
2017-04-25T23:00:00+02:00,0.94331,0.94458,0.93622,0.93757
2017-04-26T11:00:00+02:00,0.93757,0.93884,0.9321,0.93865
2017-04-26T23:00:00+02:00,0.93865,0.94216,0.93528,0.93604
2017-04-27T11:00:00+02:00,0.93604,0.93768,0.93184,0.93732
2017-04-27T23:00:00+02:00,0.93732,0.93948,0.93652,0.93668
2017-04-28T11:00:00+02:00,0.93668,0.9399,0.93542,0.9377
2017-04-30T23:00:00+02:00,0.9377,0.93936,0.93638,0.939085
2017-05-01T11:00:00+02:00,0.939085,0.94628,0.93854,0.945205
2017-05-01T23:00:00+02:00,0.945205,0.94751,0.94421,0.94477
2017-05-02T11:00:00+02:00,0.94477,0.95236,0.94416,0.95075
2017-05-02T23:00:00+02:00,0.95075,0.95525,0.95028,0.95129
2017-05-03T11:00:00+02:00,0.95129,0.9514,0.94218,0.94439
2017-05-03T23:00:00+02:00,0.94439,0.94654,0.9414,0.943045
2017-05-04T11:00:00+02:00,0.943045,0.9457,0.93861,0.944555
2017-05-04T23:00:00+02:00,0.944555,0.94956,0.94423,0.94921
2017-05-05T11:00:00+02:00,0.94921,0.95212,0.94434,0.94478
2017-05-07T23:00:00+02:00,0.94478,0.94829,0.94152,0.94788
2017-05-08T11:00:00+02:00,0.94788,0.94949,0.945355,0.94576
2017-05-08T23:00:00+02:00,0.94576,0.94848,0.94272,0.943125
2017-05-09T11:00:00+02:00,0.943125,0.94836,0.9419,0.946115
2017-05-09T23:00:00+02:00,0.946115,0.94914,0.94479,0.94871
2017-05-10T11:00:00+02:00,0.94871,0.95256,0.94477,0.94819
2017-05-10T23:00:00+02:00,0.94819,0.94837,0.93295,0.939145
2017-05-11T11:00:00+02:00,0.939145,0.94103,0.93613,0.9381
2017-05-11T23:00:00+02:00,0.9381,0.93844,0.93529,0.93792
2017-05-12T11:00:00+02:00,0.93792,0.9413,0.93782,0.94082
2017-05-14T23:00:00+02:00,0.94082,0.94274,0.93836,0.939385
2017-05-15T11:00:00+02:00,0.939385,0.9421,0.93754,0.937975
2017-05-15T23:00:00+02:00,0.937975,0.94078,0.93705,0.93755
2017-05-16T11:00:00+02:00,0.93755,0.93866,0.93458,0.93649
2017-05-16T23:00:00+02:00,0.93649,0.94088,0.93635,0.93754
2017-05-17T11:00:00+02:00,0.93754,0.94588,0.9372,0.94406
2017-05-17T23:00:00+02:00,0.94406,0.94588,0.94192,0.945765
2017-05-18T11:00:00+02:00,0.945765,0.94686,0.93743,0.93847
2017-05-18T23:00:00+02:00,0.93847,0.93894,0.93549,0.935815
2017-05-19T11:00:00+02:00,0.935815,0.939,0.93383,0.936125
2017-05-21T23:00:00+02:00,0.936125,0.94016,0.93498,0.939345
2017-05-22T11:00:00+02:00,0.939345,0.94536,0.93898,0.94461
2017-05-22T23:00:00+02:00,0.94461,0.94926,0.94328,0.948305
2017-05-23T11:00:00+02:00,0.948305,0.94918,0.94509,0.947555
2017-05-23T23:00:00+02:00,0.947555,0.949,0.9461,0.947775
2017-05-24T11:00:00+02:00,0.947775,0.95117,0.94222,0.94522
2017-05-24T23:00:00+02:00,0.94522,0.945405,0.94171,0.943685
2017-05-25T11:00:00+02:00,0.943685,0.94963,0.94285,0.94697
2017-05-25T23:00:00+02:00,0.94697,0.94934,0.94521,0.948785
2017-05-26T11:00:00+02:00,0.948785,0.95266,0.94704,0.95021
2017-05-28T23:00:00+02:00,0.95021,0.95186,0.94712,0.95089
2017-05-29T11:00:00+02:00,0.95089,0.95366,0.94792,0.94938
2017-05-29T23:00:00+02:00,0.94938,0.95162,0.94802,0.95124
2017-05-30T11:00:00+02:00,0.95124,0.9561,0.95079,0.95504
2017-05-30T23:00:00+02:00,0.95504,0.95764,0.952795,0.954615
2017-05-31T11:00:00+02:00,0.954615,0.96017,0.95458,0.95641
2017-05-31T23:00:00+02:00,0.95641,0.9565,0.95322,0.953535
2017-06-01T11:00:00+02:00,0.953535,0.95556,0.95186,0.954095
2017-06-01T23:00:00+02:00,0.954095,0.95902,0.954095,0.95891
2017-06-02T11:00:00+02:00,0.95891,0.96615,0.95771,0.96317
2017-06-04T23:00:00+02:00,0.96317,0.96438,0.95888,0.960465
2017-06-05T11:00:00+02:00,0.960465,0.96413,0.96031,0.961745
2017-06-05T23:00:00+02:00,0.961745,0.96556,0.96046,0.96472
2017-06-06T11:00:00+02:00,0.96472,0.97038,0.96436,0.966455
2017-06-06T23:00:00+02:00,0.966455,0.96792,0.96447,0.96787
2017-06-07T11:00:00+02:00,0.96787,0.97358,0.96612,0.971825
2017-06-07T23:00:00+02:00,0.971825,0.97462,0.97112,0.97328
2017-06-08T11:00:00+02:00,0.97328,0.97524,0.97196,0.97437
2017-06-08T23:00:00+02:00,0.97437,0.97583,0.97236,0.97339
2017-06-09T11:00:00+02:00,0.97339,0.97408,0.96622,0.971385
2017-06-11T23:00:00+02:00,0.971385,0.971385,0.96508,0.966695
2017-06-12T11:00:00+02:00,0.966695,0.97002,0.95893,0.959145
2017-06-12T23:00:00+02:00,0.959145,0.96062,0.95694,0.95706
2017-06-13T11:00:00+02:00,0.95706,0.95956,0.95409,0.95611
2017-06-13T23:00:00+02:00,0.95611,0.95794,0.95302,0.957455
2017-06-14T11:00:00+02:00,0.957455,0.96789,0.95598,0.963115
2017-06-14T23:00:00+02:00,0.963115,0.963115,0.95484,0.95823
2017-06-15T11:00:00+02:00,0.95823,0.95926,0.95326,0.95633
2017-06-15T23:00:00+02:00,0.95633,0.95912,0.95452,0.958135
2017-06-16T11:00:00+02:00,0.958135,0.96222,0.95622,0.95811
2017-06-18T23:00:00+02:00,0.95811,0.96498,0.958,0.961815
2017-06-19T11:00:00+02:00,0.961815,0.96302,0.955,0.955815
2017-06-19T23:00:00+02:00,0.955815,0.96072,0.95464,0.958805
2017-06-20T11:00:00+02:00,0.958805,0.96245,0.958805,0.960675
2017-06-20T23:00:00+02:00,0.960675,0.9624,0.958,0.962325
2017-06-21T11:00:00+02:00,0.962325,0.96426,0.9595,0.96269
2017-06-21T23:00:00+02:00,0.96269,0.97019,0.95991,0.96734
2017-06-22T11:00:00+02:00,0.96734,0.96762,0.95984,0.96134
2017-06-22T23:00:00+02:00,0.96134,0.96414,0.95906,0.963035
2017-06-23T11:00:00+02:00,0.963035,0.96906,0.9624,0.96628
2017-06-25T23:00:00+02:00,0.96628,0.96666,0.96245,0.9631
2017-06-26T11:00:00+02:00,0.9631,0.96778,0.962,0.965375
2017-06-26T23:00:00+02:00,0.965375,0.9718,0.9642,0.968945
2017-06-27T11:00:00+02:00,0.968945,0.96922,0.95718,0.95953
2017-06-27T23:00:00+02:00,0.95953,0.95953,0.9549,0.956475
2017-06-28T11:00:00+02:00,0.956475,0.95653,0.95033,0.95243
2017-06-28T23:00:00+02:00,0.95243,0.95487,0.95028,0.951665
2017-06-29T11:00:00+02:00,0.951665,0.9526,0.94681,0.949105
2017-06-29T23:00:00+02:00,0.949105,0.95263,0.94794,0.95159
2017-06-30T11:00:00+02:00,0.95159,0.95253,0.94905,0.950865
2017-07-02T23:00:00+02:00,0.950865,0.95293,0.9473,0.947415
2017-07-03T11:00:00+02:00,0.947415,0.94986,0.94444,0.948955
2017-07-03T23:00:00+02:00,0.948955,0.94933,0.94388,0.94563
2017-07-04T11:00:00+02:00,0.94563,0.94648,0.94196,0.942755
2017-07-04T23:00:00+02:00,0.942755,0.943625,0.94056,0.94243
2017-07-05T11:00:00+02:00,0.94243,0.9458,0.94012,0.944465
2017-07-05T23:00:00+02:00,0.944465,0.94499,0.94246,0.94275
2017-07-06T11:00:00+02:00,0.94275,0.94423,0.93711,0.94417
2017-07-06T23:00:00+02:00,0.94417,0.94702,0.9439,0.945325
2017-07-07T11:00:00+02:00,0.945325,0.94572,0.93497,0.93748
2017-07-09T23:00:00+02:00,0.93748,0.93932,0.9355,0.938795
2017-07-10T11:00:00+02:00,0.938795,0.94069,0.9353,0.937825
2017-07-10T23:00:00+02:00,0.937825,0.93818,0.9308,0.933645
2017-07-11T11:00:00+02:00,0.933645,0.93533,0.93052,0.9331
2017-07-11T23:00:00+02:00,0.9331,0.935,0.93173,0.934385
2017-07-12T11:00:00+02:00,0.934385,0.94008,0.92103,0.92567
2017-07-12T23:00:00+02:00,0.92567,0.93256,0.92418,0.930645
2017-07-13T11:00:00+02:00,0.930645,0.93975,0.92987,0.93133
2017-07-13T23:00:00+02:00,0.93133,0.93354,0.93097,0.931765
2017-07-14T11:00:00+02:00,0.931765,0.93699,0.9263,0.929075
2017-07-16T23:00:00+02:00,0.929075,0.93074,0.9264,0.927545
2017-07-17T11:00:00+02:00,0.927545,0.92954,0.9262,0.929205
2017-07-17T23:00:00+02:00,0.929205,0.93112,0.92187,0.92828
2017-07-18T11:00:00+02:00,0.92828,0.93344,0.92524,0.928115
2017-07-18T23:00:00+02:00,0.928115,0.93304,0.92721,0.929975
2017-07-19T11:00:00+02:00,0.929975,0.93162,0.9253,0.92721
2017-07-19T23:00:00+02:00,0.92721,0.92834,0.9256,0.927085
2017-07-20T11:00:00+02:00,0.927085,0.93311,0.92506,0.931595
2017-07-20T23:00:00+02:00,0.931595,0.93602,0.93072,0.935315
2017-07-21T11:00:00+02:00,0.935315,0.93764,0.93129,0.934895
2017-07-23T23:00:00+02:00,0.934895,0.935,0.93062,0.93262
2017-07-24T11:00:00+02:00,0.93262,0.93378,0.92884,0.93047
2017-07-24T23:00:00+02:00,0.93047,0.93093,0.92618,0.929455
2017-07-25T11:00:00+02:00,0.929455,0.93105,0.92652,0.927745
2017-07-25T23:00:00+02:00,0.927745,0.9304,0.92726,0.92877
2017-07-26T11:00:00+02:00,0.92877,0.93704,0.92824,0.9357
2017-07-26T23:00:00+02:00,0.9357,0.93892,0.93532,0.937055
2017-07-27T11:00:00+02:00,0.937055,0.94176,0.93566,0.940035
2017-07-27T23:00:00+02:00,0.940035,0.94132,0.93736,0.937645
2017-07-28T11:00:00+02:00,0.937645,0.93812,0.93083,0.9345
2017-07-30T23:00:00+02:00,0.9345,0.93845,0.93303,0.934495
2017-07-31T11:00:00+02:00,0.934495,0.9385,0.93232,0.937765
2017-07-31T23:00:00+02:00,0.937765,0.94031,0.93404,0.934225
2017-08-01T11:00:00+02:00,0.934225,0.93774,0.93134,0.936335
2017-08-01T23:00:00+02:00,0.936335,0.93734,0.93114,0.932695
2017-08-02T11:00:00+02:00,0.932695,0.93617,0.9311,0.933925
2017-08-02T23:00:00+02:00,0.933925,0.93405,0.93036,0.933
2017-08-03T11:00:00+02:00,0.933,0.9371,0.93284,0.93567
2017-08-03T23:00:00+02:00,0.93567,0.93656,0.93357,0.93609
2017-08-04T11:00:00+02:00,0.93609,0.93885,0.93372,0.93796
2017-08-06T23:00:00+02:00,0.93796,0.93796,0.93282,0.933725
2017-08-07T11:00:00+02:00,0.933725,0.93494,0.93202,0.933495
2017-08-07T23:00:00+02:00,0.933495,0.93368,0.93091,0.93206
2017-08-08T11:00:00+02:00,0.93206,0.93486,0.92732,0.928375
2017-08-08T23:00:00+02:00,0.928375,0.92968,0.9276,0.928495
2017-08-09T11:00:00+02:00,0.928495,0.93254,0.927835,0.93185
2017-08-09T23:00:00+02:00,0.93185,0.93633,0.92292,0.92492
2017-08-10T11:00:00+02:00,0.92492,0.92778,0.92239,0.926925
2017-08-10T23:00:00+02:00,0.926925,0.92844,0.92454,0.927
2017-08-11T11:00:00+02:00,0.927,0.92894,0.92444,0.928155
2017-08-13T23:00:00+02:00,0.928155,0.92948,0.92614,0.927105
2017-08-14T11:00:00+02:00,0.927105,0.92806,0.925,0.92702
2017-08-14T23:00:00+02:00,0.92702,0.93046,0.92673,0.928175
2017-08-15T11:00:00+02:00,0.928175,0.92827,0.9222,0.92305
2017-08-15T23:00:00+02:00,0.92305,0.92362,0.92179,0.92314
2017-08-16T11:00:00+02:00,0.92314,0.92602,0.92129,0.92254
2017-08-16T23:00:00+02:00,0.92254,0.92448,0.9212,0.923385
2017-08-17T11:00:00+02:00,0.923385,0.92548,0.92058,0.9235
2017-08-17T23:00:00+02:00,0.9235,0.92692,0.9226,0.92628
2017-08-18T11:00:00+02:00,0.92628,0.92753,0.9193,0.92022
2017-08-20T23:00:00+02:00,0.92022,0.9219,0.91881,0.92098
2017-08-21T11:00:00+02:00,0.92098,0.92351,0.9197,0.91997
2017-08-21T23:00:00+02:00,0.91997,0.9209,0.91703,0.91728
2017-08-22T11:00:00+02:00,0.91728,0.91756,0.9121,0.91442
2017-08-22T23:00:00+02:00,0.91442,0.91532,0.90636,0.90696
2017-08-23T11:00:00+02:00,0.90696,0.90998,0.90454,0.90669
2017-08-23T23:00:00+02:00,0.90669,0.90784,0.90237,0.90382
2017-08-24T11:00:00+02:00,0.90382,0.90524,0.90154,0.90229
2017-08-24T23:00:00+02:00,0.90229,0.90424,0.90066,0.904025
2017-08-25T11:00:00+02:00,0.904025,0.90702,0.90203,0.90372
2017-08-27T23:00:00+02:00,0.90372,0.90502,0.90226,0.90277
2017-08-28T11:00:00+02:00,0.90277,0.90772,0.9011,0.90744
2017-08-28T23:00:00+02:00,0.90744,0.90796,0.90225,0.905935
2017-08-29T11:00:00+02:00,0.905935,0.91134,0.90528,0.90725
2017-08-29T23:00:00+02:00,0.90725,0.90998,0.90573,0.908665
2017-08-30T11:00:00+02:00,0.908665,0.90992,0.90701,0.90886
2017-08-30T23:00:00+02:00,0.90886,0.91006,0.90376,0.90388
2017-08-31T11:00:00+02:00,0.90388,0.90486,0.89566,0.895775
2017-08-31T23:00:00+02:00,0.895775,0.89666,0.8915,0.8935
2017-09-01T11:00:00+02:00,0.8935,0.89406,0.88614,0.88733
2017-09-03T23:00:00+02:00,0.88733,0.89112,0.88645,0.890605
2017-09-04T11:00:00+02:00,0.890605,0.89156,0.88864,0.88907
2017-09-04T23:00:00+02:00,0.88907,0.89151,0.88834,0.89125
2017-09-05T11:00:00+02:00,0.89125,0.89774,0.88994,0.8952
2017-09-05T23:00:00+02:00,0.8952,0.89814,0.89495,0.895185
2017-09-06T11:00:00+02:00,0.895185,0.8953,0.87614,0.88016
2017-09-06T23:00:00+02:00,0.88016,0.8829,0.87599,0.87831
2017-09-07T11:00:00+02:00,0.87831,0.87922,0.8756,0.876445
2017-09-07T23:00:00+02:00,0.876445,0.8854,0.87584,0.8842
2017-09-08T11:00:00+02:00,0.8842,0.8854,0.881195,0.882865
2017-09-10T23:00:00+02:00,0.882865,0.88308,0.87844,0.882785
2017-09-11T11:00:00+02:00,0.882785,0.88424,0.87726,0.878435
2017-09-11T23:00:00+02:00,0.878435,0.88626,0.87414,0.8857
2017-09-12T11:00:00+02:00,0.8857,0.88842,0.88422,0.888055
2017-09-12T23:00:00+02:00,0.888055,0.88816,0.88415,0.885095
2017-09-13T11:00:00+02:00,0.885095,0.88598,0.88137,0.881435
2017-09-13T23:00:00+02:00,0.881435,0.8837,0.87885,0.88092
2017-09-14T11:00:00+02:00,0.88092,0.88166,0.8777,0.878555
2017-09-14T23:00:00+02:00,0.878555,0.88326,0.87778,0.882895
2017-09-15T11:00:00+02:00,0.882895,0.89214,0.88167,0.8896
2017-09-17T23:00:00+02:00,0.8896,0.894,0.88724,0.891715
2017-09-18T11:00:00+02:00,0.891715,0.89438,0.887,0.89307
2017-09-18T23:00:00+02:00,0.89307,0.8971,0.89128,0.894895
2017-09-19T11:00:00+02:00,0.894895,0.90022,0.89421,0.899455
2017-09-19T23:00:00+02:00,0.899455,0.905,0.89701,0.90209
2017-09-20T11:00:00+02:00,0.90209,0.90848,0.90102,0.906615
2017-09-20T23:00:00+02:00,0.906615,0.90758,0.90152,0.903715
2017-09-21T11:00:00+02:00,0.903715,0.90502,0.90048,0.900635
2017-09-21T23:00:00+02:00,0.900635,0.90124,0.89639,0.898565
2017-09-22T11:00:00+02:00,0.898565,0.90629,0.8976,0.90558
2017-09-24T23:00:00+02:00,0.90558,0.90558,0.89444,0.899045
2017-09-25T11:00:00+02:00,0.899045,0.89934,0.89511,0.89869
2017-09-25T23:00:00+02:00,0.89869,0.90022,0.8935,0.89353
2017-09-26T11:00:00+02:00,0.89353,0.89464,0.88848,0.88953
2017-09-26T23:00:00+02:00,0.88953,0.89242,0.88801,0.892165
2017-09-27T11:00:00+02:00,0.892165,0.90128,0.88988,0.89842
2017-09-27T23:00:00+02:00,0.89842,0.90232,0.89659,0.8977
2017-09-28T11:00:00+02:00,0.8977,0.90022,0.89622,0.89925
2017-09-28T23:00:00+02:00,0.89925,0.89956,0.8962,0.89642
2017-09-29T11:00:00+02:00,0.89642,0.90509,0.8961,0.899255
2017-10-01T23:00:00+02:00,0.899255,0.90163,0.89726,0.89851
2017-10-02T11:00:00+02:00,0.89851,0.90191,0.89826,0.90017
2017-10-02T23:00:00+02:00,0.90017,0.90082,0.89615,0.89748
2017-10-03T11:00:00+02:00,0.89748,0.89818,0.89328,0.894005
2017-10-03T23:00:00+02:00,0.894005,0.89778,0.89276,0.893825
2017-10-04T11:00:00+02:00,0.893825,0.89566,0.89318,0.894275
2017-10-04T23:00:00+02:00,0.894275,0.89429,0.8924,0.89279
2017-10-05T11:00:00+02:00,0.89279,0.89614,0.89167,0.89426
2017-10-05T23:00:00+02:00,0.89426,0.89512,0.89254,0.89306
2017-10-06T11:00:00+02:00,0.89306,0.89326,0.88714,0.888395
2017-10-08T23:00:00+02:00,0.888395,0.888395,0.88446,0.88734
2017-10-09T11:00:00+02:00,0.88734,0.88866,0.88611,0.88669
2017-10-09T23:00:00+02:00,0.88669,0.88762,0.88422,0.884885
2017-10-10T11:00:00+02:00,0.884885,0.8856,0.88171,0.884805
2017-10-10T23:00:00+02:00,0.884805,0.88722,0.88391,0.884695
2017-10-11T11:00:00+02:00,0.884695,0.88606,0.8826,0.882625
2017-10-11T23:00:00+02:00,0.882625,0.88702,0.88224,0.886965
2017-10-12T11:00:00+02:00,0.886965,0.89108,0.88602,0.88946
2017-10-12T23:00:00+02:00,0.88946,0.89148,0.88798,0.891065
2017-10-13T11:00:00+02:00,0.891065,0.90084,0.89049,0.89522
2017-10-15T23:00:00+02:00,0.89522,0.89743,0.89446,0.8973
2017-10-16T11:00:00+02:00,0.8973,0.90216,0.89708,0.897765
2017-10-16T23:00:00+02:00,0.897765,0.9023,0.89751,0.89976
2017-10-17T11:00:00+02:00,0.89976,0.90122,0.89754,0.898015
2017-10-17T23:00:00+02:00,0.898015,0.89845,0.89196,0.892505
2017-10-18T11:00:00+02:00,0.892505,0.89357,0.89008,0.891685
2017-10-18T23:00:00+02:00,0.891685,0.89311,0.87602,0.87627
2017-10-19T11:00:00+02:00,0.87627,0.87782,0.87404,0.87766
2017-10-19T23:00:00+02:00,0.87766,0.87862,0.8723,0.873775
2017-10-20T11:00:00+02:00,0.873775,0.8797,0.8713,0.87897
2017-10-22T23:00:00+02:00,0.87897,0.88229,0.87602,0.87977
2017-10-23T11:00:00+02:00,0.87977,0.88239,0.87868,0.88088
2017-10-23T23:00:00+02:00,0.88088,0.88431,0.8748,0.87818
2017-10-24T11:00:00+02:00,0.87818,0.87876,0.8727,0.87504
2017-10-24T23:00:00+02:00,0.87504,0.87587,0.8729,0.87313
2017-10-25T11:00:00+02:00,0.87313,0.88184,0.86942,0.88139
2017-10-25T23:00:00+02:00,0.88139,0.88254,0.87927,0.880035
2017-10-26T11:00:00+02:00,0.880035,0.88082,0.87704,0.87906
2017-10-26T23:00:00+02:00,0.87906,0.88212,0.87763,0.88097
2017-10-27T11:00:00+02:00,0.88097,0.88582,0.88021,0.880755
2017-10-29T22:00:00+01:00,0.880755,0.88316,0.8767,0.879025
2017-10-30T10:00:00+01:00,0.879025,0.88298,0.8785,0.882545
2017-10-30T22:00:00+01:00,0.882545,0.88266,0.87806,0.878975
2017-10-31T10:00:00+01:00,0.878975,0.88363,0.87801,0.88254
2017-10-31T22:00:00+01:00,0.88254,0.89296,0.8812,0.891595
2017-11-01T10:00:00+01:00,0.891595,0.89181,0.8851,0.885845
2017-11-01T22:00:00+01:00,0.885845,0.89096,0.88584,0.88762
2017-11-02T10:00:00+01:00,0.88762,0.88903,0.885,0.88544
2017-11-02T22:00:00+01:00,0.88544,0.89006,0.88485,0.88788
2017-11-03T10:00:00+01:00,0.88788,0.88969,0.88088,0.88156
2017-11-05T23:00:00+01:00,0.88156,0.88263,0.87788,0.878875
2017-11-06T11:00:00+01:00,0.878875,0.88429,0.87854,0.88234
2017-11-06T23:00:00+01:00,0.88234,0.88414,0.88053,0.88305
2017-11-07T11:00:00+01:00,0.88305,0.884,0.88103,0.882015
2017-11-07T23:00:00+01:00,0.882015,0.88316,0.88067,0.881215
2017-11-08T11:00:00+01:00,0.881215,0.88735,0.87975,0.88651
2017-11-08T23:00:00+01:00,0.88651,0.8872,0.88452,0.88526
2017-11-09T11:00:00+01:00,0.88526,0.88606,0.8795,0.881035
2017-11-09T23:00:00+01:00,0.881035,0.88166,0.87756,0.880445
2017-11-10T11:00:00+01:00,0.880445,0.882025,0.8776,0.87938
2017-11-12T23:00:00+01:00,0.87938,0.87972,0.87757,0.87782
2017-11-13T11:00:00+01:00,0.87782,0.87922,0.87687,0.87888
2017-11-13T23:00:00+01:00,0.87888,0.87904,0.87259,0.87441
2017-11-14T11:00:00+01:00,0.87441,0.87866,0.8732,0.875405
2017-11-14T23:00:00+01:00,0.875405,0.87754,0.87418,0.87699
2017-11-15T11:00:00+01:00,0.87699,0.88212,0.87668,0.877815
2017-11-15T23:00:00+01:00,0.877815,0.87847,0.87388,0.87418
2017-11-16T11:00:00+01:00,0.87418,0.8753,0.8724,0.873815
2017-11-16T23:00:00+01:00,0.873815,0.87583,0.86584,0.866675
2017-11-17T11:00:00+01:00,0.866675,0.8718,0.86418,0.870165
2017-11-19T23:00:00+01:00,0.870165,0.87424,0.86874,0.87214
2017-11-20T11:00:00+01:00,0.87214,0.87398,0.870675,0.87283
2017-11-20T23:00:00+01:00,0.87283,0.87387,0.87026,0.872755
2017-11-21T11:00:00+01:00,0.872755,0.87456,0.87138,0.8727
2017-11-21T23:00:00+01:00,0.8727,0.87508,0.87152,0.87239
2017-11-22T11:00:00+01:00,0.87239,0.87522,0.8702,0.873975
2017-11-22T23:00:00+01:00,0.873975,0.875,0.87252,0.874875
2017-11-23T11:00:00+01:00,0.874875,0.87726,0.87329,0.87622
2017-11-23T23:00:00+01:00,0.87622,0.8768,0.87434,0.875495
2017-11-24T11:00:00+01:00,0.875495,0.87608,0.87266,0.874385
2017-11-26T23:00:00+01:00,0.874385,0.87507,0.87178,0.87458
2017-11-27T11:00:00+01:00,0.87458,0.88262,0.8745,0.88255
2017-11-27T23:00:00+01:00,0.88255,0.88622,0.88208,0.8858
2017-11-28T11:00:00+01:00,0.8858,0.8886,0.88388,0.884085
2017-11-28T23:00:00+01:00,0.884085,0.88866,0.88264,0.887705
2017-11-29T11:00:00+01:00,0.887705,0.88888,0.88418,0.885165
2017-11-29T23:00:00+01:00,0.885165,0.88608,0.8793,0.880945
2017-11-30T11:00:00+01:00,0.880945,0.8844,0.88084,0.88107
2017-11-30T23:00:00+01:00,0.88107,0.88228,0.87827,0.881
2017-12-01T11:00:00+01:00,0.881,0.88339,0.87276,0.873765
2017-12-03T23:00:00+01:00,0.873765,0.873765,0.86998,0.87069
2017-12-04T11:00:00+01:00,0.87069,0.87144,0.86826,0.869085
2017-12-04T23:00:00+01:00,0.869085,0.87488,0.86859,0.872575
2017-12-05T11:00:00+01:00,0.872575,0.87402,0.86977,0.872265
2017-12-05T23:00:00+01:00,0.872265,0.87774,0.87218,0.87451
2017-12-06T11:00:00+01:00,0.87451,0.88057,0.87124,0.880095
2017-12-06T23:00:00+01:00,0.880095,0.88123,0.87606,0.87719
2017-12-07T11:00:00+01:00,0.87719,0.88053,0.875775,0.878235
2017-12-07T23:00:00+01:00,0.878235,0.8805,0.87726,0.87977
2017-12-08T11:00:00+01:00,0.87977,0.88232,0.87811,0.87864
2017-12-10T23:00:00+01:00,0.87864,0.89002,0.87864,0.889895
2017-12-11T11:00:00+01:00,0.889895,0.89015,0.88795,0.888465
2017-12-11T23:00:00+01:00,0.888465,0.89234,0.88753,0.89179
2017-12-12T11:00:00+01:00,0.89179,0.8938,0.8897,0.892305
2017-12-12T23:00:00+01:00,0.892305,0.89458,0.89204,0.89295
2017-12-13T11:00:00+01:00,0.89295,0.90126,0.89244,0.900255
2017-12-13T23:00:00+01:00,0.900255,0.90056,0.89648,0.897895
2017-12-14T11:00:00+01:00,0.897895,0.89879,0.89042,0.893525
2017-12-14T23:00:00+01:00,0.893525,0.8978,0.89276,0.8949
2017-12-15T11:00:00+01:00,0.8949,0.90162,0.8945,0.89947
2017-12-17T23:00:00+01:00,0.89947,0.90363,0.89947,0.902515
2017-12-18T11:00:00+01:00,0.902515,0.90304,0.89956,0.899735
2017-12-18T23:00:00+01:00,0.899735,0.9024,0.89874,0.90146
2017-12-19T11:00:00+01:00,0.90146,0.90254,0.8971,0.89797
2017-12-19T23:00:00+01:00,0.89797,0.8993,0.89516,0.89706
2017-12-20T11:00:00+01:00,0.89706,0.90024,0.89438,0.90007
2017-12-20T23:00:00+01:00,0.90007,0.90034,0.89672,0.8985
2017-12-21T11:00:00+01:00,0.8985,0.8986,0.89085,0.893945
2017-12-21T23:00:00+01:00,0.893945,0.8952,0.89176,0.892215
2017-12-22T11:00:00+01:00,0.892215,0.89656,0.89018,0.89328
2017-12-25T23:00:00+01:00,0.89328,0.895165,0.89313,0.89369
2017-12-26T11:00:00+01:00,0.89369,0.89388,0.89108,0.893035
2017-12-26T23:00:00+01:00,0.893035,0.89494,0.89172,0.89425
2017-12-27T11:00:00+01:00,0.89425,0.89512,0.89215,0.893095
2017-12-27T23:00:00+01:00,0.893095,0.89478,0.89232,0.8936
2017-12-28T11:00:00+01:00,0.8936,0.89407,0.89013,0.890565
2017-12-28T23:00:00+01:00,0.890565,0.89274,0.89009,0.892505
2017-12-29T11:00:00+01:00,0.892505,0.89424,0.88834,0.89253
2018-01-01T23:00:00+01:00,0.89253,0.89308,0.88915,0.89193
2018-01-02T11:00:00+01:00,0.89193,0.89314,0.8882,0.88865
2018-01-02T23:00:00+01:00,0.88865,0.8898,0.88616,0.889415
2018-01-03T11:00:00+01:00,0.889415,0.89112,0.8877,0.888795
2018-01-03T23:00:00+01:00,0.888795,0.89228,0.888,0.891885
2018-01-04T11:00:00+01:00,0.891885,0.89596,0.89126,0.8934
2018-01-04T23:00:00+01:00,0.8934,0.89488,0.8929,0.89462
2018-01-05T11:00:00+01:00,0.89462,0.89588,0.88596,0.88972
2018-01-07T23:00:00+01:00,0.88972,0.89022,0.88792,0.889645
2018-01-08T11:00:00+01:00,0.889645,0.89298,0.8894,0.89115
2018-01-08T23:00:00+01:00,0.89115,0.89304,0.88966,0.891505
2018-01-09T11:00:00+01:00,0.891505,0.89506,0.89142,0.892625
2018-01-09T23:00:00+01:00,0.892625,0.89714,0.89058,0.895445
2018-01-10T11:00:00+01:00,0.895445,0.90495,0.8948,0.903145
2018-01-10T23:00:00+01:00,0.903145,0.90659,0.90158,0.905475
2018-01-11T11:00:00+01:00,0.905475,0.91152,0.90484,0.909045
2018-01-11T23:00:00+01:00,0.909045,0.91055,0.90798,0.908305
2018-01-12T11:00:00+01:00,0.908305,0.90937,0.90341,0.90371
2018-01-14T23:00:00+01:00,0.90371,0.90654,0.90108,0.90563
2018-01-15T11:00:00+01:00,0.90563,0.90822,0.90516,0.90734
2018-01-15T23:00:00+01:00,0.90734,0.90812,0.90258,0.90372
2018-01-16T11:00:00+01:00,0.90372,0.90574,0.90126,0.90377
2018-01-16T23:00:00+01:00,0.90377,0.90522,0.9007,0.90506
2018-01-17T11:00:00+01:00,0.90506,0.91208,0.90038,0.904535
2018-01-17T23:00:00+01:00,0.904535,0.90855,0.90252,0.9064
2018-01-18T11:00:00+01:00,0.9064,0.91234,0.90514,0.90654
2018-01-18T23:00:00+01:00,0.90654,0.90842,0.90506,0.906545
2018-01-19T11:00:00+01:00,0.906545,0.91082,0.905,0.90912
2018-01-21T23:00:00+01:00,0.90912,0.91146,0.90776,0.91115
2018-01-22T11:00:00+01:00,0.91115,0.91232,0.91025,0.911935
2018-01-22T23:00:00+01:00,0.911935,0.91485,0.91106,0.914055
2018-01-23T11:00:00+01:00,0.914055,0.91744,0.91203,0.913335
2018-01-23T23:00:00+01:00,0.913335,0.91508,0.91291,0.913335
2018-01-24T11:00:00+01:00,0.913335,0.9172,0.9054,0.90589
2018-01-24T23:00:00+01:00,0.90589,0.90985,0.90467,0.906985
2018-01-25T11:00:00+01:00,0.906985,0.9097,0.90463,0.906485
2018-01-25T23:00:00+01:00,0.906485,0.90825,0.90318,0.907815
2018-01-26T11:00:00+01:00,0.907815,0.90786,0.90328,0.906435
2018-01-28T23:00:00+01:00,0.906435,0.90694,0.90366,0.904775
2018-01-29T11:00:00+01:00,0.904775,0.90596,0.90072,0.90355
2018-01-29T23:00:00+01:00,0.90355,0.90578,0.90096,0.90285
2018-01-30T11:00:00+01:00,0.90285,0.90594,0.90274,0.904355
2018-01-30T23:00:00+01:00,0.904355,0.90975,0.90376,0.908815
2018-01-31T11:00:00+01:00,0.908815,0.911,0.90452,0.906985
2018-01-31T23:00:00+01:00,0.906985,0.90776,0.90444,0.90444
2018-02-01T11:00:00+01:00,0.90444,0.90922,0.90386,0.90731
2018-02-01T23:00:00+01:00,0.90731,0.90809,0.904,0.9048
2018-02-02T11:00:00+01:00,0.9048,0.9079,0.90342,0.907255
2018-02-04T23:00:00+01:00,0.907255,0.90908,0.9045,0.908995
2018-02-05T11:00:00+01:00,0.908995,0.91258,0.90684,0.911045
2018-02-05T23:00:00+01:00,0.911045,0.91603,0.91016,0.915625
2018-02-06T11:00:00+01:00,0.915625,0.91904,0.91199,0.917425
2018-02-06T23:00:00+01:00,0.917425,0.9182,0.91398,0.914815
2018-02-07T11:00:00+01:00,0.914815,0.91625,0.9062,0.90946
2018-02-07T23:00:00+01:00,0.90946,0.90959,0.90192,0.906875
2018-02-08T11:00:00+01:00,0.906875,0.9123,0.90613,0.909745
2018-02-08T23:00:00+01:00,0.909745,0.91044,0.90762,0.909895
2018-02-09T11:00:00+01:00,0.909895,0.91766,0.90958,0.912715
2018-02-11T23:00:00+01:00,0.912715,0.91383,0.9101,0.910565
2018-02-12T11:00:00+01:00,0.910565,0.91436,0.9098,0.913625
2018-02-12T23:00:00+01:00,0.913625,0.91976,0.91254,0.91735
2018-02-13T11:00:00+01:00,0.91735,0.91924,0.91574,0.91599
2018-02-13T23:00:00+01:00,0.91599,0.9216,0.91531,0.92002
2018-02-14T11:00:00+01:00,0.92002,0.92344,0.91503,0.920145
2018-02-14T23:00:00+01:00,0.920145,0.92412,0.92006,0.923385
2018-02-15T11:00:00+01:00,0.923385,0.92538,0.92136,0.924395
2018-02-15T23:00:00+01:00,0.924395,0.92618,0.92267,0.92547
2018-02-16T11:00:00+01:00,0.92547,0.92873,0.92392,0.9279
2018-02-18T23:00:00+01:00,0.9279,0.92841,0.92591,0.92658
2018-02-19T11:00:00+01:00,0.92658,0.92786,0.92531,0.92597
2018-02-19T23:00:00+01:00,0.92597,0.92686,0.92457,0.926315
2018-02-20T11:00:00+01:00,0.926315,0.92932,0.92596,0.92916
2018-02-20T23:00:00+01:00,0.92916,0.93041,0.92785,0.930155
2018-02-21T11:00:00+01:00,0.930155,0.9325,0.92868,0.92962
2018-02-21T23:00:00+01:00,0.92962,0.93005,0.92774,0.92983
2018-02-22T11:00:00+01:00,0.92983,0.93488,0.9292,0.9326
2018-02-22T23:00:00+01:00,0.9326,0.93363,0.92724,0.92855
2018-02-23T11:00:00+01:00,0.92855,0.92855,0.91996,0.92154
2018-02-25T23:00:00+01:00,0.92154,0.92731,0.9206,0.9266
2018-02-26T11:00:00+01:00,0.9266,0.92905,0.92588,0.926445
2018-02-26T23:00:00+01:00,0.926445,0.926445,0.92282,0.92399
2018-02-27T11:00:00+01:00,0.92399,0.9261,0.92238,0.924305
2018-02-27T23:00:00+01:00,0.924305,0.925,0.92113,0.921995
2018-02-28T11:00:00+01:00,0.921995,0.92607,0.92038,0.925155
2018-02-28T23:00:00+01:00,0.925155,0.92705,0.92314,0.92576
2018-03-01T11:00:00+01:00,0.92576,0.9323,0.92568,0.93044
2018-03-01T23:00:00+01:00,0.93044,0.93457,0.93016,0.932655
2018-03-02T11:00:00+01:00,0.932655,0.93376,0.92975,0.93315
2018-03-04T23:00:00+01:00,0.93315,0.9337,0.92954,0.930815
2018-03-05T11:00:00+01:00,0.930815,0.93954,0.93067,0.936725
2018-03-05T23:00:00+01:00,0.936725,0.94142,0.93669,0.940665
2018-03-06T11:00:00+01:00,0.940665,0.94314,0.93869,0.93869
2018-03-06T23:00:00+01:00,0.93869,0.9439,0.93869,0.94152
2018-03-07T11:00:00+01:00,0.94152,0.94464,0.93954,0.94082
2018-03-07T23:00:00+01:00,0.94082,0.94104,0.9379,0.938195
2018-03-08T11:00:00+01:00,0.938195,0.9406,0.93582,0.936555
2018-03-08T23:00:00+01:00,0.936555,0.93875,0.93555,0.936465
2018-03-09T11:00:00+01:00,0.936465,0.93758,0.9328,0.93358
2018-03-11T22:00:00+01:00,0.93358,0.93808,0.93352,0.93702
2018-03-12T10:00:00+01:00,0.93702,0.93782,0.93515,0.937135
2018-03-12T22:00:00+01:00,0.937135,0.94285,0.93609,0.942795
2018-03-13T10:00:00+01:00,0.942795,0.95042,0.94132,0.949765
2018-03-13T22:00:00+01:00,0.949765,0.95161,0.94797,0.94811
2018-03-14T10:00:00+01:00,0.94811,0.9509,0.9474,0.949805
2018-03-14T22:00:00+01:00,0.949805,0.94994,0.94624,0.948145
2018-03-15T10:00:00+01:00,0.948145,0.95181,0.9454,0.949925
2018-03-15T22:00:00+01:00,0.949925,0.950385,0.94571,0.947275
2018-03-16T10:00:00+01:00,0.947275,0.94838,0.94358,0.94531
2018-03-18T22:00:00+01:00,0.94531,0.94642,0.94418,0.94496
2018-03-19T10:00:00+01:00,0.94496,0.94802,0.94218,0.94723
2018-03-19T22:00:00+01:00,0.94723,0.94775,0.94287,0.943055
2018-03-20T10:00:00+01:00,0.943055,0.94388,0.93862,0.93904
2018-03-20T22:00:00+01:00,0.93904,0.93974,0.93362,0.935055
2018-03-21T10:00:00+01:00,0.935055,0.9358,0.92886,0.932825
2018-03-21T22:00:00+01:00,0.932825,0.9353,0.93122,0.93283
2018-03-22T10:00:00+01:00,0.93283,0.93464,0.93077,0.93233
2018-03-22T22:00:00+01:00,0.93233,0.93482,0.93125,0.93418
2018-03-23T10:00:00+01:00,0.93418,0.93761,0.92997,0.933185
2018-03-25T23:00:00+02:00,0.933185,0.93761,0.93173,0.93675
2018-03-26T11:00:00+02:00,0.93675,0.94173,0.93615,0.937265
2018-03-26T23:00:00+02:00,0.937265,0.9381,0.93434,0.93618
2018-03-27T11:00:00+02:00,0.93618,0.93718,0.93392,0.936705
2018-03-27T23:00:00+02:00,0.936705,0.93694,0.93484,0.93573
2018-03-28T11:00:00+02:00,0.93573,0.93626,0.92994,0.932015
2018-03-28T23:00:00+02:00,0.932015,0.93226,0.92899,0.92959
2018-03-29T11:00:00+02:00,0.92959,0.93212,0.92784,0.931895
2018-03-29T23:00:00+02:00,0.931895,0.9333,0.93076,0.93251
2018-03-30T11:00:00+02:00,0.93251,0.93444,0.93138,0.9335
2018-04-01T23:00:00+02:00,0.9335,0.93385,0.93096,0.93133
2018-04-02T11:00:00+02:00,0.93133,0.9338,0.93047,0.93174
2018-04-02T23:00:00+02:00,0.93174,0.93514,0.92872,0.93305
2018-04-03T11:00:00+02:00,0.93305,0.9339,0.92792,0.929185
2018-04-03T23:00:00+02:00,0.929185,0.93467,0.92878,0.934175
2018-04-04T11:00:00+02:00,0.934175,0.93722,0.93226,0.93278
2018-04-04T23:00:00+02:00,0.93278,0.9341,0.93,0.930865
2018-04-05T11:00:00+02:00,0.930865,0.93389,0.92647,0.92753
2018-04-05T23:00:00+02:00,0.92753,0.92894,0.92592,0.92606
2018-04-06T11:00:00+02:00,0.92606,0.93001,0.92389,0.92958
2018-04-08T23:00:00+02:00,0.92958,0.93346,0.92797,0.93337
2018-04-09T11:00:00+02:00,0.93337,0.93378,0.92765,0.92767
2018-04-09T23:00:00+02:00,0.92767,0.93172,0.92767,0.931635
2018-04-10T11:00:00+02:00,0.931635,0.93221,0.92752,0.92771
2018-04-10T23:00:00+02:00,0.92771,0.9289,0.92571,0.9286
2018-04-11T11:00:00+02:00,0.9286,0.92978,0.92448,0.925855
2018-04-11T23:00:00+02:00,0.925855,0.93117,0.92458,0.93069
2018-04-12T11:00:00+02:00,0.93069,0.93084,0.92734,0.928485
2018-04-12T23:00:00+02:00,0.928485,0.93036,0.92772,0.928565
2018-04-13T11:00:00+02:00,0.928565,0.9287,0.92528,0.92759
2018-04-15T23:00:00+02:00,0.92759,0.92838,0.9257,0.92744
2018-04-16T11:00:00+02:00,0.92744,0.92746,0.92436,0.92522
2018-04-16T23:00:00+02:00,0.92522,0.9262,0.92258,0.9234
2018-04-17T11:00:00+02:00,0.9234,0.92364,0.9197,0.9216
2018-04-17T23:00:00+02:00,0.9216,0.92255,0.91956,0.92005
2018-04-18T11:00:00+02:00,0.92005,0.92757,0.91963,0.9244
2018-04-18T23:00:00+02:00,0.9244,0.92716,0.92252,0.92296
2018-04-19T11:00:00+02:00,0.92296,0.92312,0.91898,0.9215
2018-04-19T23:00:00+02:00,0.9215,0.9215,0.91572,0.91582
2018-04-20T11:00:00+02:00,0.91582,0.92048,0.91278,0.92048
2018-04-22T23:00:00+02:00,0.92048,0.92122,0.91816,0.91936
2018-04-23T11:00:00+02:00,0.91936,0.91968,0.91704,0.91838
2018-04-23T23:00:00+02:00,0.91838,0.91941,0.91258,0.91374
2018-04-24T11:00:00+02:00,0.91374,0.91528,0.91174,0.91361
2018-04-24T23:00:00+02:00,0.91361,0.91361,0.91014,0.91158
2018-04-25T11:00:00+02:00,0.91158,0.91258,0.9073,0.90763
2018-04-25T23:00:00+02:00,0.90763,0.90953,0.90608,0.90772
2018-04-26T11:00:00+02:00,0.90772,0.91078,0.9071,0.90895
2018-04-26T23:00:00+02:00,0.90895,0.91008,0.90786,0.9086
2018-04-27T11:00:00+02:00,0.9086,0.91044,0.90708,0.909
2018-04-29T23:00:00+02:00,0.909,0.90986,0.90674,0.90695
2018-04-30T11:00:00+02:00,0.90695,0.90737,0.90231,0.90358
2018-04-30T23:00:00+02:00,0.90358,0.90405,0.90168,0.90222
2018-05-01T11:00:00+02:00,0.90222,0.90368,0.89916,0.90013
2018-05-01T23:00:00+02:00,0.90013,0.90234,0.8983,0.90082
2018-05-02T11:00:00+02:00,0.90082,0.90257,0.89896,0.9011
2018-05-02T23:00:00+02:00,0.9011,0.90248,0.9003,0.9015
2018-05-03T11:00:00+02:00,0.9015,0.9062,0.90118,0.90464
2018-05-03T23:00:00+02:00,0.90464,0.9054,0.90194,0.90276
2018-05-04T11:00:00+02:00,0.90276,0.90468,0.90081,0.90147
2018-05-06T23:00:00+02:00,0.90147,0.90429,0.90147,0.90208
2018-05-07T11:00:00+02:00,0.90208,0.90494,0.90124,0.90364
2018-05-07T23:00:00+02:00,0.90364,0.90832,0.90255,0.90661
2018-05-08T11:00:00+02:00,0.90661,0.9067,0.90186,0.90258
2018-05-08T23:00:00+02:00,0.90258,0.9031,0.90106,0.90187
2018-05-09T11:00:00+02:00,0.90187,0.90281,0.89625,0.89834
2018-05-09T23:00:00+02:00,0.89834,0.89883,0.88518,0.88688
2018-05-10T11:00:00+02:00,0.88688,0.89009,0.88502,0.88892
2018-05-10T23:00:00+02:00,0.88892,0.8908,0.88808,0.88967
2018-05-11T11:00:00+02:00,0.88967,0.8918,0.88793,0.89116
2018-05-13T23:00:00+02:00,0.89116,0.89116,0.88758,0.88804
2018-05-14T11:00:00+02:00,0.88804,0.88831,0.88475,0.88575
2018-05-14T23:00:00+02:00,0.88575,0.88686,0.88302,0.8866
2018-05-15T11:00:00+02:00,0.8866,0.88742,0.88204,0.88353
2018-05-15T23:00:00+02:00,0.88353,0.88568,0.88183,0.88562
2018-05-16T11:00:00+02:00,0.88562,0.88695,0.8815,0.88218
2018-05-16T23:00:00+02:00,0.88218,0.88508,0.87869,0.8795
2018-05-17T11:00:00+02:00,0.8795,0.88193,0.87876,0.88063
2018-05-17T23:00:00+02:00,0.88063,0.88548,0.88008,0.88489
2018-05-18T11:00:00+02:00,0.88489,0.89194,0.88406,0.89145
2018-05-20T23:00:00+02:00,0.89145,0.89273,0.88624,0.88766
2018-05-21T11:00:00+02:00,0.88766,0.8907,0.8868,0.88834
2018-05-21T23:00:00+02:00,0.88834,0.8902,0.88696,0.88834
2018-05-22T11:00:00+02:00,0.88834,0.88916,0.88528,0.88884
2018-05-22T23:00:00+02:00,0.88884,0.89011,0.88584,0.88857
2018-05-23T11:00:00+02:00,0.88857,0.89122,0.88722,0.88768
2018-05-23T23:00:00+02:00,0.88768,0.89062,0.88768,0.88911
2018-05-24T11:00:00+02:00,0.88911,0.89434,0.88888,0.89257
2018-05-24T23:00:00+02:00,0.89257,0.89464,0.89178,0.894
2018-05-25T11:00:00+02:00,0.894,0.89894,0.89335,0.89742
2018-05-27T23:00:00+02:00,0.89742,0.90306,0.89667,0.90216
2018-05-28T11:00:00+02:00,0.90216,0.90373,0.90129,0.90211
2018-05-28T23:00:00+02:00,0.90211,0.9027,0.89903,0.89918
2018-05-29T11:00:00+02:00,0.89918,0.90277,0.89758,0.89848
2018-05-29T23:00:00+02:00,0.89848,0.90182,0.897,0.90148
2018-05-30T11:00:00+02:00,0.90148,0.90682,0.89704,0.89953
2018-05-30T23:00:00+02:00,0.89953,0.90146,0.89767,0.89841
2018-05-31T11:00:00+02:00,0.89841,0.9108,0.89791,0.90702
2018-05-31T23:00:00+02:00,0.90702,0.9086,0.90464,0.90524
2018-06-01T11:00:00+02:00,0.90524,0.90651,0.90296,0.90444
2018-06-03T23:00:00+02:00,0.90444,0.9083,0.90412,0.90816
2018-06-04T11:00:00+02:00,0.90816,0.91058,0.90714,0.90883
2018-06-04T23:00:00+02:00,0.90883,0.91056,0.9079,0.90978
2018-06-05T11:00:00+02:00,0.90978,0.91495,0.90922,0.91081
2018-06-05T23:00:00+02:00,0.91081,0.91273,0.90902,0.91058
2018-06-06T11:00:00+02:00,0.91058,0.9116,0.90626,0.91038
2018-06-06T23:00:00+02:00,0.91038,0.91364,0.91028,0.91326
2018-06-07T11:00:00+02:00,0.91326,0.91454,0.91134,0.9118
2018-06-07T23:00:00+02:00,0.9118,0.91342,0.91076,0.91298
2018-06-08T11:00:00+02:00,0.91298,0.91618,0.9084,0.90917
2018-06-10T23:00:00+02:00,0.90917,0.91362,0.90917,0.91209
2018-06-11T11:00:00+02:00,0.91209,0.91738,0.9111,0.91183
2018-06-11T23:00:00+02:00,0.91183,0.91524,0.91042,0.91416
2018-06-12T11:00:00+02:00,0.91416,0.91499,0.91142,0.9116
2018-06-12T23:00:00+02:00,0.9116,0.91465,0.91096,0.91459
2018-06-13T11:00:00+02:00,0.91459,0.9168,0.90988,0.91194
2018-06-13T23:00:00+02:00,0.91194,0.91393,0.91082,0.91225
2018-06-14T11:00:00+02:00,0.91225,0.91575,0.91106,0.91414
2018-06-14T23:00:00+02:00,0.91414,0.91434,0.91092,0.91194
2018-06-15T11:00:00+02:00,0.91194,0.91766,0.91162,0.91512
2018-06-17T23:00:00+02:00,0.91512,0.91624,0.91289,0.91445
2018-06-18T11:00:00+02:00,0.91445,0.91808,0.9142,0.91595
2018-06-18T23:00:00+02:00,0.91595,0.91748,0.9115,0.91412
2018-06-19T11:00:00+02:00,0.91412,0.9172,0.9133,0.91716
2018-06-19T23:00:00+02:00,0.91716,0.91816,0.91464,0.9148
2018-06-20T11:00:00+02:00,0.9148,0.91626,0.91234,0.9135
2018-06-20T23:00:00+02:00,0.9135,0.91415,0.9093,0.91073
2018-06-21T11:00:00+02:00,0.91073,0.91618,0.91021,0.9145
2018-06-21T23:00:00+02:00,0.9145,0.9183,0.91272,0.91815
2018-06-22T11:00:00+02:00,0.91815,0.92293,0.91548,0.91668
2018-06-24T23:00:00+02:00,0.91668,0.91904,0.91618,0.91688
2018-06-25T11:00:00+02:00,0.91688,0.91826,0.91577,0.91693
2018-06-25T23:00:00+02:00,0.91693,0.91757,0.91372,0.91436
2018-06-26T11:00:00+02:00,0.91436,0.9154,0.9113,0.9117
2018-06-26T23:00:00+02:00,0.9117,0.91247,0.90712,0.9081
2018-06-27T11:00:00+02:00,0.9081,0.90886,0.9032,0.90604
2018-06-27T23:00:00+02:00,0.90604,0.90804,0.90116,0.90186
2018-06-28T11:00:00+02:00,0.90186,0.90192,0.89487,0.89526
2018-06-28T23:00:00+02:00,0.89526,0.8969,0.89372,0.8948
2018-06-29T11:00:00+02:00,0.8948,0.8963,0.88923,0.88957
2018-07-01T23:00:00+02:00,0.88957,0.89371,0.88889,0.8895
2018-07-02T11:00:00+02:00,0.8895,0.88951,0.8843,0.88552
2018-07-02T23:00:00+02:00,0.88552,0.88688,0.88318,0.88654
2018-07-03T11:00:00+02:00,0.88654,0.88966,0.88483,0.88762
2018-07-03T23:00:00+02:00,0.88762,0.89046,0.88688,0.88985
2018-07-04T11:00:00+02:00,0.88985,0.89073,0.88808,0.88878
2018-07-04T23:00:00+02:00,0.88878,0.89209,0.88752,0.89193
2018-07-05T11:00:00+02:00,0.89193,0.89236,0.89003,0.89151
2018-07-05T23:00:00+02:00,0.89151,0.8956,0.89126,0.8955
2018-07-06T11:00:00+02:00,0.8955,0.89784,0.89319,0.89412
2018-07-08T23:00:00+02:00,0.89412,0.89592,0.89412,0.89484
2018-07-09T11:00:00+02:00,0.89484,0.8972,0.89405,0.89632
2018-07-09T23:00:00+02:00,0.89632,0.8993,0.89556,0.89562
2018-07-10T11:00:00+02:00,0.89562,0.89766,0.89386,0.8964
2018-07-10T23:00:00+02:00,0.8964,0.89704,0.8944,0.895
2018-07-11T11:00:00+02:00,0.895,0.895,0.88816,0.89298
2018-07-11T23:00:00+02:00,0.89298,0.89368,0.89152,0.89288
2018-07-12T11:00:00+02:00,0.89288,0.89347,0.89025,0.89166
2018-07-12T23:00:00+02:00,0.89166,0.89264,0.88811,0.88836
2018-07-13T11:00:00+02:00,0.88836,0.89063,0.88762,0.88925
2018-07-15T23:00:00+02:00,0.88925,0.89162,0.88925,0.89086
2018-07-16T11:00:00+02:00,0.89086,0.89301,0.88793,0.89029
2018-07-16T23:00:00+02:00,0.89029,0.8973,0.88768,0.8966
2018-07-17T11:00:00+02:00,0.8966,0.89728,0.89412,0.89486
2018-07-17T23:00:00+02:00,0.89486,0.89573,0.89318,0.89472
2018-07-18T11:00:00+02:00,0.89472,0.89774,0.89438,0.89454
2018-07-18T23:00:00+02:00,0.89454,0.89582,0.89138,0.89229
2018-07-19T11:00:00+02:00,0.89229,0.8954,0.88986,0.89438
2018-07-19T23:00:00+02:00,0.89438,0.89666,0.89301,0.89595
2018-07-20T11:00:00+02:00,0.89595,0.89644,0.89085,0.89497
2018-07-22T23:00:00+02:00,0.89497,0.89654,0.89223,0.89538
2018-07-23T11:00:00+02:00,0.89538,0.89566,0.89176,0.8936
2018-07-23T23:00:00+02:00,0.8936,0.89514,0.89248,0.89424
2018-07-24T11:00:00+02:00,0.89424,0.8962,0.89354,0.89441
2018-07-24T23:00:00+02:00,0.89441,0.89566,0.89332,0.8944
2018-07-25T11:00:00+02:00,0.8944,0.89528,0.89036,0.89184
2018-07-25T23:00:00+02:00,0.89184,0.89276,0.89034,0.89085
2018-07-26T11:00:00+02:00,0.89085,0.89096,0.88638,0.88709
2018-07-26T23:00:00+02:00,0.88709,0.8875,0.88391,0.88404
2018-07-27T11:00:00+02:00,0.88404,0.88846,0.88367,0.88675
2018-07-29T23:00:00+02:00,0.88675,0.89002,0.88675,0.88804
2018-07-30T11:00:00+02:00,0.88804,0.8896,0.88717,0.88954
2018-07-30T23:00:00+02:00,0.88954,0.89252,0.88807,0.8893
2018-07-31T11:00:00+02:00,0.8893,0.88948,0.88576,0.88704
2018-07-31T23:00:00+02:00,0.88704,0.88748,0.88379,0.88503
2018-08-01T11:00:00+02:00,0.88503,0.88674,0.88202,0.88314
2018-08-01T23:00:00+02:00,0.88314,0.88358,0.88014,0.88021
2018-08-02T11:00:00+02:00,0.88021,0.88117,0.87723,0.87829
2018-08-02T23:00:00+02:00,0.87829,0.87842,0.87562,0.87746
2018-08-03T11:00:00+02:00,0.87746,0.87946,0.8745,0.87616
2018-08-05T23:00:00+02:00,0.87616,0.87805,0.87553,0.87694
2018-08-06T11:00:00+02:00,0.87694,0.87729,0.87497,0.87546
2018-08-06T23:00:00+02:00,0.87546,0.87596,0.87388,0.87576
2018-08-07T11:00:00+02:00,0.87576,0.88028,0.87485,0.87928
2018-08-07T23:00:00+02:00,0.87928,0.88268,0.87884,0.88162
2018-08-08T11:00:00+02:00,0.88162,0.88254,0.87828,0.87862
2018-08-08T23:00:00+02:00,0.87862,0.87868,0.86508,0.8658
2018-08-09T11:00:00+02:00,0.8658,0.86794,0.86239,0.86324
2018-08-09T23:00:00+02:00,0.86324,0.86424,0.86052,0.86418
2018-08-10T11:00:00+02:00,0.86418,0.86668,0.85986,0.86427
2018-08-12T23:00:00+02:00,0.86427,0.86698,0.86396,0.86601
2018-08-13T11:00:00+02:00,0.86601,0.86605,0.86303,0.86422
2018-08-13T23:00:00+02:00,0.86422,0.86638,0.86278,0.8634
2018-08-14T11:00:00+02:00,0.8634,0.86442,0.85822,0.85828
2018-08-14T23:00:00+02:00,0.85828,0.85894,0.8562,0.85685
2018-08-15T11:00:00+02:00,0.85685,0.86378,0.85658,0.86286
2018-08-15T23:00:00+02:00,0.86286,0.8648,0.86169,0.86404
2018-08-16T11:00:00+02:00,0.86404,0.86812,0.86366,0.86655
2018-08-16T23:00:00+02:00,0.86655,0.86836,0.8661,0.8679
2018-08-17T11:00:00+02:00,0.8679,0.86906,0.86296,0.86692
2018-08-19T23:00:00+02:00,0.86692,0.86752,0.86415,0.86421
2018-08-20T11:00:00+02:00,0.86421,0.8672,0.86421,0.8665
2018-08-20T23:00:00+02:00,0.8665,0.86936,0.86571,0.86907
2018-08-21T11:00:00+02:00,0.86907,0.87345,0.86663,0.87305
2018-08-21T23:00:00+02:00,0.87305,0.87646,0.87074,0.87096
2018-08-22T11:00:00+02:00,0.87096,0.8751,0.87009,0.87069
2018-08-22T23:00:00+02:00,0.87069,0.87192,0.86909,0.86996
2018-08-23T11:00:00+02:00,0.86996,0.87166,0.86742,0.86821
2018-08-23T23:00:00+02:00,0.86821,0.87082,0.86658,0.8689
2018-08-24T11:00:00+02:00,0.8689,0.87263,0.86852,0.87009
2018-08-26T23:00:00+02:00,0.87009,0.87196,0.86924,0.8696
2018-08-27T11:00:00+02:00,0.8696,0.872,0.86714,0.86856
2018-08-27T23:00:00+02:00,0.86856,0.8695,0.86666,0.86805
2018-08-28T11:00:00+02:00,0.86805,0.86869,0.86594,0.86736
2018-08-28T23:00:00+02:00,0.86736,0.86851,0.86472,0.86687
2018-08-29T11:00:00+02:00,0.86687,0.86826,0.86518,0.86682
2018-08-29T23:00:00+02:00,0.86682,0.86709,0.85886,0.86036
2018-08-30T11:00:00+02:00,0.86036,0.86502,0.86026,0.86416
2018-08-30T23:00:00+02:00,0.86416,0.86652,0.86222,0.86515
2018-08-31T11:00:00+02:00,0.86515,0.86663,0.86166,0.86332
2018-09-02T23:00:00+02:00,0.86332,0.86553,0.86154,0.86332
2018-09-03T11:00:00+02:00,0.86332,0.86548,0.86242,0.86436
2018-09-03T23:00:00+02:00,0.86436,0.86544,0.85993,0.86031
2018-09-04T11:00:00+02:00,0.86031,0.86527,0.86025,0.86448
2018-09-04T23:00:00+02:00,0.86448,0.86482,0.8608,0.86366
2018-09-05T11:00:00+02:00,0.86366,0.86986,0.86358,0.86848
2018-09-05T23:00:00+02:00,0.86848,0.87096,0.86716,0.86871
2018-09-06T11:00:00+02:00,0.86871,0.87202,0.86532,0.86603
2018-09-06T23:00:00+02:00,0.86603,0.86705,0.86216,0.86446
2018-09-07T11:00:00+02:00,0.86446,0.86712,0.85974,0.85974
2018-09-09T23:00:00+02:00,0.85974,0.8613,0.85858,0.86023
2018-09-10T11:00:00+02:00,0.86023,0.86262,0.85793,0.85892
2018-09-10T23:00:00+02:00,0.85892,0.85942,0.85783,0.85828
2018-09-11T11:00:00+02:00,0.85828,0.85884,0.85084,0.85262
2018-09-11T23:00:00+02:00,0.85262,0.85309,0.84998,0.8519
2018-09-12T11:00:00+02:00,0.8519,0.85395,0.84951,0.85274
2018-09-12T23:00:00+02:00,0.85274,0.85362,0.85189,0.8526
2018-09-13T11:00:00+02:00,0.8526,0.85588,0.8509,0.85416
2018-09-13T23:00:00+02:00,0.85416,0.85694,0.85302,0.85686
2018-09-14T11:00:00+02:00,0.85686,0.85713,0.85309,0.85345
2018-09-16T23:00:00+02:00,0.85345,0.85541,0.85292,0.85528
2018-09-17T11:00:00+02:00,0.85528,0.85812,0.85509,0.858
2018-09-17T23:00:00+02:00,0.858,0.86096,0.85718,0.85874
2018-09-18T11:00:00+02:00,0.85874,0.85926,0.8541,0.85442
2018-09-18T23:00:00+02:00,0.85442,0.85624,0.85299,0.85564
2018-09-19T11:00:00+02:00,0.85564,0.85885,0.8535,0.85457
2018-09-19T23:00:00+02:00,0.85457,0.86034,0.85316,0.85983
2018-09-20T11:00:00+02:00,0.85983,0.86413,0.8594,0.86276
2018-09-20T23:00:00+02:00,0.86276,0.86459,0.86212,0.86438
2018-09-21T11:00:00+02:00,0.86438,0.86452,0.8608,0.86299
2018-09-23T23:00:00+02:00,0.86299,0.86398,0.86158,0.8633
2018-09-24T11:00:00+02:00,0.8633,0.86391,0.85948,0.86071
2018-09-24T23:00:00+02:00,0.86071,0.86181,0.85918,0.86136
2018-09-25T11:00:00+02:00,0.86136,0.86269,0.8603,0.86115
2018-09-25T23:00:00+02:00,0.86115,0.8666,0.85956,0.86243
2018-09-26T11:00:00+02:00,0.86243,0.86888,0.86046,0.86711
2018-09-26T23:00:00+02:00,0.86711,0.86997,0.86577,0.867
2018-09-27T11:00:00+02:00,0.867,0.86788,0.86214,0.86262
2018-09-27T23:00:00+02:00,0.86262,0.86311,0.85959,0.86019
2018-09-28T11:00:00+02:00,0.86019,0.86093,0.8539,0.85504
2018-09-30T23:00:00+02:00,0.85504,0.85504,0.84654,0.84692
2018-10-01T11:00:00+02:00,0.84692,0.84854,0.84468,0.8479
2018-10-01T23:00:00+02:00,0.8479,0.8479,0.844,0.84446
2018-10-02T11:00:00+02:00,0.84446,0.8474,0.84368,0.84554
2018-10-02T23:00:00+02:00,0.84554,0.84554,0.84251,0.84269
2018-10-03T11:00:00+02:00,0.84269,0.84323,0.83755,0.83822
2018-10-03T23:00:00+02:00,0.83822,0.83912,0.83535,0.83568
2018-10-04T11:00:00+02:00,0.83568,0.83786,0.83486,0.8373
2018-10-04T23:00:00+02:00,0.8373,0.83802,0.83508,0.83623
2018-10-05T11:00:00+02:00,0.83623,0.83764,0.83261,0.83344
2018-10-07T23:00:00+02:00,0.83344,0.83862,0.83222,0.83804
2018-10-08T11:00:00+02:00,0.83804,0.83918,0.83538,0.83632
2018-10-08T23:00:00+02:00,0.83632,0.83869,0.8341,0.83536
2018-10-09T11:00:00+02:00,0.83536,0.83814,0.83523,0.83812
2018-10-09T23:00:00+02:00,0.83812,0.84056,0.83652,0.83682
2018-10-10T11:00:00+02:00,0.83682,0.84328,0.83649,0.84274
2018-10-10T23:00:00+02:00,0.84274,0.8462,0.8415,0.84608
2018-10-11T11:00:00+02:00,0.84608,0.85132,0.84562,0.8503
2018-10-11T23:00:00+02:00,0.8503,0.85148,0.84724,0.84934
2018-10-12T11:00:00+02:00,0.84934,0.84946,0.84686,0.84755
2018-10-14T23:00:00+02:00,0.84755,0.85064,0.84567,0.85057
2018-10-15T11:00:00+02:00,0.85057,0.85366,0.84843,0.85102
2018-10-15T23:00:00+02:00,0.85102,0.8565,0.84995,0.85294
2018-10-16T11:00:00+02:00,0.85294,0.85397,0.85138,0.8519
2018-10-16T23:00:00+02:00,0.8519,0.85459,0.85126,0.85267
2018-10-17T11:00:00+02:00,0.85267,0.85469,0.85073,0.8531
2018-10-17T23:00:00+02:00,0.8531,0.85602,0.85134,0.85586
2018-10-18T11:00:00+02:00,0.85586,0.85763,0.85488,0.85606
2018-10-18T23:00:00+02:00,0.85606,0.859,0.85368,0.85847
2018-10-19T11:00:00+02:00,0.85847,0.8659,0.85824,0.8637
2018-10-21T23:00:00+02:00,0.8637,0.86604,0.86162,0.86184
2018-10-22T11:00:00+02:00,0.86184,0.86194,0.85788,0.85855
2018-10-22T23:00:00+02:00,0.85855,0.85974,0.85607,0.85878
2018-10-23T11:00:00+02:00,0.85878,0.86014,0.85711,0.85746
2018-10-23T23:00:00+02:00,0.85746,0.85883,0.85647,0.85717
2018-10-24T11:00:00+02:00,0.85717,0.85774,0.84686,0.85214
2018-10-24T23:00:00+02:00,0.85214,0.85214,0.84826,0.84959
2018-10-25T11:00:00+02:00,0.84959,0.85614,0.84878,0.8524
2018-10-25T23:00:00+02:00,0.8524,0.85382,0.84786,0.85033
2018-10-26T11:00:00+02:00,0.85033,0.85533,0.84993,0.85467
2018-10-28T22:00:00+01:00,0.85467,0.85808,0.85311,0.85724
2018-10-29T10:00:00+01:00,0.85724,0.85804,0.85563,0.85649
2018-10-29T22:00:00+01:00,0.85649,0.85981,0.85601,0.85835
2018-10-30T10:00:00+01:00,0.85835,0.86312,0.85796,0.85914
2018-10-30T22:00:00+01:00,0.85914,0.86193,0.85792,0.85831
2018-10-31T10:00:00+01:00,0.85831,0.86024,0.85666,0.8574
2018-10-31T22:00:00+01:00,0.8574,0.86716,0.85725,0.86664
2018-11-01T10:00:00+01:00,0.86664,0.87194,0.86585,0.87068
2018-11-01T22:00:00+01:00,0.87068,0.87482,0.86886,0.87008
2018-11-02T10:00:00+01:00,0.87008,0.87358,0.86994,0.8719
2018-11-04T23:00:00+01:00,0.8719,0.87343,0.86875,0.87278
2018-11-05T11:00:00+01:00,0.87278,0.87481,0.87119,0.8736
2018-11-05T23:00:00+01:00,0.8736,0.87596,0.87156,0.87558
2018-11-06T11:00:00+01:00,0.87558,0.88459,0.87501,0.88442
2018-11-06T23:00:00+01:00,0.88442,0.88827,0.88214,0.88724
2018-11-07T11:00:00+01:00,0.88724,0.89316,0.88564,0.8897
2018-11-07T23:00:00+01:00,0.8897,0.89142,0.88716,0.88746
2018-11-08T11:00:00+01:00,0.88746,0.88995,0.88628,0.88866
2018-11-08T23:00:00+01:00,0.88866,0.89011,0.88682,0.88919
2018-11-09T11:00:00+01:00,0.88919,0.89164,0.88904,0.89044
2018-11-11T23:00:00+01:00,0.89044,0.89044,0.88576,0.88732
2018-11-12T11:00:00+01:00,0.88732,0.89178,0.88716,0.88894
2018-11-12T23:00:00+01:00,0.88894,0.89328,0.88839,0.89245
2018-11-13T11:00:00+01:00,0.89245,0.89552,0.89196,0.89523
2018-11-13T23:00:00+01:00,0.89523,0.90008,0.89404,0.89649
2018-11-14T11:00:00+01:00,0.89649,0.9007,0.8959,0.9
2018-11-14T23:00:00+01:00,0.9,0.90194,0.8986,0.90024
2018-11-15T11:00:00+01:00,0.90024,0.90293,0.89919,0.89991
2018-11-15T23:00:00+01:00,0.89991,0.90105,0.89577,0.89582
2018-11-16T11:00:00+01:00,0.89582,0.90618,0.89491,0.9043
2018-11-18T23:00:00+01:00,0.9043,0.9043,0.89986,0.90066
2018-11-19T11:00:00+01:00,0.90066,0.90204,0.89844,0.90066
2018-11-19T23:00:00+01:00,0.90066,0.90472,0.89997,0.90215
2018-11-20T11:00:00+01:00,0.90215,0.90496,0.90184,0.90351
2018-11-20T23:00:00+01:00,0.90351,0.9072,0.90259,0.90659
2018-11-21T11:00:00+01:00,0.90659,0.91008,0.90356,0.90398
2018-11-21T23:00:00+01:00,0.90398,0.90428,0.89886,0.89938
2018-11-22T11:00:00+01:00,0.89938,0.90162,0.8979,0.89877
2018-11-22T23:00:00+01:00,0.89877,0.9004,0.89768,0.8982
2018-11-23T11:00:00+01:00,0.8982,0.89925,0.89313,0.89766
2018-11-25T23:00:00+01:00,0.89766,0.89898,0.89342,0.89865
2018-11-26T11:00:00+01:00,0.89865,0.89946,0.89699,0.89718
2018-11-26T23:00:00+01:00,0.89718,0.90046,0.89568,0.89952
2018-11-27T11:00:00+01:00,0.89952,0.90357,0.89942,0.90274
2018-11-27T23:00:00+01:00,0.90274,0.9067,0.90243,0.90603
2018-11-28T11:00:00+01:00,0.90603,0.91348,0.90434,0.91231
2018-11-28T23:00:00+01:00,0.91231,0.91284,0.90812,0.91263
2018-11-29T11:00:00+01:00,0.91263,0.913,0.90844,0.91104
2018-11-29T23:00:00+01:00,0.91104,0.91352,0.91046,0.9133
2018-11-30T11:00:00+01:00,0.9133,0.91553,0.91212,0.91313
2018-12-02T23:00:00+01:00,0.91313,0.91632,0.911,0.91234
2018-12-03T11:00:00+01:00,0.91234,0.91492,0.91142,0.9142
2018-12-03T23:00:00+01:00,0.9142,0.91768,0.91388,0.91728
2018-12-04T11:00:00+01:00,0.91728,0.91944,0.91516,0.91917
2018-12-04T23:00:00+01:00,0.91917,0.92148,0.91775,0.91947
2018-12-05T11:00:00+01:00,0.91947,0.9252,0.91764,0.92124
2018-12-05T23:00:00+01:00,0.92124,0.924,0.9187,0.9232
2018-12-06T11:00:00+01:00,0.9232,0.9257,0.9194,0.92024
2018-12-06T23:00:00+01:00,0.92024,0.9227,0.91993,0.92211
2018-12-07T11:00:00+01:00,0.92211,0.92228,0.9109,0.91389
2018-12-09T23:00:00+01:00,0.91389,0.91796,0.91168,0.91746
2018-12-10T11:00:00+01:00,0.91746,0.92232,0.91645,0.92053
2018-12-10T23:00:00+01:00,0.92053,0.92298,0.91983,0.92175
2018-12-11T11:00:00+01:00,0.92175,0.92516,0.91976,0.92049
2018-12-11T23:00:00+01:00,0.92049,0.92262,0.91652,0.91744
2018-12-12T11:00:00+01:00,0.91744,0.91799,0.91314,0.91552
2018-12-12T23:00:00+01:00,0.91552,0.91843,0.91396,0.91778
2018-12-13T11:00:00+01:00,0.91778,0.91892,0.91498,0.91565
2018-12-13T23:00:00+01:00,0.91565,0.9165,0.90782,0.909
2018-12-14T11:00:00+01:00,0.909,0.91147,0.90767,0.9097
2018-12-16T23:00:00+01:00,0.9097,0.91192,0.90775,0.9116
2018-12-17T11:00:00+01:00,0.9116,0.9135,0.9098,0.91198
2018-12-17T23:00:00+01:00,0.91198,0.92192,0.9119,0.92083
2018-12-18T11:00:00+01:00,0.92083,0.92408,0.9198,0.92212
2018-12-18T23:00:00+01:00,0.92212,0.92512,0.92173,0.9244
2018-12-19T11:00:00+01:00,0.9244,0.9247,0.91179,0.91212
2018-12-19T23:00:00+01:00,0.91212,0.91438,0.90767,0.91192
2018-12-20T11:00:00+01:00,0.91192,0.91748,0.91128,0.915
2018-12-20T23:00:00+01:00,0.915,0.91662,0.90966,0.91063
2018-12-21T11:00:00+01:00,0.91063,0.91398,0.90984,0.91301
2018-12-23T23:00:00+01:00,0.91301,0.91575,0.91232,0.91458
2018-12-24T11:00:00+01:00,0.91458,0.91845,0.91186,0.91505
2018-12-25T23:00:00+01:00,0.91505,0.91679,0.9138,0.91514
2018-12-26T11:00:00+01:00,0.91514,0.91648,0.91226,0.91359
2018-12-26T23:00:00+01:00,0.91359,0.91542,0.91062,0.91382
2018-12-27T11:00:00+01:00,0.91382,0.91667,0.91134,0.91211
2018-12-27T23:00:00+01:00,0.91211,0.91449,0.91106,0.91142
2018-12-28T11:00:00+01:00,0.91142,0.91605,0.91126,0.91485
2018-12-30T23:00:00+01:00,0.91485,0.9159,0.91342,0.91351
2018-12-31T11:00:00+01:00,0.91351,0.91653,0.91315,0.91628
2019-01-01T23:00:00+01:00,0.91628,0.91648,0.91104,0.91431
2019-01-02T11:00:00+01:00,0.91431,0.91436,0.90368,0.9037
2019-01-02T23:00:00+01:00,0.9037,0.91139,0.89854,0.90444
2019-01-03T11:00:00+01:00,0.90444,0.90444,0.89906,0.9026
2019-01-03T23:00:00+01:00,0.9026,0.90447,0.89872,0.90106
2019-01-04T11:00:00+01:00,0.90106,0.90476,0.89657,0.90035
2019-01-06T23:00:00+01:00,0.90035,0.90376,0.89987,0.90288
2019-01-07T11:00:00+01:00,0.90288,0.90362,0.8973,0.89812
2019-01-07T23:00:00+01:00,0.89812,0.89876,0.89425,0.89426
2019-01-08T11:00:00+01:00,0.89426,0.89558,0.89162,0.89228
2019-01-08T23:00:00+01:00,0.89228,0.89566,0.89228,0.89418
2019-01-09T11:00:00+01:00,0.89418,0.9001,0.89398,0.89687
2019-01-09T23:00:00+01:00,0.89687,0.89854,0.89602,0.89774
2019-01-10T11:00:00+01:00,0.89774,0.89972,0.8962,0.89742
2019-01-10T23:00:00+01:00,0.89742,0.90181,0.89706,0.90116
2019-01-11T11:00:00+01:00,0.90116,0.9069,0.90108,0.90625
2019-01-13T23:00:00+01:00,0.90625,0.90625,0.90286,0.90336
2019-01-14T11:00:00+01:00,0.90336,0.90708,0.9031,0.90615
2019-01-14T23:00:00+01:00,0.90615,0.90844,0.90497,0.90548
2019-01-15T11:00:00+01:00,0.90548,0.90582,0.90301,0.90416
2019-01-15T23:00:00+01:00,0.90416,0.90538,0.89979,0.89988
2019-01-16T11:00:00+01:00,0.89988,0.90036,0.89687,0.89823
2019-01-16T23:00:00+01:00,0.89823,0.89892,0.89468,0.89504
2019-01-17T11:00:00+01:00,0.89504,0.89948,0.89358,0.898
2019-01-17T23:00:00+01:00,0.898,0.89906,0.89588,0.89616
2019-01-18T11:00:00+01:00,0.89616,0.8989,0.89392,0.89392
2019-01-20T23:00:00+01:00,0.89392,0.89632,0.89088,0.89375
2019-01-21T11:00:00+01:00,0.89375,0.89524,0.89332,0.89483
2019-01-21T23:00:00+01:00,0.89483,0.89647,0.89408,0.89424
2019-01-22T11:00:00+01:00,0.89424,0.90216,0.89362,0.902
2019-01-22T23:00:00+01:00,0.902,0.90514,0.90065,0.9043
2019-01-23T11:00:00+01:00,0.9043,0.90754,0.90318,0.90568
2019-01-23T23:00:00+01:00,0.90568,0.90782,0.9036,0.9042
2019-01-24T11:00:00+01:00,0.9042,0.9062,0.90234,0.90305
2019-01-24T23:00:00+01:00,0.90305,0.90374,0.9008,0.90252
2019-01-25T11:00:00+01:00,0.90252,0.90712,0.90158,0.90401
2019-01-27T23:00:00+01:00,0.90401,0.90766,0.90281,0.90595
2019-01-28T11:00:00+01:00,0.90595,0.9092,0.9045,0.90574
2019-01-28T23:00:00+01:00,0.90574,0.91006,0.90496,0.90805
2019-01-29T11:00:00+01:00,0.90805,0.90836,0.90499,0.90692
2019-01-29T23:00:00+01:00,0.90692,0.90842,0.90524,0.90578
2019-01-30T11:00:00+01:00,0.90578,0.90785,0.90122,0.90711
2019-01-30T23:00:00+01:00,0.90711,0.9094,0.90546,0.90753
2019-01-31T11:00:00+01:00,0.90753,0.91202,0.90659,0.90803
2019-01-31T23:00:00+01:00,0.90803,0.91016,0.90683,0.90972
2019-02-01T11:00:00+01:00,0.90972,0.91048,0.90234,0.90368
2019-02-03T23:00:00+01:00,0.90368,0.90418,0.90177,0.90192
2019-02-04T11:00:00+01:00,0.90192,0.90392,0.90149,0.90256
2019-02-04T23:00:00+01:00,0.90256,0.9048,0.90098,0.90296
2019-02-05T11:00:00+01:00,0.90296,0.90632,0.90256,0.90482
2019-02-05T23:00:00+01:00,0.90482,0.9067,0.90236,0.90428
2019-02-06T11:00:00+01:00,0.90428,0.90458,0.89408,0.89535
2019-02-06T23:00:00+01:00,0.89535,0.89592,0.89303,0.89366
2019-02-07T11:00:00+01:00,0.89366,0.89946,0.89348,0.89815
2019-02-07T23:00:00+01:00,0.89815,0.90072,0.89652,0.8985
2019-02-08T11:00:00+01:00,0.8985,0.899,0.89352,0.89569
2019-02-10T23:00:00+01:00,0.89569,0.8999,0.89464,0.89591
2019-02-11T11:00:00+01:00,0.89591,0.89666,0.8943,0.89546
2019-02-11T23:00:00+01:00,0.89546,0.89622,0.893,0.89322
2019-02-12T11:00:00+01:00,0.89322,0.89402,0.89102,0.89166
2019-02-12T23:00:00+01:00,0.89166,0.90498,0.89002,0.90226
2019-02-13T11:00:00+01:00,0.90226,0.90292,0.90004,0.90093
2019-02-13T23:00:00+01:00,0.90093,0.90584,0.90075,0.9055
2019-02-14T11:00:00+01:00,0.9055,0.91194,0.90548,0.90897
2019-02-14T23:00:00+01:00,0.90897,0.90922,0.90634,0.9084
2019-02-15T11:00:00+01:00,0.9084,0.91132,0.90832,0.90925
2019-02-17T23:00:00+01:00,0.90925,0.9119,0.90808,0.90962
2019-02-18T11:00:00+01:00,0.90962,0.91052,0.905,0.90662
2019-02-18T23:00:00+01:00,0.90662,0.90862,0.90459,0.90472
2019-02-19T11:00:00+01:00,0.90472,0.90997,0.90326,0.9095
2019-02-19T23:00:00+01:00,0.9095,0.90982,0.90494,0.90612
2019-02-20T11:00:00+01:00,0.90612,0.90643,0.90289,0.9034
2019-02-20T23:00:00+01:00,0.9034,0.90542,0.89838,0.89948
2019-02-21T11:00:00+01:00,0.89948,0.90178,0.89564,0.90002
2019-02-21T23:00:00+01:00,0.90002,0.9018,0.89483,0.89788
2019-02-22T11:00:00+01:00,0.89788,0.90331,0.89773,0.89935
2019-02-24T23:00:00+01:00,0.89935,0.90352,0.89935,0.90302
2019-02-25T11:00:00+01:00,0.90302,0.9089,0.90298,0.90771
2019-02-25T23:00:00+01:00,0.90771,0.9097,0.90718,0.90847
2019-02-26T11:00:00+01:00,0.90847,0.91103,0.90684,0.90777
2019-02-26T23:00:00+01:00,0.90777,0.90867,0.90399,0.904
2019-02-27T11:00:00+01:00,0.904,0.9048,0.89858,0.90096
2019-02-27T23:00:00+01:00,0.90096,0.90236,0.89889,0.90085
2019-02-28T11:00:00+01:00,0.90085,0.90253,0.89436,0.89686
2019-02-28T23:00:00+01:00,0.89686,0.89802,0.89501,0.89511
2019-03-01T11:00:00+01:00,0.89511,0.90458,0.89486,0.90405
2019-03-03T23:00:00+01:00,0.90405,0.90666,0.90394,0.90479
2019-03-04T11:00:00+01:00,0.90479,0.90856,0.90428,0.90749
2019-03-04T23:00:00+01:00,0.90749,0.90871,0.90452,0.90737
2019-03-05T11:00:00+01:00,0.90737,0.90823,0.90402,0.90777
2019-03-05T23:00:00+01:00,0.90777,0.90843,0.9031,0.90751
2019-03-06T11:00:00+01:00,0.90751,0.91108,0.90529,0.90974
2019-03-06T23:00:00+01:00,0.90974,0.91269,0.90918,0.9104
2019-03-07T11:00:00+01:00,0.9104,0.91174,0.90772,0.9089
2019-03-07T23:00:00+01:00,0.9089,0.91332,0.90793,0.91328
2019-03-08T11:00:00+01:00,0.91328,0.91424,0.90979,0.9128
2019-03-10T22:00:00+01:00,0.9128,0.91496,0.9111,0.91371
2019-03-11T10:00:00+01:00,0.91371,0.91642,0.91312,0.91478
2019-03-11T22:00:00+01:00,0.91478,0.91746,0.91478,0.91742
2019-03-12T10:00:00+01:00,0.91742,0.9198,0.9161,0.91612
2019-03-12T22:00:00+01:00,0.91612,0.91644,0.91287,0.91334
2019-03-13T10:00:00+01:00,0.91334,0.91434,0.91061,0.91205
2019-03-13T22:00:00+01:00,0.91205,0.91244,0.90946,0.90976
2019-03-14T10:00:00+01:00,0.90976,0.9102,0.90742,0.91004
2019-03-14T22:00:00+01:00,0.91004,0.91209,0.9098,0.91142
2019-03-15T10:00:00+01:00,0.91142,0.91539,0.91085,0.91299
2019-03-17T22:00:00+01:00,0.91299,0.91536,0.91213,0.91448
2019-03-18T10:00:00+01:00,0.91448,0.91585,0.91368,0.91376
2019-03-18T22:00:00+01:00,0.91376,0.91486,0.91272,0.91352
2019-03-19T10:00:00+01:00,0.91352,0.9139,0.90996,0.91334
2019-03-19T22:00:00+01:00,0.91334,0.91356,0.91065,0.91214
2019-03-20T10:00:00+01:00,0.91214,0.91744,0.91061,0.9156
2019-03-20T22:00:00+01:00,0.9156,0.922,0.91352,0.92074
2019-03-21T10:00:00+01:00,0.92074,0.9213,0.91805,0.91916
2019-03-21T22:00:00+01:00,0.91916,0.92122,0.9187,0.91876
2019-03-22T10:00:00+01:00,0.91876,0.92424,0.91827,0.92367
2019-03-24T22:00:00+01:00,0.92367,0.92486,0.92223,0.92354
2019-03-25T10:00:00+01:00,0.92354,0.92818,0.9219,0.92581
2019-03-25T22:00:00+01:00,0.92581,0.92762,0.92398,0.92479
2019-03-26T10:00:00+01:00,0.92479,0.92652,0.92341,0.92418
2019-03-26T22:00:00+01:00,0.92418,0.92532,0.90982,0.91152
2019-03-27T10:00:00+01:00,0.91152,0.91354,0.91092,0.9116
2019-03-27T22:00:00+01:00,0.9116,0.91538,0.9097,0.91442
2019-03-28T10:00:00+01:00,0.91442,0.91468,0.90974,0.91058
2019-03-28T22:00:00+01:00,0.91058,0.91365,0.90998,0.91232
2019-03-29T10:00:00+01:00,0.91232,0.91329,0.90812,0.90825
2019-03-31T23:00:00+02:00,0.90825,0.91244,0.90825,0.9116
2019-04-01T11:00:00+02:00,0.9116,0.91327,0.90564,0.90573
2019-04-01T23:00:00+02:00,0.90573,0.90573,0.90177,0.9023
2019-04-02T11:00:00+02:00,0.9023,0.90297,0.8989,0.90124
2019-04-02T23:00:00+02:00,0.90124,0.90356,0.90004,0.90336
2019-04-03T11:00:00+02:00,0.90336,0.90584,0.90322,0.9046
2019-04-03T23:00:00+02:00,0.9046,0.90728,0.90395,0.9054
2019-04-04T11:00:00+02:00,0.9054,0.90588,0.90146,0.90217
2019-04-04T23:00:00+02:00,0.90217,0.90377,0.89978,0.90019
2019-04-05T11:00:00+02:00,0.90019,0.90396,0.89926,0.90096
2019-04-07T23:00:00+02:00,0.90096,0.90172,0.89965,0.9009
2019-04-08T11:00:00+02:00,0.9009,0.90124,0.89692,0.89756
2019-04-08T23:00:00+02:00,0.89756,0.89878,0.89704,0.8984
2019-04-09T11:00:00+02:00,0.8984,0.89916,0.89606,0.89881
2019-04-09T23:00:00+02:00,0.89881,0.90032,0.89842,0.90014
2019-04-10T11:00:00+02:00,0.90014,0.90153,0.89862,0.90102
2019-04-10T23:00:00+02:00,0.90102,0.90311,0.90018,0.90223
2019-04-11T11:00:00+02:00,0.90223,0.90314,0.89917,0.90048
2019-04-11T23:00:00+02:00,0.90048,0.90072,0.89862,0.89948
2019-04-12T11:00:00+02:00,0.89948,0.90352,0.89866,0.90114
2019-04-14T23:00:00+02:00,0.90114,0.90362,0.90114,0.90222
2019-04-15T11:00:00+02:00,0.90222,0.90468,0.89878,0.90409
2019-04-15T23:00:00+02:00,0.90409,0.90559,0.90252,0.9041
2019-04-16T11:00:00+02:00,0.9041,0.90457,0.90194,0.90284
2019-04-16T23:00:00+02:00,0.90284,0.90462,0.8911,0.89756
2019-04-17T11:00:00+02:00,0.89756,0.89806,0.89413,0.89746
2019-04-17T23:00:00+02:00,0.89746,0.89822,0.89584,0.89648
2019-04-18T11:00:00+02:00,0.89648,0.89672,0.8927,0.89425
2019-04-18T23:00:00+02:00,0.89425,0.89544,0.89328,0.89492
2019-04-19T11:00:00+02:00,0.89492,0.89584,0.89395,0.89501
2019-04-21T23:00:00+02:00,0.89501,0.89524,0.89168,0.89237
2019-04-22T11:00:00+02:00,0.89237,0.89294,0.89043,0.8915
2019-04-22T23:00:00+02:00,0.8915,0.89252,0.89,0.89074
2019-04-23T11:00:00+02:00,0.89074,0.89436,0.88942,0.89352
2019-04-23T23:00:00+02:00,0.89352,0.89409,0.8894,0.89115
2019-04-24T11:00:00+02:00,0.89115,0.89292,0.88769,0.88967
2019-04-24T23:00:00+02:00,0.88967,0.891,0.88888,0.89083
2019-04-25T11:00:00+02:00,0.89083,0.89444,0.8894,0.89344
2019-04-25T23:00:00+02:00,0.89344,0.89752,0.89228,0.89742
2019-04-26T11:00:00+02:00,0.89742,0.89908,0.89492,0.89568
2019-04-28T23:00:00+02:00,0.89544,0.89896,0.89543,0.89794
2019-04-29T11:00:00+02:00,0.89794,0.89882,0.89586,0.89731
2019-04-29T23:00:00+02:00,0.89731,0.89895,0.8963,0.89789
2019-04-30T11:00:00+02:00,0.89789,0.89892,0.89381,0.89387
2019-04-30T23:00:00+02:00,0.89387,0.89482,0.88827,0.89157
2019-05-01T11:00:00+02:00,0.89157,0.89404,0.8895,0.8898
2019-05-01T23:00:00+02:00,0.8898,0.89226,0.88901,0.89164
2019-05-02T11:00:00+02:00,0.89164,0.89216,0.88908,0.89153
2019-05-02T23:00:00+02:00,0.89153,0.89232,0.89032,0.89088
2019-05-03T11:00:00+02:00,0.89088,0.89234,0.89054,0.89184
2019-05-05T23:00:00+02:00,0.89184,0.89395,0.88859,0.89189
2019-05-06T11:00:00+02:00,0.89189,0.89236,0.88772,0.88878
2019-05-06T23:00:00+02:00,0.88878,0.88967,0.88558,0.88802
2019-05-07T11:00:00+02:00,0.88802,0.89022,0.88716,0.88925
2019-05-07T23:00:00+02:00,0.88925,0.88968,0.87928,0.88729
2019-05-08T11:00:00+02:00,0.88729,0.88808,0.88516,0.88646
2019-05-08T23:00:00+02:00,0.88646,0.8878,0.88582,0.88704
2019-05-09T11:00:00+02:00,0.88704,0.88938,0.88556,0.88793
2019-05-09T23:00:00+02:00,0.88793,0.8894,0.88652,0.8878
2019-05-10T11:00:00+02:00,0.8878,0.88914,0.88434,0.88501
2019-05-12T23:00:00+02:00,0.88501,0.88675,0.88316,0.88394
2019-05-13T11:00:00+02:00,0.88394,0.88578,0.88374,0.88548
2019-05-13T23:00:00+02:00,0.88548,0.88782,0.88476,0.88602
2019-05-14T11:00:00+02:00,0.88602,0.88682,0.88484,0.88522
2019-05-14T23:00:00+02:00,0.88522,0.8856,0.8836,0.88428
2019-05-15T11:00:00+02:00,0.88428,0.88466,0.8811,0.88196
2019-05-15T23:00:00+02:00,0.88196,0.8835,0.87964,0.88261
2019-05-16T11:00:00+02:00,0.88261,0.88276,0.87897,0.87968
2019-05-16T23:00:00+02:00,0.87968,0.88186,0.8791,0.8811
2019-05-17T11:00:00+02:00,0.8811,0.88238,0.87592,0.87747
2019-05-19T23:00:00+02:00,0.87747,0.87932,0.87723,0.8788
2019-05-20T11:00:00+02:00,0.8788,0.87928,0.8768,0.87734
2019-05-20T23:00:00+02:00,0.87734,0.87836,0.87342,0.87376
2019-05-21T11:00:00+02:00,0.87376,0.87428,0.87153,0.87206
2019-05-21T23:00:00+02:00,0.87206,0.87258,0.8708,0.87133
2019-05-22T11:00:00+02:00,0.87133,0.87296,0.86914,0.87236
2019-05-22T23:00:00+02:00,0.87236,0.87414,0.87178,0.87372
2019-05-23T11:00:00+02:00,0.87372,0.87956,0.87318,0.87863
2019-05-23T23:00:00+02:00,0.87863,0.87934,0.87781,0.87837
2019-05-24T11:00:00+02:00,0.87837,0.88252,0.87834,0.88042
2019-05-26T23:00:00+02:00,0.88042,0.8814,0.8798,0.88022
2019-05-27T11:00:00+02:00,0.88022,0.88064,0.87906,0.87962
2019-05-27T23:00:00+02:00,0.87962,0.882,0.87952,0.88177
2019-05-28T11:00:00+02:00,0.88177,0.88336,0.88123,0.88284
2019-05-28T23:00:00+02:00,0.88284,0.88386,0.88046,0.88052
2019-05-29T11:00:00+02:00,0.88052,0.88202,0.879,0.88014
2019-05-29T23:00:00+02:00,0.88014,0.8816,0.87971,0.88036
2019-05-30T11:00:00+02:00,0.88036,0.88067,0.87684,0.87876
2019-05-30T23:00:00+02:00,0.87876,0.88303,0.87822,0.88242
2019-05-31T11:00:00+02:00,0.88242,0.88548,0.88014,0.88257
2019-06-02T23:00:00+02:00,0.88257,0.88651,0.88248,0.88608
2019-06-03T11:00:00+02:00,0.88608,0.88789,0.8846,0.8867
2019-06-03T23:00:00+02:00,0.8867,0.88765,0.88426,0.88481
2019-06-04T11:00:00+02:00,0.88481,0.88745,0.88434,0.88518
2019-06-04T23:00:00+02:00,0.88518,0.88948,0.88446,0.88836
2019-06-05T11:00:00+02:00,0.88836,0.89209,0.88726,0.8875
2019-06-05T23:00:00+02:00,0.8875,0.88964,0.8875,0.88848
2019-06-06T11:00:00+02:00,0.88848,0.8899,0.88444,0.88486
2019-06-06T23:00:00+02:00,0.88486,0.88565,0.88329,0.88466
2019-06-07T11:00:00+02:00,0.88466,0.8872,0.88336,0.88424
2019-06-09T23:00:00+02:00,0.88424,0.88424,0.87785,0.87812
2019-06-10T11:00:00+02:00,0.87812,0.87948,0.87643,0.87683
2019-06-10T23:00:00+02:00,0.87683,0.87731,0.87338,0.87386
2019-06-11T11:00:00+02:00,0.87386,0.87556,0.87098,0.87442
2019-06-11T23:00:00+02:00,0.87442,0.87569,0.87274,0.87537
2019-06-12T11:00:00+02:00,0.87537,0.87708,0.87351,0.87707
2019-06-12T23:00:00+02:00,0.87707,0.87801,0.8746,0.8746
2019-06-13T11:00:00+02:00,0.8746,0.87586,0.87254,0.87508
2019-06-13T23:00:00+02:00,0.87508,0.87583,0.87092,0.87236
2019-06-14T11:00:00+02:00,0.87236,0.87236,0.86896,0.87072
2019-06-16T23:00:00+02:00,0.87072,0.8735,0.87053,0.87346
2019-06-17T11:00:00+02:00,0.87346,0.8737,0.8707,0.87113
2019-06-17T23:00:00+02:00,0.87113,0.87386,0.87006,0.87379
2019-06-18T11:00:00+02:00,0.87379,0.87521,0.87212,0.8734
2019-06-18T23:00:00+02:00,0.8734,0.87414,0.8723,0.87252
2019-06-19T11:00:00+02:00,0.87252,0.87362,0.86814,0.86823
2019-06-19T23:00:00+02:00,0.86823,0.87184,0.8674,0.87006
2019-06-20T11:00:00+02:00,0.87006,0.8707,0.8669,0.86864
2019-06-20T23:00:00+02:00,0.86864,0.86967,0.86562,0.86626
2019-06-21T11:00:00+02:00,0.86626,0.87138,0.86463,0.87124
2019-06-23T23:00:00+02:00,0.87124,0.87232,0.86956,0.87194
2019-06-24T11:00:00+02:00,0.87194,0.87452,0.87072,0.8723
2019-06-24T23:00:00+02:00,0.8723,0.87709,0.87218,0.87548
2019-06-25T11:00:00+02:00,0.87548,0.87722,0.87371,0.8742
2019-06-25T23:00:00+02:00,0.8742,0.87814,0.8703,0.87722
2019-06-26T11:00:00+02:00,0.87722,0.8796,0.87584,0.87687
2019-06-26T23:00:00+02:00,0.87687,0.87778,0.87546,0.87776
2019-06-27T11:00:00+02:00,0.87776,0.87892,0.877,0.87736
2019-06-27T23:00:00+02:00,0.87736,0.87865,0.87626,0.87847
2019-06-28T11:00:00+02:00,0.87847,0.88015,0.87712,0.87964
2019-06-30T23:00:00+02:00,0.87964,0.88024,0.87702,0.87878
2019-07-01T11:00:00+02:00,0.87878,0.87912,0.87486,0.87678
2019-07-01T23:00:00+02:00,0.87678,0.8772,0.87338,0.87472
2019-07-02T11:00:00+02:00,0.87472,0.87602,0.87371,0.87437
2019-07-02T23:00:00+02:00,0.87437,0.8771,0.87414,0.8769
2019-07-03T11:00:00+02:00,0.8769,0.8786,0.87418,0.8756
2019-07-03T23:00:00+02:00,0.8756,0.87735,0.87325,0.8735
2019-07-04T11:00:00+02:00,0.8735,0.87409,0.87214,0.87283
2019-07-04T23:00:00+02:00,0.87283,0.87388,0.87118,0.87164
2019-07-05T11:00:00+02:00,0.87164,0.87178,0.86565,0.86708
2019-07-07T23:00:00+02:00,0.86708,0.86929,0.8659,0.86871
2019-07-08T11:00:00+02:00,0.86871,0.86908,0.86666,0.86752
2019-07-08T23:00:00+02:00,0.86752,0.869,0.86711,0.86756
2019-07-09T11:00:00+02:00,0.86756,0.86844,0.86647,0.86733
2019-07-09T23:00:00+02:00,0.86733,0.86795,0.86252,0.86657
2019-07-10T11:00:00+02:00,0.86657,0.87258,0.86523,0.86938
2019-07-10T23:00:00+02:00,0.86938,0.87084,0.86838,0.87008
2019-07-11T11:00:00+02:00,0.87008,0.87336,0.8699,0.87064
2019-07-11T23:00:00+02:00,0.87064,0.87157,0.86994,0.87056
2019-07-12T11:00:00+02:00,0.87056,0.87294,0.86856,0.87199
2019-07-14T23:00:00+02:00,0.87199,0.87634,0.87132,0.87561
2019-07-15T11:00:00+02:00,0.87561,0.87731,0.87488,0.87679
2019-07-15T23:00:00+02:00,0.87679,0.87932,0.87562,0.87788
2019-07-16T11:00:00+02:00,0.87788,0.87812,0.87344,0.87722
2019-07-16T23:00:00+02:00,0.87722,0.87854,0.8761,0.87752
2019-07-17T11:00:00+02:00,0.87752,0.87973,0.87752,0.87872
2019-07-17T23:00:00+02:00,0.87872,0.88067,0.8781,0.87962
2019-07-18T11:00:00+02:00,0.87962,0.88487,0.87924,0.88369
2019-07-18T23:00:00+02:00,0.88369,0.88438,0.8825,0.88258
2019-07-19T11:00:00+02:00,0.88258,0.88696,0.8822,0.88357
2019-07-21T23:00:00+02:00,0.88357,0.88554,0.88218,0.88416
2019-07-22T11:00:00+02:00,0.88416,0.88902,0.8837,0.88682
2019-07-22T23:00:00+02:00,0.88682,0.88708,0.88285,0.88332
2019-07-23T11:00:00+02:00,0.88332,0.88567,0.88025,0.88046
2019-07-23T23:00:00+02:00,0.88046,0.88097,0.87904,0.88026
2019-07-24T11:00:00+02:00,0.88026,0.88209,0.87947,0.88112
2019-07-24T23:00:00+02:00,0.88112,0.8812,0.87778,0.87794
2019-07-25T11:00:00+02:00,0.87794,0.87944,0.8756,0.87726
2019-07-25T23:00:00+02:00,0.87726,0.87807,0.8754,0.87614
2019-07-26T11:00:00+02:00,0.87614,0.8765,0.87333,0.8737
2019-07-28T23:00:00+02:00,0.8737,0.87434,0.87248,0.87318
2019-07-29T11:00:00+02:00,0.87318,0.87336,0.87073,0.87294
2019-07-29T23:00:00+02:00,0.87294,0.8738,0.87183,0.87238
2019-07-30T11:00:00+02:00,0.87238,0.87274,0.8694,0.86984
2019-07-30T23:00:00+02:00,0.86984,0.87024,0.86538,0.86906
2019-07-31T11:00:00+02:00,0.86906,0.8695,0.86408,0.8655
2019-07-31T23:00:00+02:00,0.8655,0.86724,0.86367,0.86724
2019-08-01T11:00:00+02:00,0.86724,0.86812,0.86542,0.8662
2019-08-01T23:00:00+02:00,0.8662,0.86722,0.86257,0.8634
2019-08-02T11:00:00+02:00,0.8634,0.8658,0.86242,0.86335
2019-08-04T23:00:00+02:00,0.86335,0.86416,0.85756,0.86208
2019-08-05T11:00:00+02:00,0.86208,0.86447,0.86134,0.86275
2019-08-05T23:00:00+02:00,0.86275,0.87019,0.85962,0.86406
2019-08-06T11:00:00+02:00,0.86406,0.86697,0.8636,0.8666
2019-08-06T23:00:00+02:00,0.8666,0.87048,0.84908,0.85394
2019-08-07T11:00:00+02:00,0.85394,0.86254,0.85392,0.85736
2019-08-07T23:00:00+02:00,0.85736,0.86023,0.85592,0.85842
2019-08-08T11:00:00+02:00,0.85842,0.86144,0.85696,0.85716
2019-08-08T23:00:00+02:00,0.85716,0.85916,0.85467,0.85728
2019-08-09T11:00:00+02:00,0.85728,0.86117,0.85292,0.85509
2019-08-11T23:00:00+02:00,0.85509,0.8559,0.85156,0.8541
2019-08-12T11:00:00+02:00,0.8541,0.85594,0.85282,0.85348
2019-08-12T23:00:00+02:00,0.85348,0.8552,0.8527,0.8548
2019-08-13T11:00:00+02:00,0.8548,0.85608,0.85161,0.85352
2019-08-13T23:00:00+02:00,0.85352,0.8551,0.8526,0.85311
2019-08-14T11:00:00+02:00,0.85311,0.85766,0.85168,0.85716
2019-08-14T23:00:00+02:00,0.85716,0.8595,0.85574,0.85644
2019-08-15T11:00:00+02:00,0.85644,0.86007,0.85584,0.85822
2019-08-15T23:00:00+02:00,0.85822,0.85874,0.85489,0.85512
2019-08-16T11:00:00+02:00,0.85512,0.85641,0.85227,0.85289
2019-08-18T23:00:00+02:00,0.85347,0.85491,0.8506,0.8507
2019-08-19T11:00:00+02:00,0.8507,0.85462,0.85002,0.85391
2019-08-19T23:00:00+02:00,0.85391,0.85596,0.85329,0.8542
2019-08-20T11:00:00+02:00,0.8542,0.85668,0.85343,0.85458
2019-08-20T23:00:00+02:00,0.85458,0.85467,0.85152,0.85198
2019-08-21T11:00:00+02:00,0.85198,0.85349,0.84997,0.85118
2019-08-21T23:00:00+02:00,0.85118,0.85178,0.84799,0.8488
2019-08-22T11:00:00+02:00,0.8488,0.84904,0.84585,0.84689
2019-08-22T23:00:00+02:00,0.84689,0.85172,0.84636,0.85
2019-08-23T11:00:00+02:00,0.85,0.85376,0.84805,0.85072
2019-08-25T23:00:00+02:00,0.85072,0.85072,0.84392,0.84755
2019-08-26T11:00:00+02:00,0.84755,0.85041,0.84587,0.84718
2019-08-26T23:00:00+02:00,0.84718,0.84822,0.84176,0.84353
2019-08-27T11:00:00+02:00,0.84353,0.84626,0.84264,0.84506
2019-08-27T23:00:00+02:00,0.84506,0.84616,0.8417,0.84386
2019-08-28T11:00:00+02:00,0.84386,0.84588,0.84204,0.843
2019-08-28T23:00:00+02:00,0.843,0.84382,0.8396,0.84191
2019-08-29T11:00:00+02:00,0.84191,0.8438,0.8384,0.83884
2019-08-29T23:00:00+02:00,0.83884,0.83946,0.83639,0.83803
2019-08-30T11:00:00+02:00,0.83803,0.84031,0.83472,0.83981
2019-09-01T23:00:00+02:00,0.83981,0.8414,0.83767,0.84134
2019-09-02T11:00:00+02:00,0.84134,0.84206,0.84016,0.8406
2019-09-02T23:00:00+02:00,0.8406,0.84109,0.83665,0.83966
2019-09-03T11:00:00+02:00,0.83966,0.84537,0.83961,0.84516
2019-09-03T23:00:00+02:00,0.84516,0.84676,0.84308,0.84646
2019-09-04T11:00:00+02:00,0.84646,0.84725,0.84063,0.8412
2019-09-04T23:00:00+02:00,0.8412,0.8433,0.84036,0.84184
2019-09-05T11:00:00+02:00,0.84184,0.84458,0.84184,0.84325
2019-09-05T23:00:00+02:00,0.84325,0.84636,0.84218,0.84628
2019-09-06T11:00:00+02:00,0.84628,0.84923,0.84458,0.84646
2019-09-08T23:00:00+02:00,0.8457,0.84762,0.84438,0.84628
2019-09-09T11:00:00+02:00,0.84628,0.84778,0.84518,0.84622
2019-09-09T23:00:00+02:00,0.84622,0.8486,0.84609,0.84646
2019-09-10T11:00:00+02:00,0.84646,0.84685,0.84316,0.84476
2019-09-10T23:00:00+02:00,0.84476,0.84614,0.84246,0.84402
2019-09-11T11:00:00+02:00,0.84402,0.84731,0.84328,0.84616
2019-09-11T23:00:00+02:00,0.84616,0.85025,0.84583,0.84908
2019-09-12T11:00:00+02:00,0.84908,0.85026,0.84572,0.8466
2019-09-12T23:00:00+02:00,0.8466,0.84756,0.84538,0.84701
2019-09-13T11:00:00+02:00,0.84701,0.8476,0.84382,0.84734
2019-09-15T23:00:00+02:00,0.84734,0.84734,0.84236,0.84679
2019-09-16T11:00:00+02:00,0.84679,0.84713,0.83962,0.83994
2019-09-16T23:00:00+02:00,0.83994,0.84059,0.83792,0.8381
2019-09-17T11:00:00+02:00,0.8381,0.8426,0.83764,0.84212
2019-09-17T23:00:00+02:00,0.84212,0.84276,0.83932,0.84016
2019-09-18T11:00:00+02:00,0.84016,0.8424,0.83837,0.83974
2019-09-18T23:00:00+02:00,0.83974,0.84176,0.83755,0.83916
2019-09-19T11:00:00+02:00,0.83916,0.83991,0.83478,0.83578
2019-09-19T23:00:00+02:00,0.83578,0.83634,0.83335,0.83339
2019-09-20T11:00:00+02:00,0.83339,0.8339,0.8298,0.83044
2019-09-22T23:00:00+02:00,0.8309,0.83332,0.83076,0.83305
2019-09-23T11:00:00+02:00,0.83305,0.8352,0.83224,0.8346
2019-09-23T23:00:00+02:00,0.8346,0.83576,0.83362,0.8337
2019-09-24T11:00:00+02:00,0.8337,0.83922,0.83358,0.8376
2019-09-24T23:00:00+02:00,0.8376,0.84145,0.83566,0.83834
2019-09-25T11:00:00+02:00,0.83834,0.83836,0.83142,0.83191
2019-09-25T23:00:00+02:00,0.83191,0.8365,0.83138,0.83466
2019-09-26T11:00:00+02:00,0.83466,0.83816,0.83402,0.83494
2019-09-26T23:00:00+02:00,0.83494,0.8363,0.83392,0.83424
2019-09-27T11:00:00+02:00,0.83424,0.83543,0.83227,0.83416
2019-09-29T23:00:00+02:00,0.8327,0.83322,0.827,0.82921
2019-09-30T11:00:00+02:00,0.82921,0.8314,0.82831,0.82932
2019-09-30T23:00:00+02:00,0.82932,0.83006,0.82531,0.82602
2019-10-01T11:00:00+02:00,0.82602,0.82702,0.82376,0.82554
2019-10-01T23:00:00+02:00,0.82554,0.82676,0.82423,0.82442
2019-10-02T11:00:00+02:00,0.82442,0.8357,0.82376,0.83549
2019-10-02T23:00:00+02:00,0.83549,0.83869,0.83326,0.83791
2019-10-03T11:00:00+02:00,0.83791,0.8417,0.83747,0.8401
2019-10-03T23:00:00+02:00,0.8401,0.84332,0.83954,0.84323
2019-10-04T11:00:00+02:00,0.84323,0.84386,0.83986,0.84085
2019-10-06T23:00:00+02:00,0.8403,0.84224,0.83794,0.8383
2019-10-07T11:00:00+02:00,0.8383,0.83878,0.83612,0.83697
2019-10-07T23:00:00+02:00,0.83697,0.84119,0.83652,0.8409
2019-10-08T11:00:00+02:00,0.8409,0.8422,0.83792,0.83924
2019-10-08T23:00:00+02:00,0.83924,0.84108,0.83866,0.8403
2019-10-09T11:00:00+02:00,0.8403,0.84203,0.83847,0.83894
2019-10-09T23:00:00+02:00,0.83894,0.84216,0.83744,0.84126
2019-10-10T11:00:00+02:00,0.84126,0.84292,0.83856,0.8404
2019-10-10T23:00:00+02:00,0.8404,0.8418,0.83892,0.8413
2019-10-11T11:00:00+02:00,0.8413,0.84287,0.83524,0.83675
2019-10-13T23:00:00+02:00,0.83616,0.83648,0.83164,0.83186
2019-10-14T11:00:00+02:00,0.83186,0.83383,0.83036,0.8336
2019-10-14T23:00:00+02:00,0.8336,0.83502,0.83086,0.83146
2019-10-15T11:00:00+02:00,0.83146,0.83171,0.8278,0.83062
2019-10-15T23:00:00+02:00,0.83062,0.83463,0.82819,0.82908
2019-10-16T11:00:00+02:00,0.82908,0.83075,0.82468,0.83054
2019-10-16T23:00:00+02:00,0.83054,0.83402,0.82957,0.8326
2019-10-17T11:00:00+02:00,0.8326,0.83484,0.83243,0.83372
2019-10-17T23:00:00+02:00,0.83372,0.8376,0.83354,0.83688
2019-10-18T11:00:00+02:00,0.83688,0.83873,0.8363,0.8381
2019-10-20T23:00:00+02:00,0.83826,0.84125,0.83696,0.83992
2019-10-21T11:00:00+02:00,0.83992,0.84089,0.83652,0.83834
2019-10-21T23:00:00+02:00,0.83834,0.84198,0.83776,0.83949
2019-10-22T11:00:00+02:00,0.83949,0.84146,0.83813,0.83867
2019-10-22T23:00:00+02:00,0.83867,0.8397,0.83713,0.83846
2019-10-23T11:00:00+02:00,0.83846,0.84072,0.8382,0.83956
2019-10-23T23:00:00+02:00,0.83956,0.83986,0.83576,0.83622
2019-10-24T11:00:00+02:00,0.83622,0.83672,0.83376,0.83424
2019-10-24T23:00:00+02:00,0.83424,0.83468,0.83176,0.83236
2019-10-25T11:00:00+02:00,0.83236,0.83266,0.82909,0.82912
2019-10-27T22:00:00+01:00,0.82912,0.83084,0.82912,0.83046
2019-10-28T10:00:00+01:00,0.83046,0.83072,0.82734,0.82898
2019-10-28T22:00:00+01:00,0.82898,0.83214,0.8283,0.8285
2019-10-29T10:00:00+01:00,0.8285,0.83264,0.82744,0.83178
2019-10-29T22:00:00+01:00,0.83178,0.8336,0.83032,0.83152
2019-10-30T10:00:00+01:00,0.83152,0.84106,0.83014,0.84066
2019-10-30T22:00:00+01:00,0.84066,0.84602,0.84043,0.84547
2019-10-31T10:00:00+01:00,0.84547,0.846,0.84222,0.84424
2019-10-31T22:00:00+01:00,0.84424,0.84766,0.84388,0.84586
2019-11-01T10:00:00+01:00,0.84586,0.84982,0.84432,0.84484
2019-11-03T23:00:00+01:00,0.84484,0.8492,0.84468,0.84788
2019-11-04T11:00:00+01:00,0.84788,0.84804,0.84038,0.84198
2019-11-04T23:00:00+01:00,0.84198,0.84358,0.84068,0.84336
2019-11-05T11:00:00+01:00,0.84336,0.84364,0.83802,0.83874
2019-11-05T23:00:00+01:00,0.83874,0.84022,0.83755,0.83966
2019-11-06T11:00:00+01:00,0.83966,0.8414,0.83892,0.83962
2019-11-06T23:00:00+01:00,0.83962,0.8408,0.83754,0.84013
2019-11-07T11:00:00+01:00,0.84013,0.84054,0.83604,0.83884
2019-11-07T23:00:00+01:00,0.83884,0.84072,0.8376,0.83793
2019-11-08T11:00:00+01:00,0.83793,0.8382,0.83499,0.83706
2019-11-10T23:00:00+01:00,0.83706,0.84196,0.83652,0.84134
2019-11-11T11:00:00+01:00,0.84134,0.84256,0.84046,0.8417
2019-11-11T23:00:00+01:00,0.8417,0.84308,0.83775,0.8394
2019-11-12T11:00:00+01:00,0.8394,0.84,0.83672,0.83768
2019-11-12T23:00:00+01:00,0.83768,0.84978,0.83766,0.84832
2019-11-13T11:00:00+01:00,0.84832,0.85038,0.84666,0.84962
2019-11-13T23:00:00+01:00,0.84962,0.85058,0.84698,0.8482
2019-11-14T11:00:00+01:00,0.8482,0.8487,0.8431,0.84539
2019-11-14T23:00:00+01:00,0.84539,0.84646,0.84419,0.84501
2019-11-15T11:00:00+01:00,0.84501,0.84804,0.84388,0.84663
2019-11-17T23:00:00+01:00,0.84663,0.8473,0.84548,0.84642
2019-11-18T11:00:00+01:00,0.84642,0.84704,0.84466,0.8449
2019-11-18T23:00:00+01:00,0.8449,0.8462,0.84294,0.84606
2019-11-19T11:00:00+01:00,0.84606,0.85337,0.84575,0.85323
2019-11-19T23:00:00+01:00,0.85323,0.85427,0.85164,0.85423
2019-11-20T11:00:00+01:00,0.85423,0.85516,0.85196,0.85372
2019-11-20T23:00:00+01:00,0.85372,0.85554,0.85202,0.85536
2019-11-21T11:00:00+01:00,0.85536,0.8569,0.84966,0.85052
2019-11-21T23:00:00+01:00,0.85052,0.85296,0.8498,0.85274
2019-11-22T11:00:00+01:00,0.85274,0.85285,0.85026,0.85212
2019-11-24T23:00:00+01:00,0.85212,0.8544,0.8519,0.85304
2019-11-25T11:00:00+01:00,0.85304,0.85488,0.85106,0.85347
2019-11-25T23:00:00+01:00,0.85347,0.85509,0.85244,0.85457
2019-11-26T11:00:00+01:00,0.85457,0.85548,0.85221,0.85312
2019-11-26T23:00:00+01:00,0.85312,0.85414,0.85259,0.85282
2019-11-27T11:00:00+01:00,0.85282,0.8542,0.85128,0.85267
2019-11-27T23:00:00+01:00,0.85267,0.85474,0.85076,0.85445
2019-11-28T11:00:00+01:00,0.85445,0.85484,0.85174,0.85253
2019-11-28T23:00:00+01:00,0.85253,0.85528,0.85212,0.85512
2019-11-29T11:00:00+01:00,0.85512,0.85572,0.85174,0.85309
2019-12-01T23:00:00+01:00,0.85309,0.85912,0.85309,0.85888
2019-12-02T11:00:00+01:00,0.85888,0.86591,0.85878,0.86548
2019-12-02T23:00:00+01:00,0.86548,0.86818,0.86409,0.86786
2019-12-03T11:00:00+01:00,0.86786,0.86828,0.86576,0.8669
2019-12-03T23:00:00+01:00,0.8669,0.86772,0.864,0.86448
2019-12-04T11:00:00+01:00,0.86448,0.86787,0.861,0.86208
2019-12-04T23:00:00+01:00,0.86208,0.86518,0.86062,0.86123
2019-12-05T11:00:00+01:00,0.86123,0.86308,0.85834,0.86242
2019-12-05T23:00:00+01:00,0.86242,0.86535,0.86202,0.86498
2019-12-06T11:00:00+01:00,0.86498,0.87184,0.86498,0.87028
2019-12-08T23:00:00+01:00,0.87028,0.87028,0.86844,0.86948
2019-12-09T11:00:00+01:00,0.86948,0.86973,0.86638,0.86652
2019-12-09T23:00:00+01:00,0.86652,0.869,0.8658,0.86662
2019-12-10T11:00:00+01:00,0.86662,0.86716,0.86464,0.86585
2019-12-10T23:00:00+01:00,0.86585,0.86756,0.86334,0.86602
2019-12-11T11:00:00+01:00,0.86602,0.86934,0.86582,0.86752
2019-12-11T23:00:00+01:00,0.86752,0.86789,0.86592,0.86652
2019-12-12T11:00:00+01:00,0.86652,0.87062,0.86636,0.86983
2019-12-12T23:00:00+01:00,0.86983,0.87395,0.86948,0.87142
2019-12-13T11:00:00+01:00,0.87142,0.8721,0.86753,0.86872
2019-12-15T23:00:00+01:00,0.86872,0.87017,0.86644,0.86826
2019-12-16T11:00:00+01:00,0.86826,0.86902,0.86684,0.86816
2019-12-16T23:00:00+01:00,0.86816,0.86961,0.86608,0.86654
2019-12-17T11:00:00+01:00,0.86654,0.86701,0.86364,0.86528
2019-12-17T23:00:00+01:00,0.86528,0.86528,0.86302,0.86401
2019-12-18T11:00:00+01:00,0.86401,0.86694,0.8615,0.86423
2019-12-18T23:00:00+01:00,0.86423,0.86514,0.86258,0.86436
2019-12-19T11:00:00+01:00,0.86436,0.86741,0.86233,0.86726
2019-12-19T23:00:00+01:00,0.86726,0.86826,0.8658,0.86666
2019-12-20T11:00:00+01:00,0.86666,0.87086,0.86561,0.86866
2019-12-22T23:00:00+01:00,0.86866,0.87097,0.86708,0.87056
2019-12-23T11:00:00+01:00,0.87056,0.87308,0.87002,0.87248
2019-12-23T23:00:00+01:00,0.87248,0.8737,0.87086,0.8732
2019-12-24T11:00:00+01:00,0.8732,0.87466,0.87168,0.87323
2019-12-25T23:00:00+01:00,0.87323,0.87483,0.87257,0.87416
2019-12-26T11:00:00+01:00,0.87416,0.87543,0.8734,0.87464
2019-12-26T23:00:00+01:00,0.87464,0.87634,0.87376,0.87599
2019-12-27T11:00:00+01:00,0.87599,0.8783,0.87536,0.87677
2019-12-29T23:00:00+01:00,0.87677,0.8783,0.87527,0.87802
2019-12-30T11:00:00+01:00,0.87802,0.88006,0.87774,0.87906
2019-12-30T23:00:00+01:00,0.87906,0.87987,0.87672,0.87752
2019-12-31T11:00:00+01:00,0.87752,0.87822,0.87336,0.87414
2020-01-01T23:00:00+01:00,0.87414,0.87486,0.87078,0.87087
2020-01-02T11:00:00+01:00,0.87087,0.8719,0.8685,0.86991
2020-01-02T23:00:00+01:00,0.86991,0.87058,0.86333,0.8634
2020-01-03T11:00:00+01:00,0.8634,0.86694,0.86304,0.86666
2020-01-05T23:00:00+01:00,0.86666,0.86666,0.86245,0.86512
2020-01-06T11:00:00+01:00,0.86512,0.86663,0.8637,0.8649
2020-01-06T23:00:00+01:00,0.8649,0.866,0.86232,0.86274
2020-01-07T11:00:00+01:00,0.86274,0.86432,0.86193,0.86357
2020-01-07T23:00:00+01:00,0.86357,0.86646,0.86021,0.86588
2020-01-08T11:00:00+01:00,0.86588,0.86772,0.8633,0.86694
2020-01-08T23:00:00+01:00,0.86694,0.86792,0.86388,0.86494
2020-01-09T11:00:00+01:00,0.86494,0.86594,0.8629,0.86358
2020-01-09T23:00:00+01:00,0.86358,0.8657,0.86252,0.86486
2020-01-10T11:00:00+01:00,0.86486,0.86737,0.86234,0.86598
2020-01-12T23:00:00+01:00,0.86598,0.86824,0.86574,0.86624
2020-01-13T11:00:00+01:00,0.86624,0.86664,0.86392,0.8657
2020-01-13T23:00:00+01:00,0.8657,0.86692,0.86409,0.86572
2020-01-14T11:00:00+01:00,0.86572,0.86591,0.86306,0.86407
2020-01-14T23:00:00+01:00,0.86407,0.86448,0.86286,0.86371
2020-01-15T11:00:00+01:00,0.86371,0.86544,0.86079,0.86312
2020-01-15T23:00:00+01:00,0.86312,0.86675,0.86288,0.86637
2020-01-16T11:00:00+01:00,0.86637,0.86904,0.86463,0.86558
2020-01-16T23:00:00+01:00,0.86558,0.8673,0.86464,0.86626
2020-01-17T11:00:00+01:00,0.86626,0.86648,0.86322,0.86417
2020-01-19T23:00:00+01:00,0.86417,0.86532,0.863,0.86362
2020-01-20T11:00:00+01:00,0.86362,0.8639,0.86085,0.86222
2020-01-20T23:00:00+01:00,0.86222,0.86314,0.86108,0.86244
2020-01-21T11:00:00+01:00,0.86244,0.86426,0.86162,0.86224
2020-01-21T23:00:00+01:00,0.86224,0.86282,0.86105,0.86165
2020-01-22T11:00:00+01:00,0.86165,0.86711,0.86104,0.86616
2020-01-22T23:00:00+01:00,0.86616,0.86848,0.86552,0.86836
2020-01-23T11:00:00+01:00,0.86836,0.86964,0.8652,0.86898
2020-01-23T23:00:00+01:00,0.86898,0.87003,0.8676,0.8686
2020-01-24T11:00:00+01:00,0.8686,0.869665,0.86722,0.86855
2020-01-26T23:00:00+01:00,0.86855,0.86855,0.86466,0.86498
2020-01-27T11:00:00+01:00,0.86498,0.8658,0.8625,0.86348
2020-01-27T23:00:00+01:00,0.86348,0.86357,0.86104,0.86182
2020-01-28T11:00:00+01:00,0.86182,0.86226,0.85962,0.86123
2020-01-28T23:00:00+01:00,0.86123,0.8617,0.85946,0.86032
2020-01-29T11:00:00+01:00,0.86032,0.86252,0.85792,0.86148
2020-01-29T23:00:00+01:00,0.86148,0.86188,0.85886,0.85935
2020-01-30T11:00:00+01:00,0.85935,0.86056,0.85627,0.85714
2020-01-30T23:00:00+01:00,0.85714,0.85774,0.85421,0.85435
2020-01-31T11:00:00+01:00,0.85435,0.85668,0.85416,0.85604
2020-02-02T23:00:00+01:00,0.85604,0.85745,0.8548,0.85628
2020-02-03T11:00:00+01:00,0.85628,0.85984,0.85558,0.85864
2020-02-03T23:00:00+01:00,0.85864,0.8603,0.8571,0.85738
2020-02-04T11:00:00+01:00,0.85738,0.86344,0.85716,0.86192
2020-02-04T23:00:00+01:00,0.86192,0.86321,0.86108,0.86206
2020-02-05T11:00:00+01:00,0.86206,0.86252,0.859135,0.8599
2020-02-05T23:00:00+01:00,0.8599,0.86148,0.85776,0.85857
2020-02-06T11:00:00+01:00,0.85857,0.86034,0.85786,0.85814
2020-02-06T23:00:00+01:00,0.85814,0.85884,0.85405,0.85406
2020-02-07T11:00:00+01:00,0.85406,0.85496,0.85099,0.85198
2020-02-09T23:00:00+01:00,0.85198,0.85355,0.85083,0.85234
2020-02-10T11:00:00+01:00,0.85234,0.85304,0.850275,0.85038
2020-02-10T23:00:00+01:00,0.85038,0.85088,0.8489,0.85004
2020-02-11T11:00:00+01:00,0.85004,0.85274,0.84944,0.85093
2020-02-11T23:00:00+01:00,0.85093,0.8603,0.85046,0.8586
2020-02-12T11:00:00+01:00,0.8586,0.86075,0.8557,0.85657
2020-02-12T23:00:00+01:00,0.85657,0.85714,0.85258,0.8558
2020-02-13T11:00:00+01:00,0.8558,0.85656,0.85364,0.85412
2020-02-13T23:00:00+01:00,0.85412,0.85468,0.852315,0.85261
2020-02-14T11:00:00+01:00,0.85261,0.85326,0.850795,0.8526
2020-02-16T23:00:00+01:00,0.8526,0.85466,0.85088,0.85149
2020-02-17T11:00:00+01:00,0.85149,0.85272,0.84943,0.85194
2020-02-17T23:00:00+01:00,0.85194,0.852525,0.84834,0.84871
2020-02-18T11:00:00+01:00,0.84871,0.8488,0.84584,0.84676
2020-02-18T23:00:00+01:00,0.84676,0.84816,0.84614,0.84753
2020-02-19T11:00:00+01:00,0.84753,0.84772,0.8431,0.84418
2020-02-19T23:00:00+01:00,0.84418,0.84496,0.83964,0.84101
2020-02-20T11:00:00+01:00,0.84101,0.84134,0.83896,0.83965
2020-02-20T23:00:00+01:00,0.83965,0.84061,0.83524,0.83664
2020-02-21T11:00:00+01:00,0.83664,0.84026,0.83623,0.83959
2020-02-23T23:00:00+01:00,0.83959,0.84049,0.83676,0.83962
2020-02-24T11:00:00+01:00,0.83962,0.84368,0.83907,0.84291
2020-02-24T23:00:00+01:00,0.84291,0.84464,0.84063,0.84091
2020-02-25T11:00:00+01:00,0.84091,0.84159,0.83851,0.83952
2020-02-25T23:00:00+01:00,0.83952,0.84003,0.83769,0.83891
2020-02-26T11:00:00+01:00,0.83891,0.83974,0.83674,0.83859
2020-02-26T23:00:00+01:00,0.83859,0.84317,0.8382,0.84198
2020-02-27T11:00:00+01:00,0.84198,0.84632,0.84179,0.84468
2020-02-27T23:00:00+01:00,0.84468,0.84554,0.83794,0.84048
2020-02-28T11:00:00+01:00,0.84048,0.84076,0.83147,0.8367
2020-03-01T23:00:00+01:00,0.8367,0.8367,0.83028,0.83529
2020-03-02T11:00:00+01:00,0.83529,0.8393,0.8317,0.83424
2020-03-02T23:00:00+01:00,0.83424,0.83848,0.83278,0.83688
2020-03-03T11:00:00+01:00,0.83688,0.84478,0.83593,0.84
2020-03-03T23:00:00+01:00,0.84,0.84112,0.83758,0.84048
2020-03-04T11:00:00+01:00,0.84048,0.84363,0.8374,0.84312
2020-03-04T23:00:00+01:00,0.84312,0.84747,0.84156,0.84743
2020-03-05T11:00:00+01:00,0.84743,0.84884,0.84278,0.8451
2020-03-05T23:00:00+01:00,0.8451,0.85339,0.84401,0.8523
2020-03-06T11:00:00+01:00,0.8523,0.85532,0.85101,0.85308
2020-03-08T22:00:00+01:00,0.85308,0.86272,0.82607,0.86039
2020-03-09T10:00:00+01:00,0.86039,0.87382,0.8582,0.86826
2020-03-09T22:00:00+01:00,0.86826,0.86959,0.8568,0.86314
2020-03-10T10:00:00+01:00,0.86314,0.86861,0.85788,0.86059
2020-03-10T22:00:00+01:00,0.86059,0.86592,0.85857,0.86479
2020-03-11T10:00:00+01:00,0.86479,0.87033,0.86238,0.86366
2020-03-11T22:00:00+01:00,0.86366,0.86496,0.86082,0.86129
2020-03-12T10:00:00+01:00,0.86129,0.86151,0.84423,0.84802
2020-03-12T22:00:00+01:00,0.84802,0.85812,0.8459,0.84864
2020-03-13T10:00:00+01:00,0.84864,0.85472,0.83384,0.85401
2020-03-15T22:00:00+01:00,0.85401,0.85401,0.82888,0.83907
2020-03-16T10:00:00+01:00,0.83907,0.85695,0.83636,0.84723
2020-03-16T22:00:00+01:00,0.84723,0.85252,0.84248,0.84552
2020-03-17T10:00:00+01:00,0.84552,0.84795,0.83746,0.84329
2020-03-17T22:00:00+01:00,0.84329,0.84848,0.83612,0.83738
2020-03-18T10:00:00+01:00,0.83738,0.84488,0.82596,0.83239
2020-03-18T22:00:00+01:00,0.83239,0.83369,0.80186,0.81858
2020-03-19T10:00:00+01:00,0.81858,0.85454,0.81642,0.82345
2020-03-19T22:00:00+01:00,0.82345,0.83997,0.81492,0.82712
2020-03-20T10:00:00+01:00,0.82712,0.83338,0.81456,0.81821
2020-03-22T22:00:00+01:00,0.81821,0.82046,0.80896,0.81516
2020-03-23T10:00:00+01:00,0.81516,0.8314,0.81217,0.82934
2020-03-23T22:00:00+01:00,0.82934,0.84061,0.82472,0.83944
2020-03-24T10:00:00+01:00,0.83944,0.84491,0.83304,0.84302
2020-03-24T22:00:00+01:00,0.84302,0.84601,0.83658,0.84404
2020-03-25T10:00:00+01:00,0.84404,0.8454,0.82707,0.83038
2020-03-25T22:00:00+01:00,0.83038,0.83314,0.82243,0.83034
2020-03-26T10:00:00+01:00,0.83034,0.84065,0.828,0.83576
2020-03-26T22:00:00+01:00,0.83576,0.84259,0.83276,0.83599
2020-03-27T10:00:00+01:00,0.83599,0.84916,0.83446,0.8437
2020-03-29T23:00:00+02:00,0.8437,0.8512,0.84338,0.8469
2020-03-30T11:00:00+02:00,0.8469,0.85346,0.84655,0.85228
2020-03-30T23:00:00+02:00,0.85228,0.85579,0.8455,0.84776
2020-03-31T11:00:00+02:00,0.84776,0.8537,0.83544,0.83862
2020-03-31T23:00:00+02:00,0.83862,0.84197,0.8353,0.83882
2020-04-01T11:00:00+02:00,0.83882,0.84763,0.83492,0.83895
2020-04-01T23:00:00+02:00,0.83895,0.84292,0.83822,0.84128
2020-04-02T11:00:00+02:00,0.84128,0.84273,0.83275,0.83636
2020-04-02T23:00:00+02:00,0.83636,0.8384,0.8321,0.8322
2020-04-03T11:00:00+02:00,0.8322,0.83291,0.82674,0.83229
2020-04-05T23:00:00+02:00,0.83229,0.83669,0.83201,0.83577
2020-04-06T11:00:00+02:00,0.83577,0.84236,0.83517,0.83746
2020-04-06T23:00:00+02:00,0.83746,0.8431,0.83616,0.83932
2020-04-07T11:00:00+02:00,0.83932,0.84138,0.83536,0.83636
2020-04-07T23:00:00+02:00,0.83636,0.838,0.83394,0.83495
2020-04-08T11:00:00+02:00,0.83495,0.84692,0.83492,0.84188
2020-04-08T23:00:00+02:00,0.84188,0.84564,0.84094,0.84396
2020-04-09T11:00:00+02:00,0.84396,0.85128,0.84191,0.84883
2020-04-09T23:00:00+02:00,0.84883,0.85193,0.84656,0.84834
2020-04-10T11:00:00+02:00,0.84834,0.8514,0.84696,0.84827
2020-04-12T23:00:00+02:00,0.84827,0.8506,0.84608,0.8483
2020-04-13T11:00:00+02:00,0.8483,0.85042,0.84493,0.8464
2020-04-13T23:00:00+02:00,0.8464,0.85028,0.84539,0.8475
2020-04-14T11:00:00+02:00,0.8475,0.84828,0.8437,0.84765
2020-04-14T23:00:00+02:00,0.84765,0.84838,0.84104,0.84292
2020-04-15T11:00:00+02:00,0.84292,0.84702,0.83896,0.84552
2020-04-15T23:00:00+02:00,0.84552,0.84682,0.83972,0.84219
2020-04-16T11:00:00+02:00,0.84219,0.84475,0.83956,0.84048
2020-04-16T23:00:00+02:00,0.84048,0.84478,0.8379,0.84318
2020-04-17T11:00:00+02:00,0.84318,0.85016,0.84288,0.84476
2020-04-19T23:00:00+02:00,0.84476,0.85318,0.84426,0.85298
2020-04-20T11:00:00+02:00,0.85298,0.8556,0.85206,0.8543
2020-04-20T23:00:00+02:00,0.8543,0.8543,0.84664,0.85004
2020-04-21T11:00:00+02:00,0.85004,0.85075,0.84418,0.84787
2020-04-21T23:00:00+02:00,0.84787,0.85024,0.84506,0.84745
2020-04-22T11:00:00+02:00,0.84745,0.849,0.84038,0.84306
2020-04-22T23:00:00+02:00,0.84306,0.84697,0.83895,0.84558
2020-04-23T11:00:00+02:00,0.84558,0.85079,0.84426,0.84553
2020-04-23T23:00:00+02:00,0.84553,0.84669,0.84243,0.84464
2020-04-24T11:00:00+02:00,0.84464,0.84888,0.84286,0.84838
2020-04-26T23:00:00+02:00,0.84838,0.85437,0.84682,0.85108
2020-04-27T11:00:00+02:00,0.85108,0.85319,0.84868,0.8488
2020-04-27T23:00:00+02:00,0.8488,0.84884,0.84273,0.84565
2020-04-28T11:00:00+02:00,0.84565,0.84941,0.84396,0.84796
2020-04-28T23:00:00+02:00,0.84796,0.85338,0.84682,0.84972
2020-04-29T11:00:00+02:00,0.84972,0.85248,0.84748,0.85131
2020-04-29T23:00:00+02:00,0.85131,0.85286,0.84883,0.8493
2020-04-30T11:00:00+02:00,0.8493,0.85765,0.84853,0.8544
2020-04-30T23:00:00+02:00,0.8544,0.85464,0.85102,0.8537
2020-05-01T11:00:00+02:00,0.8537,0.85581,0.84942,0.85396
2020-05-03T23:00:00+02:00,0.85396,0.85508,0.84994,0.85358
2020-05-04T11:00:00+02:00,0.85358,0.85361,0.84767,0.85254
2020-05-04T23:00:00+02:00,0.85254,0.85396,0.85014,0.85064
2020-05-05T11:00:00+02:00,0.85064,0.8524,0.84847,0.85022
2020-05-05T23:00:00+02:00,0.85022,0.8525,0.8487,0.84955
2020-05-06T11:00:00+02:00,0.84955,0.85532,0.84882,0.85032
2020-05-06T23:00:00+02:00,0.85032,0.85462,0.84935,0.85132
2020-05-07T11:00:00+02:00,0.85132,0.85319,0.8461,0.85064
2020-05-07T23:00:00+02:00,0.85064,0.85444,0.85062,0.85407
2020-05-08T11:00:00+02:00,0.85407,0.85697,0.85266,0.85482
2020-05-10T23:00:00+02:00,0.85482,0.85684,0.85106,0.8517
2020-05-11T11:00:00+02:00,0.8517,0.85275,0.84926,0.85152
2020-05-11T23:00:00+02:00,0.85152,0.85401,0.84948,0.85236
2020-05-12T11:00:00+02:00,0.85236,0.8567,0.85162,0.85557
2020-05-12T23:00:00+02:00,0.85557,0.85714,0.84374,0.84472
2020-05-13T11:00:00+02:00,0.84472,0.84858,0.84354,0.84508
2020-05-13T23:00:00+02:00,0.84508,0.84628,0.84188,0.84372
2020-05-14T11:00:00+02:00,0.84372,0.8444,0.83981,0.84312
2020-05-14T23:00:00+02:00,0.84312,0.84454,0.84016,0.84194
2020-05-15T11:00:00+02:00,0.84194,0.84272,0.83447,0.83723
2020-05-17T23:00:00+02:00,0.83723,0.83888,0.8358,0.83769
2020-05-18T11:00:00+02:00,0.83769,0.84446,0.83688,0.84184
2020-05-18T23:00:00+02:00,0.84184,0.84796,0.84128,0.8478
2020-05-19T11:00:00+02:00,0.8478,0.84868,0.84506,0.84726
2020-05-19T23:00:00+02:00,0.84726,0.85166,0.84584,0.84974
2020-05-20T11:00:00+02:00,0.84974,0.85504,0.84972,0.85431
2020-05-20T23:00:00+02:00,0.85431,0.85486,0.8513,0.852
2020-05-21T11:00:00+02:00,0.852,0.85512,0.85052,0.85424
2020-05-21T23:00:00+02:00,0.85424,0.85754,0.8532,0.85596
2020-05-22T11:00:00+02:00,0.85596,0.85668,0.85193,0.85388
2020-05-24T23:00:00+02:00,0.85388,0.8541,0.85166,0.8523
2020-05-25T11:00:00+02:00,0.8523,0.85376,0.85192,0.8534
2020-05-25T23:00:00+02:00,0.8534,0.8582,0.85208,0.8576
2020-05-26T11:00:00+02:00,0.8576,0.85958,0.85388,0.85394
2020-05-26T23:00:00+02:00,0.85394,0.85536,0.85244,0.85444
2020-05-27T11:00:00+02:00,0.85444,0.85608,0.8487,0.85106
2020-05-27T23:00:00+02:00,0.85106,0.85344,0.84977,0.85163
2020-05-28T11:00:00+02:00,0.85163,0.85712,0.85145,0.85478
2020-05-28T23:00:00+02:00,0.85478,0.85614,0.85235,0.85414
2020-05-29T11:00:00+02:00,0.85414,0.857,0.85304,0.85434
2020-05-31T23:00:00+02:00,0.85434,0.85724,0.8523,0.85536
2020-06-01T11:00:00+02:00,0.85536,0.85727,0.85374,0.85412
2020-06-01T23:00:00+02:00,0.85412,0.85554,0.84822,0.85068
2020-06-02T11:00:00+02:00,0.85068,0.86156,0.85064,0.86129
2020-06-02T23:00:00+02:00,0.86129,0.86735,0.85987,0.86345
2020-06-03T11:00:00+02:00,0.86345,0.86916,0.86345,0.86704
2020-06-03T23:00:00+02:00,0.86704,0.86851,0.8652,0.86639
2020-06-04T11:00:00+02:00,0.86639,0.874,0.86596,0.87256
2020-06-04T23:00:00+02:00,0.87256,0.87805,0.87147,0.87582
2020-06-05T11:00:00+02:00,0.87582,0.87704,0.87156,0.87335
2020-06-07T23:00:00+02:00,0.87335,0.87615,0.87175,0.87558
2020-06-08T11:00:00+02:00,0.87558,0.87802,0.87288,0.87792
2020-06-08T23:00:00+02:00,0.87792,0.8793,0.87156,0.87378
2020-06-09T11:00:00+02:00,0.87378,0.87698,0.87199,0.87398
2020-06-09T23:00:00+02:00,0.87398,0.87779,0.8719,0.87704
2020-06-10T11:00:00+02:00,0.87704,0.87796,0.87398,0.87666
2020-06-10T23:00:00+02:00,0.87666,0.87697,0.8736,0.87572
2020-06-11T11:00:00+02:00,0.87572,0.87857,0.87246,0.87647
2020-06-11T23:00:00+02:00,0.87647,0.87746,0.8733,0.87646
2020-06-12T11:00:00+02:00,0.87646,0.87672,0.87117,0.87568
2020-06-14T23:00:00+02:00,0.87568,0.87921,0.87305,0.87754
2020-06-15T11:00:00+02:00,0.87754,0.87986,0.87584,0.87874
2020-06-15T23:00:00+02:00,0.87874,0.87982,0.87453,0.87691
2020-06-16T11:00:00+02:00,0.87691,0.87786,0.8724,0.8735
2020-06-16T23:00:00+02:00,0.8735,0.8751,0.87174,0.87384
2020-06-17T11:00:00+02:00,0.87384,0.87753,0.87195,0.87593
2020-06-17T23:00:00+02:00,0.87593,0.87828,0.87259,0.87386
2020-06-18T11:00:00+02:00,0.87386,0.87514,0.87264,0.8743
2020-06-18T23:00:00+02:00,0.8743,0.87546,0.87132,0.87276
2020-06-19T11:00:00+02:00,0.87276,0.87537,0.87111,0.87196
2020-06-21T23:00:00+02:00,0.87196,0.8755,0.8689,0.87547
2020-06-22T11:00:00+02:00,0.87547,0.879,0.87522,0.87616
2020-06-22T23:00:00+02:00,0.87616,0.87772,0.87267,0.87752
2020-06-23T11:00:00+02:00,0.87752,0.88213,0.87669,0.87968
2020-06-23T23:00:00+02:00,0.87968,0.8813,0.87281,0.87356
2020-06-24T11:00:00+02:00,0.87356,0.87416,0.87135,0.87409
2020-06-24T23:00:00+02:00,0.87409,0.87812,0.87324,0.87732
2020-06-25T11:00:00+02:00,0.87732,0.87812,0.87391,0.87686
2020-06-25T23:00:00+02:00,0.87686,0.87998,0.87572,0.87998
2020-06-26T11:00:00+02:00,0.87998,0.8803,0.87693,0.87915
2020-06-28T23:00:00+02:00,0.87915,0.87962,0.87651,0.87942
2020-06-29T11:00:00+02:00,0.87942,0.87974,0.87643,0.87713
2020-06-29T23:00:00+02:00,0.87713,0.8781,0.87538,0.87598
2020-06-30T11:00:00+02:00,0.87598,0.87862,0.87458,0.87628
2020-06-30T23:00:00+02:00,0.87628,0.87704,0.87478,0.87644
2020-07-01T11:00:00+02:00,0.87644,0.88039,0.87562,0.88013
2020-07-01T23:00:00+02:00,0.88013,0.88539,0.87951,0.88531
2020-07-02T11:00:00+02:00,0.88531,0.88773,0.8829,0.88308
2020-07-02T23:00:00+02:00,0.88308,0.88572,0.88255,0.88542
2020-07-03T11:00:00+02:00,0.88542,0.88702,0.88144,0.88524
2020-07-05T23:00:00+02:00,0.88524,0.88779,0.88434,0.88583
2020-07-06T11:00:00+02:00,0.88583,0.88896,0.88543,0.88746
2020-07-06T23:00:00+02:00,0.88746,0.89006,0.88574,0.88582
2020-07-07T11:00:00+02:00,0.88582,0.89294,0.88488,0.89058
2020-07-07T23:00:00+02:00,0.89058,0.89223,0.8893,0.88961
2020-07-08T11:00:00+02:00,0.88961,0.89046,0.88752,0.88834
2020-07-08T23:00:00+02:00,0.88834,0.88983,0.88743,0.88784
2020-07-09T11:00:00+02:00,0.88784,0.89296,0.8872,0.89252
2020-07-09T23:00:00+02:00,0.89252,0.89376,0.89042,0.89298
2020-07-10T11:00:00+02:00,0.89298,0.89493,0.89217,0.89347
2020-07-12T23:00:00+02:00,0.89347,0.89404,0.88955,0.88988
2020-07-13T11:00:00+02:00,0.88988,0.8934,0.88959,0.88999
2020-07-13T23:00:00+02:00,0.88999,0.89045,0.88818,0.88922
2020-07-14T11:00:00+02:00,0.88922,0.89036,0.88613,0.88915
2020-07-14T23:00:00+02:00,0.88915,0.89199,0.88915,0.88992
2020-07-15T11:00:00+02:00,0.88992,0.89298,0.88696,0.88766
2020-07-15T23:00:00+02:00,0.88766,0.88868,0.88532,0.88622
2020-07-16T11:00:00+02:00,0.88622,0.889,0.88438,0.88719
2020-07-16T23:00:00+02:00,0.88719,0.89006,0.8865,0.88928
2020-07-17T11:00:00+02:00,0.88928,0.89112,0.88696,0.89029
2020-07-19T23:00:00+02:00,0.89029,0.8911,0.8889,0.89092
2020-07-20T11:00:00+02:00,0.89092,0.89101,0.88856,0.89002
2020-07-20T23:00:00+02:00,0.89002,0.89078,0.88635,0.88838
2020-07-21T11:00:00+02:00,0.88838,0.89408,0.88816,0.89403
2020-07-21T23:00:00+02:00,0.89403,0.89708,0.89286,0.8953
2020-07-22T11:00:00+02:00,0.8953,0.89798,0.8931,0.8939
2020-07-22T23:00:00+02:00,0.8939,0.89568,0.89256,0.89418
2020-07-23T11:00:00+02:00,0.89418,0.89436,0.88766,0.88963
2020-07-23T23:00:00+02:00,0.88963,0.89107,0.88818,0.89024
2020-07-24T11:00:00+02:00,0.89024,0.89148,0.8885,0.89104
2020-07-26T23:00:00+02:00,0.89104,0.89406,0.88984,0.8922
2020-07-27T11:00:00+02:00,0.8922,0.89664,0.89173,0.8928
2020-07-27T23:00:00+02:00,0.8928,0.89371,0.88784,0.89
2020-07-28T11:00:00+02:00,0.89,0.89258,0.88882,0.89119
2020-07-28T23:00:00+02:00,0.89119,0.89166,0.88918,0.89004
2020-07-29T11:00:00+02:00,0.89004,0.89076,0.88764,0.88926
2020-07-29T23:00:00+02:00,0.88926,0.89023,0.886,0.88905
2020-07-30T11:00:00+02:00,0.88905,0.89963,0.88854,0.89926
2020-07-30T23:00:00+02:00,0.89926,0.90112,0.89614,0.89656
2020-07-31T11:00:00+02:00,0.89656,0.89742,0.88701,0.88902
2020-08-02T23:00:00+02:00,0.88902,0.89038,0.88744,0.89022
2020-08-03T11:00:00+02:00,0.89022,0.89084,0.88309,0.8856
2020-08-03T23:00:00+02:00,0.8856,0.88714,0.883,0.88382
2020-08-04T11:00:00+02:00,0.88382,0.8866,0.88188,0.88214
2020-08-04T23:00:00+02:00,0.88214,0.88496,0.88142,0.88306
2020-08-05T11:00:00+02:00,0.88306,0.88403,0.88094,0.8819
2020-08-05T23:00:00+02:00,0.8819,0.88311,0.8798,0.8819
2020-08-06T11:00:00+02:00,0.8819,0.89017,0.88147,0.88998
2020-08-06T23:00:00+02:00,0.88998,0.8915,0.88807,0.88862
2020-08-07T11:00:00+02:00,0.88862,0.88916,0.88257,0.88314
2020-08-09T23:00:00+02:00,0.88314,0.88538,0.88158,0.88274
2020-08-10T11:00:00+02:00,0.88274,0.8832,0.87908,0.87996
2020-08-10T23:00:00+02:00,0.87996,0.8829,0.87902,0.88071
2020-08-11T11:00:00+02:00,0.88071,0.88154,0.8739,0.87466
2020-08-11T23:00:00+02:00,0.87466,0.87573,0.86968,0.87088
2020-08-12T11:00:00+02:00,0.87088,0.87368,0.8691,0.87159
2020-08-12T23:00:00+02:00,0.87159,0.8731,0.86846,0.8688
2020-08-13T11:00:00+02:00,0.8688,0.86949,0.86439,0.86577
2020-08-13T23:00:00+02:00,0.86577,0.86662,0.86308,0.86588
2020-08-14T11:00:00+02:00,0.86588,0.86905,0.86452,0.86796
2020-08-16T23:00:00+02:00,0.86796,0.86877,0.86354,0.86433
2020-08-17T11:00:00+02:00,0.86433,0.86728,0.86264,0.86668
2020-08-17T23:00:00+02:00,0.86668,0.8676,0.86198,0.86331
2020-08-18T11:00:00+02:00,0.86331,0.86976,0.86264,0.86928
2020-08-18T23:00:00+02:00,0.86928,0.87266,0.8689,0.8723
2020-08-19T11:00:00+02:00,0.8723,0.87464,0.86674,0.86689
2020-08-19T23:00:00+02:00,0.86689,0.86848,0.86309,0.86356
2020-08-20T11:00:00+02:00,0.86356,0.86392,0.85769,0.8618
2020-08-20T23:00:00+02:00,0.8618,0.86221,0.86008,0.86217
2020-08-21T11:00:00+02:00,0.86217,0.86411,0.861,0.86183
2020-08-23T23:00:00+02:00,0.86183,0.863,0.85893,0.85947
2020-08-24T11:00:00+02:00,0.85947,0.8653,0.85929,0.8627
2020-08-24T23:00:00+02:00,0.8627,0.86477,0.8618,0.86326
2020-08-25T11:00:00+02:00,0.86326,0.86468,0.8609,0.8625
2020-08-25T23:00:00+02:00,0.8625,0.8661,0.86195,0.86566
2020-08-26T11:00:00+02:00,0.86566,0.87104,0.8638,0.87029
2020-08-26T23:00:00+02:00,0.87029,0.87343,0.86908,0.87252
2020-08-27T11:00:00+02:00,0.87252,0.87498,0.86812,0.87169
2020-08-27T23:00:00+02:00,0.87169,0.87458,0.8705,0.8742
2020-08-28T11:00:00+02:00,0.8742,0.8836,0.87364,0.88318
2020-08-30T23:00:00+02:00,0.88318,0.88318,0.87931,0.87986
2020-08-31T11:00:00+02:00,0.87986,0.88118,0.87804,0.87857
2020-08-31T23:00:00+02:00,0.87857,0.88084,0.87746,0.87988
2020-09-01T11:00:00+02:00,0.87988,0.88546,0.87892,0.88315
2020-09-01T23:00:00+02:00,0.88315,0.88684,0.88224,0.88337
2020-09-02T11:00:00+02:00,0.88337,0.88453,0.8814,0.88334
2020-09-02T23:00:00+02:00,0.88334,0.8842,0.88192,0.88315
2020-09-03T11:00:00+02:00,0.88315,0.88373,0.87934,0.88112
2020-09-03T23:00:00+02:00,0.88112,0.88119,0.87885,0.88024
2020-09-04T11:00:00+02:00,0.88024,0.88091,0.87522,0.87794
2020-09-06T23:00:00+02:00,0.87794,0.87883,0.87659,0.87866
2020-09-07T11:00:00+02:00,0.87866,0.87922,0.87544,0.87663
2020-09-07T23:00:00+02:00,0.87663,0.87866,0.87592,0.87728
2020-09-08T11:00:00+02:00,0.87728,0.8776,0.87388,0.87614
2020-09-08T23:00:00+02:00,0.87614,0.87865,0.87455,0.87704
2020-09-09T11:00:00+02:00,0.87704,0.88197,0.87665,0.87881
2020-09-09T23:00:00+02:00,0.87881,0.87939,0.87728,0.87861
2020-09-10T11:00:00+02:00,0.87861,0.88024,0.87617,0.87748
2020-09-10T23:00:00+02:00,0.87748,0.88053,0.87614,0.88001
2020-09-11T11:00:00+02:00,0.88001,0.88117,0.87699,0.87879
2020-09-13T23:00:00+02:00,0.87879,0.88256,0.87824,0.88181
2020-09-14T11:00:00+02:00,0.88181,0.88499,0.88104,0.88284
2020-09-14T23:00:00+02:00,0.88284,0.88584,0.88072,0.8857
2020-09-15T11:00:00+02:00,0.8857,0.88627,0.8839,0.88529
2020-09-15T23:00:00+02:00,0.88529,0.88795,0.88456,0.88779
2020-09-16T11:00:00+02:00,0.88779,0.88974,0.88498,0.88719
2020-09-16T23:00:00+02:00,0.88719,0.88888,0.88409,0.88815
2020-09-17T11:00:00+02:00,0.88815,0.89007,0.88626,0.8894
2020-09-17T23:00:00+02:00,0.8894,0.89402,0.88802,0.8925
2020-09-18T11:00:00+02:00,0.8925,0.89402,0.89138,0.89256
2020-09-20T23:00:00+02:00,0.89256,0.89356,0.88981,0.89006
2020-09-21T11:00:00+02:00,0.89006,0.89034,0.88458,0.88712
2020-09-21T23:00:00+02:00,0.88712,0.88861,0.8859,0.88772
2020-09-22T11:00:00+02:00,0.88772,0.88902,0.88233,0.88261
2020-09-22T23:00:00+02:00,0.88261,0.88392,0.87789,0.87908
2020-09-23T11:00:00+02:00,0.87908,0.87941,0.87428,0.87668
2020-09-23T23:00:00+02:00,0.87668,0.87777,0.87374,0.8747
2020-09-24T11:00:00+02:00,0.8747,0.8753,0.87261,0.87476
2020-09-24T23:00:00+02:00,0.87476,0.87982,0.87309,0.87806
2020-09-25T11:00:00+02:00,0.87806,0.87812,0.87501,0.87622
2020-09-27T23:00:00+02:00,0.87622,0.87804,0.87606,0.87695
2020-09-28T11:00:00+02:00,0.87695,0.87816,0.87566,0.87635
2020-09-28T23:00:00+02:00,0.87635,0.87959,0.87584,0.87958
2020-09-29T11:00:00+02:00,0.87958,0.88372,0.87932,0.88256
2020-09-29T23:00:00+02:00,0.88256,0.8848,0.88124,0.8818
2020-09-30T11:00:00+02:00,0.8818,0.88403,0.87952,0.88128
2020-09-30T23:00:00+02:00,0.88128,0.88282,0.88023,0.88232
2020-10-01T11:00:00+02:00,0.88232,0.88469,0.88182,0.88374
2020-10-01T23:00:00+02:00,0.88374,0.88432,0.88104,0.88232
2020-10-02T11:00:00+02:00,0.88232,0.88368,0.88147,0.8833
2020-10-04T23:00:00+02:00,0.8833,0.88406,0.88106,0.88174
2020-10-05T11:00:00+02:00,0.88174,0.88252,0.87994,0.88044
2020-10-05T23:00:00+02:00,0.88044,0.88266,0.87906,0.88077
2020-10-06T11:00:00+02:00,0.88077,0.88272,0.87636,0.87738
2020-10-06T23:00:00+02:00,0.87738,0.87846,0.87589,0.87708
2020-10-07T11:00:00+02:00,0.87708,0.87714,0.87182,0.87265
2020-10-07T23:00:00+02:00,0.87265,0.87327,0.86828,0.8725
2020-10-08T11:00:00+02:00,0.8725,0.87284,0.8684,0.86872
2020-10-08T23:00:00+02:00,0.86872,0.8718,0.86798,0.87108
2020-10-09T11:00:00+02:00,0.87108,0.87558,0.87008,0.87495
2020-10-11T23:00:00+02:00,0.87495,0.87543,0.87339,0.87392
2020-10-12T11:00:00+02:00,0.87392,0.87462,0.87084,0.87172
2020-10-12T23:00:00+02:00,0.87172,0.87404,0.87076,0.8736
2020-10-13T11:00:00+02:00,0.8736,0.87418,0.87131,0.8736
2020-10-13T23:00:00+02:00,0.8736,0.87584,0.87344,0.87444
2020-10-14T11:00:00+02:00,0.87444,0.87808,0.87403,0.87548
2020-10-14T23:00:00+02:00,0.87548,0.87607,0.87026,0.87026
2020-10-15T11:00:00+02:00,0.87026,0.87277,0.86902,0.8726
2020-10-15T23:00:00+02:00,0.8726,0.87326,0.87178,0.87244
2020-10-16T11:00:00+02:00,0.87244,0.87372,0.87048,0.87144
2020-10-18T23:00:00+02:00,0.87144,0.87427,0.87057,0.87414
2020-10-19T11:00:00+02:00,0.87414,0.87544,0.871,0.87132
2020-10-19T23:00:00+02:00,0.87132,0.87156,0.86578,0.86586
2020-10-20T11:00:00+02:00,0.86586,0.86628,0.86342,0.8639
2020-10-20T23:00:00+02:00,0.8639,0.86744,0.86302,0.86694
2020-10-21T11:00:00+02:00,0.86694,0.87639,0.8669,0.87482
2020-10-21T23:00:00+02:00,0.87482,0.87746,0.87321,0.87556
2020-10-22T11:00:00+02:00,0.87556,0.87848,0.8749,0.87705
2020-10-22T23:00:00+02:00,0.87705,0.87876,0.87486,0.87858
2020-10-23T11:00:00+02:00,0.87858,0.87944,0.87587,0.87802
2020-10-25T22:00:00+01:00,0.87802,0.88091,0.8776,0.88051
2020-10-26T10:00:00+01:00,0.88051,0.88362,0.88044,0.88241
2020-10-26T22:00:00+01:00,0.88241,0.8827,0.88065,0.88172
2020-10-27T10:00:00+01:00,0.88172,0.88512,0.88142,0.88442
2020-10-27T22:00:00+01:00,0.88442,0.8861,0.8832,0.88412
2020-10-28T10:00:00+01:00,0.88412,0.88719,0.88204,0.88433
2020-10-28T22:00:00+01:00,0.88433,0.88584,0.88299,0.88516
2020-10-29T10:00:00+01:00,0.88516,0.88612,0.88181,0.88333
2020-10-29T22:00:00+01:00,0.88333,0.88366,0.88154,0.88294
2020-10-30T10:00:00+01:00,0.88294,0.88634,0.87982,0.88103
2020-11-01T23:00:00+01:00,0.88103,0.88214,0.87896,0.88066
2020-11-02T11:00:00+01:00,0.88066,0.88158,0.87647,0.8769
2020-11-02T23:00:00+01:00,0.8769,0.87957,0.87604,0.87762
2020-11-03T11:00:00+01:00,0.87762,0.8825,0.8763,0.87988
2020-11-03T23:00:00+01:00,0.87988,0.88334,0.87674,0.87772
2020-11-04T11:00:00+01:00,0.87772,0.88086,0.87643,0.8794
2020-11-04T23:00:00+01:00,0.8794,0.88338,0.87862,0.88306
2020-11-05T11:00:00+01:00,0.88306,0.88418,0.88014,0.88242
2020-11-05T23:00:00+01:00,0.88242,0.8884,0.88196,0.88692
2020-11-06T11:00:00+01:00,0.88692,0.88828,0.88239,0.88452
2020-11-08T23:00:00+01:00,0.88452,0.88671,0.88452,0.8859
2020-11-09T11:00:00+01:00,0.8859,0.88853,0.88292,0.88725
2020-11-09T23:00:00+01:00,0.88725,0.88977,0.88564,0.88898
2020-11-10T11:00:00+01:00,0.88898,0.89066,0.88585,0.89029
2020-11-10T23:00:00+01:00,0.89029,0.89913,0.88808,0.89755
2020-11-11T11:00:00+01:00,0.89755,0.89998,0.89634,0.89894
2020-11-11T23:00:00+01:00,0.89894,0.90288,0.89794,0.89839
2020-11-12T11:00:00+01:00,0.89839,0.90309,0.8978,0.89906
2020-11-12T23:00:00+01:00,0.89906,0.89974,0.89492,0.89632
2020-11-13T11:00:00+01:00,0.89632,0.90068,0.89616,0.89959
2020-11-15T23:00:00+01:00,0.89959,0.90322,0.89894,0.90172
2020-11-16T11:00:00+01:00,0.90172,0.90422,0.89811,0.90266
2020-11-16T23:00:00+01:00,0.90266,0.90413,0.90018,0.90195
2020-11-17T11:00:00+01:00,0.90195,0.90322,0.90056,0.9032
2020-11-17T23:00:00+01:00,0.9032,0.90564,0.90172,0.90534
2020-11-18T11:00:00+01:00,0.90534,0.90682,0.90368,0.90601
2020-11-18T23:00:00+01:00,0.90601,0.90602,0.9025,0.90292
2020-11-19T11:00:00+01:00,0.90292,0.90506,0.90209,0.90443
2020-11-19T23:00:00+01:00,0.90443,0.90592,0.9031,0.90521
2020-11-20T11:00:00+01:00,0.90521,0.90932,0.90508,0.90747
2020-11-22T23:00:00+01:00,0.90747,0.91006,0.90658,0.90756
2020-11-23T11:00:00+01:00,0.90756,0.90964,0.90402,0.90598
2020-11-23T23:00:00+01:00,0.90598,0.9123,0.905,0.91142
2020-11-24T11:00:00+01:00,0.91142,0.91223,0.90614,0.90672
2020-11-24T23:00:00+01:00,0.90672,0.90854,0.90588,0.90779
2020-11-25T11:00:00+01:00,0.90779,0.91182,0.90722,0.91144
2020-11-25T23:00:00+01:00,0.91144,0.91224,0.9095,0.91026
2020-11-26T11:00:00+01:00,0.91026,0.91314,0.90954,0.91197
2020-11-26T23:00:00+01:00,0.91197,0.9139,0.91143,0.91243
2020-11-27T11:00:00+01:00,0.91243,0.91386,0.91134,0.91276
2020-11-29T23:00:00+01:00,0.91276,0.91498,0.91138,0.91334
2020-11-30T11:00:00+01:00,0.91334,0.91368,0.90972,0.91226
2020-11-30T23:00:00+01:00,0.91226,0.91322,0.91102,0.91245
2020-12-01T11:00:00+01:00,0.91245,0.91556,0.91164,0.91399
2020-12-01T23:00:00+01:00,0.91399,0.91534,0.91255,0.9139
2020-12-02T11:00:00+01:00,0.9139,0.91424,0.91056,0.91326
2020-12-02T23:00:00+01:00,0.91326,0.91456,0.91172,0.913
2020-12-03T11:00:00+01:00,0.913,0.91632,0.90951,0.91038
2020-12-03T23:00:00+01:00,0.91038,0.91089,0.90562,0.90663
2020-12-04T11:00:00+01:00,0.90663,0.90702,0.89884,0.90022
2020-12-06T23:00:00+01:00,0.90022,0.90119,0.8988,0.8992
2020-12-07T11:00:00+01:00,0.8992,0.90448,0.89868,0.9014
2020-12-07T23:00:00+01:00,0.9014,0.90174,0.89898,0.90048
2020-12-08T11:00:00+01:00,0.90048,0.904,0.89912,0.90286
2020-12-08T23:00:00+01:00,0.90286,0.90536,0.90157,0.90511
2020-12-09T11:00:00+01:00,0.90511,0.90666,0.89937,0.90042
2020-12-09T23:00:00+01:00,0.90042,0.9023,0.89914,0.90132
2020-12-10T11:00:00+01:00,0.90132,0.90472,0.89848,0.9042
2020-12-10T23:00:00+01:00,0.9042,0.90562,0.90278,0.90465
2020-12-11T11:00:00+01:00,0.90465,0.90615,0.90368,0.90479
2020-12-13T23:00:00+01:00,0.90479,0.90723,0.9035,0.90718
2020-12-14T11:00:00+01:00,0.90718,0.90764,0.90351,0.90388
2020-12-14T23:00:00+01:00,0.90388,0.90474,0.90039,0.90112
2020-12-15T11:00:00+01:00,0.90112,0.90257,0.90004,0.90008
2020-12-15T23:00:00+01:00,0.90008,0.90549,0.89957,0.9053
2020-12-16T11:00:00+01:00,0.9053,0.90732,0.90168,0.90637
2020-12-16T23:00:00+01:00,0.90637,0.9097,0.9053,0.90958
2020-12-17T11:00:00+01:00,0.90958,0.91111,0.90873,0.90942
2020-12-17T23:00:00+01:00,0.90942,0.91082,0.90746,0.90766
2020-12-18T11:00:00+01:00,0.90766,0.91302,0.90742,0.91256
2020-12-20T23:00:00+01:00,0.91256,0.91256,0.90602,0.90662
2020-12-21T11:00:00+01:00,0.90662,0.91394,0.90552,0.9133
2020-12-21T23:00:00+01:00,0.9133,0.91388,0.90743,0.90752
2020-12-22T11:00:00+01:00,0.90752,0.91188,0.90726,0.90886
2020-12-22T23:00:00+01:00,0.90886,0.91258,0.90752,0.91172
2020-12-23T11:00:00+01:00,0.91172,0.91319,0.91026,0.91138
2020-12-23T23:00:00+01:00,0.91138,0.9136,0.91113,0.91245
2020-12-24T11:00:00+01:00,0.91245,0.91551,0.90905,0.91527
2020-12-27T23:00:00+01:00,0.91527,0.91588,0.9131,0.91404
2020-12-28T11:00:00+01:00,0.91404,0.91426,0.91174,0.91238
2020-12-28T23:00:00+01:00,0.91238,0.91468,0.91165,0.91408
2020-12-29T11:00:00+01:00,0.91408,0.91716,0.91338,0.91636
2020-12-29T23:00:00+01:00,0.91636,0.91966,0.91537,0.91903
2020-12-30T11:00:00+01:00,0.91903,0.92102,0.91796,0.91895
2020-12-30T23:00:00+01:00,0.91895,0.92185,0.91852,0.9205
2020-12-31T11:00:00+01:00,0.9205,0.92236,0.9147,0.91475
2021-01-03T23:00:00+01:00,0.91475,0.9171,0.91319,0.91503
2021-01-04T11:00:00+01:00,0.91503,0.91784,0.91352,0.91696
2021-01-04T23:00:00+01:00,0.91696,0.92148,0.91608,0.91868
2021-01-05T11:00:00+01:00,0.91868,0.92086,0.91703,0.91864
2021-01-05T23:00:00+01:00,0.91864,0.92466,0.91796,0.92436
2021-01-06T11:00:00+01:00,0.92436,0.92576,0.92213,0.92516
2021-01-06T23:00:00+01:00,0.92516,0.92546,0.92165,0.92212
2021-01-07T11:00:00+01:00,0.92212,0.92316,0.91914,0.92058
2021-01-07T23:00:00+01:00,0.92058,0.92249,0.91944,0.92094
2021-01-08T11:00:00+01:00,0.92094,0.92287,0.91741,0.91809
2021-01-10T23:00:00+01:00,0.91809,0.91952,0.91596,0.91747
2021-01-11T11:00:00+01:00,0.91747,0.92019,0.91538,0.91542
2021-01-11T23:00:00+01:00,0.91542,0.9168,0.91472,0.91589
2021-01-12T11:00:00+01:00,0.91589,0.91946,0.91403,0.91864
2021-01-12T23:00:00+01:00,0.91864,0.9198,0.91627,0.91666
2021-01-13T11:00:00+01:00,0.91666,0.91672,0.9112,0.91145
2021-01-13T23:00:00+01:00,0.91145,0.91423,0.91114,0.91218
2021-01-14T11:00:00+01:00,0.91218,0.91414,0.90997,0.9132
2021-01-14T23:00:00+01:00,0.9132,0.91357,0.91024,0.91244
2021-01-15T11:00:00+01:00,0.91244,0.91284,0.90771,0.90771
2021-01-17T23:00:00+01:00,0.90771,0.9109,0.90771,0.90866
2021-01-18T11:00:00+01:00,0.90866,0.9089,0.90647,0.90712
2021-01-18T23:00:00+01:00,0.90712,0.90873,0.9063,0.90674
2021-01-19T11:00:00+01:00,0.90674,0.908,0.90484,0.90688
2021-01-19T23:00:00+01:00,0.90688,0.90756,0.9056,0.90622
2021-01-20T11:00:00+01:00,0.90622,0.90716,0.9039,0.90616
2021-01-20T23:00:00+01:00,0.90616,0.91096,0.90586,0.91054
2021-01-21T11:00:00+01:00,0.91054,0.91272,0.90762,0.91182
2021-01-21T23:00:00+01:00,0.91182,0.91348,0.91044,0.91232
2021-01-22T11:00:00+01:00,0.91232,0.91532,0.90992,0.91471
2021-01-24T23:00:00+01:00,0.91471,0.91654,0.91224,0.91612
2021-01-25T11:00:00+01:00,0.91612,0.91845,0.91525,0.91783
2021-01-25T23:00:00+01:00,0.91783,0.91783,0.91603,0.91768
2021-01-26T11:00:00+01:00,0.91768,0.92077,0.91749,0.91864
2021-01-26T23:00:00+01:00,0.91864,0.91998,0.91806,0.91918
2021-01-27T11:00:00+01:00,0.91918,0.92039,0.91604,0.91646
2021-01-27T23:00:00+01:00,0.91646,0.91722,0.91446,0.91512
2021-01-28T11:00:00+01:00,0.91512,0.92068,0.91444,0.92021
2021-01-28T23:00:00+01:00,0.92021,0.92177,0.9195,0.92088
2021-01-29T11:00:00+01:00,0.92088,0.92138,0.91703,0.9179
2021-01-31T23:00:00+01:00,0.9179,0.91998,0.91575,0.91838
2021-02-01T11:00:00+01:00,0.91838,0.92079,0.91754,0.91976
2021-02-01T23:00:00+01:00,0.91976,0.921,0.91836,0.91844
2021-02-02T11:00:00+01:00,0.91844,0.92006,0.91578,0.91932
2021-02-02T23:00:00+01:00,0.91932,0.9229,0.9188,0.9205
2021-02-03T11:00:00+01:00,0.9205,0.92242,0.91852,0.92172
2021-02-03T23:00:00+01:00,0.92172,0.92374,0.91936,0.92181
2021-02-04T11:00:00+01:00,0.92181,0.92193,0.91762,0.91779
2021-02-04T23:00:00+01:00,0.91779,0.91856,0.91532,0.9163
2021-02-05T11:00:00+01:00,0.9163,0.92001,0.91359,0.91776
2021-02-07T23:00:00+01:00,0.91776,0.92021,0.91749,0.91892
2021-02-08T11:00:00+01:00,0.91892,0.92205,0.91715,0.91999
2021-02-08T23:00:00+01:00,0.91999,0.92329,0.91948,0.92166
2021-02-09T11:00:00+01:00,0.92166,0.92236,0.9188,0.91916
2021-02-09T23:00:00+01:00,0.91916,0.9202,0.91576,0.91614
2021-02-10T11:00:00+01:00,0.91614,0.91792,0.91467,0.91642
2021-02-10T23:00:00+01:00,0.91642,0.91748,0.9154,0.9164
2021-02-11T11:00:00+01:00,0.9164,0.9184,0.91544,0.91816
2021-02-11T23:00:00+01:00,0.91816,0.91904,0.91598,0.91608
2021-02-12T11:00:00+01:00,0.91608,0.91762,0.91504,0.91667
2021-02-14T23:00:00+01:00,0.91667,0.91995,0.91434,0.91664
2021-02-15T11:00:00+01:00,0.91664,0.91666,0.91288,0.91332
2021-02-15T23:00:00+01:00,0.91332,0.91875,0.91328,0.91812
2021-02-16T11:00:00+01:00,0.91812,0.9182,0.91413,0.91484
2021-02-16T23:00:00+01:00,0.91484,0.91643,0.91249,0.91378
2021-02-17T11:00:00+01:00,0.91378,0.91378,0.91053,0.91308
2021-02-17T23:00:00+01:00,0.91308,0.91542,0.9124,0.9153
2021-02-18T11:00:00+01:00,0.9153,0.91616,0.91297,0.91555
2021-02-18T23:00:00+01:00,0.91555,0.91938,0.9147,0.91836
2021-02-19T11:00:00+01:00,0.91836,0.92165,0.9177,0.92054
2021-02-21T23:00:00+01:00,0.92054,0.92328,0.91947,0.92294
2021-02-22T11:00:00+01:00,0.92294,0.92612,0.92278,0.92471
2021-02-22T23:00:00+01:00,0.92471,0.92471,0.9205,0.92318
2021-02-23T11:00:00+01:00,0.92318,0.92518,0.92262,0.9245
2021-02-23T23:00:00+01:00,0.9245,0.92952,0.92082,0.92814
2021-02-24T11:00:00+01:00,0.92814,0.93296,0.92646,0.93118
2021-02-24T23:00:00+01:00,0.93118,0.93252,0.92844,0.93103
2021-02-25T11:00:00+01:00,0.93103,0.93162,0.9273,0.92883
2021-02-25T23:00:00+01:00,0.92883,0.93046,0.92372,0.92382
2021-02-26T11:00:00+01:00,0.92382,0.92492,0.9189,0.9215
2021-02-28T23:00:00+01:00,0.9215,0.92564,0.91905,0.91907
2021-03-01T11:00:00+01:00,0.91907,0.92156,0.91727,0.9188
2021-03-01T23:00:00+01:00,0.9188,0.92109,0.91526,0.91642
2021-03-02T11:00:00+01:00,0.91642,0.92203,0.91425,0.92156
2021-03-02T23:00:00+01:00,0.92156,0.9223,0.91928,0.9197
2021-03-03T11:00:00+01:00,0.9197,0.92024,0.91522,0.91708
2021-03-03T23:00:00+01:00,0.91708,0.91926,0.91594,0.91714
2021-03-04T11:00:00+01:00,0.91714,0.9173,0.90986,0.91063
2021-03-04T23:00:00+01:00,0.91063,0.91162,0.90568,0.90684
2021-03-05T11:00:00+01:00,0.90684,0.90833,0.90412,0.90691
2021-03-07T23:00:00+01:00,0.90691,0.90829,0.9018,0.90224
2021-03-08T11:00:00+01:00,0.90224,0.90485,0.90156,0.90207
2021-03-08T23:00:00+01:00,0.90207,0.9045,0.90037,0.90386
2021-03-09T11:00:00+01:00,0.90386,0.90739,0.90251,0.90704
2021-03-09T23:00:00+01:00,0.90704,0.9079,0.90436,0.90666
2021-03-10T11:00:00+01:00,0.90666,0.90899,0.90494,0.908
2021-03-10T23:00:00+01:00,0.908,0.91122,0.90462,0.90966
2021-03-11T11:00:00+01:00,0.90966,0.91017,0.90498,0.906
2021-03-11T23:00:00+01:00,0.906,0.90622,0.90107,0.90124
2021-03-12T11:00:00+01:00,0.90124,0.90135,0.89411,0.89534
2021-03-14T22:00:00+01:00,0.89534,0.89888,0.8945,0.89694
2021-03-15T10:00:00+01:00,0.89694,0.89846,0.89554,0.89824
2021-03-15T22:00:00+01:00,0.89824,0.89908,0.89595,0.89696
2021-03-16T10:00:00+01:00,0.89696,0.89812,0.8943,0.89492
2021-03-16T22:00:00+01:00,0.89492,0.89545,0.89339,0.89459
2021-03-17T10:00:00+01:00,0.89459,0.90148,0.89265,0.89809
2021-03-17T22:00:00+01:00,0.89809,0.8996,0.89603,0.89724
2021-03-18T10:00:00+01:00,0.89724,0.89772,0.89342,0.89475
2021-03-18T22:00:00+01:00,0.89475,0.89712,0.89422,0.89564
2021-03-19T10:00:00+01:00,0.89564,0.89739,0.8938,0.89564
2021-03-21T22:00:00+01:00,0.89564,0.89663,0.89279,0.89448
2021-03-22T10:00:00+01:00,0.89448,0.89962,0.89442,0.89682
2021-03-22T22:00:00+01:00,0.89682,0.89769,0.88592,0.88731
2021-03-23T10:00:00+01:00,0.88731,0.88738,0.87946,0.88104
2021-03-23T22:00:00+01:00,0.88104,0.88349,0.87775,0.87876
2021-03-24T10:00:00+01:00,0.87876,0.87965,0.87489,0.876
2021-03-24T22:00:00+01:00,0.876,0.87788,0.87491,0.87712
2021-03-25T10:00:00+01:00,0.87712,0.87868,0.87584,0.87672
2021-03-25T22:00:00+01:00,0.87672,0.87873,0.8762,0.87847
2021-03-26T10:00:00+01:00,0.87847,0.88076,0.87804,0.88031
2021-03-28T23:00:00+02:00,0.88031,0.88127,0.87833,0.87964
2021-03-29T11:00:00+02:00,0.87964,0.88401,0.87946,0.88114
2021-03-29T23:00:00+02:00,0.88114,0.88505,0.88074,0.88203
2021-03-30T11:00:00+02:00,0.88203,0.88322,0.87998,0.88218
2021-03-30T23:00:00+02:00,0.88218,0.88266,0.8792,0.88106
2021-03-31T11:00:00+02:00,0.88106,0.88226,0.8769,0.87745
2021-03-31T23:00:00+02:00,0.87745,0.87799,0.8749,0.8764
2021-04-01T11:00:00+02:00,0.8764,0.88243,0.87638,0.88074
2021-04-01T23:00:00+02:00,0.88074,0.88324,0.87936,0.88282
2021-04-02T11:00:00+02:00,0.88282,0.88515,0.88067,0.88416
2021-04-04T23:00:00+02:00,0.88416,0.88442,0.88236,0.8842
2021-04-05T11:00:00+02:00,0.8842,0.88576,0.88352,0.8841
2021-04-05T23:00:00+02:00,0.8841,0.88509,0.88068,0.88152
2021-04-06T11:00:00+02:00,0.88152,0.88752,0.8801,0.88716
2021-04-06T23:00:00+02:00,0.88716,0.88871,0.88654,0.88711
2021-04-07T11:00:00+02:00,0.88711,0.88806,0.88367,0.88434
2021-04-07T23:00:00+02:00,0.88434,0.88688,0.88363,0.88644
2021-04-08T11:00:00+02:00,0.88644,0.88886,0.88546,0.88663
2021-04-08T23:00:00+02:00,0.88663,0.8874,0.88386,0.88582
2021-04-09T11:00:00+02:00,0.88582,0.88721,0.8809,0.8809
2021-04-11T23:00:00+02:00,0.8809,0.88398,0.87948,0.88308
2021-04-12T11:00:00+02:00,0.88308,0.88389,0.88224,0.88311
2021-04-12T23:00:00+02:00,0.88311,0.88566,0.88126,0.8852
2021-04-13T11:00:00+02:00,0.8852,0.88694,0.8822,0.88436
2021-04-13T23:00:00+02:00,0.88436,0.89303,0.8831,0.8921
2021-04-14T11:00:00+02:00,0.8921,0.89605,0.89177,0.89413
2021-04-14T23:00:00+02:00,0.89413,0.8965,0.89322,0.89574
2021-04-15T11:00:00+02:00,0.89574,0.90042,0.89356,0.89948
2021-04-15T23:00:00+02:00,0.89948,0.9005,0.8953,0.89622
2021-04-16T11:00:00+02:00,0.89622,0.89676,0.89119,0.89365
2021-04-18T23:00:00+02:00,0.89365,0.89769,0.89122,0.89744
2021-04-19T11:00:00+02:00,0.89744,0.90061,0.89666,0.90061
2021-04-19T23:00:00+02:00,0.90061,0.90262,0.89868,0.90172
2021-04-20T11:00:00+02:00,0.90172,0.90646,0.90098,0.90474
2021-04-20T23:00:00+02:00,0.90474,0.90557,0.9028,0.90328
2021-04-21T11:00:00+02:00,0.90328,0.90826,0.89897,0.90104
2021-04-21T23:00:00+02:00,0.90104,0.9015,0.89712,0.89735
2021-04-22T11:00:00+02:00,0.89735,0.89954,0.89375,0.89632
2021-04-22T23:00:00+02:00,0.89632,0.89686,0.89413,0.8963
2021-04-23T11:00:00+02:00,0.8963,0.89873,0.89508,0.89822
2021-04-25T23:00:00+02:00,0.89822,0.89942,0.89731,0.89907
2021-04-26T11:00:00+02:00,0.89907,0.89997,0.89538,0.89677
2021-04-26T23:00:00+02:00,0.89677,0.89718,0.89432,0.89512
2021-04-27T11:00:00+02:00,0.89512,0.89684,0.89338,0.89386
2021-04-27T23:00:00+02:00,0.89386,0.89481,0.89194,0.8944
2021-04-28T11:00:00+02:00,0.8944,0.89616,0.89294,0.89375
2021-04-28T23:00:00+02:00,0.89375,0.89544,0.89159,0.89209
2021-04-29T11:00:00+02:00,0.89209,0.89342,0.88868,0.8896
2021-04-29T23:00:00+02:00,0.8896,0.89093,0.88798,0.8881
2021-04-30T11:00:00+02:00,0.8881,0.88874,0.87886,0.88038
2021-05-02T23:00:00+02:00,0.88038,0.88287,0.87903,0.88062
2021-05-03T11:00:00+02:00,0.88062,0.88531,0.88058,0.88368
2021-05-03T23:00:00+02:00,0.88368,0.88482,0.87984,0.87994
2021-05-04T11:00:00+02:00,0.87994,0.8815,0.87752,0.87952
2021-05-04T23:00:00+02:00,0.87952,0.8828,0.87896,0.8808
2021-05-05T11:00:00+02:00,0.8808,0.88573,0.88069,0.88511
2021-05-05T23:00:00+02:00,0.88511,0.88638,0.88116,0.88284
2021-05-06T11:00:00+02:00,0.88284,0.88392,0.87878,0.87885
2021-05-06T23:00:00+02:00,0.87885,0.88092,0.87812,0.88016
2021-05-07T11:00:00+02:00,0.88016,0.8858,0.87794,0.88307
2021-05-09T23:00:00+02:00,0.88307,0.88443,0.88043,0.88294
2021-05-10T11:00:00+02:00,0.88294,0.88442,0.87866,0.87975
2021-05-10T23:00:00+02:00,0.87975,0.88076,0.87832,0.88049
2021-05-11T11:00:00+02:00,0.88049,0.88207,0.87824,0.88042
2021-05-11T23:00:00+02:00,0.88042,0.88074,0.87326,0.87384
2021-05-12T11:00:00+02:00,0.87384,0.87493,0.86654,0.86858
2021-05-12T23:00:00+02:00,0.86858,0.87024,0.86768,0.86849
2021-05-13T11:00:00+02:00,0.86849,0.87498,0.86668,0.87393
2021-05-13T23:00:00+02:00,0.87393,0.87484,0.87231,0.87482
2021-05-14T11:00:00+02:00,0.87482,0.87854,0.87382,0.87787
2021-05-16T23:00:00+02:00,0.87787,0.87834,0.87342,0.87414
2021-05-17T11:00:00+02:00,0.87414,0.87438,0.86936,0.86977
2021-05-17T23:00:00+02:00,0.86977,0.87286,0.86893,0.87212
2021-05-18T11:00:00+02:00,0.87212,0.87468,0.87174,0.87395
2021-05-18T23:00:00+02:00,0.87395,0.87484,0.87042,0.87049
2021-05-19T11:00:00+02:00,0.87049,0.87054,0.8664,0.87016
2021-05-19T23:00:00+02:00,0.87016,0.87134,0.86817,0.87074
2021-05-20T11:00:00+02:00,0.87074,0.8712,0.86727,0.86882
2021-05-20T23:00:00+02:00,0.86882,0.86882,0.86698,0.86774
2021-05-21T11:00:00+02:00,0.86774,0.86921,0.86352,0.86603
2021-05-23T23:00:00+02:00,0.86603,0.86753,0.86393,0.86576
2021-05-24T11:00:00+02:00,0.86576,0.87076,0.86494,0.86932
2021-05-24T23:00:00+02:00,0.86932,0.87132,0.86781,0.87094
2021-05-25T11:00:00+02:00,0.87094,0.87337,0.86992,0.87224
2021-05-25T23:00:00+02:00,0.87224,0.88271,0.87131,0.88118
2021-05-26T11:00:00+02:00,0.88118,0.88528,0.88089,0.88271
2021-05-26T23:00:00+02:00,0.88271,0.88446,0.88176,0.88325
2021-05-27T11:00:00+02:00,0.88325,0.88436,0.87888,0.88016
2021-05-27T23:00:00+02:00,0.88016,0.8807,0.87552,0.87698
2021-05-28T11:00:00+02:00,0.87698,0.87806,0.87361,0.8752
2021-05-30T23:00:00+02:00,0.8752,0.87708,0.87366,0.87616
2021-05-31T11:00:00+02:00,0.87616,0.87972,0.8755,0.87678
2021-05-31T23:00:00+02:00,0.87678,0.87832,0.87446,0.87455
2021-06-01T11:00:00+02:00,0.87455,0.87636,0.87126,0.87592
2021-06-01T23:00:00+02:00,0.87592,0.87688,0.87243,0.87266
2021-06-02T11:00:00+02:00,0.87266,0.87406,0.87037,0.87102
2021-06-02T23:00:00+02:00,0.87102,0.87156,0.86889,0.87092
2021-06-03T11:00:00+02:00,0.87092,0.87144,0.86303,0.86536
2021-06-03T23:00:00+02:00,0.86536,0.86743,0.86452,0.86716
2021-06-04T11:00:00+02:00,0.86716,0.87183,0.86642,0.87178
2021-06-06T23:00:00+02:00,0.87178,0.87258,0.86911,0.87248
2021-06-07T11:00:00+02:00,0.87248,0.87492,0.87072,0.87324
2021-06-07T23:00:00+02:00,0.87324,0.87404,0.87123,0.87171
2021-06-08T11:00:00+02:00,0.87171,0.8723,0.86936,0.87159
2021-06-08T23:00:00+02:00,0.87159,0.87221,0.87026,0.87086
2021-06-09T11:00:00+02:00,0.87086,0.87107,0.86671,0.86946
2021-06-09T23:00:00+02:00,0.86946,0.87067,0.86835,0.87028
2021-06-10T11:00:00+02:00,0.87028,0.8714,0.8689,0.87022
2021-06-10T23:00:00+02:00,0.87022,0.872,0.8689,0.8705
2021-06-11T11:00:00+02:00,0.8705,0.87081,0.86437,0.86661
2021-06-13T23:00:00+02:00,0.86661,0.86842,0.86636,0.8682
2021-06-14T11:00:00+02:00,0.8682,0.8693,0.86662,0.86759
2021-06-14T23:00:00+02:00,0.86759,0.86874,0.86635,0.86824
2021-06-15T11:00:00+02:00,0.86824,0.86962,0.86576,0.86797
2021-06-15T23:00:00+02:00,0.86797,0.87038,0.86746,0.86989
2021-06-16T11:00:00+02:00,0.86989,0.87122,0.86415,0.8657
2021-06-16T23:00:00+02:00,0.8657,0.87166,0.86493,0.86887
2021-06-17T11:00:00+02:00,0.86887,0.86901,0.86353,0.8657
2021-06-17T23:00:00+02:00,0.8657,0.86636,0.86204,0.86454
2021-06-18T11:00:00+02:00,0.86454,0.86543,0.85994,0.86473
2021-06-20T23:00:00+02:00,0.86473,0.86822,0.86305,0.86734
2021-06-21T11:00:00+02:00,0.86734,0.86764,0.86267,0.8639
2021-06-21T23:00:00+02:00,0.8639,0.86494,0.86238,0.86409
2021-06-22T11:00:00+02:00,0.86409,0.86662,0.86336,0.86444
2021-06-22T23:00:00+02:00,0.86444,0.86575,0.86238,0.86549
2021-06-23T11:00:00+02:00,0.86549,0.86776,0.86475,0.8673
2021-06-23T23:00:00+02:00,0.8673,0.86877,0.86662,0.8678
2021-06-24T11:00:00+02:00,0.8678,0.87101,0.86689,0.87001
2021-06-24T23:00:00+02:00,0.87001,0.87148,0.86964,0.8706
2021-06-25T11:00:00+02:00,0.8706,0.87226,0.86824,0.86914
2021-06-27T23:00:00+02:00,0.86914,0.87197,0.86752,0.86872
2021-06-28T11:00:00+02:00,0.86872,0.86964,0.86746,0.86844
2021-06-28T23:00:00+02:00,0.86844,0.86972,0.86597,0.86669
2021-06-29T11:00:00+02:00,0.86669,0.86742,0.8638,0.86718
2021-06-29T23:00:00+02:00,0.86718,0.8685,0.8664,0.86681
2021-06-30T11:00:00+02:00,0.86681,0.86718,0.86312,0.86628
2021-06-30T23:00:00+02:00,0.86628,0.8678,0.8647,0.86694
2021-07-01T11:00:00+02:00,0.86694,0.86741,0.86522,0.86712
2021-07-01T23:00:00+02:00,0.86712,0.86784,0.86468,0.86528
2021-07-02T11:00:00+02:00,0.86528,0.86829,0.86308,0.86588
2021-07-04T23:00:00+02:00,0.86588,0.86768,0.86493,0.86716
2021-07-05T11:00:00+02:00,0.86716,0.87052,0.8645,0.86695
2021-07-05T23:00:00+02:00,0.86695,0.87466,0.86608,0.87418
2021-07-06T11:00:00+02:00,0.87418,0.87814,0.87294,0.87327
2021-07-06T23:00:00+02:00,0.87327,0.87612,0.873,0.87432
2021-07-07T11:00:00+02:00,0.87432,0.8781,0.87387,0.87583
2021-07-07T23:00:00+02:00,0.87583,0.87652,0.87367,0.87565
2021-07-08T11:00:00+02:00,0.87565,0.87647,0.86916,0.87089
2021-07-08T23:00:00+02:00,0.87089,0.87197,0.86884,0.87036
2021-07-09T11:00:00+02:00,0.87036,0.87382,0.87012,0.87053
2021-07-11T23:00:00+02:00,0.87053,0.87327,0.86881,0.87056
2021-07-12T11:00:00+02:00,0.87056,0.87175,0.86898,0.8697
2021-07-12T23:00:00+02:00,0.8697,0.87233,0.86928,0.87102
2021-07-13T11:00:00+02:00,0.87102,0.87266,0.86671,0.86944
2021-07-13T23:00:00+02:00,0.86944,0.87834,0.86903,0.87681
2021-07-14T11:00:00+02:00,0.87681,0.88068,0.87475,0.88055
2021-07-14T23:00:00+02:00,0.88055,0.88136,0.87754,0.87861
2021-07-15T11:00:00+02:00,0.87861,0.88178,0.87611,0.87941
2021-07-15T23:00:00+02:00,0.87941,0.88473,0.87825,0.88302
2021-07-16T11:00:00+02:00,0.88302,0.88495,0.88088,0.88262
2021-07-18T23:00:00+02:00,0.88262,0.88764,0.88131,0.88707
2021-07-19T11:00:00+02:00,0.88707,0.89128,0.88265,0.88518
2021-07-19T23:00:00+02:00,0.88518,0.88562,0.88037,0.88151
2021-07-20T11:00:00+02:00,0.88151,0.88186,0.877,0.87716
2021-07-20T23:00:00+02:00,0.87716,0.87937,0.87656,0.87789
2021-07-21T11:00:00+02:00,0.87789,0.87926,0.87336,0.87546
2021-07-21T23:00:00+02:00,0.87546,0.87618,0.87386,0.87502
2021-07-22T11:00:00+02:00,0.87502,0.87697,0.87384,0.87598
2021-07-22T23:00:00+02:00,0.87598,0.87786,0.87409,0.87674
2021-07-23T11:00:00+02:00,0.87674,0.87918,0.87608,0.8761
2021-07-25T23:00:00+02:00,0.8761,0.87793,0.87458,0.87502
2021-07-26T11:00:00+02:00,0.87502,0.8788,0.8748,0.87842
2021-07-26T23:00:00+02:00,0.87842,0.87877,0.87457,0.87522
2021-07-27T11:00:00+02:00,0.87522,0.87705,0.87319,0.87692
2021-07-27T23:00:00+02:00,0.87692,0.8775,0.8731,0.87362
2021-07-28T11:00:00+02:00,0.87362,0.87368,0.86898,0.87096
2021-07-28T23:00:00+02:00,0.87096,0.8721,0.8696,0.87174
2021-07-29T11:00:00+02:00,0.87174,0.87368,0.87098,0.87272
2021-07-29T23:00:00+02:00,0.87272,0.87332,0.87052,0.8721
2021-07-30T11:00:00+02:00,0.8721,0.87244,0.86832,0.86992
2021-08-01T23:00:00+02:00,0.86992,0.87169,0.8675,0.87012
2021-08-02T11:00:00+02:00,0.87012,0.87314,0.869,0.87172
2021-08-02T23:00:00+02:00,0.87172,0.87847,0.87106,0.87676
2021-08-03T11:00:00+02:00,0.87676,0.88092,0.87575,0.87973
2021-08-03T23:00:00+02:00,0.87973,0.88712,0.87956,0.886
2021-08-04T11:00:00+02:00,0.886,0.88892,0.88246,0.88398
2021-08-04T23:00:00+02:00,0.88398,0.88528,0.88231,0.88398
2021-08-05T11:00:00+02:00,0.88398,0.88498,0.88128,0.88232
2021-08-05T23:00:00+02:00,0.88232,0.88232,0.88068,0.88224
2021-08-06T11:00:00+02:00,0.88224,0.88351,0.87959,0.88012
2021-08-08T23:00:00+02:00,0.88012,0.8823,0.87812,0.88
2021-08-09T11:00:00+02:00,0.88,0.88214,0.87907,0.8794
2021-08-09T23:00:00+02:00,0.8794,0.88026,0.87667,0.87842
2021-08-10T11:00:00+02:00,0.87842,0.87986,0.87679,0.87768
2021-08-10T23:00:00+02:00,0.87768,0.87816,0.87661,0.87717
2021-08-11T11:00:00+02:00,0.87717,0.88234,0.87713,0.8806
2021-08-11T23:00:00+02:00,0.8806,0.88158,0.87874,0.88036
2021-08-12T11:00:00+02:00,0.88036,0.8804,0.87554,0.87715
2021-08-12T23:00:00+02:00,0.87715,0.87887,0.87616,0.87708
2021-08-13T11:00:00+02:00,0.87708,0.88186,0.87664,0.88124
2021-08-15T23:00:00+02:00,0.88124,0.88246,0.88058,0.8821
2021-08-16T11:00:00+02:00,0.8821,0.88389,0.88145,0.8825
2021-08-16T23:00:00+02:00,0.8825,0.88433,0.87221,0.87402
2021-08-17T11:00:00+02:00,0.87402,0.87449,0.87129,0.8739
2021-08-17T23:00:00+02:00,0.8739,0.87684,0.86802,0.87258
2021-08-18T11:00:00+02:00,0.87258,0.87258,0.86804,0.87107
2021-08-18T23:00:00+02:00,0.87107,0.87326,0.86649,0.8696
2021-08-19T11:00:00+02:00,0.8696,0.87664,0.86936,0.87586
2021-08-19T23:00:00+02:00,0.87586,0.88122,0.87155,0.88078
2021-08-20T11:00:00+02:00,0.88078,0.8823,0.87498,0.87521
2021-08-22T23:00:00+02:00,0.87521,0.87748,0.87261,0.87332
2021-08-23T11:00:00+02:00,0.87332,0.87504,0.87053,0.8716
2021-08-23T23:00:00+02:00,0.8716,0.87622,0.87072,0.8762
2021-08-24T11:00:00+02:00,0.8762,0.87789,0.87441,0.8765
2021-08-24T23:00:00+02:00,0.8765,0.87746,0.87342,0.87736
2021-08-25T11:00:00+02:00,0.87736,0.87992,0.8767,0.87816
2021-08-25T23:00:00+02:00,0.87816,0.87918,0.87624,0.87686
2021-08-26T11:00:00+02:00,0.87686,0.88175,0.87634,0.88156
2021-08-26T23:00:00+02:00,0.88156,0.88268,0.87986,0.88128
2021-08-27T11:00:00+02:00,0.88128,0.8855,0.88032,0.88498
2021-08-29T23:00:00+02:00,0.88498,0.88527,0.88232,0.88322
2021-08-30T11:00:00+02:00,0.88322,0.88345,0.88068,0.88242
2021-08-30T23:00:00+02:00,0.88242,0.88896,0.88174,0.8881
2021-08-31T11:00:00+02:00,0.8881,0.89058,0.88726,0.88919
2021-08-31T23:00:00+02:00,0.88919,0.89015,0.8882,0.88914
2021-09-01T11:00:00+02:00,0.88914,0.89264,0.88678,0.89254
2021-09-01T23:00:00+02:00,0.89254,0.89296,0.89126,0.89288
2021-09-02T11:00:00+02:00,0.89288,0.89606,0.89223,0.89236
2021-09-02T23:00:00+02:00,0.89236,0.89446,0.89199,0.89406
2021-09-03T11:00:00+02:00,0.89406,0.89749,0.8926,0.89616
2021-09-05T23:00:00+02:00,0.89616,0.89749,0.89487,0.89562
2021-09-06T11:00:00+02:00,0.89562,0.89688,0.89358,0.89448
2021-09-06T23:00:00+02:00,0.89448,0.89594,0.89218,0.89458
2021-09-07T11:00:00+02:00,0.89458,0.8981,0.89424,0.89778
2021-09-07T23:00:00+02:00,0.89778,0.89996,0.89699,0.89904
2021-09-08T11:00:00+02:00,0.89904,0.90328,0.89825,0.90092
2021-09-08T23:00:00+02:00,0.90092,0.90408,0.8997,0.90302
2021-09-09T11:00:00+02:00,0.90302,0.90418,0.89889,0.90049
2021-09-09T23:00:00+02:00,0.90049,0.90181,0.89833,0.90112
2021-09-10T11:00:00+02:00,0.90112,0.90354,0.89983,0.90275
2021-09-12T23:00:00+02:00,0.90275,0.90328,0.89964,0.90144
2021-09-13T11:00:00+02:00,0.90144,0.9016,0.89949,0.90084
2021-09-13T23:00:00+02:00,0.90084,0.90209,0.89886,0.90052
2021-09-14T11:00:00+02:00,0.90052,0.90175,0.89851,0.90112
2021-09-14T23:00:00+02:00,0.90112,0.90128,0.89888,0.90046
2021-09-15T11:00:00+02:00,0.90046,0.90104,0.89686,0.89771
2021-09-15T23:00:00+02:00,0.89771,0.90098,0.89689,0.89902
2021-09-16T11:00:00+02:00,0.89902,0.89937,0.89559,0.89677
2021-09-16T23:00:00+02:00,0.89677,0.89757,0.89492,0.89524
2021-09-17T11:00:00+02:00,0.89524,0.89935,0.89442,0.8984
2021-09-19T23:00:00+02:00,0.8984,0.89974,0.89698,0.8993
2021-09-20T11:00:00+02:00,0.8993,0.90357,0.89901,0.90147
2021-09-20T23:00:00+02:00,0.90147,0.90271,0.89576,0.89924
2021-09-21T11:00:00+02:00,0.89924,0.89992,0.89614,0.89843
2021-09-21T23:00:00+02:00,0.89843,0.8996,0.89676,0.89936
2021-09-22T11:00:00+02:00,0.89936,0.89938,0.89378,0.89486
2021-09-22T23:00:00+02:00,0.89486,0.89553,0.89035,0.8923
2021-09-23T11:00:00+02:00,0.8923,0.8974,0.89156,0.89459
2021-09-23T23:00:00+02:00,0.89459,0.89892,0.89372,0.89389
2021-09-24T11:00:00+02:00,0.89389,0.89393,0.88594,0.88723
2021-09-26T23:00:00+02:00,0.88723,0.88899,0.88514,0.88594
2021-09-27T11:00:00+02:00,0.88594,0.88788,0.88492,0.88616
2021-09-27T23:00:00+02:00,0.88616,0.88684,0.88162,0.88168
2021-09-28T11:00:00+02:00,0.88168,0.88376,0.87993,0.88266
2021-09-28T23:00:00+02:00,0.88266,0.88312,0.88017,0.88126
2021-09-29T11:00:00+02:00,0.88126,0.88171,0.87518,0.87609
2021-09-29T23:00:00+02:00,0.87609,0.87722,0.87402,0.87404
2021-09-30T11:00:00+02:00,0.87404,0.87786,0.87325,0.8748
2021-09-30T23:00:00+02:00,0.8748,0.87746,0.87235,0.87627
2021-10-01T11:00:00+02:00,0.87627,0.87925,0.87552,0.8781
2021-10-03T23:00:00+02:00,0.8781,0.87814,0.87579,0.87726
2021-10-04T11:00:00+02:00,0.87726,0.88062,0.87484,0.8768
2021-10-04T23:00:00+02:00,0.8768,0.87816,0.87458,0.87653
2021-10-05T11:00:00+02:00,0.87653,0.87802,0.87433,0.87626
2021-10-05T23:00:00+02:00,0.87626,0.87866,0.86963,0.86974
2021-10-06T11:00:00+02:00,0.86974,0.87396,0.86926,0.8704
2021-10-06T23:00:00+02:00,0.8704,0.87226,0.86965,0.87164
2021-10-07T11:00:00+02:00,0.87164,0.87286,0.86884,0.8698
2021-10-07T23:00:00+02:00,0.8698,0.87157,0.8672,0.86783
2021-10-08T11:00:00+02:00,0.86783,0.86962,0.86376,0.86422
2021-10-10T23:00:00+02:00,0.86422,0.8656,0.86146,0.86552
2021-10-11T11:00:00+02:00,0.86552,0.86772,0.86363,0.866
2021-10-11T23:00:00+02:00,0.866,0.86751,0.8648,0.86728
2021-10-12T11:00:00+02:00,0.86728,0.86827,0.86336,0.86403
2021-10-12T23:00:00+02:00,0.86403,0.86732,0.86292,0.86552
2021-10-13T11:00:00+02:00,0.86552,0.86702,0.8619,0.86631
2021-10-13T23:00:00+02:00,0.86631,0.87063,0.86529,0.86958
2021-10-14T11:00:00+02:00,0.86958,0.87168,0.86812,0.8704
2021-10-14T23:00:00+02:00,0.8704,0.87239,0.86948,0.87065
2021-10-15T11:00:00+02:00,0.87065,0.8764,0.86992,0.87475
2021-10-17T23:00:00+02:00,0.87475,0.8778,0.87404,0.87505
2021-10-18T11:00:00+02:00,0.87505,0.87762,0.87399,0.87702
2021-10-18T23:00:00+02:00,0.87702,0.88132,0.87622,0.8807
2021-10-19T11:00:00+02:00,0.8807,0.88618,0.88039,0.88467
2021-10-19T23:00:00+02:00,0.88467,0.88629,0.88372,0.88464
2021-10-20T11:00:00+02:00,0.88464,0.88828,0.88405,0.88744
2021-10-20T23:00:00+02:00,0.88744,0.88808,0.88298,0.88542
2021-10-21T11:00:00+02:00,0.88542,0.88966,0.88258,0.88514
2021-10-21T23:00:00+02:00,0.88514,0.88654,0.88374,0.88618
2021-10-22T11:00:00+02:00,0.88618,0.88702,0.88046,0.88506
2021-10-24T23:00:00+02:00,0.88506,0.8859,0.8833,0.88388
2021-10-25T11:00:00+02:00,0.88388,0.88804,0.88179,0.88661
2021-10-25T23:00:00+02:00,0.88661,0.88853,0.88601,0.88694
2021-10-26T11:00:00+02:00,0.88694,0.88861,0.88593,0.8875
2021-10-26T23:00:00+02:00,0.8875,0.89211,0.88575,0.88593
2021-10-27T11:00:00+02:00,0.88593,0.89094,0.88214,0.88592
2021-10-27T23:00:00+02:00,0.88592,0.88878,0.88356,0.8875
2021-10-28T11:00:00+02:00,0.8875,0.89041,0.88654,0.88908
2021-10-28T23:00:00+02:00,0.88908,0.89006,0.88657,0.88728
2021-10-29T11:00:00+02:00,0.88728,0.889,0.88383,0.88856
2021-10-31T22:00:00+01:00,0.88856,0.88936,0.88582,0.88877
2021-11-01T10:00:00+01:00,0.88877,0.89076,0.888,0.88876
2021-11-01T22:00:00+01:00,0.88876,0.88958,0.88568,0.88835
2021-11-02T10:00:00+01:00,0.88835,0.88856,0.88024,0.88259
2021-11-02T22:00:00+01:00,0.88259,0.88604,0.88018,0.88554
2021-11-03T10:00:00+01:00,0.88554,0.88864,0.88486,0.88718
2021-11-03T22:00:00+01:00,0.88718,0.88864,0.8846,0.88514
2021-11-04T10:00:00+01:00,0.88514,0.88874,0.88342,0.88454
2021-11-04T22:00:00+01:00,0.88454,0.88643,0.88213,0.88338
2021-11-05T10:00:00+01:00,0.88338,0.8873,0.88226,0.88672
2021-11-07T23:00:00+01:00,0.88672,0.89039,0.88479,0.88952
2021-11-08T11:00:00+01:00,0.88952,0.89414,0.88906,0.8917
2021-11-08T23:00:00+01:00,0.8917,0.89248,0.88962,0.88982
2021-11-09T11:00:00+01:00,0.88982,0.89088,0.88579,0.88697
2021-11-09T23:00:00+01:00,0.88697,0.88749,0.88216,0.8831
2021-11-10T11:00:00+01:00,0.8831,0.88424,0.88044,0.88215
2021-11-10T23:00:00+01:00,0.88215,0.88284,0.87883,0.87939
2021-11-11T11:00:00+01:00,0.87939,0.88565,0.87905,0.8834
2021-11-11T23:00:00+01:00,0.8834,0.88518,0.88116,0.88356
2021-11-12T11:00:00+01:00,0.88356,0.88544,0.8826,0.88419
2021-11-14T23:00:00+01:00,0.88419,0.88588,0.88254,0.88556
2021-11-15T11:00:00+01:00,0.88556,0.88672,0.88074,0.88176
2021-11-15T23:00:00+01:00,0.88176,0.88306,0.87979,0.88022
2021-11-16T11:00:00+01:00,0.88022,0.88118,0.87732,0.87816
2021-11-16T23:00:00+01:00,0.87816,0.88056,0.87762,0.88012
2021-11-17T11:00:00+01:00,0.88012,0.88352,0.879,0.88265
2021-11-17T23:00:00+01:00,0.88265,0.88886,0.88208,0.8882
2021-11-18T11:00:00+01:00,0.8882,0.88872,0.88472,0.88812
2021-11-18T23:00:00+01:00,0.88812,0.88819,0.88484,0.88596
2021-11-19T11:00:00+01:00,0.88596,0.88701,0.88418,0.88464
2021-11-21T23:00:00+01:00,0.88464,0.88653,0.8833,0.88466
2021-11-22T11:00:00+01:00,0.88466,0.88663,0.88244,0.88364
2021-11-22T23:00:00+01:00,0.88364,0.88597,0.88,0.88244
2021-11-23T11:00:00+01:00,0.88244,0.88372,0.87987,0.88068
2021-11-23T23:00:00+01:00,0.88068,0.88432,0.8752,0.87606
2021-11-24T11:00:00+01:00,0.87606,0.87709,0.86873,0.87094
2021-11-24T23:00:00+01:00,0.87094,0.87206,0.86734,0.86846
2021-11-25T11:00:00+01:00,0.86846,0.86912,0.86574,0.86768
2021-11-25T23:00:00+01:00,0.86768,0.87146,0.86603,0.87073
2021-11-26T11:00:00+01:00,0.87073,0.87332,0.86915,0.87229
2021-11-28T23:00:00+01:00,0.87229,0.87229,0.86839,0.87053
2021-11-29T11:00:00+01:00,0.87053,0.87128,0.86699,0.86927
2021-11-29T23:00:00+01:00,0.86927,0.8729,0.86807,0.87254
2021-11-30T11:00:00+01:00,0.87254,0.87508,0.86742,0.87192
2021-11-30T23:00:00+01:00,0.87192,0.87422,0.8707,0.87294
2021-12-01T11:00:00+01:00,0.87294,0.8748,0.87191,0.87278
2021-12-01T23:00:00+01:00,0.87278,0.87442,0.87044,0.87197
2021-12-02T11:00:00+01:00,0.87197,0.87569,0.87134,0.87316
2021-12-02T23:00:00+01:00,0.87316,0.87462,0.86884,0.86921
2021-12-03T11:00:00+01:00,0.86921,0.87204,0.86345,0.86694
2021-12-05T23:00:00+01:00,0.86694,0.8675,0.86357,0.86372
2021-12-06T11:00:00+01:00,0.86372,0.86536,0.86065,0.86176
2021-12-06T23:00:00+01:00,0.86176,0.86225,0.85933,0.85985
2021-12-07T11:00:00+01:00,0.85985,0.86032,0.85652,0.85826
2021-12-07T23:00:00+01:00,0.85826,0.85944,0.85556,0.85584
2021-12-08T11:00:00+01:00,0.85584,0.86288,0.85491,0.86151
2021-12-08T23:00:00+01:00,0.86151,0.86357,0.86073,0.86242
2021-12-09T11:00:00+01:00,0.86242,0.86406,0.86082,0.86388
2021-12-09T23:00:00+01:00,0.86388,0.86432,0.86154,0.86194
2021-12-10T11:00:00+01:00,0.86194,0.86554,0.86051,0.86524
2021-12-12T23:00:00+01:00,0.86524,0.86586,0.8631,0.8639
2021-12-13T11:00:00+01:00,0.8639,0.86578,0.86308,0.86518
2021-12-13T23:00:00+01:00,0.86518,0.86786,0.86387,0.86618
2021-12-14T11:00:00+01:00,0.86618,0.86836,0.86528,0.86735
2021-12-14T23:00:00+01:00,0.86735,0.86937,0.8647,0.86818
2021-12-15T11:00:00+01:00,0.86818,0.87146,0.86654,0.87098
2021-12-15T23:00:00+01:00,0.87098,0.87235,0.86835,0.87188
2021-12-16T11:00:00+01:00,0.87188,0.873,0.86776,0.86894
2021-12-16T23:00:00+01:00,0.86894,0.86959,0.86586,0.86635
2021-12-17T11:00:00+01:00,0.86635,0.86954,0.8653,0.86902
2021-12-19T23:00:00+01:00,0.86902,0.86965,0.8667,0.86706
2021-12-20T11:00:00+01:00,0.86706,0.8706,0.86694,0.86914
2021-12-20T23:00:00+01:00,0.86914,0.87341,0.86745,0.8729
2021-12-21T11:00:00+01:00,0.8729,0.87486,0.8723,0.87462
2021-12-21T23:00:00+01:00,0.87462,0.87462,0.87056,0.87351
2021-12-22T11:00:00+01:00,0.87351,0.87708,0.87351,0.87476
2021-12-22T23:00:00+01:00,0.87476,0.8766,0.87348,0.87608
2021-12-23T11:00:00+01:00,0.87608,0.87682,0.87274,0.87413
2021-12-23T23:00:00+01:00,0.87413,0.87564,0.8725,0.87433
2021-12-24T11:00:00+01:00,0.87433,0.8759,0.87166,0.87262
2021-12-26T23:00:00+01:00,0.87262,0.87448,0.87106,0.87162
2021-12-27T11:00:00+01:00,0.87162,0.87308,0.8702,0.87158
2021-12-27T23:00:00+01:00,0.87158,0.87202,0.87089,0.87193
2021-12-28T11:00:00+01:00,0.87193,0.87306,0.86991,0.87198
2021-12-28T23:00:00+01:00,0.87198,0.87283,0.87051,0.871
2021-12-29T11:00:00+01:00,0.871,0.87586,0.87088,0.8734
2021-12-29T23:00:00+01:00,0.8734,0.87545,0.87272,0.8738
2021-12-30T11:00:00+01:00,0.8738,0.87658,0.86994,0.87044
2021-12-30T23:00:00+01:00,0.87044,0.87136,0.86917,0.87013
2021-12-31T11:00:00+01:00,0.87013,0.8709,0.86414,0.86519
2022-01-02T23:00:00+01:00,0.86519,0.86736,0.8627,0.86625
2022-01-03T11:00:00+01:00,0.86625,0.86665,0.86394,0.86487
2022-01-03T23:00:00+01:00,0.86487,0.86666,0.86424,0.86631
2022-01-04T11:00:00+01:00,0.86631,0.86636,0.86263,0.86501
2022-01-04T23:00:00+01:00,0.86501,0.86645,0.8639,0.86552
2022-01-05T11:00:00+01:00,0.86552,0.86888,0.86513,0.86696
2022-01-05T23:00:00+01:00,0.86696,0.86734,0.86225,0.86259
2022-01-06T11:00:00+01:00,0.86259,0.86402,0.858,0.85876
2022-01-06T23:00:00+01:00,0.85876,0.85918,0.85716,0.85842
2022-01-07T11:00:00+01:00,0.85842,0.85919,0.85566,0.85668
2022-01-09T23:00:00+01:00,0.85668,0.85792,0.85464,0.85474
2022-01-10T11:00:00+01:00,0.85474,0.85758,0.8539,0.85716
2022-01-10T23:00:00+01:00,0.85716,0.85765,0.85554,0.85645
2022-01-11T11:00:00+01:00,0.85645,0.85665,0.85232,0.85303
2022-01-11T23:00:00+01:00,0.85303,0.85358,0.85098,0.85109
2022-01-12T11:00:00+01:00,0.85109,0.85758,0.84966,0.85632
2022-01-12T23:00:00+01:00,0.85632,0.859,0.85384,0.8588
2022-01-13T11:00:00+01:00,0.8588,0.85949,0.85722,0.85921
2022-01-13T23:00:00+01:00,0.85921,0.85929,0.85523,0.85532
2022-01-14T11:00:00+01:00,0.85532,0.8564,0.85304,0.85377
2022-01-16T23:00:00+01:00,0.85377,0.85517,0.85159,0.85186
2022-01-17T11:00:00+01:00,0.85186,0.85295,0.8503,0.85066
2022-01-17T23:00:00+01:00,0.85066,0.85172,0.84648,0.8482
2022-01-18T11:00:00+01:00,0.8482,0.84901,0.84651,0.8472
2022-01-18T23:00:00+01:00,0.8472,0.84974,0.84572,0.8478
2022-01-19T11:00:00+01:00,0.8478,0.85098,0.84678,0.84908
2022-01-19T23:00:00+01:00,0.84908,0.84908,0.84416,0.846
2022-01-20T11:00:00+01:00,0.846,0.84834,0.8442,0.84484
2022-01-20T23:00:00+01:00,0.84484,0.8452,0.84051,0.84102
2022-01-21T11:00:00+01:00,0.84102,0.84534,0.8408,0.84508
2022-01-23T23:00:00+01:00,0.84508,0.84558,0.84314,0.84472
2022-01-24T11:00:00+01:00,0.84472,0.84674,0.84328,0.84635
2022-01-24T23:00:00+01:00,0.84635,0.8472,0.84322,0.8441
2022-01-25T11:00:00+01:00,0.8441,0.84462,0.84175,0.84434
2022-01-25T23:00:00+01:00,0.84434,0.84504,0.841,0.84121
2022-01-26T11:00:00+01:00,0.84121,0.84468,0.84004,0.84252
2022-01-26T23:00:00+01:00,0.84252,0.8434,0.83854,0.83932
2022-01-27T11:00:00+01:00,0.83932,0.84154,0.83714,0.83886
2022-01-27T23:00:00+01:00,0.83886,0.8402,0.83642,0.83782
2022-01-28T11:00:00+01:00,0.83782,0.83845,0.83502,0.83588
2022-01-30T23:00:00+01:00,0.83588,0.8386,0.83492,0.83784
2022-01-31T11:00:00+01:00,0.83784,0.84142,0.83442,0.83572
2022-01-31T23:00:00+01:00,0.83572,0.83708,0.83484,0.83578
2022-02-01T11:00:00+01:00,0.83578,0.84319,0.8354,0.84196
2022-02-01T23:00:00+01:00,0.84196,0.8436,0.84098,0.84256
2022-02-02T11:00:00+01:00,0.84256,0.84318,0.84008,0.8401
2022-02-02T23:00:00+01:00,0.8401,0.84356,0.8384,0.8433
2022-02-03T11:00:00+01:00,0.8433,0.84624,0.84204,0.84471
2022-02-03T23:00:00+01:00,0.84471,0.84665,0.84378,0.84492
2022-02-04T11:00:00+01:00,0.84492,0.84561,0.8418,0.84405
2022-02-06T23:00:00+01:00,0.84405,0.84702,0.84184,0.84316
2022-02-07T11:00:00+01:00,0.84316,0.8434,0.83928,0.84052
2022-02-07T23:00:00+01:00,0.84052,0.84369,0.84015,0.84306
2022-02-08T11:00:00+01:00,0.84306,0.84493,0.84212,0.84454
2022-02-08T23:00:00+01:00,0.84454,0.84623,0.84368,0.84614
2022-02-09T11:00:00+01:00,0.84614,0.84966,0.84607,0.84664
2022-02-09T23:00:00+01:00,0.84664,0.84843,0.84636,0.84795
2022-02-10T11:00:00+01:00,0.84795,0.85153,0.84539,0.84924
2022-02-10T23:00:00+01:00,0.84924,0.8493,0.84472,0.8463
2022-02-11T11:00:00+01:00,0.8463,0.8491,0.84514,0.8459
2022-02-13T23:00:00+01:00,0.8459,0.84666,0.84274,0.84377
2022-02-14T11:00:00+01:00,0.84377,0.84456,0.84073,0.84208
2022-02-14T23:00:00+01:00,0.84208,0.8456,0.84168,0.84221
2022-02-15T11:00:00+01:00,0.84221,0.84668,0.84116,0.84415
2022-02-15T23:00:00+01:00,0.84415,0.8455,0.8432,0.84348
2022-02-16T11:00:00+01:00,0.84348,0.84864,0.84098,0.84789
2022-02-16T23:00:00+01:00,0.84789,0.85215,0.84748,0.85126
2022-02-17T11:00:00+01:00,0.85126,0.85296,0.84966,0.8505
2022-02-17T23:00:00+01:00,0.8505,0.85308,0.8498,0.85234
2022-02-18T11:00:00+01:00,0.85234,0.85448,0.85182,0.8541
2022-02-20T23:00:00+01:00,0.8541,0.85657,0.85244,0.85653
2022-02-21T11:00:00+01:00,0.85653,0.85765,0.85451,0.8546
2022-02-21T23:00:00+01:00,0.8546,0.8569,0.8528,0.85542
2022-02-22T11:00:00+01:00,0.85542,0.86114,0.85528,0.86004
2022-02-22T23:00:00+01:00,0.86004,0.86429,0.85922,0.86397
2022-02-23T11:00:00+01:00,0.86397,0.86413,0.86137,0.86258
2022-02-23T23:00:00+01:00,0.86258,0.86268,0.85667,0.85968
2022-02-24T11:00:00+01:00,0.85968,0.86042,0.85329,0.85798
2022-02-24T23:00:00+01:00,0.85798,0.85938,0.8564,0.85926
2022-02-25T11:00:00+01:00,0.85926,0.86154,0.85596,0.85666
2022-02-27T23:00:00+01:00,0.85666,0.85772,0.85217,0.85749
2022-02-28T11:00:00+01:00,0.85749,0.85974,0.85658,0.85843
2022-02-28T23:00:00+01:00,0.85843,0.85974,0.85602,0.85794
2022-03-01T11:00:00+01:00,0.85794,0.86146,0.85722,0.86113
2022-03-01T23:00:00+01:00,0.86113,0.86296,0.85904,0.85939
2022-03-02T11:00:00+01:00,0.85939,0.86038,0.85621,0.8574
2022-03-02T23:00:00+01:00,0.8574,0.85774,0.85376,0.85548
2022-03-03T11:00:00+01:00,0.85548,0.86274,0.8554,0.86232
2022-03-03T23:00:00+01:00,0.86232,0.86992,0.8603,0.86942
2022-03-04T11:00:00+01:00,0.86942,0.87506,0.8691,0.87335
2022-03-06T23:00:00+01:00,0.87335,0.88089,0.87148,0.875
2022-03-07T11:00:00+01:00,0.875,0.87602,0.87137,0.8747
2022-03-07T23:00:00+01:00,0.8747,0.877,0.87226,0.87672
2022-03-08T11:00:00+01:00,0.87672,0.87916,0.87572,0.87704
2022-03-08T23:00:00+01:00,0.87704,0.87816,0.87508,0.87742
2022-03-09T11:00:00+01:00,0.87742,0.8791,0.87596,0.87618
2022-03-09T23:00:00+01:00,0.87618,0.87922,0.87389,0.87849
2022-03-10T11:00:00+01:00,0.87849,0.87898,0.87554,0.87632
2022-03-10T23:00:00+01:00,0.87632,0.87709,0.87348,0.8736
2022-03-11T11:00:00+01:00,0.8736,0.87514,0.86545,0.86812
2022-03-13T22:00:00+01:00,0.86812,0.86812,0.86524,0.8666
2022-03-14T10:00:00+01:00,0.8666,0.86778,0.86486,0.8651
2022-03-14T22:00:00+01:00,0.8651,0.86824,0.86383,0.86738
2022-03-15T10:00:00+01:00,0.86738,0.87078,0.86326,0.86425
2022-03-15T22:00:00+01:00,0.86425,0.86483,0.86108,0.86356
2022-03-16T10:00:00+01:00,0.86356,0.86922,0.86262,0.86687
2022-03-16T22:00:00+01:00,0.86687,0.86858,0.86512,0.86648
2022-03-17T10:00:00+01:00,0.86648,0.87187,0.86612,0.86886
2022-03-17T22:00:00+01:00,0.86886,0.87081,0.86778,0.86844
2022-03-18T10:00:00+01:00,0.86844,0.87221,0.86699,0.87056
2022-03-20T22:00:00+01:00,0.87056,0.87208,0.86814,0.86854
2022-03-21T10:00:00+01:00,0.86854,0.8705,0.86584,0.86714
2022-03-21T22:00:00+01:00,0.86714,0.87218,0.86479,0.87194
2022-03-22T10:00:00+01:00,0.87194,0.87608,0.871,0.87532
2022-03-22T22:00:00+01:00,0.87532,0.8767,0.87362,0.87438
2022-03-23T10:00:00+01:00,0.87438,0.87808,0.8726,0.87632
2022-03-23T22:00:00+01:00,0.87632,0.87652,0.87306,0.87349
2022-03-24T10:00:00+01:00,0.87349,0.8746,0.87048,0.87277
2022-03-24T22:00:00+01:00,0.87277,0.8752,0.87156,0.87344
2022-03-25T10:00:00+01:00,0.87344,0.87409,0.86752,0.86805
2022-03-27T23:00:00+02:00,0.86805,0.86976,0.86614,0.86725
2022-03-28T11:00:00+02:00,0.86725,0.86788,0.863,0.8631
2022-03-28T23:00:00+02:00,0.8631,0.86517,0.86028,0.86067
2022-03-29T11:00:00+02:00,0.86067,0.86788,0.86041,0.86712
2022-03-29T23:00:00+02:00,0.86712,0.87068,0.86594,0.8704
2022-03-30T11:00:00+02:00,0.8704,0.8721,0.86776,0.87074
2022-03-30T23:00:00+02:00,0.87074,0.87224,0.86816,0.86848
2022-03-31T11:00:00+02:00,0.86848,0.86979,0.86498,0.86732
2022-03-31T23:00:00+02:00,0.86732,0.86808,0.86425,0.86694
2022-04-01T11:00:00+02:00,0.86694,0.86843,0.8632,0.86628
2022-04-03T23:00:00+02:00,0.86628,0.86798,0.86508,0.86588
2022-04-04T11:00:00+02:00,0.86588,0.87009,0.86546,0.86778
2022-04-04T23:00:00+02:00,0.86778,0.8729,0.86706,0.87276
2022-04-05T11:00:00+02:00,0.87276,0.87304,0.86606,0.86723
2022-04-05T23:00:00+02:00,0.86723,0.87036,0.86554,0.86882
2022-04-06T11:00:00+02:00,0.86882,0.87024,0.86564,0.8677
2022-04-06T23:00:00+02:00,0.8677,0.8703,0.86559,0.86634
2022-04-07T11:00:00+02:00,0.86634,0.86831,0.86528,0.86774
2022-04-07T23:00:00+02:00,0.86774,0.86854,0.8631,0.86368
2022-04-08T11:00:00+02:00,0.86368,0.86438,0.86004,0.86088
2022-04-10T23:00:00+02:00,0.86088,0.86222,0.85952,0.86086
2022-04-11T11:00:00+02:00,0.86086,0.86331,0.86056,0.86225
2022-04-11T23:00:00+02:00,0.86225,0.86486,0.8612,0.8645
2022-04-12T11:00:00+02:00,0.8645,0.86867,0.86404,0.8662
2022-04-12T23:00:00+02:00,0.8662,0.87098,0.8578,0.85816
2022-04-13T11:00:00+02:00,0.85816,0.85861,0.85215,0.85416
2022-04-13T23:00:00+02:00,0.85416,0.85755,0.85302,0.85504
2022-04-14T11:00:00+02:00,0.85504,0.85745,0.8538,0.85546
2022-04-14T23:00:00+02:00,0.85546,0.85856,0.85234,0.85391
2022-04-15T11:00:00+02:00,0.85391,0.85627,0.85235,0.85264
2022-04-17T23:00:00+02:00,0.85264,0.85481,0.8502,0.85095
2022-04-18T11:00:00+02:00,0.85095,0.85196,0.84758,0.84874
2022-04-18T23:00:00+02:00,0.84874,0.85143,0.84674,0.85132
2022-04-19T11:00:00+02:00,0.85132,0.85133,0.8487,0.84982
2022-04-19T23:00:00+02:00,0.84982,0.85314,0.84907,0.85258
2022-04-20T11:00:00+02:00,0.85258,0.85282,0.84885,0.85056
2022-04-20T23:00:00+02:00,0.85056,0.85094,0.84513,0.84788
2022-04-21T11:00:00+02:00,0.84788,0.8483,0.84341,0.84703
2022-04-21T23:00:00+02:00,0.84703,0.84765,0.84266,0.84552
2022-04-22T11:00:00+02:00,0.84552,0.84739,0.84141,0.84324
2022-04-24T23:00:00+02:00,0.84324,0.8451,0.83864,0.84216
2022-04-25T11:00:00+02:00,0.84216,0.84449,0.84038,0.84346
2022-04-25T23:00:00+02:00,0.84346,0.84492,0.84174,0.84459
2022-04-26T11:00:00+02:00,0.84459,0.84744,0.8415,0.84187
2022-04-26T23:00:00+02:00,0.84187,0.84414,0.83952,0.8439
2022-04-27T11:00:00+02:00,0.8439,0.84561,0.83844,0.83854
2022-04-27T23:00:00+02:00,0.83854,0.83905,0.83148,0.83494
2022-04-28T11:00:00+02:00,0.83494,0.8354,0.82962,0.8309
2022-04-28T23:00:00+02:00,0.8309,0.83228,0.82982,0.83159
2022-04-29T11:00:00+02:00,0.83159,0.8333,0.82784,0.83032
2022-05-01T23:00:00+02:00,0.83032,0.83183,0.82644,0.82976
2022-05-02T11:00:00+02:00,0.82976,0.831,0.8278,0.82876
2022-05-02T23:00:00+02:00,0.82876,0.83142,0.82601,0.82672
2022-05-03T11:00:00+02:00,0.82672,0.82956,0.82552,0.8262
2022-05-03T23:00:00+02:00,0.8262,0.82748,0.82464,0.82642
2022-05-04T11:00:00+02:00,0.82642,0.83529,0.82519,0.83344
2022-05-04T23:00:00+02:00,0.83344,0.83624,0.82939,0.83116
2022-05-05T11:00:00+02:00,0.83116,0.83131,0.82203,0.82482
2022-05-05T23:00:00+02:00,0.82482,0.82622,0.8225,0.824
2022-05-06T11:00:00+02:00,0.824,0.82938,0.82292,0.82712
2022-05-08T23:00:00+02:00,0.82712,0.8279,0.81991,0.82026
2022-05-09T11:00:00+02:00,0.82026,0.82429,0.82008,0.82248
2022-05-09T23:00:00+02:00,0.82248,0.82476,0.81872,0.82222
2022-05-10T11:00:00+02:00,0.82222,0.82238,0.81826,0.81959
2022-05-10T23:00:00+02:00,0.81959,0.82258,0.81863,0.82212
2022-05-11T11:00:00+02:00,0.82212,0.82464,0.81718,0.81792
2022-05-11T23:00:00+02:00,0.81792,0.8187,0.8127,0.81284
2022-05-12T11:00:00+02:00,0.81284,0.81486,0.81219,0.81286
2022-05-12T23:00:00+02:00,0.81286,0.8139,0.8118,0.81232
2022-05-13T11:00:00+02:00,0.81232,0.81265,0.80869,0.81202
2022-05-15T23:00:00+02:00,0.81202,0.81206,0.80731,0.81068
2022-05-16T11:00:00+02:00,0.81068,0.81353,0.80892,0.81064
2022-05-16T23:00:00+02:00,0.81064,0.816,0.80982,0.8157
2022-05-17T11:00:00+02:00,0.8157,0.81714,0.81412,0.81486
2022-05-17T23:00:00+02:00,0.81486,0.81676,0.81402,0.81568
2022-05-18T11:00:00+02:00,0.81568,0.81636,0.81081,0.81157
2022-05-18T23:00:00+02:00,0.81157,0.81421,0.80976,0.81309
2022-05-19T11:00:00+02:00,0.81309,0.82112,0.81295,0.81847
2022-05-19T23:00:00+02:00,0.81847,0.82017,0.8164,0.81962
2022-05-20T11:00:00+02:00,0.81962,0.82345,0.81824,0.82262
2022-05-22T23:00:00+02:00,0.82262,0.82823,0.82118,0.82804
2022-05-23T11:00:00+02:00,0.82804,0.8293,0.82541,0.82587
2022-05-23T23:00:00+02:00,0.82587,0.8264,0.82274,0.82288
2022-05-24T11:00:00+02:00,0.82288,0.82842,0.8228,0.8282
2022-05-24T23:00:00+02:00,0.8282,0.83534,0.8237,0.83092
2022-05-25T11:00:00+02:00,0.83092,0.83092,0.82795,0.83048
2022-05-25T23:00:00+02:00,0.83048,0.83234,0.82834,0.82972
2022-05-26T11:00:00+02:00,0.82972,0.83085,0.82522,0.82764
2022-05-26T23:00:00+02:00,0.82764,0.83205,0.8272,0.8311
2022-05-27T11:00:00+02:00,0.8311,0.8343,0.82994,0.83138
2022-05-29T23:00:00+02:00,0.83138,0.83316,0.8297,0.8305
2022-05-30T11:00:00+02:00,0.8305,0.8313,0.82838,0.83002
2022-05-30T23:00:00+02:00,0.83002,0.8306,0.82634,0.82674
2022-05-31T11:00:00+02:00,0.82674,0.82699,0.82088,0.82434
2022-05-31T23:00:00+02:00,0.82434,0.82559,0.82073,0.8229
2022-06-01T11:00:00+02:00,0.8229,0.82512,0.81838,0.82061
2022-06-01T23:00:00+02:00,0.82061,0.82275,0.81948,0.82248
2022-06-02T11:00:00+02:00,0.82248,0.82545,0.82235,0.82454
2022-06-02T23:00:00+02:00,0.82454,0.82598,0.82333,0.82336
2022-06-03T11:00:00+02:00,0.82336,0.8234,0.81828,0.81912
2022-06-05T23:00:00+02:00,0.81912,0.82094,0.81784,0.82077
2022-06-06T11:00:00+02:00,0.82077,0.82088,0.81557,0.81638
2022-06-06T23:00:00+02:00,0.81638,0.81692,0.81185,0.81284
2022-06-07T11:00:00+02:00,0.81284,0.81399,0.80942,0.81328
2022-06-07T23:00:00+02:00,0.81328,0.81362,0.80816,0.80853
2022-06-08T11:00:00+02:00,0.80853,0.81133,0.8079,0.80963
2022-06-08T23:00:00+02:00,0.80963,0.81144,0.8082,0.81075
2022-06-09T11:00:00+02:00,0.81075,0.81169,0.80828,0.81058
2022-06-09T23:00:00+02:00,0.81058,0.81757,0.81048,0.81732
2022-06-10T11:00:00+02:00,0.81732,0.81851,0.81144,0.81248
2022-06-12T23:00:00+02:00,0.81248,0.81319,0.81009,0.81076
2022-06-13T11:00:00+02:00,0.81076,0.81076,0.80516,0.80746
2022-06-13T23:00:00+02:00,0.80746,0.81054,0.80685,0.80836
2022-06-14T11:00:00+02:00,0.80836,0.80912,0.80294,0.80548
2022-06-14T23:00:00+02:00,0.80548,0.80809,0.80494,0.80776
2022-06-15T11:00:00+02:00,0.80776,0.81326,0.8072,0.81064
2022-06-15T23:00:00+02:00,0.81064,0.81174,0.80734,0.81046
2022-06-16T11:00:00+02:00,0.81046,0.8255,0.80882,0.82393
2022-06-16T23:00:00+02:00,0.82393,0.82472,0.81932,0.82142
2022-06-17T11:00:00+02:00,0.82142,0.82318,0.81938,0.82248
2022-06-19T23:00:00+02:00,0.82248,0.82536,0.82116,0.82494
2022-06-20T11:00:00+02:00,0.82494,0.82686,0.82186,0.82202
2022-06-20T23:00:00+02:00,0.82202,0.82276,0.8187,0.8214
2022-06-21T11:00:00+02:00,0.8214,0.8216,0.81722,0.81818
2022-06-21T23:00:00+02:00,0.81818,0.81868,0.81096,0.81136
2022-06-22T11:00:00+02:00,0.81136,0.81556,0.81083,0.81414
2022-06-22T23:00:00+02:00,0.81414,0.81418,0.81109,0.8116
2022-06-23T11:00:00+02:00,0.8116,0.81706,0.81072,0.81566
2022-06-23T23:00:00+02:00,0.81566,0.81862,0.81469,0.81694
2022-06-24T11:00:00+02:00,0.81694,0.8186,0.81346,0.81392
2022-06-26T23:00:00+02:00,0.81392,0.81528,0.81114,0.81389
2022-06-27T11:00:00+02:00,0.81389,0.81494,0.8104,0.8112
2022-06-27T23:00:00+02:00,0.8112,0.8121,0.80685,0.80815
2022-06-28T11:00:00+02:00,0.80815,0.80832,0.80259,0.80311
2022-06-28T23:00:00+02:00,0.80311,0.80508,0.80069,0.80103
2022-06-29T11:00:00+02:00,0.80103,0.80258,0.79959,0.8023
2022-06-29T23:00:00+02:00,0.8023,0.80516,0.80002,0.80481
2022-06-30T11:00:00+02:00,0.80481,0.8058,0.80153,0.80402
2022-06-30T23:00:00+02:00,0.80402,0.80405,0.79744,0.7979
2022-07-01T11:00:00+02:00,0.7979,0.80176,0.79615,0.7996
2022-07-03T23:00:00+02:00,0.7996,0.80317,0.79767,0.80156
2022-07-04T11:00:00+02:00,0.80156,0.80316,0.79747,0.79856
2022-07-04T23:00:00+02:00,0.79856,0.80018,0.79476,0.79587
2022-07-05T11:00:00+02:00,0.79587,0.8045,0.79458,0.80378
2022-07-05T23:00:00+02:00,0.80378,0.80604,0.80292,0.805
2022-07-06T11:00:00+02:00,0.805,0.80588,0.80106,0.80164
2022-07-06T23:00:00+02:00,0.80164,0.80557,0.80091,0.80434
2022-07-07T11:00:00+02:00,0.80434,0.80468,0.80082,0.8011
2022-07-07T23:00:00+02:00,0.8011,0.80316,0.79988,0.80099
2022-07-08T11:00:00+02:00,0.80099,0.80384,0.7988,0.8008
2022-07-10T23:00:00+02:00,0.8008,0.80189,0.79994,0.80096
2022-07-11T11:00:00+02:00,0.80096,0.80107,0.79453,0.79492
2022-07-11T23:00:00+02:00,0.79492,0.79718,0.7943,0.79573
2022-07-12T11:00:00+02:00,0.79573,0.7999,0.79552,0.7982
2022-07-12T23:00:00+02:00,0.7982,0.79951,0.79543,0.7985
2022-07-13T11:00:00+02:00,0.7985,0.79974,0.79078,0.79573
2022-07-13T23:00:00+02:00,0.79573,0.7971,0.79354,0.79584
2022-07-14T11:00:00+02:00,0.79584,0.80374,0.79584,0.80325
2022-07-14T23:00:00+02:00,0.80325,0.80509,0.80098,0.80378
2022-07-15T11:00:00+02:00,0.80378,0.80434,0.80119,0.80223
2022-07-17T23:00:00+02:00,0.80223,0.80617,0.79924,0.8019
2022-07-18T11:00:00+02:00,0.8019,0.802,0.79673,0.79895
2022-07-18T23:00:00+02:00,0.79895,0.8068,0.79738,0.8067
2022-07-19T11:00:00+02:00,0.8067,0.80742,0.80094,0.80116
2022-07-19T23:00:00+02:00,0.80116,0.80672,0.80102,0.80322
2022-07-20T11:00:00+02:00,0.80322,0.80646,0.80161,0.80252
2022-07-20T23:00:00+02:00,0.80252,0.80314,0.79908,0.79974
2022-07-21T11:00:00+02:00,0.79974,0.80461,0.79906,0.80461
2022-07-21T23:00:00+02:00,0.80461,0.80478,0.80098,0.80253
2022-07-22T11:00:00+02:00,0.80253,0.80912,0.80222,0.80754
2022-07-24T23:00:00+02:00,0.80754,0.80927,0.8041,0.80648
2022-07-25T11:00:00+02:00,0.80648,0.80777,0.80388,0.80459
2022-07-25T23:00:00+02:00,0.80459,0.80579,0.8019,0.80204
2022-07-26T11:00:00+02:00,0.80204,0.80469,0.80179,0.80288
2022-07-26T23:00:00+02:00,0.80288,0.80394,0.80027,0.80096
2022-07-27T11:00:00+02:00,0.80096,0.80444,0.79824,0.8034
2022-07-27T23:00:00+02:00,0.8034,0.80562,0.8018,0.80514
2022-07-28T11:00:00+02:00,0.80514,0.8066,0.80229,0.80574
2022-07-28T23:00:00+02:00,0.80574,0.8095,0.80522,0.80768
2022-07-29T11:00:00+02:00,0.80768,0.80788,0.79907,0.80496
2022-07-31T23:00:00+02:00,0.80496,0.80933,0.80349,0.80848
2022-08-01T11:00:00+02:00,0.80848,0.81439,0.80793,0.81305
2022-08-01T23:00:00+02:00,0.81305,0.81443,0.8072,0.80739
2022-08-02T11:00:00+02:00,0.80739,0.80978,0.8043,0.80554
2022-08-02T23:00:00+02:00,0.80554,0.80651,0.80094,0.80468
2022-08-03T11:00:00+02:00,0.80468,0.80647,0.80096,0.80562
2022-08-03T23:00:00+02:00,0.80562,0.81007,0.80372,0.80973
2022-08-04T11:00:00+02:00,0.80973,0.81113,0.8074,0.81032
2022-08-04T23:00:00+02:00,0.81032,0.81202,0.8088,0.81108
2022-08-05T11:00:00+02:00,0.81108,0.81179,0.80607,0.80761
2022-08-07T23:00:00+02:00,0.80761,0.80963,0.80554,0.80818
2022-08-08T11:00:00+02:00,0.80818,0.81144,0.8073,0.80802
2022-08-08T23:00:00+02:00,0.80802,0.80914,0.80686,0.80844
2022-08-09T11:00:00+02:00,0.80844,0.81022,0.80704,0.8101
2022-08-09T23:00:00+02:00,0.8101,0.81184,0.80912,0.81184
2022-08-10T11:00:00+02:00,0.81184,0.82164,0.81154,0.81822
2022-08-10T23:00:00+02:00,0.81822,0.82031,0.81647,0.82026
2022-08-11T11:00:00+02:00,0.82026,0.8237,0.81879,0.8208
2022-08-11T23:00:00+02:00,0.8208,0.8244,0.82032,0.8223
2022-08-12T11:00:00+02:00,0.8223,0.82536,0.82093,0.82444
2022-08-14T23:00:00+02:00,0.82444,0.8248,0.81968,0.82018
2022-08-15T11:00:00+02:00,0.82018,0.8242,0.81998,0.82121
2022-08-15T23:00:00+02:00,0.82121,0.82172,0.81754,0.8177
2022-08-16T11:00:00+02:00,0.8177,0.81786,0.81428,0.8148
2022-08-16T23:00:00+02:00,0.8148,0.8199,0.81236,0.81272
2022-08-17T11:00:00+02:00,0.81272,0.81359,0.80928,0.81114
2022-08-17T23:00:00+02:00,0.81114,0.81214,0.80838,0.80915
2022-08-18T11:00:00+02:00,0.80915,0.81316,0.80876,0.81012
2022-08-18T23:00:00+02:00,0.81012,0.81126,0.80668,0.808
2022-08-19T11:00:00+02:00,0.808,0.8084,0.80144,0.80208
2022-08-21T23:00:00+02:00,0.80208,0.80701,0.80174,0.80586
2022-08-22T11:00:00+02:00,0.80586,0.80695,0.80306,0.80541
2022-08-22T23:00:00+02:00,0.80541,0.80764,0.8038,0.80526
2022-08-23T11:00:00+02:00,0.80526,0.80859,0.80321,0.80507
2022-08-23T23:00:00+02:00,0.80507,0.80586,0.80226,0.80382
2022-08-24T11:00:00+02:00,0.80382,0.80462,0.80176,0.8028
2022-08-24T23:00:00+02:00,0.8028,0.80657,0.80142,0.80603
2022-08-25T11:00:00+02:00,0.80603,0.8065,0.80376,0.80446
2022-08-25T23:00:00+02:00,0.80446,0.80541,0.80154,0.8027
2022-08-26T11:00:00+02:00,0.8027,0.80479,0.7991,0.79997
2022-08-28T23:00:00+02:00,0.79997,0.80029,0.79753,0.79827
2022-08-29T11:00:00+02:00,0.79827,0.80161,0.79809,0.80076
2022-08-29T23:00:00+02:00,0.80076,0.80359,0.79855,0.8032
2022-08-30T11:00:00+02:00,0.8032,0.8049,0.8017,0.80252
2022-08-30T23:00:00+02:00,0.80252,0.80426,0.80219,0.80328
2022-08-31T11:00:00+02:00,0.80328,0.80492,0.80174,0.80391
2022-08-31T23:00:00+02:00,0.80391,0.8054,0.80011,0.80526
2022-09-01T11:00:00+02:00,0.80526,0.80562,0.79808,0.79978
2022-09-01T23:00:00+02:00,0.79978,0.80044,0.79628,0.79981
2022-09-02T11:00:00+02:00,0.79981,0.80437,0.79954,0.80232
2022-09-04T23:00:00+02:00,0.80232,0.80232,0.79854,0.80117
2022-09-05T11:00:00+02:00,0.80117,0.80259,0.80012,0.80101
2022-09-05T23:00:00+02:00,0.80101,0.80294,0.79686,0.7971
2022-09-06T11:00:00+02:00,0.7971,0.79944,0.79366,0.79443
2022-09-06T23:00:00+02:00,0.79443,0.79518,0.79121,0.7947
2022-09-07T11:00:00+02:00,0.7947,0.79715,0.79123,0.79696
2022-09-07T23:00:00+02:00,0.79696,0.79776,0.79297,0.79373
2022-09-08T11:00:00+02:00,0.79373,0.79696,0.79172,0.79258
2022-09-08T23:00:00+02:00,0.79258,0.79902,0.79206,0.7985
2022-09-09T11:00:00+02:00,0.7985,0.79865,0.79328,0.79479
2022-09-11T23:00:00+02:00,0.79479,0.799,0.7935,0.79825
2022-09-12T11:00:00+02:00,0.79825,0.79975,0.79632,0.79679
2022-09-12T23:00:00+02:00,0.79679,0.79848,0.79558,0.79673
2022-09-13T11:00:00+02:00,0.79673,0.79909,0.78761,0.79047
2022-09-13T23:00:00+02:00,0.79047,0.79126,0.78854,0.78922
2022-09-14T11:00:00+02:00,0.78922,0.79194,0.78894,0.79058
2022-09-14T23:00:00+02:00,0.79058,0.79285,0.79006,0.79076
2022-09-15T11:00:00+02:00,0.79076,0.79251,0.78851,0.78926
2022-09-15T23:00:00+02:00,0.78926,0.79258,0.78862,0.79092
2022-09-16T11:00:00+02:00,0.79092,0.79571,0.78994,0.79466
2022-09-18T23:00:00+02:00,0.79466,0.79543,0.79182,0.7922
2022-09-19T11:00:00+02:00,0.7922,0.7926,0.78821,0.7897
2022-09-19T23:00:00+02:00,0.7897,0.7905,0.78544,0.78596
2022-09-20T11:00:00+02:00,0.78596,0.78868,0.78382,0.788
2022-09-20T23:00:00+02:00,0.788,0.78914,0.78654,0.78784
2022-09-21T11:00:00+02:00,0.78784,0.79074,0.78462,0.78807
2022-09-21T23:00:00+02:00,0.78807,0.7901,0.7853,0.78942
2022-09-22T11:00:00+02:00,0.78942,0.7897,0.78707,0.78838
2022-09-22T23:00:00+02:00,0.78838,0.78888,0.7848,0.78503
2022-09-23T11:00:00+02:00,0.78503,0.78738,0.77977,0.78071
2022-09-25T23:00:00+02:00,0.78071,0.78254,0.77463,0.77962
2022-09-26T11:00:00+02:00,0.77962,0.78222,0.77346,0.77402
2022-09-26T23:00:00+02:00,0.77402,0.78082,0.77358,0.78076
2022-09-27T11:00:00+02:00,0.78076,0.7813,0.77246,0.77321
2022-09-27T23:00:00+02:00,0.77321,0.7739,0.76708,0.77193
2022-09-28T11:00:00+02:00,0.77193,0.78044,0.771,0.77922
2022-09-28T23:00:00+02:00,0.77922,0.7805,0.7754,0.77816
2022-09-29T11:00:00+02:00,0.77816,0.78363,0.77638,0.78342
2022-09-29T23:00:00+02:00,0.78342,0.78619,0.78158,0.78282
2022-09-30T11:00:00+02:00,0.78282,0.7834,0.77262,0.77408
2022-10-02T23:00:00+02:00,0.77408,0.77836,0.77318,0.77776
2022-10-03T11:00:00+02:00,0.77776,0.78251,0.77672,0.77934
2022-10-03T23:00:00+02:00,0.77934,0.78206,0.77483,0.78082
2022-10-04T11:00:00+02:00,0.78082,0.78227,0.77286,0.77414
2022-10-04T23:00:00+02:00,0.77414,0.78436,0.77179,0.77802
2022-10-05T11:00:00+02:00,0.77802,0.78228,0.77408,0.78137
2022-10-05T23:00:00+02:00,0.78137,0.78867,0.78072,0.78174
2022-10-06T11:00:00+02:00,0.78174,0.78275,0.77476,0.7778
2022-10-06T23:00:00+02:00,0.7778,0.77922,0.7743,0.77594
2022-10-07T11:00:00+02:00,0.77594,0.77641,0.7691,0.77008
2022-10-09T23:00:00+02:00,0.77008,0.77238,0.76692,0.76804
2022-10-10T11:00:00+02:00,0.76804,0.76954,0.76254,0.76702
2022-10-10T23:00:00+02:00,0.76702,0.77124,0.76582,0.7709
2022-10-11T11:00:00+02:00,0.7709,0.77594,0.76988,0.77011
2022-10-11T23:00:00+02:00,0.77011,0.77412,0.76894,0.77145
2022-10-12T11:00:00+02:00,0.77145,0.77588,0.77003,0.77514
2022-10-12T23:00:00+02:00,0.77514,0.77631,0.77399,0.77577
2022-10-13T11:00:00+02:00,0.77577,0.77916,0.77024,0.77564
2022-10-13T23:00:00+02:00,0.77564,0.7793,0.77408,0.77668
2022-10-14T11:00:00+02:00,0.77668,0.7779,0.77114,0.77156
2022-10-16T23:00:00+02:00,0.77156,0.77385,0.7694,0.77345
2022-10-17T11:00:00+02:00,0.77345,0.77556,0.77204,0.77298
2022-10-17T23:00:00+02:00,0.77298,0.78077,0.76988,0.779
2022-10-18T11:00:00+02:00,0.779,0.78386,0.77864,0.78092
2022-10-18T23:00:00+02:00,0.78092,0.78356,0.78018,0.78252
2022-10-19T11:00:00+02:00,0.78252,0.78462,0.7788,0.7804
2022-10-19T23:00:00+02:00,0.7804,0.78111,0.77602,0.77918
2022-10-20T11:00:00+02:00,0.77918,0.78516,0.77903,0.78172
2022-10-20T23:00:00+02:00,0.78172,0.78248,0.779,0.78024
2022-10-21T11:00:00+02:00,0.78024,0.78754,0.77533,0.78594
2022-10-23T23:00:00+02:00,0.78594,0.78888,0.78165,0.78277
2022-10-24T11:00:00+02:00,0.78277,0.78288,0.7767,0.78047
2022-10-24T23:00:00+02:00,0.78047,0.78374,0.77959,0.78107
2022-10-25T11:00:00+02:00,0.78107,0.78634,0.77919,0.78322
2022-10-25T23:00:00+02:00,0.78322,0.78704,0.78082,0.78578
2022-10-26T11:00:00+02:00,0.78578,0.7925,0.78446,0.7913
2022-10-26T23:00:00+02:00,0.7913,0.79504,0.78933,0.79129
2022-10-27T11:00:00+02:00,0.79129,0.7929,0.78835,0.79064
2022-10-27T23:00:00+02:00,0.79064,0.79468,0.7887,0.78974
2022-10-28T11:00:00+02:00,0.78974,0.79244,0.78788,0.79105
2022-10-30T22:00:00+01:00,0.79105,0.79464,0.78877,0.7917
2022-10-31T10:00:00+01:00,0.7917,0.79379,0.78855,0.79209
2022-10-31T22:00:00+01:00,0.79209,0.79702,0.79128,0.7956
2022-11-01T10:00:00+01:00,0.7956,0.79932,0.79498,0.79618
2022-11-01T22:00:00+01:00,0.79618,0.79964,0.79553,0.79874
2022-11-02T10:00:00+01:00,0.79874,0.80511,0.79636,0.7977
2022-11-02T22:00:00+01:00,0.7977,0.79927,0.79476,0.79486
2022-11-03T10:00:00+01:00,0.79486,0.79645,0.79226,0.79348
2022-11-03T22:00:00+01:00,0.79348,0.79684,0.7911,0.79472
2022-11-04T10:00:00+01:00,0.79472,0.79992,0.79074,0.79926
2022-11-06T23:00:00+01:00,0.79926,0.7993,0.7942,0.79816
2022-11-07T11:00:00+01:00,0.79816,0.80176,0.79714,0.80152
2022-11-07T23:00:00+01:00,0.80152,0.80271,0.79774,0.80126
2022-11-08T11:00:00+01:00,0.80126,0.80368,0.79904,0.80018
2022-11-08T23:00:00+01:00,0.80018,0.80108,0.79414,0.79443
2022-11-09T11:00:00+01:00,0.79443,0.7964,0.79194,0.79608
2022-11-09T23:00:00+01:00,0.79608,0.79698,0.79263,0.79336
2022-11-10T11:00:00+01:00,0.79336,0.80428,0.79215,0.80287
2022-11-10T23:00:00+01:00,0.80287,0.80524,0.79952,0.80492
2022-11-11T11:00:00+01:00,0.80492,0.81204,0.80289,0.81106
2022-11-13T23:00:00+01:00,0.81106,0.81112,0.80643,0.80796
2022-11-14T11:00:00+01:00,0.80796,0.81328,0.80615,0.81168
2022-11-14T23:00:00+01:00,0.81168,0.81685,0.81092,0.81664
2022-11-15T11:00:00+01:00,0.81664,0.82069,0.81612,0.81746
2022-11-15T23:00:00+01:00,0.81746,0.81913,0.81512,0.81909
2022-11-16T11:00:00+01:00,0.81909,0.82116,0.81578,0.81971
2022-11-16T23:00:00+01:00,0.81971,0.82132,0.817,0.81718
2022-11-17T11:00:00+01:00,0.81718,0.81742,0.8108,0.81674
2022-11-17T23:00:00+01:00,0.81674,0.82394,0.8146,0.82334
2022-11-18T11:00:00+01:00,0.82334,0.82791,0.82276,0.82377
2022-11-20T23:00:00+01:00,0.82377,0.8253,0.82052,0.82081
2022-11-21T11:00:00+01:00,0.82081,0.82312,0.81944,0.82068
2022-11-21T23:00:00+01:00,0.82068,0.82444,0.81986,0.824
2022-11-22T11:00:00+01:00,0.824,0.825,0.82194,0.82278
2022-11-22T23:00:00+01:00,0.82278,0.82843,0.81844,0.82706
2022-11-23T11:00:00+01:00,0.82706,0.835,0.82648,0.83418
2022-11-23T23:00:00+01:00,0.83418,0.83582,0.83278,0.83476
2022-11-24T11:00:00+01:00,0.83476,0.83814,0.83398,0.83566
2022-11-24T23:00:00+01:00,0.83566,0.83606,0.83254,0.83309
2022-11-25T11:00:00+01:00,0.83309,0.83732,0.83176,0.83624
2022-11-27T23:00:00+01:00,0.83624,0.83874,0.83267,0.83725
2022-11-28T11:00:00+01:00,0.83725,0.83787,0.83067,0.83198
2022-11-28T23:00:00+01:00,0.83198,0.83872,0.83113,0.83793
2022-11-29T11:00:00+01:00,0.83793,0.84561,0.83776,0.84216
2022-11-29T23:00:00+01:00,0.84216,0.84556,0.84118,0.84405
2022-11-30T11:00:00+01:00,0.84405,0.84801,0.83823,0.84497
2022-11-30T23:00:00+01:00,0.84497,0.85163,0.84426,0.85148
2022-12-01T11:00:00+01:00,0.85148,0.85934,0.85131,0.8557
2022-12-01T23:00:00+01:00,0.8557,0.86112,0.85449,0.86085
2022-12-02T11:00:00+01:00,0.86085,0.86448,0.85437,0.86373
2022-12-04T23:00:00+01:00,0.86373,0.86373,0.85847,0.85962
2022-12-05T11:00:00+01:00,0.85962,0.86084,0.85422,0.85849
2022-12-05T23:00:00+01:00,0.85849,0.86302,0.85761,0.86008
2022-12-06T11:00:00+01:00,0.86008,0.86497,0.86005,0.86247
2022-12-06T23:00:00+01:00,0.86247,0.86674,0.86172,0.86546
2022-12-07T11:00:00+01:00,0.86546,0.87096,0.86466,0.86754
2022-12-07T23:00:00+01:00,0.86754,0.87004,0.86584,0.86804
2022-12-08T11:00:00+01:00,0.86804,0.86814,0.86345,0.867
2022-12-08T23:00:00+01:00,0.867,0.87116,0.8655,0.8691
2022-12-09T11:00:00+01:00,0.8691,0.87585,0.86903,0.87486
2022-12-11T23:00:00+01:00,0.87486,0.87718,0.8718,0.87688
2022-12-12T11:00:00+01:00,0.87688,0.8773,0.86956,0.87021
2022-12-12T23:00:00+01:00,0.87021,0.8724,0.86899,0.87086
2022-12-13T11:00:00+01:00,0.87086,0.88184,0.8697,0.8756
2022-12-13T23:00:00+01:00,0.8756,0.87591,0.87184,0.87342
2022-12-14T11:00:00+01:00,0.87342,0.87552,0.87062,0.87464
2022-12-14T23:00:00+01:00,0.87464,0.876,0.86494,0.86602
2022-12-15T11:00:00+01:00,0.86602,0.87034,0.86348,0.8662
2022-12-15T23:00:00+01:00,0.8662,0.86872,0.86546,0.8679
2022-12-16T11:00:00+01:00,0.8679,0.87568,0.86766,0.87368
2022-12-18T23:00:00+01:00,0.87368,0.87418,0.87126,0.87254
2022-12-19T11:00:00+01:00,0.87254,0.87286,0.86804,0.8688
2022-12-19T23:00:00+01:00,0.8688,0.87102,0.86342,0.86562
2022-12-20T11:00:00+01:00,0.86562,0.86595,0.85904,0.86392
2022-12-20T23:00:00+01:00,0.86392,0.86405,0.85603,0.85728
2022-12-21T11:00:00+01:00,0.85728,0.86002,0.85456,0.85692
2022-12-21T23:00:00+01:00,0.85692,0.85962,0.85566,0.85696
2022-12-22T11:00:00+01:00,0.85696,0.85816,0.85166,0.85278
2022-12-22T23:00:00+01:00,0.85278,0.85729,0.85102,0.85535
2022-12-23T11:00:00+01:00,0.85535,0.85736,0.85257,0.85432
2022-12-26T23:00:00+01:00,0.85432,0.85638,0.85054,0.8537
2022-12-27T11:00:00+01:00,0.8537,0.85463,0.8463,0.8486
2022-12-27T23:00:00+01:00,0.8486,0.85432,0.84716,0.85308
2022-12-28T11:00:00+01:00,0.85308,0.85997,0.85301,0.85848
2022-12-28T23:00:00+01:00,0.85848,0.86242,0.85631,0.85778
2022-12-29T11:00:00+01:00,0.85778,0.86173,0.857,0.86
2022-12-29T23:00:00+01:00,0.86,0.86076,0.85607,0.85837
2022-12-30T11:00:00+01:00,0.85837,0.86258,0.85636,0.86027
2023-01-01T23:00:00+01:00,0.86027,0.86074,0.84925,0.85796
2023-01-02T11:00:00+01:00,0.85796,0.86108,0.85732,0.85898
2023-01-02T23:00:00+01:00,0.85898,0.86196,0.8463,0.85052
2023-01-03T11:00:00+01:00,0.85052,0.85589,0.84567,0.85431
2023-01-03T23:00:00+01:00,0.85431,0.8626,0.8535,0.8578
2023-01-04T11:00:00+01:00,0.8578,0.85833,0.8479,0.84832
2023-01-04T23:00:00+01:00,0.84832,0.85128,0.84652,0.84818
2023-01-05T11:00:00+01:00,0.84818,0.8515,0.84322,0.8451
2023-01-05T23:00:00+01:00,0.8451,0.84739,0.84344,0.84576
2023-01-06T11:00:00+01:00,0.84576,0.8547,0.84382,0.85326
2023-01-08T23:00:00+01:00,0.85326,0.8582,0.85186,0.85586
2023-01-09T11:00:00+01:00,0.85586,0.85664,0.85246,0.85294
2023-01-09T23:00:00+01:00,0.85294,0.85486,0.85158,0.85412
2023-01-10T11:00:00+01:00,0.85412,0.85544,0.8509,0.8553
2023-01-10T23:00:00+01:00,0.8553,0.85693,0.85354,0.85488
2023-01-11T11:00:00+01:00,0.85488,0.85546,0.85136,0.8546
2023-01-11T23:00:00+01:00,0.8546,0.85642,0.85235,0.85394
2023-01-12T11:00:00+01:00,0.85394,0.8571,0.84891,0.85471
2023-01-12T23:00:00+01:00,0.85471,0.8555,0.85154,0.85346
2023-01-13T11:00:00+01:00,0.85346,0.85556,0.85078,0.85508
2023-01-15T23:00:00+01:00,0.85508,0.8583,0.85338,0.85641
2023-01-16T11:00:00+01:00,0.85641,0.857,0.85451,0.85562
2023-01-16T23:00:00+01:00,0.85562,0.86034,0.85482,0.85866
2023-01-17T11:00:00+01:00,0.85866,0.8617,0.85545,0.86092
2023-01-17T23:00:00+01:00,0.86092,0.86712,0.86006,0.86658
2023-01-18T11:00:00+01:00,0.86658,0.87348,0.86506,0.86964
2023-01-18T23:00:00+01:00,0.86964,0.87022,0.86227,0.86306
2023-01-19T11:00:00+01:00,0.86306,0.86335,0.85895,0.86096
2023-01-19T23:00:00+01:00,0.86096,0.86644,0.86052,0.86415
2023-01-20T11:00:00+01:00,0.86415,0.86796,0.86338,0.86605
2023-01-22T23:00:00+01:00,0.86605,0.86838,0.86394,0.86701
2023-01-23T11:00:00+01:00,0.86701,0.86894,0.86302,0.86747
2023-01-23T23:00:00+01:00,0.86747,0.87058,0.86654,0.86706
2023-01-24T11:00:00+01:00,0.86706,0.87226,0.86498,0.86964
2023-01-24T23:00:00+01:00,0.86964,0.8699,0.86498,0.86668
2023-01-25T11:00:00+01:00,0.86668,0.86894,0.86208,0.86796
2023-01-25T23:00:00+01:00,0.86796,0.87019,0.86668,0.86805
2023-01-26T11:00:00+01:00,0.86805,0.86857,0.863,0.86462
2023-01-26T23:00:00+01:00,0.86462,0.86778,0.86362,0.86386
2023-01-27T11:00:00+01:00,0.86386,0.86538,0.86167,0.86424
2023-01-29T23:00:00+01:00,0.86424,0.86602,0.86297,0.86516
2023-01-30T11:00:00+01:00,0.86516,0.8669,0.86366,0.86595
2023-01-30T23:00:00+01:00,0.86595,0.86694,0.86366,0.8644
2023-01-31T11:00:00+01:00,0.8644,0.86688,0.85583,0.85698
2023-01-31T23:00:00+01:00,0.85698,0.85872,0.85475,0.85684
2023-02-01T11:00:00+01:00,0.85684,0.86474,0.85643,0.86468
2023-02-01T23:00:00+01:00,0.86468,0.86815,0.86316,0.86593
2023-02-02T11:00:00+01:00,0.86593,0.86804,0.86192,0.86209
2023-02-02T23:00:00+01:00,0.86209,0.86404,0.86162,0.86374
2023-02-03T11:00:00+01:00,0.86374,0.86564,0.84721,0.84792
2023-02-05T23:00:00+01:00,0.84792,0.84916,0.8458,0.8477
2023-02-06T11:00:00+01:00,0.8477,0.84812,0.84414,0.8479
2023-02-06T23:00:00+01:00,0.8479,0.85006,0.84678,0.84871
2023-02-07T11:00:00+01:00,0.84871,0.85119,0.8448,0.84756
2023-02-07T23:00:00+01:00,0.84756,0.84833,0.84557,0.84818
2023-02-08T11:00:00+01:00,0.84818,0.84867,0.846,0.84796
2023-02-08T23:00:00+01:00,0.84796,0.85388,0.84764,0.85319
2023-02-09T11:00:00+01:00,0.85319,0.85469,0.85069,0.85131
2023-02-09T23:00:00+01:00,0.85131,0.85207,0.84888,0.85021
2023-02-10T11:00:00+01:00,0.85021,0.85069,0.84097,0.84206
2023-02-12T23:00:00+01:00,0.84206,0.84694,0.84114,0.84584
2023-02-13T11:00:00+01:00,0.84584,0.84915,0.84533,0.84788
2023-02-13T23:00:00+01:00,0.84788,0.84917,0.8445,0.84542
2023-02-14T11:00:00+01:00,0.84542,0.84875,0.84146,0.84506
2023-02-14T23:00:00+01:00,0.84506,0.84528,0.84021,0.84236
2023-02-15T11:00:00+01:00,0.84236,0.84295,0.83958,0.84144
2023-02-15T23:00:00+01:00,0.84144,0.84398,0.83864,0.84218
2023-02-16T11:00:00+01:00,0.84218,0.84357,0.8399,0.84206
2023-02-16T23:00:00+01:00,0.84206,0.84274,0.83723,0.83736
2023-02-17T11:00:00+01:00,0.83736,0.84166,0.83708,0.84114
2023-02-19T23:00:00+01:00,0.84114,0.84257,0.83808,0.83853
2023-02-20T11:00:00+01:00,0.83853,0.8424,0.83848,0.84117
2023-02-20T23:00:00+01:00,0.84117,0.84313,0.83753,0.83964
2023-02-21T11:00:00+01:00,0.83964,0.84232,0.83817,0.84116
2023-02-21T23:00:00+01:00,0.84116,0.84512,0.83974,0.84282
2023-02-22T11:00:00+01:00,0.84282,0.84598,0.84245,0.84284
2023-02-22T23:00:00+01:00,0.84284,0.84529,0.8421,0.8438
2023-02-23T11:00:00+01:00,0.8438,0.84424,0.8414,0.84374
2023-02-23T23:00:00+01:00,0.84374,0.84515,0.84224,0.84334
2023-02-24T11:00:00+01:00,0.84334,0.84392,0.83841,0.8388
2023-02-26T23:00:00+01:00,0.8388,0.83972,0.8353,0.83642
2023-02-27T11:00:00+01:00,0.83642,0.83772,0.83382,0.83714
2023-02-27T23:00:00+01:00,0.83714,0.83756,0.83438,0.83502
2023-02-28T11:00:00+01:00,0.83502,0.84489,0.83486,0.84402
2023-02-28T23:00:00+01:00,0.84402,0.8514,0.84214,0.85102
2023-03-01T11:00:00+01:00,0.85102,0.85288,0.84945,0.8504
2023-03-01T23:00:00+01:00,0.8504,0.85068,0.84653,0.84702
2023-03-02T11:00:00+01:00,0.84702,0.84822,0.84478,0.84553
2023-03-02T23:00:00+01:00,0.84553,0.84728,0.84456,0.84555
2023-03-03T11:00:00+01:00,0.84555,0.84858,0.844,0.8461
2023-03-05T23:00:00+01:00,0.8461,0.84636,0.84056,0.84166
2023-03-06T11:00:00+01:00,0.84166,0.84436,0.84082,0.84352
2023-03-06T23:00:00+01:00,0.84352,0.8469,0.84273,0.84456
2023-03-07T11:00:00+01:00,0.84456,0.84628,0.83978,0.83989
2023-03-07T23:00:00+01:00,0.83989,0.8424,0.83798,0.84188
2023-03-08T11:00:00+01:00,0.84188,0.84522,0.84039,0.84298
2023-03-08T23:00:00+01:00,0.84298,0.84621,0.84249,0.84561
2023-03-09T11:00:00+01:00,0.84561,0.84735,0.8433,0.84355
2023-03-09T23:00:00+01:00,0.84355,0.84714,0.84266,0.84533
2023-03-10T11:00:00+01:00,0.84533,0.85172,0.84416,0.84806
2023-03-12T22:00:00+01:00,0.84806,0.85158,0.84574,0.85149
2023-03-13T10:00:00+01:00,0.85149,0.8572,0.84926,0.85399
2023-03-13T22:00:00+01:00,0.85399,0.85504,0.85202,0.85357
2023-03-14T10:00:00+01:00,0.85357,0.85463,0.84884,0.85353
2023-03-14T22:00:00+01:00,0.85353,0.8559,0.84974,0.85113
2023-03-15T10:00:00+01:00,0.85113,0.85505,0.85066,0.85188
2023-03-15T22:00:00+01:00,0.85188,0.85222,0.84544,0.84782
2023-03-16T10:00:00+01:00,0.84782,0.85018,0.84584,0.85008
2023-03-16T22:00:00+01:00,0.85008,0.85675,0.84826,0.85506
2023-03-17T10:00:00+01:00,0.85506,0.86144,0.8546,0.86078
2023-03-19T22:00:00+01:00,0.86078,0.86257,0.85665,0.85744
2023-03-20T10:00:00+01:00,0.85744,0.85779,0.85322,0.85341
2023-03-20T22:00:00+01:00,0.85341,0.85464,0.84618,0.84628
2023-03-21T10:00:00+01:00,0.84628,0.84956,0.84487,0.84941
2023-03-21T22:00:00+01:00,0.84941,0.8526,0.84652,0.85161
2023-03-22T10:00:00+01:00,0.85161,0.85843,0.85044,0.85412
2023-03-22T22:00:00+01:00,0.85412,0.85997,0.8539,0.85872
2023-03-23T10:00:00+01:00,0.85872,0.85937,0.85541,0.85704
2023-03-23T22:00:00+01:00,0.85704,0.85747,0.85437,0.85503
2023-03-24T10:00:00+01:00,0.85503,0.85632,0.85115,0.85259
2023-03-26T23:00:00+02:00,0.85259,0.85276,0.85026,0.85139
2023-03-27T11:00:00+02:00,0.85139,0.85164,0.84488,0.84642
2023-03-27T23:00:00+02:00,0.84642,0.85108,0.84638,0.85084
2023-03-28T11:00:00+02:00,0.85084,0.8526,0.84968,0.8503
2023-03-28T23:00:00+02:00,0.8503,0.85285,0.84772,0.84808
2023-03-29T11:00:00+02:00,0.84808,0.84891,0.84364,0.84398
2023-03-29T23:00:00+02:00,0.84398,0.84609,0.84242,0.84516
2023-03-30T11:00:00+02:00,0.84516,0.84752,0.8436,0.8469
2023-03-30T23:00:00+02:00,0.8469,0.85072,0.84643,0.84856
2023-03-31T11:00:00+02:00,0.84856,0.8499,0.84466,0.84543
2023-04-02T23:00:00+02:00,0.84543,0.84543,0.83978,0.84124
2023-04-03T11:00:00+02:00,0.84124,0.84764,0.84098,0.84616
2023-04-03T23:00:00+02:00,0.84616,0.84732,0.84368,0.84452
2023-04-04T11:00:00+02:00,0.84452,0.84902,0.84368,0.84854
2023-04-04T23:00:00+02:00,0.84854,0.85686,0.84701,0.85086
2023-04-05T11:00:00+02:00,0.85086,0.85198,0.84701,0.8503
2023-04-05T23:00:00+02:00,0.8503,0.85114,0.84635,0.8471
2023-04-06T11:00:00+02:00,0.8471,0.84734,0.8413,0.84252
2023-04-06T23:00:00+02:00,0.84252,0.84639,0.84196,0.8462
2023-04-07T11:00:00+02:00,0.8462,0.84702,0.84004,0.84492
2023-04-09T23:00:00+02:00,0.84492,0.84556,0.84154,0.843
2023-04-10T11:00:00+02:00,0.843,0.84356,0.83892,0.84022
2023-04-10T23:00:00+02:00,0.84022,0.84152,0.8388,0.83992
2023-04-11T11:00:00+02:00,0.83992,0.84015,0.83297,0.83379
2023-04-11T23:00:00+02:00,0.83379,0.83481,0.83259,0.83359
2023-04-12T11:00:00+02:00,0.83359,0.83906,0.8328,0.83542
2023-04-12T23:00:00+02:00,0.83542,0.83659,0.83336,0.83606
2023-04-13T11:00:00+02:00,0.83606,0.84258,0.8353,0.84
2023-04-13T23:00:00+02:00,0.84,0.84136,0.83794,0.83813
2023-04-14T11:00:00+02:00,0.83813,0.83941,0.82913,0.82951
2023-04-16T23:00:00+02:00,0.82951,0.83078,0.82721,0.8279
2023-04-17T11:00:00+02:00,0.8279,0.82888,0.82628,0.82786
2023-04-17T23:00:00+02:00,0.82786,0.83062,0.82728,0.83022
2023-04-18T11:00:00+02:00,0.83022,0.83255,0.83012,0.8312
2023-04-18T23:00:00+02:00,0.8312,0.8326,0.82978,0.83035
2023-04-19T11:00:00+02:00,0.83035,0.83635,0.82923,0.8344
2023-04-19T23:00:00+02:00,0.8344,0.83526,0.82851,0.83115
2023-04-20T11:00:00+02:00,0.83115,0.83462,0.83014,0.83246
2023-04-20T23:00:00+02:00,0.83246,0.83316,0.82905,0.82929
2023-04-21T11:00:00+02:00,0.82929,0.83301,0.82901,0.83115
2023-04-23T23:00:00+02:00,0.83115,0.83279,0.83044,0.8317
2023-04-24T11:00:00+02:00,0.8317,0.83522,0.83094,0.83508
2023-04-24T23:00:00+02:00,0.83508,0.83688,0.83448,0.83664
2023-04-25T11:00:00+02:00,0.83664,0.83854,0.83593,0.83622
2023-04-25T23:00:00+02:00,0.83622,0.8379,0.83462,0.83501
2023-04-26T11:00:00+02:00,0.83501,0.83668,0.83305,0.83408
2023-04-26T23:00:00+02:00,0.83408,0.83855,0.83368,0.83852
2023-04-27T11:00:00+02:00,0.83852,0.83913,0.83381,0.83568
2023-04-27T23:00:00+02:00,0.83568,0.8376,0.83514,0.83721
2023-04-28T11:00:00+02:00,0.83721,0.84063,0.83674,0.83749
2023-04-30T23:00:00+02:00,0.83749,0.83885,0.8356,0.838
2023-05-01T11:00:00+02:00,0.838,0.84057,0.83441,0.83533
2023-05-01T23:00:00+02:00,0.83533,0.84085,0.83506,0.8403
2023-05-02T11:00:00+02:00,0.8403,0.84669,0.84006,0.84578
2023-05-02T23:00:00+02:00,0.84578,0.85117,0.84551,0.84909
2023-05-03T11:00:00+02:00,0.84909,0.85052,0.84736,0.84828
2023-05-03T23:00:00+02:00,0.84828,0.84987,0.846,0.84883
2023-05-04T11:00:00+02:00,0.84883,0.85396,0.84854,0.85048
2023-05-04T23:00:00+02:00,0.85048,0.85313,0.84954,0.84986
2023-05-05T11:00:00+02:00,0.84986,0.85074,0.84178,0.84192
2023-05-07T23:00:00+02:00,0.84192,0.84532,0.84172,0.84424
2023-05-08T11:00:00+02:00,0.84424,0.84934,0.84401,0.84848
2023-05-08T23:00:00+02:00,0.84848,0.84894,0.84627,0.8468
2023-05-09T11:00:00+02:00,0.8468,0.84868,0.84651,0.84794
2023-05-09T23:00:00+02:00,0.84794,0.84956,0.8472,0.84786
2023-05-10T11:00:00+02:00,0.84786,0.852,0.84612,0.85123
2023-05-10T23:00:00+02:00,0.85123,0.85324,0.84918,0.85063
2023-05-11T11:00:00+02:00,0.85063,0.85368,0.84852,0.84966
2023-05-11T23:00:00+02:00,0.84966,0.8505,0.84172,0.84223
2023-05-12T11:00:00+02:00,0.84223,0.8423,0.83759,0.83922
2023-05-14T23:00:00+02:00,0.83922,0.84218,0.83884,0.84074
2023-05-15T11:00:00+02:00,0.84074,0.84076,0.83804,0.84015
2023-05-15T23:00:00+02:00,0.84015,0.84232,0.8394,0.84089
2023-05-16T11:00:00+02:00,0.84089,0.84248,0.83684,0.83998
2023-05-16T23:00:00+02:00,0.83998,0.84376,0.83918,0.84256
2023-05-17T11:00:00+02:00,0.84256,0.84473,0.84061,0.84072
2023-05-17T23:00:00+02:00,0.84072,0.84411,0.83978,0.84086
2023-05-18T11:00:00+02:00,0.84086,0.84156,0.83681,0.84058
2023-05-18T23:00:00+02:00,0.84058,0.84552,0.84032,0.84509
2023-05-19T11:00:00+02:00,0.84509,0.85098,0.84478,0.84691
2023-05-21T23:00:00+02:00,0.84691,0.84893,0.84578,0.84746
2023-05-22T11:00:00+02:00,0.84746,0.84953,0.84714,0.8491
2023-05-22T23:00:00+02:00,0.8491,0.85042,0.84631,0.84823
2023-05-23T11:00:00+02:00,0.84823,0.84856,0.84186,0.84364
2023-05-23T23:00:00+02:00,0.84364,0.84449,0.83016,0.83134
2023-05-24T11:00:00+02:00,0.83134,0.83187,0.8287,0.83102
2023-05-24T23:00:00+02:00,0.83102,0.83133,0.82707,0.82728
2023-05-25T11:00:00+02:00,0.82728,0.82755,0.82434,0.82716
2023-05-25T23:00:00+02:00,0.82716,0.82905,0.82539,0.82767
2023-05-26T11:00:00+02:00,0.82767,0.82928,0.8226,0.8238
2023-05-28T23:00:00+02:00,0.8238,0.82538,0.82253,0.82372
2023-05-29T11:00:00+02:00,0.82372,0.82478,0.82248,0.82288
2023-05-29T23:00:00+02:00,0.82288,0.82397,0.81963,0.82198
2023-05-30T11:00:00+02:00,0.82198,0.82383,0.82072,0.8219
2023-05-30T23:00:00+02:00,0.8219,0.8229,0.818,0.81804
2023-05-31T11:00:00+02:00,0.81804,0.8201,0.81384,0.81744
2023-05-31T23:00:00+02:00,0.81744,0.81798,0.8138,0.81548
2023-06-01T11:00:00+02:00,0.81548,0.81867,0.81469,0.81651
2023-06-01T23:00:00+02:00,0.81651,0.82,0.81473,0.81916
2023-06-02T11:00:00+02:00,0.81916,0.81942,0.81314,0.8135
2023-06-04T23:00:00+02:00,0.8135,0.81524,0.81187,0.8135
2023-06-05T11:00:00+02:00,0.8135,0.81758,0.8126,0.81596
2023-06-05T23:00:00+02:00,0.81596,0.81836,0.81497,0.81654
2023-06-06T11:00:00+02:00,0.81654,0.81692,0.81236,0.81462
2023-06-06T23:00:00+02:00,0.81462,0.81553,0.81303,0.81392
2023-06-07T11:00:00+02:00,0.81392,0.81604,0.8071,0.80728
2023-06-07T23:00:00+02:00,0.80728,0.8108,0.80678,0.81026
2023-06-08T11:00:00+02:00,0.81026,0.81568,0.80892,0.81416
2023-06-08T23:00:00+02:00,0.81416,0.815,0.81278,0.81284
2023-06-09T11:00:00+02:00,0.81284,0.81882,0.8121,0.81776
2023-06-11T23:00:00+02:00,0.81776,0.81871,0.81584,0.81861
2023-06-12T11:00:00+02:00,0.81861,0.81994,0.81582,0.81846
2023-06-12T23:00:00+02:00,0.81846,0.82151,0.81662,0.82055
2023-06-13T11:00:00+02:00,0.82055,0.8226,0.817,0.81877
2023-06-13T23:00:00+02:00,0.81877,0.82071,0.81788,0.81966
2023-06-14T11:00:00+02:00,0.81966,0.82952,0.81907,0.82696
2023-06-14T23:00:00+02:00,0.82696,0.82838,0.82233,0.82304
2023-06-15T11:00:00+02:00,0.82304,0.82555,0.82078,0.82426
2023-06-15T23:00:00+02:00,0.82426,0.82604,0.82358,0.82476
2023-06-16T11:00:00+02:00,0.82476,0.82496,0.82016,0.82344
2023-06-18T23:00:00+02:00,0.82344,0.82344,0.82043,0.82166
2023-06-19T11:00:00+02:00,0.82166,0.82178,0.81726,0.81914
2023-06-19T23:00:00+02:00,0.81914,0.81998,0.81542,0.81789
2023-06-20T11:00:00+02:00,0.81789,0.81815,0.81382,0.8163
2023-06-20T23:00:00+02:00,0.8163,0.81765,0.81516,0.81538
2023-06-21T11:00:00+02:00,0.81538,0.81824,0.81366,0.81653
2023-06-21T23:00:00+02:00,0.81653,0.81805,0.81442,0.81608
2023-06-22T11:00:00+02:00,0.81608,0.81856,0.81195,0.81241
2023-06-22T23:00:00+02:00,0.81241,0.81376,0.80926,0.80957
2023-06-23T11:00:00+02:00,0.80957,0.81162,0.8081,0.80988
2023-06-25T23:00:00+02:00,0.80988,0.81236,0.80794,0.81148
2023-06-26T11:00:00+02:00,0.81148,0.81255,0.81038,0.81088
2023-06-26T23:00:00+02:00,0.81088,0.81334,0.80974,0.81144
2023-06-27T11:00:00+02:00,0.81144,0.8158,0.81048,0.81294
2023-06-27T23:00:00+02:00,0.81294,0.81356,0.80462,0.80522
2023-06-28T11:00:00+02:00,0.80522,0.80786,0.8047,0.80532
2023-06-28T23:00:00+02:00,0.80532,0.80778,0.8045,0.80648
2023-06-29T11:00:00+02:00,0.80648,0.80892,0.80296,0.80458
2023-06-29T23:00:00+02:00,0.80458,0.80792,0.8032,0.8059
2023-06-30T11:00:00+02:00,0.8059,0.81337,0.80584,0.81334
2023-07-02T23:00:00+02:00,0.81334,0.81544,0.81164,0.81528
2023-07-03T11:00:00+02:00,0.81528,0.81658,0.81302,0.81516
2023-07-03T23:00:00+02:00,0.81516,0.81802,0.81394,0.81758
2023-07-04T11:00:00+02:00,0.81758,0.82126,0.81752,0.8187
2023-07-04T23:00:00+02:00,0.8187,0.82174,0.8182,0.82162
2023-07-05T11:00:00+02:00,0.82162,0.82302,0.82032,0.82064
2023-07-05T23:00:00+02:00,0.82064,0.82609,0.81989,0.8237
2023-07-06T11:00:00+02:00,0.8237,0.82645,0.8197,0.82302
2023-07-06T23:00:00+02:00,0.82302,0.82698,0.82251,0.82686
2023-07-07T11:00:00+02:00,0.82686,0.82688,0.8217,0.82454
2023-07-09T23:00:00+02:00,0.82454,0.82498,0.82103,0.82166
2023-07-10T11:00:00+02:00,0.82166,0.82606,0.81994,0.82466
2023-07-10T23:00:00+02:00,0.82466,0.82545,0.82112,0.8212
2023-07-11T11:00:00+02:00,0.8212,0.82214,0.81848,0.81998
2023-07-11T23:00:00+02:00,0.81998,0.82365,0.81868,0.81894
2023-07-12T11:00:00+02:00,0.81894,0.83194,0.81736,0.83028
2023-07-12T23:00:00+02:00,0.83028,0.83708,0.82939,0.83636
2023-07-13T11:00:00+02:00,0.83636,0.84068,0.83538,0.83816
2023-07-13T23:00:00+02:00,0.83816,0.83963,0.83608,0.83632
2023-07-14T11:00:00+02:00,0.83632,0.84281,0.83572,0.84206
2023-07-16T23:00:00+02:00,0.84206,0.84234,0.83814,0.83872
2023-07-17T11:00:00+02:00,0.83872,0.8389,0.83284,0.83486
2023-07-17T23:00:00+02:00,0.83486,0.8365,0.83138,0.8316
2023-07-18T11:00:00+02:00,0.8316,0.83173,0.82594,0.82594
2023-07-18T23:00:00+02:00,0.82594,0.83156,0.82056,0.8226
2023-07-19T11:00:00+02:00,0.8226,0.8248,0.82076,0.82446
2023-07-19T23:00:00+02:00,0.82446,0.82894,0.82362,0.82489
2023-07-20T11:00:00+02:00,0.82489,0.82661,0.81889,0.82114
2023-07-20T23:00:00+02:00,0.82114,0.82196,0.81543,0.81584
2023-07-21T11:00:00+02:00,0.81584,0.81784,0.81469,0.81565
2023-07-23T23:00:00+02:00,0.81565,0.81864,0.81428,0.81737
2023-07-24T11:00:00+02:00,0.81737,0.81936,0.81546,0.81694
2023-07-24T23:00:00+02:00,0.81694,0.81864,0.81562,0.8185
2023-07-25T11:00:00+02:00,0.8185,0.82162,0.81684,0.81946
2023-07-25T23:00:00+02:00,0.81946,0.82119,0.81632,0.8209
2023-07-26T11:00:00+02:00,0.8209,0.82296,0.81962,0.82018
2023-07-26T23:00:00+02:00,0.82018,0.826,0.81947,0.82336
2023-07-27T11:00:00+02:00,0.82336,0.8244,0.817,0.81764
2023-07-27T23:00:00+02:00,0.81764,0.81912,0.81032,0.81206
2023-07-28T11:00:00+02:00,0.81206,0.8166,0.81167,0.81556
2023-07-30T23:00:00+02:00,0.81556,0.82122,0.81526,0.81956
2023-07-31T11:00:00+02:00,0.81956,0.82026,0.81778,0.81882
2023-07-31T23:00:00+02:00,0.81882,0.81984,0.81572,0.81634
2023-08-01T11:00:00+02:00,0.81634,0.81832,0.81528,0.81674
2023-08-01T23:00:00+02:00,0.81674,0.81949,0.8108,0.81372
2023-08-02T11:00:00+02:00,0.81372,0.81508,0.8098,0.81172
2023-08-02T23:00:00+02:00,0.81172,0.81247,0.80987,0.8117
2023-08-03T11:00:00+02:00,0.8117,0.81348,0.80959,0.81158
2023-08-03T23:00:00+02:00,0.81158,0.81416,0.81139,0.81253
2023-08-04T11:00:00+02:00,0.81253,0.81858,0.8116,0.8159
2023-08-06T23:00:00+02:00,0.8159,0.81743,0.81506,0.8154
2023-08-07T11:00:00+02:00,0.8154,0.81731,0.8147,0.8163
2023-08-07T23:00:00+02:00,0.8163,0.81702,0.81247,0.8141
2023-08-08T11:00:00+02:00,0.8141,0.816,0.81266,0.81384
2023-08-08T23:00:00+02:00,0.81384,0.81708,0.81242,0.8157
2023-08-09T11:00:00+02:00,0.8157,0.8157,0.81208,0.81238
2023-08-09T23:00:00+02:00,0.81238,0.81458,0.81174,0.81371
2023-08-10T11:00:00+02:00,0.81371,0.81824,0.8096,0.80972
2023-08-10T23:00:00+02:00,0.80972,0.81012,0.80708,0.80824
2023-08-11T11:00:00+02:00,0.80824,0.80874,0.80324,0.8046
2023-08-13T23:00:00+02:00,0.8046,0.80547,0.80128,0.80435
2023-08-14T11:00:00+02:00,0.80435,0.80558,0.80113,0.80432
2023-08-14T23:00:00+02:00,0.80432,0.80611,0.80286,0.80452
2023-08-15T11:00:00+02:00,0.80452,0.80692,0.80302,0.8032
2023-08-15T23:00:00+02:00,0.8032,0.8083,0.80122,0.80705
2023-08-16T11:00:00+02:00,0.80705,0.8071,0.80264,0.80351
2023-08-16T23:00:00+02:00,0.80351,0.80371,0.79946,0.80202
2023-08-17T11:00:00+02:00,0.80202,0.80509,0.80151,0.8025
2023-08-17T23:00:00+02:00,0.8025,0.80436,0.80198,0.8022
2023-08-18T11:00:00+02:00,0.8022,0.80546,0.80164,0.80258
2023-08-20T23:00:00+02:00,0.80258,0.80423,0.79947,0.80001
2023-08-21T11:00:00+02:00,0.80001,0.80335,0.7992,0.80277
2023-08-21T23:00:00+02:00,0.80277,0.80676,0.80244,0.80581
2023-08-22T11:00:00+02:00,0.80581,0.80753,0.80296,0.80572
2023-08-22T23:00:00+02:00,0.80572,0.80756,0.80462,0.8057
2023-08-23T11:00:00+02:00,0.8057,0.81028,0.80466,0.80857
2023-08-23T23:00:00+02:00,0.80857,0.809,0.80504,0.80524
2023-08-24T11:00:00+02:00,0.80524,0.80552,0.80284,0.80458
2023-08-24T23:00:00+02:00,0.80458,0.80494,0.8015,0.80278
2023-08-25T11:00:00+02:00,0.80278,0.807,0.80238,0.80279
2023-08-27T23:00:00+02:00,0.80279,0.80512,0.80188,0.80274
2023-08-28T11:00:00+02:00,0.80274,0.80468,0.80197,0.80384
2023-08-28T23:00:00+02:00,0.80384,0.80668,0.80289,0.80564
2023-08-29T11:00:00+02:00,0.80564,0.81046,0.80259,0.809
2023-08-29T23:00:00+02:00,0.809,0.81,0.80578,0.80634
2023-08-30T11:00:00+02:00,0.80634,0.8126,0.80596,0.80597
2023-08-30T23:00:00+02:00,0.80597,0.80824,0.80419,0.80589
2023-08-31T11:00:00+02:00,0.80589,0.80745,0.80302,0.806
2023-08-31T23:00:00+02:00,0.806,0.80798,0.80364,0.805
2023-09-01T11:00:00+02:00,0.805,0.81403,0.80474,0.80821
2023-09-03T23:00:00+02:00,0.80821,0.80981,0.80733,0.8081
2023-09-04T11:00:00+02:00,0.8081,0.80906,0.80674,0.80723
2023-09-04T23:00:00+02:00,0.80723,0.8092,0.80177,0.8028
2023-09-05T11:00:00+02:00,0.8028,0.80308,0.7997,0.80252
2023-09-05T23:00:00+02:00,0.80252,0.80489,0.8004,0.80415
2023-09-06T11:00:00+02:00,0.80415,0.80476,0.80046,0.80078
2023-09-06T23:00:00+02:00,0.80078,0.80366,0.80008,0.80336
2023-09-07T11:00:00+02:00,0.80336,0.80554,0.80214,0.8042
2023-09-07T23:00:00+02:00,0.8042,0.8075,0.80315,0.80716
2023-09-08T11:00:00+02:00,0.80716,0.8079,0.8024,0.80256
2023-09-10T23:00:00+02:00,0.80256,0.80698,0.80247,0.80561
2023-09-11T11:00:00+02:00,0.80561,0.8058,0.80315,0.80357
2023-09-11T23:00:00+02:00,0.80357,0.80414,0.80194,0.80208
2023-09-12T11:00:00+02:00,0.80208,0.80246,0.7991,0.80013
2023-09-12T23:00:00+02:00,0.80013,0.80131,0.79862,0.80108
2023-09-13T11:00:00+02:00,0.80108,0.80262,0.79876,0.80185
2023-09-13T23:00:00+02:00,0.80185,0.80458,0.80118,0.80147
2023-09-14T11:00:00+02:00,0.80147,0.80237,0.7979,0.79844
2023-09-14T23:00:00+02:00,0.79844,0.8017,0.79774,0.79886
2023-09-15T11:00:00+02:00,0.79886,0.80056,0.7971,0.79827
2023-09-17T23:00:00+02:00,0.79827,0.79995,0.79719,0.79826
2023-09-18T11:00:00+02:00,0.79826,0.79849,0.79566,0.79794
2023-09-18T23:00:00+02:00,0.79794,0.7991,0.79706,0.79825
2023-09-19T11:00:00+02:00,0.79825,0.79866,0.79418,0.79828
2023-09-19T23:00:00+02:00,0.79828,0.80047,0.79778,0.79917
2023-09-20T11:00:00+02:00,0.79917,0.80243,0.7979,0.79808
2023-09-20T23:00:00+02:00,0.79808,0.80136,0.79625,0.79795
2023-09-21T11:00:00+02:00,0.79795,0.80048,0.79702,0.7997
2023-09-21T23:00:00+02:00,0.7997,0.80216,0.79794,0.80172
2023-09-22T11:00:00+02:00,0.80172,0.80506,0.80141,0.80406
2023-09-24T23:00:00+02:00,0.80406,0.80406,0.80164,0.80214
2023-09-25T11:00:00+02:00,0.80214,0.80442,0.80178,0.8028
2023-09-25T23:00:00+02:00,0.8028,0.80424,0.80113,0.80398
2023-09-26T11:00:00+02:00,0.80398,0.80594,0.8033,0.80356
2023-09-26T23:00:00+02:00,0.80356,0.8047,0.801,0.80329
2023-09-27T11:00:00+02:00,0.80329,0.80363,0.7982,0.79953
2023-09-27T23:00:00+02:00,0.79953,0.80278,0.79846,0.80226
2023-09-28T11:00:00+02:00,0.80226,0.80568,0.80114,0.80412
2023-09-28T23:00:00+02:00,0.80412,0.81181,0.80384,0.81096
2023-09-29T11:00:00+02:00,0.81096,0.8145,0.80903,0.81449
2023-10-01T23:00:00+02:00,0.81449,0.81506,0.81228,0.81314
2023-10-02T11:00:00+02:00,0.81314,0.81484,0.81212,0.81332
2023-10-02T23:00:00+02:00,0.81332,0.81434,0.80916,0.80982
2023-10-03T11:00:00+02:00,0.80982,0.81036,0.80763,0.81005
2023-10-03T23:00:00+02:00,0.81005,0.81139,0.80531,0.80818
2023-10-04T11:00:00+02:00,0.80818,0.8139,0.80758,0.81278
2023-10-04T23:00:00+02:00,0.81278,0.81647,0.81183,0.81642
2023-10-05T11:00:00+02:00,0.81642,0.81857,0.8152,0.81754
2023-10-05T23:00:00+02:00,0.81754,0.81844,0.81674,0.81756
2023-10-06T11:00:00+02:00,0.81756,0.8196,0.81254,0.81835
2023-10-08T23:00:00+02:00,0.81835,0.81835,0.81444,0.81604
2023-10-09T11:00:00+02:00,0.81604,0.81879,0.81581,0.81852
2023-10-09T23:00:00+02:00,0.81852,0.82005,0.81636,0.81801
2023-10-10T11:00:00+02:00,0.81801,0.82142,0.81626,0.82118
2023-10-10T23:00:00+02:00,0.82118,0.82186,0.81834,0.81878
2023-10-11T11:00:00+02:00,0.81878,0.82011,0.81778,0.8184
2023-10-11T23:00:00+02:00,0.8184,0.81923,0.81497,0.8159
2023-10-12T11:00:00+02:00,0.8159,0.81602,0.81089,0.81128
2023-10-12T23:00:00+02:00,0.81128,0.81203,0.80808,0.80852
2023-10-13T11:00:00+02:00,0.80852,0.80901,0.80359,0.80359
2023-10-15T23:00:00+02:00,0.80359,0.80887,0.80359,0.8077
2023-10-16T11:00:00+02:00,0.8077,0.80787,0.80472,0.80671
2023-10-16T23:00:00+02:00,0.80671,0.80727,0.8022,0.80269
2023-10-17T11:00:00+02:00,0.80269,0.8054,0.80218,0.80482
2023-10-17T23:00:00+02:00,0.80482,0.80669,0.80308,0.80462
2023-10-18T11:00:00+02:00,0.80462,0.80512,0.8015,0.80317
2023-10-18T23:00:00+02:00,0.80317,0.80337,0.79856,0.79948
2023-10-19T11:00:00+02:00,0.79948,0.8033,0.79885,0.80238
2023-10-19T23:00:00+02:00,0.80238,0.80258,0.79777,0.7987
2023-10-20T11:00:00+02:00,0.7987,0.79947,0.79667,0.79926
2023-10-22T23:00:00+02:00,0.79926,0.79994,0.79736,0.79743
2023-10-23T11:00:00+02:00,0.79743,0.80116,0.7971,0.8002
2023-10-23T23:00:00+02:00,0.8002,0.80282,0.79972,0.80194
2023-10-24T11:00:00+02:00,0.80194,0.80318,0.80034,0.80313
2023-10-24T23:00:00+02:00,0.80313,0.80603,0.80264,0.8037
2023-10-25T11:00:00+02:00,0.8037,0.80398,0.80042,0.80066
2023-10-25T23:00:00+02:00,0.80066,0.80118,0.79746,0.80074
2023-10-26T11:00:00+02:00,0.80074,0.80565,0.80024,0.80498
2023-10-26T23:00:00+02:00,0.80498,0.80562,0.80324,0.80411
2023-10-27T11:00:00+02:00,0.80411,0.80863,0.80364,0.80616
2023-10-29T22:00:00+01:00,0.80616,0.8084,0.805,0.80723
2023-10-30T10:00:00+01:00,0.80723,0.80862,0.80598,0.80801
2023-10-30T22:00:00+01:00,0.80801,0.80898,0.80659,0.80892
2023-10-31T10:00:00+01:00,0.80892,0.80968,0.80546,0.808
2023-10-31T22:00:00+01:00,0.808,0.80821,0.80384,0.80791
2023-11-01T10:00:00+01:00,0.80791,0.812,0.80734,0.81001
2023-11-01T22:00:00+01:00,0.81001,0.81546,0.80988,0.81431
2023-11-02T10:00:00+01:00,0.81431,0.81608,0.80988,0.81018
2023-11-02T22:00:00+01:00,0.81018,0.81228,0.80956,0.81216
2023-11-03T10:00:00+01:00,0.81216,0.82012,0.81194,0.81909
2023-11-05T23:00:00+01:00,0.81909,0.81931,0.81648,0.8166
2023-11-06T11:00:00+01:00,0.8166,0.81806,0.81496,0.81702
2023-11-06T23:00:00+01:00,0.81702,0.81761,0.81276,0.81372
2023-11-07T11:00:00+01:00,0.81372,0.8171,0.81272,0.81706
2023-11-07T23:00:00+01:00,0.81706,0.81822,0.81564,0.81655
2023-11-08T11:00:00+01:00,0.81655,0.81823,0.81512,0.81542
2023-11-08T23:00:00+01:00,0.81542,0.81848,0.8148,0.81804
2023-11-09T11:00:00+01:00,0.81804,0.81964,0.8137,0.81375
2023-11-09T23:00:00+01:00,0.81375,0.8145,0.81272,0.81342
2023-11-10T11:00:00+01:00,0.81342,0.81551,0.81258,0.81272
2023-11-12T23:00:00+01:00,0.81272,0.81449,0.81163,0.81269
2023-11-13T11:00:00+01:00,0.81269,0.8134,0.81114,0.81124
2023-11-13T23:00:00+01:00,0.81124,0.81245,0.81046,0.81238
2023-11-14T11:00:00+01:00,0.81238,0.82331,0.81041,0.8226
2023-11-14T23:00:00+01:00,0.8226,0.82752,0.8218,0.82688
2023-11-15T11:00:00+01:00,0.82688,0.82748,0.82146,0.82417
2023-11-15T23:00:00+01:00,0.82417,0.82505,0.81858,0.82164
2023-11-16T11:00:00+01:00,0.82164,0.82572,0.8201,0.82143
2023-11-16T23:00:00+01:00,0.82143,0.82194,0.81779,0.82072
2023-11-17T11:00:00+01:00,0.82072,0.82306,0.81874,0.82215
2023-11-19T23:00:00+01:00,0.82215,0.82807,0.82138,0.82764
2023-11-20T11:00:00+01:00,0.82764,0.82906,0.82496,0.82831
2023-11-20T23:00:00+01:00,0.82831,0.83528,0.82808,0.83211
2023-11-21T11:00:00+01:00,0.83211,0.83424,0.82738,0.82902
2023-11-21T23:00:00+01:00,0.82902,0.83032,0.82548,0.8266
2023-11-22T11:00:00+01:00,0.8266,0.82922,0.8241,0.82428
2023-11-22T23:00:00+01:00,0.82428,0.82864,0.82381,0.82764
2023-11-23T11:00:00+01:00,0.82764,0.82892,0.82706,0.82841
2023-11-23T23:00:00+01:00,0.82841,0.83002,0.82787,0.82905
2023-11-24T11:00:00+01:00,0.82905,0.83132,0.82696,0.8304
2023-11-26T23:00:00+01:00,0.8304,0.83076,0.82759,0.82968
2023-11-27T11:00:00+01:00,0.82968,0.83188,0.82936,0.83034
2023-11-27T23:00:00+01:00,0.83034,0.83155,0.8273,0.8278
2023-11-28T11:00:00+01:00,0.8278,0.83398,0.82724,0.83296
2023-11-28T23:00:00+01:00,0.83296,0.84086,0.83225,0.8354
2023-11-29T11:00:00+01:00,0.8354,0.8378,0.83469,0.83667
2023-11-29T23:00:00+01:00,0.83667,0.83939,0.83612,0.83732
2023-11-30T11:00:00+01:00,0.83732,0.83871,0.83292,0.83433
2023-11-30T23:00:00+01:00,0.83433,0.83826,0.83318,0.83566
2023-12-01T11:00:00+01:00,0.83566,0.83864,0.83143,0.83826
2023-12-03T23:00:00+01:00,0.83826,0.8395,0.83573,0.83806
2023-12-04T11:00:00+01:00,0.83806,0.83939,0.83344,0.83462
2023-12-04T23:00:00+01:00,0.83462,0.83592,0.83284,0.8335
2023-12-05T11:00:00+01:00,0.8335,0.83532,0.83214,0.83325
2023-12-05T23:00:00+01:00,0.83325,0.83772,0.83291,0.83501
2023-12-06T11:00:00+01:00,0.83501,0.8371,0.83388,0.8346
2023-12-06T23:00:00+01:00,0.8346,0.83574,0.83166,0.83568
2023-12-07T11:00:00+01:00,0.83568,0.84164,0.83402,0.83886
2023-12-07T23:00:00+01:00,0.83886,0.8391,0.83452,0.83468
2023-12-08T11:00:00+01:00,0.83468,0.83568,0.83054,0.83157
2023-12-10T23:00:00+01:00,0.83157,0.83286,0.82952,0.83071
2023-12-11T11:00:00+01:00,0.83071,0.83248,0.82926,0.831
2023-12-11T23:00:00+01:00,0.831,0.83518,0.8307,0.83465
2023-12-12T11:00:00+01:00,0.83465,0.83582,0.83096,0.83365
2023-12-12T23:00:00+01:00,0.83365,0.8341,0.82758,0.82877
2023-12-13T11:00:00+01:00,0.82877,0.83853,0.82733,0.83441
2023-12-13T23:00:00+01:00,0.83441,0.84153,0.83361,0.83643
2023-12-14T11:00:00+01:00,0.83643,0.83665,0.83064,0.83189
2023-12-14T23:00:00+01:00,0.83189,0.83323,0.8295,0.83238
2023-12-15T11:00:00+01:00,0.83238,0.83295,0.82794,0.83044
2023-12-17T23:00:00+01:00,0.83044,0.83573,0.82876,0.83535
2023-12-18T11:00:00+01:00,0.83535,0.83542,0.83056,0.8325
2023-12-18T23:00:00+01:00,0.8325,0.83532,0.83181,0.83519
2023-12-19T11:00:00+01:00,0.83519,0.83681,0.83356,0.83616
2023-12-19T23:00:00+01:00,0.83616,0.83921,0.83515,0.83826
2023-12-20T11:00:00+01:00,0.83826,0.83978,0.83508,0.83512
2023-12-20T23:00:00+01:00,0.83512,0.83616,0.83304,0.8345
2023-12-21T11:00:00+01:00,0.8345,0.83875,0.83394,0.836
2023-12-21T23:00:00+01:00,0.836,0.83654,0.8331,0.8347
2023-12-22T11:00:00+01:00,0.8347,0.83741,0.83389,0.83556
2023-12-25T11:00:00+01:00,0.83556,0.83584,0.83556,0.8358
2023-12-25T23:00:00+01:00,0.8358,0.8382,0.83408,0.83588
2023-12-26T11:00:00+01:00,0.83588,0.83688,0.83386,0.83482
2023-12-26T23:00:00+01:00,0.83482,0.836,0.83415,0.83527
2023-12-27T11:00:00+01:00,0.83527,0.83822,0.83401,0.8376
2023-12-27T23:00:00+01:00,0.8376,0.84052,0.83576,0.83602
2023-12-28T11:00:00+01:00,0.83602,0.83962,0.83598,0.83766
2023-12-28T23:00:00+01:00,0.83766,0.84157,0.8363,0.83634
2023-12-29T11:00:00+01:00,0.83634,0.8383,0.8337,0.83766
2024-01-01T11:00:00+01:00,0.83766,0.83766,0.8371,0.8371
2024-01-01T23:00:00+01:00,0.8371,0.83839,0.83406,0.83638
2024-01-02T11:00:00+01:00,0.83638,0.83664,0.83237,0.83266
2024-01-02T23:00:00+01:00,0.83266,0.83622,0.8324,0.83348
2024-01-03T11:00:00+01:00,0.83348,0.83462,0.83092,0.8342
2024-01-03T23:00:00+01:00,0.8342,0.83728,0.83238,0.83426
2024-01-04T11:00:00+01:00,0.83426,0.83436,0.83094,0.83228
2024-01-04T23:00:00+01:00,0.83228,0.83349,0.83119,0.8316
2024-01-05T11:00:00+01:00,0.8316,0.83586,0.8281,0.83424
2024-01-07T23:00:00+01:00,0.83424,0.83582,0.83281,0.83396
2024-01-08T11:00:00+01:00,0.83396,0.836,0.83164,0.83438
2024-01-08T23:00:00+01:00,0.83438,0.83636,0.83314,0.83434
2024-01-09T11:00:00+01:00,0.83434,0.83672,0.83328,0.83562
2024-01-09T23:00:00+01:00,0.83562,0.83627,0.83439,0.8352
2024-01-10T11:00:00+01:00,0.8352,0.83558,0.83182,0.83319
2024-01-10T23:00:00+01:00,0.83319,0.83646,0.833,0.83522
2024-01-11T11:00:00+01:00,0.83522,0.83657,0.83155,0.83488
2024-01-11T23:00:00+01:00,0.83488,0.83696,0.83372,0.83386
2024-01-12T11:00:00+01:00,0.83386,0.83814,0.83346,0.83662
2024-01-14T23:00:00+01:00,0.83662,0.83667,0.8296,0.82999
2024-01-15T11:00:00+01:00,0.82999,0.83361,0.82993,0.83251
2024-01-15T23:00:00+01:00,0.83251,0.83312,0.8289,0.83139
2024-01-16T11:00:00+01:00,0.83139,0.8314,0.82706,0.82834
2024-01-16T23:00:00+01:00,0.82834,0.82949,0.8261,0.8271
2024-01-17T11:00:00+01:00,0.8271,0.82802,0.82312,0.82584
2024-01-17T23:00:00+01:00,0.82584,0.8275,0.82448,0.8259
2024-01-18T11:00:00+01:00,0.8259,0.82634,0.82348,0.82474
2024-01-18T23:00:00+01:00,0.82474,0.82616,0.822,0.82404
2024-01-19T11:00:00+01:00,0.82404,0.82458,0.82063,0.82082
2024-01-21T23:00:00+01:00,0.82082,0.82397,0.81952,0.82008
2024-01-22T11:00:00+01:00,0.82008,0.8221,0.8185,0.81903
2024-01-22T23:00:00+01:00,0.81903,0.82304,0.81781,0.8207
2024-01-23T11:00:00+01:00,0.8207,0.82215,0.81776,0.82148
2024-01-23T23:00:00+01:00,0.82148,0.82556,0.82052,0.82464
2024-01-24T11:00:00+01:00,0.82464,0.82728,0.82398,0.8265
2024-01-24T23:00:00+01:00,0.8265,0.82752,0.82526,0.82713
2024-01-25T11:00:00+01:00,0.82713,0.82771,0.82278,0.82352
2024-01-25T23:00:00+01:00,0.82352,0.82413,0.82054,0.82121
2024-01-26T11:00:00+01:00,0.82121,0.82212,0.81896,0.8196
2024-01-28T23:00:00+01:00,0.8196,0.82198,0.81868,0.82155
2024-01-29T11:00:00+01:00,0.82155,0.82424,0.82052,0.82274
2024-01-29T23:00:00+01:00,0.82274,0.82442,0.82162,0.82216
2024-01-30T11:00:00+01:00,0.82216,0.82308,0.82058,0.82204
2024-01-30T23:00:00+01:00,0.82204,0.82344,0.81968,0.82224
2024-01-31T11:00:00+01:00,0.82224,0.82614,0.8197,0.82194
2024-01-31T23:00:00+01:00,0.82194,0.82417,0.8192,0.81932
2024-02-01T11:00:00+01:00,0.81932,0.82236,0.818,0.82225
2024-02-01T23:00:00+01:00,0.82225,0.82334,0.82129,0.82268
2024-02-02T11:00:00+01:00,0.82268,0.82404,0.81582,0.8163
2024-02-04T23:00:00+01:00,0.8163,0.81926,0.81514,0.81776
2024-02-05T11:00:00+01:00,0.81776,0.82,0.81674,0.82
2024-02-05T23:00:00+01:00,0.82,0.82104,0.81901,0.81936
2024-02-06T11:00:00+01:00,0.81936,0.82296,0.81825,0.82254
2024-02-06T23:00:00+01:00,0.82254,0.82414,0.82165,0.82234
2024-02-07T11:00:00+01:00,0.82234,0.82472,0.82163,0.82292
2024-02-07T23:00:00+01:00,0.82292,0.8236,0.82139,0.82238
2024-02-08T11:00:00+01:00,0.82238,0.82253,0.81902,0.8207
2024-02-08T23:00:00+01:00,0.8207,0.82756,0.82024,0.82669
2024-02-09T11:00:00+01:00,0.82669,0.8284,0.82396,0.82788
2024-02-11T23:00:00+01:00,0.82788,0.8282,0.82411,0.82448
2024-02-12T11:00:00+01:00,0.82448,0.82591,0.8239,0.82454
2024-02-12T23:00:00+01:00,0.82454,0.82477,0.82051,0.82082
2024-02-13T11:00:00+01:00,0.82082,0.82362,0.81868,0.82218
2024-02-13T23:00:00+01:00,0.82218,0.8248,0.82112,0.82331
2024-02-14T11:00:00+01:00,0.82331,0.82515,0.82228,0.82424
2024-02-14T23:00:00+01:00,0.82424,0.82509,0.82322,0.82382
2024-02-15T11:00:00+01:00,0.82382,0.82762,0.8221,0.8222
2024-02-15T23:00:00+01:00,0.8222,0.82372,0.82094,0.82356
2024-02-16T11:00:00+01:00,0.82356,0.82716,0.82174,0.82584
2024-02-18T23:00:00+01:00,0.82584,0.82898,0.82555,0.82804
2024-02-19T11:00:00+01:00,0.82804,0.82986,0.82682,0.82962
2024-02-19T23:00:00+01:00,0.82962,0.83182,0.82806,0.83182
2024-02-20T11:00:00+01:00,0.83182,0.83681,0.8312,0.83358
2024-02-20T23:00:00+01:00,0.83358,0.83747,0.83326,0.83643
2024-02-21T11:00:00+01:00,0.83643,0.83708,0.83293,0.83448
2024-02-21T23:00:00+01:00,0.83448,0.83628,0.83344,0.83488
2024-02-22T11:00:00+01:00,0.83488,0.83644,0.83398,0.83509
2024-02-22T23:00:00+01:00,0.83509,0.83644,0.83428,0.83449
2024-02-23T11:00:00+01:00,0.83449,0.8378,0.83426,0.83726
2024-02-25T23:00:00+01:00,0.83726,0.83727,0.83296,0.83437
2024-02-26T11:00:00+01:00,0.83437,0.83572,0.83319,0.83357
2024-02-26T23:00:00+01:00,0.83357,0.83399,0.83122,0.83204
2024-02-27T11:00:00+01:00,0.83204,0.83522,0.83129,0.83492
2024-02-27T23:00:00+01:00,0.83492,0.83573,0.82658,0.82792
2024-02-28T11:00:00+01:00,0.82792,0.82891,0.82564,0.82816
2024-02-28T23:00:00+01:00,0.82816,0.82912,0.82692,0.82723
2024-02-29T11:00:00+01:00,0.82723,0.8277,0.8253,0.82645
2024-02-29T23:00:00+01:00,0.82645,0.82746,0.82557,0.82706
2024-03-01T11:00:00+01:00,0.82706,0.8293,0.82598,0.828
2024-03-03T23:00:00+01:00,0.828,0.82834,0.8266,0.82804
2024-03-04T11:00:00+01:00,0.82804,0.82826,0.82658,0.82748
2024-03-04T23:00:00+01:00,0.82748,0.82832,0.82524,0.82548
2024-03-05T11:00:00+01:00,0.82548,0.82835,0.82543,0.82736
2024-03-05T23:00:00+01:00,0.82736,0.829,0.82514,0.82884
2024-03-06T11:00:00+01:00,0.82884,0.82991,0.82709,0.82828
2024-03-06T23:00:00+01:00,0.82828,0.83169,0.82778,0.83138
2024-03-07T11:00:00+01:00,0.83138,0.83255,0.83051,0.831
2024-03-07T23:00:00+01:00,0.831,0.83165,0.8293,0.83105
2024-03-08T11:00:00+01:00,0.83105,0.83472,0.83087,0.83296
2024-03-10T22:00:00+01:00,0.83296,0.83339,0.83123,0.83165
2024-03-11T10:00:00+01:00,0.83165,0.83352,0.8313,0.83206
2024-03-11T22:00:00+01:00,0.83206,0.8326,0.83028,0.83042
2024-03-12T10:00:00+01:00,0.83042,0.83327,0.82878,0.82971
2024-03-12T22:00:00+01:00,0.82971,0.83231,0.82923,0.83097
2024-03-13T10:00:00+01:00,0.83097,0.83097,0.82893,0.8295
2024-03-13T22:00:00+01:00,0.8295,0.83145,0.82896,0.82979
2024-03-14T10:00:00+01:00,0.82979,0.83136,0.82834,0.82964
2024-03-14T22:00:00+01:00,0.82964,0.83008,0.82509,0.82536
2024-03-15T10:00:00+01:00,0.82536,0.82582,0.82312,0.82411
2024-03-17T22:00:00+01:00,0.82411,0.82554,0.82356,0.82508
2024-03-18T10:00:00+01:00,0.82508,0.82541,0.82266,0.82355
2024-03-18T22:00:00+01:00,0.82355,0.82384,0.82002,0.82077
2024-03-19T10:00:00+01:00,0.82077,0.82384,0.8194,0.8211
2024-03-19T22:00:00+01:00,0.8211,0.82204,0.81994,0.82056
2024-03-20T10:00:00+01:00,0.82056,0.82069,0.818,0.82056
2024-03-20T22:00:00+01:00,0.82056,0.8219,0.81734,0.82139
2024-03-21T10:00:00+01:00,0.82139,0.82178,0.81708,0.81782
2024-03-21T22:00:00+01:00,0.81782,0.81834,0.81456,0.81534
2024-03-22T10:00:00+01:00,0.81534,0.8168,0.8147,0.81554
2024-03-24T22:00:00+01:00,0.81554,0.81711,0.81462,0.8159
2024-03-25T10:00:00+01:00,0.8159,0.81655,0.81496,0.81563
2024-03-25T22:00:00+01:00,0.81563,0.81728,0.81464,0.81704
2024-03-26T10:00:00+01:00,0.81704,0.8182,0.81515,0.81558
2024-03-26T22:00:00+01:00,0.81558,0.81654,0.8142,0.816
2024-03-27T10:00:00+01:00,0.816,0.81695,0.81408,0.81462
2024-03-27T22:00:00+01:00,0.81462,0.81524,0.81133,0.81133
2024-03-28T10:00:00+01:00,0.81133,0.81142,0.80863,0.80876
2024-03-28T22:00:00+01:00,0.80876,0.80948,0.80823,0.80924
2024-03-29T10:00:00+01:00,0.80924,0.81133,0.80911,0.81015
2024-03-31T23:00:00+02:00,0.81015,0.81069,0.80853,0.8094
2024-04-01T11:00:00+02:00,0.8094,0.8099,0.80665,0.80802
2024-04-01T23:00:00+02:00,0.80802,0.8084,0.80709,0.80784
2024-04-02T11:00:00+02:00,0.80784,0.8104,0.80767,0.81002
2024-04-02T23:00:00+02:00,0.81002,0.81096,0.80789,0.8101
2024-04-03T11:00:00+02:00,0.8101,0.81333,0.8082,0.81282
2024-04-03T23:00:00+02:00,0.81282,0.8159,0.8124,0.81533
2024-04-04T11:00:00+02:00,0.81533,0.8173,0.81356,0.81612
2024-04-04T23:00:00+02:00,0.81612,0.8171,0.8151,0.81624
2024-04-05T11:00:00+02:00,0.81624,0.81876,0.81505,0.81708
2024-04-07T23:00:00+02:00,0.81708,0.81825,0.81646,0.81755
2024-04-08T11:00:00+02:00,0.81755,0.82021,0.81748,0.8186
2024-04-08T23:00:00+02:00,0.8186,0.82114,0.81859,0.8202
2024-04-09T11:00:00+02:00,0.8202,0.82375,0.82004,0.82221
2024-04-09T23:00:00+02:00,0.82221,0.82452,0.82088,0.82384
2024-04-10T11:00:00+02:00,0.82384,0.82492,0.81715,0.81756
2024-04-10T23:00:00+02:00,0.81756,0.81957,0.81736,0.81938
2024-04-11T11:00:00+02:00,0.81938,0.82204,0.81821,0.82079
2024-04-11T23:00:00+02:00,0.82079,0.82246,0.81942,0.82071
2024-04-12T11:00:00+02:00,0.82071,0.82087,0.81711,0.81787
2024-04-14T23:00:00+02:00,0.81787,0.81898,0.81553,0.81614
2024-04-15T11:00:00+02:00,0.81614,0.8171,0.81333,0.81412
2024-04-15T23:00:00+02:00,0.81412,0.8144,0.81105,0.81241
2024-04-16T11:00:00+02:00,0.81241,0.81433,0.81069,0.8132
2024-04-16T23:00:00+02:00,0.8132,0.81709,0.81032,0.8158
2024-04-17T11:00:00+02:00,0.8158,0.81638,0.81416,0.81483
2024-04-17T23:00:00+02:00,0.81483,0.81594,0.8136,0.81566
2024-04-18T11:00:00+02:00,0.81566,0.81584,0.81227,0.81265
2024-04-18T23:00:00+02:00,0.81265,0.81307,0.80784,0.81066
2024-04-19T11:00:00+02:00,0.81066,0.81135,0.80923,0.80982
2024-04-21T23:00:00+02:00,0.80982,0.8132,0.80893,0.81096
2024-04-22T11:00:00+02:00,0.81096,0.81122,0.80968,0.81094
2024-04-22T23:00:00+02:00,0.81094,0.81164,0.80928,0.80979
2024-04-23T11:00:00+02:00,0.80979,0.81245,0.80932,0.8106
2024-04-23T23:00:00+02:00,0.8106,0.81271,0.81034,0.81222
2024-04-24T11:00:00+02:00,0.81222,0.8139,0.81162,0.81348
2024-04-24T23:00:00+02:00,0.81348,0.8155,0.81291,0.81526
2024-04-25T11:00:00+02:00,0.81526,0.8158,0.81214,0.81214
2024-04-25T23:00:00+02:00,0.81214,0.81488,0.81187,0.81343
2024-04-26T11:00:00+02:00,0.81343,0.81422,0.81156,0.81184
2024-04-28T23:00:00+02:00,0.81184,0.81581,0.81165,0.81453
2024-04-29T11:00:00+02:00,0.81453,0.81706,0.81438,0.81656
2024-04-29T23:00:00+02:00,0.81656,0.81704,0.81228,0.814
2024-04-30T11:00:00+02:00,0.814,0.81453,0.81076,0.8112
2024-04-30T23:00:00+02:00,0.8112,0.81214,0.80946,0.81122
2024-05-01T11:00:00+02:00,0.81122,0.81528,0.81078,0.81458
2024-05-01T23:00:00+02:00,0.81458,0.81511,0.8124,0.81396
2024-05-02T11:00:00+02:00,0.81396,0.8158,0.81196,0.81494
2024-05-02T23:00:00+02:00,0.81494,0.81722,0.81441,0.81714
2024-05-03T11:00:00+02:00,0.81714,0.82447,0.81682,0.82256
2024-05-05T23:00:00+02:00,0.82256,0.82338,0.82062,0.82333
2024-05-06T11:00:00+02:00,0.82333,0.82423,0.82064,0.82114
2024-05-06T23:00:00+02:00,0.82114,0.82306,0.82098,0.82202
2024-05-07T11:00:00+02:00,0.82202,0.8247,0.82137,0.82394
2024-05-07T23:00:00+02:00,0.82394,0.82456,0.82276,0.82296
2024-05-08T11:00:00+02:00,0.82296,0.82447,0.82259,0.82373
2024-05-08T23:00:00+02:00,0.82373,0.82453,0.82288,0.82328
2024-05-09T11:00:00+02:00,0.82328,0.82545,0.82312,0.82536
2024-05-09T23:00:00+02:00,0.82536,0.82598,0.82315,0.8232
2024-05-10T11:00:00+02:00,0.8232,0.82405,0.82059,0.82318
2024-05-12T23:00:00+02:00,0.82318,0.82372,0.82118,0.82196
2024-05-13T11:00:00+02:00,0.82196,0.82435,0.82188,0.82231
2024-05-13T23:00:00+02:00,0.82231,0.82442,0.82174,0.82391
2024-05-14T11:00:00+02:00,0.82391,0.82478,0.82062,0.8246
2024-05-14T23:00:00+02:00,0.8246,0.8273,0.82412,0.82618
2024-05-15T11:00:00+02:00,0.82618,0.83313,0.82574,0.83265
2024-05-15T23:00:00+02:00,0.83265,0.8345,0.83196,0.83269
2024-05-16T11:00:00+02:00,0.83269,0.83379,0.83108,0.83376
2024-05-16T23:00:00+02:00,0.83376,0.83416,0.83222,0.83277
2024-05-17T11:00:00+02:00,0.83277,0.83562,0.83241,0.83498
2024-05-19T23:00:00+02:00,0.83498,0.83531,0.83276,0.83286
2024-05-20T11:00:00+02:00,0.83286,0.83359,0.83102,0.83182
2024-05-20T23:00:00+02:00,0.83182,0.83268,0.83075,0.83189
2024-05-21T11:00:00+02:00,0.83189,0.83388,0.83069,0.83181
2024-05-21T23:00:00+02:00,0.83181,0.83834,0.83062,0.83526
2024-05-22T11:00:00+02:00,0.83526,0.83653,0.83296,0.8349
2024-05-22T23:00:00+02:00,0.8349,0.8375,0.83426,0.83636
2024-05-23T11:00:00+02:00,0.83636,0.83804,0.83528,0.83755
2024-05-23T23:00:00+02:00,0.83755,0.83805,0.83608,0.83782
2024-05-24T11:00:00+02:00,0.83782,0.83838,0.83553,0.83628
2024-05-26T23:00:00+02:00,0.83628,0.83816,0.8354,0.83808
2024-05-27T11:00:00+02:00,0.83808,0.83916,0.83804,0.83863
2024-05-27T23:00:00+02:00,0.83863,0.84,0.83832,0.83953
2024-05-28T11:00:00+02:00,0.83953,0.84056,0.83792,0.83812
2024-05-28T23:00:00+02:00,0.83812,0.83918,0.83726,0.83843
2024-05-29T11:00:00+02:00,0.83843,0.83934,0.83731,0.83881
2024-05-29T23:00:00+02:00,0.83881,0.83902,0.8361,0.83771
2024-05-30T11:00:00+02:00,0.83771,0.83854,0.83626,0.83659
2024-05-30T23:00:00+02:00,0.83659,0.83846,0.83624,0.83678
2024-05-31T11:00:00+02:00,0.83678,0.83995,0.83611,0.83726
2024-06-02T23:00:00+02:00,0.83726,0.83928,0.83647,0.8386
2024-06-03T11:00:00+02:00,0.8386,0.8441,0.83818,0.84388
2024-06-03T23:00:00+02:00,0.84388,0.84509,0.84274,0.84414
2024-06-04T11:00:00+02:00,0.84414,0.84558,0.84313,0.84482
2024-06-04T23:00:00+02:00,0.84482,0.84728,0.84404,0.84617
2024-06-05T11:00:00+02:00,0.84617,0.84884,0.84501,0.84798
2024-06-05T23:00:00+02:00,0.84798,0.84956,0.84595,0.84707
2024-06-06T11:00:00+02:00,0.84707,0.84831,0.84602,0.84732
2024-06-06T23:00:00+02:00,0.84732,0.84766,0.84602,0.84734
2024-06-07T11:00:00+02:00,0.84734,0.84776,0.8395,0.84028
2024-06-09T23:00:00+02:00,0.84028,0.84213,0.83964,0.84136
2024-06-10T11:00:00+02:00,0.84136,0.84322,0.8407,0.84319
2024-06-10T23:00:00+02:00,0.84319,0.84383,0.84222,0.84333
2024-06-11T11:00:00+02:00,0.84333,0.84549,0.84316,0.84514
2024-06-11T23:00:00+02:00,0.84514,0.84558,0.84407,0.84466
2024-06-12T11:00:00+02:00,0.84466,0.8519,0.84404,0.84884
2024-06-12T23:00:00+02:00,0.84884,0.84932,0.84732,0.8487
2024-06-13T11:00:00+02:00,0.8487,0.85025,0.84722,0.84729
2024-06-13T23:00:00+02:00,0.84729,0.84817,0.84358,0.84394
2024-06-14T11:00:00+02:00,0.84394,0.84443,0.84262,0.84344
2024-06-16T23:00:00+02:00,0.84344,0.84344,0.83963,0.84116
2024-06-17T11:00:00+02:00,0.84113,0.84179,0.83962,0.84136
2024-06-17T23:00:00+02:00,0.84153,0.8421,0.83817,0.83964
2024-06-18T11:00:00+02:00,0.83962,0.84344,0.83858,0.84292
2024-06-18T23:00:00+02:00,0.84266,0.84298,0.84108,0.84198
2024-06-19T11:00:00+02:00,0.84194,0.84227,0.84001,0.84044
2024-06-19T23:00:00+02:00,0.84054,0.84268,0.84004,0.84048
2024-06-20T11:00:00+02:00,0.84046,0.84088,0.83753,0.83774
2024-06-20T23:00:00+02:00,0.83768,0.83903,0.83721,0.83886
2024-06-21T11:00:00+02:00,0.83888,0.83994,0.83758,0.83768
2024-06-23T23:00:00+02:00,0.83768,0.83823,0.83682,0.83813
2024-06-24T11:00:00+02:00,0.83814,0.83887,0.83594,0.83672
2024-06-24T23:00:00+02:00,0.83658,0.83741,0.83496,0.83634
2024-06-25T11:00:00+02:00,0.83631,0.83745,0.83392,0.83604
2024-06-25T23:00:00+02:00,0.83586,0.83651,0.83446,0.83455
2024-06-26T11:00:00+02:00,0.83456,0.83479,0.83221,0.83348
2024-06-26T23:00:00+02:00,0.83338,0.8345,0.83204,0.83411
2024-06-27T11:00:00+02:00,0.83412,0.83586,0.83284,0.83354
2024-06-27T23:00:00+02:00,0.8335,0.83382,0.83124,0.83212
2024-06-28T11:00:00+02:00,0.8321,0.83536,0.8319,0.83342
2024-06-30T23:00:00+02:00,0.83342,0.8349,0.8326,0.8346
2024-07-01T11:00:00+02:00,0.83462,0.83604,0.83336,0.83452
2024-07-01T23:00:00+02:00,0.83454,0.83501,0.8312,0.83167
2024-07-02T11:00:00+02:00,0.83166,0.83322,0.83078,0.83132
2024-07-02T23:00:00+02:00,0.83126,0.83206,0.83089,0.83112
2024-07-03T11:00:00+02:00,0.8311,0.83462,0.82942,0.83244
2024-07-03T23:00:00+02:00,0.83232,0.83368,0.8319,0.83326
2024-07-04T11:00:00+02:00,0.83329,0.83389,0.83234,0.83246
2024-07-04T23:00:00+02:00,0.83248,0.83326,0.832,0.83266
2024-07-05T11:00:00+02:00,0.83267,0.83854,0.83173,0.83826
2024-07-07T23:00:00+02:00,0.83746,0.83868,0.83642,0.83648
2024-07-08T11:00:00+02:00,0.83646,0.8375,0.83496,0.83496
2024-07-08T23:00:00+02:00,0.83504,0.83592,0.83407,0.83416
2024-07-09T11:00:00+02:00,0.83414,0.83612,0.83386,0.83494
2024-07-09T23:00:00+02:00,0.8351,0.83583,0.82738,0.82784
2024-07-10T11:00:00+02:00,0.82786,0.82924,0.82732,0.82831
2024-07-10T23:00:00+02:00,0.82838,0.83061,0.82792,0.83038
2024-07-11T11:00:00+02:00,0.83034,0.83403,0.82894,0.83104
2024-07-11T23:00:00+02:00,0.83114,0.83186,0.82842,0.83174
2024-07-12T11:00:00+02:00,0.83178,0.83466,0.83116,0.83424
2024-07-14T23:00:00+02:00,0.83354,0.83403,0.83122,0.8316
2024-07-15T11:00:00+02:00,0.83162,0.8332,0.82994,0.8313
2024-07-15T23:00:00+02:00,0.83138,0.8319,0.82791,0.82908
2024-07-16T11:00:00+02:00,0.82906,0.83052,0.82634,0.827
2024-07-16T23:00:00+02:00,0.82686,0.83244,0.82504,0.83228
2024-07-17T11:00:00+02:00,0.83226,0.83298,0.83024,0.83218
2024-07-17T23:00:00+02:00,0.83222,0.83254,0.82976,0.83014
2024-07-18T11:00:00+02:00,0.83012,0.83174,0.82827,0.82845
2024-07-18T23:00:00+02:00,0.82842,0.82913,0.82538,0.82659
2024-07-19T11:00:00+02:00,0.82664,0.8276,0.8246,0.82518
2024-07-21T23:00:00+02:00,0.82447,0.82634,0.82282,0.82458
2024-07-22T11:00:00+02:00,0.82461,0.82518,0.82133,0.82242
2024-07-22T23:00:00+02:00,0.82263,0.823,0.82064,0.82102
2024-07-23T11:00:00+02:00,0.82102,0.82128,0.81943,0.82116
2024-07-23T23:00:00+02:00,0.8213,0.82193,0.81592,0.81741
2024-07-24T11:00:00+02:00,0.8174,0.8205,0.81736,0.81894
2024-07-24T23:00:00+02:00,0.81902,0.81926,0.81698,0.81742
2024-07-25T11:00:00+02:00,0.8174,0.81774,0.81338,0.81384
2024-07-25T23:00:00+02:00,0.81384,0.81534,0.81288,0.8151
2024-07-26T11:00:00+02:00,0.81512,0.81602,0.81366,0.8149
2024-07-28T23:00:00+02:00,0.81497,0.81562,0.81314,0.81372
2024-07-29T11:00:00+02:00,0.81372,0.81432,0.81177,0.81388
2024-07-29T23:00:00+02:00,0.81405,0.81704,0.8134,0.81612
2024-07-30T11:00:00+02:00,0.81612,0.81792,0.81532,0.81776
2024-07-30T23:00:00+02:00,0.81726,0.82051,0.81598,0.81898
2024-07-31T11:00:00+02:00,0.81896,0.82236,0.81834,0.82169
2024-07-31T23:00:00+02:00,0.82155,0.82322,0.82068,0.82146
2024-08-01T11:00:00+02:00,0.82149,0.82579,0.82115,0.8256
2024-08-01T23:00:00+02:00,0.82556,0.82594,0.82353,0.82494
2024-08-02T11:00:00+02:00,0.82492,0.82886,0.82462,0.8263
2024-08-04T23:00:00+02:00,0.82633,0.82682,0.81578,0.8224
2024-08-05T11:00:00+02:00,0.82236,0.82502,0.81912,0.82116
2024-08-05T23:00:00+02:00,0.8212,0.82558,0.81818,0.82042
2024-08-06T11:00:00+02:00,0.82038,0.82169,0.81844,0.82047
2024-08-06T23:00:00+02:00,0.82047,0.82877,0.82002,0.82732
2024-08-07T11:00:00+02:00,0.82734,0.82815,0.82346,0.82453
2024-08-07T23:00:00+02:00,0.82455,0.8251,0.82246,0.82359
2024-08-08T11:00:00+02:00,0.8236,0.82601,0.82226,0.82573
2024-08-08T23:00:00+02:00,0.82561,0.8285,0.8247,0.82746
2024-08-09T11:00:00+02:00,0.82748,0.82748,0.82326,0.8237
2024-08-11T23:00:00+02:00,0.82367,0.82758,0.82282,0.82722
2024-08-12T11:00:00+02:00,0.8272,0.8282,0.82654,0.82709
2024-08-12T23:00:00+02:00,0.82717,0.83002,0.82674,0.82932
2024-08-13T11:00:00+02:00,0.82931,0.83379,0.82891,0.8329
2024-08-13T23:00:00+02:00,0.83287,0.83403,0.82326,0.82416
2024-08-14T11:00:00+02:00,0.82412,0.82628,0.82232,0.8225
2024-08-14T23:00:00+02:00,0.82254,0.82393,0.82111,0.82238
2024-08-15T11:00:00+02:00,0.82236,0.82414,0.82056,0.82169
2024-08-15T23:00:00+02:00,0.82192,0.82694,0.82114,0.82589
2024-08-16T11:00:00+02:00,0.82588,0.82888,0.8254,0.82797
2024-08-18T23:00:00+02:00,0.82688,0.83148,0.82688,0.83024
2024-08-19T11:00:00+02:00,0.8302,0.83394,0.8297,0.83342
2024-08-19T23:00:00+02:00,0.83301,0.83591,0.8328,0.83553
2024-08-20T11:00:00+02:00,0.8355,0.83889,0.83492,0.83814
2024-08-20T23:00:00+02:00,0.83836,0.8393,0.8352,0.83554
2024-08-21T11:00:00+02:00,0.83553,0.83888,0.83454,0.83688
2024-08-21T23:00:00+02:00,0.83713,0.83744,0.83497,0.83646
2024-08-22T11:00:00+02:00,0.83648,0.83664,0.83442,0.83603
2024-08-22T23:00:00+02:00,0.83588,0.83702,0.835,0.83618
2024-08-23T11:00:00+02:00,0.83616,0.84253,0.8354,0.84204
2024-08-25T23:00:00+02:00,0.84109,0.842,0.83811,0.83822
2024-08-26T11:00:00+02:00,0.83824,0.83858,0.83629,0.83672
2024-08-26T23:00:00+02:00,0.83651,0.83942,0.83549,0.83779
2024-08-27T11:00:00+02:00,0.83778,0.84122,0.83763,0.84046
2024-08-27T23:00:00+02:00,0.84051,0.84099,0.8381,0.84046
2024-08-28T11:00:00+02:00,0.84046,0.8419,0.8395,0.84174
2024-08-28T23:00:00+02:00,0.8418,0.84742,0.841,0.84491
2024-08-29T11:00:00+02:00,0.84494,0.8454,0.84232,0.84382
2024-08-29T23:00:00+02:00,0.84374,0.84596,0.84262,0.8439
2024-08-30T11:00:00+02:00,0.8439,0.84448,0.8415,0.8433
2024-09-01T23:00:00+02:00,0.84217,0.84342,0.8402,0.8407
2024-09-02T11:00:00+02:00,0.84069,0.84145,0.83986,0.84094
2024-09-02T23:00:00+02:00,0.84102,0.84141,0.83646,0.83702
2024-09-03T11:00:00+02:00,0.83705,0.84072,0.83669,0.83829
2024-09-03T23:00:00+02:00,0.8385,0.83896,0.83574,0.838
2024-09-04T11:00:00+02:00,0.83798,0.83994,0.83688,0.83718
2024-09-04T23:00:00+02:00,0.83712,0.83848,0.83478,0.83778
2024-09-05T11:00:00+02:00,0.83779,0.84112,0.8376,0.84019
2024-09-05T23:00:00+02:00,0.84019,0.8411,0.8383,0.84085
2024-09-06T11:00:00+02:00,0.84082,0.84268,0.8359,0.8381
2024-09-08T23:00:00+02:00,0.83759,0.83852,0.83234,0.83258
2024-09-09T11:00:00+02:00,0.8326,0.83446,0.8311,0.83323
2024-09-09T23:00:00+02:00,0.8332,0.83521,0.83208,0.83474
2024-09-10T11:00:00+02:00,0.83472,0.83788,0.83455,0.83697
2024-09-10T23:00:00+02:00,0.8371,0.8374,0.83489,0.83495
2024-09-11T11:00:00+02:00,0.83498,0.83552,0.8316,0.83325
2024-09-11T23:00:00+02:00,0.83321,0.83538,0.83224,0.83247
2024-09-12T11:00:00+02:00,0.8325,0.8398,0.83218,0.83962
2024-09-12T23:00:00+02:00,0.83969,0.84028,0.83854,0.83938
2024-09-13T11:00:00+02:00,0.83936,0.83996,0.83644,0.83665
2024-09-15T23:00:00+02:00,0.83762,0.84066,0.83563,0.84028
2024-09-16T11:00:00+02:00,0.84024,0.84272,0.83981,0.84256
2024-09-16T23:00:00+02:00,0.84274,0.8433,0.84048,0.84322
2024-09-17T11:00:00+02:00,0.84324,0.84364,0.84017,0.84087
2024-09-17T23:00:00+02:00,0.84089,0.84493,0.84028,0.84489
2024-09-18T11:00:00+02:00,0.84492,0.84926,0.84289,0.84468
2024-09-18T23:00:00+02:00,0.84466,0.84846,0.84321,0.8474
2024-09-19T11:00:00+02:00,0.84741,0.84884,0.84512,0.84578
2024-09-19T23:00:00+02:00,0.84584,0.84854,0.8446,0.8463
2024-09-20T11:00:00+02:00,0.84627,0.84694,0.84353,0.84646
2024-09-22T23:00:00+02:00,0.8457,0.84724,0.84502,0.84636
2024-09-23T11:00:00+02:00,0.84637,0.84886,0.84557,0.84864
2024-09-23T23:00:00+02:00,0.84828,0.84906,0.84639,0.84736
2024-09-24T11:00:00+02:00,0.84734,0.85296,0.8472,0.8514
2024-09-24T23:00:00+02:00,0.85106,0.85301,0.8482,0.84858
2024-09-25T11:00:00+02:00,0.8486,0.84956,0.84408,0.84428
2024-09-25T23:00:00+02:00,0.84436,0.84679,0.84248,0.84598
2024-09-26T11:00:00+02:00,0.84601,0.85274,0.84596,0.85197
2024-09-26T23:00:00+02:00,0.85201,0.8539,0.84966,0.85065
2024-09-27T11:00:00+02:00,0.85063,0.85852,0.85042,0.85696
2024-09-29T23:00:00+02:00,0.85592,0.8611,0.85588,0.8594
2024-09-30T11:00:00+02:00,0.85939,0.86142,0.85785,0.85891
2024-09-30T23:00:00+02:00,0.85878,0.85894,0.85346,0.85448
2024-10-01T11:00:00+02:00,0.8545,0.85603,0.84688,0.84743
2024-10-01T23:00:00+02:00,0.8475,0.85084,0.8467,0.84772
2024-10-02T11:00:00+02:00,0.84775,0.84806,0.84421,0.84564
2024-10-02T23:00:00+02:00,0.84564,0.84581,0.84142,0.84161
2024-10-03T11:00:00+02:00,0.84162,0.84363,0.84078,0.84197
2024-10-03T23:00:00+02:00,0.84201,0.84282,0.84068,0.84099
2024-10-04T11:00:00+02:00,0.84101,0.84157,0.83478,0.83616
2024-10-06T23:00:00+02:00,0.83608,0.83814,0.83481,0.83488
2024-10-07T11:00:00+02:00,0.83488,0.83596,0.83292,0.8341
2024-10-07T23:00:00+02:00,0.83426,0.83658,0.83267,0.8353
2024-10-08T11:00:00+02:00,0.83532,0.8378,0.83418,0.8378
2024-10-08T23:00:00+02:00,0.83753,0.8384,0.82998,0.83136
2024-10-09T11:00:00+02:00,0.83136,0.83219,0.82878,0.83134
2024-10-09T23:00:00+02:00,0.8312,0.83506,0.83,0.83438
2024-10-10T11:00:00+02:00,0.8344,0.83762,0.83268,0.83699
2024-10-10T23:00:00+02:00,0.8369,0.83972,0.83658,0.83928
2024-10-11T11:00:00+02:00,0.83928,0.84195,0.83598,0.84086
2024-10-13T23:00:00+02:00,0.83899,0.84078,0.8387,0.83948
2024-10-14T11:00:00+02:00,0.8395,0.84108,0.8375,0.84087
2024-10-14T23:00:00+02:00,0.84108,0.84122,0.83895,0.84072
2024-10-15T11:00:00+02:00,0.84072,0.84336,0.83742,0.83792
2024-10-15T23:00:00+02:00,0.83784,0.83882,0.83288,0.8369
2024-10-16T11:00:00+02:00,0.8369,0.8378,0.83276,0.83292
2024-10-16T23:00:00+02:00,0.83312,0.83526,0.83278,0.83401
2024-10-17T11:00:00+02:00,0.83402,0.8368,0.83402,0.8359
2024-10-17T23:00:00+02:00,0.83594,0.83751,0.83516,0.83728
2024-10-18T11:00:00+02:00,0.83726,0.8386,0.837,0.83788
2024-10-20T23:00:00+02:00,0.83824,0.8398,0.83666,0.83706
2024-10-21T11:00:00+02:00,0.83708,0.83812,0.83393,0.83418
2024-10-21T23:00:00+02:00,0.83403,0.83789,0.83308,0.837
2024-10-22T11:00:00+02:00,0.83699,0.83799,0.8346,0.83492
2024-10-22T23:00:00+02:00,0.83594,0.83628,0.83292,0.8333
2024-10-23T11:00:00+02:00,0.83332,0.83342,0.82943,0.83085
2024-10-23T23:00:00+02:00,0.83076,0.83317,0.83014,0.83262
2024-10-24T11:00:00+02:00,0.8326,0.83364,0.8313,0.8333
2024-10-24T23:00:00+02:00,0.83312,0.83376,0.82948,0.83066
2024-10-25T11:00:00+02:00,0.83068,0.83304,0.82992,0.83022
2024-10-27T22:00:00+01:00,0.83066,0.83174,0.82827,0.82984
2024-10-28T10:00:00+01:00,0.82984,0.83273,0.82984,0.83052
2024-10-28T22:00:00+01:00,0.83058,0.83182,0.82902,0.82987
2024-10-29T10:00:00+01:00,0.82988,0.83146,0.8282,0.83112
2024-10-29T22:00:00+01:00,0.83127,0.83458,0.82858,0.83418
2024-10-30T10:00:00+01:00,0.8342,0.83428,0.83,0.83029
2024-10-30T22:00:00+01:00,0.83078,0.83255,0.82966,0.83168
2024-10-31T10:00:00+01:00,0.83164,0.83312,0.82652,0.83252
2024-10-31T22:00:00+01:00,0.83276,0.83336,0.83086,0.83182
2024-11-01T10:00:00+01:00,0.83186,0.83424,0.83086,0.832
2024-11-03T23:00:00+01:00,0.83568,0.83572,0.83204,0.83324
2024-11-04T11:00:00+01:00,0.83322,0.83332,0.82996,0.8302
2024-11-04T23:00:00+01:00,0.83016,0.83327,0.82945,0.83278
2024-11-05T11:00:00+01:00,0.83279,0.83342,0.82913,0.8304
2024-11-05T23:00:00+01:00,0.83044,0.83282,0.82388,0.82982
2024-11-06T11:00:00+01:00,0.82983,0.83037,0.82608,0.82772
2024-11-06T23:00:00+01:00,0.82765,0.83272,0.82678,0.83224
2024-11-07T11:00:00+01:00,0.83222,0.83682,0.83124,0.83502
2024-11-07T23:00:00+01:00,0.8351,0.83546,0.8326,0.83439
2024-11-08T11:00:00+01:00,0.83439,0.83478,0.82824,0.83008
2024-11-10T23:00:00+01:00,0.82967,0.83208,0.82899,0.83142
2024-11-11T11:00:00+01:00,0.8314,0.83165,0.82937,0.83061
2024-11-11T23:00:00+01:00,0.83077,0.83154,0.82922,0.83014
2024-11-12T11:00:00+01:00,0.83014,0.83065,0.82441,0.82638
2024-11-12T23:00:00+01:00,0.82623,0.82777,0.82554,0.82748
2024-11-13T11:00:00+01:00,0.82744,0.82882,0.82214,0.82304
2024-11-13T23:00:00+01:00,0.82284,0.82366,0.82011,0.82021
2024-11-14T11:00:00+01:00,0.82023,0.82455,0.81985,0.82244
2024-11-14T23:00:00+01:00,0.82248,0.82516,0.82166,0.82474
2024-11-15T11:00:00+01:00,0.82473,0.82686,0.82326,0.82655
2024-11-17T23:00:00+01:00,0.827,0.82708,0.82343,0.82388
2024-11-18T11:00:00+01:00,0.82389,0.82632,0.82249,0.8259
2024-11-18T23:00:00+01:00,0.82552,0.82677,0.82448,0.8247
2024-11-19T11:00:00+01:00,0.82474,0.82687,0.8241,0.82515
2024-11-19T23:00:00+01:00,0.82516,0.8262,0.82228,0.8227
2024-11-20T11:00:00+01:00,0.82269,0.82329,0.82065,0.82128
2024-11-20T23:00:00+01:00,0.82105,0.82208,0.81844,0.81928
2024-11-21T11:00:00+01:00,0.81932,0.82088,0.81679,0.81897
2024-11-21T23:00:00+01:00,0.81877,0.81906,0.81445,0.81687
2024-11-22T11:00:00+01:00,0.81686,0.81785,0.81374,0.81586
2024-11-24T23:00:00+01:00,0.81666,0.81786,0.81542,0.81654
2024-11-25T11:00:00+01:00,0.81655,0.81922,0.8163,0.81753
2024-11-25T23:00:00+01:00,0.8176,0.82597,0.81625,0.8236
2024-11-26T11:00:00+01:00,0.82357,0.82616,0.81857,0.82
2024-11-26T23:00:00+01:00,0.81994,0.82872,0.81892,0.82769
2024-11-27T11:00:00+01:00,0.82772,0.83002,0.82672,0.82708
2024-11-27T23:00:00+01:00,0.82682,0.82708,0.82478,0.82496
2024-11-28T11:00:00+01:00,0.82498,0.82576,0.82395,0.82529
2024-11-28T23:00:00+01:00,0.82529,0.82936,0.82468,0.8279
2024-11-29T11:00:00+01:00,0.8279,0.83118,0.82736,0.82973
2024-12-01T23:00:00+01:00,0.82733,0.829,0.82688,0.82837
2024-12-02T11:00:00+01:00,0.82839,0.82932,0.82498,0.82714
2024-12-02T23:00:00+01:00,0.82699,0.82733,0.82444,0.82662
2024-12-03T11:00:00+01:00,0.82666,0.82797,0.82528,0.82749
2024-12-03T23:00:00+01:00,0.8274,0.82756,0.82112,0.82192
2024-12-04T11:00:00+01:00,0.82194,0.8256,0.81984,0.82329
2024-12-04T23:00:00+01:00,0.82284,0.82672,0.8228,0.82452
2024-12-05T11:00:00+01:00,0.82448,0.82575,0.82276,0.82561
2024-12-05T23:00:00+01:00,0.82559,0.8258,0.82082,0.8215
2024-12-06T11:00:00+01:00,0.82152,0.82725,0.82048,0.8256
2024-12-08T23:00:00+01:00,0.82644,0.82978,0.82242,0.82872
2024-12-09T11:00:00+01:00,0.82874,0.83147,0.82712,0.83119
2024-12-09T23:00:00+01:00,0.83094,0.83146,0.82506,0.82522
2024-12-10T11:00:00+01:00,0.8252,0.82601,0.82058,0.82248
2024-12-10T23:00:00+01:00,0.82252,0.82277,0.81789,0.81853
2024-12-11T11:00:00+01:00,0.81854,0.82222,0.81702,0.81874
2024-12-11T23:00:00+01:00,0.81858,0.82232,0.81842,0.82113
2024-12-12T11:00:00+01:00,0.82112,0.82197,0.81893,0.82037
2024-12-12T23:00:00+01:00,0.82038,0.82126,0.81898,0.81963
2024-12-13T11:00:00+01:00,0.81962,0.82153,0.81886,0.82037
2024-12-15T23:00:00+01:00,0.81969,0.82298,0.81969,0.822
2024-12-16T11:00:00+01:00,0.822,0.82372,0.82061,0.82364
2024-12-16T23:00:00+01:00,0.82342,0.82449,0.82146,0.82222
2024-12-17T11:00:00+01:00,0.82222,0.82474,0.8218,0.82352
2024-12-17T23:00:00+01:00,0.82354,0.82427,0.82016,0.82027
2024-12-18T11:00:00+01:00,0.82031,0.821,0.81154,0.81197
2024-12-18T23:00:00+01:00,0.812,0.81438,0.81068,0.8143
2024-12-19T11:00:00+01:00,0.81432,0.81455,0.81017,0.81072
2024-12-19T23:00:00+01:00,0.8107,0.81251,0.80926,0.81081
2024-12-20T11:00:00+01:00,0.81083,0.81352,0.80972,0.81297
2024-12-22T23:00:00+01:00,0.81144,0.8137,0.81028,0.81363
2024-12-23T11:00:00+01:00,0.81366,0.81397,0.81134,0.81161
2024-12-23T23:00:00+01:00,0.81114,0.81274,0.81052,0.8118
2024-12-24T11:00:00+01:00,0.81182,0.81332,0.80968,0.81004
2024-12-25T23:00:00+01:00,0.81004,0.81221,0.80986,0.81113
2024-12-26T11:00:00+01:00,0.81112,0.81158,0.81007,0.81038
2024-12-26T23:00:00+01:00,0.81046,0.8119,0.8089,0.81046
2024-12-27T11:00:00+01:00,0.81048,0.81276,0.81034,0.81208
2024-12-29T23:00:00+01:00,0.81156,0.81538,0.81132,0.81358
2024-12-30T11:00:00+01:00,0.81354,0.81428,0.8089,0.80958
2024-12-30T23:00:00+01:00,0.80936,0.81008,0.80662,0.80878
2024-12-31T11:00:00+01:00,0.80882,0.80882,0.80412,0.80448
2025-01-01T23:00:00+01:00,0.80428,0.81016,0.80428,0.8099
2025-01-02T11:00:00+01:00,0.8099,0.81032,0.80527,0.80573
2025-01-02T23:00:00+01:00,0.80581,0.8073,0.80528,0.80601
2025-01-03T11:00:00+01:00,0.80603,0.81176,0.80601,0.81086
2025-01-05T23:00:00+01:00,0.81158,0.81273,0.80871,0.81013
2025-01-06T11:00:00+01:00,0.81014,0.81344,0.80796,0.80878
2025-01-06T23:00:00+01:00,0.80882,0.8142,0.80818,0.81326
2025-01-07T11:00:00+01:00,0.81326,0.81354,0.80861,0.80971
2025-01-07T23:00:00+01:00,0.80958,0.80997,0.80709,0.8072
2025-01-08T11:00:00+01:00,0.80722,0.80722,0.80471,0.80646
2025-01-08T23:00:00+01:00,0.80648,0.80669,0.80249,0.80394
2025-01-09T11:00:00+01:00,0.80394,0.80665,0.80382,0.8058
2025-01-09T23:00:00+01:00,0.80584,0.8067,0.80366,0.8037
2025-01-10T11:00:00+01:00,0.80373,0.80518,0.7997,0.80108
2025-01-12T23:00:00+01:00,0.8015,0.80384,0.7996,0.80027
2025-01-13T11:00:00+01:00,0.8003,0.80303,0.79962,0.80274
2025-01-13T23:00:00+01:00,0.8027,0.80872,0.80184,0.8066
2025-01-14T11:00:00+01:00,0.80661,0.80702,0.80302,0.80414
2025-01-14T23:00:00+01:00,0.80378,0.80632,0.80346,0.80612
2025-01-15T11:00:00+01:00,0.8061,0.80842,0.804,0.80534
2025-01-15T23:00:00+01:00,0.8052,0.80686,0.80424,0.80524
2025-01-16T11:00:00+01:00,0.80516,0.80882,0.80325,0.80703
2025-01-16T23:00:00+01:00,0.807,0.8084,0.80452,0.80681
2025-01-17T11:00:00+01:00,0.80682,0.80928,0.80423,0.80852
2025-01-19T23:00:00+01:00,0.8089,0.81216,0.80814,0.81082
2025-01-20T11:00:00+01:00,0.81084,0.8123,0.80916,0.81161
2025-01-20T23:00:00+01:00,0.81163,0.81828,0.81123,0.81228
2025-01-21T11:00:00+01:00,0.81228,0.8148,0.81146,0.81334
2025-01-21T23:00:00+01:00,0.81314,0.81384,0.80996,0.81382
2025-01-22T11:00:00+01:00,0.8138,0.8156,0.81305,0.81444
2025-01-22T23:00:00+01:00,0.81447,0.81591,0.81322,0.81411
2025-01-23T11:00:00+01:00,0.8141,0.81656,0.81308,0.81614
2025-01-23T23:00:00+01:00,0.81626,0.81946,0.81536,0.81838
2025-01-24T11:00:00+01:00,0.81838,0.82022,0.81642,0.81914
2025-01-26T23:00:00+01:00,0.81935,0.81944,0.8169,0.81772
2025-01-27T11:00:00+01:00,0.81774,0.81899,0.81681,0.81828
2025-01-27T23:00:00+01:00,0.81822,0.81822,0.81416,0.815
2025-01-28T11:00:00+01:00,0.81504,0.81631,0.81316,0.81595
2025-01-28T23:00:00+01:00,0.81592,0.81615,0.81444,0.81478
2025-01-29T11:00:00+01:00,0.8148,0.81703,0.81373,0.81615
2025-01-29T23:00:00+01:00,0.81612,0.81658,0.81342,0.8141
2025-01-30T11:00:00+01:00,0.81412,0.82166,0.81354,0.81662
2025-01-30T23:00:00+01:00,0.81662,0.81858,0.81513,0.81832
2025-01-31T11:00:00+01:00,0.81828,0.82072,0.81593,0.81838
2025-02-02T23:00:00+01:00,0.8229,0.82414,0.81516,0.81695
2025-02-03T11:00:00+01:00,0.81692,0.81882,0.80942,0.81184
2025-02-03T23:00:00+01:00,0.8119,0.81258,0.80874,0.8088
2025-02-04T11:00:00+01:00,0.80878,0.81037,0.8074,0.80938
2025-02-04T23:00:00+01:00,0.80886,0.81207,0.80868,0.81162
2025-02-05T11:00:00+01:00,0.81166,0.81476,0.81101,0.81378
2025-02-05T23:00:00+01:00,0.81398,0.8145,0.81163,0.81222
2025-02-06T11:00:00+01:00,0.81221,0.81294,0.81094,0.81196
2025-02-06T23:00:00+01:00,0.81208,0.81418,0.81158,0.81381
2025-02-07T11:00:00+01:00,0.81382,0.81425,0.80747,0.8088
2025-02-09T23:00:00+01:00,0.80913,0.81239,0.80904,0.81053
2025-02-10T11:00:00+01:00,0.81054,0.8115,0.80716,0.80765
2025-02-10T23:00:00+01:00,0.80759,0.81038,0.80701,0.80934
2025-02-11T11:00:00+01:00,0.80936,0.80972,0.80728,0.80794
2025-02-11T23:00:00+01:00,0.80808,0.80992,0.80681,0.80712
2025-02-12T11:00:00+01:00,0.80716,0.80762,0.80298,0.80707
2025-02-12T23:00:00+01:00,0.80708,0.80746,0.8052,0.80552
2025-02-13T11:00:00+01:00,0.80552,0.80634,0.80293,0.80597
2025-02-13T23:00:00+01:00,0.80584,0.8087,0.80472,0.8087
2025-02-14T11:00:00+01:00,0.8087,0.81314,0.80836,0.81264
2025-02-16T23:00:00+01:00,0.81068,0.81426,0.81059,0.81374
2025-02-17T11:00:00+01:00,0.81374,0.81418,0.81316,0.81363
2025-02-17T23:00:00+01:00,0.81364,0.81414,0.80992,0.81029
2025-02-18T11:00:00+01:00,0.81026,0.81034,0.80828,0.80978
2025-02-18T23:00:00+01:00,0.80982,0.81306,0.80606,0.81282
2025-02-19T11:00:00+01:00,0.81286,0.81321,0.81066,0.81236
2025-02-19T23:00:00+01:00,0.81204,0.81462,0.81082,0.81408
2025-02-20T11:00:00+01:00,0.8141,0.81785,0.81334,0.81685
2025-02-20T23:00:00+01:00,0.81708,0.81796,0.8163,0.8173
2025-02-21T11:00:00+01:00,0.81732,0.81754,0.81582,0.81678
2025-02-23T23:00:00+01:00,0.81702,0.81872,0.81579,0.81652
2025-02-24T11:00:00+01:00,0.81654,0.81797,0.8158,0.81728
2025-02-24T23:00:00+01:00,0.81678,0.8178,0.81519,0.81532
2025-02-25T11:00:00+01:00,0.81533,0.81977,0.81428,0.81964
2025-02-25T23:00:00+01:00,0.81889,0.81996,0.81748,0.81774
2025-02-26T11:00:00+01:00,0.81778,0.81975,0.81606,0.81634
2025-02-26T23:00:00+01:00,0.8163,0.81746,0.8139,0.81461
2025-02-27T11:00:00+01:00,0.81458,0.81697,0.81262,0.8129
2025-02-27T23:00:00+01:00,0.81266,0.81341,0.80831,0.80866
2025-02-28T11:00:00+01:00,0.80862,0.81034,0.80704,0.80972
2025-03-02T23:00:00+01:00,0.80926,0.8103,0.80832,0.80906
2025-03-03T11:00:00+01:00,0.80908,0.81551,0.80827,0.81318
2025-03-03T23:00:00+01:00,0.8133,0.81418,0.8108,0.81139
2025-03-04T11:00:00+01:00,0.8114,0.81804,0.81108,0.8152
2025-03-04T23:00:00+01:00,0.81537,0.81776,0.8142,0.81682
2025-03-05T11:00:00+01:00,0.81684,0.82252,0.81658,0.82077
2025-03-05T23:00:00+01:00,0.82056,0.82398,0.82032,0.8226
2025-03-06T11:00:00+01:00,0.8226,0.82522,0.81935,0.8196
2025-03-06T23:00:00+01:00,0.81959,0.82047,0.81676,0.819
2025-03-07T11:00:00+01:00,0.81896,0.82264,0.81769,0.82037
2025-03-09T22:00:00+01:00,0.82104,0.8238,0.81964,0.82364
2025-03-10T10:00:00+01:00,0.82366,0.82804,0.82237,0.82279
2025-03-10T22:00:00+01:00,0.82257,0.82335,0.82011,0.82235
2025-03-11T10:00:00+01:00,0.82238,0.82741,0.82062,0.82509
2025-03-11T22:00:00+01:00,0.82512,0.82623,0.8235,0.82538
2025-03-12T10:00:00+01:00,0.82538,0.82582,0.82125,0.8233
2025-03-12T22:00:00+01:00,0.82335,0.82473,0.8208,0.82082
2025-03-13T10:00:00+01:00,0.8208,0.82358,0.8178,0.82275
2025-03-13T22:00:00+01:00,0.82291,0.8258,0.82224,0.82568
2025-03-14T10:00:00+01:00,0.82569,0.82767,0.82462,0.82592
2025-03-16T22:00:00+01:00,0.82608,0.82978,0.82502,0.82923
2025-03-17T10:00:00+01:00,0.82925,0.8321,0.82868,0.8313
2025-03-17T22:00:00+01:00,0.83133,0.83321,0.83068,0.83225
2025-03-18T10:00:00+01:00,0.83226,0.83268,0.82966,0.83216
2025-03-18T22:00:00+01:00,0.83199,0.83251,0.82842,0.82871
2025-03-19T10:00:00+01:00,0.82868,0.83352,0.82698,0.83291
2025-03-19T22:00:00+01:00,0.83306,0.83452,0.82604,0.8267
2025-03-20T10:00:00+01:00,0.82669,0.8269,0.82265,0.82431
2025-03-20T22:00:00+01:00,0.82432,0.82559,0.82356,0.82527
2025-03-21T10:00:00+01:00,0.82528,0.82675,0.82189,0.82323
2025-03-23T22:00:00+01:00,0.82286,0.82397,0.82038,0.82177
2025-03-24T10:00:00+01:00,0.8218,0.82313,0.81706,0.81994
2025-03-24T22:00:00+01:00,0.8197,0.82069,0.8184,0.81867
2025-03-25T10:00:00+01:00,0.81862,0.82129,0.81784,0.81872
2025-03-25T22:00:00+01:00,0.8188,0.8213,0.81699,0.82011
2025-03-26T10:00:00+01:00,0.82008,0.82112,0.81678,0.81736
2025-03-26T22:00:00+01:00,0.81728,0.82092,0.81698,0.82086
2025-03-27T10:00:00+01:00,0.82084,0.82322,0.81982,0.8211
2025-03-27T22:00:00+01:00,0.82124,0.82207,0.81746,0.819
2025-03-28T10:00:00+01:00,0.81902,0.82054,0.81758,0.81834
2025-03-30T23:00:00+02:00,0.81774,0.81958,0.81528,0.81624
2025-03-31T11:00:00+02:00,0.8162,0.81728,0.81227,0.8168
2025-03-31T23:00:00+02:00,0.81675,0.81766,0.8154,0.81672
2025-04-01T11:00:00+02:00,0.81671,0.81888,0.81492,0.81526
2025-04-01T23:00:00+02:00,0.8153,0.82122,0.81453,0.821
2025-04-02T11:00:00+02:00,0.82098,0.82408,0.81702,0.81837
2025-04-02T23:00:00+02:00,0.81837,0.8196,0.81213,0.81898
2025-04-03T11:00:00+02:00,0.819,0.82281,0.81436,0.81667
2025-04-03T23:00:00+02:00,0.81674,0.81699,0.80367,0.80412
2025-04-04T11:00:00+02:00,0.80412,0.80644,0.79048,0.79592
2025-04-06T23:00:00+02:00,0.79538,0.79616,0.78668,0.79283
2025-04-07T11:00:00+02:00,0.79284,0.80125,0.78352,0.78956
2025-04-07T23:00:00+02:00,0.78995,0.7964,0.78672,0.79422
2025-04-08T11:00:00+02:00,0.79421,0.79708,0.78758,0.7894
2025-04-08T23:00:00+02:00,0.78958,0.79073,0.78286,0.7899
2025-04-09T11:00:00+02:00,0.78992,0.79898,0.78714,0.79476
2025-04-09T23:00:00+02:00,0.79496,0.80288,0.7939,0.79848
2025-04-10T11:00:00+02:00,0.79852,0.80531,0.79794,0.80246
2025-04-10T23:00:00+02:00,0.80244,0.80931,0.80066,0.80786
2025-04-11T11:00:00+02:00,0.80782,0.80996,0.80334,0.80787
2025-04-13T23:00:00+02:00,0.80694,0.81514,0.80672,0.81431
2025-04-14T11:00:00+02:00,0.81432,0.81674,0.81,0.8154
2025-04-14T23:00:00+02:00,0.8154,0.8216,0.81448,0.81834
2025-04-15T11:00:00+02:00,0.81837,0.82642,0.81808,0.82364
2025-04-15T23:00:00+02:00,0.82352,0.82524,0.8217,0.8236
2025-04-16T11:00:00+02:00,0.82358,0.82384,0.81925,0.82201
2025-04-16T23:00:00+02:00,0.8219,0.82364,0.81926,0.82228
2025-04-17T11:00:00+02:00,0.82224,0.82768,0.82224,0.82618
2025-04-17T23:00:00+02:00,0.82612,0.82747,0.82122,0.82146
2025-04-18T11:00:00+02:00,0.8214,0.82279,0.821,0.82196
2025-04-20T23:00:00+02:00,0.82196,0.83004,0.82152,0.8297
2025-04-21T11:00:00+02:00,0.82968,0.83175,0.82802,0.83061
2025-04-21T23:00:00+02:00,0.83095,0.83176,0.82795,0.82972
2025-04-22T11:00:00+02:00,0.8297,0.83146,0.8235,0.82385
2025-04-22T23:00:00+02:00,0.82384,0.82865,0.82251,0.82676
2025-04-23T11:00:00+02:00,0.82672,0.8319,0.82478,0.82513
2025-04-23T23:00:00+02:00,0.82503,0.8282,0.8242,0.82733
2025-04-24T11:00:00+02:00,0.82736,0.83197,0.827,0.83094
2025-04-24T23:00:00+02:00,0.83087,0.83158,0.82743,0.82819
2025-04-25T11:00:00+02:00,0.82821,0.8283,0.82488,0.82643
2025-04-27T23:00:00+02:00,0.82738,0.82778,0.82333,0.82456
2025-04-28T11:00:00+02:00,0.82452,0.82732,0.82434,0.82683
2025-04-28T23:00:00+02:00,0.82683,0.82728,0.82419,0.82512
2025-04-29T11:00:00+02:00,0.8251,0.82548,0.82002,0.82024
2025-04-29T23:00:00+02:00,0.82042,0.82224,0.81882,0.81938
2025-04-30T11:00:00+02:00,0.81942,0.82002,0.81688,0.81856
2025-04-30T23:00:00+02:00,0.81856,0.8203,0.81766,0.81889
2025-05-01T11:00:00+02:00,0.81892,0.81946,0.81542,0.81818
2025-05-01T23:00:00+02:00,0.8182,0.82069,0.81745,0.81944
2025-05-02T11:00:00+02:00,0.81938,0.82362,0.81905,0.82171
2025-05-04T23:00:00+02:00,0.81984,0.82644,0.81984,0.82446
2025-05-05T11:00:00+02:00,0.82448,0.82796,0.82338,0.825
2025-05-05T23:00:00+02:00,0.82502,0.82733,0.82257,0.82622
2025-05-06T11:00:00+02:00,0.82624,0.828,0.82486,0.82734
2025-05-06T23:00:00+02:00,0.82742,0.82955,0.82632,0.82664
2025-05-07T11:00:00+02:00,0.82668,0.82686,0.82104,0.82212
2025-05-07T23:00:00+02:00,0.82193,0.82578,0.82064,0.82077
2025-05-08T11:00:00+02:00,0.82078,0.82442,0.82073,0.82219
2025-05-08T23:00:00+02:00,0.82191,0.8224,0.81846,0.82075
2025-05-09T11:00:00+02:00,0.82072,0.82476,0.81899,0.82344
2025-05-11T23:00:00+02:00,0.82365,0.8267,0.82108,0.82205
2025-05-12T11:00:00+02:00,0.822,0.82368,0.81806,0.8184
2025-05-12T23:00:00+02:00,0.81865,0.82443,0.81769,0.82398
2025-05-13T11:00:00+02:00,0.824,0.82936,0.82344,0.82744
2025-05-13T23:00:00+02:00,0.82734,0.83034,0.82648,0.82912
2025-05-14T11:00:00+02:00,0.82913,0.83,0.82369,0.82462
2025-05-14T23:00:00+02:00,0.82458,0.82589,0.82244,0.82366
2025-05-15T11:00:00+02:00,0.82366,0.82374,0.81964,0.82041
2025-05-15T23:00:00+02:00,0.82048,0.82539,0.81859,0.82448
2025-05-16T11:00:00+02:00,0.82443,0.82478,0.82081,0.82164
2025-05-18T23:00:00+02:00,0.8227,0.82377,0.82081,0.82316
2025-05-19T11:00:00+02:00,0.82314,0.82763,0.82294,0.82732
2025-05-19T23:00:00+02:00,0.8273,0.82778,0.82496,0.82522
2025-05-20T11:00:00+02:00,0.82522,0.8254,0.82142,0.82454
2025-05-20T23:00:00+02:00,0.824,0.8268,0.82321,0.82369
2025-05-21T11:00:00+02:00,0.82366,0.82568,0.82228,0.82294
2025-05-21T23:00:00+02:00,0.82295,0.82426,0.82008,0.82118
2025-05-22T11:00:00+02:00,0.82118,0.82124,0.81696,0.81726
2025-05-22T23:00:00+02:00,0.81727,0.82138,0.8167,0.82115
2025-05-23T11:00:00+02:00,0.82115,0.82401,0.82,0.82224
2025-05-25T23:00:00+02:00,0.82202,0.82614,0.82139,0.82534
2025-05-26T11:00:00+02:00,0.82535,0.82586,0.8239,0.82406
2025-05-26T23:00:00+02:00,0.82398,0.82472,0.81998,0.82008
2025-05-27T11:00:00+02:00,0.82006,0.82258,0.81771,0.82153
2025-05-27T23:00:00+02:00,0.82188,0.82642,0.81898,0.8256
2025-05-28T11:00:00+02:00,0.82558,0.82607,0.82201,0.82578
2025-05-28T23:00:00+02:00,0.82533,0.82662,0.82078,0.82428
2025-05-29T11:00:00+02:00,0.8243,0.82622,0.82367,0.82386
2025-05-29T23:00:00+02:00,0.82404,0.8267,0.82226,0.8223
2025-05-30T11:00:00+02:00,0.82224,0.82339,0.81907,0.81933
2025-06-01T23:00:00+02:00,0.8196,0.82424,0.81897,0.82369
2025-06-02T11:00:00+02:00,0.82372,0.8283,0.82295,0.8279
2025-06-02T23:00:00+02:00,0.82769,0.8306,0.82274,0.82361
2025-06-03T11:00:00+02:00,0.82356,0.82482,0.82241,0.823
2025-06-03T23:00:00+02:00,0.82292,0.82472,0.82214,0.82431
2025-06-04T11:00:00+02:00,0.82432,0.82544,0.82395,0.82412
2025-06-04T23:00:00+02:00,0.8248,0.82628,0.82364,0.82528
2025-06-05T11:00:00+02:00,0.82533,0.82928,0.82476,0.8252
2025-06-05T23:00:00+02:00,0.82558,0.8265,0.82374,0.82441
2025-06-06T11:00:00+02:00,0.82438,0.82607,0.82235,0.82382
2025-06-08T23:00:00+02:00,0.82382,0.8293,0.82358,0.82864
2025-06-09T11:00:00+02:00,0.82858,0.8291,0.8262,0.82838
2025-06-09T23:00:00+02:00,0.82846,0.82989,0.82669,0.82848
2025-06-10T11:00:00+02:00,0.8285,0.82913,0.82604,0.82723
2025-06-10T23:00:00+02:00,0.82723,0.8284,0.82434,0.82536
2025-06-11T11:00:00+02:00,0.82537,0.82808,0.82329,0.82408
2025-06-11T23:00:00+02:00,0.82413,0.82516,0.8211,0.82394
2025-06-12T11:00:00+02:00,0.82396,0.82687,0.82314,0.82526
2025-06-12T23:00:00+02:00,0.82548,0.82607,0.81873,0.81954
2025-06-13T11:00:00+02:00,0.81954,0.82026,0.81703,0.81711
2025-06-15T23:00:00+02:00,0.81657,0.81978,0.81617,0.8196
2025-06-16T11:00:00+02:00,0.8196,0.82452,0.81946,0.82223
2025-06-16T23:00:00+02:00,0.82233,0.82404,0.82076,0.82315
2025-06-17T11:00:00+02:00,0.82312,0.82478,0.81973,0.82254
2025-06-17T23:00:00+02:00,0.82254,0.82458,0.82181,0.82352
2025-06-18T11:00:00+02:00,0.82352,0.82764,0.82176,0.82542
2025-06-18T23:00:00+02:00,0.82542,0.82595,0.81872,0.82028
2025-06-19T11:00:00+02:00,0.82026,0.8212,0.81842,0.82092
2025-06-19T23:00:00+02:00,0.8209,0.82292,0.81946,0.82113
2025-06-20T11:00:00+02:00,0.82116,0.82234,0.81907,0.81931
2025-06-22T23:00:00+02:00,0.81836,0.8199,0.81414,0.81481
2025-06-23T11:00:00+02:00,0.8148,0.82131,0.81144,0.82086
2025-06-23T23:00:00+02:00,0.81916,0.82745,0.81903,0.82612
2025-06-24T11:00:00+02:00,0.82608,0.82804,0.82412,0.82436
2025-06-24T23:00:00+02:00,0.82428,0.82897,0.82309,0.82672
2025-06-25T11:00:00+02:00,0.82672,0.82916,0.82578,0.82882
2025-06-25T23:00:00+02:00,0.82872,0.8312,0.8272,0.83042
2025-06-26T11:00:00+02:00,0.83038,0.83047,0.82596,0.82624
2025-06-26T23:00:00+02:00,0.82627,0.82879,0.82589,0.8283
2025-06-27T11:00:00+02:00,0.82835,0.83159,0.82614,0.82872
2025-06-29T23:00:00+02:00,0.82944,0.83168,0.8282,0.83002
2025-06-30T11:00:00+02:00,0.82996,0.83073,0.82756,0.8296
2025-06-30T23:00:00+02:00,0.82967,0.83186,0.82736,0.83156
2025-07-01T11:00:00+02:00,0.83154,0.8322,0.83048,0.83214
2025-07-01T23:00:00+02:00,0.8321,0.83304,0.82912,0.82922
2025-07-02T11:00:00+02:00,0.8292,0.82943,0.8256,0.82747
2025-07-02T23:00:00+02:00,0.8273,0.82804,0.82462,0.82576
2025-07-03T11:00:00+02:00,0.82574,0.82603,0.82118,0.82452
2025-07-03T23:00:00+02:00,0.82458,0.82549,0.82316,0.8243
2025-07-04T11:00:00+02:00,0.82428,0.82471,0.82298,0.82417
2025-07-06T23:00:00+02:00,0.82456,0.82489,0.81914,0.81992
2025-07-07T11:00:00+02:00,0.81992,0.82088,0.81771,0.82004
2025-07-07T23:00:00+02:00,0.82007,0.82309,0.81969,0.8214
2025-07-08T11:00:00+02:00,0.82136,0.8219,0.81838,0.81954
2025-07-08T23:00:00+02:00,0.81934,0.82217,0.81792,0.82108
2025-07-09T11:00:00+02:00,0.8211,0.82238,0.81946,0.821
2025-07-09T23:00:00+02:00,0.82104,0.82254,0.82071,0.8223
2025-07-10T11:00:00+02:00,0.82234,0.82444,0.82152,0.8238
2025-07-10T23:00:00+02:00,0.82396,0.82594,0.82306,0.82362
2025-07-11T11:00:00+02:00,0.82364,0.82486,0.82126,0.8226
2025-07-13T23:00:00+02:00,0.82246,0.82293,0.81824,0.8194
2025-07-14T11:00:00+02:00,0.81936,0.81995,0.81731,0.8184
2025-07-14T23:00:00+02:00,0.81841,0.821,0.81812,0.82053
2025-07-15T11:00:00+02:00,0.8205,0.82159,0.81521,0.81573
2025-07-15T23:00:00+02:00,0.81638,0.81799,0.81502,0.81525
2025-07-16T11:00:00+02:00,0.81523,0.81678,0.81311,0.81357
2025-07-16T23:00:00+02:00,0.81362,0.81535,0.81098,0.8142
2025-07-17T11:00:00+02:00,0.8142,0.81587,0.81306,0.81573
2025-07-17T23:00:00+02:00,0.81603,0.81926,0.81554,0.81878
2025-07-18T11:00:00+02:00,0.8188,0.82084,0.81802,0.81802
2025-07-20T23:00:00+02:00,0.81903,0.81903,0.81535,0.81826
2025-07-21T11:00:00+02:00,0.81829,0.81888,0.81624,0.81642
2025-07-21T23:00:00+02:00,0.81647,0.81676,0.81333,0.81339
2025-07-22T11:00:00+02:00,0.8134,0.81717,0.8134,0.81638
2025-07-22T23:00:00+02:00,0.81635,0.81998,0.81454,0.81929
2025-07-23T11:00:00+02:00,0.81932,0.82288,0.81912,0.82195
2025-07-23T23:00:00+02:00,0.82182,0.82407,0.82143,0.82385
2025-07-24T11:00:00+02:00,0.82382,0.82434,0.82207,0.82207
2025-07-24T23:00:00+02:00,0.82196,0.82407,0.82154,0.82197
2025-07-25T11:00:00+02:00,0.82194,0.82479,0.82116,0.82438
2025-07-27T23:00:00+02:00,0.8245,0.82586,0.8201,0.82044
2025-07-28T11:00:00+02:00,0.82041,0.8212,0.81912,0.82014
2025-07-28T23:00:00+02:00,0.82016,0.82067,0.81792,0.81908
2025-07-29T11:00:00+02:00,0.8191,0.82078,0.81798,0.81994
2025-07-29T23:00:00+02:00,0.81999,0.82172,0.81976,0.82056
2025-07-30T11:00:00+02:00,0.82053,0.82107,0.81366,0.81503
2025-07-30T23:00:00+02:00,0.8155,0.82005,0.81512,0.81832
2025-07-31T11:00:00+02:00,0.81834,0.81838,0.81496,0.81586
2025-07-31T23:00:00+02:00,0.8158,0.81688,0.8135,0.81378
2025-08-01T11:00:00+02:00,0.8137,0.81766,0.81256,0.81574
2025-08-03T23:00:00+02:00,0.81416,0.81612,0.8137,0.8148
2025-08-04T11:00:00+02:00,0.81481,0.81606,0.81297,0.81391
2025-08-04T23:00:00+02:00,0.81396,0.81512,0.81174,0.81275
2025-08-05T11:00:00+02:00,0.81278,0.81382,0.81178,0.81281
2025-08-05T23:00:00+02:00,0.81287,0.816,0.81154,0.81496
2025-08-06T11:00:00+02:00,0.81494,0.81625,0.81434,0.81448
2025-08-06T23:00:00+02:00,0.81511,0.81886,0.81394,0.818
2025-08-07T11:00:00+02:00,0.81803,0.81955,0.81634,0.81944
2025-08-07T23:00:00+02:00,0.8194,0.82024,0.81738,0.81761
2025-08-08T11:00:00+02:00,0.81764,0.82002,0.81744,0.81891
2025-08-10T23:00:00+02:00,0.81996,0.81996,0.8178,0.81838
2025-08-11T11:00:00+02:00,0.81834,0.8185,0.81706,0.81826
2025-08-11T23:00:00+02:00,0.81757,0.81897,0.81658,0.81664
2025-08-12T11:00:00+02:00,0.81668,0.8206,0.81617,0.82017
2025-08-12T23:00:00+02:00,0.82016,0.82404,0.8192,0.82362
2025-08-13T11:00:00+02:00,0.82363,0.82466,0.82186,0.82206
2025-08-13T23:00:00+02:00,0.82171,0.82346,0.81964,0.81966
2025-08-14T11:00:00+02:00,0.81968,0.82036,0.81615,0.8177
2025-08-14T23:00:00+02:00,0.81804,0.81854,0.81602,0.81782
2025-08-15T11:00:00+02:00,0.8178,0.8196,0.8167,0.81852
2025-08-17T23:00:00+02:00,0.81815,0.82016,0.81776,0.81939
2025-08-18T11:00:00+02:00,0.81936,0.81953,0.81723,0.81746
2025-08-18T23:00:00+02:00,0.81746,0.81874,0.81674,0.81782
2025-08-19T11:00:00+02:00,0.81785,0.81948,0.81702,0.8173
2025-08-19T23:00:00+02:00,0.81799,0.81812,0.807,0.80911
2025-08-20T11:00:00+02:00,0.8091,0.80924,0.80689,0.80788
2025-08-20T23:00:00+02:00,0.8071,0.80911,0.80688,0.80818
2025-08-21T11:00:00+02:00,0.8082,0.80976,0.80786,0.80946
2025-08-21T23:00:00+02:00,0.80934,0.80981,0.80714,0.8085
2025-08-22T11:00:00+02:00,0.80848,0.81286,0.80742,0.81148
2025-08-24T23:00:00+02:00,0.81138,0.81275,0.81001,0.81119
2025-08-25T11:00:00+02:00,0.81115,0.81248,0.81019,0.81076
2025-08-25T23:00:00+02:00,0.81066,0.81236,0.80778,0.80922
2025-08-26T11:00:00+02:00,0.8092,0.81138,0.80909,0.81112
2025-08-26T23:00:00+02:00,0.81106,0.81125,0.80717,0.80719
2025-08-27T11:00:00+02:00,0.80722,0.80898,0.80604,0.80806
2025-08-27T23:00:00+02:00,0.808,0.80818,0.80661,0.80804
2025-08-28T11:00:00+02:00,0.80806,0.80971,0.80746,0.80902
2025-08-28T23:00:00+02:00,0.80876,0.8106,0.80862,0.80987
2025-08-29T11:00:00+02:00,0.80986,0.8111,0.8089,0.81034
2025-08-31T23:00:00+02:00,0.80923,0.8126,0.80898,0.81251
2025-09-01T11:00:00+02:00,0.81248,0.81252,0.81072,0.8117
2025-09-01T23:00:00+02:00,0.81165,0.81214,0.80592,0.80653
2025-09-02T11:00:00+02:00,0.8065,0.80958,0.8057,0.80846
2025-09-02T23:00:00+02:00,0.80813,0.80924,0.80646,0.80906
2025-09-03T11:00:00+02:00,0.80904,0.81124,0.80839,0.8109
2025-09-03T23:00:00+02:00,0.81032,0.81242,0.8096,0.81039
2025-09-04T11:00:00+02:00,0.81043,0.81046,0.80688,0.80796
2025-09-04T23:00:00+02:00,0.80742,0.81078,0.80712,0.81056
2025-09-05T11:00:00+02:00,0.81054,0.81704,0.8102,0.81504
2025-09-07T23:00:00+02:00,0.81535,0.81924,0.81428,0.81842
2025-09-08T11:00:00+02:00,0.8184,0.82102,0.81804,0.81995
2025-09-08T23:00:00+02:00,0.81956,0.82172,0.81944,0.82106
2025-09-09T11:00:00+02:00,0.82108,0.8225,0.81953,0.82046
2025-09-09T23:00:00+02:00,0.82086,0.82384,0.82002,0.82269
2025-09-10T11:00:00+02:00,0.82266,0.82536,0.82262,0.82348
2025-09-10T23:00:00+02:00,0.82349,0.82436,0.82264,0.82279
2025-09-11T11:00:00+02:00,0.82277,0.82714,0.82143,0.82682
2025-09-11T23:00:00+02:00,0.82621,0.82719,0.82399,0.82417
2025-09-12T11:00:00+02:00,0.82414,0.82512,0.82303,0.82468
2025-09-14T23:00:00+02:00,0.82468,0.82546,0.82356,0.82448
2025-09-15T11:00:00+02:00,0.82444,0.82498,0.82196,0.82262
2025-09-15T23:00:00+02:00,0.82265,0.82316,0.82018,0.822
2025-09-16T11:00:00+02:00,0.822,0.82345,0.82082,0.82268
2025-09-16T23:00:00+02:00,0.82181,0.82308,0.82076,0.8216
2025-09-17T11:00:00+02:00,0.82162,0.82468,0.81999,0.82121
2025-09-17T23:00:00+02:00,0.82129,0.82236,0.81201,0.81202
2025-09-18T11:00:00+02:00,0.81198,0.81386,0.81057,0.81148
2025-09-18T23:00:00+02:00,0.81159,0.81259,0.809,0.81146
2025-09-19T11:00:00+02:00,0.8115,0.81202,0.8064,0.80698
2025-09-21T23:00:00+02:00,0.80743,0.80889,0.806,0.80888
2025-09-22T11:00:00+02:00,0.8089,0.81169,0.80824,0.8109
2025-09-22T23:00:00+02:00,0.81035,0.81148,0.80845,0.81085
2025-09-23T11:00:00+02:00,0.81086,0.81148,0.80914,0.8106
2025-09-23T23:00:00+02:00,0.81004,0.81189,0.80909,0.8104
2025-09-24T11:00:00+02:00,0.81044,0.81076,0.80702,0.8079
2025-09-24T23:00:00+02:00,0.80788,0.80962,0.80688,0.80962
2025-09-25T11:00:00+02:00,0.8096,0.81,0.80296,0.80402
2025-09-25T23:00:00+02:00,0.80404,0.80456,0.80262,0.80398
2025-09-26T11:00:00+02:00,0.80394,0.80518,0.80311,0.80506
2025-09-28T23:00:00+02:00,0.80506,0.80666,0.804,0.80596
2025-09-29T11:00:00+02:00,0.806,0.80666,0.80381,0.80382
2025-09-29T23:00:00+02:00,0.80429,0.80755,0.80358,0.80686
2025-09-30T11:00:00+02:00,0.80684,0.80826,0.80592,0.80646
2025-09-30T23:00:00+02:00,0.80652,0.81,0.80583,0.80936
2025-10-01T11:00:00+02:00,0.80939,0.81204,0.80871,0.81072
2025-10-01T23:00:00+02:00,0.81066,0.81411,0.80906,0.81372
2025-10-02T11:00:00+02:00,0.81369,0.81378,0.81058,0.81252
2025-10-02T23:00:00+02:00,0.81248,0.81456,0.81194,0.81417
2025-10-03T11:00:00+02:00,0.81418,0.81496,0.81293,0.81352
2025-10-05T23:00:00+02:00,0.81193,0.81449,0.81178,0.812
2025-10-06T11:00:00+02:00,0.81196,0.81557,0.811,0.8146
2025-10-06T23:00:00+02:00,0.81458,0.81462,0.81004,0.81052
2025-10-07T11:00:00+02:00,0.8105,0.81148,0.80854,0.80902
2025-10-07T23:00:00+02:00,0.80906,0.80936,0.80129,0.80332
2025-10-08T11:00:00+02:00,0.80336,0.80752,0.80326,0.80746
2025-10-08T23:00:00+02:00,0.80716,0.80907,0.80412,0.8047
2025-10-09T11:00:00+02:00,0.80472,0.80668,0.80422,0.80562
2025-10-09T23:00:00+02:00,0.80615,0.80726,0.80523,0.8069
2025-10-10T11:00:00+02:00,0.80693,0.80694,0.80068,0.80126
2025-10-12T23:00:00+02:00,0.8034,0.80406,0.80084,0.80242
2025-10-13T11:00:00+02:00,0.80245,0.80478,0.80122,0.80374
2025-10-13T23:00:00+02:00,0.80355,0.80392,0.7995,0.80005
2025-10-14T11:00:00+02:00,0.80002,0.80344,0.7997,0.80264
2025-10-14T23:00:00+02:00,0.80284,0.80442,0.80148,0.80415
2025-10-15T11:00:00+02:00,0.80416,0.80438,0.80198,0.80358
2025-10-15T23:00:00+02:00,0.80361,0.80703,0.80225,0.80536
2025-10-16T11:00:00+02:00,0.80534,0.80678,0.80374,0.8046
2025-10-16T23:00:00+02:00,0.80432,0.8057,0.80315,0.80367
2025-10-17T11:00:00+02:00,0.80365,0.80556,0.8021,0.80266
2025-10-19T23:00:00+02:00,0.80302,0.8054,0.80189,0.80524
2025-10-20T11:00:00+02:00,0.80522,0.80712,0.80364,0.8064
2025-10-20T23:00:00+02:00,0.80563,0.80703,0.803,0.80366
2025-10-21T11:00:00+02:00,0.80366,0.8054,0.80186,0.80514
2025-10-21T23:00:00+02:00,0.80454,0.80624,0.80412,0.80507
2025-10-22T11:00:00+02:00,0.80504,0.80568,0.80238,0.80324
2025-10-22T23:00:00+02:00,0.80314,0.80464,0.80134,0.80387
2025-10-23T11:00:00+02:00,0.80391,0.80518,0.80309,0.80472
2025-10-23T23:00:00+02:00,0.80474,0.80647,0.80417,0.8052
2025-10-24T11:00:00+02:00,0.80516,0.80916,0.80416,0.8045
2025-10-26T22:00:00+01:00,0.80945,0.80954,0.80394,0.805
2025-10-27T10:00:00+01:00,0.80498,0.8077,0.80462,0.80712
2025-10-27T22:00:00+01:00,0.80716,0.80885,0.80692,0.80705
2025-10-28T10:00:00+01:00,0.80706,0.80834,0.8052,0.80626
2025-10-28T22:00:00+01:00,0.80626,0.80724,0.80456,0.80536
2025-10-29T10:00:00+01:00,0.80538,0.80669,0.80196,0.80363
2025-10-29T22:00:00+01:00,0.8035,0.8062,0.80296,0.80496
2025-10-30T10:00:00+01:00,0.80494,0.80508,0.80184,0.80304
2025-10-30T22:00:00+01:00,0.80316,0.80318,0.8,0.80116
2025-10-31T10:00:00+01:00,0.80116,0.80302,0.801,0.80214
2025-11-02T23:00:00+01:00,0.80156,0.80298,0.801,0.80254
2025-11-03T11:00:00+01:00,0.80252,0.80332,0.80112,0.80222
2025-11-03T23:00:00+01:00,0.80227,0.80272,0.79651,0.79665
2025-11-04T11:00:00+01:00,0.79662,0.79828,0.79474,0.79586
2025-11-04T23:00:00+01:00,0.79735,0.79866,0.79496,0.79775
2025-11-05T11:00:00+01:00,0.79776,0.79938,0.79693,0.7989
2025-11-05T23:00:00+01:00,0.79823,0.79932,0.7969,0.7979
2025-11-06T11:00:00+01:00,0.79787,0.79898,0.79475,0.79555
2025-11-06T23:00:00+01:00,0.79559,0.79594,0.79134,0.79278
2025-11-07T11:00:00+01:00,0.79276,0.79337,0.78956,0.79034
2025-11-09T23:00:00+01:00,0.7905,0.79174,0.78916,0.79168
2025-11-10T11:00:00+01:00,0.79158,0.79179,0.78942,0.79146
2025-11-10T23:00:00+01:00,0.79179,0.79239,0.7906,0.79195
2025-11-11T11:00:00+01:00,0.79193,0.79394,0.79164,0.7927
2025-11-11T23:00:00+01:00,0.79214,0.79326,0.79144,0.79272
2025-11-12T11:00:00+01:00,0.79272,0.79374,0.79227,0.79366
2025-11-12T23:00:00+01:00,0.79371,0.79486,0.7894,0.79395
2025-11-13T11:00:00+01:00,0.79394,0.79559,0.79254,0.79354
2025-11-13T23:00:00+01:00,0.79386,0.79798,0.79272,0.79654
2025-11-14T11:00:00+01:00,0.7965,0.79794,0.7958,0.79672
2025-11-16T23:00:00+01:00,0.79648,0.7974,0.79414,0.79536
2025-11-17T11:00:00+01:00,0.79532,0.79599,0.79376,0.79526
2025-11-17T23:00:00+01:00,0.79526,0.7958,0.79269,0.79522
2025-11-18T11:00:00+01:00,0.7952,0.79538,0.79092,0.79146
2025-11-18T23:00:00+01:00,0.79174,0.79174,0.78792,0.78862
2025-11-19T11:00:00+01:00,0.78865,0.78885,0.7858,0.78728
2025-11-19T23:00:00+01:00,0.78719,0.78894,0.78654,0.78892
2025-11-20T11:00:00+01:00,0.78894,0.79194,0.78692,0.78708
2025-11-20T23:00:00+01:00,0.78798,0.79006,0.78674,0.7884
2025-11-21T11:00:00+01:00,0.78838,0.7916,0.78758,0.7916
2025-11-23T23:00:00+01:00,0.7911,0.79144,0.78961,0.79028
2025-11-24T11:00:00+01:00,0.79026,0.79198,0.78956,0.79156
2025-11-24T23:00:00+01:00,0.79162,0.793,0.78982,0.79142
2025-11-25T11:00:00+01:00,0.7914,0.79308,0.78966,0.79242
2025-11-25T23:00:00+01:00,0.79198,0.80187,0.79174,0.79938
2025-11-26T11:00:00+01:00,0.79936,0.80088,0.79814,0.80034
2025-11-26T23:00:00+01:00,0.80084,0.80404,0.79972,0.80274
2025-11-27T11:00:00+01:00,0.80278,0.80386,0.80173,0.80384
2025-11-27T23:00:00+01:00,0.80342,0.80396,0.80106,0.80152
2025-11-28T11:00:00+01:00,0.80152,0.80214,0.79922,0.80171
2025-11-30T23:00:00+01:00,0.80058,0.8026,0.80036,0.80242
2025-12-01T11:00:00+01:00,0.80242,0.80287,0.80086,0.80192
2025-12-01T23:00:00+01:00,0.80124,0.80228,0.8007,0.80092
2025-12-02T11:00:00+01:00,0.80092,0.80288,0.8,0.80149
2025-12-02T23:00:00+01:00,0.80123,0.80398,0.80112,0.80125
2025-12-03T11:00:00+01:00,0.80125,0.80591,0.80017,0.8054
2025-12-03T23:00:00+01:00,0.80501,0.80674,0.80462,0.80584
2025-12-04T11:00:00+01:00,0.80586,0.80626,0.80396,0.80428
2025-12-04T23:00:00+01:00,0.80448,0.80596,0.80364,0.80519
2025-12-05T11:00:00+01:00,0.80523,0.80578,0.79808,0.7982
2025-12-07T23:00:00+01:00,0.79938,0.80057,0.79767,0.79959
2025-12-08T11:00:00+01:00,0.79955,0.80046,0.79662,0.80035
2025-12-08T23:00:00+01:00,0.80033,0.80204,0.79902,0.8017
2025-12-09T11:00:00+01:00,0.80168,0.80172,0.79923,0.80044
2025-12-09T23:00:00+01:00,0.80016,0.80183,0.79834,0.80173
2025-12-10T11:00:00+01:00,0.80174,0.80306,0.79947,0.80221
2025-12-10T23:00:00+01:00,0.80197,0.80271,0.7998,0.80146
2025-12-11T11:00:00+01:00,0.80148,0.80294,0.79958,0.79994
2025-12-11T23:00:00+01:00,0.79987,0.8014,0.79968,0.80018
2025-12-12T11:00:00+01:00,0.80016,0.80018,0.79814,0.7993
2025-12-14T23:00:00+01:00,0.7988,0.7995,0.79388,0.79644
2025-12-15T11:00:00+01:00,0.7964,0.79862,0.79614,0.79618
2025-12-15T23:00:00+01:00,0.79601,0.79747,0.7935,0.79666
2025-12-16T11:00:00+01:00,0.79668,0.79786,0.79436,0.79562