mode,wd_variant,wd_source_ltf,entry_ltf,pair,direction,pivot_first_time,pivot_second_time,pivot_low,pivot_high,pivot_range,wd_first_time,wd_second_time,wd_low,wd_high,entry_time,entry_price,tp_price,sl_price,exit_time,exit_price,result,rr_signed,wickdiff_file,dyn_min_sl_pips,VOL
W,ALL,H4,H12,AUDCAD,long,2016-02-01,2016-02-08,0.97122,0.98345,0.012230000000000074,2016-02-12 14:00:00,2016-02-12 18:00:00,0.98101,0.98172,2016-02-17 10:00:00,0.982255,0.9956800000000001,0.969997,2016-02-23 10:00:00,0.9956800000000001,win,1.095203132648078,wickdiffs_W_H4_ALL_20260121_202249.csv,96.59469696969695,1.0
W,ALL,H4,H12,AUDCAD,long,2017-05-01,2017-05-08,1.00181,1.01267,0.01085999999999987,2017-05-11 13:00:00,2017-05-11 17:00:00,1.00802,1.00942,2017-05-15 21:00:00,1.010315,1.0235299999999998,1.0007240000000002,2017-05-25 21:00:00,1.0007240000000002,loss,-1.0,wickdiffs_W_H4_ALL_20260121_202249.csv,69.24090909090916,1.0
W,ALL,H4,H12,AUDCAD,long,2017-09-11,2017-09-18,0.9694,0.97639,0.006989999999999941,2017-09-14 09:00:00,2017-09-14 13:00:00,0.9718,0.97197,2017-09-26 21:00:00,0.972985,0.9833799999999999,0.9653034848484848,2017-10-13 09:00:00,0.9833799999999999,win,1.3532486488618785,wickdiffs_W_H4_ALL_20260121_202249.csv,76.81515151515156,1.0
W,ALL,H4,H12,AUDCAD,long,2018-12-31,2019-01-07,0.90969,0.95127,0.04157999999999995,2019-01-04 10:00:00,2019-01-04 14:00:00,0.94515,0.94524,2019-01-24 22:00:00,0.94609,0.9928499999999999,0.905532,2019-07-30 09:00:00,0.905532,loss,-1.0,wickdiffs_W_H4_ALL_20260121_202249.csv,70.24545454545456,1.0
W,ALL,H4,H12,AUDCAD,long,2019-02-18,2019-02-25,0.93162,0.93648,0.0048599999999999755,2019-03-01 06:00:00,2019-03-01 10:00:00,0.93162,0.93232,2019-05-14 21:00:00,0.93324,0.94134,0.9274927272727272,2019-05-15 21:00:00,0.9274927272727272,loss,-1.0,wickdiffs_W_H4_ALL_20260121_202249.csv,57.4727272727273,1.0
W,ALL,H4,H12,AUDCAD,long,2019-11-11,2019-11-18,0.89669,0.90175,0.0050600000000000644,2019-11-22 10:00:00,2019-11-22 14:00:00,0.90028,0.90078,2019-11-25 10:00:00,0.90144,0.9068100000000001,0.8960893939393939,2019-12-02 10:00:00,0.9068100000000001,win,1.003624624794716,wickdiffs_W_H4_ALL_20260121_202249.csv,53.50606060606066,1.0
W,ALL,H4,H12,AUDCAD,long,2022-07-11,2022-07-18,0.87359,0.88488,0.011290000000000022,2022-07-15 05:00:00,2022-07-15 09:00:00,0.88186,0.88204,2022-09-07 21:00:00,0.88438,0.89617,0.8724609999999999,2022-09-13 09:00:00,0.89617,win,0.989176944374515,wickdiffs_W_H4_ALL_20260121_202249.csv,75.00454545454537,1.0
W,ALL,H4,H12,AUDCAD,long,2022-09-05,2022-09-12,0.88172,0.8912,0.009480000000000044,2022-09-15 17:00:00,2022-09-15 21:00:00,0.88582,0.88616,2022-09-23 09:00:00,0.888,0.90068,0.879489932885906,2022-09-27 21:00:00,0.879489932885906,loss,-1.0,wickdiffs_W_H4_ALL_20260121_202249.csv,69.65454545454537,1.0
W,ALL,H4,H12,AUDCAD,long,2024-11-18,2024-11-25,0.90691,0.91207,0.005160000000000053,2024-11-28 02:00:00,2024-11-28 06:00:00,0.90866,0.90937,2024-12-02 10:00:00,0.90956,0.9172300000000001,0.9035198484848486,2024-12-03 22:00:00,0.9035198484848486,loss,-1.0,wickdiffs_W_H4_ALL_20260121_202249.csv,60.40151515151521,1.0
W,ALL,H4,H12,AUDCAD,long,2025-07-14,2025-07-21,0.88766,0.89363,0.005970000000000031,2025-07-17 05:00:00,2025-07-17 09:00:00,0.88766,0.88854,2025-07-30 09:00:00,0.8899,0.8996000000000001,0.8833899328859061,2025-08-12 09:00:00,0.8996000000000001,win,1.49,wickdiffs_W_H4_ALL_20260121_202249.csv,59.64848484848482,1.0
W,ALL,H4,H12,AUDCAD,long,2025-08-18,2025-08-25,0.8904,0.89748,0.007080000000000086,2025-08-27 05:00:00,2025-08-27 09:00:00,0.89524,0.89576,2025-09-01 21:00:00,0.89686,0.9045600000000001,0.8896919999999999,2025-09-05 09:00:00,0.9045600000000001,win,1.0742187500000115,wickdiffs_W_H4_ALL_20260121_202249.csv,50.70454545454539,1.0
W,ALL,H4,H12,AUDCAD,short,2015-06-29,2015-07-06,0.94549,0.96648,0.020989999999999953,2015-07-01 21:00:00,2015-07-02 01:00:00,0.96357,0.96395,2015-07-21 09:00:00,0.960535,0.9245000000000001,0.9847195637583892,2015-09-03 09:00:00,0.9245000000000001,win,1.49,wickdiffs_W_H4_ALL_20260121_202249.csv,93.45681818181816,1.0
W,ALL,H4,H12,AUDCAD,short,2016-02-08,2016-02-15,0.98418,0.99312,0.008939999999999948,2016-02-11 18:00:00,2016-02-11 22:00:00,0.99182,0.99274,2016-02-22 10:00:00,0.990625,0.9752400000000001,1.0009505033557047,2016-02-26 10:00:00,0.9752400000000001,win,1.49,wickdiffs_W_H4_ALL_20260121_202249.csv,97.72727272727272,1.0
W,ALL,H4,H12,AUDCAD,short,2016-04-11,2016-04-18,0.99037,0.99628,0.005910000000000082,2016-04-18 09:00:00,2016-04-18 13:00:00,0.99551,0.99628,2016-07-11 21:00:00,0.99536,0.9844599999999999,1.004255606060606,2016-07-14 09:00:00,0.9844599999999999,win,1.2253240448979037,wickdiffs_W_H4_ALL_20260121_202249.csv,88.95606060606065,1.0
W,ALL,H4,H12,AUDCAD,short,2016-07-04,2016-07-11,0.98697,0.99707,0.010099999999999998,2016-07-13 09:00:00,2016-07-13 13:00:00,0.9968,0.99707,2016-07-26 09:00:00,0.98947,0.97687,0.998258106060606,2016-08-05 09:00:00,0.998258106060606,loss,-1.0,wickdiffs_W_H4_ALL_20260121_202249.csv,87.88106060606061,1.0
W,ALL,H4,H12,AUDCAD,short,2017-02-06,2017-02-13,1.00438,1.01014,0.005759999999999987,2017-02-15 18:00:00,2017-02-15 22:00:00,1.00914,1.01014,2017-02-21 10:00:00,1.00878,0.9986200000000001,1.016125,2017-02-28 10:00:00,1.016125,loss,-1.0,wickdiffs_W_H4_ALL_20260121_202249.csv,73.45000000000005,1.0
W,ALL,H4,H12,AUDCAD,short,2017-02-27,2017-03-06,1.016125,1.02541,0.009284999999999988,2017-03-07 14:00:00,2017-03-07 18:00:00,1.02017,1.02068,2017-03-13 09:00:00,1.018005,1.00684,1.0263385,2017-03-15 09:00:00,1.0263385,loss,-1.0,wickdiffs_W_H4_ALL_20260121_202249.csv,71.01212121212122,1.0
W,ALL,H4,H12,AUDCAD,short,2017-03-13,2017-03-20,1.02859,1.03339,0.0048000000000001375,2017-03-20 13:00:00,2017-03-20 17:00:00,1.0332,1.03339,2017-05-02 09:00:00,1.033035,1.0237899999999998,1.039657121212121,2017-05-03 09:00:00,1.0237899999999998,win,1.3960783416464808,wickdiffs_W_H4_ALL_20260121_202249.csv,66.22121212121215,1.0
W,ALL,H4,H12,AUDCAD,short,2017-06-05,2017-06-12,1.01406,1.02114,0.007079999999999975,2017-06-07 13:00:00,2017-06-07 17:00:00,1.021,1.02114,2018-03-13 21:00:00,1.020725,1.00698,1.0299498322147653,2018-03-19 09:00:00,1.00698,win,1.49,wickdiffs_W_H4_ALL_20260121_202249.csv,64.60909090909087,1.0
W,ALL,H4,H12,AUDCAD,short,2018-02-12,2018-02-19,0.99306,0.99904,0.005979999999999985,2018-02-22 14:00:00,2018-02-22 18:00:00,0.99788,0.99804,2018-02-28 10:00:00,0.996015,0.9870800000000001,1.0024325,2018-03-05 10:00:00,1.0024325,loss,-1.0,wickdiffs_W_H4_ALL_20260121_202249.csv,64.17499999999995,1.0
W,ALL,H4,H12,AUDCAD,short,2018-06-04,2018-06-11,0.98231,0.99346,0.011149999999999993,2018-06-06 17:00:00,2018-06-06 21:00:00,0.993,0.99346,2018-06-22 09:00:00,0.98718,0.97116,0.9979316778523489,2018-06-29 09:00:00,0.97116,win,1.49,wickdiffs_W_H4_ALL_20260121_202249.csv,58.11060606060605,1.0
W,ALL,H4,H12,AUDCAD,short,2018-12-10,2018-12-17,0.96046,0.97032,0.00985999999999998,2018-12-21 10:00:00,2018-12-21 14:00:00,0.96176,0.96288,2018-12-28 10:00:00,0.96086,0.9506,0.971306,2019-01-02 10:00:00,0.9506,win,0.9821941412981132,wickdiffs_W_H4_ALL_20260121_202249.csv,67.24696969696966,1.0
W,ALL,H4,H12,AUDCAD,short,2020-03-02,2020-03-09,0.89091,0.90604,0.015129999999999977,2020-03-10 05:00:00,2020-03-10 09:00:00,0.89936,0.8995,2020-04-21 21:00:00,0.89716,0.87578,0.9115089932885906,2020-04-28 21:00:00,0.9115089932885906,loss,-1.0,wickdiffs_W_H4_ALL_20260121_202249.csv,118.505303030303,1.0
W,ALL,H4,H12,AUDCAD,short,2022-03-28,2022-04-04,0.93846,0.95162,0.01316000000000006,2022-04-06 21:00:00,2022-04-07 01:00:00,0.94304,0.94408,2022-04-12 09:00:00,0.94239,0.9252999999999999,0.9538597986577181,2022-04-21 09:00:00,0.9252999999999999,win,1.49,wickdiffs_W_H4_ALL_20260121_202249.csv,66.2984848484849,1.0
W,ALL,H4,H12,AUDCAD,short,2022-06-13,2022-06-20,0.90348,0.91342,0.00994000000000006,2022-06-20 05:00:00,2022-06-20 09:00:00,0.90788,0.90884,2022-08-11 09:00:00,0.9072,0.8935399999999999,0.9163677852348994,2022-08-17 09:00:00,0.8935399999999999,win,1.49,wickdiffs_W_H4_ALL_20260121_202249.csv,76.59545454545446,1.0
W,ALL,H4,H12,AUDCAD,short,2022-10-24,2022-10-31,0.87258,0.8834,0.01081999999999994,2022-10-27 01:00:00,2022-10-27 05:00:00,0.88237,0.88319,2022-11-10 10:00:00,0.88173,0.8617600000000001,0.8951326845637584,2022-11-14 22:00:00,0.8951326845637584,loss,-1.0,wickdiffs_W_H4_ALL_20260121_202249.csv,76.33636363636373,1.0
W,ALL,H4,H12,AUDCAD,short,2023-01-09,2023-01-16,0.93443,0.94449,0.010060000000000069,2023-01-18 10:00:00,2023-01-18 14:00:00,0.94314,0.94449,2023-01-24 10:00:00,0.94188,0.9243699999999999,0.9536316778523491,2023-01-25 22:00:00,0.9536316778523491,loss,-1.0,wickdiffs_W_H4_ALL_20260121_202249.csv,87.34393939393944,1.0
W,ALL,H4,H12,AUDCHF,long,2017-01-23,2017-01-30,0.74796,0.754215,0.0062550000000000106,2017-01-31 22:00:00,2017-02-01 02:00:00,0.74796,0.74874,2017-03-27 09:00:00,0.750675,0.76047,0.7441011744966443,2017-03-28 21:00:00,0.76047,win,1.49,wickdiffs_W_H4_ALL_20260121_202249.csv,59.40606060606066,1.0
W,ALL,H4,H12,AUDCHF,long,2018-12-24,2018-12-31,0.66488,0.69296,0.028079999999999994,2019-01-03 18:00:00,2019-01-03 22:00:00,0.68949,0.69088,2019-05-23 21:00:00,0.69172,0.72104,0.662072,2019-08-04 21:00:00,0.662072,loss,-1.0,wickdiffs_W_H4_ALL_20260121_202249.csv,50.6,1.0
W,ALL,H4,H12,AUDCHF,long,2019-07-08,2019-07-15,0.68561,0.69098,0.005369999999999986,2019-07-10 05:00:00,2019-07-10 09:00:00,0.68561,0.68608,2019-07-26 09:00:00,0.68654,0.69635,0.6799561073825504,2019-07-30 21:00:00,0.6799561073825504,loss,-1.0,wickdiffs_W_H4_ALL_20260121_202249.csv,45.77272727272725,1.0
W,ALL,H4,H12,AUDCHF,long,2019-09-23,2019-09-30,0.66514,0.67042,0.005280000000000062,2019-10-02 13:00:00,2019-10-02 17:00:00,0.66758,0.66772,2019-10-08 09:00:00,0.66819,0.6757000000000001,0.6626134848484848,2019-10-10 21:00:00,0.6757000000000001,win,1.3467191957614668,wickdiffs_W_H4_ALL_20260121_202249.csv,55.76515151515157,1.0
W,ALL,H4,H12,AUDCHF,long,2020-03-16,2020-03-23,0.53433,0.57228,0.03795000000000004,2020-03-23 13:00:00,2020-03-23 17:00:00,0.56367,0.56734,2023-08-13 21:00:00,0.56896,0.61023,0.530535,2025-04-03 21:00:00,0.530535,loss,-1.0,wickdiffs_W_H4_ALL_20260121_202249.csv,49.28181818181822,1.0
W,ALL,H4,H12,AUDCHF,long,2022-08-01,2022-08-08,0.6582,0.66475,0.006549999999999945,2022-08-02 05:00:00,2022-08-02 09:00:00,0.6582,0.65848,2022-08-17 21:00:00,0.66154,0.6712999999999999,0.654184393939394,2022-08-24 21:00:00,0.6712999999999999,win,1.326879106844897,wickdiffs_W_H4_ALL_20260121_202249.csv,73.5560606060606,1.0
W,ALL,H4,H12,AUDCHF,long,2024-10-07,2024-10-14,0.57312,0.57851,0.005390000000000006,2024-10-16 09:00:00,2024-10-16 13:00:00,0.57544,0.57601,2024-10-21 21:00:00,0.578,0.5839,0.5721881818181818,2024-10-25 09:00:00,0.5721881818181818,loss,-1.0,wickdiffs_W_H4_ALL_20260121_202249.csv,58.11818181818174,1.0
W,ALL,H4,H12,AUDCHF,long,2025-06-09,2025-06-16,0.52124,0.52653,0.005290000000000017,2025-06-12 21:00:00,2025-06-13 01:00:00,0.52124,0.52219,2025-06-23 09:00:00,0.52494,0.5318200000000001,0.5181809090909091,2025-07-06 21:00:00,0.5181809090909091,loss,-1.0,wickdiffs_W_H4_ALL_20260121_202249.csv,67.59090909090918,1.0
W,ALL,H4,H12,AUDCHF,long,2025-06-30,2025-07-07,0.51676,0.5213,0.0045399999999999885,2025-07-09 21:00:00,2025-07-10 01:00:00,0.51786,0.51846,2025-07-21 21:00:00,0.51893,0.52584,0.5142325757575757,2025-07-24 09:00:00,0.52584,win,1.4710189336515749,wickdiffs_W_H4_ALL_20260121_202249.csv,46.97424242424246,1.0
W,ALL,H4,H12,AUDCHF,short,2015-05-04,2015-05-11,0.73854,0.748435,0.009894999999999987,2015-05-15 09:00:00,2015-05-15 13:00:00,0.74019,0.74134,2015-05-18 09:00:00,0.74017,0.728645,0.7495373484848484,2015-05-27 21:00:00,0.728645,win,1.2303374875656106,wickdiffs_W_H4_ALL_20260121_202249.csv,93.6734848484848,1.0
W,ALL,H4,H12,AUDCHF,short,2015-06-08,2015-06-15,0.71759,0.729255,0.011665000000000036,2015-06-15 09:00:00,2015-06-15 13:00:00,0.727445,0.729255,2015-06-25 09:00:00,0.72482,0.7059249999999999,0.7375012080536913,2015-07-05 21:00:00,0.7059249999999999,win,1.49,wickdiffs_W_H4_ALL_20260121_202249.csv,95.29772727272716,1.0
W,ALL,H4,H12,AUDCHF,short,2015-10-19,2015-10-26,0.70648,0.71397,0.007489999999999997,2015-10-27 05:00:00,2015-10-27 09:00:00,0.71363,0.71397,2015-11-03 22:00:00,0.71261,0.69899,0.7229306818181818,2015-11-17 10:00:00,0.7229306818181818,loss,-1.0,wickdiffs_W_H4_ALL_20260121_202249.csv,103.2068181818182,1.0
W,ALL,H4,H12,AUDCHF,short,2015-11-23,2015-11-30,0.740915,0.75493,0.014015,2015-12-03 06:00:00,2015-12-03 10:00:00,0.75056,0.752755,2016-03-09 10:00:00,0.74663,0.7269,0.759871610738255,2016-04-04 21:00:00,0.7269,win,1.49,wickdiffs_W_H4_ALL_20260121_202249.csv,113.8174242424242,1.0
W,ALL,H4,H12,AUDCHF,short,2016-05-16,2016-05-23,0.715175,0.72006,0.004885000000000028,2016-05-17 01:00:00,2016-05-17 05:00:00,0.7199,0.72006,2016-05-31 09:00:00,0.718835,0.71029,0.7274065909090909,2016-06-10 09:00:00,0.71029,win,0.9968977860267819,wickdiffs_W_H4_ALL_20260121_202249.csv,85.71590909090915,1.0
W,ALL,H4,H12,AUDCHF,short,2016-05-30,2016-06-06,0.71884,0.72562,0.006780000000000008,2016-06-07 17:00:00,2016-06-07 21:00:00,0.72012,0.72052,2016-06-20 21:00:00,0.71988,0.71206,0.7276165151515152,2016-06-23 09:00:00,0.7276165151515152,loss,-1.0,wickdiffs_W_H4_ALL_20260121_202249.csv,77.36515151515158,1.0
W,ALL,H4,H12,AUDCHF,short,2016-08-29,2016-09-05,0.742425,0.75005,0.007624999999999993,2016-09-08 05:00:00,2016-09-08 09:00:00,0.74842,0.7491,2016-09-28 21:00:00,0.74514,0.7348,0.7520795973154363,2016-09-29 21:00:00,0.7348,win,1.49,wickdiffs_W_H4_ALL_20260121_202249.csv,68.32499999999999,1.0
W,ALL,H4,H12,AUDCHF,short,2016-10-17,2016-10-24,0.75583,0.76647,0.010639999999999983,2016-10-27 09:00:00,2016-10-27 13:00:00,0.7571,0.75714,2016-10-31 21:00:00,0.75664,0.74519,0.7675339999999999,2016-11-01 09:00:00,0.74519,win,1.0510372682210394,wickdiffs_W_H4_ALL_20260121_202249.csv,65.88787878787878,1.0
W,ALL,H4,H12,AUDCHF,short,2016-11-07,2016-11-14,0.745665,0.76492,0.019255000000000022,2016-11-15 18:00:00,2016-11-15 22:00:00,0.75742,0.75749,2016-11-24 22:00:00,0.754245,0.72641,0.7729262080536914,2017-02-14 22:00:00,0.7729262080536914,loss,-1.0,wickdiffs_W_H4_ALL_20260121_202249.csv,74.97272727272724,1.0
W,ALL,H4,H12,AUDCHF,short,2017-12-18,2017-12-25,0.763375,0.76959,0.0062149999999999705,2017-12-27 10:00:00,2017-12-27 14:00:00,0.76893,0.76959,2018-01-08 22:00:00,0.76789,0.75716,0.7750913422818791,2018-01-25 10:00:00,0.75716,win,1.49,wickdiffs_W_H4_ALL_20260121_202249.csv,52.4257575757576,1.0
W,ALL,H4,H12,AUDCHF,short,2018-01-01,2018-01-08,0.766445,0.77294,0.0064949999999999175,2018-01-11 18:00:00,2018-01-11 22:00:00,0.77063,0.77074,2018-01-17 22:00:00,0.767115,0.7599500000000001,0.7735894999999999,2018-01-25 10:00:00,0.7599500000000001,win,1.106649162097449,wickdiffs_W_H4_ALL_20260121_202249.csv,52.89848484848487,1.0
W,ALL,H4,H12,AUDCHF,short,2020-07-13,2020-07-20,0.65654,0.66872,0.012179999999999969,2020-07-23 13:00:00,2020-07-23 17:00:00,0.6592,0.6602,2020-07-27 21:00:00,0.65717,0.64436,0.6699379999999999,2020-09-01 09:00:00,0.6699379999999999,loss,-1.0,wickdiffs_W_H4_ALL_20260121_202249.csv,72.10909090909085,1.0
W,ALL,H4,H12,AUDCHF,short,2020-08-03,2020-08-10,0.65308,0.65964,0.00656000000000001,2020-08-07 05:00:00,2020-08-07 09:00:00,0.65932,0.65964,2020-08-19 09:00:00,0.6572,0.64652,0.6643677852348994,2020-08-28 09:00:00,0.6643677852348994,loss,-1.0,wickdiffs_W_H4_ALL_20260121_202249.csv,63.95606060606064,1.0
W,ALL,H4,H12,AUDCHF,short,2020-08-24,2020-08-31,0.66602,0.6713,0.005280000000000062,2020-09-02 17:00:00,2020-09-02 21:00:00,0.6686,0.66892,2020-09-07 21:00:00,0.66708,0.6607399999999999,0.6729621212121212,2020-09-08 21:00:00,0.6607399999999999,win,1.0778424604605854,wickdiffs_W_H4_ALL_20260121_202249.csv,58.82121212121207,1.0
W,ALL,H4,H12,AUDCHF,short,2021-10-11,2021-10-18,0.6851,0.69328,0.008179999999999965,2021-10-20 21:00:00,2021-10-21 01:00:00,0.69189,0.69328,2021-10-25 21:00:00,0.69136,0.6769200000000001,0.7010512751677851,2021-11-04 09:00:00,0.6769200000000001,win,1.4899999999999998,wickdiffs_W_H4_ALL_20260121_202249.csv,52.69090909090905,1.0
W,ALL,H4,H12,AUDCHF,short,2022-10-03,2022-10-10,0.6331,0.64802,0.014920000000000044,2022-10-06 01:00:00,2022-10-06 05:00:00,0.641,0.64122,2022-10-26 09:00:00,0.64077,0.61818,0.6559310738255033,2022-12-19 22:00:00,0.61818,win,1.49,wickdiffs_W_H4_ALL_20260121_202249.csv,70.32121212121206,1.0
W,ALL,H4,H12,AUDCHF,short,2024-11-04,2024-11-11,0.57683,0.58332,0.006489999999999996,2024-11-12 06:00:00,2024-11-12 10:00:00,0.5776,0.57824,2024-11-21 10:00:00,0.57739,0.57034,0.583969,2024-12-03 22:00:00,0.57034,win,1.0715914272685818,wickdiffs_W_H4_ALL_20260121_202249.csv,49.1969696969696,1.0
W,ALL,H4,H12,AUDCHF,short,2024-12-30,2025-01-06,0.56458,0.56984,0.005260000000000042,2025-01-07 10:00:00,2025-01-07 14:00:00,0.56915,0.56984,2025-01-15 22:00:00,0.56613,0.5593199999999999,0.5707004697986579,2025-01-23 10:00:00,0.5707004697986579,loss,-1.0,wickdiffs_W_H4_ALL_20260121_202249.csv,44.70909090909088,1.0
W,ALL,H4,H12,AUDJPY,long,2015-06-08,2015-06-15,94.421,95.35,0.9289999999999878,2015-06-18 01:00:00,2015-06-18 05:00:00,94.9535,95.019,2015-06-25 21:00:00,95.1105,96.27899999999998,94.16419696969697,2015-06-28 21:00:00,94.16419696969697,loss,-1.0,wickdiffs_W_H4_ALL_20260121_202249.csv,94.63030303030293,1.0
W,ALL,H4,H12,AUDJPY,long,2015-07-06,2015-07-13,89.168,91.417,2.2489999999999952,2015-07-08 21:00:00,2015-07-09 01:00:00,89.168,89.37,2015-07-27 21:00:00,90.45,93.666,88.29161073825505,2015-08-23 21:00:00,88.29161073825505,loss,-1.0,wickdiffs_W_H4_ALL_20260121_202249.csv,101.4174242424242,1.0
W,ALL,H4,H12,AUDJPY,long,2018-06-18,2018-06-25,80.63,81.837,1.2070000000000078,2018-06-28 21:00:00,2018-06-29 01:00:00,81.05,81.064,2018-07-02 09:00:00,81.383,83.04400000000001,80.26823489932885,2018-07-09 21:00:00,83.04400000000001,win,1.49,wickdiffs_W_H4_ALL_20260121_202249.csv,75.68560606060615,1.0
W,ALL,H4,H12,AUDJPY,long,2018-10-08,2018-10-15,79.059,79.839,0.7800000000000011,2018-10-10 17:00:00,2018-10-10 21:00:00,79.059,79.098,2018-10-23 09:00:00,79.678,80.619,78.93066666666667,2018-10-25 21:00:00,78.93066666666667,loss,-1.0,wickdiffs_W_H4_ALL_20260121_202249.csv,74.73333333333349,1.0
W,ALL,H4,H12,AUDJPY,long,2019-08-05,2019-08-12,70.746,71.716,0.9699999999999989,2019-08-13 09:00:00,2019-08-13 13:00:00,71.023,71.056,2019-08-23 09:00:00,71.185,72.68599999999999,70.17761744966444,2019-08-25 21:00:00,70.17761744966444,loss,-1.0,wickdiffs_W_H4_ALL_20260121_202249.csv,59.50151515151529,1.0
W,ALL,H4,H12,AUDJPY,long,2019-12-30,2020-01-06,73.759,75.113,1.3539999999999992,2020-01-08 18:00:00,2020-01-08 22:00:00,74.842,74.845,2020-01-23 10:00:00,74.99,76.467,73.6236,2020-01-27 10:00:00,73.6236,loss,-1.0,wickdiffs_W_H4_ALL_20260121_202249.csv,55.20151515151515,1.0
W,ALL,H4,H12,AUDJPY,long,2020-10-12,2020-10-19,74.19,74.625,0.4350000000000023,2020-10-22 01:00:00,2020-10-22 05:00:00,74.19,74.22,2020-10-27 21:00:00,74.31,75.06,73.64904545454546,2020-10-28 09:00:00,73.64904545454546,loss,-1.0,wickdiffs_W_H4_ALL_20260121_202249.csv,66.09545454545452,1.0
W,ALL,H4,H12,AUDJPY,long,2021-03-22,2021-03-29,82.288,83.761,1.472999999999999,2021-04-01 01:00:00,2021-04-01 05:00:00,83.434,83.458,2021-04-07 21:00:00,83.506,85.234,82.1407,2021-05-07 09:00:00,85.234,win,1.2656558998022327,wickdiffs_W_H4_ALL_20260121_202249.csv,71.72878787878793,1.0
W,ALL,H4,H12,AUDJPY,long,2023-07-10,2023-07-17,93.274,94.916,1.641999999999996,2023-07-12 05:00:00,2023-07-12 09:00:00,93.274,93.3,2023-07-27 09:00:00,93.561,96.55799999999999,91.54959060402686,2023-09-28 21:00:00,96.55799999999999,win,1.4899999999999998,wickdiffs_W_H4_ALL_20260121_202249.csv,98.02272727272728,1.0
W,ALL,H4,H12,AUDJPY,long,2024-07-29,2024-08-05,90.139,95.394,5.25500000000001,2024-08-06 17:00:00,2024-08-06 21:00:00,93.997,94.096,2024-09-10 21:00:00,94.258,100.64900000000002,89.61349999999999,2024-09-26 21:00:00,100.64900000000002,win,1.3760361718161285,wickdiffs_W_H4_ALL_20260121_202249.csv,123.3333333333333,1.0
W,ALL,H4,H12,AUDJPY,long,2025-01-13,2025-01-20,96.064,96.887,0.8230000000000075,2025-01-17 10:00:00,2025-01-17 14:00:00,96.064,96.136,2025-01-29 22:00:00,96.178,97.71000000000001,95.119,2025-02-02 22:00:00,95.119,loss,-1.0,wickdiffs_W_H4_ALL_20260121_202249.csv,105.8999999999999,1.0
W,ALL,H4,H12,AUDJPY,short,2015-05-11,2015-05-18,95.886,97.2995,1.413499999999999,2015-05-14 09:00:00,2015-05-14 13:00:00,96.7445,96.827,2015-06-02 21:00:00,96.66,94.4725,98.12812080536912,2015-06-10 21:00:00,94.4725,win,1.49,wickdiffs_W_H4_ALL_20260121_202249.csv,96.80378787878774,1.0
W,ALL,H4,H12,AUDJPY,short,2016-05-16,2016-05-23,79.5465,80.564,1.0174999999999983,2016-05-20 09:00:00,2016-05-20 13:00:00,79.876,79.958,2016-05-30 09:00:00,79.811,78.529,81.0616893939394,2016-06-02 09:00:00,78.529,win,1.0250346778443498,wickdiffs_W_H4_ALL_20260121_202249.csv,125.0689393939393,1.0
W,ALL,H4,H12,AUDJPY,short,2016-10-10,2016-10-17,79.342,80.018,0.6760000000000019,2016-10-19 17:00:00,2016-10-19 21:00:00,79.91,80.008,2016-10-25 09:00:00,79.6825,78.666,80.5017196969697,2016-10-31 21:00:00,80.5017196969697,loss,-1.0,wickdiffs_W_H4_ALL_20260121_202249.csv,81.92196969696981,1.0
W,ALL,H4,H12,AUDJPY,short,2016-12-12,2016-12-19,86.128,87.535,1.4069999999999965,2016-12-16 02:00:00,2016-12-16 06:00:00,86.98,87.089,2017-01-19 10:00:00,86.8495,84.721,88.27802348993289,2017-03-23 09:00:00,84.721,win,1.49,wickdiffs_W_H4_ALL_20260121_202249.csv,93.99015151515157,1.0
W,ALL,H4,H12,AUDJPY,short,2017-02-06,2017-02-13,86.917,88.182,1.2650000000000006,2017-02-16 22:00:00,2017-02-17 02:00:00,87.448,87.46,2017-03-01 22:00:00,86.9775,85.652,88.30850000000001,2017-03-21 21:00:00,85.652,win,0.995867768595043,wickdiffs_W_H4_ALL_20260121_202249.csv,82.5037878787879,1.0
W,ALL,H4,H12,AUDJPY,short,2017-06-12,2017-06-19,84.481,85.088,0.6069999999999993,2017-06-20 05:00:00,2017-06-20 09:00:00,85.072,85.088,2017-06-26 21:00:00,84.9015,83.874,85.71012121212121,2017-06-28 09:00:00,85.71012121212121,loss,-1.0,wickdiffs_W_H4_ALL_20260121_202249.csv,80.86212121212112,1.0
W,ALL,H4,H12,AUDJPY,short,2017-07-10,2017-07-17,88.0975,89.334,1.2365000000000066,2017-07-20 17:00:00,2017-07-20 21:00:00,89.0505,89.151,2017-07-26 09:00:00,89.002,86.86099999999999,90.43891275167785,2017-08-08 21:00:00,86.86099999999999,win,1.49,wickdiffs_W_H4_ALL_20260121_202249.csv,77.74393939393944,1.0
W,ALL,H4,H12,AUDJPY,short,2018-06-04,2018-06-11,83.221,84.538,1.316999999999993,2018-06-14 09:00:00,2018-06-14 13:00:00,83.364,83.375,2018-07-12 09:00:00,83.359,81.90400000000001,84.66969999999999,2018-07-23 21:00:00,81.90400000000001,win,1.110093842984655,wickdiffs_W_H4_ALL_20260121_202249.csv,74.66515151515155,1.0
W,ALL,H4,H12,AUDJPY,short,2018-12-10,2018-12-17,81.368,82.21,0.8419999999999987,2018-12-13 14:00:00,2018-12-13 18:00:00,82.184,82.21,2021-02-15 22:00:00,82.044,80.526,83.06279194630872,2021-02-19 10:00:00,83.06279194630872,loss,-1.0,wickdiffs_W_H4_ALL_20260121_202249.csv,59.67575757575751,1.0
W,ALL,H4,H12,AUDJPY,short,2019-06-24,2019-07-01,75.754,76.288,0.5339999999999918,2019-07-05 09:00:00,2019-07-05 13:00:00,75.865,75.9,2019-07-08 09:00:00,75.814,75.22000000000001,76.38783333333333,2019-07-10 21:00:00,75.22000000000001,win,1.0351437699680155,wickdiffs_W_H4_ALL_20260121_202249.csv,57.38333333333336,1.0
W,ALL,H4,H12,AUDJPY,short,2020-03-23,2020-03-30,66.534,67.71,1.1759999999999877,2020-03-25 05:00:00,2020-03-25 09:00:00,67.555,67.71,2020-04-07 09:00:00,67.094,65.35800000000002,68.35574242424242,2020-04-09 09:00:00,68.35574242424242,loss,-1.0,wickdiffs_W_H4_ALL_20260121_202249.csv,126.1742424242425,1.0
W,ALL,H4,H12,AUDJPY,short,2020-11-09,2020-11-16,76.078,77.101,1.0229999999999961,2020-11-11 06:00:00,2020-11-11 10:00:00,76.973,77.101,2020-11-24 22:00:00,76.697,75.055,77.79901342281879,2020-12-08 22:00:00,77.79901342281879,loss,-1.0,wickdiffs_W_H4_ALL_20260121_202249.csv,73.01818181818182,1.0
W,ALL,H4,H12,AUDJPY,short,2021-12-06,2021-12-13,81.327,82.439,1.1119999999999948,2021-12-16 10:00:00,2021-12-16 14:00:00,82.408,82.439,2021-12-22 10:00:00,82.324,80.215,83.73943624161073,2021-12-30 10:00:00,83.73943624161073,loss,-1.0,wickdiffs_W_H4_ALL_20260121_202249.csv,86.22575757575737,1.0
W,ALL,H4,H12,AUDJPY,short,2023-03-27,2023-04-03,88.794,90.172,1.3780000000000001,2023-04-03 21:00:00,2023-04-04 01:00:00,90.001,90.172,2023-04-13 09:00:00,89.936,87.416,91.62727516778524,2023-05-01 21:00:00,91.62727516778524,loss,-1.0,wickdiffs_W_H4_ALL_20260121_202249.csv,110.3303030303031,1.0
W,ALL,H4,H12,AUDJPY,short,2023-05-01,2023-05-08,91.052,92.438,1.3859999999999957,2023-05-02 01:00:00,2023-05-02 05:00:00,92.192,92.438,2023-05-19 09:00:00,91.764,89.66600000000001,93.17205369127515,2023-06-06 09:00:00,93.17205369127515,loss,-1.0,wickdiffs_W_H4_ALL_20260121_202249.csv,103.0363636363637,1.0
W,ALL,H4,H12,AUDJPY,short,2023-08-28,2023-09-04,94.311,95.067,0.755999999999986,2023-08-30 09:00:00,2023-08-30 13:00:00,95.0,95.067,2023-09-14 09:00:00,94.982,93.55500000000002,95.94218181818182,2023-09-20 09:00:00,95.94218181818182,loss,-1.0,wickdiffs_W_H4_ALL_20260121_202249.csv,96.01818181818184,1.0
W,ALL,H4,H12,AUDJPY,short,2024-12-23,2024-12-30,98.044,98.734,0.6899999999999977,2024-12-30 02:00:00,2024-12-30 06:00:00,98.606,98.734,2025-01-06 10:00:00,98.464,97.354,99.53265151515151,2025-01-10 10:00:00,97.354,win,1.038692206263912,wickdiffs_W_H4_ALL_20260121_202249.csv,106.8651515151515,1.0
W,ALL,H4,H12,AUDJPY,short,2025-03-10,2025-03-17,94.012,95.75,1.7379999999999995,2025-03-19 13:00:00,2025-03-19 17:00:00,94.947,95.04,2025-03-25 21:00:00,94.909,92.274,96.67745637583893,2025-04-03 21:00:00,92.274,win,1.49,wickdiffs_W_H4_ALL_20260121_202249.csv,109.6924242424241,1.0
W,ALL,H4,H12,AUDJPY,short,2025-08-04,2025-08-11,96.263,96.836,0.5729999999999933,2025-08-11 21:00:00,2025-08-12 01:00:00,96.759,96.836,2025-09-01 21:00:00,96.69,95.69000000000001,97.4605303030303,2025-09-09 21:00:00,97.4605303030303,loss,-1.0,wickdiffs_W_H4_ALL_20260121_202249.csv,77.05303030303024,1.0
W,ALL,H4,H12,AUDNZD,long,2015-02-09,2015-02-16,1.03014,1.04125,0.011109999999999953,2015-02-19 06:00:00,2015-02-19 10:00:00,1.03014,1.032185,2015-02-26 22:00:00,1.035495,1.05236,1.0241762080536914,2015-03-11 09:00:00,1.05236,win,1.49,wickdiffs_W_H4_ALL_20260121_202249.csv,86.49090909090887,1.0
W,ALL,H4,H12,AUDNZD,long,2015-10-12,2015-10-19,1.05744,1.06662,0.009179999999999966,2015-10-22 21:00:00,2015-10-23 01:00:00,1.05744,1.057455,2015-10-27 21:00:00,1.05929,1.0757999999999999,1.047924696969697,2015-11-03 10:00:00,1.0757999999999999,win,1.4526669421817946,wickdiffs_W_H4_ALL_20260121_202249.csv,113.6530303030304,1.0
W,ALL,H4,H12,AUDNZD,long,2018-11-12,2018-11-19,1.05898,1.066,0.007020000000000026,2018-11-23 02:00:00,2018-11-23 06:00:00,1.06315,1.06384,2018-11-27 10:00:00,1.06393,1.07302,1.0578293288590603,2018-12-03 22:00:00,1.0578293288590603,loss,-1.0,wickdiffs_W_H4_ALL_20260121_202249.csv,55.3833333333335,1.0
W,ALL,H4,H12,AUDNZD,long,2020-11-23,2020-11-30,1.0418,1.05097,0.0091699999999999,2020-12-03 10:00:00,2020-12-03 14:00:00,1.04753,1.04924,2021-08-03 21:00:00,1.04935,1.0601399999999999,1.040883,2021-08-30 21:00:00,1.040883,loss,-1.0,wickdiffs_W_H4_ALL_20260121_202249.csv,49.28939393939388,1.0
W,ALL,H4,H12,AUDNZD,long,2022-11-28,2022-12-05,1.05316,1.05987,0.006709999999999994,2022-12-08 02:00:00,2022-12-08 06:00:00,1.0563,1.05662,2022-12-12 10:00:00,1.05704,1.06658,1.0492945454545455,2022-12-16 10:00:00,1.0492945454545455,loss,-1.0,wickdiffs_W_H4_ALL_20260121_202249.csv,77.45454545454534,1.0
W,ALL,H4,H12,AUDNZD,long,2023-04-24,2023-05-01,1.06238,1.0703,0.007919999999999927,2023-05-04 21:00:00,2023-05-05 01:00:00,1.06356,1.06426,2023-05-10 09:00:00,1.06478,1.07822,1.0557598657718121,2023-05-26 09:00:00,1.07822,win,1.49,wickdiffs_W_H4_ALL_20260121_202249.csv,68.02272727272725,1.0
W,ALL,H4,H12,AUDNZD,long,2025-03-31,2025-04-07,1.06948,1.07466,0.005179999999999962,2025-04-11 05:00:00,2025-04-11 09:00:00,1.06948,1.07006,2025-04-17 09:00:00,1.07021,1.07984,1.063746912751678,2025-04-29 21:00:00,1.07984,win,1.49,wickdiffs_W_H4_ALL_20260121_202249.csv,49.47575757575778,1.0
W,ALL,H4,H12,AUDNZD,long,2025-05-26,2025-06-02,1.07272,1.07878,0.006060000000000176,2025-06-06 01:00:00,2025-06-06 05:00:00,1.07515,1.07528,2025-06-12 21:00:00,1.07814,1.0848400000000002,1.0721139999999998,2025-07-07 21:00:00,1.0848400000000002,win,1.1118486558247274,wickdiffs_W_H4_ALL_20260121_202249.csv,56.33181818181859,1.0
W,ALL,H4,H12,AUDNZD,long,2025-10-06,2025-10-13,1.12775,1.1341,0.006350000000000078,2025-10-17 05:00:00,2025-10-17 09:00:00,1.12775,1.1288,2025-10-22 09:00:00,1.1308,1.1404500000000002,1.1243234899328858,2025-10-28 21:00:00,1.1404500000000002,win,1.49,wickdiffs_W_H4_ALL_20260121_202249.csv,44.15757575757568,1.0
W,ALL,H4,H12,AUDNZD,short,2015-06-29,2015-07-06,1.12329,1.14294,0.019650000000000167,2015-07-02 21:00:00,2015-07-03 01:00:00,1.13661,1.137,2015-07-16 09:00:00,1.13651,1.1036399999999997,1.1585704026845638,2015-07-26 21:00:00,1.1036399999999997,win,1.49,wickdiffs_W_H4_ALL_20260121_202249.csv,98.3742424242424,1.0
W,ALL,H4,H12,AUDNZD,short,2015-12-28,2016-01-04,1.06689,1.07289,0.006000000000000005,2016-01-05 22:00:00,2016-01-06 02:00:00,1.07235,1.07289,2016-01-13 22:00:00,1.070955,1.0608899999999999,1.0805268181818184,2016-01-14 22:00:00,1.0805268181818184,loss,-1.0,wickdiffs_W_H4_ALL_20260121_202249.csv,95.71818181818196,1.0
W,ALL,H4,H12,AUDNZD,short,2016-03-07,2016-03-14,1.12138,1.13184,0.010459999999999914,2016-03-16 05:00:00,2016-03-16 09:00:00,1.12978,1.1301,2016-03-22 09:00:00,1.12815,1.1109200000000001,1.1397137583892616,2016-03-29 09:00:00,1.1109200000000001,win,1.49,wickdiffs_W_H4_ALL_20260121_202249.csv,96.1848484848486,1.0
W,ALL,H4,H12,AUDNZD,short,2016-09-19,2016-09-26,1.05216,1.05858,0.006420000000000092,2016-09-28 21:00:00,2016-09-29 01:00:00,1.05757,1.0584,2016-10-04 09:00:00,1.05707,1.04574,1.0649583333333332,2016-10-10 09:00:00,1.0649583333333332,loss,-1.0,wickdiffs_W_H4_ALL_20260121_202249.csv,78.88333333333317,1.0
W,ALL,H4,H12,AUDNZD,short,2017-02-13,2017-02-20,1.06728,1.07488,0.007600000000000051,2017-02-23 10:00:00,2017-02-23 14:00:00,1.06965,1.06966,2017-02-27 22:00:00,1.067545,1.05968,1.0756400000000002,2017-02-28 22:00:00,1.0756400000000002,loss,-1.0,wickdiffs_W_H4_ALL_20260121_202249.csv,62.61666666666663,1.0
W,ALL,H4,H12,AUDNZD,short,2018-12-31,2019-01-07,1.05644,1.06386,0.007419999999999982,2019-01-10 18:00:00,2019-01-10 22:00:00,1.05996,1.06074,2019-01-16 10:00:00,1.05787,1.04902,1.064602,2019-01-17 10:00:00,1.064602,loss,-1.0,wickdiffs_W_H4_ALL_20260121_202249.csv,62.58939393939385,1.0
W,ALL,H4,H12,AUDNZD,short,2019-02-18,2019-02-25,1.04149,1.04903,0.00753999999999988,2019-02-28 22:00:00,2019-03-01 02:00:00,1.04238,1.04316,2019-03-04 22:00:00,1.04176,1.0339500000000001,1.0497839999999998,2019-03-11 09:00:00,1.0339500000000001,win,0.973330009970097,wickdiffs_W_H4_ALL_20260121_202249.csv,63.33636363636351,1.0
W,ALL,H4,H12,AUDNZD,short,2020-02-17,2020-02-24,1.04354,1.04792,0.0043800000000000505,2020-02-19 02:00:00,2020-02-19 06:00:00,1.047445,1.04792,2020-03-02 22:00:00,1.04699,1.0391599999999999,1.0522450335570472,2020-03-03 22:00:00,1.0522450335570472,loss,-1.0,wickdiffs_W_H4_ALL_20260121_202249.csv,45.06515151515152,1.0
W,ALL,H4,H12,AUDNZD,short,2020-04-20,2020-04-27,1.06274,1.07516,0.012419999999999876,2020-04-30 05:00:00,2020-04-30 09:00:00,1.06948,1.06953,2020-05-06 21:00:00,1.0686,1.0503200000000001,1.0808684563758388,2020-05-15 09:00:00,1.0808684563758388,loss,-1.0,wickdiffs_W_H4_ALL_20260121_202249.csv,81.4439393939393,1.0
W,ALL,H4,H12,AUDNZD,short,2021-11-22,2021-11-29,1.04404,1.05022,0.006179999999999852,2021-11-29 10:00:00,2021-11-29 14:00:00,1.04959,1.04975,2021-12-07 10:00:00,1.04855,1.0378600000000002,1.0557244966442954,2021-12-10 10:00:00,1.0557244966442954,loss,-1.0,wickdiffs_W_H4_ALL_20260121_202249.csv,54.94090909090925,1.0
W,ALL,H4,H12,AUDNZD,short,2022-05-02,2022-05-09,1.10447,1.11131,0.006839999999999957,2022-05-05 21:00:00,2022-05-06 01:00:00,1.1075,1.10818,2022-05-16 21:00:00,1.10484,1.09763,1.111994,2022-05-22 21:00:00,1.09763,win,1.0078277886497145,wickdiffs_W_H4_ALL_20260121_202249.csv,59.96363636363632,1.0
W,ALL,H4,H12,AUDNZD,short,2022-06-20,2022-06-27,1.09915,1.1091,0.009949999999999903,2022-06-30 01:00:00,2022-06-30 05:00:00,1.10869,1.1091,2022-07-07 21:00:00,1.10748,1.0892000000000002,1.1197484563758389,2022-08-24 21:00:00,1.1197484563758389,loss,-1.0,wickdiffs_W_H4_ALL_20260121_202249.csv,63.44696969696963,1.0
W,ALL,H4,H12,AUDNZD,short,2023-10-23,2023-10-30,1.0903,1.09438,0.0040799999999998615,2023-11-01 17:00:00,2023-11-01 21:00:00,1.09374,1.09438,2024-04-03 09:00:00,1.09264,1.0862200000000002,1.0969487248322147,2024-04-16 21:00:00,1.0862200000000002,win,1.49,wickdiffs_W_H4_ALL_20260121_202249.csv,41.48636363636344,1.0
W,ALL,H4,H12,AUDNZD,short,2024-01-22,2024-01-29,1.0796,1.08332,0.0037200000000001676,2024-01-22 22:00:00,2024-01-23 02:00:00,1.08328,1.08332,2024-03-20 09:00:00,1.08318,1.0758799999999997,1.0880793288590607,2024-03-24 21:00:00,1.0880793288590607,loss,-1.0,wickdiffs_W_H4_ALL_20260121_202249.csv,40.67575757575742,1.0
W,ALL,H4,H12,AUDNZD,short,2024-11-04,2024-11-11,1.10294,1.10918,0.006240000000000023,2024-11-13 22:00:00,2024-11-14 02:00:00,1.10456,1.10496,2024-11-18 10:00:00,1.10432,1.0967,1.109804,2024-11-20 22:00:00,1.109804,loss,-1.0,wickdiffs_W_H4_ALL_20260121_202249.csv,46.84090909090909,1.0
W,ALL,H4,H12,AUDNZD,short,2025-09-22,2025-09-29,1.13398,1.14182,0.00784000000000007,2025-09-30 17:00:00,2025-09-30 21:00:00,1.14136,1.14162,2025-10-07 21:00:00,1.13958,1.12614,1.148600134228188,2025-11-03 22:00:00,1.148600134228188,loss,-1.0,wickdiffs_W_H4_ALL_20260121_202249.csv,39.89848484848486,1.0
W,ALL,H4,H12,AUDUSD,long,2015-03-09,2015-03-16,0.756065,0.763645,0.007580000000000031,2015-03-11 13:00:00,2015-03-11 17:00:00,0.756065,0.75642,2015-04-02 09:00:00,0.7592,0.771225,0.7492401515151514,2015-04-08 09:00:00,0.771225,win,1.2073476838822603,wickdiffs_W_H4_ALL_20260121_202249.csv,99.5984848484849,1.0
W,ALL,H4,H12,AUDUSD,long,2017-08-07,2017-08-14,0.7808,0.78954,0.00873999999999997,2017-08-17 17:00:00,2017-08-17 21:00:00,0.786995,0.78806,2017-08-23 21:00:00,0.78889,0.79828,0.779926,2017-08-29 09:00:00,0.79828,win,1.0475234270415037,wickdiffs_W_H4_ALL_20260121_202249.csv,62.14090909090911,1.0
W,ALL,H4,H12,AUDUSD,long,2018-04-30,2018-05-07,0.74126,0.7539,0.012639999999999985,2018-05-09 21:00:00,2018-05-10 01:00:00,0.74498,0.74549,2018-05-15 09:00:00,0.74724,0.76654,0.7342869798657718,2018-06-04 09:00:00,0.76654,win,1.49,wickdiffs_W_H4_ALL_20260121_202249.csv,62.07575757575762,1.0
W,ALL,H4,H12,AUDUSD,long,2019-06-10,2019-06-17,0.6832,0.68714,0.0039399999999999435,2019-06-18 01:00:00,2019-06-18 05:00:00,0.6832,0.68335,2019-07-31 09:00:00,0.68456,0.6910799999999999,0.6801841610738255,2019-08-01 09:00:00,0.6801841610738255,loss,-1.0,wickdiffs_W_H4_ALL_20260121_202249.csv,42.49242424242414,1.0
W,ALL,H4,H12,AUDUSD,long,2022-06-13,2022-06-20,0.68506,0.69351,0.008449999999999958,2022-06-14 13:00:00,2022-06-14 17:00:00,0.68506,0.68656,2022-06-29 09:00:00,0.68792,0.7019599999999999,0.6784971812080537,2022-07-01 09:00:00,0.6784971812080537,loss,-1.0,wickdiffs_W_H4_ALL_20260121_202249.csv,88.83484848484842,1.0
W,ALL,H4,H12,AUDUSD,long,2023-04-03,2023-04-10,0.66194,0.6669,0.0049600000000000755,2023-04-10 09:00:00,2023-04-10 13:00:00,0.66194,0.66223,2023-04-25 09:00:00,0.66268,0.6718600000000001,0.654915,2023-05-04 21:00:00,0.6718600000000001,win,1.1822279459111498,wickdiffs_W_H4_ALL_20260121_202249.csv,77.64999999999998,1.0
W,ALL,H4,H12,AUDUSD,long,2025-07-14,2025-07-21,0.64542,0.65164,0.006220000000000003,2025-07-20 21:00:00,2025-07-21 01:00:00,0.6498,0.6502,2025-07-28 21:00:00,0.65146,0.65786,0.644798,2025-07-30 09:00:00,0.644798,loss,-1.0,wickdiffs_W_H4_ALL_20260121_202249.csv,60.45151515151512,1.0
W,ALL,H4,H12,AUDUSD,short,2015-02-02,2015-02-09,0.779615,0.787645,0.008030000000000093,2015-02-10 02:00:00,2015-02-10 06:00:00,0.783085,0.784185,2015-02-17 22:00:00,0.78065,0.7715849999999999,0.7899805303030303,2015-02-24 22:00:00,0.7899805303030303,loss,-1.0,wickdiffs_W_H4_ALL_20260121_202249.csv,93.30530303030308,1.0
W,ALL,H4,H12,AUDUSD,short,2016-02-15,2016-02-22,0.714835,0.72594,0.011105000000000032,2016-02-26 06:00:00,2016-02-26 10:00:00,0.72217,0.72336,2016-03-01 22:00:00,0.721115,0.70373,0.7327827852348993,2016-03-03 10:00:00,0.7327827852348993,loss,-1.0,wickdiffs_W_H4_ALL_20260121_202249.csv,92.83484848484854,1.0
W,ALL,H4,H12,AUDUSD,short,2016-11-28,2016-12-05,0.74567,0.75082,0.005149999999999988,2016-12-08 06:00:00,2016-12-08 10:00:00,0.74995,0.75058,2016-12-12 10:00:00,0.749535,0.7405200000000001,0.756900606060606,2016-12-14 10:00:00,0.7405200000000001,win,1.2239318700758883,wickdiffs_W_H4_ALL_20260121_202249.csv,73.6560606060607,1.0
W,ALL,H4,H12,AUDUSD,short,2017-05-15,2017-05-22,0.745665,0.75175,0.006085000000000007,2017-05-25 13:00:00,2017-05-25 17:00:00,0.74686,0.74794,2017-05-30 09:00:00,0.74651,0.73958,0.7523585,2017-05-31 21:00:00,0.73958,win,1.1849192100538517,wickdiffs_W_H4_ALL_20260121_202249.csv,56.20606060606061,1.0
W,ALL,H4,H12,AUDUSD,short,2020-08-10,2020-08-17,0.71707,0.72755,0.010480000000000045,2020-08-19 05:00:00,2020-08-19 09:00:00,0.72724,0.72755,2020-08-27 09:00:00,0.72596,0.7065899999999999,0.7389600000000002,2020-08-31 09:00:00,0.7389600000000002,loss,-1.0,wickdiffs_W_H4_ALL_20260121_202249.csv,77.73484848484848,1.0
W,ALL,H4,H12,AUDUSD,short,2021-01-18,2021-01-25,0.77156,0.77822,0.006659999999999999,2021-01-21 18:00:00,2021-01-21 22:00:00,0.77692,0.777,2021-02-11 10:00:00,0.77524,0.7649,0.7821795973154363,2021-02-18 22:00:00,0.7821795973154363,loss,-1.0,wickdiffs_W_H4_ALL_20260121_202249.csv,67.39696969696962,1.0
W,ALL,H4,H12,AUDUSD,short,2023-01-09,2023-01-16,0.6976,0.70638,0.00878000000000001,2023-01-18 10:00:00,2023-01-18 14:00:00,0.70558,0.70638,2023-01-24 10:00:00,0.70458,0.68882,0.7151571812080537,2023-02-01 22:00:00,0.7151571812080537,loss,-1.0,wickdiffs_W_H4_ALL_20260121_202249.csv,99.15151515151508,1.0
W,ALL,H4,H12,AUDUSD,short,2023-03-27,2023-04-03,0.6685,0.67934,0.010840000000000072,2023-04-03 21:00:00,2023-04-04 01:00:00,0.67888,0.67934,2023-04-13 09:00:00,0.67838,0.6576599999999999,0.6922860402684564,2023-04-28 09:00:00,0.6576599999999999,win,1.49,wickdiffs_W_H4_ALL_20260121_202249.csv,79.45,1.0
W,ALL,H4,H12,AUDUSD,short,2023-04-10,2023-04-17,0.67102,0.68064,0.009620000000000073,2023-04-20 13:00:00,2023-04-20 17:00:00,0.67549,0.67718,2023-05-05 09:00:00,0.67525,0.6613999999999999,0.6845453020134229,2023-05-18 09:00:00,0.6613999999999999,win,1.49,wickdiffs_W_H4_ALL_20260121_202249.csv,76.46969696969698,1.0
W,ALL,H4,H12,AUDUSD,short,2023-05-01,2023-05-08,0.67525,0.68182,0.006569999999999965,2023-05-10 09:00:00,2023-05-10 13:00:00,0.68178,0.68182,2023-06-14 09:00:00,0.67956,0.66868,0.6868620134228188,2023-06-15 09:00:00,0.6868620134228188,loss,-1.0,wickdiffs_W_H4_ALL_20260121_202249.csv,67.56818181818186,1.0
W,ALL,H4,H12,AUDUSD,short,2024-04-29,2024-05-06,0.66097,0.66494,0.003970000000000029,2024-05-03 09:00:00,2024-05-03 13:00:00,0.66472,0.66494,2024-05-14 21:00:00,0.6646,0.6569999999999999,0.6697957575757575,2024-05-15 21:00:00,0.6697957575757575,loss,-1.0,wickdiffs_W_H4_ALL_20260121_202249.csv,51.95757575757568,1.0
W,ALL,H4,H12,AUDUSD,short,2025-06-02,2025-06-09,0.64982,0.6546,0.0047800000000000065,2025-06-12 17:00:00,2025-06-12 21:00:00,0.65326,0.65336,2025-06-16 09:00:00,0.6524,0.64504,0.6600125757575758,2025-06-19 09:00:00,0.64504,win,0.9668212487311713,wickdiffs_W_H4_ALL_20260121_202249.csv,76.12575757575755,1.0
W,ALL,H4,H12,AUDUSD,short,2025-09-29,2025-10-06,0.65838,0.6629,0.0045200000000000795,2025-10-09 09:00:00,2025-10-09 13:00:00,0.66101,0.66124,2025-10-28 21:00:00,0.6595,0.6538599999999999,0.6642743939393939,2025-10-30 09:00:00,0.6538599999999999,win,1.1813017676367152,wickdiffs_W_H4_ALL_20260121_202249.csv,47.74393939393946,1.0
W,ALL,H4,H12,CADCHF,long,2015-04-27,2015-05-04,0.75156,0.76707,0.015510000000000024,2015-05-08 05:00:00,2015-05-08 09:00:00,0.76053,0.76092,2015-05-14 09:00:00,0.76122,0.78258,0.7468844295302013,2015-06-03 21:00:00,0.7468844295302013,loss,-1.0,wickdiffs_W_H4_ALL_20260121_202249.csv,87.65000000000006,1.0
W,ALL,H4,H12,CADCHF,long,2015-10-12,2015-10-19,0.7286,0.738685,0.01008500000000001,2015-10-21 13:00:00,2015-10-21 17:00:00,0.7286,0.72888,2015-12-08 22:00:00,0.729895,0.74877,0.7172272147651005,2015-12-11 10:00:00,0.7172272147651005,loss,-1.0,wickdiffs_W_H4_ALL_20260121_202249.csv,77.06060606060623,1.0
W,ALL,H4,H12,CADCHF,long,2016-03-07,2016-03-14,0.73346,0.74352,0.010059999999999958,2016-03-10 14:00:00,2016-03-10 18:00:00,0.73346,0.73386,2016-03-24 09:00:00,0.73657,0.7535799999999999,0.7251538926174497,2016-04-05 09:00:00,0.7251538926174497,loss,-1.0,wickdiffs_W_H4_ALL_20260121_202249.csv,105.615909090909,1.0
W,ALL,H4,H12,CADCHF,long,2017-04-03,2017-04-10,0.74422,0.7527,0.008480000000000043,2017-04-04 09:00:00,2017-04-04 13:00:00,0.74422,0.74431,2017-04-18 09:00:00,0.74448,0.7611800000000001,0.7332719463087248,2017-04-24 21:00:00,0.7332719463087248,loss,-1.0,wickdiffs_W_H4_ALL_20260121_202249.csv,51.61287878787876,1.0
W,ALL,H4,H12,CADCHF,long,2017-08-21,2017-08-28,0.75598,0.766275,0.010295000000000054,2017-08-31 01:00:00,2017-08-31 05:00:00,0.76076,0.76214,2017-11-30 10:00:00,0.76259,0.7765700000000001,0.7532074496644294,2017-12-04 10:00:00,0.7765700000000001,win,1.4899999999999998,wickdiffs_W_H4_ALL_20260121_202249.csv,61.86287878787874,1.0
W,ALL,H4,H12,CADCHF,long,2017-10-23,2017-10-30,0.77082,0.779145,0.008325000000000027,2017-10-25 13:00:00,2017-10-25 17:00:00,0.77082,0.77089,2017-11-15 10:00:00,0.774315,0.78747,0.7654861409395973,2017-11-29 10:00:00,0.7654861409395973,loss,-1.0,wickdiffs_W_H4_ALL_20260121_202249.csv,64.69621212121213,1.0
W,ALL,H4,H12,CADCHF,long,2017-11-27,2017-12-04,0.76162,0.76946,0.00784000000000007,2017-12-01 14:00:00,2017-12-01 18:00:00,0.76592,0.76616,2017-12-18 10:00:00,0.76633,0.7773000000000001,0.7589675838926173,2017-12-21 10:00:00,0.7773000000000001,win,1.49,wickdiffs_W_H4_ALL_20260121_202249.csv,58.71742424242422,1.0
W,ALL,H4,H12,CADCHF,long,2018-12-03,2018-12-10,0.73526,0.7438,0.008539999999999992,2018-12-11 06:00:00,2018-12-11 10:00:00,0.73526,0.73566,2018-12-18 10:00:00,0.73712,0.75234,0.7269052348993289,2018-12-24 10:00:00,0.7269052348993289,loss,-1.0,wickdiffs_W_H4_ALL_20260121_202249.csv,55.41212121212119,1.0
W,ALL,H4,H12,CADCHF,long,2019-07-15,2019-07-22,0.74704,0.75174,0.0046999999999999265,2019-07-24 17:00:00,2019-07-24 21:00:00,0.74914,0.74936,2019-08-01 09:00:00,0.7496,0.7564399999999999,0.7450093959731545,2019-08-02 09:00:00,0.7450093959731545,loss,-1.0,wickdiffs_W_H4_ALL_20260121_202249.csv,45.2984848484848,1.0
W,ALL,H4,H12,CADCHF,long,2019-12-02,2019-12-09,0.74101,0.74725,0.006240000000000023,2019-12-10 22:00:00,2019-12-11 02:00:00,0.74352,0.74358,2019-12-29 22:00:00,0.74415,0.75349,0.737881543624161,2020-01-15 10:00:00,0.737881543624161,loss,-1.0,wickdiffs_W_H4_ALL_20260121_202249.csv,42.65303030303035,1.0
W,ALL,H4,H12,CADCHF,long,2021-07-12,2021-07-19,0.71733,0.72908,0.011749999999999927,2021-07-20 01:00:00,2021-07-20 05:00:00,0.7187,0.71916,2021-08-03 09:00:00,0.7212,0.7408299999999999,0.7080255033557047,2021-10-07 09:00:00,0.7408299999999999,win,1.49,wickdiffs_W_H4_ALL_20260121_202249.csv,47.54696969696962,1.0
W,ALL,H4,H12,CADCHF,long,2021-12-13,2021-12-20,0.70975,0.71698,0.007229999999999959,2021-12-22 10:00:00,2021-12-22 14:00:00,0.71352,0.71382,2021-12-29 10:00:00,0.7151,0.7242099999999999,0.7089859060402685,2022-01-06 10:00:00,0.7242099999999999,win,1.49,wickdiffs_W_H4_ALL_20260121_202249.csv,54.38636363636365,1.0
W,ALL,H4,H12,CADCHF,long,2023-01-30,2023-02-06,0.68242,0.69096,0.008539999999999992,2023-02-03 06:00:00,2023-02-03 10:00:00,0.68305,0.68365,2023-02-21 22:00:00,0.68442,0.6995,0.6742991946308725,2023-03-09 10:00:00,0.6742991946308725,loss,-1.0,wickdiffs_W_H4_ALL_20260121_202249.csv,56.46363636363638,1.0
W,ALL,H4,H12,CADCHF,long,2024-07-29,2024-08-05,0.60603,0.61827,0.012240000000000029,2024-08-05 09:00:00,2024-08-05 13:00:00,0.60984,0.61006,2025-03-07 10:00:00,0.6122,0.63051,0.5999114093959731,2025-04-04 09:00:00,0.5999114093959731,loss,-1.0,wickdiffs_W_H4_ALL_20260121_202249.csv,45.59242424242433,1.0
W,ALL,H4,H12,CADCHF,long,2025-04-14,2025-04-21,0.58278,0.58997,0.00719000000000003,2025-04-21 13:00:00,2025-04-21 17:00:00,0.58278,0.58318,2025-06-27 09:00:00,0.5842,0.59716,0.5755020134228188,2025-09-07 21:00:00,0.5755020134228188,loss,-1.0,wickdiffs_W_H4_ALL_20260121_202249.csv,60.37272727272736,1.0
W,ALL,H4,H12,CADCHF,long,2025-05-19,2025-05-26,0.59141,0.59802,0.006610000000000005,2025-05-21 01:00:00,2025-05-21 05:00:00,0.59141,0.59169,2025-06-12 21:00:00,0.59668,0.60463,0.5906437878787879,2025-06-23 09:00:00,0.5906437878787879,loss,-1.0,wickdiffs_W_H4_ALL_20260121_202249.csv,60.36212121212128,1.0
W,ALL,H4,H12,CADCHF,long,2025-06-23,2025-06-30,0.57868,0.58353,0.004850000000000021,2025-07-01 09:00:00,2025-07-01 13:00:00,0.57868,0.57912,2025-07-09 21:00:00,0.58144,0.58838,0.5758990909090909,2025-07-30 09:00:00,0.58838,win,1.2525020508613707,wickdiffs_W_H4_ALL_20260121_202249.csv,55.40909090909097,1.0
W,ALL,H4,H12,CADCHF,long,2025-09-08,2025-09-15,0.57008,0.57594,0.005859999999999976,2025-09-17 13:00:00,2025-09-17 17:00:00,0.57008,0.57113,2025-09-30 09:00:00,0.5722,0.5818,0.5657570469798658,2025-10-16 09:00:00,0.5657570469798658,loss,-1.0,wickdiffs_W_H4_ALL_20260121_202249.csv,33.34696969696973,1.0
W,ALL,H4,H12,CADCHF,short,2015-02-09,2015-02-16,0.748695,0.7658,0.017105000000000037,2015-02-20 06:00:00,2015-02-20 10:00:00,0.765355,0.7658,2015-02-25 10:00:00,0.76268,0.73159,0.7835457718120806,2015-03-06 10:00:00,0.7835457718120806,loss,-1.0,wickdiffs_W_H4_ALL_20260121_202249.csv,128.5113636363635,1.0
W,ALL,H4,H12,CADCHF,short,2015-08-31,2015-09-07,0.732075,0.74485,0.01277499999999998,2015-09-11 09:00:00,2015-09-11 13:00:00,0.737925,0.739975,2015-09-23 09:00:00,0.73559,0.7193,0.7465228859060402,2015-10-05 21:00:00,0.7465228859060402,loss,-1.0,wickdiffs_W_H4_ALL_20260121_202249.csv,87.88257575757578,1.0
W,ALL,H4,H12,CADCHF,short,2015-11-02,2015-11-09,0.755995,0.76079,0.004794999999999994,2015-11-10 14:00:00,2015-11-10 18:00:00,0.760285,0.76048,2015-11-16 22:00:00,0.75977,0.7512,0.7686412121212121,2015-11-19 10:00:00,0.7686412121212121,loss,-1.0,wickdiffs_W_H4_ALL_20260121_202249.csv,88.71212121212136,1.0
W,ALL,H4,H12,CADCHF,short,2016-09-26,2016-10-03,0.739925,0.747,0.0070749999999999424,2016-10-04 09:00:00,2016-10-04 13:00:00,0.74582,0.747,2016-10-10 09:00:00,0.745755,0.7328500000000001,0.7544160738255032,2016-10-14 09:00:00,0.7544160738255032,loss,-1.0,wickdiffs_W_H4_ALL_20260121_202249.csv,60.80454545454538,1.0
W,ALL,H4,H12,CADCHF,short,2017-12-04,2017-12-11,0.772315,0.78223,0.009915000000000007,2017-12-06 10:00:00,2017-12-06 14:00:00,0.78161,0.78223,2017-12-26 22:00:00,0.781455,0.7624,0.7942435906040269,2018-01-25 10:00:00,0.7624,win,1.49,wickdiffs_W_H4_ALL_20260121_202249.csv,58.74469696969698,1.0
W,ALL,H4,H12,CADCHF,short,2017-12-18,2017-12-25,0.77752,0.78352,0.006000000000000005,2017-12-27 22:00:00,2017-12-28 02:00:00,0.77997,0.78009,2018-01-03 10:00:00,0.77951,0.77152,0.7851016666666667,2018-01-05 10:00:00,0.7851016666666667,loss,-1.0,wickdiffs_W_H4_ALL_20260121_202249.csv,55.91666666666665,1.0
W,ALL,H4,H12,CADCHF,short,2019-08-12,2019-08-19,0.73745,0.74168,0.004229999999999956,2019-08-23 05:00:00,2019-08-23 09:00:00,0.74154,0.74168,2019-08-27 09:00:00,0.73878,0.7332200000000001,0.7439384848484848,2019-08-30 09:00:00,0.7439384848484848,loss,-1.0,wickdiffs_W_H4_ALL_20260121_202249.csv,51.58484848484845,1.0
W,ALL,H4,H12,CADCHF,short,2021-04-26,2021-05-03,0.74282,0.74767,0.00484999999999991,2021-05-06 17:00:00,2021-05-06 21:00:00,0.74726,0.74767,2021-05-11 09:00:00,0.74676,0.7379700000000001,0.7526593288590603,2021-06-14 09:00:00,0.7379700000000001,win,1.49,wickdiffs_W_H4_ALL_20260121_202249.csv,53.65909090909082,1.0
W,ALL,H4,H12,CADCHF,short,2021-05-10,2021-05-17,0.74455,0.75228,0.007729999999999904,2021-05-21 09:00:00,2021-05-21 13:00:00,0.74655,0.74703,2021-05-30 21:00:00,0.74568,0.7368200000000001,0.753053,2021-06-15 09:00:00,0.7368200000000001,win,1.2016818120168062,wickdiffs_W_H4_ALL_20260121_202249.csv,54.01969696969687,1.0
W,ALL,H4,H12,CADCHF,short,2023-05-15,2023-05-22,0.66636,0.67197,0.005610000000000004,2023-05-19 01:00:00,2023-05-19 05:00:00,0.67078,0.67098,2023-05-31 09:00:00,0.67076,0.66075,0.6774781208053692,2023-06-04 21:00:00,0.6774781208053692,loss,-1.0,wickdiffs_W_H4_ALL_20260121_202249.csv,53.01515151515148,1.0
W,ALL,H4,H12,CADCHF,short,2023-07-24,2023-07-31,0.65698,0.66186,0.0048799999999999955,2023-08-03 01:00:00,2023-08-03 05:00:00,0.6578,0.65852,2023-09-12 09:00:00,0.65778,0.6521,0.662348,2023-09-14 09:00:00,0.662348,loss,-1.0,wickdiffs_W_H4_ALL_20260121_202249.csv,44.42878787878786,1.0
W,ALL,H4,H12,CADCHF,short,2024-01-01,2024-01-08,0.63648,0.64118,0.0046999999999999265,2024-01-12 06:00:00,2024-01-12 10:00:00,0.6393,0.63937,2024-01-16 10:00:00,0.63854,0.6317800000000001,0.6430769127516778,2024-01-18 10:00:00,0.6430769127516778,loss,-1.0,wickdiffs_W_H4_ALL_20260121_202249.csv,41.58181818181825,1.0
W,ALL,H4,H12,CADCHF,short,2025-07-14,2025-07-21,0.58362,0.58662,0.0030000000000000027,2025-07-17 13:00:00,2025-07-17 17:00:00,0.58592,0.58614,2025-07-28 21:00:00,0.58586,0.58062,0.590204090909091,2025-08-20 09:00:00,0.58062,win,1.2062362666108646,wickdiffs_W_H4_ALL_20260121_202249.csv,43.44090909090915,1.0
W,ALL,H4,H12,CADJPY,long,2015-09-21,2015-09-28,88.886,90.43,1.5440000000000111,2015-09-30 13:00:00,2015-09-30 17:00:00,89.232,89.3175,2015-12-09 10:00:00,89.4385,91.97400000000002,87.736822147651,2015-12-11 10:00:00,87.736822147651,loss,-1.0,wickdiffs_W_H4_ALL_20260121_202249.csv,89.43939393939388,1.0
W,ALL,H4,H12,CADJPY,long,2015-10-26,2015-11-02,90.59,92.233,1.6430000000000007,2015-11-03 06:00:00,2015-11-03 10:00:00,91.9365,92.0075,2015-11-13 10:00:00,92.009,93.876,90.4257,2015-12-08 10:00:00,90.4257,loss,-1.0,wickdiffs_W_H4_ALL_20260121_202249.csv,112.2515151515151,1.0
W,ALL,H4,H12,CADJPY,long,2016-02-08,2016-02-15,79.284,81.768,2.4839999999999947,2016-02-19 14:00:00,2016-02-19 18:00:00,81.372,81.53,2016-02-22 22:00:00,81.531,84.252,79.0356,2016-02-26 10:00:00,84.252,win,1.090406347679725,wickdiffs_W_H4_ALL_20260121_202249.csv,126.7484848484847,1.0
W,ALL,H4,H12,CADJPY,long,2017-01-16,2017-01-23,84.807,86.028,1.2210000000000036,2017-01-23 18:00:00,2017-01-23 22:00:00,85.028,85.132,2017-02-06 22:00:00,85.164,87.24900000000001,83.7646711409396,2017-02-14 10:00:00,87.24900000000001,win,1.49,wickdiffs_W_H4_ALL_20260121_202249.csv,99.04545454545458,1.0
W,ALL,H4,H12,CADJPY,long,2017-01-30,2017-02-06,84.868,86.444,1.5760000000000076,2017-02-09 18:00:00,2017-02-09 22:00:00,86.106,86.144,2017-02-17 10:00:00,86.16,88.02000000000001,84.71039999999999,2017-02-28 10:00:00,84.71039999999999,loss,-1.0,wickdiffs_W_H4_ALL_20260121_202249.csv,91.06818181818184,1.0
W,ALL,H4,H12,CADJPY,long,2017-02-27,2017-03-06,84.192,85.246,1.054000000000002,2017-02-28 14:00:00,2017-02-28 18:00:00,84.192,84.241,2017-03-17 09:00:00,84.4055,86.3,83.1340234899329,2017-03-21 21:00:00,83.1340234899329,loss,-1.0,wickdiffs_W_H4_ALL_20260121_202249.csv,78.86363636363653,1.0
W,ALL,H4,H12,CADJPY,long,2017-05-15,2017-05-22,80.658,82.339,1.6809999999999974,2017-05-19 09:00:00,2017-05-19 13:00:00,81.752,81.869,2017-05-31 09:00:00,82.051,84.02,80.4899,2017-06-15 21:00:00,84.02,win,1.261290115943885,wickdiffs_W_H4_ALL_20260121_202249.csv,77.18636363636371,1.0
W,ALL,H4,H12,CADJPY,long,2017-10-23,2017-10-30,87.789,88.758,0.9689999999999941,2017-11-01 01:00:00,2017-11-01 05:00:00,88.185,88.234,2017-11-15 10:00:00,88.4335,89.72699999999999,87.56537919463086,2017-11-17 10:00:00,87.56537919463086,loss,-1.0,wickdiffs_W_H4_ALL_20260121_202249.csv,75.89242424242443,1.0
W,ALL,H4,H12,CADJPY,long,2018-12-03,2018-12-10,83.568,84.63,1.0619999999999976,2018-12-06 22:00:00,2018-12-07 02:00:00,84.1,84.116,2018-12-17 10:00:00,84.159,85.692,83.13014093959733,2018-12-19 10:00:00,83.13014093959733,loss,-1.0,wickdiffs_W_H4_ALL_20260121_202249.csv,70.96212121212129,1.0
W,ALL,H4,H12,CADJPY,long,2019-08-05,2019-08-12,79.102,79.932,0.8299999999999983,2019-08-13 09:00:00,2019-08-13 13:00:00,79.146,79.162,2019-08-23 09:00:00,79.333,80.762,78.37393959731543,2019-09-05 09:00:00,80.762,win,1.49,wickdiffs_W_H4_ALL_20260121_202249.csv,59.28484848484845,1.0
W,ALL,H4,H12,CADJPY,long,2021-04-19,2021-04-26,85.427,86.46,1.032999999999987,2021-04-21 09:00:00,2021-04-21 13:00:00,85.427,85.565,2021-07-19 09:00:00,85.852,87.49299999999998,84.75065771812082,2021-07-21 09:00:00,87.49299999999998,win,1.49,wickdiffs_W_H4_ALL_20260121_202249.csv,69.43030303030307,1.0
W,ALL,H4,H12,CADJPY,long,2023-11-13,2023-11-20,107.235,109.003,1.7680000000000007,2023-11-21 22:00:00,2023-11-22 02:00:00,108.056,108.102,2023-11-29 22:00:00,108.348,110.771,106.7218255033557,2023-12-06 22:00:00,106.7218255033557,loss,-1.0,wickdiffs_W_H4_ALL_20260121_202249.csv,77.62727272727263,1.0
W,ALL,H4,H12,CADJPY,long,2024-07-29,2024-08-05,101.66,105.544,3.8840000000000003,2024-08-06 17:00:00,2024-08-06 21:00:00,104.588,104.7,2024-09-06 09:00:00,104.852,109.428,101.27159999999999,2024-10-04 09:00:00,109.428,win,1.2780694894425144,wickdiffs_W_H4_ALL_20260121_202249.csv,119.7424242424242,1.0
W,ALL,H4,H12,CADJPY,short,2015-11-02,2015-11-09,92.552,93.254,0.7019999999999982,2015-11-11 22:00:00,2015-11-12 02:00:00,92.964,92.9735,2015-11-18 22:00:00,92.9525,91.85000000000001,94.06857575757576,2015-11-23 10:00:00,91.85000000000001,win,0.9878361683930372,wickdiffs_W_H4_ALL_20260121_202249.csv,111.6075757575757,1.0
W,ALL,H4,H12,CADJPY,short,2015-11-16,2015-11-23,92.017,93.089,1.0720000000000027,2015-11-20 10:00:00,2015-11-20 14:00:00,92.4275,92.5605,2015-11-30 10:00:00,92.139,90.945,93.1962,2015-12-07 22:00:00,90.945,win,1.1293984108967015,wickdiffs_W_H4_ALL_20260121_202249.csv,94.37727272727273,1.0
W,ALL,H4,H12,CADJPY,short,2017-05-08,2017-05-15,82.664,83.744,1.0799999999999983,2017-05-16 09:00:00,2017-05-16 13:00:00,83.476,83.528,2017-05-24 21:00:00,83.2495,81.584,84.36728523489933,2017-06-05 21:00:00,81.584,win,1.49,wickdiffs_W_H4_ALL_20260121_202249.csv,77.56363636363645,1.0
W,ALL,H4,H12,CADJPY,short,2017-06-12,2017-06-19,83.908,84.554,0.6460000000000008,2017-06-20 05:00:00,2017-06-20 09:00:00,84.473,84.554,2017-06-26 09:00:00,84.4645,83.262,85.28527272727273,2017-06-27 09:00:00,85.28527272727273,loss,-1.0,wickdiffs_W_H4_ALL_20260121_202249.csv,82.0772727272727,1.0
W,ALL,H4,H12,CADJPY,short,2018-06-04,2018-06-11,84.745,85.646,0.9009999999999962,2018-06-13 13:00:00,2018-06-13 17:00:00,85.182,85.198,2018-07-11 21:00:00,85.14,83.84400000000001,86.00979865771812,2018-07-31 09:00:00,86.00979865771812,loss,-1.0,wickdiffs_W_H4_ALL_20260121_202249.csv,74.23181818181823,1.0
W,ALL,H4,H12,CADJPY,short,2018-07-30,2018-08-06,85.635,86.29,0.6550000000000011,2018-08-07 05:00:00,2018-08-07 09:00:00,85.826,85.858,2018-08-27 21:00:00,85.753,84.98,86.47425757575758,2018-08-29 09:00:00,86.47425757575758,loss,-1.0,wickdiffs_W_H4_ALL_20260121_202249.csv,72.12575757575765,1.0
W,ALL,H4,H12,CADJPY,short,2019-09-09,2019-09-16,81.346,82.092,0.7459999999999951,2019-09-18 09:00:00,2019-09-18 13:00:00,81.688,81.732,2019-09-27 09:00:00,81.455,80.60000000000001,82.1666,2019-10-02 09:00:00,80.60000000000001,win,1.201517706576707,wickdiffs_W_H4_ALL_20260121_202249.csv,62.36818181818175,1.0
W,ALL,H4,H12,CADJPY,short,2020-07-20,2020-07-27,79.112,80.146,1.034000000000006,2020-07-23 05:00:00,2020-07-23 09:00:00,80.134,80.146,2020-08-11 09:00:00,80.076,78.07799999999999,81.41693959731543,2020-08-27 21:00:00,81.41693959731543,loss,-1.0,wickdiffs_W_H4_ALL_20260121_202249.csv,70.60606060606064,1.0
W,ALL,H4,H12,CADJPY,short,2020-08-10,2020-08-17,80.345,80.989,0.6440000000000055,2020-08-13 21:00:00,2020-08-14 01:00:00,80.884,80.959,2020-08-25 21:00:00,80.611,79.701,81.29012121212122,2020-08-27 21:00:00,81.29012121212122,loss,-1.0,wickdiffs_W_H4_ALL_20260121_202249.csv,67.91212121212129,1.0
W,ALL,H4,H12,CADJPY,short,2020-11-09,2020-11-16,79.666,81.426,1.7600000000000051,2020-11-10 14:00:00,2020-11-10 18:00:00,80.998,81.106,2020-12-01 22:00:00,80.981,77.90599999999999,83.04475838926174,2021-02-14 22:00:00,83.04475838926174,loss,-1.0,wickdiffs_W_H4_ALL_20260121_202249.csv,61.39090909090908,1.0
W,ALL,H4,H12,CADJPY,short,2022-01-03,2022-01-10,91.396,92.182,0.7860000000000014,2022-01-13 06:00:00,2022-01-13 10:00:00,91.788,91.792,2022-01-17 22:00:00,91.548,90.61,92.34998484848485,2022-01-21 10:00:00,90.61,win,1.1695981560900057,wickdiffs_W_H4_ALL_20260121_202249.csv,80.19848484848492,1.0
W,ALL,H4,H12,CADJPY,short,2023-05-01,2023-05-08,100.816,101.812,0.9959999999999951,2023-05-08 09:00:00,2023-05-08 13:00:00,101.397,101.428,2023-05-16 09:00:00,101.177,99.82000000000001,102.26545454545455,2023-05-17 09:00:00,102.26545454545455,loss,-1.0,wickdiffs_W_H4_ALL_20260121_202249.csv,108.8454545454545,1.0
W,ALL,H4,H12,CADJPY,short,2024-01-01,2024-01-08,108.254,109.238,0.9839999999999947,2024-01-11 10:00:00,2024-01-11 14:00:00,109.136,109.238,2024-01-16 10:00:00,109.074,107.27000000000001,110.28473825503355,2024-01-19 10:00:00,110.28473825503355,loss,-1.0,wickdiffs_W_H4_ALL_20260121_202249.csv,92.88636363636364,1.0
W,ALL,H4,H12,CADJPY,short,2024-11-18,2024-11-25,110.552,111.562,1.009999999999991,2024-11-20 18:00:00,2024-11-20 22:00:00,111.224,111.27,2025-11-18 10:00:00,111.184,109.54200000000002,112.28601342281878,2025-11-20 10:00:00,112.28601342281878,loss,-1.0,wickdiffs_W_H4_ALL_20260121_202249.csv,75.35000000000021,1.0
W,ALL,H4,H12,CHFJPY,long,2015-04-20,2015-04-27,123.3585,124.7185,1.3599999999999994,2015-04-28 09:00:00,2015-04-28 13:00:00,123.982,124.076,2015-09-02 09:00:00,124.128,126.0785,122.81893959731543,2015-09-03 09:00:00,122.81893959731543,loss,-1.0,wickdiffs_W_H4_ALL_20260121_202249.csv,130.3613636363636,1.0
W,ALL,H4,H12,CHFJPY,long,2016-01-11,2016-01-18,115.352,116.888,1.5360000000000014,2016-01-22 10:00:00,2016-01-22 14:00:00,116.259,116.401,2016-01-25 22:00:00,116.4485,118.424,115.1226610738255,2016-01-28 22:00:00,118.424,win,1.49,wickdiffs_W_H4_ALL_20260121_202249.csv,103.7984848484848,1.0
W,ALL,H4,H12,CHFJPY,long,2016-02-15,2016-02-22,112.2885,113.774,1.4855000000000018,2016-02-22 22:00:00,2016-02-23 02:00:00,112.2885,112.337,2016-03-09 10:00:00,113.6405,115.2595,112.13995,2016-03-10 10:00:00,115.2595,win,1.0789377228349575,wickdiffs_W_H4_ALL_20260121_202249.csv,115.460606060606,1.0
W,ALL,H4,H12,CHFJPY,long,2016-06-20,2016-06-27,101.857,105.189,3.3319999999999936,2016-06-30 01:00:00,2016-06-30 05:00:00,104.3585,104.746,2016-07-04 21:00:00,104.7775,108.52099999999999,101.5238,2016-07-20 21:00:00,108.52099999999999,win,1.1505363125057542,wickdiffs_W_H4_ALL_20260121_202249.csv,131.9696969696969,1.0
W,ALL,H4,H12,CHFJPY,long,2017-01-09,2017-01-16,112.37,113.497,1.1269999999999953,2017-01-18 14:00:00,2017-01-18 18:00:00,112.974,113.04,2017-01-23 10:00:00,113.0665,114.624,112.02119798657719,2017-01-26 10:00:00,114.624,win,1.49,wickdiffs_W_H4_ALL_20260121_202249.csv,96.6878787878787,1.0
W,ALL,H4,H12,CHFJPY,long,2017-05-22,2017-05-29,113.04,114.305,1.2650000000000006,2017-05-30 01:00:00,2017-05-30 05:00:00,113.04,113.177,2017-06-07 09:00:00,113.8285,115.57000000000001,112.65970805369128,2017-06-14 09:00:00,112.65970805369128,loss,-1.0,wickdiffs_W_H4_ALL_20260121_202249.csv,87.68787878787889,1.0
W,ALL,H4,H12,CHFJPY,long,2018-06-11,2018-06-18,110.116,110.933,0.8170000000000073,2018-06-20 05:00:00,2018-06-20 09:00:00,110.308,110.366,2018-06-28 09:00:00,110.78,111.75000000000001,110.0343,2018-06-29 09:00:00,111.75000000000001,win,1.3007912028966258,wickdiffs_W_H4_ALL_20260121_202249.csv,69.1742424242425,1.0
W,ALL,H4,H12,CHFJPY,long,2019-02-04,2019-02-11,108.726,109.718,0.9920000000000044,2019-02-12 10:00:00,2019-02-12 14:00:00,109.416,109.439,2019-04-25 09:00:00,109.486,110.71000000000001,108.6268,2019-05-05 21:00:00,108.6268,loss,-1.0,wickdiffs_W_H4_ALL_20260121_202249.csv,56.04545454545445,1.0
W,ALL,H4,H12,CHFJPY,long,2019-05-06,2019-05-13,107.614,108.661,1.046999999999997,2019-05-10 01:00:00,2019-05-10 05:00:00,108.07,108.117,2019-05-31 09:00:00,108.188,109.708,107.16786577181209,2019-06-09 21:00:00,109.708,win,1.4899999999999998,wickdiffs_W_H4_ALL_20260121_202249.csv,53.88939393939386,1.0
W,ALL,H4,H12,CHFJPY,long,2019-07-29,2019-08-05,108.046,108.512,0.465999999999994,2019-08-05 01:00:00,2019-08-05 05:00:00,108.046,108.13,2019-08-22 09:00:00,108.204,108.978,107.62621212121212,2019-08-25 21:00:00,107.62621212121212,loss,-1.0,wickdiffs_W_H4_ALL_20260121_202249.csv,57.77878787878792,1.0
W,ALL,H4,H12,CHFJPY,long,2020-03-16,2020-03-23,110.986,112.563,1.5769999999999982,2020-03-23 05:00:00,2020-03-23 09:00:00,111.518,111.806,2020-03-31 09:00:00,111.888,114.14,110.37659060402686,2020-04-02 09:00:00,110.37659060402686,loss,-1.0,wickdiffs_W_H4_ALL_20260121_202249.csv,94.78257575757566,1.0
W,ALL,H4,H12,CHFJPY,long,2020-08-31,2020-09-07,115.156,116.302,1.1460000000000008,2020-09-09 01:00:00,2020-09-09 05:00:00,115.156,115.306,2020-09-16 09:00:00,115.404,117.44800000000001,114.03218791946307,2020-09-20 21:00:00,114.03218791946307,loss,-1.0,wickdiffs_W_H4_ALL_20260121_202249.csv,77.77121212121219,1.0
W,ALL,H4,H12,CHFJPY,long,2021-07-12,2021-07-19,118.658,119.723,1.0649999999999977,2021-07-21 09:00:00,2021-07-21 13:00:00,119.376,119.532,2021-08-12 09:00:00,119.591,120.788,118.5515,2021-09-15 21:00:00,118.5515,loss,-1.0,wickdiffs_W_H4_ALL_20260121_202249.csv,64.89545454545444,1.0
W,ALL,H4,H12,CHFJPY,long,2021-11-22,2021-11-29,122.137,122.739,0.6020000000000039,2021-12-01 18:00:00,2021-12-01 22:00:00,122.494,122.518,2021-12-06 10:00:00,122.636,123.34100000000001,121.90157575757576,2021-12-08 10:00:00,123.34100000000001,win,0.9599356329427482,wickdiffs_W_H4_ALL_20260121_202249.csv,73.44242424242414,1.0
W,ALL,H4,H12,CHFJPY,long,2022-07-25,2022-08-01,137.164,140.022,2.858000000000004,2022-08-05 05:00:00,2022-08-05 09:00:00,139.086,139.182,2023-01-02 22:00:00,139.183,142.88,136.7017919463087,2023-01-04 10:00:00,142.88,win,1.49,wickdiffs_W_H4_ALL_20260121_202249.csv,165.5984848484848,1.0
W,ALL,H4,H12,CHFJPY,long,2022-09-19,2022-09-26,143.533,146.101,2.568000000000012,2022-09-26 13:00:00,2022-09-26 17:00:00,145.17,145.234,2022-10-03 09:00:00,145.678,148.669,143.2762,2022-10-16 21:00:00,148.669,win,1.2453160129902587,wickdiffs_W_H4_ALL_20260121_202249.csv,141.3757575757576,1.0
W,ALL,H4,H12,CHFJPY,long,2022-12-26,2023-01-02,138.964,141.824,2.8600000000000136,2023-01-03 06:00:00,2023-01-03 10:00:00,138.964,139.036,2023-01-12 10:00:00,139.431,144.68400000000003,135.9054966442953,2023-02-15 10:00:00,144.68400000000003,win,1.49,wickdiffs_W_H4_ALL_20260121_202249.csv,169.3484848484848,1.0
W,ALL,H4,H12,CHFJPY,long,2023-05-29,2023-06-05,152.508,154.012,1.5039999999999907,2023-06-07 01:00:00,2023-06-07 05:00:00,153.27,153.408,2023-06-12 09:00:00,153.614,155.516,152.19913636363637,2023-06-14 21:00:00,155.516,win,1.3442991614996507,wickdiffs_W_H4_ALL_20260121_202249.csv,141.4863636363639,1.0
W,ALL,H4,H12,CHFJPY,short,2016-05-09,2016-05-16,111.357,112.761,1.4039999999999964,2016-05-17 05:00:00,2016-05-17 09:00:00,112.059,112.1125,2016-05-29 21:00:00,111.943,109.953,113.27857046979865,2016-06-02 09:00:00,109.953,win,1.49,wickdiffs_W_H4_ALL_20260121_202249.csv,112.0613636363636,1.0
W,ALL,H4,H12,CHFJPY,short,2017-08-21,2017-08-28,114.346,115.332,0.98599999999999,2017-09-01 09:00:00,2017-09-01 13:00:00,114.742,114.868,2017-09-11 21:00:00,114.659,113.36000000000001,115.53081208053692,2017-09-15 09:00:00,115.53081208053692,loss,-1.0,wickdiffs_W_H4_ALL_20260121_202249.csv,84.42272727272744,1.0
W,ALL,H4,H12,CHFJPY,short,2018-04-09,2018-04-16,111.582,112.283,0.7010000000000076,2018-04-16 09:00:00,2018-04-16 13:00:00,111.86,111.948,2018-05-22 09:00:00,111.704,110.88099999999999,112.41276515151515,2018-05-22 21:00:00,110.88099999999999,win,1.1611744711780079,wickdiffs_W_H4_ALL_20260121_202249.csv,70.87651515151522,1.0
W,ALL,H4,H12,CHFJPY,short,2018-07-16,2018-07-23,112.268,113.263,0.9950000000000045,2018-07-18 17:00:00,2018-07-18 21:00:00,113.016,113.02,2018-07-31 09:00:00,112.944,111.273,114.06547651006711,2018-08-09 21:00:00,111.273,win,1.49,wickdiffs_W_H4_ALL_20260121_202249.csv,68.34848484848494,1.0
W,ALL,H4,H12,CHFJPY,short,2018-07-30,2018-08-06,111.9,113.18,1.2800000000000011,2018-08-01 09:00:00,2018-08-01 13:00:00,112.914,112.962,2018-08-23 09:00:00,112.852,110.62,114.34998657718121,2018-08-29 09:00:00,114.34998657718121,loss,-1.0,wickdiffs_W_H4_ALL_20260121_202249.csv,69.83030303030307,1.0
W,ALL,H4,H12,CHFJPY,short,2019-10-28,2019-11-04,109.764,110.196,0.43200000000000216,2019-10-30 21:00:00,2019-10-31 01:00:00,110.155,110.196,2019-11-12 22:00:00,110.022,109.332,110.63062121212121,2019-11-20 10:00:00,109.332,win,1.1337100749334268,wickdiffs_W_H4_ALL_20260121_202249.csv,60.86212121212117,1.0
W,ALL,H4,H12,CHFJPY,short,2020-06-29,2020-07-06,113.681,114.627,0.945999999999998,2020-07-09 09:00:00,2020-07-09 13:00:00,114.418,114.452,2020-07-20 21:00:00,114.331,112.735,115.40214093959732,2020-07-22 09:00:00,115.40214093959732,loss,-1.0,wickdiffs_W_H4_ALL_20260121_202249.csv,78.60151515151512,1.0
W,ALL,H4,H12,CHFJPY,short,2020-11-02,2020-11-09,114.812,116.108,1.2960000000000065,2020-11-12 06:00:00,2020-11-12 10:00:00,115.332,115.346,2020-11-29 22:00:00,115.176,113.51599999999999,116.29009395973155,2020-12-02 10:00:00,116.29009395973155,loss,-1.0,wickdiffs_W_H4_ALL_20260121_202249.csv,71.96363636363637,1.0
W,ALL,H4,H12,CHFJPY,short,2021-06-07,2021-06-14,122.162,122.771,0.6089999999999947,2021-06-15 05:00:00,2021-06-15 09:00:00,122.664,122.771,2021-10-13 09:00:00,122.574,121.55300000000001,123.25923489932885,2021-10-13 21:00:00,123.25923489932885,loss,-1.0,wickdiffs_W_H4_ALL_20260121_202249.csv,62.54393939393928,1.0
W,ALL,H4,H12,CHFJPY,short,2021-12-27,2022-01-03,126.203,127.08,0.8769999999999953,2022-01-05 14:00:00,2022-01-05 18:00:00,126.688,126.712,2022-03-17 09:00:00,126.587,125.32600000000001,127.43330872483222,2022-03-18 09:00:00,127.43330872483222,loss,-1.0,wickdiffs_W_H4_ALL_20260121_202249.csv,76.81515151515167,1.0
W,ALL,H4,H12,CHFJPY,short,2022-04-18,2022-04-25,134.402,136.19,1.788000000000011,2022-04-19 21:00:00,2022-04-20 01:00:00,135.752,135.878,2022-06-02 21:00:00,135.631,132.61399999999998,137.65583221476513,2022-06-08 09:00:00,137.65583221476513,loss,-1.0,wickdiffs_W_H4_ALL_20260121_202249.csv,119.5606060606062,1.0
W,ALL,H4,H12,CHFJPY,short,2022-07-11,2022-07-18,141.91,143.122,1.2120000000000175,2022-07-22 01:00:00,2022-07-22 05:00:00,142.324,142.442,2022-07-26 21:00:00,142.31,140.69799999999998,143.7158484848485,2022-07-28 09:00:00,140.69799999999998,win,1.1466385014980864,wickdiffs_W_H4_ALL_20260121_202249.csv,140.5848484848486,1.0
W,ALL,H4,H12,CHFJPY,short,2022-09-05,2022-09-12,148.458,150.718,2.259999999999991,2022-09-16 01:00:00,2022-09-16 05:00:00,149.092,149.2,2022-09-20 09:00:00,149.065,146.198,150.9891610738255,2022-09-21 21:00:00,150.9891610738255,loss,-1.0,wickdiffs_W_H4_ALL_20260121_202249.csv,131.7378787878789,1.0
W,ALL,H4,H12,CHFJPY,short,2022-11-07,2022-11-14,147.568,149.096,1.5279999999999916,2022-11-14 14:00:00,2022-11-14 18:00:00,148.826,149.096,2022-11-23 10:00:00,148.094,146.04000000000002,149.6914393939394,2022-11-27 22:00:00,146.04000000000002,win,1.2858077794955785,wickdiffs_W_H4_ALL_20260121_202249.csv,159.7439393939393,1.0
W,ALL,H4,H12,CHFJPY,short,2024-05-06,2024-05-13,171.846,172.718,0.8719999999999857,2024-05-15 01:00:00,2024-05-15 05:00:00,172.664,172.694,2024-05-29 09:00:00,172.642,170.97400000000002,173.80218181818182,2024-05-31 09:00:00,173.80218181818182,loss,-1.0,wickdiffs_W_H4_ALL_20260121_202249.csv,116.018181818182,1.0
W,ALL,H4,H12,CHFJPY,short,2024-08-12,2024-08-19,170.414,171.859,1.4450000000000216,2024-08-22 13:00:00,2024-08-22 17:00:00,171.815,171.859,2024-08-28 09:00:00,171.685,168.96899999999997,173.50781879194633,2024-09-06 09:00:00,168.96899999999997,win,1.49,wickdiffs_W_H4_ALL_20260121_202249.csv,137.6954545454545,1.0
W,ALL,H4,H12,CHFJPY,short,2024-09-16,2024-09-23,169.24,172.538,3.298000000000002,2024-09-27 09:00:00,2024-09-27 13:00:00,169.866,169.892,2024-09-30 09:00:00,169.845,165.942,172.86780000000002,2024-10-02 21:00:00,172.86780000000002,loss,-1.0,wickdiffs_W_H4_ALL_20260121_202249.csv,155.2757575757576,1.0
W,ALL,H4,H12,EURAUD,long,2015-06-22,2015-06-29,1.431825,1.45929,0.027465000000000073,2015-07-01 21:00:00,2015-07-02 01:00:00,1.44292,1.44351,2015-12-02 10:00:00,1.452125,1.486755,1.4288833892617452,2015-12-03 10:00:00,1.486755,win,1.49,wickdiffs_W_H4_ALL_20260121_202249.csv,196.4772727272727,1.0
W,ALL,H4,H12,EURAUD,long,2015-11-16,2015-11-23,1.45874,1.47085,0.012110000000000065,2015-11-25 10:00:00,2015-11-25 14:00:00,1.45874,1.46056,2015-11-30 10:00:00,1.461895,1.48296,1.4420471969696969,2015-12-02 10:00:00,1.4420471969696969,loss,-1.0,wickdiffs_W_H4_ALL_20260121_202249.csv,198.4780303030303,1.0
W,ALL,H4,H12,EURAUD,long,2016-03-07,2016-03-14,1.44672,1.47394,0.027220000000000022,2016-03-14 01:00:00,2016-03-14 05:00:00,1.46993,1.470095,2016-03-22 09:00:00,1.471765,1.50116,1.4439980000000001,2016-04-04 21:00:00,1.50116,win,1.0586307487305144,wickdiffs_W_H4_ALL_20260121_202249.csv,235.9939393939392,1.0
W,ALL,H4,H12,EURAUD,long,2016-11-07,2016-11-14,1.407465,1.43863,0.03116500000000011,2016-11-15 18:00:00,2016-11-15 22:00:00,1.418,1.418535,2016-11-24 22:00:00,1.42366,1.4697950000000002,1.3926969127516775,2016-12-29 22:00:00,1.4697950000000002,win,1.49,wickdiffs_W_H4_ALL_20260121_202249.csv,140.1719696969699,1.0
W,ALL,H4,H12,EURAUD,long,2017-01-16,2017-01-23,1.40283,1.41619,0.013360000000000039,2017-01-19 10:00:00,2017-01-19 14:00:00,1.40283,1.40318,2017-02-03 10:00:00,1.40362,1.42955,1.3862173154362416,2017-02-10 10:00:00,1.3862173154362416,loss,-1.0,wickdiffs_W_H4_ALL_20260121_202249.csv,138.3492424242425,1.0
W,ALL,H4,H12,EURAUD,long,2017-05-08,2017-05-15,1.4672,1.47969,0.01248999999999989,2017-05-12 05:00:00,2017-05-12 09:00:00,1.4672,1.46864,2017-06-15 21:00:00,1.46883,1.4921799999999998,1.453158859060403,2017-06-27 09:00:00,1.4921799999999998,win,1.49,wickdiffs_W_H4_ALL_20260121_202249.csv,121.0575757575758,1.0
W,ALL,H4,H12,EURAUD,long,2020-04-20,2020-04-27,1.65397,1.6936,0.039630000000000054,2020-04-30 01:00:00,2020-04-30 05:00:00,1.65397,1.65419,2020-05-10 21:00:00,1.66076,1.73323,1.6121224161073826,2020-06-02 21:00:00,1.6121224161073826,loss,-1.0,wickdiffs_W_H4_ALL_20260121_202249.csv,292.3121212121214,1.0
W,ALL,H4,H12,EURAUD,long,2021-02-15,2021-02-22,1.5253,1.53989,0.01458999999999988,2021-02-25 06:00:00,2021-02-25 10:00:00,1.5253,1.52718,2021-03-17 21:00:00,1.5302,1.5544799999999999,1.5139046979865773,2021-03-23 09:00:00,1.5544799999999999,win,1.49,wickdiffs_W_H4_ALL_20260121_202249.csv,111.3303030303031,1.0
W,ALL,H4,H12,EURAUD,long,2022-03-21,2022-03-28,1.4536,1.46129,0.007689999999999975,2022-03-28 01:00:00,2022-03-28 05:00:00,1.4536,1.45404,2022-04-04 09:00:00,1.45424,1.46898,1.4399072727272726,2022-04-04 21:00:00,1.4399072727272726,loss,-1.0,wickdiffs_W_H4_ALL_20260121_202249.csv,143.3272727272731,1.0
W,ALL,H4,H12,EURAUD,long,2022-10-31,2022-11-07,1.52728,1.53896,0.011680000000000135,2022-11-04 09:00:00,2022-11-04 13:00:00,1.52728,1.52914,2022-11-15 10:00:00,1.53154,1.5506400000000002,1.5159278787878787,2022-11-17 10:00:00,1.5506400000000002,win,1.2234083850931896,wickdiffs_W_H4_ALL_20260121_202249.csv,156.1212121212121,1.0
W,ALL,H4,H12,EURAUD,long,2024-01-22,2024-01-29,1.63506,1.65067,0.015610000000000124,2024-02-02 06:00:00,2024-02-02 10:00:00,1.64644,1.64832,2024-02-06 10:00:00,1.64865,1.6662800000000002,1.633499,2024-02-28 10:00:00,1.6662800000000002,win,1.1636195630651678,wickdiffs_W_H4_ALL_20260121_202249.csv,114.7833333333335,1.0
W,ALL,H4,H12,EURAUD,long,2024-11-04,2024-11-11,1.61631,1.62676,0.01045000000000007,2024-11-13 02:00:00,2024-11-13 06:00:00,1.62394,1.62435,2024-11-18 22:00:00,1.62564,1.63721,1.615265,2024-11-20 22:00:00,1.615265,loss,-1.0,wickdiffs_W_H4_ALL_20260121_202249.csv,102.419696969697,1.0
W,ALL,H4,H12,EURAUD,long,2024-12-30,2025-01-06,1.64906,1.65877,0.009710000000000107,2025-01-03 02:00:00,2025-01-03 06:00:00,1.65088,1.65148,2025-01-15 22:00:00,1.65546,1.6684800000000002,1.644614090909091,2025-01-27 10:00:00,1.6684800000000002,win,1.2004526214324864,wickdiffs_W_H4_ALL_20260121_202249.csv,108.4590909090909,1.0
W,ALL,H4,H12,EURAUD,long,2025-02-03,2025-02-10,1.63934,1.6488,0.009460000000000024,2025-02-11 22:00:00,2025-02-12 02:00:00,1.64314,1.64408,2025-02-17 22:00:00,1.64512,1.65826,1.634674393939394,2025-02-25 10:00:00,1.65826,win,1.2579451995184432,wickdiffs_W_H4_ALL_20260121_202249.csv,104.4560606060606,1.0
W,ALL,H4,H12,EURAUD,long,2025-09-08,2025-09-15,1.75922,1.76658,0.007360000000000033,2025-09-11 21:00:00,2025-09-12 01:00:00,1.75922,1.75953,2025-10-09 09:00:00,1.76426,1.77394,1.7543849999999999,2025-10-10 09:00:00,1.77394,win,0.9802531645569759,wickdiffs_W_H4_ALL_20260121_202249.csv,98.74999999999996,1.0
W,ALL,H4,H12,EURAUD,short,2017-10-02,2017-10-09,1.50936,1.52422,0.014859999999999873,2017-10-13 01:00:00,2017-10-13 05:00:00,1.51298,1.51301,2017-10-24 09:00:00,1.512485,1.4945000000000002,1.525706,2017-10-24 21:00:00,1.525706,loss,-1.0,wickdiffs_W_H4_ALL_20260121_202249.csv,104.6121212121212,1.0
W,ALL,H4,H12,EURAUD,short,2017-12-18,2017-12-25,1.53769,1.55276,0.015069999999999917,2017-12-21 18:00:00,2017-12-21 22:00:00,1.54177,1.54198,2018-01-02 10:00:00,1.5402,1.52262,1.5542669999999998,2018-01-08 22:00:00,1.52262,win,1.249733418639379,wickdiffs_W_H4_ALL_20260121_202249.csv,104.9674242424243,1.0
W,ALL,H4,H12,EURAUD,short,2018-03-19,2018-03-26,1.60493,1.61917,0.01424000000000003,2018-03-29 09:00:00,2018-03-29 13:00:00,1.60614,1.60645,2018-04-02 09:00:00,1.60577,1.59069,1.620594,2018-04-04 09:00:00,1.59069,win,1.0172692930383034,wickdiffs_W_H4_ALL_20260121_202249.csv,113.7340909090909,1.0
W,ALL,H4,H12,EURAUD,short,2018-04-16,2018-04-23,1.60201,1.6141,0.012090000000000156,2018-04-27 01:00:00,2018-04-27 05:00:00,1.60514,1.60537,2018-04-30 09:00:00,1.60428,1.5899199999999998,1.6155347727272726,2018-05-03 09:00:00,1.5899199999999998,win,1.2759031521980693,wickdiffs_W_H4_ALL_20260121_202249.csv,112.5477272727274,1.0
W,ALL,H4,H12,EURAUD,short,2018-12-03,2018-12-10,1.57914,1.58857,0.00943000000000005,2018-12-10 10:00:00,2018-12-10 14:00:00,1.58481,1.58495,2018-12-18 10:00:00,1.58212,1.56971,1.5927978787878787,2018-12-19 10:00:00,1.5927978787878787,loss,-1.0,wickdiffs_W_H4_ALL_20260121_202249.csv,106.7787878787878,1.0
W,ALL,H4,H12,EURAUD,short,2019-12-09,2019-12-16,1.61712,1.63141,0.014290000000000136,2019-12-17 22:00:00,2019-12-18 02:00:00,1.62808,1.62873,2020-01-07 22:00:00,1.62076,1.6028299999999998,1.6328390000000002,2020-01-27 22:00:00,1.6328390000000002,loss,-1.0,wickdiffs_W_H4_ALL_20260121_202249.csv,84.61515151515147,1.0
W,ALL,H4,H12,EURAUD,short,2020-09-07,2020-09-14,1.62639,1.63545,0.009060000000000068,2020-09-08 17:00:00,2020-09-08 21:00:00,1.63378,1.63545,2020-09-21 21:00:00,1.62926,1.61733,1.6398039393939394,2020-09-22 21:00:00,1.6398039393939394,loss,-1.0,wickdiffs_W_H4_ALL_20260121_202249.csv,105.4393939393939,1.0
W,ALL,H4,H12,EURAUD,short,2022-03-28,2022-04-04,1.47332,1.4943,0.02098,2022-04-01 01:00:00,2022-04-01 05:00:00,1.48032,1.48152,2022-04-21 21:00:00,1.4786,1.45234,1.496398,2022-04-24 21:00:00,1.496398,loss,-1.0,wickdiffs_W_H4_ALL_20260121_202249.csv,149.9530303030305,1.0
W,ALL,H4,H12,EURAUD,short,2022-05-09,2022-05-16,1.4998,1.52797,0.02817000000000003,2022-05-20 13:00:00,2022-05-20 17:00:00,1.50444,1.50505,2022-05-23 09:00:00,1.50382,1.47163,1.5307870000000001,2022-06-22 21:00:00,1.5307870000000001,loss,-1.0,wickdiffs_W_H4_ALL_20260121_202249.csv,164.5469696969698,1.0
W,ALL,H4,H12,EURAUD,short,2022-11-28,2022-12-05,1.55128,1.57502,0.023740000000000094,2022-12-09 06:00:00,2022-12-09 10:00:00,1.56248,1.56504,2022-12-12 10:00:00,1.56194,1.52754,1.585027248322148,2022-12-15 10:00:00,1.585027248322148,loss,-1.0,wickdiffs_W_H4_ALL_20260121_202249.csv,159.2606060606059,1.0
W,ALL,H4,H12,EURAUD,short,2024-10-07,2024-10-14,1.62202,1.63538,0.013360000000000039,2024-10-08 05:00:00,2024-10-08 09:00:00,1.63428,1.63538,2024-10-24 21:00:00,1.63316,1.60866,1.6496029530201342,2024-10-29 09:00:00,1.6496029530201342,loss,-1.0,wickdiffs_W_H4_ALL_20260121_202249.csv,114.2651515151516,1.0
W,ALL,H4,H12,EURAUD,short,2025-02-10,2025-02-17,1.6522,1.66344,0.011240000000000139,2025-02-13 06:00:00,2025-02-13 10:00:00,1.66338,1.66344,2025-02-26 10:00:00,1.6629,1.6409599999999998,1.6776248322147653,2025-03-03 10:00:00,1.6776248322147653,loss,-1.0,wickdiffs_W_H4_ALL_20260121_202249.csv,106.1393939393939,1.0
W,ALL,H4,H12,EURAUD,short,2025-05-05,2025-05-12,1.74577,1.76308,0.017309999999999937,2025-05-08 09:00:00,2025-05-08 13:00:00,1.76092,1.76308,2025-05-21 09:00:00,1.76024,1.72846,1.7815688590604026,2025-06-12 09:00:00,1.7815688590604026,loss,-1.0,wickdiffs_W_H4_ALL_20260121_202249.csv,187.3393939393939,1.0
W,ALL,H4,H12,EURCAD,long,2015-11-02,2015-11-09,1.416255,1.428865,0.01261000000000001,2015-11-10 14:00:00,2015-11-10 18:00:00,1.416255,1.41767,2015-11-17 10:00:00,1.417725,1.441475,1.3994363636363636,2015-12-03 10:00:00,1.441475,win,1.298620603951793,wickdiffs_W_H4_ALL_20260121_202249.csv,182.8863636363635,1.0
W,ALL,H4,H12,EURCAD,long,2016-09-26,2016-10-03,1.463055,1.47587,0.01281500000000002,2016-09-30 09:00:00,2016-09-30 13:00:00,1.463055,1.464455,2016-10-11 09:00:00,1.46617,1.488685,1.4510592617449665,2016-10-14 09:00:00,1.4510592617449665,loss,-1.0,wickdiffs_W_H4_ALL_20260121_202249.csv,112.5227272727271,1.0
W,ALL,H4,H12,EURCAD,long,2016-12-05,2016-12-12,1.3821,1.391995,0.009894999999999987,2016-12-15 18:00:00,2016-12-15 22:00:00,1.38829,1.388295,2016-12-20 10:00:00,1.388645,1.40189,1.3747569696969697,2016-12-21 22:00:00,1.40189,win,0.9536989559354697,wickdiffs_W_H4_ALL_20260121_202249.csv,138.8803030303031,1.0
W,ALL,H4,H12,EURCAD,long,2020-05-18,2020-05-25,1.50552,1.52652,0.02100000000000013,2020-05-27 05:00:00,2020-05-27 09:00:00,1.50552,1.50768,2020-06-01 21:00:00,1.50882,1.5475200000000002,1.4828468456375838,2020-07-14 09:00:00,1.5475200000000002,win,1.49,wickdiffs_W_H4_ALL_20260121_202249.csv,181.009090909091,1.0
W,ALL,H4,H12,EURCAD,long,2021-12-06,2021-12-13,1.42106,1.44035,0.01929000000000003,2021-12-13 06:00:00,2021-12-13 10:00:00,1.43537,1.43643,2021-12-31 10:00:00,1.43775,1.45964,1.419131,2022-01-18 10:00:00,1.419131,loss,-1.0,wickdiffs_W_H4_ALL_20260121_202249.csv,97.60757575757565,1.0
W,ALL,H4,H12,EURCAD,long,2022-01-24,2022-01-31,1.4119,1.42469,0.012790000000000079,2022-01-27 10:00:00,2022-01-27 14:00:00,1.4119,1.41278,2022-03-01 10:00:00,1.41742,1.43748,1.4039569127516776,2022-03-02 10:00:00,1.4039569127516776,loss,-1.0,wickdiffs_W_H4_ALL_20260121_202249.csv,101.3772727272726,1.0
W,ALL,H4,H12,EURCAD,long,2022-04-11,2022-04-18,1.35198,1.36426,0.012280000000000069,2022-04-21 01:00:00,2022-04-21 05:00:00,1.35198,1.35257,2022-04-27 09:00:00,1.35334,1.37654,1.3377695302013421,2022-05-09 21:00:00,1.37654,win,1.49,wickdiffs_W_H4_ALL_20260121_202249.csv,116.5136363636362,1.0
W,ALL,H4,H12,EURCAD,long,2022-12-19,2022-12-26,1.43402,1.44314,0.009120000000000017,2022-12-27 14:00:00,2022-12-27 18:00:00,1.43402,1.43548,2023-01-02 22:00:00,1.43596,1.45226,1.4244021212121212,2023-01-06 10:00:00,1.4244021212121212,loss,-1.0,wickdiffs_W_H4_ALL_20260121_202249.csv,115.5787878787879,1.0
W,ALL,H4,H12,EURCAD,long,2023-04-10,2023-04-17,1.46236,1.46882,0.00645999999999991,2023-04-17 13:00:00,2023-04-17 17:00:00,1.46236,1.46258,2023-05-16 09:00:00,1.46422,1.47528,1.4544692424242425,2023-05-18 09:00:00,1.4544692424242425,loss,-1.0,wickdiffs_W_H4_ALL_20260121_202249.csv,97.50757575757562,1.0
W,ALL,H4,H12,EURCAD,long,2023-05-15,2023-05-22,1.45126,1.45858,0.007319999999999993,2023-05-19 01:00:00,2023-05-19 05:00:00,1.45217,1.45228,2023-05-29 21:00:00,1.45418,1.4659,1.444259393939394,2023-06-01 21:00:00,1.444259393939394,loss,-1.0,wickdiffs_W_H4_ALL_20260121_202249.csv,99.20606060606045,1.0
W,ALL,H4,H12,EURCAD,short,2015-07-06,2015-07-13,1.41216,1.425685,0.01352500000000001,2015-07-15 13:00:00,2015-07-15 17:00:00,1.41732,1.419245,2015-07-21 09:00:00,1.41619,1.398635,1.4316331818181818,2015-07-23 09:00:00,1.4316331818181818,loss,-1.0,wickdiffs_W_H4_ALL_20260121_202249.csv,154.4318181818181,1.0
W,ALL,H4,H12,EURCAD,short,2016-03-07,2016-03-14,1.4732,1.50166,0.02845999999999993,2016-03-15 09:00:00,2016-03-15 13:00:00,1.48767,1.48798,2016-04-01 09:00:00,1.4823,1.4447400000000001,1.507508053691275,2016-04-13 09:00:00,1.4447400000000001,win,1.49,wickdiffs_W_H4_ALL_20260121_202249.csv,211.7757575757575,1.0
W,ALL,H4,H12,EURCAD,short,2016-06-13,2016-06-20,1.454035,1.463945,0.009910000000000085,2016-06-20 01:00:00,2016-06-20 05:00:00,1.46034,1.46074,2016-07-28 09:00:00,1.4572,1.4441249999999999,1.4700393181818183,2016-08-02 09:00:00,1.4700393181818183,loss,-1.0,wickdiffs_W_H4_ALL_20260121_202249.csv,128.3931818181819,1.0
W,ALL,H4,H12,EURCAD,short,2016-08-15,2016-08-22,1.45739,1.4673,0.009910000000000085,2016-08-23 01:00:00,2016-08-23 05:00:00,1.46465,1.46543,2016-08-31 09:00:00,1.462195,1.4474799999999999,1.4737770454545454,2016-09-04 21:00:00,1.4474799999999999,win,1.2705009713310202,wickdiffs_W_H4_ALL_20260121_202249.csv,115.8204545454546,1.0
W,ALL,H4,H12,EURCAD,short,2017-05-01,2017-05-08,1.50126,1.51524,0.013979999999999881,2017-05-05 09:00:00,2017-05-05 13:00:00,1.51189,1.51342,2017-05-16 21:00:00,1.50996,1.4872800000000002,1.5251814765100669,2017-06-02 09:00:00,1.5251814765100669,loss,-1.0,wickdiffs_W_H4_ALL_20260121_202249.csv,107.2992424242424,1.0
W,ALL,H4,H12,EURCAD,short,2018-02-26,2018-03-05,1.58707,1.61225,0.02517999999999998,2018-03-07 14:00:00,2018-03-07 18:00:00,1.61022,1.61225,2018-03-15 09:00:00,1.606155,1.56189,1.6358630536912753,2018-04-05 09:00:00,1.56189,win,1.49,wickdiffs_W_H4_ALL_20260121_202249.csv,115.8810606060606,1.0
W,ALL,H4,H12,EURCAD,short,2018-09-03,2018-09-10,1.52065,1.53712,0.016469999999999985,2018-09-07 05:00:00,2018-09-07 09:00:00,1.53004,1.53046,2018-09-26 09:00:00,1.52851,1.50418,1.5448388590604027,2018-09-28 09:00:00,1.50418,win,1.49,wickdiffs_W_H4_ALL_20260121_202249.csv,93.25,1.0
W,ALL,H4,H12,EURCAD,short,2019-01-21,2019-01-28,1.50772,1.52252,0.014800000000000146,2019-01-31 10:00:00,2019-01-31 14:00:00,1.5116,1.51194,2019-02-07 10:00:00,1.50904,1.4929199999999998,1.524,2019-02-13 10:00:00,1.4929199999999998,win,1.0775401069518746,wickdiffs_W_H4_ALL_20260121_202249.csv,104.3621212121213,1.0
W,ALL,H4,H12,EURCAD,short,2019-04-15,2019-04-22,1.50576,1.51543,0.009670000000000067,2019-04-16 05:00:00,2019-04-16 09:00:00,1.51388,1.51543,2019-05-09 09:00:00,1.511,1.49609,1.521006711409396,2019-05-20 21:00:00,1.49609,win,1.49,wickdiffs_W_H4_ALL_20260121_202249.csv,80.82424242424247,1.0
W,ALL,H4,H12,EURCAD,short,2020-01-06,2020-01-13,1.45148,1.45818,0.006699999999999928,2020-01-15 10:00:00,2020-01-15 14:00:00,1.45806,1.45818,2020-01-22 10:00:00,1.45715,1.4447800000000002,1.4654520134228186,2020-01-31 10:00:00,1.4654520134228186,loss,-1.0,wickdiffs_W_H4_ALL_20260121_202249.csv,63.84545454545469,1.0
W,ALL,H4,H12,EURCAD,short,2020-06-08,2020-06-15,1.52933,1.54496,0.015630000000000033,2020-06-11 21:00:00,2020-06-12 01:00:00,1.54146,1.54197,2020-06-29 09:00:00,1.53574,1.5137,1.550531946308725,2020-07-14 09:00:00,1.550531946308725,loss,-1.0,wickdiffs_W_H4_ALL_20260121_202249.csv,133.7212121212121,1.0
W,ALL,H4,H12,EURCAD,short,2021-05-24,2021-05-31,1.47275,1.4821,0.00934999999999997,2021-05-27 01:00:00,2021-05-27 05:00:00,1.4786,1.47872,2021-06-15 09:00:00,1.47778,1.4634,1.4874310067114096,2021-07-02 09:00:00,1.4634,win,1.4899999999999998,wickdiffs_W_H4_ALL_20260121_202249.csv,84.80454545454555,1.0
W,ALL,H4,H12,EURCAD,short,2022-05-02,2022-05-09,1.36134,1.37695,0.015609999999999902,2022-05-11 09:00:00,2022-05-11 13:00:00,1.37204,1.37283,2022-05-23 21:00:00,1.37092,1.34573,1.3878260402684561,2022-06-01 09:00:00,1.34573,win,1.49,wickdiffs_W_H4_ALL_20260121_202249.csv,121.0651515151513,1.0
W,ALL,H4,H12,EURCAD,short,2022-10-10,2022-10-17,1.35005,1.35887,0.00882000000000005,2022-10-18 13:00:00,2022-10-18 17:00:00,1.3587,1.35887,2022-10-25 09:00:00,1.3563,1.34123,1.367730909090909,2022-10-26 09:00:00,1.367730909090909,loss,-1.0,wickdiffs_W_H4_ALL_20260121_202249.csv,114.3090909090909,1.0
W,ALL,H4,H12,EURCAD,short,2023-01-30,2023-02-06,1.44678,1.46422,0.017440000000000122,2023-02-02 02:00:00,2023-02-02 06:00:00,1.4642,1.46422,2023-03-09 22:00:00,1.46405,1.4293399999999998,1.487345302013423,2023-03-22 09:00:00,1.487345302013423,loss,-1.0,wickdiffs_W_H4_ALL_20260121_202249.csv,98.44393939393927,1.0
W,ALL,H4,H12,EURCAD,short,2023-12-25,2024-01-01,1.46239,1.47179,0.009399999999999853,2023-12-28 06:00:00,2023-12-28 10:00:00,1.47142,1.47179,2024-01-11 10:00:00,1.46978,1.4529900000000002,1.4810484563758388,2024-01-29 10:00:00,1.4529900000000002,win,1.49,wickdiffs_W_H4_ALL_20260121_202249.csv,88.42727272727262,1.0
W,ALL,H4,H12,EURCAD,short,2024-04-29,2024-05-06,1.47292,1.47873,0.005810000000000093,2024-05-08 09:00:00,2024-05-08 13:00:00,1.47821,1.47873,2024-05-14 09:00:00,1.47696,1.46711,1.4835707382550336,2024-05-23 09:00:00,1.4835707382550336,loss,-1.0,wickdiffs_W_H4_ALL_20260121_202249.csv,57.85909090909069,1.0
W,ALL,H4,H12,EURCAD,short,2024-08-19,2024-08-26,1.51122,1.51766,0.006440000000000001,2024-08-23 01:00:00,2024-08-23 05:00:00,1.51284,1.51308,2024-09-16 09:00:00,1.51252,1.50478,1.5191050000000001,2024-09-23 09:00:00,1.50478,win,1.1753986332574178,wickdiffs_W_H4_ALL_20260121_202249.csv,65.84999999999985,1.0
W,ALL,H4,H12,EURCAD,short,2025-04-14,2025-04-21,1.57844,1.59614,0.017699999999999827,2025-04-24 13:00:00,2025-04-24 17:00:00,1.57988,1.57992,2025-04-28 09:00:00,1.57954,1.5607400000000002,1.59791,2025-04-30 09:00:00,1.5607400000000002,win,1.0234077299945405,wickdiffs_W_H4_ALL_20260121_202249.csv,133.2712121212121,1.0
W,ALL,H4,H12,EURCAD,short,2025-05-12,2025-05-19,1.56194,1.57607,0.014129999999999976,2025-05-21 17:00:00,2025-05-21 21:00:00,1.5714,1.57156,2025-05-29 21:00:00,1.56472,1.5478100000000001,1.5782706060606062,2025-06-12 09:00:00,1.5782706060606062,loss,-1.0,wickdiffs_W_H4_ALL_20260121_202249.csv,135.5060606060607,1.0
W,ALL,H4,H12,EURCAD,short,2025-09-08,2025-09-15,1.62389,1.63602,0.012129999999999974,2025-09-18 05:00:00,2025-09-18 09:00:00,1.63078,1.63138,2025-09-22 09:00:00,1.63077,1.61176,1.643528389261745,2025-10-16 21:00:00,1.643528389261745,loss,-1.0,wickdiffs_W_H4_ALL_20260121_202249.csv,87.95303030303052,1.0
W,ALL,H4,H12,EURCHF,long,2015-05-04,2015-05-11,1.030525,1.04313,0.012604999999999977,2015-05-07 09:00:00,2015-05-07 13:00:00,1.030525,1.03224,2015-05-27 09:00:00,1.035345,1.0557349999999999,1.0216604362416108,2015-06-03 21:00:00,1.0557349999999999,win,1.49,wickdiffs_W_H4_ALL_20260121_202249.csv,77.70303030303029,1.0
W,ALL,H4,H12,EURCHF,long,2015-11-02,2015-11-09,1.07353,1.08029,0.006759999999999877,2015-11-13 10:00:00,2015-11-13 14:00:00,1.07808,1.07824,2015-11-16 22:00:00,1.07882,1.0870499999999998,1.0717236363636362,2015-11-18 10:00:00,1.0870499999999998,win,1.1597489110940251,wickdiffs_W_H4_ALL_20260121_202249.csv,70.96363636363633,1.0
W,ALL,H4,H12,EURCHF,long,2016-03-21,2016-03-28,1.08744,1.09147,0.004029999999999978,2016-03-24 09:00:00,2016-03-24 13:00:00,1.0875,1.087875,2016-04-05 09:00:00,1.08852,1.0955,1.0827400757575756,2016-04-20 09:00:00,1.0955,win,1.2076282849465831,wickdiffs_W_H4_ALL_20260121_202249.csv,57.79924242424258,1.0
W,ALL,H4,H12,EURCHF,long,2016-12-12,2016-12-19,1.067925,1.07297,0.005044999999999966,2016-12-21 06:00:00,2016-12-21 10:00:00,1.067925,1.06811,2017-01-03 10:00:00,1.06915,1.078015,1.06320033557047,2017-02-20 22:00:00,1.06320033557047,loss,-1.0,wickdiffs_W_H4_ALL_20260121_202249.csv,49.15378787878789,1.0
W,ALL,H4,H12,EURCHF,long,2017-01-23,2017-01-30,1.06374,1.06895,0.005210000000000159,2017-01-30 18:00:00,2017-01-30 22:00:00,1.0641,1.06411,2017-02-07 22:00:00,1.06432,1.0741600000000002,1.0577159731543622,2017-03-07 10:00:00,1.0741600000000002,win,1.49,wickdiffs_W_H4_ALL_20260121_202249.csv,44.63560606060605,1.0
W,ALL,H4,H12,EURCHF,long,2020-10-12,2020-10-19,1.06886,1.07196,0.0031000000000001027,2020-10-15 09:00:00,2020-10-15 13:00:00,1.06886,1.06936,2020-10-28 09:00:00,1.06944,1.0750600000000001,1.0651980303030302,2020-11-09 10:00:00,1.0750600000000001,win,1.3248562345966086,wickdiffs_W_H4_ALL_20260121_202249.csv,42.4196969696969,1.0
W,ALL,H4,H12,EURCHF,long,2023-01-16,2023-01-23,0.98755,0.99893,0.011379999999999946,2023-01-19 02:00:00,2023-01-19 06:00:00,0.98848,0.98853,2023-02-07 10:00:00,0.98904,1.01031,0.9747648322147652,2023-03-13 09:00:00,0.9747648322147652,loss,-1.0,wickdiffs_W_H4_ALL_20260121_202249.csv,63.65757575757573,1.0
W,ALL,H4,H12,EURCHF,long,2023-08-07,2023-08-14,0.95434,0.95944,0.005099999999999993,2023-08-17 17:00:00,2023-08-17 21:00:00,0.95434,0.95476,2023-08-22 09:00:00,0.95496,0.96454,0.9485304697986578,2023-09-20 21:00:00,0.96454,win,1.49,wickdiffs_W_H4_ALL_20260121_202249.csv,44.92575757575757,1.0
W,ALL,H4,H12,EURCHF,long,2024-09-23,2024-09-30,0.93337,0.9384,0.005029999999999979,2024-10-02 01:00:00,2024-10-02 05:00:00,0.93421,0.93498,2024-10-10 09:00:00,0.9364,0.94343,0.9303168181818182,2024-10-31 21:00:00,0.94343,win,1.1556452215497262,wickdiffs_W_H4_ALL_20260121_202249.csv,60.83181818181807,1.0
W,ALL,H4,H12,EURCHF,long,2025-08-25,2025-09-01,0.93184,0.93492,0.0030799999999999716,2025-08-28 05:00:00,2025-08-28 09:00:00,0.93228,0.9326,2025-09-08 09:00:00,0.93318,0.938,0.9292634848484849,2025-10-10 09:00:00,0.9292634848484849,loss,-1.0,wickdiffs_W_H4_ALL_20260121_202249.csv,39.16515151515152,1.0
W,ALL,H4,H12,EURCHF,short,2015-09-07,2015-09-14,1.09869,1.104965,0.0062750000000000306,2015-09-17 13:00:00,2015-09-17 17:00:00,1.099,1.09952,2016-01-25 10:00:00,1.0989,1.092415,1.1055925,2016-01-26 10:00:00,1.1055925,loss,-1.0,wickdiffs_W_H4_ALL_20260121_202249.csv,58.22500000000006,1.0
W,ALL,H4,H12,EURCHF,short,2016-03-07,2016-03-14,1.09544,1.102255,0.0068150000000000155,2016-03-10 18:00:00,2016-03-10 22:00:00,1.10145,1.1018,2016-04-21 21:00:00,1.10129,1.088625,1.1097900000000003,2016-05-10 09:00:00,1.1097900000000003,loss,-1.0,wickdiffs_W_H4_ALL_20260121_202249.csv,55.70757575757595,1.0
W,ALL,H4,H12,EURCHF,short,2017-04-03,2017-04-10,1.06872,1.0726,0.0038800000000001056,2017-04-06 05:00:00,2017-04-06 09:00:00,1.0719,1.07198,2017-04-20 09:00:00,1.07031,1.0648399999999998,1.0739811409395976,2017-04-23 21:00:00,1.0739811409395976,loss,-1.0,wickdiffs_W_H4_ALL_20260121_202249.csv,35.59545454545461,1.0
W,ALL,H4,H12,EURCHF,short,2017-10-16,2017-10-23,1.15967,1.1713,0.01163000000000003,2017-10-27 09:00:00,2017-10-27 13:00:00,1.162885,1.16497,2017-10-31 09:00:00,1.161865,1.14804,1.172463,2017-11-30 22:00:00,1.172463,loss,-1.0,wickdiffs_W_H4_ALL_20260121_202249.csv,69.62878787878792,1.0
W,ALL,H4,H12,EURCHF,short,2017-11-20,2017-11-27,1.16891,1.17372,0.004810000000000203,2017-12-01 10:00:00,2017-12-01 14:00:00,1.1708,1.17156,2017-12-07 10:00:00,1.170625,1.1640999999999997,1.1766613636363636,2017-12-12 10:00:00,1.1640999999999997,win,1.0809487951807772,wickdiffs_W_H4_ALL_20260121_202249.csv,60.36363636363643,1.0
W,ALL,H4,H12,EURCHF,short,2017-12-18,2017-12-25,1.17315,1.17773,0.0045800000000000285,2017-12-27 10:00:00,2017-12-27 14:00:00,1.17741,1.17773,2018-01-04 10:00:00,1.17632,1.1685699999999999,1.1818444696969697,2018-01-08 10:00:00,1.1685699999999999,win,1.402849581064983,wickdiffs_W_H4_ALL_20260121_202249.csv,55.24469696969705,1.0
W,ALL,H4,H12,EURCHF,short,2018-03-05,2018-03-12,1.17072,1.17415,0.003430000000000044,2018-03-08 10:00:00,2018-03-08 14:00:00,1.17406,1.17415,2018-03-19 09:00:00,1.1731,1.16729,1.1791556818181819,2018-03-22 09:00:00,1.16729,win,0.95942953649842,wickdiffs_W_H4_ALL_20260121_202249.csv,60.5568181818182,1.0
W,ALL,H4,H12,EURCHF,short,2019-02-11,2019-02-18,1.1352,1.14205,0.006850000000000023,2019-02-21 10:00:00,2019-02-21 14:00:00,1.1365,1.13688,2019-02-25 10:00:00,1.13638,1.12835,1.142735,2019-03-21 09:00:00,1.12835,win,1.2635719905585905,wickdiffs_W_H4_ALL_20260121_202249.csv,48.48636363636378,1.0
W,ALL,H4,H12,EURCHF,short,2019-02-25,2019-03-04,1.13544,1.13939,0.003949999999999898,2019-03-07 06:00:00,2019-03-07 10:00:00,1.13672,1.13678,2019-03-11 09:00:00,1.13647,1.13149,1.1411933333333335,2019-03-20 21:00:00,1.13149,win,1.0543401552575822,wickdiffs_W_H4_ALL_20260121_202249.csv,47.23333333333338,1.0
W,ALL,H4,H12,EURCHF,short,2019-03-11,2019-03-18,1.13496,1.1385,0.0035400000000000986,2019-03-14 05:00:00,2019-03-14 09:00:00,1.13734,1.13756,2019-04-16 09:00:00,1.13691,1.1314199999999999,1.141038787878788,2019-04-16 21:00:00,1.141038787878788,loss,-1.0,wickdiffs_W_H4_ALL_20260121_202249.csv,41.28787878787895,1.0
W,ALL,H4,H12,EURCHF,short,2020-04-27,2020-05-04,1.05576,1.06116,0.005400000000000071,2020-04-29 17:00:00,2020-04-29 21:00:00,1.06007,1.06092,2020-05-18 09:00:00,1.05999,1.05036,1.0664530872483222,2020-05-27 09:00:00,1.0664530872483222,loss,-1.0,wickdiffs_W_H4_ALL_20260121_202249.csv,41.64621212121212,1.0
W,ALL,H4,H12,EURCHF,short,2020-08-10,2020-08-17,1.07658,1.08494,0.008359999999999923,2020-08-19 13:00:00,2020-08-19 17:00:00,1.0849,1.08494,2020-09-01 09:00:00,1.08318,1.0682200000000002,1.0932202684563759,2020-10-28 09:00:00,1.0682200000000002,win,1.49,wickdiffs_W_H4_ALL_20260121_202249.csv,54.24393939393935,1.0
W,ALL,H4,H12,EURCHF,short,2021-01-04,2021-01-11,1.08213,1.0868,0.004669999999999952,2021-01-11 10:00:00,2021-01-11 14:00:00,1.0834,1.08406,2021-02-05 10:00:00,1.08277,1.07746,1.087267,2021-02-21 22:00:00,1.087267,loss,-1.0,wickdiffs_W_H4_ALL_20260121_202249.csv,38.60757575757592,1.0
W,ALL,H4,H12,EURCHF,short,2021-06-14,2021-06-21,1.09465,1.09763,0.0029800000000002047,2021-06-24 05:00:00,2021-06-24 09:00:00,1.09738,1.09763,2021-06-29 21:00:00,1.09704,1.0916699999999997,1.100767575757576,2021-07-06 21:00:00,1.0916699999999997,win,1.4406145841802211,wickdiffs_W_H4_ALL_20260121_202249.csv,37.27575757575789,1.0
W,ALL,H4,H12,EURCHF,short,2021-08-30,2021-09-06,1.08571,1.09014,0.004430000000000156,2021-09-08 13:00:00,2021-09-08 17:00:00,1.09,1.09014,2021-09-13 21:00:00,1.08965,1.0812799999999998,1.0952674496644297,2021-09-30 09:00:00,1.0812799999999998,win,1.49,wickdiffs_W_H4_ALL_20260121_202249.csv,36.14848484848499,1.0
W,ALL,H4,H12,EURCHF,short,2023-02-27,2023-03-06,0.99543,1.0042,0.008769999999999945,2023-03-02 18:00:00,2023-03-02 22:00:00,0.99872,0.99911,2023-03-22 21:00:00,0.99617,0.9866600000000001,1.005077,2023-03-24 09:00:00,0.9866600000000001,win,1.0676995621421252,wickdiffs_W_H4_ALL_20260121_202249.csv,60.31060606060608,1.0
W,ALL,H4,H12,EURCHF,short,2023-06-12,2023-06-19,0.97796,0.9842,0.006239999999999912,2023-06-23 01:00:00,2023-06-23 05:00:00,0.98122,0.9815,2023-06-27 09:00:00,0.97958,0.9717200000000001,0.9848551677852349,2023-07-10 21:00:00,0.9717200000000001,win,1.49,wickdiffs_W_H4_ALL_20260121_202249.csv,45.05909090909093,1.0
W,ALL,H4,H12,EURCHF,short,2024-04-22,2024-04-29,0.97796,0.98372,0.005759999999999987,2024-05-02 01:00:00,2024-05-02 05:00:00,0.98244,0.98262,2024-05-15 09:00:00,0.98195,0.9722000000000001,0.9884936241610738,2024-05-19 21:00:00,0.9884936241610738,loss,-1.0,wickdiffs_W_H4_ALL_20260121_202249.csv,45.78939393939397,1.0
W,ALL,H4,H12,EURCHF,short,2025-05-12,2025-05-19,0.93654,0.94214,0.005599999999999938,2025-05-19 09:00:00,2025-05-19 13:00:00,0.9393,0.93967,2025-06-05 09:00:00,0.93816,0.9309400000000001,0.94509,2025-06-12 21:00:00,0.9309400000000001,win,1.0418470418470267,wickdiffs_W_H4_ALL_20260121_202249.csv,69.29999999999998,1.0
W,ALL,H4,H12,EURGBP,long,2015-05-04,2015-05-11,0.712305,0.72564,0.013334999999999986,2015-05-13 05:00:00,2015-05-13 09:00:00,0.712305,0.713045,2015-05-20 09:00:00,0.71421,0.7389749999999999,0.6975891946308725,2015-07-15 21:00:00,0.6975891946308725,loss,-1.0,wickdiffs_W_H4_ALL_20260121_202249.csv,72.00151515151514,1.0
W,ALL,H4,H12,EURGBP,long,2015-06-22,2015-06-29,0.698845,0.70949,0.010644999999999905,2015-07-01 21:00:00,2015-07-02 01:00:00,0.707125,0.707635,2015-07-06 09:00:00,0.708465,0.7201349999999999,0.6977805,2015-07-08 09:00:00,0.7201349999999999,win,1.0922364172399142,wickdiffs_W_H4_ALL_20260121_202249.csv,71.83181818181814,1.0
W,ALL,H4,H12,EURGBP,long,2015-10-26,2015-11-02,0.7042,0.71331,0.009109999999999951,2015-11-05 06:00:00,2015-11-05 10:00:00,0.7042,0.705175,2015-11-11 10:00:00,0.706275,0.72242,0.6954394295302013,2015-12-03 10:00:00,0.72242,win,1.49,wickdiffs_W_H4_ALL_20260121_202249.csv,71.65151515151514,1.0
W,ALL,H4,H12,EURGBP,long,2017-09-25,2017-10-02,0.87465,0.88198,0.007329999999999948,2017-09-27 09:00:00,2017-09-27 13:00:00,0.87465,0.87468,2017-10-31 21:00:00,0.875035,0.8893099999999999,0.8654544630872484,2017-11-02 09:00:00,0.8893099999999999,win,1.49,wickdiffs_W_H4_ALL_20260121_202249.csv,67.68484848484847,1.0
W,ALL,H4,H12,EURGBP,long,2018-03-19,2018-03-26,0.86682,0.874125,0.007305000000000006,2018-03-26 05:00:00,2018-03-26 09:00:00,0.871695,0.87222,2018-04-03 09:00:00,0.87273,0.88143,0.8660895000000001,2018-04-12 09:00:00,0.8660895000000001,loss,-1.0,wickdiffs_W_H4_ALL_20260121_202249.csv,54.78484848484841,1.0
W,ALL,H4,H12,EURGBP,long,2018-10-01,2018-10-08,0.87235,0.87818,0.005830000000000002,2018-10-12 09:00:00,2018-10-12 13:00:00,0.87505,0.8756,2018-10-16 09:00:00,0.8778,0.88401,0.871767,2018-10-22 09:00:00,0.88401,win,1.0293386374937625,wickdiffs_W_H4_ALL_20260121_202249.csv,49.0136363636365,1.0
W,ALL,H4,H12,EURGBP,long,2019-02-25,2019-03-04,0.85294,0.8605,0.007560000000000011,2019-03-07 14:00:00,2019-03-07 18:00:00,0.85364,0.8547,2019-03-11 09:00:00,0.85509,0.86806,0.8463853020134228,2019-03-21 09:00:00,0.86806,win,1.49,wickdiffs_W_H4_ALL_20260121_202249.csv,65.3409090909091,1.0
W,ALL,H4,H12,EURGBP,long,2019-04-01,2019-04-08,0.85026,0.86038,0.010120000000000018,2019-04-05 01:00:00,2019-04-05 05:00:00,0.85571,0.85696,2019-05-01 21:00:00,0.8586,0.8705,0.849248,2019-05-05 21:00:00,0.849248,loss,-1.0,wickdiffs_W_H4_ALL_20260121_202249.csv,64.13939393939397,1.0
W,ALL,H4,H12,EURGBP,long,2020-01-06,2020-01-13,0.8455,0.85133,0.005830000000000002,2020-01-10 10:00:00,2020-01-10 14:00:00,0.848,0.84857,2020-01-21 22:00:00,0.84912,0.85716,0.8435604545454545,2020-01-22 10:00:00,0.8435604545454545,loss,-1.0,wickdiffs_W_H4_ALL_20260121_202249.csv,55.59545454545459,1.0
W,ALL,H4,H12,EURGBP,long,2021-02-15,2021-02-22,0.85387,0.86508,0.011209999999999942,2021-02-25 02:00:00,2021-02-25 06:00:00,0.8597,0.85973,2021-03-04 10:00:00,0.86121,0.8762899999999999,0.8510891946308726,2021-03-28 21:00:00,0.8510891946308726,loss,-1.0,wickdiffs_W_H4_ALL_20260121_202249.csv,64.44545454545455,1.0
W,ALL,H4,H12,EURGBP,long,2021-04-12,2021-04-19,0.85889,0.86544,0.006549999999999945,2021-04-21 13:00:00,2021-04-21 17:00:00,0.86237,0.86312,2021-05-04 21:00:00,0.86348,0.8719899999999999,0.8577685906040269,2021-05-12 09:00:00,0.8577685906040269,loss,-1.0,wickdiffs_W_H4_ALL_20260121_202249.csv,48.57878787878781,1.0
W,ALL,H4,H12,EURGBP,long,2022-04-11,2022-04-18,0.82498,0.82837,0.003390000000000004,2022-04-15 01:00:00,2022-04-15 05:00:00,0.82624,0.82652,2024-11-11 10:00:00,0.82801,0.83176,0.824380606060606,2024-11-12 10:00:00,0.83176,win,1.0332303581865327,wickdiffs_W_H4_ALL_20260121_202249.csv,36.29393939393939,1.0
W,ALL,H4,H12,EURGBP,long,2022-10-10,2022-10-17,0.85788,0.87019,0.012310000000000043,2022-10-18 01:00:00,2022-10-18 05:00:00,0.86345,0.86486,2022-10-26 09:00:00,0.86715,0.8825000000000001,0.856649,2022-11-09 10:00:00,0.8825000000000001,win,1.4617655461384735,wickdiffs_W_H4_ALL_20260121_202249.csv,81.7939393939394,1.0
W,ALL,H4,H12,EURGBP,long,2023-02-06,2023-02-13,0.88026,0.88548,0.005220000000000002,2023-02-15 02:00:00,2023-02-15 06:00:00,0.88162,0.88173,2023-02-20 22:00:00,0.88184,0.8907,0.8758936912751677,2023-02-28 10:00:00,0.8758936912751677,loss,-1.0,wickdiffs_W_H4_ALL_20260121_202249.csv,58.84545454545457,1.0
W,ALL,H4,H12,EURGBP,long,2023-02-27,2023-03-06,0.8755,0.88296,0.007460000000000022,2023-02-28 14:00:00,2023-02-28 18:00:00,0.8755,0.8764,2023-03-15 09:00:00,0.87732,0.89042,0.8685280536912752,2023-05-09 09:00:00,0.8685280536912752,loss,-1.0,wickdiffs_W_H4_ALL_20260121_202249.csv,56.79090909090917,1.0
W,ALL,H4,H12,EURGBP,long,2024-09-23,2024-09-30,0.8311,0.8346,0.0035000000000000586,2024-10-02 13:00:00,2024-10-02 17:00:00,0.83217,0.83221,2024-10-17 09:00:00,0.83242,0.8381000000000001,0.8286079194630873,2024-10-30 21:00:00,0.8381000000000001,win,1.49,wickdiffs_W_H4_ALL_20260121_202249.csv,35.43181818181827,1.0
W,ALL,H4,H12,EURGBP,long,2024-10-14,2024-10-21,0.8295,0.83233,0.002829999999999999,2024-10-23 05:00:00,2024-10-23 09:00:00,0.83035,0.83066,2024-10-29 09:00:00,0.83115,0.83516,0.8275059090909092,2024-10-30 09:00:00,0.83516,win,1.1004116252962324,wickdiffs_W_H4_ALL_20260121_202249.csv,36.44090909090914,1.0
W,ALL,H4,H12,EURGBP,long,2025-08-25,2025-09-01,0.86098,0.86654,0.005560000000000009,2025-09-01 13:00:00,2025-09-01 17:00:00,0.8638,0.86417,2025-09-10 09:00:00,0.86426,0.8721,0.8589982550335571,2025-09-18 21:00:00,0.8721,win,1.49,wickdiffs_W_H4_ALL_20260121_202249.csv,40.35909090909095,1.0
W,ALL,H4,H12,EURGBP,short,2015-06-01,2015-06-08,0.72789,0.73891,0.011019999999999919,2015-06-09 05:00:00,2015-06-09 09:00:00,0.73822,0.73891,2015-08-24 09:00:00,0.73654,0.7168700000000001,0.749741342281879,2015-10-23 09:00:00,0.7168700000000001,win,1.49,wickdiffs_W_H4_ALL_20260121_202249.csv,71.29621212121216,1.0
W,ALL,H4,H12,EURGBP,short,2016-02-08,2016-02-15,0.77615,0.789765,0.013615000000000044,2016-02-18 02:00:00,2016-02-18 06:00:00,0.779525,0.781695,2016-02-22 22:00:00,0.7792,0.762535,0.7911265000000001,2016-02-24 10:00:00,0.7911265000000001,loss,-1.0,wickdiffs_W_H4_ALL_20260121_202249.csv,79.33787878787886,1.0
W,ALL,H4,H12,EURGBP,short,2016-10-03,2016-10-10,0.90076,0.91496,0.01419999999999999,2016-10-13 09:00:00,2016-10-13 13:00:00,0.905485,0.90556,2016-10-17 09:00:00,0.902855,0.88656,0.91638,2016-11-03 09:00:00,0.88656,win,1.204805914972269,wickdiffs_W_H4_ALL_20260121_202249.csv,78.93409090909095,1.0
W,ALL,H4,H12,EURGBP,short,2017-06-05,2017-06-12,0.87852,0.88664,0.008120000000000016,2017-06-12 13:00:00,2017-06-12 17:00:00,0.88582,0.88646,2017-06-27 09:00:00,0.884825,0.8704,0.8945062080536913,2017-07-11 21:00:00,0.8945062080536913,loss,-1.0,wickdiffs_W_H4_ALL_20260121_202249.csv,63.82500000000007,1.0
W,ALL,H4,H12,EURGBP,short,2017-07-03,2017-07-10,0.88479,0.89496,0.010170000000000012,2017-07-13 01:00:00,2017-07-13 05:00:00,0.88688,0.88738,2017-07-18 09:00:00,0.88599,0.87462,0.895977,2017-07-20 09:00:00,0.895977,loss,-1.0,wickdiffs_W_H4_ALL_20260121_202249.csv,64.2840909090909,1.0
W,ALL,H4,H12,EURGBP,short,2018-05-21,2018-05-28,0.87606,0.88093,0.004870000000000041,2018-06-01 01:00:00,2018-06-01 05:00:00,0.88078,0.88093,2018-06-07 09:00:00,0.87907,0.8711899999999999,0.8843585906040269,2018-06-28 09:00:00,0.8843585906040269,loss,-1.0,wickdiffs_W_H4_ALL_20260121_202249.csv,50.03333333333342,1.0
W,ALL,H4,H12,EURGBP,short,2018-06-04,2018-06-11,0.87774,0.8838,0.006060000000000065,2018-06-07 09:00:00,2018-06-07 13:00:00,0.8833,0.8838,2018-06-27 21:00:00,0.88294,0.8716799999999999,0.8904970469798658,2018-07-17 09:00:00,0.8904970469798658,loss,-1.0,wickdiffs_W_H4_ALL_20260121_202249.csv,50.49015151515162,1.0
W,ALL,H4,H12,EURGBP,short,2018-06-25,2018-07-02,0.88471,0.8891,0.004390000000000005,2018-06-29 01:00:00,2018-06-29 05:00:00,0.88863,0.8891,2018-07-09 09:00:00,0.88632,0.88032,0.8914010606060606,2018-07-17 09:00:00,0.8914010606060606,loss,-1.0,wickdiffs_W_H4_ALL_20260121_202249.csv,50.81060606060621,1.0
W,ALL,H4,H12,EURGBP,short,2018-12-24,2018-12-31,0.90114,0.90748,0.006339999999999901,2019-01-03 02:00:00,2019-01-03 06:00:00,0.90602,0.90642,2019-01-10 22:00:00,0.90335,0.8948000000000002,0.9093639393939393,2019-01-11 10:00:00,0.8948000000000002,win,1.4216970674190985,wickdiffs_W_H4_ALL_20260121_202249.csv,60.139393939394,1.0
W,ALL,H4,H12,EURGBP,short,2020-03-16,2020-03-23,0.91857,0.95003,0.031460000000000043,2020-03-24 05:00:00,2020-03-24 09:00:00,0.92912,0.9317,2020-09-11 09:00:00,0.92578,0.88711,0.953176,2020-11-10 22:00:00,0.88711,win,1.4115199299167809,wickdiffs_W_H4_ALL_20260121_202249.csv,61.61515151515155,1.0
W,ALL,H4,H12,EURGBP,short,2022-04-18,2022-04-25,0.84116,0.84675,0.005589999999999984,2022-04-29 05:00:00,2022-04-29 09:00:00,0.84232,0.84266,2022-05-03 09:00:00,0.84189,0.83557,0.8475324242424243,2022-05-05 09:00:00,0.8475324242424243,loss,-1.0,wickdiffs_W_H4_ALL_20260121_202249.csv,56.42424242424237,1.0
W,ALL,H4,H12,EURGBP,short,2022-10-31,2022-11-07,0.87554,0.88286,0.007319999999999993,2022-11-09 18:00:00,2022-11-09 22:00:00,0.88166,0.88286,2022-11-14 10:00:00,0.87828,0.86822,0.8869742424242424,2022-11-18 10:00:00,0.86822,win,1.1570875884423635,wickdiffs_W_H4_ALL_20260121_202249.csv,86.94242424242427,1.0
W,ALL,H4,H12,EURGBP,short,2024-02-12,2024-02-19,0.85527,0.85782,0.0025500000000000522,2024-02-22 10:00:00,2024-02-22 14:00:00,0.85716,0.85719,2024-03-01 10:00:00,0.8566,0.8527199999999999,0.8598689393939394,2024-03-07 10:00:00,0.8527199999999999,win,1.1869293163383856,wickdiffs_W_H4_ALL_20260121_202249.csv,32.68939393939397,1.0
W,ALL,H4,H12,EURGBP,short,2024-08-05,2024-08-12,0.85587,0.86251,0.006639999999999979,2024-08-08 05:00:00,2024-08-08 09:00:00,0.86183,0.86251,2025-04-08 21:00:00,0.85982,0.84923,0.8669273825503356,2025-04-10 21:00:00,0.8669273825503356,loss,-1.0,wickdiffs_W_H4_ALL_20260121_202249.csv,40.53484848484856,1.0
W,ALL,H4,H12,EURJPY,long,2016-02-22,2016-02-29,122.0775,124.617,2.539500000000004,2016-03-03 22:00:00,2016-03-04 02:00:00,123.9375,123.9895,2016-03-08 10:00:00,124.0165,127.15650000000001,121.82355,2016-03-11 10:00:00,127.15650000000001,win,1.431861191545644,wickdiffs_W_H4_ALL_20260121_202249.csv,128.0068181818182,1.0
W,ALL,H4,H12,EURJPY,long,2017-05-08,2017-05-15,122.56,123.889,1.3289999999999935,2017-05-18 21:00:00,2017-05-19 01:00:00,123.387,123.612,2017-05-29 21:00:00,123.643,125.21799999999999,122.4271,2017-06-01 21:00:00,125.21799999999999,win,1.2953367875647523,wickdiffs_W_H4_ALL_20260121_202249.csv,105.2333333333333,1.0
W,ALL,H4,H12,EURJPY,long,2017-05-22,2017-05-29,123.16,124.475,1.3149999999999977,2017-05-30 01:00:00,2017-05-30 05:00:00,123.16,123.2495,2017-06-05 21:00:00,123.4545,125.78999999999999,121.88705033557046,2017-06-27 09:00:00,125.78999999999999,win,1.49,wickdiffs_W_H4_ALL_20260121_202249.csv,104.0590909090909,1.0
W,ALL,H4,H12,EURJPY,long,2017-11-13,2017-11-20,131.176,132.209,1.0330000000000155,2017-11-23 14:00:00,2017-11-23 18:00:00,131.6755,131.74,2017-11-28 10:00:00,131.997,133.24200000000002,131.04916666666668,2017-11-29 22:00:00,133.24200000000002,win,1.3135220678741033,wickdiffs_W_H4_ALL_20260121_202249.csv,94.78333333333336,1.0
W,ALL,H4,H12,EURJPY,long,2018-05-21,2018-05-28,124.622,127.438,2.8160000000000025,2018-05-31 13:00:00,2018-05-31 17:00:00,126.33,126.815,2018-06-18 21:00:00,126.912,130.25400000000002,124.3404,2018-07-09 09:00:00,130.25400000000002,win,1.2995800279981367,wickdiffs_W_H4_ALL_20260121_202249.csv,103.6613636363636,1.0
W,ALL,H4,H12,EURJPY,long,2020-03-16,2020-03-23,116.904,118.534,1.6300000000000097,2020-03-18 13:00:00,2020-03-18 17:00:00,116.904,117.012,2020-04-01 09:00:00,117.493,120.16400000000002,115.70038255033555,2020-04-23 09:00:00,115.70038255033555,loss,-1.0,wickdiffs_W_H4_ALL_20260121_202249.csv,113.9007575757576,1.0
W,ALL,H4,H12,EURJPY,long,2021-03-22,2021-03-29,128.294,129.358,1.063999999999993,2021-03-29 05:00:00,2021-03-29 09:00:00,128.834,128.943,2021-07-19 09:00:00,129.142,130.422,128.1876,2021-07-28 21:00:00,130.422,win,1.3411567476948985,wickdiffs_W_H4_ALL_20260121_202249.csv,67.86515151515154,1.0
W,ALL,H4,H12,EURJPY,long,2021-07-12,2021-07-19,128.598,129.958,1.3599999999999852,2021-07-21 01:00:00,2021-07-21 05:00:00,129.162,129.323,2021-08-03 09:00:00,129.362,131.31799999999998,128.04924832214766,2021-08-18 21:00:00,128.04924832214766,loss,-1.0,wickdiffs_W_H4_ALL_20260121_202249.csv,68.78636363636353,1.0
W,ALL,H4,H12,EURJPY,long,2022-05-09,2022-05-16,132.661,134.518,1.8569999999999993,2022-05-19 09:00:00,2022-05-19 13:00:00,133.925,133.99,2022-08-01 21:00:00,134.026,136.375,132.3806818181818,2022-08-03 09:00:00,136.375,win,1.4276873774069592,wickdiffs_W_H4_ALL_20260121_202249.csv,164.5318181818184,1.0
W,ALL,H4,H12,EURJPY,long,2022-07-04,2022-07-11,136.866,138.613,1.7469999999999857,2022-07-13 21:00:00,2022-07-14 01:00:00,137.996,138.104,2022-07-27 21:00:00,138.254,140.35999999999999,136.60354545454544,2022-07-28 09:00:00,136.60354545454544,loss,-1.0,wickdiffs_W_H4_ALL_20260121_202249.csv,165.0454545454547,1.0
W,ALL,H4,H12,EURJPY,long,2022-07-25,2022-08-01,133.398,136.238,2.8400000000000034,2022-08-03 01:00:00,2022-08-03 05:00:00,134.828,135.102,2022-08-15 21:00:00,135.8,139.078,133.114,2022-08-30 09:00:00,139.078,win,1.2204020848845805,wickdiffs_W_H4_ALL_20260121_202249.csv,163.7484848484851,1.0
W,ALL,H4,H12,EURJPY,long,2023-09-11,2023-09-18,156.582,157.635,1.0529999999999973,2023-09-14 21:00:00,2023-09-15 01:00:00,156.726,156.801,2023-09-27 21:00:00,157.098,158.688,155.8633181818182,2023-10-03 09:00:00,155.8633181818182,loss,-1.0,wickdiffs_W_H4_ALL_20260121_202249.csv,123.4681818181815,1.0
W,ALL,H4,H12,EURJPY,long,2023-09-25,2023-10-02,154.42,157.944,3.524000000000001,2023-10-06 09:00:00,2023-10-06 13:00:00,156.634,156.761,2023-10-09 09:00:00,156.946,161.468,153.91110067114096,2023-11-08 10:00:00,161.468,win,1.49,wickdiffs_W_H4_ALL_20260121_202249.csv,127.283333333333,1.0
W,ALL,H4,H12,EURJPY,short,2015-03-16,2015-03-23,129.94,131.798,1.858000000000004,2015-03-25 09:00:00,2015-03-25 13:00:00,131.2435,131.416,2015-04-06 09:00:00,130.5595,128.082,132.27755303030304,2015-04-09 21:00:00,128.082,win,1.4420393062972188,wickdiffs_W_H4_ALL_20260121_202249.csv,171.8053030303033,1.0
W,ALL,H4,H12,EURJPY,short,2015-06-01,2015-06-08,139.61,141.057,1.4469999999999743,2015-06-09 21:00:00,2015-06-10 01:00:00,140.602,140.6715,2015-06-18 09:00:00,139.7265,138.16300000000004,141.2042424242424,2015-06-25 09:00:00,138.16300000000004,win,1.0580328305871622,wickdiffs_W_H4_ALL_20260121_202249.csv,147.7742424242425,1.0
W,ALL,H4,H12,EURJPY,short,2018-04-09,2018-04-16,132.378,133.092,0.7140000000000271,2018-04-20 01:00:00,2018-04-20 05:00:00,132.892,132.978,2018-04-23 21:00:00,132.796,131.66399999999996,133.8928409090909,2018-05-01 09:00:00,131.66399999999996,win,1.0320548683202073,wickdiffs_W_H4_ALL_20260121_202249.csv,109.6840909090908,1.0
W,ALL,H4,H12,EURJPY,short,2018-11-26,2018-12-03,128.43,129.298,0.867999999999995,2018-11-30 02:00:00,2018-11-30 06:00:00,129.234,129.268,2018-12-12 22:00:00,129.101,127.56200000000001,130.13388590604026,2018-12-19 10:00:00,127.56200000000001,win,1.49,wickdiffs_W_H4_ALL_20260121_202249.csv,98.68333333333314,1.0
W,ALL,H4,H12,EURJPY,short,2020-06-29,2020-07-06,120.959,121.968,1.0090000000000003,2020-07-09 01:00:00,2020-07-09 05:00:00,121.964,121.966,2020-07-13 09:00:00,121.701,119.95,122.87616778523488,2020-07-19 21:00:00,122.87616778523488,loss,-1.0,wickdiffs_W_H4_ALL_20260121_202249.csv,98.6015151515152,1.0
W,ALL,H4,H12,EURJPY,short,2020-10-19,2020-10-26,124.205,124.999,0.7939999999999969,2020-10-20 13:00:00,2020-10-20 17:00:00,124.909,124.999,2020-11-09 10:00:00,124.456,123.411,125.31204545454545,2020-11-17 22:00:00,123.411,win,1.220729570434879,wickdiffs_W_H4_ALL_20260121_202249.csv,85.6045454545453,1.0
W,ALL,H4,H12,EURJPY,short,2020-11-09,2020-11-16,123.828,125.138,1.3100000000000023,2020-11-09 10:00:00,2020-11-09 14:00:00,124.921,125.138,2020-11-29 22:00:00,124.682,122.518,126.1343489932886,2020-12-01 22:00:00,126.1343489932886,loss,-1.0,wickdiffs_W_H4_ALL_20260121_202249.csv,82.7287878787877,1.0
W,ALL,H4,H12,EURJPY,short,2021-10-11,2021-10-18,132.528,133.478,0.950000000000017,2021-10-22 05:00:00,2021-10-22 09:00:00,132.688,132.792,2021-10-28 09:00:00,132.681,131.57799999999997,133.573,2021-11-01 21:00:00,131.57799999999997,win,1.236547085201841,wickdiffs_W_H4_ALL_20260121_202249.csv,65.8924242424244,1.0
W,ALL,H4,H12,EURJPY,short,2021-12-06,2021-12-13,128.315,129.638,1.3230000000000075,2021-12-16 10:00:00,2021-12-16 14:00:00,129.635,129.638,2021-12-23 10:00:00,129.615,126.99199999999999,131.37540268456377,2022-01-04 10:00:00,131.37540268456377,loss,-1.0,wickdiffs_W_H4_ALL_20260121_202249.csv,84.84090909090929,1.0
W,ALL,H4,H12,EURJPY,short,2022-03-28,2022-04-04,135.428,137.552,2.1239999999999952,2022-03-30 21:00:00,2022-03-31 01:00:00,136.772,136.846,2022-04-11 09:00:00,136.473,133.304,138.5998456375839,2022-04-18 21:00:00,138.5998456375839,loss,-1.0,wickdiffs_W_H4_ALL_20260121_202249.csv,122.9924242424242,1.0
W,ALL,H4,H12,EURJPY,short,2022-09-05,2022-09-12,143.26,145.638,2.3780000000000143,2022-09-15 13:00:00,2022-09-15 17:00:00,143.607,143.686,2022-09-19 09:00:00,143.571,140.88199999999998,145.8758,2022-09-21 21:00:00,140.88199999999998,win,1.166695591808409,wickdiffs_W_H4_ALL_20260121_202249.csv,160.4272727272727,1.0
W,ALL,H4,H12,EURJPY,short,2023-01-30,2023-02-06,141.626,142.81,1.1839999999999975,2023-02-06 18:00:00,2023-02-06 22:00:00,142.316,142.342,2023-02-13 10:00:00,142.016,140.442,143.66601515151515,2023-02-16 22:00:00,143.66601515151515,loss,-1.0,wickdiffs_W_H4_ALL_20260121_202249.csv,165.0015151515153,1.0
W,ALL,H4,H12,EURJPY,short,2024-03-18,2024-03-25,163.661,165.355,1.6939999999999884,2024-03-21 09:00:00,2024-03-21 13:00:00,165.026,165.033,2024-04-09 09:00:00,164.788,161.967,166.68128859060403,2024-04-24 21:00:00,166.68128859060403,loss,-1.0,wickdiffs_W_H4_ALL_20260121_202249.csv,101.1818181818177,1.0
W,ALL,H4,H12,EURJPY,short,2024-04-01,2024-04-08,164.32,165.176,0.8559999999999945,2024-04-10 05:00:00,2024-04-10 09:00:00,164.921,164.992,2024-04-18 09:00:00,164.61,163.464,165.62915151515153,2024-04-18 21:00:00,163.464,win,1.1244647954329414,wickdiffs_W_H4_ALL_20260121_202249.csv,101.915151515151,1.0
W,ALL,H4,H12,EURJPY,short,2025-03-10,2025-03-17,161.825,164.188,2.3629999999999995,2025-03-18 05:00:00,2025-03-18 09:00:00,164.064,164.188,2025-04-02 09:00:00,162.09,159.462,164.4243,2025-04-04 09:00:00,159.462,win,1.125819303431449,wickdiffs_W_H4_ALL_20260121_202249.csv,166.0439393939396,1.0
W,ALL,H4,H12,EURNZD,long,2015-07-06,2015-07-13,1.634655,1.65915,0.024494999999999933,2015-07-15 01:00:00,2015-07-15 05:00:00,1.636505,1.639195,2015-07-20 21:00:00,1.64197,1.6836449999999998,1.6140002013422818,2015-08-10 21:00:00,1.6836449999999998,win,1.49,wickdiffs_W_H4_ALL_20260121_202249.csv,197.7204545454546,1.0
W,ALL,H4,H12,EURNZD,long,2016-06-06,2016-06-13,1.584605,1.59506,0.010454999999999881,2016-06-16 09:00:00,2016-06-16 13:00:00,1.587525,1.58887,2016-06-20 09:00:00,1.589075,1.6055149999999998,1.5729028787878787,2016-06-22 09:00:00,1.5729028787878787,loss,-1.0,wickdiffs_W_H4_ALL_20260121_202249.csv,161.721212121212,1.0
W,ALL,H4,H12,EURNZD,long,2016-08-08,2016-08-15,1.52237,1.55102,0.028650000000000064,2016-08-11 09:00:00,2016-08-11 13:00:00,1.535155,1.53672,2016-08-26 09:00:00,1.54707,1.5796700000000001,1.519505,2016-09-05 21:00:00,1.519505,loss,-1.0,wickdiffs_W_H4_ALL_20260121_202249.csv,164.3174242424241,1.0
W,ALL,H4,H12,EURNZD,long,2016-08-29,2016-09-05,1.50287,1.52974,0.02687000000000017,2016-09-08 21:00:00,2016-09-09 01:00:00,1.52053,1.520595,2016-09-20 09:00:00,1.52445,1.5566100000000003,1.5001829999999998,2016-10-04 09:00:00,1.5566100000000003,win,1.3252565212016254,wickdiffs_W_H4_ALL_20260121_202249.csv,158.5257575757573,1.0
W,ALL,H4,H12,EURNZD,long,2016-10-31,2016-11-07,1.48497,1.52039,0.03542000000000001,2016-11-10 14:00:00,2016-11-10 18:00:00,1.505635,1.50638,2016-11-14 22:00:00,1.51812,1.55581,1.481428,2016-12-04 22:00:00,1.481428,loss,-1.0,wickdiffs_W_H4_ALL_20260121_202249.csv,144.9310606060602,1.0
W,ALL,H4,H12,EURNZD,long,2017-07-10,2017-07-17,1.54572,1.561035,0.015314999999999968,2017-07-14 09:00:00,2017-07-14 13:00:00,1.55636,1.5565,2017-07-26 21:00:00,1.55751,1.57635,1.5433744696969696,2017-07-31 09:00:00,1.57635,win,1.3328116877200662,wickdiffs_W_H4_ALL_20260121_202249.csv,141.3553030303031,1.0
W,ALL,H4,H12,EURNZD,long,2018-01-01,2018-01-08,1.65217,1.6784,0.026229999999999976,2018-01-12 14:00:00,2018-01-12 18:00:00,1.67454,1.67531,2018-01-17 10:00:00,1.67597,1.7046299999999999,1.6495469999999999,2018-02-02 10:00:00,1.7046299999999999,win,1.0846610907164143,wickdiffs_W_H4_ALL_20260121_202249.csv,149.6030303030304,1.0
W,ALL,H4,H12,EURNZD,long,2018-04-09,2018-04-16,1.66738,1.67662,0.009239999999999915,2018-04-13 05:00:00,2018-04-13 09:00:00,1.66738,1.66754,2018-05-28 21:00:00,1.67064,1.68586,1.659756515151515,2018-06-14 09:00:00,1.659756515151515,loss,-1.0,wickdiffs_W_H4_ALL_20260121_202249.csv,108.8348484848483,1.0
W,ALL,H4,H12,EURNZD,long,2018-10-15,2018-10-22,1.73562,1.74735,0.011730000000000018,2018-10-19 09:00:00,2018-10-19 13:00:00,1.73562,1.73598,2018-10-29 21:00:00,1.73815,1.75908,1.7241030201342284,2018-10-31 21:00:00,1.7241030201342284,loss,-1.0,wickdiffs_W_H4_ALL_20260121_202249.csv,105.8863636363638,1.0
W,ALL,H4,H12,EURNZD,long,2021-03-01,2021-03-08,1.65119,1.66312,0.011929999999999996,2021-03-11 06:00:00,2021-03-11 10:00:00,1.65119,1.65182,2021-03-17 09:00:00,1.65491,1.67505,1.6413932214765103,2021-03-22 21:00:00,1.67505,win,1.49,wickdiffs_W_H4_ALL_20260121_202249.csv,121.0257575757576,1.0
W,ALL,H4,H12,EURNZD,long,2021-04-12,2021-04-19,1.66694,1.6769,0.009959999999999969,2021-04-21 13:00:00,2021-04-21 17:00:00,1.66694,1.66808,2021-04-28 09:00:00,1.6717,1.68686,1.6597162121212121,2021-05-04 09:00:00,1.68686,win,1.2650424184188296,wickdiffs_W_H4_ALL_20260121_202249.csv,119.8378787878787,1.0
W,ALL,H4,H12,EURNZD,long,2021-06-28,2021-07-05,1.66944,1.6885,0.019059999999999855,2021-07-07 17:00:00,2021-07-07 21:00:00,1.6788,1.67945,2021-07-13 21:00:00,1.6823,1.7075599999999997,1.6653469798657718,2021-07-19 21:00:00,1.7075599999999997,win,1.49,wickdiffs_W_H4_ALL_20260121_202249.csv,118.7833333333333,1.0
W,ALL,H4,H12,EURNZD,long,2022-10-03,2022-10-10,1.70723,1.7375,0.03027000000000002,2022-10-06 01:00:00,2022-10-06 05:00:00,1.70723,1.70979,2022-10-23 21:00:00,1.72508,1.76777,1.6964289932885905,2022-10-31 21:00:00,1.6964289932885905,loss,-1.0,wickdiffs_W_H4_ALL_20260121_202249.csv,181.5757575757576,1.0
W,ALL,H4,H12,EURNZD,long,2023-05-01,2023-05-08,1.72028,1.75046,0.030179999999999874,2023-05-11 17:00:00,2023-05-11 21:00:00,1.73144,1.73224,2023-05-17 09:00:00,1.73476,1.7806399999999998,1.7039680536912754,2023-05-30 21:00:00,1.7806399999999998,win,1.49,wickdiffs_W_H4_ALL_20260121_202249.csv,149.230303030303,1.0
W,ALL,H4,H12,EURNZD,long,2023-07-24,2023-07-31,1.76868,1.78936,0.02068000000000003,2023-07-31 13:00:00,2023-07-31 17:00:00,1.76868,1.76889,2023-09-27 21:00:00,1.76925,1.81004,1.7418741610738255,2023-10-18 21:00:00,1.81004,win,1.49,wickdiffs_W_H4_ALL_20260121_202249.csv,142.4015151515151,1.0
W,ALL,H4,H12,EURNZD,long,2025-04-28,2025-05-05,1.88263,1.90182,0.01919000000000004,2025-05-06 21:00:00,2025-05-07 01:00:00,1.88263,1.8837,2025-05-13 09:00:00,1.88376,1.92101,1.8587600000000002,2025-06-12 21:00:00,1.92101,win,1.49,wickdiffs_W_H4_ALL_20260121_202249.csv,178.6439393939395,1.0
W,ALL,H4,H12,EURNZD,long,2025-08-25,2025-09-01,1.97834,1.98521,0.006869999999999932,2025-08-29 01:00:00,2025-08-29 05:00:00,1.97834,1.97908,2025-09-08 09:00:00,1.9803,1.9920799999999999,1.9682080303030303,2025-09-10 09:00:00,1.9682080303030303,loss,-1.0,wickdiffs_W_H4_ALL_20260121_202249.csv,120.919696969697,1.0
W,ALL,H4,H12,EURNZD,short,2017-07-03,2017-07-10,1.56579,1.58989,0.02410000000000001,2017-07-12 21:00:00,2017-07-13 01:00:00,1.57409,1.57554,2017-07-17 21:00:00,1.56854,1.54169,1.5923,2017-08-01 21:00:00,1.5923,loss,-1.0,wickdiffs_W_H4_ALL_20260121_202249.csv,141.9825757575759,1.0
W,ALL,H4,H12,EURNZD,short,2017-09-04,2017-09-11,1.657535,1.669,0.011465000000000058,2017-09-07 17:00:00,2017-09-07 21:00:00,1.66296,1.6644,2017-10-09 09:00:00,1.661995,1.64607,1.6760390909090908,2017-10-11 09:00:00,1.6760390909090908,loss,-1.0,wickdiffs_W_H4_ALL_20260121_202249.csv,140.4409090909089,1.0
W,ALL,H4,H12,EURNZD,short,2017-10-16,2017-10-23,1.69217,1.72163,0.02946000000000004,2017-10-26 21:00:00,2017-10-27 01:00:00,1.70477,1.7055,2017-10-31 09:00:00,1.70089,1.66271,1.7265141610738255,2017-11-16 22:00:00,1.7265141610738255,loss,-1.0,wickdiffs_W_H4_ALL_20260121_202249.csv,148.5196969696968,1.0
W,ALL,H4,H12,EURNZD,short,2018-08-06,2018-08-13,1.73451,1.74874,0.014229999999999965,2018-08-09 21:00:00,2018-08-10 01:00:00,1.74706,1.74874,2018-08-27 21:00:00,1.7449,1.72028,1.7614234899328858,2018-09-03 21:00:00,1.7614234899328858,loss,-1.0,wickdiffs_W_H4_ALL_20260121_202249.csv,109.5772727272725,1.0
W,ALL,H4,H12,EURNZD,short,2019-04-15,2019-04-22,1.68214,1.69617,0.014029999999999987,2019-04-25 01:00:00,2019-04-25 05:00:00,1.69184,1.69287,2019-05-01 09:00:00,1.691,1.66811,1.7063624161073827,2019-05-07 21:00:00,1.7063624161073827,loss,-1.0,wickdiffs_W_H4_ALL_20260121_202249.csv,110.8015151515152,1.0
W,ALL,H4,H12,EURNZD,short,2019-08-05,2019-08-12,1.73188,1.75748,0.025599999999999845,2019-08-07 01:00:00,2019-08-07 05:00:00,1.75282,1.75748,2019-08-25 21:00:00,1.74337,1.7062800000000002,1.7682626174496645,2019-09-12 09:00:00,1.7062800000000002,win,1.49,wickdiffs_W_H4_ALL_20260121_202249.csv,108.5409090909091,1.0
W,ALL,H4,H12,EURNZD,short,2019-08-26,2019-09-02,1.74158,1.7594,0.01782000000000017,2019-08-30 01:00:00,2019-08-30 05:00:00,1.75455,1.75654,2019-09-19 09:00:00,1.75217,1.7237599999999997,1.77123711409396,2019-11-12 22:00:00,1.7237599999999997,win,1.49,wickdiffs_W_H4_ALL_20260121_202249.csv,119.659090909091,1.0
W,ALL,H4,H12,EURNZD,short,2020-12-14,2020-12-21,1.71734,1.73478,0.0174399999999999,2020-12-24 02:00:00,2020-12-24 06:00:00,1.72109,1.72138,2020-12-28 10:00:00,1.71996,1.6999000000000002,1.736524,2020-12-31 10:00:00,1.6999000000000002,win,1.211060130403267,wickdiffs_W_H4_ALL_20260121_202249.csv,124.7060606060608,1.0
W,ALL,H4,H12,EURNZD,short,2021-07-05,2021-07-12,1.69791,1.70996,0.012049999999999894,2021-07-13 09:00:00,2021-07-13 13:00:00,1.7054,1.70554,2021-07-19 09:00:00,1.69936,1.6858600000000001,1.7113495454545455,2021-07-22 09:00:00,1.6858600000000001,win,1.1259809682677966,wickdiffs_W_H4_ALL_20260121_202249.csv,119.8954545454545,1.0
W,ALL,H4,H12,EURNZD,short,2022-05-09,2022-05-16,1.65482,1.68422,0.029400000000000093,2022-05-16 01:00:00,2022-05-16 05:00:00,1.66801,1.66838,2022-05-24 09:00:00,1.6621,1.6254199999999999,1.68716,2022-06-22 21:00:00,1.68716,loss,-1.0,wickdiffs_W_H4_ALL_20260121_202249.csv,169.2409090909089,1.0
W,ALL,H4,H12,EURNZD,short,2022-06-27,2022-07-04,1.68003,1.6968,0.016770000000000174,2022-07-05 01:00:00,2022-07-05 05:00:00,1.6832,1.68322,2022-09-19 09:00:00,1.68226,1.6632599999999997,1.698477,2022-09-26 09:00:00,1.698477,loss,-1.0,wickdiffs_W_H4_ALL_20260121_202249.csv,148.1378787878787,1.0
W,ALL,H4,H12,EURNZD,short,2023-06-26,2023-07-03,1.77764,1.80078,0.02313999999999994,2023-07-02 21:00:00,2023-07-03 01:00:00,1.7795,1.78259,2023-07-10 21:00:00,1.77886,1.7545000000000002,1.803094,2023-07-13 09:00:00,1.7545000000000002,win,1.0051993067591016,wickdiffs_W_H4_ALL_20260121_202249.csv,139.2833333333335,1.0
W,ALL,H4,H12,EURNZD,short,2024-02-26,2024-03-04,1.77493,1.78702,0.012090000000000156,2024-03-06 18:00:00,2024-03-06 22:00:00,1.77858,1.7791,2024-03-13 09:00:00,1.7783,1.7628399999999997,1.7897890909090908,2024-03-15 09:00:00,1.7897890909090908,loss,-1.0,wickdiffs_W_H4_ALL_20260121_202249.csv,114.8909090909089,1.0
W,ALL,H4,H12,EURNZD,short,2024-10-07,2024-10-14,1.79375,1.80801,0.01425999999999994,2024-10-09 09:00:00,2024-10-09 13:00:00,1.80721,1.80801,2024-10-24 21:00:00,1.80451,1.77949,1.821301946308725,2024-10-31 09:00:00,1.821301946308725,loss,-1.0,wickdiffs_W_H4_ALL_20260121_202249.csv,128.7,1.0
W,ALL,H4,H12,EURNZD,short,2025-01-27,2025-02-03,1.8335,1.8516,0.018100000000000005,2025-02-04 06:00:00,2025-02-04 10:00:00,1.84404,1.84525,2025-02-12 10:00:00,1.8408,1.8154,1.857846979865772,2025-02-28 10:00:00,1.857846979865772,loss,-1.0,wickdiffs_W_H4_ALL_20260121_202249.csv,108.3742424242425,1.0
W,ALL,H4,H12,EURNZD,short,2025-02-10,2025-02-17,1.83315,1.84954,0.016389999999999905,2025-02-18 22:00:00,2025-02-19 02:00:00,1.83781,1.83952,2025-02-25 10:00:00,1.83666,1.8167600000000002,1.851179,2025-02-27 22:00:00,1.851179,loss,-1.0,wickdiffs_W_H4_ALL_20260121_202249.csv,112.2833333333333,1.0
W,ALL,H4,H12,EURNZD,short,2025-11-03,2025-11-10,2.05348,2.06413,0.010650000000000048,2025-11-13 18:00:00,2025-11-13 22:00:00,2.05966,2.05989,2025-11-19 10:00:00,2.0593,2.04283,2.0711553030303027,2025-11-25 22:00:00,2.04283,win,1.3892517093744008,wickdiffs_W_H4_ALL_20260121_202249.csv,118.5530303030302,1.0
W,ALL,H4,H12,EURUSD,long,2015-06-29,2015-07-06,1.09163,1.11138,0.019749999999999934,2015-07-07 21:00:00,2015-07-08 01:00:00,1.09742,1.09887,2015-07-13 21:00:00,1.10269,1.13113,1.0836027516778524,2015-07-17 09:00:00,1.0836027516778524,loss,-1.0,wickdiffs_W_H4_ALL_20260121_202249.csv,138.823484848485,1.0
W,ALL,H4,H12,EURUSD,long,2015-11-02,2015-11-09,1.067445,1.074035,0.006590000000000096,2015-11-10 10:00:00,2015-11-10 14:00:00,1.067445,1.068235,2015-11-16 10:00:00,1.06863,1.0806250000000002,1.0571706818181819,2015-11-25 10:00:00,1.0571706818181819,loss,-1.0,wickdiffs_W_H4_ALL_20260121_202249.csv,114.5931818181819,1.0
W,ALL,H4,H12,EURUSD,long,2016-06-06,2016-06-13,1.11311,1.12514,0.012029999999999985,2016-06-17 09:00:00,2016-06-17 13:00:00,1.12418,1.124215,2016-06-21 09:00:00,1.12428,1.13717,1.111907,2016-06-23 09:00:00,1.13717,win,1.0417845308332743,wickdiffs_W_H4_ALL_20260121_202249.csv,81.64545454545467,1.0
W,ALL,H4,H12,EURUSD,long,2016-06-20,2016-06-27,1.0912,1.11086,0.01966000000000001,2016-06-27 21:00:00,2016-06-28 01:00:00,1.101045,1.10177,2016-07-08 09:00:00,1.10503,1.13052,1.0879226174496643,2016-08-16 09:00:00,1.13052,win,1.49,wickdiffs_W_H4_ALL_20260121_202249.csv,92.95757575757592,1.0
W,ALL,H4,H12,EURUSD,long,2016-12-12,2016-12-19,1.03524,1.04512,0.009880000000000111,2016-12-20 18:00:00,2016-12-20 22:00:00,1.038255,1.03856,2016-12-28 10:00:00,1.04132,1.0550000000000002,1.0320928030303032,2016-12-29 22:00:00,1.0550000000000002,win,1.4825737485529573,wickdiffs_W_H4_ALL_20260121_202249.csv,92.27196969696976,1.0
W,ALL,H4,H12,EURUSD,long,2017-06-05,2017-06-12,1.11322,1.11959,0.006369999999999987,2017-06-16 01:00:00,2017-06-16 05:00:00,1.113855,1.11417,2017-06-19 21:00:00,1.11584,1.12596,1.108703712121212,2017-06-27 09:00:00,1.12596,win,1.4181042261595311,wickdiffs_W_H4_ALL_20260121_202249.csv,71.3628787878788,1.0
W,ALL,H4,H12,EURUSD,long,2018-07-09,2018-07-16,1.15746,1.1686,0.01114000000000015,2018-07-20 05:00:00,2018-07-20 09:00:00,1.1633,1.16402,2018-07-26 09:00:00,1.16429,1.1797400000000002,1.1539208724832215,2018-08-06 09:00:00,1.1539208724832215,loss,-1.0,wickdiffs_W_H4_ALL_20260121_202249.csv,88.09242424242449,1.0
W,ALL,H4,H12,EURUSD,long,2019-08-12,2019-08-19,1.10518,1.10904,0.0038599999999999746,2019-08-23 09:00:00,2019-08-23 13:00:00,1.10518,1.10528,2019-08-29 09:00:00,1.10566,1.1129,1.1000087878787879,2019-08-30 09:00:00,1.1000087878787879,loss,-1.0,wickdiffs_W_H4_ALL_20260121_202249.csv,56.51212121212124,1.0
W,ALL,H4,H12,EURUSD,long,2019-09-23,2019-09-30,1.08792,1.09404,0.006119999999999903,2019-10-02 05:00:00,2019-10-02 09:00:00,1.09041,1.09046,2020-02-11 10:00:00,1.09155,1.1001599999999998,1.0857714765100672,2020-02-13 10:00:00,1.0857714765100672,loss,-1.0,wickdiffs_W_H4_ALL_20260121_202249.csv,44.25303030303026,1.0
W,ALL,H4,H12,EURUSD,long,2020-08-31,2020-09-07,1.17526,1.18383,0.008569999999999967,2020-09-09 05:00:00,2020-09-09 09:00:00,1.17526,1.17609,2020-09-16 21:00:00,1.18038,1.1924,1.1717498484848485,2020-09-22 09:00:00,1.1717498484848485,loss,-1.0,wickdiffs_W_H4_ALL_20260121_202249.csv,86.30151515151523,1.0
W,ALL,H4,H12,EURUSD,long,2021-03-01,2021-03-08,1.18356,1.1913,0.00774000000000008,2021-03-10 02:00:00,2021-03-10 06:00:00,1.1869,1.18705,2021-03-21 21:00:00,1.19022,1.19904,1.182786,2021-03-23 21:00:00,1.182786,loss,-1.0,wickdiffs_W_H4_ALL_20260121_202249.csv,73.90757575757569,1.0
W,ALL,H4,H12,EURUSD,long,2022-01-03,2022-01-10,1.12724,1.13616,0.008920000000000039,2022-01-10 10:00:00,2022-01-10 14:00:00,1.1285,1.1295,2022-01-24 10:00:00,1.13242,1.14508,1.123923355704698,2022-01-26 10:00:00,1.123923355704698,loss,-1.0,wickdiffs_W_H4_ALL_20260121_202249.csv,68.85303030303024,1.0
W,ALL,H4,H12,EURUSD,long,2022-06-13,2022-06-20,1.03593,1.04938,0.013449999999999962,2022-06-15 13:00:00,2022-06-15 17:00:00,1.03593,1.038,2022-07-01 09:00:00,1.04265,1.06283,1.0291063758389263,2022-07-05 09:00:00,1.0291063758389263,loss,-1.0,wickdiffs_W_H4_ALL_20260121_202249.csv,96.43181818181824,1.0
W,ALL,H4,H12,EURUSD,long,2023-06-19,2023-06-26,1.08354,1.0896,0.006059999999999954,2023-06-30 05:00:00,2023-06-30 09:00:00,1.08354,1.0836,2023-07-05 21:00:00,1.08641,1.0956599999999999,1.0791313636363637,2023-07-07 09:00:00,1.0956599999999999,win,1.2708424405170462,wickdiffs_W_H4_ALL_20260121_202249.csv,72.78636363636366,1.0
W,ALL,H4,H12,EURUSD,long,2024-07-22,2024-07-29,1.07774,1.08592,0.008180000000000076,2024-08-01 21:00:00,2024-08-02 01:00:00,1.07818,1.07846,2024-10-22 21:00:00,1.07883,1.0941,1.068581677852349,2024-11-06 10:00:00,1.068581677852349,loss,-1.0,wickdiffs_W_H4_ALL_20260121_202249.csv,59.73181818181821,1.0
W,ALL,H4,H12,EURUSD,long,2025-10-06,2025-10-13,1.1542,1.16114,0.006940000000000168,2025-10-14 09:00:00,2025-10-14 13:00:00,1.15464,1.15544,2025-10-30 09:00:00,1.15653,1.1680800000000002,1.1487783221476509,2025-11-04 10:00:00,1.1487783221476509,loss,-1.0,wickdiffs_W_H4_ALL_20260121_202249.csv,73.71969696969693,1.0
W,ALL,H4,H12,EURUSD,short,2017-03-20,2017-03-27,1.079765,1.09065,0.010884999999999811,2017-03-28 09:00:00,2017-03-28 13:00:00,1.08676,1.0872,2017-04-24 09:00:00,1.086735,1.0688800000000003,1.0987182214765099,2017-05-04 09:00:00,1.0987182214765099,loss,-1.0,wickdiffs_W_H4_ALL_20260121_202249.csv,71.85378787878781,1.0
W,ALL,H4,H12,EURUSD,short,2017-08-21,2017-08-28,1.19232,1.20705,0.01472999999999991,2017-08-29 05:00:00,2017-08-29 09:00:00,1.20666,1.20705,2017-09-07 21:00:00,1.206305,1.1775900000000001,1.2255768120805368,2017-09-26 09:00:00,1.1775900000000001,win,1.49,wickdiffs_W_H4_ALL_20260121_202249.csv,83.15151515151506,1.0
W,ALL,H4,H12,EURUSD,short,2018-08-20,2018-08-27,1.1622,1.17338,0.01118000000000019,2018-08-28 13:00:00,2018-08-28 17:00:00,1.17218,1.17338,2018-09-13 21:00:00,1.17062,1.1510199999999997,1.1837743624161077,2018-10-02 09:00:00,1.1510199999999997,win,1.49,wickdiffs_W_H4_ALL_20260121_202249.csv,82.88787878787883,1.0
W,ALL,H4,H12,EURUSD,short,2019-01-07,2019-01-14,1.14677,1.15703,0.010259999999999936,2019-01-14 22:00:00,2019-01-15 02:00:00,1.14892,1.14895,2019-01-30 10:00:00,1.14799,1.1365100000000001,1.158056,2019-02-06 10:00:00,1.1365100000000001,win,1.1404728789986132,wickdiffs_W_H4_ALL_20260121_202249.csv,77.9833333333334,1.0
W,ALL,H4,H12,EURUSD,short,2019-11-11,2019-11-18,1.10514,1.1097,0.0045599999999998975,2019-11-21 06:00:00,2019-11-21 10:00:00,1.10888,1.1097,2019-12-02 10:00:00,1.10792,1.1005800000000001,1.1131507575757575,2019-12-11 10:00:00,1.1131507575757575,loss,-1.0,wickdiffs_W_H4_ALL_20260121_202249.csv,52.30757575757563,1.0
W,ALL,H4,H12,EURUSD,short,2019-12-09,2019-12-16,1.11206,1.11997,0.007909999999999862,2019-12-13 06:00:00,2019-12-13 10:00:00,1.11819,1.1186,2019-12-27 10:00:00,1.11758,1.1041500000000002,1.126593422818792,2020-01-23 10:00:00,1.1041500000000002,win,1.49,wickdiffs_W_H4_ALL_20260121_202249.csv,46.96818181818165,1.0
W,ALL,H4,H12,EURUSD,short,2020-03-02,2020-03-09,1.12836,1.14963,0.0212699999999999,2020-03-10 09:00:00,2020-03-10 13:00:00,1.13898,1.13944,2020-06-10 09:00:00,1.13751,1.1070900000000001,1.1579261073825502,2020-07-22 09:00:00,1.1579261073825502,loss,-1.0,wickdiffs_W_H4_ALL_20260121_202249.csv,111.4939393939395,1.0
W,ALL,H4,H12,EURUSD,short,2020-06-01,2020-06-08,1.12915,1.14222,0.013069999999999915,2020-06-12 05:00:00,2020-06-12 09:00:00,1.13276,1.13406,2020-06-15 09:00:00,1.13228,1.1160800000000002,1.143527,2020-07-14 21:00:00,1.143527,loss,-1.0,wickdiffs_W_H4_ALL_20260121_202249.csv,108.0454545454547,1.0
W,ALL,H4,H12,EURUSD,short,2020-08-10,2020-08-17,1.18426,1.19657,0.012309999999999821,2020-08-18 21:00:00,2020-08-19 01:00:00,1.19518,1.19529,2020-08-31 09:00:00,1.19362,1.1719500000000003,1.2081636241610736,2020-09-22 09:00:00,1.1719500000000003,win,1.49,wickdiffs_W_H4_ALL_20260121_202249.csv,90.3196969696971,1.0
W,ALL,H4,H12,EURUSD,short,2020-11-30,2020-12-07,1.21216,1.21775,0.005590000000000206,2020-12-04 06:00:00,2020-12-04 10:00:00,1.21734,1.21775,2020-12-14 10:00:00,1.21429,1.2065699999999997,1.2216866666666668,2020-12-16 22:00:00,1.2216866666666668,loss,-1.0,wickdiffs_W_H4_ALL_20260121_202249.csv,73.96666666666682,1.0
W,ALL,H4,H12,EURUSD,short,2022-10-24,2022-10-31,0.9966,1.00938,0.012779999999999903,2022-10-26 17:00:00,2022-10-26 21:00:00,1.00888,1.00938,2022-11-08 10:00:00,1.00732,0.9838200000000001,1.0230918120805368,2022-11-10 22:00:00,1.0230918120805368,loss,-1.0,wickdiffs_W_H4_ALL_20260121_202249.csv,115.9969696969696,1.0
W,ALL,H4,H12,EURUSD,short,2023-04-10,2023-04-17,1.09944,1.1076,0.008159999999999945,2023-04-14 01:00:00,2023-04-14 05:00:00,1.10752,1.1076,2023-04-26 09:00:00,1.10405,1.09128,1.1127104545454545,2023-05-11 09:00:00,1.09128,win,1.4745184485382816,wickdiffs_W_H4_ALL_20260121_202249.csv,86.60454545454547,1.0
W,ALL,H4,H12,EURUSD,short,2024-07-08,2024-07-15,1.08854,1.09482,0.006279999999999841,2024-07-19 09:00:00,2024-07-19 13:00:00,1.08912,1.08942,2024-07-22 09:00:00,1.08908,1.0822600000000002,1.095448,2024-07-29 09:00:00,1.0822600000000002,win,1.070979899497472,wickdiffs_W_H4_ALL_20260121_202249.csv,52.66060606060602,1.0
W,ALL,H4,H12,EURUSD,short,2024-07-29,2024-08-05,1.09213,1.10089,0.008759999999999879,2024-08-08 05:00:00,2024-08-08 09:00:00,1.09397,1.09452,2024-08-12 21:00:00,1.09234,1.0833700000000002,1.101766,2024-08-13 21:00:00,1.101766,loss,-1.0,wickdiffs_W_H4_ALL_20260121_202249.csv,52.28787878787868,1.0
W,ALL,H4,H12,EURUSD,short,2025-06-09,2025-06-16,1.15332,1.16319,0.009870000000000045,2025-06-12 09:00:00,2025-06-12 13:00:00,1.16175,1.16319,2025-06-23 21:00:00,1.15926,1.1434499999999999,1.1698707382550335,2025-06-25 21:00:00,1.1698707382550335,loss,-1.0,wickdiffs_W_H4_ALL_20260121_202249.csv,105.7151515151517,1.0
W,ALL,H4,H12,GBPAUD,long,2015-11-02,2015-11-09,2.11304,2.136685,0.023645000000000138,2015-11-12 06:00:00,2015-11-12 10:00:00,2.12414,2.12664,2015-11-18 22:00:00,2.12764,2.16033,2.1027641666666668,2015-11-20 10:00:00,2.1027641666666668,loss,-1.0,wickdiffs_W_H4_ALL_20260121_202249.csv,248.7583333333331,1.0
W,ALL,H4,H12,GBPAUD,long,2016-10-24,2016-10-31,1.57907,1.60429,0.02522000000000002,2016-11-01 09:00:00,2016-11-01 13:00:00,1.589795,1.590625,2016-11-08 10:00:00,1.595085,1.62951,1.5719809731543626,2016-11-08 22:00:00,1.62951,win,1.49,wickdiffs_W_H4_ALL_20260121_202249.csv,186.8348484848485,1.0
W,ALL,H4,H12,GBPAUD,long,2017-07-17,2017-07-24,1.62698,1.64196,0.014979999999999993,2017-07-28 09:00:00,2017-07-28 13:00:00,1.63802,1.639,2017-08-15 21:00:00,1.63974,1.65694,1.6249437878787878,2017-08-16 09:00:00,1.6249437878787878,loss,-1.0,wickdiffs_W_H4_ALL_20260121_202249.csv,147.9621212121211,1.0
W,ALL,H4,H12,GBPAUD,long,2017-09-18,2017-09-25,1.67866,1.69548,0.016820000000000057,2017-09-20 09:00:00,2017-09-20 13:00:00,1.67866,1.67886,2017-10-06 09:00:00,1.68121,1.7123000000000002,1.6603442281879195,2017-10-25 09:00:00,1.7123000000000002,win,1.49,wickdiffs_W_H4_ALL_20260121_202249.csv,141.4439393939394,1.0
W,ALL,H4,H12,GBPAUD,long,2020-08-03,2020-08-10,1.8139,1.82352,0.009619999999999962,2020-08-07 05:00:00,2020-08-07 09:00:00,1.8139,1.81418,2020-08-17 09:00:00,1.81648,1.83314,1.8012930303030303,2020-08-20 09:00:00,1.83314,win,1.0969930362950648,wickdiffs_W_H4_ALL_20260121_202249.csv,151.8696969696967,1.0
W,ALL,H4,H12,GBPAUD,long,2022-05-02,2022-05-09,1.71792,1.74337,0.025450000000000195,2022-05-06 13:00:00,2022-05-06 17:00:00,1.73761,1.73975,2022-06-01 09:00:00,1.73996,1.7688200000000003,1.7153749999999999,2022-06-21 21:00:00,1.7688200000000003,win,1.1738865161684051,wickdiffs_W_H4_ALL_20260121_202249.csv,165.3287878787879,1.0
W,ALL,H4,H12,GBPAUD,long,2024-03-18,2024-03-25,1.92538,1.93429,0.008909999999999973,2024-03-21 17:00:00,2024-03-21 21:00:00,1.92538,1.92561,2024-04-03 09:00:00,1.92716,1.9432,1.9163084848484848,2024-04-04 09:00:00,1.9163084848484848,loss,-1.0,wickdiffs_W_H4_ALL_20260121_202249.csv,108.5151515151514,1.0
W,ALL,H4,H12,GBPAUD,long,2025-06-02,2025-06-09,2.06714,2.0822,0.01505999999999963,2025-06-11 09:00:00,2025-06-11 13:00:00,2.06915,2.07036,2025-06-17 21:00:00,2.07038,2.0972599999999995,2.0514898484848487,2025-06-23 09:00:00,2.0972599999999995,win,1.4229637056346174,wickdiffs_W_H4_ALL_20260121_202249.csv,188.9015151515149,1.0
W,ALL,H4,H12,GBPAUD,long,2025-06-16,2025-06-23,2.05982,2.08463,0.02481,2025-06-18 17:00:00,2025-06-18 21:00:00,2.05982,2.06082,2025-07-10 09:00:00,2.06094,2.10944,2.02838966442953,2025-10-08 21:00:00,2.02838966442953,loss,-1.0,wickdiffs_W_H4_ALL_20260121_202249.csv,162.4121212121208,1.0
W,ALL,H4,H12,GBPAUD,short,2017-07-24,2017-07-31,1.64477,1.6738,0.02902999999999989,2017-08-04 09:00:00,2017-08-04 13:00:00,1.65284,1.65336,2017-08-08 21:00:00,1.64945,1.6157400000000002,1.6767029999999998,2017-09-14 09:00:00,1.6767029999999998,loss,-1.0,wickdiffs_W_H4_ALL_20260121_202249.csv,150.4454545454545,1.0
W,ALL,H4,H12,GBPAUD,short,2017-09-11,2017-09-18,1.69834,1.71684,0.01849999999999996,2017-09-21 21:00:00,2017-09-22 01:00:00,1.71652,1.71684,2017-09-28 09:00:00,1.710845,1.67984,1.7316537248322146,2017-10-06 09:00:00,1.67984,win,1.49,wickdiffs_W_H4_ALL_20260121_202249.csv,143.3833333333334,1.0
W,ALL,H4,H12,GBPAUD,short,2017-10-23,2017-10-30,1.70986,1.73682,0.026960000000000095,2017-10-31 17:00:00,2017-10-31 21:00:00,1.73614,1.73682,2017-11-14 22:00:00,1.7309,1.6828999999999998,1.7631147651006713,2017-11-28 22:00:00,1.7631147651006713,loss,-1.0,wickdiffs_W_H4_ALL_20260121_202249.csv,148.7909090909091,1.0
W,ALL,H4,H12,GBPAUD,short,2018-04-02,2018-04-09,1.83601,1.84591,0.00990000000000002,2018-04-09 09:00:00,2018-04-09 13:00:00,1.84458,1.84591,2018-04-16 21:00:00,1.84175,1.82611,1.8566594696969696,2018-04-18 09:00:00,1.82611,win,1.0489977388785936,wickdiffs_W_H4_ALL_20260121_202249.csv,149.0946969696967,1.0
W,ALL,H4,H12,GBPAUD,short,2019-11-11,2019-11-18,1.89378,1.90811,0.014329999999999954,2019-11-21 10:00:00,2019-11-21 14:00:00,1.90535,1.90588,2019-11-25 10:00:00,1.90323,1.87945,1.9194322727272728,2019-12-04 22:00:00,1.9194322727272728,loss,-1.0,wickdiffs_W_H4_ALL_20260121_202249.csv,162.0227272727271,1.0
W,ALL,H4,H12,GBPAUD,short,2020-01-06,2020-01-13,1.89341,1.91572,0.022310000000000052,2020-01-09 02:00:00,2020-01-09 06:00:00,1.90874,1.90933,2020-01-21 22:00:00,1.90856,1.8711,1.9337009395973155,2020-01-26 22:00:00,1.9337009395973155,loss,-1.0,wickdiffs_W_H4_ALL_20260121_202249.csv,146.239393939394,1.0
W,ALL,H4,H12,GBPAUD,short,2020-04-13,2020-04-20,1.96462,1.9901,0.025479999999999947,2020-04-16 01:00:00,2020-04-16 05:00:00,1.98838,1.9901,2023-08-16 21:00:00,1.98764,1.93914,2.02019033557047,2023-09-11 21:00:00,1.93914,win,1.49,wickdiffs_W_H4_ALL_20260121_202249.csv,147.8348484848486,1.0
W,ALL,H4,H12,GBPAUD,short,2020-09-21,2020-09-28,1.81297,1.82842,0.015449999999999964,2020-09-28 21:00:00,2020-09-29 01:00:00,1.81658,1.81703,2020-10-05 21:00:00,1.81433,1.79752,1.8299649999999998,2020-10-09 09:00:00,1.79752,win,1.0751519027822296,wickdiffs_W_H4_ALL_20260121_202249.csv,143.5000000000002,1.0
W,ALL,H4,H12,GBPAUD,short,2021-04-19,2021-04-26,1.79177,1.80714,0.015369999999999884,2021-04-21 05:00:00,2021-04-21 09:00:00,1.80632,1.80714,2021-05-11 09:00:00,1.80327,1.7764000000000002,1.8213035570469795,2021-05-12 09:00:00,1.8213035570469795,loss,-1.0,wickdiffs_W_H4_ALL_20260121_202249.csv,127.0196969696969,1.0
W,ALL,H4,H12,GBPAUD,short,2022-09-26,2022-10-03,1.74369,1.77096,0.027270000000000127,2022-10-05 01:00:00,2022-10-05 05:00:00,1.76396,1.76505,2022-10-10 21:00:00,1.7617,1.7164199999999998,1.7920892617449666,2022-10-13 09:00:00,1.7920892617449666,loss,-1.0,wickdiffs_W_H4_ALL_20260121_202249.csv,173.2045454545455,1.0
W,ALL,H4,H12,GBPAUD,short,2022-11-28,2022-12-05,1.8093,1.8262,0.016900000000000137,2022-12-07 22:00:00,2022-12-08 02:00:00,1.81757,1.81938,2022-12-12 10:00:00,1.81752,1.7923999999999998,1.8387375757575757,2022-12-21 22:00:00,1.7923999999999998,win,1.1839241337941795,wickdiffs_W_H4_ALL_20260121_202249.csv,212.1757575757575,1.0
W,ALL,H4,H12,GBPAUD,short,2023-12-04,2023-12-11,1.90739,1.92677,0.019380000000000175,2023-12-13 02:00:00,2023-12-13 06:00:00,1.91628,1.9176,2024-01-15 22:00:00,1.91386,1.8880099999999997,1.9312089932885905,2024-01-16 22:00:00,1.9312089932885905,loss,-1.0,wickdiffs_W_H4_ALL_20260121_202249.csv,134.4181818181818,1.0
W,ALL,H4,H12,GBPAUD,short,2025-03-03,2025-03-10,2.04562,2.06285,0.01723000000000008,2025-03-13 17:00:00,2025-03-13 21:00:00,2.06202,2.06251,2025-03-20 09:00:00,2.0573,2.02839,2.0767026845637586,2025-03-31 09:00:00,2.0767026845637586,loss,-1.0,wickdiffs_W_H4_ALL_20260121_202249.csv,135.4681818181819,1.0
W,ALL,H4,H12,GBPCAD,long,2017-06-19,2017-06-26,1.67236,1.68737,0.015009999999999968,2017-06-30 09:00:00,2017-06-30 13:00:00,1.68065,1.68075,2017-07-03 09:00:00,1.6831,1.70238,1.6679065151515151,2017-07-07 09:00:00,1.6679065151515151,loss,-1.0,wickdiffs_W_H4_ALL_20260121_202249.csv,151.9348484848484,1.0
W,ALL,H4,H12,GBPCAD,long,2022-04-04,2022-04-11,1.62956,1.63896,0.009400000000000075,2022-04-05 13:00:00,2022-04-05 17:00:00,1.62956,1.63029,2022-04-20 09:00:00,1.6327,1.64836,1.6220316666666668,2022-04-24 21:00:00,1.6220316666666668,loss,-1.0,wickdiffs_W_H4_ALL_20260121_202249.csv,106.6833333333335,1.0
W,ALL,H4,H12,GBPCAD,long,2023-07-17,2023-07-24,1.68594,1.69968,0.013740000000000085,2023-07-24 13:00:00,2023-07-24 17:00:00,1.68594,1.68744,2023-08-03 09:00:00,1.6971,1.7134200000000002,1.684566,2023-08-08 09:00:00,1.7134200000000002,win,1.3020584011488794,wickdiffs_W_H4_ALL_20260121_202249.csv,108.6969696969696,1.0
W,ALL,H4,H12,GBPCAD,long,2024-10-21,2024-10-28,1.78624,1.80106,0.014820000000000055,2024-10-23 21:00:00,2024-10-24 01:00:00,1.78624,1.78633,2024-11-11 22:00:00,1.7903,1.8158800000000002,1.7731322147651005,2024-11-13 22:00:00,1.7731322147651005,loss,-1.0,wickdiffs_W_H4_ALL_20260121_202249.csv,96.40757575757569,1.0
W,ALL,H4,H12,GBPCAD,short,2015-02-23,2015-03-02,1.93044,1.955725,0.025285000000000002,2015-02-24 14:00:00,2015-02-24 18:00:00,1.95041,1.95048,2015-06-19 09:00:00,1.94831,1.905155,1.9772730872483222,2015-07-10 09:00:00,1.9772730872483222,loss,-1.0,wickdiffs_W_H4_ALL_20260121_202249.csv,167.9257575757576,1.0
W,ALL,H4,H12,GBPCAD,short,2015-07-13,2015-07-20,2.02412,2.039085,0.014965000000000117,2015-07-24 13:00:00,2015-07-24 17:00:00,2.03051,2.03168,2015-07-27 09:00:00,2.02842,2.009155,2.045400681818182,2015-07-31 09:00:00,2.045400681818182,loss,-1.0,wickdiffs_W_H4_ALL_20260121_202249.csv,169.8068181818183,1.0
W,ALL,H4,H12,GBPCAD,short,2017-02-06,2017-02-13,1.6337,1.65202,0.018320000000000114,2017-02-09 06:00:00,2017-02-09 10:00:00,1.651,1.65202,2017-02-28 22:00:00,1.64862,1.6153799999999998,1.6709287248322149,2017-03-21 21:00:00,1.6709287248322149,loss,-1.0,wickdiffs_W_H4_ALL_20260121_202249.csv,159.6348484848485,1.0
W,ALL,H4,H12,GBPCAD,short,2017-03-27,2017-04-03,1.67151,1.68896,0.017449999999999966,2017-04-06 21:00:00,2017-04-07 01:00:00,1.67326,1.6738,2017-04-17 09:00:00,1.6731,1.65406,1.690705,2017-04-18 09:00:00,1.690705,loss,-1.0,wickdiffs_W_H4_ALL_20260121_202249.csv,140.0719696969697,1.0
W,ALL,H4,H12,GBPCAD,short,2018-03-12,2018-03-19,1.82638,1.84164,0.015260000000000051,2018-03-20 05:00:00,2018-03-20 09:00:00,1.83754,1.83808,2018-03-26 09:00:00,1.82745,1.8111199999999998,1.8431659999999999,2018-03-29 09:00:00,1.8111199999999998,win,1.0390684652583573,wickdiffs_W_H4_ALL_20260121_202249.csv,138.6909090909091,1.0
W,ALL,H4,H12,GBPCAD,short,2018-09-10,2018-09-17,1.70362,1.719,0.015380000000000171,2018-09-18 01:00:00,2018-09-18 05:00:00,1.71612,1.7166,2018-09-26 21:00:00,1.7136,1.6882399999999997,1.7306201342281882,2018-09-28 09:00:00,1.6882399999999997,win,1.4899999999999998,wickdiffs_W_H4_ALL_20260121_202249.csv,125.519696969697,1.0
W,ALL,H4,H12,GBPCAD,short,2018-12-03,2018-12-10,1.69529,1.7176,0.022310000000000052,2018-12-06 14:00:00,2018-12-06 18:00:00,1.71416,1.7176,2018-12-20 10:00:00,1.70958,1.67298,1.734143758389262,2018-12-28 10:00:00,1.734143758389262,loss,-1.0,wickdiffs_W_H4_ALL_20260121_202249.csv,158.5136363636363,1.0
W,ALL,H4,H12,GBPCAD,short,2019-02-25,2019-03-04,1.75563,1.77236,0.01672999999999991,2019-03-07 14:00:00,2019-03-07 18:00:00,1.7649,1.76701,2019-03-11 09:00:00,1.76171,1.7389000000000001,1.7775024242424244,2019-03-11 21:00:00,1.7775024242424244,loss,-1.0,wickdiffs_W_H4_ALL_20260121_202249.csv,157.9242424242423,1.0
W,ALL,H4,H12,GBPCAD,short,2019-04-01,2019-04-08,1.74483,1.76158,0.01674999999999982,2019-04-11 09:00:00,2019-04-11 13:00:00,1.75119,1.75207,2019-04-15 09:00:00,1.75098,1.7280800000000003,1.7671295454545455,2019-05-03 09:00:00,1.7671295454545455,loss,-1.0,wickdiffs_W_H4_ALL_20260121_202249.csv,161.4954545454543,1.0
W,ALL,H4,H12,GBPCAD,short,2020-03-30,2020-04-06,1.74263,1.77998,0.037349999999999994,2020-04-02 09:00:00,2020-04-02 13:00:00,1.76826,1.76938,2020-04-15 09:00:00,1.76704,1.70528,1.80848966442953,2020-05-17 21:00:00,1.70528,win,1.49,wickdiffs_W_H4_ALL_20260121_202249.csv,214.0393939393938,1.0
W,ALL,H4,H12,GBPCAD,short,2021-12-20,2021-12-27,1.7158,1.7292,0.013400000000000079,2021-12-31 06:00:00,2021-12-31 10:00:00,1.71936,1.7216,2022-01-03 10:00:00,1.71801,1.7024,1.73054,2022-01-05 22:00:00,1.73054,loss,-1.0,wickdiffs_W_H4_ALL_20260121_202249.csv,107.4348484848485,1.0
W,ALL,H4,H12,GBPCAD,short,2023-05-22,2023-05-29,1.68139,1.69322,0.011830000000000007,2023-06-01 09:00:00,2023-06-01 13:00:00,1.69266,1.69322,2023-06-15 21:00:00,1.69182,1.66956,1.7067595973154364,2023-07-07 09:00:00,1.7067595973154364,loss,-1.0,wickdiffs_W_H4_ALL_20260121_202249.csv,98.46212121212116,1.0
W,ALL,H4,H12,GBPCAD,short,2024-04-01,2024-04-08,1.71756,1.7241,0.00653999999999999,2024-04-12 01:00:00,2024-04-12 05:00:00,1.71916,1.71954,2024-04-16 09:00:00,1.71846,1.71102,1.7260822727272729,2024-04-18 21:00:00,1.71102,win,0.9760868268829543,wickdiffs_W_H4_ALL_20260121_202249.csv,76.22272727272721,1.0
W,ALL,H4,H12,GBPCAD,short,2024-12-02,2024-12-09,1.80298,1.81158,0.008599999999999941,2024-12-11 10:00:00,2024-12-11 14:00:00,1.81144,1.81149,2024-12-16 22:00:00,1.81136,1.79438,1.8227559731543626,2024-12-17 22:00:00,1.8227559731543626,loss,-1.0,wickdiffs_W_H4_ALL_20260121_202249.csv,102.7560606060605,1.0
W,ALL,H4,H12,GBPCAD,short,2025-04-21,2025-04-28,1.84506,1.86016,0.015100000000000113,2025-04-29 13:00:00,2025-04-29 17:00:00,1.85768,1.85862,2025-05-13 21:00:00,1.85694,1.8299599999999998,1.8750473825503358,2025-06-25 09:00:00,1.8750473825503358,loss,-1.0,wickdiffs_W_H4_ALL_20260121_202249.csv,135.9787878787879,1.0
W,ALL,H4,H12,GBPCHF,long,2015-12-21,2015-12-28,1.46006,1.472115,0.012055000000000149,2015-12-22 14:00:00,2015-12-22 18:00:00,1.46006,1.460705,2016-01-06 22:00:00,1.4615,1.4841700000000002,1.4462852348993287,2016-01-08 10:00:00,1.4462852348993287,loss,-1.0,wickdiffs_W_H4_ALL_20260121_202249.csv,131.8659090909091,1.0
W,ALL,H4,H12,GBPCHF,long,2016-07-04,2016-07-11,1.251485,1.27354,0.022054999999999936,2016-07-06 17:00:00,2016-07-06 21:00:00,1.255995,1.258475,2016-08-12 09:00:00,1.25929,1.2955949999999998,1.2349242281879196,2016-08-31 21:00:00,1.2955949999999998,win,1.49,wickdiffs_W_H4_ALL_20260121_202249.csv,190.9295454545453,1.0
W,ALL,H4,H12,GBPCHF,long,2016-12-05,2016-12-12,1.26815,1.27903,0.010879999999999779,2016-12-07 14:00:00,2016-12-07 18:00:00,1.26815,1.26978,2016-12-19 10:00:00,1.27294,1.2899099999999997,1.2593097727272726,2016-12-22 10:00:00,1.2593097727272726,loss,-1.0,wickdiffs_W_H4_ALL_20260121_202249.csv,136.3022727272727,1.0
W,ALL,H4,H12,GBPCHF,long,2017-08-21,2017-08-28,1.22211,1.23213,0.010019999999999918,2017-08-29 09:00:00,2017-08-29 13:00:00,1.22211,1.22377,2019-07-21 21:00:00,1.22382,1.2421499999999999,1.2115179865771812,2019-07-29 09:00:00,1.2115179865771812,loss,-1.0,wickdiffs_W_H4_ALL_20260121_202249.csv,77.90606060606073,1.0
W,ALL,H4,H12,GBPCHF,long,2018-12-10,2018-12-17,1.238,1.25591,0.017910000000000093,2018-12-21 02:00:00,2018-12-21 06:00:00,1.2485,1.24887,2018-12-27 10:00:00,1.24912,1.2738200000000002,1.2325428187919463,2019-01-15 22:00:00,1.2738200000000002,win,1.49,wickdiffs_W_H4_ALL_20260121_202249.csv,101.3621212121213,1.0
W,ALL,H4,H12,GBPCHF,long,2019-06-24,2019-07-01,1.23402,1.23961,0.005590000000000206,2019-06-28 05:00:00,2019-06-28 09:00:00,1.23402,1.23478,2019-07-10 21:00:00,1.23549,1.2452000000000003,1.2277810606060606,2019-07-15 21:00:00,1.2277810606060606,loss,-1.0,wickdiffs_W_H4_ALL_20260121_202249.csv,77.089393939394,1.0
W,ALL,H4,H12,GBPCHF,long,2024-07-29,2024-08-05,1.07432,1.09807,0.02375000000000016,2024-08-06 17:00:00,2024-08-06 21:00:00,1.0801,1.08068,2025-04-08 21:00:00,1.08098,1.1218200000000003,1.0535706040268455,2025-10-28 09:00:00,1.0535706040268455,loss,-1.0,wickdiffs_W_H4_ALL_20260121_202249.csv,79.9015151515152,1.0
W,ALL,H4,H12,GBPCHF,long,2024-09-23,2024-09-30,1.11208,1.12406,0.011980000000000102,2024-10-04 01:00:00,2024-10-04 05:00:00,1.1167,1.11716,2024-10-07 09:00:00,1.11785,1.1360400000000002,1.1056419463087248,2024-12-16 22:00:00,1.1360400000000002,win,1.49,wickdiffs_W_H4_ALL_20260121_202249.csv,87.94393939393935,1.0
W,ALL,H4,H12,GBPCHF,long,2024-10-28,2024-11-04,1.11074,1.1254,0.014659999999999895,2024-10-31 13:00:00,2024-10-31 17:00:00,1.11074,1.11232,2024-11-21 22:00:00,1.11238,1.1400599999999999,1.0938028187919462,2025-02-12 22:00:00,1.1400599999999999,win,1.49,wickdiffs_W_H4_ALL_20260121_202249.csv,78.02424242424223,1.0
W,ALL,H4,H12,GBPCHF,short,2015-03-02,2015-03-09,1.48277,1.519455,0.03668500000000008,2015-03-13 05:00:00,2015-03-13 09:00:00,1.49536,1.49646,2015-03-16 09:00:00,1.49391,1.4460849999999998,1.526007315436242,2015-03-23 09:00:00,1.4460849999999998,win,1.49,wickdiffs_W_H4_ALL_20260121_202249.csv,204.5212121212121,1.0
W,ALL,H4,H12,GBPCHF,short,2015-06-22,2015-06-29,1.46905,1.48347,0.0144200000000001,2015-07-03 09:00:00,2015-07-03 13:00:00,1.472175,1.47426,2015-07-06 09:00:00,1.47092,1.4546299999999999,1.4864565151515152,2015-07-07 21:00:00,1.4546299999999999,win,1.0484976741011007,wickdiffs_W_H4_ALL_20260121_202249.csv,155.3651515151514,1.0
W,ALL,H4,H12,GBPCHF,short,2015-08-10,2015-08-17,1.526685,1.541085,0.014399999999999968,2015-08-18 09:00:00,2015-08-18 13:00:00,1.535135,1.53673,2015-11-04 22:00:00,1.533155,1.512285,1.5483521212121212,2015-11-05 22:00:00,1.512285,win,1.3732864079121792,wickdiffs_W_H4_ALL_20260121_202249.csv,151.9712121212123,1.0
W,ALL,H4,H12,GBPCHF,short,2017-02-06,2017-02-13,1.25172,1.26074,0.009020000000000028,2017-02-16 06:00:00,2017-02-16 10:00:00,1.25438,1.2544,2017-02-20 22:00:00,1.254305,1.2427,1.2660064393939394,2017-03-01 10:00:00,1.2427,win,0.9917583306897046,wickdiffs_W_H4_ALL_20260121_202249.csv,117.014393939394,1.0
W,ALL,H4,H12,GBPCHF,short,2017-09-18,2017-09-25,1.30846,1.31973,0.011270000000000113,2017-09-21 17:00:00,2017-09-21 21:00:00,1.31864,1.31973,2017-10-30 09:00:00,1.31334,1.2971899999999998,1.3244195454545453,2017-10-31 09:00:00,1.3244195454545453,loss,-1.0,wickdiffs_W_H4_ALL_20260121_202249.csv,110.7954545454546,1.0
W,ALL,H4,H12,GBPCHF,short,2018-01-15,2018-01-22,1.33562,1.34922,0.013600000000000056,2018-01-25 02:00:00,2018-01-25 06:00:00,1.34799,1.34922,2018-03-28 09:00:00,1.34652,1.32202,1.3629629530201341,2018-04-10 21:00:00,1.3629629530201341,loss,-1.0,wickdiffs_W_H4_ALL_20260121_202249.csv,95.10000000000012,1.0
W,ALL,H4,H12,GBPCHF,short,2018-03-19,2018-03-26,1.33882,1.34862,0.009800000000000031,2018-03-28 09:00:00,2018-03-28 13:00:00,1.34854,1.34862,2018-04-03 09:00:00,1.34793,1.3290199999999999,1.3606212751677855,2018-04-10 21:00:00,1.3606212751677855,loss,-1.0,wickdiffs_W_H4_ALL_20260121_202249.csv,95.31818181818188,1.0
W,ALL,H4,H12,GBPCHF,short,2018-04-09,2018-04-16,1.36969,1.38564,0.01594999999999991,2018-04-19 13:00:00,2018-04-19 17:00:00,1.37844,1.38083,2018-04-26 21:00:00,1.37045,1.3537400000000002,1.387235,2018-05-01 09:00:00,1.3537400000000002,win,0.9955317247542288,wickdiffs_W_H4_ALL_20260121_202249.csv,96.75151515151508,1.0
W,ALL,H4,H12,GBPCHF,short,2018-09-10,2018-09-17,1.26467,1.27913,0.01446000000000014,2018-09-20 09:00:00,2018-09-20 13:00:00,1.27772,1.27913,2018-09-26 09:00:00,1.27188,1.2502099999999998,1.2864236241610738,2018-10-01 09:00:00,1.2864236241610738,loss,-1.0,wickdiffs_W_H4_ALL_20260121_202249.csv,82.04999999999994,1.0
W,ALL,H4,H12,GBPCHF,short,2019-02-25,2019-03-04,1.31936,1.33328,0.013919999999999932,2019-02-27 18:00:00,2019-02-27 22:00:00,1.333,1.33328,2019-03-11 21:00:00,1.3329,1.3054400000000002,1.3513295302013422,2019-03-21 09:00:00,1.3054400000000002,win,1.4899999999999998,wickdiffs_W_H4_ALL_20260121_202249.csv,106.0621212121211,1.0
W,ALL,H4,H12,GBPCHF,short,2020-07-27,2020-08-03,1.19481,1.20352,0.008709999999999996,2020-08-06 13:00:00,2020-08-06 17:00:00,1.19851,1.19961,2020-08-10 09:00:00,1.19706,1.1861,1.2070080303030304,2020-08-17 09:00:00,1.1861,win,1.101725634738118,wickdiffs_W_H4_ALL_20260121_202249.csv,99.48030303030292,1.0
W,ALL,H4,H12,GBPCHF,short,2020-11-16,2020-11-23,1.21031,1.21936,0.009050000000000002,2020-11-27 06:00:00,2020-11-27 10:00:00,1.2115,1.21316,2020-11-30 10:00:00,1.21104,1.20126,1.2210145454545454,2020-12-01 22:00:00,1.20126,win,0.9804958075100159,wickdiffs_W_H4_ALL_20260121_202249.csv,99.7454545454545,1.0
W,ALL,H4,H12,GBPCHF,short,2021-05-10,2021-05-17,1.27088,1.28204,0.011160000000000059,2021-05-19 05:00:00,2021-05-19 09:00:00,1.27746,1.27826,2021-05-28 09:00:00,1.27699,1.25972,1.2885806040268457,2021-07-08 09:00:00,1.25972,win,1.49,wickdiffs_W_H4_ALL_20260121_202249.csv,89.21818181818178,1.0
W,ALL,H4,H12,GBPCHF,short,2021-06-14,2021-06-21,1.27397,1.28571,0.011739999999999862,2021-06-25 01:00:00,2021-06-25 05:00:00,1.27832,1.27866,2021-06-28 09:00:00,1.27656,1.2622300000000002,1.286884,2021-07-08 09:00:00,1.2622300000000002,win,1.3880278961642514,wickdiffs_W_H4_ALL_20260121_202249.csv,78.27575757575754,1.0
W,ALL,H4,H12,GBPCHF,short,2022-04-11,2022-04-18,1.23185,1.24486,0.013010000000000188,2022-04-21 13:00:00,2022-04-21 17:00:00,1.24397,1.24486,2022-05-17 09:00:00,1.24114,1.2188399999999997,1.2561064429530202,2022-05-18 21:00:00,1.2188399999999997,win,1.49,wickdiffs_W_H4_ALL_20260121_202249.csv,96.33939393939389,1.0
W,ALL,H4,H12,GBPCHF,short,2022-08-01,2022-08-08,1.16059,1.1723,0.011709999999999887,2022-08-05 13:00:00,2022-08-05 17:00:00,1.16259,1.16284,2024-05-21 21:00:00,1.16187,1.1488800000000001,1.173471,2024-05-30 21:00:00,1.1488800000000001,win,1.1197310576674309,wickdiffs_W_H4_ALL_20260121_202249.csv,60.11363636363632,1.0
W,ALL,H4,H12,GBPCHF,short,2024-09-30,2024-10-07,1.12599,1.13392,0.007929999999999993,2024-10-02 09:00:00,2024-10-02 13:00:00,1.12902,1.12951,2024-10-15 09:00:00,1.12711,1.11806,1.136110606060606,2024-10-31 09:00:00,1.11806,win,1.005487845936302,wickdiffs_W_H4_ALL_20260121_202249.csv,90.0060606060605,1.0
W,ALL,H4,H12,GBPCHF,short,2024-12-09,2024-12-16,1.12672,1.13954,0.012820000000000054,2024-12-19 06:00:00,2024-12-19 10:00:00,1.13492,1.13596,2024-12-27 10:00:00,1.13428,1.1139,1.1479578523489933,2025-01-12 22:00:00,1.1139,win,1.49,wickdiffs_W_H4_ALL_20260121_202249.csv,75.43030303030287,1.0
W,ALL,H4,H12,GBPJPY,long,2015-03-09,2015-03-16,177.163,178.985,1.8220000000000027,2015-03-18 09:00:00,2015-03-18 13:00:00,177.163,177.2775,2015-03-25 21:00:00,177.288,180.80700000000002,174.92625503355706,2015-04-13 21:00:00,174.92625503355706,loss,-1.0,wickdiffs_W_H4_ALL_20260121_202249.csv,184.2992424242425,1.0
W,ALL,H4,H12,GBPJPY,long,2015-07-06,2015-07-13,185.004,190.517,5.513000000000005,2015-07-08 13:00:00,2015-07-08 17:00:00,185.004,185.041,2015-08-24 09:00:00,186.8555,196.03,180.69811744966444,2015-09-04 09:00:00,180.69811744966444,loss,-1.0,wickdiffs_W_H4_ALL_20260121_202249.csv,161.9916666666667,1.0
W,ALL,H4,H12,GBPJPY,long,2016-01-11,2016-01-18,163.981,166.876,2.8950000000000102,2016-01-21 10:00:00,2016-01-21 14:00:00,164.457,164.6975,2016-02-09 10:00:00,166.578,169.77100000000002,163.6915,2016-02-10 22:00:00,163.6915,loss,-1.0,wickdiffs_W_H4_ALL_20260121_202249.csv,189.5606060606061,1.0
W,ALL,H4,H12,GBPJPY,long,2016-02-22,2016-02-29,154.7235,158.111,3.3874999999999886,2016-02-24 14:00:00,2016-02-24 18:00:00,154.7235,155.0215,2016-04-06 09:00:00,155.0585,161.49849999999998,150.7363523489933,2016-04-24 21:00:00,161.49849999999998,win,1.49,wickdiffs_W_H4_ALL_20260121_202249.csv,237.8886363636365,1.0
W,ALL,H4,H12,GBPJPY,long,2017-01-09,2017-01-16,136.472,139.522,3.049999999999983,2017-01-18 10:00:00,2017-01-18 14:00:00,139.142,139.286,2017-02-06 10:00:00,139.3225,142.57199999999997,136.167,2017-02-12 22:00:00,142.57199999999997,win,1.0297892568531117,wickdiffs_W_H4_ALL_20260121_202249.csv,190.114393939394,1.0
W,ALL,H4,H12,GBPJPY,long,2017-02-20,2017-02-27,138.832,139.749,0.9170000000000016,2017-02-28 14:00:00,2017-02-28 18:00:00,138.832,138.913,2017-03-07 10:00:00,139.0625,140.666,137.40532575757575,2017-04-03 21:00:00,137.40532575757575,loss,-1.0,wickdiffs_W_H4_ALL_20260121_202249.csv,165.7174242424239,1.0
W,ALL,H4,H12,GBPJPY,long,2017-08-14,2017-08-21,139.298,140.612,1.313999999999993,2017-08-25 01:00:00,2017-08-25 05:00:00,140.215,140.304,2017-08-28 21:00:00,140.581,141.926,139.16660000000002,2017-08-29 09:00:00,141.926,win,0.95093325791857,wickdiffs_W_H4_ALL_20260121_202249.csv,134.0212121212119,1.0
W,ALL,H4,H12,GBPJPY,long,2018-05-21,2018-05-28,143.2,145.46,2.2600000000000193,2018-05-31 13:00:00,2018-05-31 17:00:00,144.133,144.315,2018-06-27 21:00:00,144.356,147.72000000000003,142.09828187919462,2018-07-09 21:00:00,147.72000000000003,win,1.49,wickdiffs_W_H4_ALL_20260121_202249.csv,125.5227272727271,1.0
W,ALL,H4,H12,GBPJPY,long,2018-06-18,2018-06-25,143.774,145.88,2.1059999999999945,2018-06-29 09:00:00,2018-06-29 13:00:00,145.221,145.366,2018-07-02 09:00:00,145.744,147.986,143.5634,2018-07-11 09:00:00,147.986,win,1.028157387874893,wickdiffs_W_H4_ALL_20260121_202249.csv,124.7363636363634,1.0
W,ALL,H4,H12,GBPJPY,long,2019-06-10,2019-06-17,135.38,136.67,1.289999999999992,2019-06-18 09:00:00,2019-06-18 13:00:00,135.38,135.39,2019-07-02 21:00:00,135.463,137.95999999999998,133.7871610738255,2019-07-29 09:00:00,133.7871610738255,loss,-1.0,wickdiffs_W_H4_ALL_20260121_202249.csv,98.63484848484858,1.0
W,ALL,H4,H12,GBPJPY,long,2021-09-13,2021-09-20,148.956,151.066,2.1100000000000136,2021-09-22 17:00:00,2021-09-22 21:00:00,149.469,149.479,2021-09-30 21:00:00,149.712,153.17600000000002,147.38716778523488,2021-10-10 21:00:00,153.17600000000002,win,1.49,wickdiffs_W_H4_ALL_20260121_202249.csv,103.509090909091,1.0
W,ALL,H4,H12,GBPJPY,long,2022-06-27,2022-07-04,160.394,163.517,3.1229999999999905,2022-07-08 05:00:00,2022-07-08 09:00:00,161.828,161.901,2022-07-12 09:00:00,162.714,166.64,160.07910067114094,2022-08-01 21:00:00,160.07910067114094,loss,-1.0,wickdiffs_W_H4_ALL_20260121_202249.csv,204.2727272727271,1.0
W,ALL,H4,H12,GBPJPY,long,2023-07-10,2023-07-17,179.47,181.727,2.257000000000005,2023-07-21 09:00:00,2023-07-21 13:00:00,181.12,181.358,2023-07-24 21:00:00,181.645,183.984,179.2443,2023-07-27 09:00:00,179.2443,loss,-1.0,wickdiffs_W_H4_ALL_20260121_202249.csv,154.3303030303028,1.0
W,ALL,H4,H12,GBPJPY,short,2017-05-01,2017-05-08,146.318,148.118,1.799999999999983,2017-05-11 17:00:00,2017-05-11 21:00:00,146.81,146.932,2017-05-15 21:00:00,146.555,144.51800000000003,148.298,2017-05-17 09:00:00,144.51800000000003,win,1.1686746987951713,wickdiffs_W_H4_ALL_20260121_202249.csv,131.5469696969695,1.0
W,ALL,H4,H12,GBPJPY,short,2018-03-05,2018-03-12,147.936,149.384,1.447999999999979,2018-03-13 09:00:00,2018-03-13 13:00:00,149.228,149.384,2018-03-19 09:00:00,148.7955,146.48800000000003,150.34415771812078,2018-03-26 21:00:00,150.34415771812078,loss,-1.0,wickdiffs_W_H4_ALL_20260121_202249.csv,142.5378787878789,1.0
W,ALL,H4,H12,GBPJPY,short,2019-12-09,2019-12-16,145.8,147.96,2.1599999999999966,2019-12-12 22:00:00,2019-12-13 02:00:00,147.93,147.96,2021-02-19 10:00:00,147.715,143.64000000000001,150.44989932885906,2021-03-04 10:00:00,150.44989932885906,loss,-1.0,wickdiffs_W_H4_ALL_20260121_202249.csv,104.0924242424243,1.0
W,ALL,H4,H12,GBPJPY,short,2020-07-06,2020-07-13,134.964,135.923,0.9590000000000032,2020-07-09 09:00:00,2020-07-09 13:00:00,135.86,135.923,2020-07-20 09:00:00,135.828,134.005,137.1658181818182,2020-07-30 09:00:00,137.1658181818182,loss,-1.0,wickdiffs_W_H4_ALL_20260121_202249.csv,133.7818181818181,1.0
W,ALL,H4,H12,GBPJPY,short,2020-11-09,2020-11-16,138.057,140.318,2.261000000000024,2020-11-11 06:00:00,2020-11-11 10:00:00,140.039,140.318,2020-12-01 10:00:00,140.018,135.79599999999996,142.85155704697988,2021-01-27 10:00:00,142.85155704697988,loss,-1.0,wickdiffs_W_H4_ALL_20260121_202249.csv,123.9848484848486,1.0
W,ALL,H4,H12,GBPJPY,short,2022-03-21,2022-03-28,160.922,164.658,3.73599999999999,2022-03-29 05:00:00,2022-03-29 09:00:00,162.312,162.624,2022-04-07 21:00:00,161.878,157.186,165.0316,2022-04-14 21:00:00,165.0316,loss,-1.0,wickdiffs_W_H4_ALL_20260121_202249.csv,135.5712121212121,1.0
W,ALL,H4,H12,GBPJPY,short,2022-07-11,2022-07-18,164.418,166.252,1.8340000000000032,2022-07-19 21:00:00,2022-07-20 01:00:00,166.208,166.252,2022-07-27 09:00:00,166.065,162.584,168.40124161073825,2022-07-28 21:00:00,162.584,win,1.49,wickdiffs_W_H4_ALL_20260121_202249.csv,202.9909090909089,1.0
W,ALL,H4,H12,GBPJPY,short,2023-12-18,2023-12-25,180.832,184.181,3.349000000000018,2023-12-19 10:00:00,2023-12-19 14:00:00,184.01,184.181,2024-01-04 22:00:00,183.806,177.48299999999998,188.04962416107387,2024-01-17 10:00:00,188.04962416107387,loss,-1.0,wickdiffs_W_H4_ALL_20260121_202249.csv,165.1742424242423,1.0
W,ALL,H4,H12,GBPJPY,short,2024-04-01,2024-04-08,191.631,192.978,1.3470000000000084,2024-04-10 05:00:00,2024-04-10 09:00:00,192.771,192.978,2024-04-16 09:00:00,192.278,190.284,193.61625503355702,2024-04-24 09:00:00,193.61625503355702,loss,-1.0,wickdiffs_W_H4_ALL_20260121_202249.csv,119.2666666666664,1.0
W,ALL,H4,H12,GBPJPY,short,2024-09-16,2024-09-23,191.683,195.974,4.290999999999997,2024-09-27 01:00:00,2024-09-27 05:00:00,195.176,195.974,2024-10-02 21:00:00,192.484,187.392,196.4031,2024-10-21 21:00:00,196.4031,loss,-1.0,wickdiffs_W_H4_ALL_20260121_202249.csv,241.8469696969697,1.0
W,ALL,H4,H12,GBPJPY,short,2025-10-06,2025-10-13,202.748,205.328,2.5800000000000125,2025-10-13 21:00:00,2025-10-14 01:00:00,203.502,203.52,2025-10-21 09:00:00,203.114,200.16799999999998,205.586,2025-11-04 10:00:00,200.16799999999998,win,1.1917475728155407,wickdiffs_W_H4_ALL_20260121_202249.csv,123.3363636363639,1.0
W,ALL,H4,H12,GBPNZD,long,2015-07-06,2015-07-13,2.27048,2.30834,0.03785999999999978,2015-07-09 21:00:00,2015-07-10 01:00:00,2.27048,2.27328,2015-10-13 09:00:00,2.295605,2.3461999999999996,2.260385151515152,2015-10-14 21:00:00,2.260385151515152,loss,-1.0,wickdiffs_W_H4_ALL_20260121_202249.csv,352.1984848484847,1.0
W,ALL,H4,H12,GBPNZD,long,2016-09-12,2016-09-19,1.76137,1.78917,0.027799999999999825,2016-09-21 21:00:00,2016-09-22 01:00:00,1.76866,1.770365,2016-09-26 21:00:00,1.772905,1.8169699999999998,1.7433311744966444,2016-10-06 21:00:00,1.7433311744966444,loss,-1.0,wickdiffs_W_H4_ALL_20260121_202249.csv,257.6401515151514,1.0
W,ALL,H4,H12,GBPNZD,long,2016-10-24,2016-10-31,1.682535,1.701705,0.01917000000000013,2016-11-03 01:00:00,2016-11-03 05:00:00,1.684615,1.68679,2016-11-07 22:00:00,1.692575,1.7208750000000002,1.6725693181818182,2016-11-08 10:00:00,1.6725693181818182,loss,-1.0,wickdiffs_W_H4_ALL_20260121_202249.csv,200.0568181818182,1.0
W,ALL,H4,H12,GBPNZD,long,2016-11-14,2016-11-21,1.74283,1.76134,0.018509999999999804,2016-11-15 06:00:00,2016-11-15 10:00:00,1.74283,1.743885,2016-11-29 22:00:00,1.746045,1.7798499999999997,1.7233570805369132,2016-12-01 10:00:00,1.7798499999999997,win,1.49,wickdiffs_W_H4_ALL_20260121_202249.csv,212.9090909090908,1.0
W,ALL,H4,H12,GBPNZD,long,2017-05-01,2017-05-08,1.85624,1.87568,0.019440000000000124,2017-05-03 01:00:00,2017-05-03 05:00:00,1.85674,1.8577,2017-05-22 09:00:00,1.858045,1.8951200000000001,1.8331624496644294,2017-05-25 21:00:00,1.8331624496644294,loss,-1.0,wickdiffs_W_H4_ALL_20260121_202249.csv,161.9712121212119,1.0
W,ALL,H4,H12,GBPNZD,long,2018-03-26,2018-04-02,1.91823,1.93554,0.017309999999999937,2018-04-06 01:00:00,2018-04-06 05:00:00,1.9266,1.92672,2018-04-09 21:00:00,1.929385,1.95285,1.9130311363636363,2018-04-16 21:00:00,1.95285,win,1.434829134066182,wickdiffs_W_H4_ALL_20260121_202249.csv,163.5386363636364,1.0
W,ALL,H4,H12,GBPNZD,long,2018-12-10,2018-12-17,1.81266,1.85182,0.039160000000000084,2018-12-13 02:00:00,2018-12-13 06:00:00,1.83553,1.83804,2019-07-22 09:00:00,1.84567,1.89098,1.808744,2019-08-06 21:00:00,1.89098,win,1.2270486919785561,wickdiffs_W_H4_ALL_20260121_202249.csv,125.9075757575758,1.0
W,ALL,H4,H12,GBPNZD,long,2019-06-24,2019-07-01,1.87098,1.88999,0.01900999999999997,2019-07-04 21:00:00,2019-07-05 01:00:00,1.87931,1.87932,2019-07-10 09:00:00,1.8819,1.909,1.8637120805369125,2019-07-15 09:00:00,1.8637120805369125,loss,-1.0,wickdiffs_W_H4_ALL_20260121_202249.csv,128.3666666666667,1.0
W,ALL,H4,H12,GBPNZD,long,2020-04-20,2020-04-27,2.02792,2.05523,0.027309999999999945,2020-04-30 01:00:00,2020-04-30 05:00:00,2.02792,2.02832,2020-05-07 09:00:00,2.03068,2.08254,1.995874630872483,2020-05-20 09:00:00,1.995874630872483,loss,-1.0,wickdiffs_W_H4_ALL_20260121_202249.csv,299.6121212121211,1.0
W,ALL,H4,H12,GBPNZD,long,2021-01-18,2021-01-25,1.89224,1.90437,0.012129999999999974,2021-01-26 10:00:00,2021-01-26 14:00:00,1.89224,1.89245,2021-02-02 22:00:00,1.89554,1.9164999999999999,1.8798381818181817,2021-02-05 10:00:00,1.9164999999999999,win,1.3348772579898016,wickdiffs_W_H4_ALL_20260121_202249.csv,157.0181818181818,1.0
W,ALL,H4,H12,GBPNZD,long,2024-04-08,2024-04-15,2.08573,2.097,0.011270000000000113,2024-04-10 01:00:00,2024-04-10 05:00:00,2.08573,2.08618,2024-04-22 09:00:00,2.08625,2.10827,2.0714714765100672,2024-04-29 21:00:00,2.10827,win,1.49,wickdiffs_W_H4_ALL_20260121_202249.csv,117.9666666666667,1.0
W,ALL,H4,H12,GBPNZD,long,2024-05-27,2024-06-03,2.0608,2.0741,0.01330000000000009,2024-06-07 01:00:00,2024-06-07 05:00:00,2.06183,2.06245,2024-06-20 21:00:00,2.06508,2.0874,2.0501001342281877,2024-07-01 21:00:00,2.0874,win,1.49,wickdiffs_W_H4_ALL_20260121_202249.csv,107.3863636363636,1.0
W,ALL,H4,H12,GBPNZD,long,2024-08-05,2024-08-12,2.10999,2.12755,0.01756000000000002,2024-08-13 21:00:00,2024-08-14 01:00:00,2.11463,2.11546,2024-08-20 21:00:00,2.11993,2.14511,2.1030306711409397,2024-08-28 21:00:00,2.1030306711409397,loss,-1.0,wickdiffs_W_H4_ALL_20260121_202249.csv,124.1818181818181,1.0
W,ALL,H4,H12,GBPNZD,long,2024-10-28,2024-11-04,2.15258,2.1615,0.008920000000000261,2024-11-07 18:00:00,2024-11-07 22:00:00,2.15258,2.15418,2024-11-11 22:00:00,2.15665,2.1704200000000005,2.143197727272727,2024-11-19 10:00:00,2.143197727272727,loss,-1.0,wickdiffs_W_H4_ALL_20260121_202249.csv,134.5227272727269,1.0
W,ALL,H4,H12,GBPNZD,long,2025-04-21,2025-04-28,2.21379,2.22882,0.015029999999999877,2025-04-25 01:00:00,2025-04-25 05:00:00,2.21914,2.2219,2025-05-06 21:00:00,2.22524,2.2438499999999997,2.205802424242424,2025-05-08 09:00:00,2.2438499999999997,win,0.9574239211773417,wickdiffs_W_H4_ALL_20260121_202249.csv,194.3757575757573,1.0
W,ALL,H4,H12,GBPNZD,short,2015-06-29,2015-07-06,2.325805,2.347515,0.021710000000000118,2015-07-08 01:00:00,2015-07-08 05:00:00,2.330135,2.33035,2015-07-14 09:00:00,2.329815,2.304095,2.355675833333333,2015-07-15 09:00:00,2.355675833333333,loss,-1.0,wickdiffs_W_H4_ALL_20260121_202249.csv,258.6083333333335,1.0
W,ALL,H4,H12,GBPNZD,short,2015-07-27,2015-08-03,2.37012,2.40302,0.03290000000000015,2015-08-05 13:00:00,2015-08-05 17:00:00,2.399245,2.40302,2015-08-11 21:00:00,2.37462,2.33722,2.4063100000000004,2015-08-24 09:00:00,2.4063100000000004,loss,-1.0,wickdiffs_W_H4_ALL_20260121_202249.csv,284.3833333333332,1.0
W,ALL,H4,H12,GBPNZD,short,2017-09-25,2017-10-02,1.85779,1.87243,0.014639999999999986,2017-09-26 21:00:00,2017-09-27 01:00:00,1.86852,1.87022,2017-10-10 09:00:00,1.867575,1.84315,1.8840411363636365,2017-10-16 09:00:00,1.84315,win,1.4833473658058485,wickdiffs_W_H4_ALL_20260121_202249.csv,164.6613636363638,1.0
W,ALL,H4,H12,GBPNZD,short,2017-10-23,2017-10-30,1.90927,1.94327,0.03400000000000003,2017-11-01 09:00:00,2017-11-01 13:00:00,1.93028,1.93132,2017-11-16 10:00:00,1.926325,1.87527,1.960590100671141,2017-11-29 22:00:00,1.960590100671141,loss,-1.0,wickdiffs_W_H4_ALL_20260121_202249.csv,179.5348484848485,1.0
W,ALL,H4,H12,GBPNZD,short,2018-04-02,2018-04-09,1.93803,1.952465,0.014434999999999976,2018-04-02 21:00:00,2018-04-03 01:00:00,1.95069,1.952465,2018-04-16 09:00:00,1.94733,1.923595,1.9635396212121212,2018-04-24 09:00:00,1.9635396212121212,loss,-1.0,wickdiffs_W_H4_ALL_20260121_202249.csv,162.0962121212121,1.0
W,ALL,H4,H12,GBPNZD,short,2019-04-15,2019-04-22,1.94401,1.96207,0.018059999999999965,2019-04-24 13:00:00,2019-04-24 17:00:00,1.96192,1.96207,2019-04-30 21:00:00,1.96164,1.92595,1.9855930201342282,2019-05-05 21:00:00,1.9855930201342282,loss,-1.0,wickdiffs_W_H4_ALL_20260121_202249.csv,184.6121212121211,1.0
W,ALL,H4,H12,GBPNZD,short,2021-01-11,2021-01-18,1.90601,1.92154,0.015530000000000044,2021-01-20 06:00:00,2021-01-20 10:00:00,1.91902,1.92154,2021-01-27 22:00:00,1.91866,1.89048,1.9375727516778525,2021-02-03 22:00:00,1.89048,win,1.49,wickdiffs_W_H4_ALL_20260121_202249.csv,157.7090909090908,1.0
W,ALL,H4,H12,GBPNZD,short,2021-04-26,2021-05-03,1.92975,1.94833,0.01857999999999982,2021-05-04 13:00:00,2021-05-04 17:00:00,1.94686,1.94752,2021-05-10 21:00:00,1.94219,1.9111700000000003,1.9630087919463086,2021-05-12 09:00:00,1.9630087919463086,loss,-1.0,wickdiffs_W_H4_ALL_20260121_202249.csv,146.4939393939394,1.0
W,ALL,H4,H12,GBPNZD,short,2022-06-06,2022-06-13,1.93834,1.96026,0.02191999999999994,2022-06-09 17:00:00,2022-06-09 21:00:00,1.95819,1.95928,2022-06-22 09:00:00,1.95014,1.91642,1.9727708724832214,2022-07-20 09:00:00,1.91642,win,1.49,wickdiffs_W_H4_ALL_20260121_202249.csv,165.2030303030301,1.0
W,ALL,H4,H12,GBPNZD,short,2023-02-20,2023-02-27,1.93696,1.96778,0.03082000000000007,2023-02-28 06:00:00,2023-02-28 10:00:00,1.96661,1.96778,2023-03-12 21:00:00,1.95242,1.90614,1.9834804026845638,2023-03-27 09:00:00,1.9834804026845638,loss,-1.0,wickdiffs_W_H4_ALL_20260121_202249.csv,165.7469696969694,1.0
W,ALL,H4,H12,GBPNZD,short,2023-03-20,2023-03-27,1.97224,1.9857,0.013460000000000027,2023-03-27 13:00:00,2023-03-27 17:00:00,1.98522,1.9857,2023-04-04 09:00:00,1.98066,1.95878,1.9970515151515151,2023-04-04 21:00:00,1.95878,win,1.334836944464994,wickdiffs_W_H4_ALL_20260121_202249.csv,163.9151515151514,1.0
W,ALL,H4,H12,GBPNZD,short,2024-02-12,2024-02-19,2.0574,2.08183,0.024430000000000174,2024-02-13 22:00:00,2024-02-14 02:00:00,2.0786,2.08118,2024-02-28 10:00:00,2.07615,2.0329699999999997,2.1051298657718127,2024-03-19 21:00:00,2.1051298657718127,loss,-1.0,wickdiffs_W_H4_ALL_20260121_202249.csv,137.9893939393937,1.0
W,ALL,H4,H12,GBPNZD,short,2024-04-22,2024-04-29,2.1034,2.12616,0.02275999999999989,2024-05-01 05:00:00,2024-05-01 09:00:00,2.12186,2.1224,2024-07-11 21:00:00,2.11892,2.0806400000000003,2.1446112751677853,2024-07-16 09:00:00,2.1446112751677853,loss,-1.0,wickdiffs_W_H4_ALL_20260121_202249.csv,109.3257575757578,1.0
W,ALL,H4,H12,GBPNZD,short,2025-01-27,2025-02-03,2.19813,2.22236,0.024230000000000196,2025-02-03 10:00:00,2025-02-03 14:00:00,2.21941,2.22236,2025-02-18 22:00:00,2.20192,2.1738999999999997,2.224783,2025-02-26 10:00:00,2.224783,loss,-1.0,wickdiffs_W_H4_ALL_20260121_202249.csv,144.224242424242,1.0
W,ALL,H4,H12,GBPUSD,long,2015-12-14,2015-12-21,1.480575,1.4897,0.00912500000000005,2015-12-22 14:00:00,2015-12-22 18:00:00,1.480575,1.480695,2015-12-29 10:00:00,1.481695,1.498825,1.4701983557046978,2016-01-03 22:00:00,1.4701983557046978,loss,-1.0,wickdiffs_W_H4_ALL_20260121_202249.csv,103.4113636363639,1.0
W,ALL,H4,H12,GBPUSD,long,2016-01-11,2016-01-18,1.407935,1.42577,0.017835000000000045,2016-01-21 22:00:00,2016-01-22 02:00:00,1.42051,1.42103,2016-01-25 22:00:00,1.421155,1.443605,1.4060878859060402,2016-02-01 10:00:00,1.443605,win,1.49,wickdiffs_W_H4_ALL_20260121_202249.csv,109.1545454545457,1.0
W,ALL,H4,H12,GBPUSD,long,2016-12-19,2016-12-26,1.22011,1.22876,0.008650000000000047,2016-12-28 10:00:00,2016-12-28 14:00:00,1.22011,1.22027,2017-01-03 10:00:00,1.223865,1.2374100000000001,1.210159696969697,2017-01-05 10:00:00,1.2374100000000001,win,0.9883035763639474,wickdiffs_W_H4_ALL_20260121_202249.csv,137.0530303030304,1.0
W,ALL,H4,H12,GBPUSD,long,2018-06-25,2018-07-02,1.30501,1.32081,0.015800000000000036,2018-06-28 21:00:00,2018-06-29 01:00:00,1.30682,1.3069,2018-07-17 09:00:00,1.31134,1.33661,1.2943802684563757,2018-08-06 09:00:00,1.2943802684563757,loss,-1.0,wickdiffs_W_H4_ALL_20260121_202249.csv,100.5787878787878,1.0
W,ALL,H4,H12,GBPUSD,long,2019-06-10,2019-06-17,1.25062,1.25897,0.008349999999999858,2019-06-18 09:00:00,2019-06-18 13:00:00,1.25062,1.2511,2019-07-05 09:00:00,1.2526,1.2673199999999998,1.2427208053691277,2019-07-16 09:00:00,1.2427208053691277,loss,-1.0,wickdiffs_W_H4_ALL_20260121_202249.csv,75.35606060606074,1.0
W,ALL,H4,H12,GBPUSD,long,2019-07-01,2019-07-08,1.24398,1.2526,0.00861999999999985,2019-07-11 13:00:00,2019-07-11 17:00:00,1.25091,1.25127,2019-07-15 09:00:00,1.25162,1.2612199999999998,1.2431180000000002,2019-07-16 09:00:00,1.2431180000000002,loss,-1.0,wickdiffs_W_H4_ALL_20260121_202249.csv,73.85151515151529,1.0
W,ALL,H4,H12,GBPUSD,long,2020-03-16,2020-03-23,1.14116,1.16497,0.02381000000000011,2020-03-23 13:00:00,2020-03-23 17:00:00,1.14472,1.1461,2022-09-04 21:00:00,1.14904,1.1887800000000002,1.1223688590604026,2022-09-21 21:00:00,1.1223688590604026,loss,-1.0,wickdiffs_W_H4_ALL_20260121_202249.csv,132.9409090909091,1.0
W,ALL,H4,H12,GBPUSD,long,2021-11-08,2021-11-15,1.33534,1.34179,0.006450000000000067,2021-11-11 22:00:00,2021-11-12 02:00:00,1.33534,1.33552,2021-11-23 10:00:00,1.33784,1.34824,1.3291145454545454,2021-11-25 22:00:00,1.3291145454545454,loss,-1.0,wickdiffs_W_H4_ALL_20260121_202249.csv,87.25454545454544,1.0
W,ALL,H4,H12,GBPUSD,long,2021-11-29,2021-12-06,1.3161,1.32373,0.007630000000000026,2021-12-10 06:00:00,2021-12-10 10:00:00,1.31874,1.3197,2021-12-13 22:00:00,1.32228,1.33136,1.3133899999999998,2021-12-16 10:00:00,1.33136,win,1.021372328458966,wickdiffs_W_H4_ALL_20260121_202249.csv,88.89999999999992,1.0
W,ALL,H4,H12,GBPUSD,long,2022-06-13,2022-06-20,1.19341,1.22154,0.02812999999999999,2022-06-15 01:00:00,2022-06-15 05:00:00,1.19894,1.19986,2022-07-01 09:00:00,1.20906,1.24967,1.181804966442953,2022-07-11 21:00:00,1.181804966442953,loss,-1.0,wickdiffs_W_H4_ALL_20260121_202249.csv,123.6681818181819,1.0
W,ALL,H4,H12,GBPUSD,long,2024-12-16,2024-12-23,1.24748,1.25669,0.009210000000000163,2024-12-27 06:00:00,2024-12-27 10:00:00,1.25052,1.25087,2024-12-30 10:00:00,1.2552,1.2659000000000002,1.2462115151515152,2025-01-02 10:00:00,1.2462115151515152,loss,-1.0,wickdiffs_W_H4_ALL_20260121_202249.csv,89.8848484848486,1.0
W,ALL,H4,H12,GBPUSD,long,2025-10-06,2025-10-13,1.32486,1.335,0.010140000000000038,2025-10-14 09:00:00,2025-10-14 13:00:00,1.32486,1.32608,2025-10-28 09:00:00,1.32718,1.34514,1.3151263087248322,2025-10-29 09:00:00,1.3151263087248322,loss,-1.0,wickdiffs_W_H4_ALL_20260121_202249.csv,83.76515151515152,1.0
W,ALL,H4,H12,GBPUSD,long,2025-10-27,2025-11-03,1.30102,1.31311,0.012089999999999934,2025-11-06 02:00:00,2025-11-06 06:00:00,1.30531,1.30574,2025-11-19 10:00:00,1.30594,1.3252,1.2930138255033559,2025-11-26 22:00:00,1.3252,win,1.49,wickdiffs_W_H4_ALL_20260121_202249.csv,82.84090909090922,1.0
W,ALL,H4,H12,GBPUSD,short,2016-03-28,2016-04-04,1.42277,1.445935,0.02316499999999988,2016-03-30 09:00:00,2016-03-30 13:00:00,1.44365,1.445935,2016-04-21 09:00:00,1.432265,1.3996050000000002,1.454184463087248,2016-04-25 21:00:00,1.454184463087248,loss,-1.0,wickdiffs_W_H4_ALL_20260121_202249.csv,151.3681818181819,1.0
W,ALL,H4,H12,GBPUSD,short,2016-10-17,2016-10-24,1.22315,1.23324,0.010089999999999932,2016-10-19 05:00:00,2016-10-19 09:00:00,1.232975,1.23324,2016-11-02 09:00:00,1.23033,1.21306,1.2435653030303029,2016-11-03 09:00:00,1.2435653030303029,loss,-1.0,wickdiffs_W_H4_ALL_20260121_202249.csv,132.3530303030303,1.0
W,ALL,H4,H12,GBPUSD,short,2018-03-19,2018-03-26,1.41327,1.42448,0.011209999999999942,2018-03-27 01:00:00,2018-03-27 05:00:00,1.42372,1.42448,2018-04-12 09:00:00,1.422635,1.40206,1.4364437248322148,2018-04-16 21:00:00,1.4364437248322148,loss,-1.0,wickdiffs_W_H4_ALL_20260121_202249.csv,123.8,1.0
W,ALL,H4,H12,GBPUSD,short,2018-09-17,2018-09-24,1.30787,1.32992,0.022049999999999903,2018-09-26 13:00:00,2018-09-26 17:00:00,1.31989,1.32184,2018-10-10 09:00:00,1.3193,1.2858200000000002,1.341769798657718,2018-10-25 09:00:00,1.2858200000000002,win,1.49,wickdiffs_W_H4_ALL_20260121_202249.csv,100.0227272727271,1.0
W,ALL,H4,H12,GBPUSD,short,2020-04-13,2020-04-20,1.25016,1.26479,0.014630000000000143,2020-04-14 17:00:00,2020-04-14 21:00:00,1.26309,1.26479,2020-04-30 09:00:00,1.2595,1.2355299999999998,1.2759528030303031,2020-05-06 09:00:00,1.2355299999999998,win,1.4568946067033055,wickdiffs_W_H4_ALL_20260121_202249.csv,164.5280303030302,1.0
W,ALL,H4,H12,GBPUSD,short,2020-04-27,2020-05-04,1.24946,1.26438,0.014920000000000044,2020-04-30 17:00:00,2020-04-30 21:00:00,1.2601,1.2605,2020-06-02 21:00:00,1.25718,1.23454,1.2742884848484848,2020-06-08 21:00:00,1.2742884848484848,loss,-1.0,wickdiffs_W_H4_ALL_20260121_202249.csv,171.0848484848484,1.0
W,ALL,H4,H12,GBPUSD,short,2020-08-24,2020-08-31,1.33512,1.34825,0.013129999999999864,2020-09-01 09:00:00,2020-09-01 13:00:00,1.34727,1.34825,2020-12-03 10:00:00,1.34526,1.3219900000000002,1.3608774496644291,2020-12-10 22:00:00,1.3219900000000002,win,1.49,wickdiffs_W_H4_ALL_20260121_202249.csv,122.1530303030303,1.0
W,ALL,H4,H12,GBPUSD,short,2021-03-08,2021-03-15,1.39206,1.4005,0.008440000000000003,2021-03-18 05:00:00,2021-03-18 09:00:00,1.3994,1.40014,2021-04-19 21:00:00,1.39816,1.38362,1.407918389261745,2021-04-22 09:00:00,1.38362,win,1.49,wickdiffs_W_H4_ALL_20260121_202249.csv,96.2242424242423,1.0
W,ALL,H4,H12,GBPUSD,short,2021-12-06,2021-12-13,1.32642,1.33746,0.01104000000000016,2021-12-16 10:00:00,2021-12-16 14:00:00,1.33577,1.33746,2021-12-22 10:00:00,1.33567,1.3153799999999998,1.3492874496644296,2021-12-29 10:00:00,1.3492874496644296,loss,-1.0,wickdiffs_W_H4_ALL_20260121_202249.csv,89.70909090909093,1.0
W,ALL,H4,H12,GBPUSD,short,2022-09-26,2022-10-03,1.11684,1.14958,0.03273999999999999,2022-10-06 01:00:00,2022-10-06 05:00:00,1.13673,1.13796,2022-10-13 09:00:00,1.13338,1.0841,1.1664538255033559,2022-11-10 10:00:00,1.1664538255033559,loss,-1.0,wickdiffs_W_H4_ALL_20260121_202249.csv,155.5681818181818,1.0
W,ALL,H4,H12,GBPUSD,short,2023-08-28,2023-09-04,1.25879,1.27466,0.01586999999999983,2023-08-31 01:00:00,2023-08-31 05:00:00,1.27246,1.27346,2023-11-28 22:00:00,1.26806,1.2429200000000002,1.2849324832214764,2024-03-08 10:00:00,1.2849324832214764,loss,-1.0,wickdiffs_W_H4_ALL_20260121_202249.csv,89.22727272727262,1.0
W,ALL,H4,H12,GBPUSD,short,2024-04-29,2024-05-06,1.25472,1.26348,0.008759999999999879,2024-05-06 09:00:00,2024-05-06 13:00:00,1.2592,1.25944,2024-05-14 09:00:00,1.25918,1.2459600000000002,1.2680524832214763,2024-05-15 09:00:00,1.2680524832214763,loss,-1.0,wickdiffs_W_H4_ALL_20260121_202249.csv,72.24545454545469,1.0
W,ALL,H4,H12,GBPUSD,short,2024-07-08,2024-07-15,1.29693,1.30448,0.007550000000000168,2024-07-17 09:00:00,2024-07-17 13:00:00,1.30364,1.30448,2024-08-20 09:00:00,1.30334,1.2893799999999997,1.3127091275167786,2024-08-21 21:00:00,1.3127091275167786,loss,-1.0,wickdiffs_W_H4_ALL_20260121_202249.csv,66.97121212121192,1.0
W,ALL,H4,H12,GBPUSD,short,2025-03-10,2025-03-17,1.29347,1.30149,0.008020000000000138,2025-03-19 21:00:00,2025-03-20 01:00:00,1.30132,1.30149,2025-04-02 09:00:00,1.3006,1.2854499999999998,1.3107677852348996,2025-04-02 21:00:00,1.3107677852348996,loss,-1.0,wickdiffs_W_H4_ALL_20260121_202249.csv,95.39696969696982,1.0
W,ALL,H4,H12,GBPUSD,short,2025-05-19,2025-05-26,1.35262,1.35934,0.006720000000000059,2025-05-26 01:00:00,2025-05-26 05:00:00,1.3593,1.35934,2025-06-05 09:00:00,1.35704,1.3458999999999999,1.3669627272727274,2025-06-09 21:00:00,1.3458999999999999,win,1.1226752175904853,wickdiffs_W_H4_ALL_20260121_202249.csv,99.22727272727288,1.0
W,ALL,H4,H12,NZDCAD,long,2015-09-28,2015-10-05,0.8432,0.84797,0.004770000000000052,2015-09-28 21:00:00,2015-09-29 01:00:00,0.8432,0.843865,2018-10-02 09:00:00,0.84554,0.85274,0.8394887878787878,2018-10-03 09:00:00,0.8394887878787878,loss,-1.0,wickdiffs_W_H4_ALL_20260121_202249.csv,60.51212121212127,1.0
W,ALL,H4,H12,NZDCAD,long,2016-09-19,2016-09-26,0.946115,0.954,0.00788499999999992,2016-09-23 05:00:00,2016-09-23 09:00:00,0.946115,0.94747,2016-10-04 21:00:00,0.948415,0.9618849999999999,0.9391794696969697,2016-10-10 09:00:00,0.9391794696969697,loss,-1.0,wickdiffs_W_H4_ALL_20260121_202249.csv,92.35530303030308,1.0
W,ALL,H4,H12,NZDCAD,long,2018-03-19,2018-03-26,0.92784,0.933185,0.005345000000000044,2018-03-29 21:00:00,2018-03-30 01:00:00,0.93076,0.93087,2018-04-02 09:00:00,0.93174,0.9385300000000001,0.9246686363636364,2018-04-06 09:00:00,0.9246686363636364,loss,-1.0,wickdiffs_W_H4_ALL_20260121_202249.csv,70.71363636363644,1.0
W,ALL,H4,H12,NZDCAD,long,2018-12-31,2019-01-07,0.89162,0.90035,0.008730000000000016,2019-01-08 18:00:00,2019-01-08 22:00:00,0.89214,0.89228,2019-01-20 22:00:00,0.89375,0.90908,0.8834614093959732,2019-01-28 10:00:00,0.90908,win,1.49,wickdiffs_W_H4_ALL_20260121_202249.csv,74.32424242424237,1.0
W,ALL,H4,H12,NZDCAD,long,2019-04-15,2019-04-22,0.88769,0.89501,0.007319999999999993,2019-04-24 13:00:00,2019-04-24 17:00:00,0.88769,0.88815,2019-05-06 09:00:00,0.88878,0.90233,0.8796860402684564,2019-05-07 21:00:00,0.8796860402684564,loss,-1.0,wickdiffs_W_H4_ALL_20260121_202249.csv,63.35303030303033,1.0
W,ALL,H4,H12,NZDCAD,long,2020-01-13,2020-01-20,0.86079,0.86417,0.0033799999999999386,2020-01-20 14:00:00,2020-01-20 18:00:00,0.86085,0.86094,2020-01-28 10:00:00,0.86123,0.8675499999999999,0.8557275757575759,2020-01-30 22:00:00,0.8557275757575759,loss,-1.0,wickdiffs_W_H4_ALL_20260121_202249.csv,55.02424242424248,1.0
W,ALL,H4,H12,NZDCAD,long,2020-03-16,2020-03-23,0.80186,0.81821,0.016349999999999976,2020-03-22 21:00:00,2020-03-23 01:00:00,0.80896,0.8091,2022-05-13 09:00:00,0.81202,0.83456,0.7968924832214764,2022-05-24 21:00:00,0.83456,win,1.49,wickdiffs_W_H4_ALL_20260121_202249.csv,70.03333333333327,1.0
W,ALL,H4,H12,NZDCAD,long,2022-03-07,2022-03-14,0.86108,0.86812,0.007040000000000046,2022-03-17 05:00:00,2022-03-17 09:00:00,0.86612,0.8664,2022-03-21 09:00:00,0.86714,0.87516,0.8603759999999999,2022-03-22 09:00:00,0.87516,win,1.1856889414547465,wickdiffs_W_H4_ALL_20260121_202249.csv,60.43030303030298,1.0
W,ALL,H4,H12,NZDCAD,long,2022-06-27,2022-07-04,0.79458,0.7996,0.0050200000000000244,2022-07-05 05:00:00,2022-07-05 09:00:00,0.79458,0.79476,2022-07-11 09:00:00,0.79492,0.80462,0.7877142424242424,2022-07-14 21:00:00,0.80462,win,1.3461457588628674,wickdiffs_W_H4_ALL_20260121_202249.csv,72.05757575757579,1.0
W,ALL,H4,H12,NZDCAD,long,2022-12-19,2022-12-26,0.8463,0.85432,0.008019999999999916,2022-12-27 14:00:00,2022-12-27 18:00:00,0.8463,0.8464,2023-01-02 22:00:00,0.85052,0.8623399999999999,0.8412475757575758,2023-01-03 22:00:00,0.8623399999999999,win,1.2747475407692879,wickdiffs_W_H4_ALL_20260121_202249.csv,92.72424242424243,1.0
W,ALL,H4,H12,NZDCAD,long,2023-07-24,2023-07-31,0.80959,0.81556,0.00596999999999992,2023-08-04 05:00:00,2023-08-04 09:00:00,0.8116,0.81251,2023-08-07 21:00:00,0.8141,0.8215299999999999,0.8068962121212122,2023-08-11 09:00:00,0.8068962121212122,loss,-1.0,wickdiffs_W_H4_ALL_20260121_202249.csv,72.03787878787871,1.0
W,ALL,H4,H12,NZDCAD,long,2024-09-30,2024-10-07,0.82878,0.83608,0.007300000000000084,2024-10-09 13:00:00,2024-10-09 17:00:00,0.82878,0.82912,2024-10-27 21:00:00,0.82984,0.8433800000000001,0.8207527516778523,2024-11-13 22:00:00,0.8207527516778523,loss,-1.0,wickdiffs_W_H4_ALL_20260121_202249.csv,60.42575757575767,1.0
W,ALL,H4,H12,NZDCAD,long,2025-07-14,2025-07-21,0.81098,0.81903,0.008050000000000002,2025-07-17 09:00:00,2025-07-17 13:00:00,0.81306,0.81326,2025-08-01 09:00:00,0.81574,0.82708,0.8081292617449665,2025-08-19 21:00:00,0.8081292617449665,loss,-1.0,wickdiffs_W_H4_ALL_20260121_202249.csv,60.44545454545445,1.0
W,ALL,H4,H12,NZDCAD,short,2015-07-06,2015-07-13,0.85107,0.860395,0.009325000000000028,2015-07-10 05:00:00,2015-07-10 09:00:00,0.859395,0.859655,2015-07-20 21:00:00,0.858855,0.841745,0.8703382214765102,2015-07-28 21:00:00,0.8703382214765102,loss,-1.0,wickdiffs_W_H4_ALL_20260121_202249.csv,96.57045454545444,1.0
W,ALL,H4,H12,NZDCAD,short,2016-08-01,2016-08-08,0.94059,0.95829,0.017699999999999938,2016-08-11 09:00:00,2016-08-11 13:00:00,0.94634,0.946865,2016-08-22 21:00:00,0.945725,0.9228900000000001,0.9610505033557047,2016-09-07 09:00:00,0.9610505033557047,loss,-1.0,wickdiffs_W_H4_ALL_20260121_202249.csv,98.95075757575763,1.0
W,ALL,H4,H12,NZDCAD,short,2017-11-20,2017-11-27,0.874385,0.88888,0.014495000000000036,2017-12-01 06:00:00,2017-12-01 10:00:00,0.8812,0.88339,2017-12-06 22:00:00,0.87719,0.8598899999999999,0.8903295,2017-12-11 22:00:00,0.8903295,loss,-1.0,wickdiffs_W_H4_ALL_20260121_202249.csv,80.52121212121212,1.0
W,ALL,H4,H12,NZDCAD,short,2018-06-18,2018-06-25,0.91668,0.92293,0.006249999999999978,2018-06-22 13:00:00,2018-06-22 17:00:00,0.92013,0.92043,2018-12-04 22:00:00,0.91947,0.9104300000000001,0.9263456060606061,2018-12-13 22:00:00,0.9104300000000001,win,1.3147931862755808,wickdiffs_W_H4_ALL_20260121_202249.csv,68.7560606060606,1.0
W,ALL,H4,H12,NZDCAD,short,2018-12-03,2018-12-10,0.91389,0.9257,0.011809999999999987,2018-12-11 10:00:00,2018-12-11 14:00:00,0.92478,0.92516,2018-12-18 22:00:00,0.9244,0.90208,0.9393798657718121,2019-01-02 22:00:00,0.90208,win,1.49,wickdiffs_W_H4_ALL_20260121_202249.csv,71.41363636363629,1.0
W,ALL,H4,H12,NZDCAD,short,2020-12-21,2020-12-28,0.91527,0.92236,0.00708999999999993,2020-12-31 10:00:00,2020-12-31 14:00:00,0.92122,0.92236,2021-01-04 22:00:00,0.91868,0.9081800000000001,0.9257269798657718,2021-01-06 10:00:00,0.9257269798657718,loss,-1.0,wickdiffs_W_H4_ALL_20260121_202249.csv,58.04090909090905,1.0
W,ALL,H4,H12,NZDCAD,short,2021-01-04,2021-01-11,0.91809,0.92576,0.007670000000000066,2021-01-08 10:00:00,2021-01-08 14:00:00,0.9228,0.92287,2021-02-02 22:00:00,0.9205,0.9104199999999999,0.927265100671141,2021-02-23 22:00:00,0.927265100671141,loss,-1.0,wickdiffs_W_H4_ALL_20260121_202249.csv,57.52727272727275,1.0
W,ALL,H4,H12,NZDCAD,short,2021-01-25,2021-02-01,0.9179,0.92374,0.005839999999999956,2021-02-03 22:00:00,2021-02-04 02:00:00,0.92272,0.92374,2021-02-08 22:00:00,0.92166,0.9120600000000001,0.9281029530201342,2021-02-17 10:00:00,0.9120600000000001,win,1.49,wickdiffs_W_H4_ALL_20260121_202249.csv,57.40303030303033,1.0
W,ALL,H4,H12,NZDCAD,short,2021-04-19,2021-04-26,0.89822,0.90826,0.010039999999999938,2021-04-26 05:00:00,2021-04-26 09:00:00,0.89942,0.89997,2021-09-07 21:00:00,0.89904,0.8881800000000001,0.909264,2021-09-24 09:00:00,0.8881800000000001,win,1.0622065727699392,wickdiffs_W_H4_ALL_20260121_202249.csv,60.95757575757574,1.0
W,ALL,H4,H12,NZDCAD,short,2024-08-26,2024-09-02,0.84217,0.84742,0.005249999999999977,2024-08-29 01:00:00,2024-08-29 05:00:00,0.84738,0.84742,2024-09-18 09:00:00,0.84468,0.83692,0.8500074242424243,2024-09-24 09:00:00,0.8500074242424243,loss,-1.0,wickdiffs_W_H4_ALL_20260121_202249.csv,53.27424242424246,1.0
W,ALL,H4,H12,NZDCAD,short,2025-06-02,2025-06-09,0.82382,0.8306,0.006780000000000008,2025-06-11 09:00:00,2025-06-11 13:00:00,0.82698,0.82808,2025-06-18 09:00:00,0.82542,0.81704,0.8330075757575758,2025-06-22 21:00:00,0.81704,win,1.104437078158081,wickdiffs_W_H4_ALL_20260121_202249.csv,75.87575757575753,1.0
W,ALL,H4,H12,NZDCHF,long,2017-03-06,2017-03-13,0.69428,0.69962,0.005340000000000011,2017-03-16 13:00:00,2017-03-16 17:00:00,0.69428,0.69446,2017-03-26 21:00:00,0.694855,0.70496,0.6880731208053691,2017-04-13 09:00:00,0.70496,win,1.49,wickdiffs_W_H4_ALL_20260121_202249.csv,56.99848484848484,1.0
W,ALL,H4,H12,NZDCHF,long,2017-08-07,2017-08-14,0.69747,0.704125,0.0066549999999999665,2017-08-11 01:00:00,2017-08-11 05:00:00,0.69747,0.69816,2017-08-22 21:00:00,0.69847,0.71078,0.6902082550335571,2017-08-27 21:00:00,0.6902082550335571,loss,-1.0,wickdiffs_W_H4_ALL_20260121_202249.csv,62.50000000000001,1.0
W,ALL,H4,H12,NZDCHF,long,2018-02-26,2018-03-05,0.67474,0.679365,0.00462499999999999,2018-03-05 06:00:00,2018-03-05 10:00:00,0.67494,0.67574,2018-06-26 21:00:00,0.67594,0.68399,0.6705308333333333,2018-06-29 09:00:00,0.6705308333333333,loss,-1.0,wickdiffs_W_H4_ALL_20260121_202249.csv,54.09166666666661,1.0
W,ALL,H4,H12,NZDCHF,long,2018-04-23,2018-04-30,0.69336,0.69991,0.006550000000000056,2018-04-26 01:00:00,2018-04-26 05:00:00,0.69336,0.69354,2018-05-09 21:00:00,0.69648,0.7064600000000001,0.6897820134228188,2018-05-15 09:00:00,0.6897820134228188,loss,-1.0,wickdiffs_W_H4_ALL_20260121_202249.csv,53.81742424242424,1.0
W,ALL,H4,H12,NZDCHF,long,2018-06-25,2018-07-02,0.66526,0.67104,0.005780000000000007,2018-07-03 21:00:00,2018-07-04 01:00:00,0.66952,0.66962,2018-08-02 21:00:00,0.67028,0.67682,0.664682,2018-08-08 21:00:00,0.664682,loss,-1.0,wickdiffs_W_H4_ALL_20260121_202249.csv,52.83636363636363,1.0
W,ALL,H4,H12,NZDCHF,long,2019-01-14,2019-01-21,0.66758,0.67146,0.0038799999999999946,2019-01-17 06:00:00,2019-01-17 10:00:00,0.66758,0.66786,2019-05-07 21:00:00,0.67065,0.6753399999999999,0.6658087878787878,2019-05-12 21:00:00,0.6658087878787878,loss,-1.0,wickdiffs_W_H4_ALL_20260121_202249.csv,48.4121212121212,1.0
W,ALL,H4,H12,NZDCHF,long,2019-12-16,2019-12-23,0.6428,0.64896,0.006159999999999943,2019-12-18 06:00:00,2019-12-18 10:00:00,0.64296,0.64324,2020-01-07 22:00:00,0.64684,0.6551199999999999,0.6412829530201343,2020-01-14 10:00:00,0.6412829530201343,loss,-1.0,wickdiffs_W_H4_ALL_20260121_202249.csv,45.6606060606061,1.0
W,ALL,H4,H12,NZDCHF,long,2020-03-16,2020-03-23,0.53,0.56146,0.03145999999999993,2020-03-22 21:00:00,2020-03-23 01:00:00,0.55179,0.55214,2022-09-30 09:00:00,0.5527,0.5929199999999999,0.525706711409396,2022-11-28 22:00:00,0.5929199999999999,win,1.49,wickdiffs_W_H4_ALL_20260121_202249.csv,58.87272727272729,1.0
W,ALL,H4,H12,NZDCHF,long,2020-09-21,2020-09-28,0.60256,0.6079,0.005340000000000011,2020-09-24 01:00:00,2020-09-24 05:00:00,0.60256,0.60289,2020-10-07 09:00:00,0.60348,0.61324,0.5969296644295302,2020-10-19 21:00:00,0.5969296644295302,loss,-1.0,wickdiffs_W_H4_ALL_20260121_202249.csv,50.38484848484859,1.0
W,ALL,H4,H12,NZDCHF,long,2020-11-30,2020-12-07,0.62366,0.62804,0.0043800000000000505,2020-12-10 10:00:00,2020-12-10 14:00:00,0.6251,0.62519,2020-12-14 22:00:00,0.62612,0.6324200000000001,0.6212204545454546,2020-12-16 22:00:00,0.6324200000000001,win,1.2858335652658117,wickdiffs_W_H4_ALL_20260121_202249.csv,48.99545454545454,1.0
W,ALL,H4,H12,NZDCHF,long,2021-04-26,2021-05-03,0.64988,0.65398,0.0040999999999999925,2021-05-04 09:00:00,2021-05-04 13:00:00,0.64988,0.65034,2021-05-12 09:00:00,0.65084,0.65808,0.645344696969697,2021-05-20 21:00:00,0.645344696969697,loss,-1.0,wickdiffs_W_H4_ALL_20260121_202249.csv,54.95303030303035,1.0
W,ALL,H4,H12,NZDCHF,long,2021-07-05,2021-07-12,0.63344,0.6392,0.005759999999999987,2021-07-13 09:00:00,2021-07-13 13:00:00,0.63626,0.63628,2021-07-19 09:00:00,0.63738,0.64496,0.6322927516778523,2021-07-28 09:00:00,0.6322927516778523,loss,-1.0,wickdiffs_W_H4_ALL_20260121_202249.csv,50.47878787878785,1.0
W,ALL,H4,H12,NZDCHF,long,2021-11-08,2021-11-15,0.64534,0.64895,0.003610000000000002,2021-11-11 06:00:00,2021-11-11 10:00:00,0.64534,0.64537,2021-11-22 22:00:00,0.64616,0.65256,0.6409948484848484,2021-11-24 10:00:00,0.6409948484848484,loss,-1.0,wickdiffs_W_H4_ALL_20260121_202249.csv,51.65151515151505,1.0
W,ALL,H4,H12,NZDCHF,long,2022-12-19,2022-12-26,0.58032,0.58652,0.006200000000000094,2022-12-29 06:00:00,2022-12-29 10:00:00,0.58256,0.58259,2023-01-02 22:00:00,0.58542,0.5927200000000001,0.5787186363636364,2023-01-11 10:00:00,0.5927200000000001,win,1.0893305297429419,wickdiffs_W_H4_ALL_20260121_202249.csv,67.01363636363632,1.0
W,ALL,H4,H12,NZDCHF,long,2023-06-26,2023-07-03,0.54424,0.54946,0.005220000000000002,2023-06-29 09:00:00,2023-06-29 13:00:00,0.54424,0.5445,2023-07-11 09:00:00,0.54488,0.55468,0.5383028187919464,2023-07-18 09:00:00,0.5383028187919464,loss,-1.0,wickdiffs_W_H4_ALL_20260121_202249.csv,46.41969696969694,1.0
W,ALL,H4,H12,NZDCHF,long,2024-01-01,2024-01-08,0.52812,0.53107,0.002950000000000008,2024-01-08 10:00:00,2024-01-08 14:00:00,0.52812,0.5283,2024-01-16 10:00:00,0.52886,0.53402,0.5246969696969697,2024-02-07 10:00:00,0.53402,win,1.2394817295094003,wickdiffs_W_H4_ALL_20260121_202249.csv,41.63030303030311,1.0
W,ALL,H4,H12,NZDCHF,long,2024-07-29,2024-08-05,0.4944,0.51086,0.016459999999999975,2024-08-06 09:00:00,2024-08-06 13:00:00,0.50406,0.50422,2024-12-20 10:00:00,0.50504,0.52732,0.4900869798657719,2025-04-03 21:00:00,0.4900869798657719,loss,-1.0,wickdiffs_W_H4_ALL_20260121_202249.csv,41.96818181818178,1.0
W,ALL,H4,H12,NZDCHF,long,2024-11-11,2024-11-18,0.51671,0.52146,0.004750000000000032,2024-11-22 02:00:00,2024-11-22 06:00:00,0.51671,0.51698,2024-11-25 22:00:00,0.51767,0.5262100000000001,0.5119384563758388,2024-12-06 10:00:00,0.5119384563758388,loss,-1.0,wickdiffs_W_H4_ALL_20260121_202249.csv,41.84696969696969,1.0
W,ALL,H4,H12,NZDCHF,long,2025-07-14,2025-07-21,0.4736,0.47778,0.0041799999999999615,2025-07-22 17:00:00,2025-07-22 21:00:00,0.47452,0.47517,2025-08-01 09:00:00,0.4756,0.48195999999999994,0.47133154362416113,2025-08-07 21:00:00,0.48195999999999994,win,1.49,wickdiffs_W_H4_ALL_20260121_202249.csv,40.23030303030303,1.0
W,ALL,H4,H12,NZDCHF,short,2016-08-08,2016-08-15,0.701435,0.716205,0.01476999999999995,2016-08-12 09:00:00,2016-08-12 13:00:00,0.704925,0.705045,2016-08-22 21:00:00,0.70343,0.6866650000000001,0.7176819999999999,2016-09-02 09:00:00,0.7176819999999999,loss,-1.0,wickdiffs_W_H4_ALL_20260121_202249.csv,78.75757575757588,1.0
W,ALL,H4,H12,NZDCHF,short,2016-09-26,2016-10-03,0.707615,0.71471,0.0070949999999999624,2016-10-04 09:00:00,2016-10-04 13:00:00,0.71415,0.71471,2016-10-18 21:00:00,0.713145,0.70052,0.7216181543624162,2016-11-01 09:00:00,0.70052,win,1.49,wickdiffs_W_H4_ALL_20260121_202249.csv,67.04015151515158,1.0
W,ALL,H4,H12,NZDCHF,short,2016-10-31,2016-11-07,0.709415,0.72599,0.016575000000000006,2016-11-10 14:00:00,2016-11-10 18:00:00,0.714045,0.71464,2016-11-21 10:00:00,0.71287,0.69284,0.7276475,2016-12-08 10:00:00,0.7276475,loss,-1.0,wickdiffs_W_H4_ALL_20260121_202249.csv,69.7734848484849,1.0
W,ALL,H4,H12,NZDCHF,short,2017-05-08,2017-05-15,0.68695,0.70123,0.01428000000000007,2017-05-12 09:00:00,2017-05-12 13:00:00,0.69072,0.69108,2017-05-29 09:00:00,0.689695,0.6726699999999999,0.702658,2017-06-14 09:00:00,0.702658,loss,-1.0,wickdiffs_W_H4_ALL_20260121_202249.csv,58.5954545454545,1.0
W,ALL,H4,H12,NZDCHF,short,2017-05-22,2017-05-29,0.688285,0.69438,0.0060949999999999616,2017-05-31 05:00:00,2017-05-31 09:00:00,0.69228,0.69291,2017-06-06 09:00:00,0.690855,0.6821900000000001,0.6966704362416107,2017-06-07 21:00:00,0.6966704362416107,loss,-1.0,wickdiffs_W_H4_ALL_20260121_202249.csv,57.88409090909089,1.0
W,ALL,H4,H12,NZDCHF,short,2019-03-11,2019-03-18,0.68606,0.69225,0.006190000000000029,2019-03-18 01:00:00,2019-03-18 05:00:00,0.68788,0.68842,2019-03-26 09:00:00,0.68692,0.67987,0.6928690000000001,2019-03-26 21:00:00,0.67987,win,1.1850731215330124,wickdiffs_W_H4_ALL_20260121_202249.csv,55.28484848484849,1.0
W,ALL,H4,H12,NZDCHF,short,2019-09-02,2019-09-09,0.63394,0.64038,0.006440000000000001,2019-09-12 17:00:00,2019-09-12 21:00:00,0.63496,0.63524,2019-10-21 21:00:00,0.63424,0.6275,0.6410239999999999,2019-11-25 22:00:00,0.6410239999999999,loss,-1.0,wickdiffs_W_H4_ALL_20260121_202249.csv,54.77727272727275,1.0
W,ALL,H4,H12,NZDCHF,short,2020-04-20,2020-04-27,0.58536,0.59948,0.014120000000000021,2020-04-30 09:00:00,2020-04-30 13:00:00,0.59684,0.59747,2020-05-10 21:00:00,0.59364,0.57124,0.6086735570469798,2020-06-02 09:00:00,0.6086735570469798,loss,-1.0,wickdiffs_W_H4_ALL_20260121_202249.csv,90.32954545454548,1.0
W,ALL,H4,H12,NZDCHF,short,2021-08-09,2021-08-16,0.64458,0.65038,0.005799999999999916,2021-08-11 13:00:00,2021-08-11 17:00:00,0.65002,0.65038,2021-09-02 09:00:00,0.64998,0.6387800000000001,0.6574967785234899,2021-09-14 09:00:00,0.6574967785234899,loss,-1.0,wickdiffs_W_H4_ALL_20260121_202249.csv,52.23787878787874,1.0
W,ALL,H4,H12,NZDCHF,short,2022-05-02,2022-05-09,0.63342,0.63815,0.004730000000000012,2022-05-06 13:00:00,2022-05-06 17:00:00,0.63486,0.63501,2022-05-16 21:00:00,0.63441,0.62869,0.6403934848484849,2022-05-18 09:00:00,0.62869,win,0.9559646501734684,wickdiffs_W_H4_ALL_20260121_202249.csv,59.83484848484839,1.0
W,ALL,H4,H12,NZDCHF,short,2024-12-30,2025-01-06,0.51001,0.51488,0.004870000000000041,2025-01-07 10:00:00,2025-01-07 14:00:00,0.51465,0.51488,2025-01-13 22:00:00,0.51394,0.5051399999999999,0.5198460402684564,2025-02-27 22:00:00,0.5051399999999999,win,1.49,wickdiffs_W_H4_ALL_20260121_202249.csv,38.68484848484841,1.0
W,ALL,H4,H12,NZDJPY,long,2016-07-04,2016-07-11,71.2545,73.442,2.1875,2016-07-07 13:00:00,2016-07-07 17:00:00,72.5085,72.6475,2016-08-02 21:00:00,72.67,75.6295,70.68375838926175,2016-09-02 09:00:00,75.6295,win,1.49,wickdiffs_W_H4_ALL_20260121_202249.csv,120.8166666666668,1.0
W,ALL,H4,H12,NZDJPY,long,2017-10-23,2017-10-30,77.352,78.168,0.8160000000000025,2017-10-31 05:00:00,2017-10-31 09:00:00,77.352,77.451,2017-11-15 22:00:00,77.5745,78.98400000000001,76.62852684563758,2017-11-16 22:00:00,76.62852684563758,loss,-1.0,wickdiffs_W_H4_ALL_20260121_202249.csv,73.72500000000004,1.0
W,ALL,H4,H12,NZDJPY,long,2018-12-31,2019-01-07,70.704,73.063,2.359000000000009,2019-01-03 18:00:00,2019-01-03 22:00:00,71.843,71.884,2019-05-07 21:00:00,72.576,75.42200000000001,70.46809999999999,2019-06-14 09:00:00,70.46809999999999,loss,-1.0,wickdiffs_W_H4_ALL_20260121_202249.csv,60.27575757575767,1.0
W,ALL,H4,H12,NZDJPY,long,2021-09-13,2021-09-20,76.338,77.381,1.0430000000000064,2021-09-22 21:00:00,2021-09-23 01:00:00,76.7,76.725,2021-09-30 09:00:00,76.781,78.424,75.67831543624162,2021-10-10 21:00:00,78.424,win,1.49,wickdiffs_W_H4_ALL_20260121_202249.csv,75.05454545454535,1.0
W,ALL,H4,H12,NZDJPY,long,2022-06-13,2022-06-20,82.974,85.24,2.265999999999991,2022-06-16 09:00:00,2022-06-16 13:00:00,82.974,83.29,2022-06-30 21:00:00,83.723,87.50599999999999,81.18407382550336,2022-09-07 21:00:00,87.50599999999999,win,1.4899999999999998,wickdiffs_W_H4_ALL_20260121_202249.csv,112.2969696969698,1.0
W,ALL,H4,H12,NZDJPY,long,2022-07-25,2022-08-01,82.134,83.807,1.6730000000000018,2022-08-02 05:00:00,2022-08-02 09:00:00,82.134,82.135,2022-09-25 21:00:00,82.519,85.48,80.53175167785236,2022-10-20 09:00:00,85.48,win,1.49,wickdiffs_W_H4_ALL_20260121_202249.csv,94.82575757575756,1.0
W,ALL,H4,H12,NZDJPY,long,2022-12-26,2023-01-02,81.04,83.262,2.221999999999994,2023-01-03 06:00:00,2023-01-03 10:00:00,81.04,81.158,2023-01-13 10:00:00,81.62,85.484,79.02671140939599,2023-05-08 09:00:00,85.484,win,1.49,wickdiffs_W_H4_ALL_20260121_202249.csv,112.3227272727274,1.0
W,ALL,H4,H12,NZDJPY,long,2023-07-03,2023-07-10,86.242,88.282,2.039999999999992,2023-07-12 05:00:00,2023-07-12 09:00:00,86.242,86.47,2023-07-18 09:00:00,87.063,90.32199999999999,84.87575167785236,2023-11-14 10:00:00,90.32199999999999,win,1.49,wickdiffs_W_H4_ALL_20260121_202249.csv,87.07727272727274,1.0
W,ALL,H4,H12,NZDJPY,short,2016-08-08,2016-08-15,72.899,74.48,1.581000000000003,2016-08-11 21:00:00,2016-08-12 01:00:00,73.5885,73.662,2016-08-24 09:00:00,73.4415,71.318,74.86666778523491,2016-08-30 21:00:00,74.86666778523491,loss,-1.0,wickdiffs_W_H4_ALL_20260121_202249.csv,117.7719696969698,1.0
W,ALL,H4,H12,NZDJPY,short,2017-04-17,2017-04-24,76.702,77.965,1.2630000000000052,2017-04-24 05:00:00,2017-04-24 09:00:00,77.582,77.6,2017-05-01 21:00:00,77.5455,75.439,78.95925838926176,2017-05-10 09:00:00,78.95925838926176,loss,-1.0,wickdiffs_W_H4_ALL_20260121_202249.csv,66.45151515151515,1.0
W,ALL,H4,H12,NZDJPY,short,2019-02-25,2019-03-04,76.073,76.552,0.4790000000000134,2019-02-25 14:00:00,2019-02-25 18:00:00,76.542,76.552,2019-03-14 21:00:00,76.54,75.59399999999998,77.27557575757577,2019-03-22 09:00:00,75.59399999999998,win,1.2860673972151617,wickdiffs_W_H4_ALL_20260121_202249.csv,73.55757575757585,1.0
W,ALL,H4,H12,NZDJPY,short,2019-10-14,2019-10-21,69.214,69.96,0.7459999999999951,2019-10-22 01:00:00,2019-10-22 05:00:00,69.921,69.96,2019-11-03 22:00:00,69.862,68.468,70.79757046979864,2019-12-01 22:00:00,70.79757046979864,loss,-1.0,wickdiffs_W_H4_ALL_20260121_202249.csv,67.0636363636363,1.0
W,ALL,H4,H12,NZDJPY,short,2021-04-12,2021-04-19,77.742,78.379,0.6370000000000005,2021-04-20 05:00:00,2021-04-20 09:00:00,78.287,78.379,2021-04-26 09:00:00,78.219,77.105,78.9666510067114,2021-04-28 21:00:00,78.9666510067114,loss,-1.0,wickdiffs_W_H4_ALL_20260121_202249.csv,68.90909090909086,1.0
W,ALL,H4,H12,NZDJPY,short,2022-03-21,2022-03-28,84.938,86.962,2.024000000000001,2022-03-28 05:00:00,2022-03-28 09:00:00,86.635,86.962,2022-04-12 21:00:00,85.552,82.914,87.32246979865772,2022-04-19 21:00:00,87.32246979865772,loss,-1.0,wickdiffs_W_H4_ALL_20260121_202249.csv,85.97878787878786,1.0
W,ALL,H4,H12,NZDJPY,short,2022-04-11,2022-04-18,85.482,87.35,1.867999999999995,2022-04-22 09:00:00,2022-04-22 13:00:00,85.751,85.868,2022-06-06 21:00:00,85.654,83.614,87.5368,2022-06-14 09:00:00,83.614,win,1.0834926704907524,wickdiffs_W_H4_ALL_20260121_202249.csv,109.3939393939395,1.0
W,ALL,H4,H12,NZDJPY,short,2022-06-06,2022-06-13,85.398,86.818,1.4200000000000017,2022-06-09 01:00:00,2022-06-09 05:00:00,86.578,86.596,2022-06-21 09:00:00,86.56,83.978,88.29288590604028,2022-06-30 21:00:00,83.978,win,1.49,wickdiffs_W_H4_ALL_20260121_202249.csv,115.0045454545456,1.0
W,ALL,H4,H12,NZDJPY,short,2023-02-27,2023-03-06,84.526,85.246,0.7199999999999989,2023-03-02 22:00:00,2023-03-03 02:00:00,85.182,85.232,2023-05-01 21:00:00,85.161,83.806,86.07039597315436,2023-05-03 21:00:00,83.806,win,1.49,wickdiffs_W_H4_ALL_20260121_202249.csv,90.24848484848484,1.0
W,ALL,H4,H12,NZDJPY,short,2023-08-07,2023-08-14,86.762,87.8,1.0379999999999967,2023-08-15 01:00:00,2023-08-15 05:00:00,87.186,87.241,2023-08-30 09:00:00,87.064,85.724,87.96332885906038,2023-09-19 21:00:00,87.96332885906038,loss,-1.0,wickdiffs_W_H4_ALL_20260121_202249.csv,85.71666666666651,1.0
W,ALL,H4,H12,NZDJPY,short,2024-03-18,2024-03-25,90.751,92.204,1.4529999999999887,2024-03-21 05:00:00,2024-03-21 09:00:00,92.024,92.204,2024-04-09 09:00:00,91.96,89.29800000000002,93.74657718120804,2024-04-26 09:00:00,93.74657718120804,loss,-1.0,wickdiffs_W_H4_ALL_20260121_202249.csv,59.11515151515145,1.0
W,ALL,H4,H12,NZDUSD,long,2015-10-19,2015-10-26,0.66224,0.67522,0.012979999999999992,2015-10-30 09:00:00,2015-10-30 13:00:00,0.672235,0.67254,2015-11-02 10:00:00,0.6745,0.6882,0.660942,2015-11-04 10:00:00,0.660942,loss,-1.0,wickdiffs_W_H4_ALL_20260121_202249.csv,97.84393939393937,1.0
W,ALL,H4,H12,NZDUSD,long,2015-12-07,2015-12-14,0.65773,0.67177,0.014039999999999941,2015-12-17 22:00:00,2015-12-18 02:00:00,0.6682,0.668555,2016-01-05 10:00:00,0.670455,0.6858099999999999,0.6563260000000001,2016-01-08 10:00:00,0.6563260000000001,loss,-1.0,wickdiffs_W_H4_ALL_20260121_202249.csv,83.04393939393928,1.0
W,ALL,H4,H12,NZDUSD,long,2018-06-25,2018-07-02,0.66876,0.67746,0.00869999999999993,2018-07-04 21:00:00,2018-07-05 01:00:00,0.67504,0.6755,2018-07-11 09:00:00,0.67592,0.6861599999999999,0.66789,2018-08-08 21:00:00,0.66789,loss,-1.0,wickdiffs_W_H4_ALL_20260121_202249.csv,56.04924242424241,1.0
W,ALL,H4,H12,NZDUSD,long,2018-12-24,2018-12-31,0.65819,0.67061,0.012419999999999987,2019-01-03 02:00:00,2019-01-03 06:00:00,0.66221,0.66226,2019-04-23 21:00:00,0.66274,0.68303,0.6491225503355704,2019-05-22 21:00:00,0.6491225503355704,loss,-1.0,wickdiffs_W_H4_ALL_20260121_202249.csv,53.62424242424253,1.0
W,ALL,H4,H12,NZDUSD,long,2020-03-16,2020-03-23,0.54694,0.56979,0.022850000000000037,2020-03-22 21:00:00,2020-03-23 01:00:00,0.55866,0.55957,2022-09-27 21:00:00,0.55967,0.5926400000000001,0.5375424832214765,2022-11-02 09:00:00,0.5926400000000001,win,1.49,wickdiffs_W_H4_ALL_20260121_202249.csv,76.92121212121226,1.0
W,ALL,H4,H12,NZDUSD,long,2021-07-05,2021-07-12,0.69174,0.69953,0.007789999999999964,2021-07-13 09:00:00,2021-07-13 13:00:00,0.69174,0.6919,2021-07-19 09:00:00,0.69433,0.70732,0.685611879194631,2021-08-03 21:00:00,0.70732,win,1.49,wickdiffs_W_H4_ALL_20260121_202249.csv,69.09696969696958,1.0
W,ALL,H4,H12,NZDUSD,long,2022-06-13,2022-06-20,0.61967,0.63134,0.011669999999999958,2022-06-14 13:00:00,2022-06-14 17:00:00,0.61967,0.62072,2022-06-29 09:00:00,0.62215,0.64301,0.60815,2022-07-13 09:00:00,0.60815,loss,-1.0,wickdiffs_W_H4_ALL_20260121_202249.csv,79.10909090909098,1.0
W,ALL,H4,H12,NZDUSD,long,2022-07-11,2022-07-18,0.60607,0.61592,0.009850000000000025,2022-07-14 09:00:00,2022-07-14 13:00:00,0.60607,0.60776,2022-08-31 21:00:00,0.6104,0.62577,0.6000845637583894,2022-09-06 21:00:00,0.6000845637583894,loss,-1.0,wickdiffs_W_H4_ALL_20260121_202249.csv,77.39696969696978,1.0
W,ALL,H4,H12,NZDUSD,long,2024-02-12,2024-02-19,0.60498,0.61248,0.007500000000000062,2024-02-14 10:00:00,2024-02-14 14:00:00,0.60728,0.6073,2024-03-04 22:00:00,0.6075,0.6199800000000001,0.5991241610738255,2024-03-08 10:00:00,0.6199800000000001,win,1.49,wickdiffs_W_H4_ALL_20260121_202249.csv,53.60454545454547,1.0
W,ALL,H4,H12,NZDUSD,long,2024-06-24,2024-07-01,0.60476,0.6099,0.005140000000000033,2024-07-02 01:00:00,2024-07-02 05:00:00,0.60476,0.60477,2024-07-16 09:00:00,0.60496,0.61504,0.5981948993288592,2024-07-22 09:00:00,0.5981948993288592,loss,-1.0,wickdiffs_W_H4_ALL_20260121_202249.csv,45.27727272727277,1.0
W,ALL,H4,H12,NZDUSD,long,2025-07-14,2025-07-21,0.59049,0.59711,0.00662000000000007,2025-07-22 05:00:00,2025-07-22 09:00:00,0.59406,0.59454,2025-07-29 09:00:00,0.59548,0.6037300000000001,0.589659090909091,2025-07-30 09:00:00,0.589659090909091,loss,-1.0,wickdiffs_W_H4_ALL_20260121_202249.csv,58.20909090909083,1.0
W,ALL,H4,H12,NZDUSD,short,2016-04-11,2016-04-18,0.69203,0.705505,0.013475000000000015,2016-04-19 17:00:00,2016-04-19 21:00:00,0.70512,0.70542,2016-05-02 21:00:00,0.70134,0.678555,0.7166319463087247,2016-05-09 09:00:00,0.678555,win,1.49,wickdiffs_W_H4_ALL_20260121_202249.csv,93.8962121212122,1.0
W,ALL,H4,H12,NZDUSD,short,2016-11-28,2016-12-05,0.71418,0.72226,0.008079999999999976,2016-12-08 06:00:00,2016-12-08 10:00:00,0.72113,0.722,2016-12-13 10:00:00,0.72027,0.7061000000000001,0.7297800671140938,2016-12-15 10:00:00,0.7061000000000001,win,1.49,wickdiffs_W_H4_ALL_20260121_202249.csv,73.08636363636369,1.0
W,ALL,H4,H12,NZDUSD,short,2019-10-14,2019-10-21,0.63811,0.64358,0.005470000000000086,2019-10-22 01:00:00,2019-10-22 05:00:00,0.64355,0.64358,2019-10-31 21:00:00,0.64319,0.6326399999999999,0.6502705369127518,2019-11-08 10:00:00,0.6326399999999999,win,1.49,wickdiffs_W_H4_ALL_20260121_202249.csv,49.08484848484854,1.0
W,ALL,H4,H12,NZDUSD,short,2022-10-03,2022-10-10,0.5607,0.58138,0.02068000000000003,2022-10-14 01:00:00,2022-10-14 05:00:00,0.56801,0.56816,2022-10-17 21:00:00,0.56646,0.54002,0.5842049664429529,2022-10-26 09:00:00,0.5842049664429529,loss,-1.0,wickdiffs_W_H4_ALL_20260121_202249.csv,87.22272727272737,1.0
W,ALL,H4,H12,NZDUSD,short,2022-12-05,2022-12-12,0.64118,0.65138,0.010199999999999987,2022-12-13 10:00:00,2022-12-13 14:00:00,0.64952,0.65138,2023-01-18 10:00:00,0.64444,0.63098,0.6538680303030303,2023-02-05 22:00:00,0.63098,win,1.4276576938529546,wickdiffs_W_H4_ALL_20260121_202249.csv,94.28030303030312,1.0
W,ALL,H4,H12,NZDUSD,short,2024-05-27,2024-06-03,0.61436,0.62155,0.00719000000000003,2024-06-05 21:00:00,2024-06-06 01:00:00,0.62068,0.62155,2024-06-12 09:00:00,0.61855,0.60717,0.6261875838926175,2024-06-26 21:00:00,0.60717,win,1.49,wickdiffs_W_H4_ALL_20260121_202249.csv,47.43787878787874,1.0
W,ALL,H4,H12,USDCAD,long,2016-06-06,2016-06-13,1.265495,1.27809,0.012594999999999912,2016-06-13 13:00:00,2016-06-13 17:00:00,1.275035,1.27659,2016-06-20 21:00:00,1.27756,1.2906849999999999,1.2642355,2016-06-23 21:00:00,1.2906849999999999,win,0.9850275807722518,wickdiffs_W_H4_ALL_20260121_202249.csv,122.6340909090908,1.0
W,ALL,H4,H12,USDCAD,long,2016-10-10,2016-10-17,1.300615,1.3139,0.013284999999999991,2016-10-19 17:00:00,2016-10-19 21:00:00,1.31128,1.31137,2016-12-12 10:00:00,1.31309,1.327185,1.2992865,2016-12-14 10:00:00,1.327185,win,1.0211178324337948,wickdiffs_W_H4_ALL_20260121_202249.csv,101.410606060606,1.0
W,ALL,H4,H12,USDCAD,long,2016-11-14,2016-11-21,1.337805,1.35052,0.012715000000000032,2016-11-22 06:00:00,2016-11-22 10:00:00,1.337805,1.338,2016-11-30 10:00:00,1.343745,1.363235,1.3306644630872482,2016-12-01 10:00:00,1.3306644630872482,loss,-1.0,wickdiffs_W_H4_ALL_20260121_202249.csv,102.0590909090909,1.0
W,ALL,H4,H12,USDCAD,long,2018-09-24,2018-10-01,1.27828,1.29092,0.012639999999999985,2018-10-04 09:00:00,2018-10-04 13:00:00,1.28576,1.2862,2020-12-03 10:00:00,1.28622,1.30356,1.2745824161073824,2020-12-10 10:00:00,1.2745824161073824,loss,-1.0,wickdiffs_W_H4_ALL_20260121_202249.csv,82.07575757575759,1.0
W,ALL,H4,H12,USDCAD,long,2019-03-25,2019-04-01,1.32964,1.33502,0.005380000000000162,2019-04-03 13:00:00,2019-04-03 17:00:00,1.33083,1.33102,2019-04-08 09:00:00,1.33142,1.3404000000000003,1.3238671212121214,2019-04-23 09:00:00,1.3404000000000003,win,1.188950630905363,wickdiffs_W_H4_ALL_20260121_202249.csv,75.5287878787878,1.0
W,ALL,H4,H12,USDCAD,long,2019-05-20,2019-05-27,1.33576,1.34386,0.008099999999999996,2019-05-22 09:00:00,2019-05-22 13:00:00,1.33576,1.33654,2019-06-05 09:00:00,1.34174,1.35196,1.3348809395973154,2019-06-06 21:00:00,1.3348809395973154,loss,-1.0,wickdiffs_W_H4_ALL_20260121_202249.csv,66.74848484848486,1.0
W,ALL,H4,H12,USDCAD,long,2020-11-02,2020-11-09,1.29284,1.30565,0.012809999999999988,2020-11-10 22:00:00,2020-11-11 02:00:00,1.30092,1.30198,2020-11-23 22:00:00,1.30292,1.31846,1.291559,2020-12-02 10:00:00,1.291559,loss,-1.0,wickdiffs_W_H4_ALL_20260121_202249.csv,84.24242424242414,1.0
W,ALL,H4,H12,USDCAD,long,2022-01-10,2022-01-17,1.24504,1.2552,0.010160000000000169,2022-01-20 14:00:00,2022-01-20 18:00:00,1.24533,1.24574,2022-03-30 09:00:00,1.24816,1.2653600000000003,1.236616375838926,2022-04-11 21:00:00,1.2653600000000003,win,1.4899999999999998,wickdiffs_W_H4_ALL_20260121_202249.csv,89.13787878787878,1.0
W,ALL,H4,H12,USDCAD,long,2022-10-03,2022-10-10,1.3503,1.37342,0.02312000000000003,2022-10-07 13:00:00,2022-10-07 17:00:00,1.36758,1.36998,2022-10-17 09:00:00,1.37146,1.3965400000000001,1.347988,2022-11-04 09:00:00,1.347988,loss,-1.0,wickdiffs_W_H4_ALL_20260121_202249.csv,113.8000000000002,1.0
W,ALL,H4,H12,USDCAD,long,2023-08-28,2023-09-04,1.34892,1.35922,0.010300000000000198,2023-09-01 01:00:00,2023-09-01 05:00:00,1.34892,1.34943,2023-09-14 09:00:00,1.35065,1.3695200000000003,1.3379855704697983,2023-10-02 21:00:00,1.3695200000000003,win,1.49,wickdiffs_W_H4_ALL_20260121_202249.csv,71.88030303030311,1.0
W,ALL,H4,H12,USDCAD,long,2024-07-08,2024-07-15,1.35888,1.3645,0.005619999999999958,2024-07-15 05:00:00,2024-07-15 09:00:00,1.36314,1.36332,2024-08-19 09:00:00,1.3634,1.37012,1.3578080303030302,2024-08-21 09:00:00,1.3578080303030302,loss,-1.0,wickdiffs_W_H4_ALL_20260121_202249.csv,55.91969696969681,1.0
W,ALL,H4,H12,USDCAD,long,2025-01-06,2025-01-13,1.428,1.44242,0.0144200000000001,2025-01-15 10:00:00,2025-01-15 14:00:00,1.4302,1.43026,2025-01-20 10:00:00,1.43086,1.4568400000000001,1.4134237583892617,2025-01-30 10:00:00,1.4568400000000001,win,1.4899999999999998,wickdiffs_W_H4_ALL_20260121_202249.csv,73.46212121212115,1.0
W,ALL,H4,H12,USDCAD,short,2019-05-13,2019-05-20,1.34632,1.35136,0.005039999999999933,2019-05-17 09:00:00,2019-05-17 13:00:00,1.3509,1.35136,2019-05-28 21:00:00,1.35082,1.34128,1.3576927272727273,2019-06-04 09:00:00,1.34128,win,1.3880952380952216,wickdiffs_W_H4_ALL_20260121_202249.csv,68.72727272727269,1.0
W,ALL,H4,H12,USDCAD,short,2022-01-03,2022-01-10,1.26429,1.28138,0.01709000000000005,2022-01-07 10:00:00,2022-01-07 14:00:00,1.27265,1.27275,2022-01-26 22:00:00,1.267,1.2471999999999999,1.283089,2022-02-24 10:00:00,1.283089,loss,-1.0,wickdiffs_W_H4_ALL_20260121_202249.csv,82.210606060606,1.0
W,ALL,H4,H12,USDCAD,short,2022-03-07,2022-03-14,1.2753,1.29011,0.01480999999999999,2022-03-08 18:00:00,2022-03-08 22:00:00,1.28944,1.28972,2022-05-02 09:00:00,1.28795,1.26049,1.3063795302013421,2022-05-12 09:00:00,1.3063795302013421,loss,-1.0,wickdiffs_W_H4_ALL_20260121_202249.csv,89.16666666666657,1.0
W,ALL,H4,H12,USDCAD,short,2022-05-09,2022-05-16,1.29114,1.30768,0.01654,2022-05-12 17:00:00,2022-05-12 21:00:00,1.30498,1.30768,2022-06-17 09:00:00,1.30275,1.2746,1.3216426174496645,2022-07-14 09:00:00,1.3216426174496645,loss,-1.0,wickdiffs_W_H4_ALL_20260121_202249.csv,92.81818181818166,1.0
W,ALL,H4,H12,USDCAD,short,2024-04-29,2024-05-06,1.36854,1.3785,0.009959999999999969,2024-05-09 05:00:00,2024-05-09 09:00:00,1.37358,1.3738,2024-05-23 09:00:00,1.37299,1.3585800000000001,1.382661140939597,2024-07-24 21:00:00,1.382661140939597,loss,-1.0,wickdiffs_W_H4_ALL_20260121_202249.csv,65.21969696969697,1.0
W,ALL,H4,H12,USDCAD,short,2024-05-20,2024-05-27,1.36648,1.37437,0.007890000000000175,2024-05-24 01:00:00,2024-05-24 05:00:00,1.37387,1.37388,2024-06-05 09:00:00,1.36942,1.3585899999999997,1.3766884563758393,2024-06-07 09:00:00,1.3766884563758393,loss,-1.0,wickdiffs_W_H4_ALL_20260121_202249.csv,67.33181818181811,1.0
W,ALL,H4,H12,USDCAD,short,2025-03-10,2025-03-17,1.43724,1.45215,0.014909999999999979,2025-03-20 09:00:00,2025-03-20 13:00:00,1.43912,1.44018,2025-03-31 09:00:00,1.43886,1.42233,1.453641,2025-04-02 21:00:00,1.42233,win,1.1183275827075305,wickdiffs_W_H4_ALL_20260121_202249.csv,98.54696969696975,1.0
W,ALL,H4,H12,USDCAD,short,2025-07-14,2025-07-21,1.37174,1.37746,0.005719999999999947,2025-07-17 17:00:00,2025-07-17 21:00:00,1.37558,1.37572,2025-07-28 21:00:00,1.37442,1.36602,1.3816980303030302,2025-07-30 09:00:00,1.3816980303030302,loss,-1.0,wickdiffs_W_H4_ALL_20260121_202249.csv,72.78030303030303,1.0
W,ALL,H4,H12,USDCAD,short,2025-08-18,2025-08-25,1.38226,1.39248,0.010219999999999896,2025-08-26 05:00:00,2025-08-26 09:00:00,1.38581,1.38682,2025-09-09 09:00:00,1.3844,1.3720400000000001,1.393502,2025-09-25 09:00:00,1.393502,loss,-1.0,wickdiffs_W_H4_ALL_20260121_202249.csv,63.84242424242411,1.0
W,ALL,H4,H12,USDCAD,short,2025-11-03,2025-11-10,1.40543,1.41408,0.008650000000000047,2025-11-07 02:00:00,2025-11-07 06:00:00,1.41242,1.41264,2025-11-21 10:00:00,1.41038,1.39678,1.4195075167785236,2025-11-28 10:00:00,1.39678,win,1.49,wickdiffs_W_H4_ALL_20260121_202249.csv,54.58030303030303,1.0
W,ALL,H4,H12,USDCHF,long,2016-07-25,2016-08-01,0.96336,0.96952,0.006160000000000054,2016-08-02 17:00:00,2016-08-02 21:00:00,0.9634,0.96396,2016-08-15 21:00:00,0.96518,0.9756800000000001,0.9580359090909091,2016-08-17 21:00:00,0.9580359090909091,loss,-1.0,wickdiffs_W_H4_ALL_20260121_202249.csv,71.44090909090914,1.0
W,ALL,H4,H12,USDCHF,long,2016-09-05,2016-09-12,0.96493,0.975465,0.010535000000000072,2016-09-08 09:00:00,2016-09-08 13:00:00,0.96493,0.96599,2016-09-29 09:00:00,0.96626,0.9860000000000001,0.953011677852349,2016-10-10 21:00:00,0.9860000000000001,win,1.49,wickdiffs_W_H4_ALL_20260121_202249.csv,70.40681818181815,1.0
W,ALL,H4,H12,USDCHF,long,2017-08-21,2017-08-28,0.94284,0.95641,0.013569999999999971,2017-08-29 05:00:00,2017-08-29 09:00:00,0.94284,0.945,2017-09-07 21:00:00,0.94739,0.96998,0.9322289261744966,2017-09-14 09:00:00,0.96998,win,1.49,wickdiffs_W_H4_ALL_20260121_202249.csv,71.8068181818182,1.0
W,ALL,H4,H12,USDCHF,long,2018-11-19,2018-11-26,0.99094,0.99739,0.006449999999999956,2018-11-29 02:00:00,2018-11-29 06:00:00,0.9918,0.99196,2018-12-06 10:00:00,0.99273,1.0038399999999998,0.9852736241610739,2018-12-20 10:00:00,0.9852736241610739,loss,-1.0,wickdiffs_W_H4_ALL_20260121_202249.csv,57.0666666666666,1.0
W,ALL,H4,H12,USDCHF,long,2018-12-24,2018-12-31,0.97905,0.98443,0.005380000000000051,2018-12-28 10:00:00,2018-12-28 14:00:00,0.97905,0.97908,2019-01-07 10:00:00,0.97969,0.9898100000000001,0.972898053691275,2019-01-09 22:00:00,0.972898053691275,loss,-1.0,wickdiffs_W_H4_ALL_20260121_202249.csv,61.23636363636354,1.0
W,ALL,H4,H12,USDCHF,long,2019-06-24,2019-07-01,0.96942,0.97623,0.006810000000000094,2019-06-25 01:00:00,2019-06-25 05:00:00,0.96942,0.96964,2019-08-07 09:00:00,0.9754,0.9830400000000001,0.9687389999999999,2019-08-12 09:00:00,0.9687389999999999,loss,-1.0,wickdiffs_W_H4_ALL_20260121_202249.csv,59.93181818181805,1.0
W,ALL,H4,H12,USDCHF,long,2019-12-30,2020-01-06,0.96466,0.97249,0.007830000000000004,2020-01-08 10:00:00,2020-01-08 14:00:00,0.96922,0.97002,2020-01-13 10:00:00,0.97086,0.98032,0.963877,2020-01-15 10:00:00,0.963877,loss,-1.0,wickdiffs_W_H4_ALL_20260121_202249.csv,45.46515151515145,1.0
W,ALL,H4,H12,USDCHF,long,2020-08-10,2020-08-17,0.90102,0.9091,0.008079999999999976,2020-08-19 05:00:00,2020-08-19 09:00:00,0.90192,0.90206,2020-08-31 09:00:00,0.90378,0.91718,0.894786711409396,2020-09-07 21:00:00,0.91718,win,1.49,wickdiffs_W_H4_ALL_20260121_202249.csv,65.14848484848487,1.0
W,ALL,H4,H12,USDCHF,long,2022-02-14,2022-02-21,0.91504,0.92137,0.006330000000000058,2022-02-22 02:00:00,2022-02-22 06:00:00,0.91516,0.91574,2022-02-28 22:00:00,0.91646,0.9277000000000001,0.9089163758389263,2022-03-07 22:00:00,0.9277000000000001,win,1.49,wickdiffs_W_H4_ALL_20260121_202249.csv,59.46666666666658,1.0
W,ALL,H4,H12,USDCHF,long,2023-03-06,2023-03-13,0.90716,0.92128,0.014120000000000021,2023-03-15 01:00:00,2023-03-15 05:00:00,0.91234,0.91395,2023-03-22 21:00:00,0.91396,0.9354,0.8995707382550335,2023-04-12 09:00:00,0.8995707382550335,loss,-1.0,wickdiffs_W_H4_ALL_20260121_202249.csv,86.25303030303039,1.0
W,ALL,H4,H12,USDCHF,long,2024-08-19,2024-08-26,0.84002,0.84784,0.00782000000000005,2024-08-29 01:00:00,2024-08-29 05:00:00,0.84002,0.84026,2024-09-06 09:00:00,0.84312,0.8556600000000001,0.8347038926174496,2024-10-04 09:00:00,0.8556600000000001,win,1.49,wickdiffs_W_H4_ALL_20260121_202249.csv,59.94696969696973,1.0
W,ALL,H4,H12,USDCHF,long,2025-04-28,2025-05-05,0.81859,0.82821,0.009619999999999962,2025-05-07 13:00:00,2025-05-07 17:00:00,0.81859,0.81941,2025-05-25 21:00:00,0.82158,0.83783,0.8106739597315437,2025-06-12 09:00:00,0.8106739597315437,loss,-1.0,wickdiffs_W_H4_ALL_20260121_202249.csv,89.95303030303018,1.0
W,ALL,H4,H12,USDCHF,short,2015-01-05,2015-01-12,1.01422,1.02402,0.009800000000000031,2015-01-14 06:00:00,2015-01-14 10:00:00,1.02315,1.02402,2015-11-25 10:00:00,1.02183,1.0044199999999999,1.0335145637583893,2015-12-03 10:00:00,1.0044199999999999,win,1.49,wickdiffs_W_H4_ALL_20260121_202249.csv,91.11969696969692,1.0
W,ALL,H4,H12,USDCHF,short,2015-06-29,2015-07-06,0.94036,0.95158,0.011220000000000008,2015-07-09 09:00:00,2015-07-09 13:00:00,0.951235,0.95154,2015-07-13 21:00:00,0.94401,0.92914,0.9556309848484849,2015-07-15 21:00:00,0.9556309848484849,loss,-1.0,wickdiffs_W_H4_ALL_20260121_202249.csv,116.2098484848484,1.0
W,ALL,H4,H12,USDCHF,short,2015-12-28,2016-01-04,0.99972,1.012455,0.012735000000000052,2016-01-06 10:00:00,2016-01-06 14:00:00,1.0109,1.01214,2016-01-21 10:00:00,1.00745,0.986985,1.021184899328859,2016-01-28 22:00:00,1.021184899328859,loss,-1.0,wickdiffs_W_H4_ALL_20260121_202249.csv,91.49621212121224,1.0
W,ALL,H4,H12,USDCHF,short,2016-10-17,2016-10-24,0.993535,0.999885,0.006350000000000078,2016-10-25 09:00:00,2016-10-25 13:00:00,0.9997,0.999885,2016-11-14 10:00:00,0.997915,0.9871849999999999,1.0051506060606061,2016-11-16 10:00:00,1.0051506060606061,loss,-1.0,wickdiffs_W_H4_ALL_20260121_202249.csv,72.35606060606052,1.0
W,ALL,H4,H12,USDCHF,short,2017-09-18,2017-09-25,0.96938,0.977,0.00761999999999996,2017-09-27 09:00:00,2017-09-27 13:00:00,0.97668,0.977,2017-10-02 21:00:00,0.976675,0.9617600000000001,0.9866850671140939,2017-10-23 09:00:00,0.9866850671140939,loss,-1.0,wickdiffs_W_H4_ALL_20260121_202249.csv,77.61060606060607,1.0
W,ALL,H4,H12,USDCHF,short,2017-10-02,2017-10-09,0.97806,0.98368,0.005619999999999958,2017-10-06 09:00:00,2017-10-06 13:00:00,0.98331,0.98368,2017-10-18 09:00:00,0.981565,0.9724400000000001,0.9892788636363636,2017-10-24 09:00:00,0.9892788636363636,loss,-1.0,wickdiffs_W_H4_ALL_20260121_202249.csv,77.13863636363635,1.0
W,ALL,H4,H12,USDCHF,short,2017-12-04,2017-12-11,0.99262,0.9978,0.0051800000000000734,2017-12-08 06:00:00,2017-12-08 10:00:00,0.99699,0.9978,2018-05-01 09:00:00,0.99666,0.9874399999999999,1.0033636363636365,2018-05-06 21:00:00,1.0033636363636365,loss,-1.0,wickdiffs_W_H4_ALL_20260121_202249.csv,67.03636363636366,1.0
W,ALL,H4,H12,USDCHF,short,2018-06-25,2018-07-02,0.99053,0.99926,0.008730000000000016,2018-07-02 13:00:00,2018-07-02 17:00:00,0.99557,0.99654,2018-07-10 09:00:00,0.99182,0.9818,1.000133,2018-07-12 09:00:00,1.000133,loss,-1.0,wickdiffs_W_H4_ALL_20260121_202249.csv,60.2954545454545,1.0
W,ALL,H4,H12,USDCHF,short,2018-11-05,2018-11-12,1.00558,1.01284,0.007260000000000044,2018-11-16 06:00:00,2018-11-16 10:00:00,1.00752,1.0087,2019-02-11 22:00:00,1.00743,0.9983199999999999,1.013566,2019-02-20 10:00:00,0.9983199999999999,win,1.4846805736636723,wickdiffs_W_H4_ALL_20260121_202249.csv,60.76666666666668,1.0
W,ALL,H4,H12,USDCHF,short,2019-08-12,2019-08-19,0.9784,0.98773,0.00932999999999995,2019-08-23 05:00:00,2019-08-23 09:00:00,0.98729,0.98773,2019-08-29 09:00:00,0.98661,0.9690700000000001,0.9983818120805368,2019-09-30 09:00:00,0.9983818120805368,loss,-1.0,wickdiffs_W_H4_ALL_20260121_202249.csv,63.4954545454545,1.0
W,ALL,H4,H12,USDCHF,short,2019-09-16,2019-09-23,0.99142,0.99838,0.006960000000000077,2019-09-18 21:00:00,2019-09-19 01:00:00,0.9982,0.99836,2019-09-30 09:00:00,0.9979,0.9844599999999999,1.006920134228188,2019-10-18 09:00:00,0.9844599999999999,win,1.49,wickdiffs_W_H4_ALL_20260121_202249.csv,60.17272727272723,1.0
W,ALL,H4,H12,USDCHF,short,2021-10-25,2021-11-01,0.91591,0.92264,0.006730000000000014,2021-10-26 05:00:00,2021-10-26 09:00:00,0.92156,0.92264,2021-11-11 10:00:00,0.92097,0.90918,0.9288827516778523,2021-11-16 10:00:00,0.9288827516778523,loss,-1.0,wickdiffs_W_H4_ALL_20260121_202249.csv,54.16363636363633,1.0
W,ALL,H4,H12,USDCHF,short,2024-08-12,2024-08-19,0.86614,0.87486,0.00871999999999995,2024-08-16 13:00:00,2024-08-16 17:00:00,0.86846,0.86968,2024-10-22 21:00:00,0.86662,0.8574200000000001,0.875732,2024-11-06 10:00:00,0.875732,loss,-1.0,wickdiffs_W_H4_ALL_20260121_202249.csv,65.67424242424235,1.0
W,ALL,H4,H12,USDCHF,short,2025-07-14,2025-07-21,0.80026,0.80644,0.006180000000000074,2025-07-17 13:00:00,2025-07-17 17:00:00,0.80576,0.80606,2025-07-28 21:00:00,0.80518,0.7940799999999999,0.8126296644295303,2025-07-30 09:00:00,0.8126296644295303,loss,-1.0,wickdiffs_W_H4_ALL_20260121_202249.csv,68.30454545454549,1.0
W,ALL,H4,H12,USDJPY,long,2015-10-12,2015-10-19,118.0645,119.4505,1.38600000000001,2015-10-15 13:00:00,2015-10-15 17:00:00,118.2325,118.4075,2016-01-05 22:00:00,118.4775,120.83650000000002,116.89427852348993,2016-01-10 22:00:00,116.89427852348993,loss,-1.0,wickdiffs_W_H4_ALL_20260121_202249.csv,79.175,1.0
W,ALL,H4,H12,USDJPY,long,2016-02-29,2016-03-07,112.162,113.773,1.61099999999999,2016-03-09 06:00:00,2016-03-09 10:00:00,112.227,112.421,2016-03-16 09:00:00,112.5635,115.38399999999999,110.67054697986579,2016-03-17 09:00:00,110.67054697986579,loss,-1.0,wickdiffs_W_H4_ALL_20260121_202249.csv,124.9159090909092,1.0
W,ALL,H4,H12,USDJPY,long,2016-06-20,2016-06-27,98.987,102.199,3.2120000000000033,2016-06-27 09:00:00,2016-06-27 13:00:00,101.4015,101.4815,2016-07-05 09:00:00,101.7355,105.411,98.66579999999999,2016-07-13 21:00:00,105.411,win,1.1973482750757356,wickdiffs_W_H4_ALL_20260121_202249.csv,124.0060606060606,1.0
W,ALL,H4,H12,USDJPY,long,2017-01-09,2017-01-16,112.576,114.52,1.9440000000000026,2017-01-17 18:00:00,2017-01-17 22:00:00,112.576,112.604,2017-01-23 22:00:00,113.246,116.464,111.08626845637583,2017-03-22 09:00:00,111.08626845637583,loss,-1.0,wickdiffs_W_H4_ALL_20260121_202249.csv,131.7734848484849,1.0
W,ALL,H4,H12,USDJPY,long,2017-03-20,2017-03-27,110.108,111.321,1.2129999999999939,2017-03-28 09:00:00,2017-03-28 13:00:00,110.182,110.24,2017-04-06 21:00:00,110.647,112.53399999999999,109.38055704697987,2017-04-11 21:00:00,109.38055704697987,loss,-1.0,wickdiffs_W_H4_ALL_20260121_202249.csv,114.4530303030303,1.0
W,ALL,H4,H12,USDJPY,long,2017-05-15,2017-05-22,110.24,111.227,0.987000000000009,2017-05-26 05:00:00,2017-05-26 09:00:00,110.877,110.958,2017-05-29 21:00:00,110.9925,112.21400000000001,110.08441666666667,2017-06-05 21:00:00,110.08441666666667,loss,-1.0,wickdiffs_W_H4_ALL_20260121_202249.csv,90.80833333333356,1.0
W,ALL,H4,H12,USDJPY,long,2017-06-05,2017-06-12,108.815,110.333,1.5180000000000007,2017-06-14 13:00:00,2017-06-14 17:00:00,108.815,108.927,2017-08-10 21:00:00,108.983,111.851,107.0581677852349,2017-09-18 21:00:00,111.851,win,1.49,wickdiffs_W_H4_ALL_20260121_202249.csv,85.97196969696981,1.0
W,ALL,H4,H12,USDJPY,long,2019-05-06,2019-05-13,109.02,109.953,0.9330000000000069,2019-05-15 09:00:00,2019-05-15 13:00:00,109.152,109.178,2019-05-28 21:00:00,109.256,110.88600000000001,108.16204026845637,2019-06-02 21:00:00,108.16204026845637,loss,-1.0,wickdiffs_W_H4_ALL_20260121_202249.csv,53.81969696969702,1.0
W,ALL,H4,H12,USDJPY,long,2020-03-23,2020-03-30,106.918,108.014,1.0959999999999894,2020-04-01 13:00:00,2020-04-01 17:00:00,106.918,106.998,2020-04-14 09:00:00,107.218,109.10999999999999,105.94820134228189,2020-06-03 21:00:00,109.10999999999999,win,1.4899999999999998,wickdiffs_W_H4_ALL_20260121_202249.csv,112.8795454545456,1.0
W,ALL,H4,H12,USDJPY,long,2020-07-27,2020-08-03,104.188,105.896,1.7079999999999984,2020-08-06 13:00:00,2020-08-06 17:00:00,105.302,105.404,2020-08-17 21:00:00,105.562,107.604,104.0172,2020-09-20 21:00:00,104.0172,loss,-1.0,wickdiffs_W_H4_ALL_20260121_202249.csv,62.67424242424234,1.0
W,ALL,H4,H12,USDJPY,long,2022-01-31,2022-02-07,114.156,115.199,1.0429999999999922,2022-02-07 06:00:00,2022-02-07 10:00:00,114.916,114.97,2022-02-16 22:00:00,115.094,116.24199999999999,114.05170000000001,2022-03-10 22:00:00,116.24199999999999,win,1.101410342511767,wickdiffs_W_H4_ALL_20260121_202249.csv,66.86363636363629,1.0
W,ALL,H4,H12,USDJPY,long,2022-07-25,2022-08-01,130.396,133.232,2.8360000000000127,2022-08-04 17:00:00,2022-08-04 21:00:00,132.52,132.764,2022-08-10 09:00:00,132.868,136.068,130.11239999999998,2022-08-18 21:00:00,136.068,win,1.1612715923936707,wickdiffs_W_H4_ALL_20260121_202249.csv,141.0015151515152,1.0
W,ALL,H4,H12,USDJPY,long,2024-06-03,2024-06-10,154.546,156.772,2.225999999999999,2024-06-04 13:00:00,2024-06-04 17:00:00,154.546,154.549,2024-07-23 21:00:00,154.863,158.998,152.08783221476511,2024-07-24 21:00:00,152.08783221476511,loss,-1.0,wickdiffs_W_H4_ALL_20260121_202249.csv,128.2439393939393,1.0
W,ALL,H4,H12,USDJPY,long,2024-07-29,2024-08-05,141.688,146.5,4.812000000000012,2024-08-06 17:00:00,2024-08-06 21:00:00,144.164,144.303,2024-08-23 09:00:00,144.386,151.312,139.73767785234898,2024-09-15 21:00:00,139.73767785234898,loss,-1.0,wickdiffs_W_H4_ALL_20260121_202249.csv,157.5000000000001,1.0
W,ALL,H4,H12,USDJPY,long,2024-12-30,2025-01-06,156.02,157.249,1.228999999999985,2024-12-31 02:00:00,2024-12-31 06:00:00,156.02,156.138,2025-01-15 10:00:00,156.466,158.47799999999998,155.07980303030303,2025-01-16 22:00:00,155.07980303030303,loss,-1.0,wickdiffs_W_H4_ALL_20260121_202249.csv,138.6196969696969,1.0
W,ALL,H4,H12,USDJPY,short,2015-11-16,2015-11-23,122.795,123.76,0.9650000000000034,2015-11-18 18:00:00,2015-11-18 22:00:00,123.645,123.76,2015-12-02 10:00:00,123.243,121.83,124.191322147651,2015-12-09 10:00:00,121.83,win,1.49,wickdiffs_W_H4_ALL_20260121_202249.csv,85.59166666666657,1.0
W,ALL,H4,H12,USDJPY,short,2017-02-06,2017-02-13,113.227,114.958,1.7309999999999945,2017-02-16 02:00:00,2017-02-16 06:00:00,113.938,114.04,2017-03-01 10:00:00,113.726,111.49600000000001,115.222644295302,2017-03-09 22:00:00,115.222644295302,loss,-1.0,wickdiffs_W_H4_ALL_20260121_202249.csv,128.6954545454545,1.0
W,ALL,H4,H12,USDJPY,short,2017-05-08,2017-05-15,113.3375,114.379,1.0414999999999992,2017-05-10 17:00:00,2017-05-10 21:00:00,114.374,114.379,2017-07-10 21:00:00,114.321,112.296,115.68006040268456,2017-07-14 09:00:00,112.296,win,1.49,wickdiffs_W_H4_ALL_20260121_202249.csv,88.41893939393958,1.0
W,ALL,H4,H12,USDJPY,short,2018-07-09,2018-07-16,112.364,113.178,0.813999999999993,2018-07-19 09:00:00,2018-07-19 13:00:00,113.094,113.178,2018-09-26 09:00:00,112.731,111.55000000000001,113.52361744966441,2018-09-27 21:00:00,113.52361744966441,loss,-1.0,wickdiffs_W_H4_ALL_20260121_202249.csv,62.00757575757569,1.0
W,ALL,H4,H12,USDJPY,short,2018-08-20,2018-08-27,111.244,111.83,0.5859999999999985,2018-08-29 21:00:00,2018-08-30 01:00:00,111.738,111.756,2018-09-05 09:00:00,111.528,110.658,112.17265151515151,2018-09-06 09:00:00,110.658,win,1.3495663619056657,wickdiffs_W_H4_ALL_20260121_202249.csv,64.46515151515145,1.0
W,ALL,H4,H12,USDJPY,short,2021-08-23,2021-08-30,109.842,110.42,0.578000000000003,2021-09-01 05:00:00,2021-09-01 09:00:00,110.391,110.42,2021-09-07 21:00:00,110.161,109.264,110.7630134228188,2021-09-15 09:00:00,109.264,win,1.49,wickdiffs_W_H4_ALL_20260121_202249.csv,52.7075757575757,1.0
W,ALL,H4,H12,USDJPY,short,2022-07-11,2022-07-18,138.528,139.394,0.8660000000000139,2022-07-14 09:00:00,2022-07-14 13:00:00,139.23,139.385,2022-08-31 21:00:00,139.222,137.66199999999998,140.68686363636365,2022-09-02 09:00:00,140.68686363636365,loss,-1.0,wickdiffs_W_H4_ALL_20260121_202249.csv,146.4863636363636,1.0
W,ALL,H4,H12,USDJPY,short,2023-01-02,2023-01-09,132.094,134.778,2.6839999999999975,2023-01-11 10:00:00,2023-01-11 14:00:00,132.752,132.875,2023-02-06 10:00:00,132.632,129.41,135.0464,2023-02-17 10:00:00,135.0464,loss,-1.0,wickdiffs_W_H4_ALL_20260121_202249.csv,193.4196969696968,1.0
W,ALL,H4,H12,USDJPY,short,2023-04-24,2023-05-01,136.305,137.774,1.468999999999994,2023-05-02 01:00:00,2023-05-02 05:00:00,137.704,137.774,2023-05-17 09:00:00,137.697,134.836,139.61713422818792,2023-05-24 21:00:00,139.61713422818792,loss,-1.0,wickdiffs_W_H4_ALL_20260121_202249.csv,137.960606060606,1.0
W,ALL,H4,H12,USDJPY,short,2023-12-18,2023-12-25,142.452,144.956,2.5039999999999907,2023-12-19 06:00:00,2023-12-19 10:00:00,144.696,144.956,2024-01-04 10:00:00,144.632,139.948,147.77562416107384,2024-01-16 22:00:00,147.77562416107384,loss,-1.0,wickdiffs_W_H4_ALL_20260121_202249.csv,124.2424242424238,1.0
W,ALL,H4,H12,USDJPY,short,2025-02-10,2025-02-17,152.236,154.804,2.568000000000012,2025-02-14 02:00:00,2025-02-14 06:00:00,152.842,153.01,2025-10-08 09:00:00,152.697,149.66799999999998,155.0608,2025-10-16 21:00:00,149.66799999999998,win,1.281411286910918,wickdiffs_W_H4_ALL_20260121_202249.csv,120.9636363636364,1.0
