mode,wd_variant,wd_source_ltf,entry_ltf,pair,direction,pivot_first_time,pivot_second_time,pivot_low,pivot_high,pivot_range,wd_first_time,wd_second_time,wd_low,wd_high,entry_time,entry_price,tp_price,sl_price,exit_time,exit_price,result,rr_signed,planned_rr,wickdiff_file,dyn_min_sl_pips,VOL
3D,ALL,H1,H4,AUDCHF,long,2016-02-09,2016-02-12,0.67534,0.691275,0.01593499999999992,2016-02-12 14:00:00,2016-02-12 15:00:00,0.68886,0.68976,2018-09-07 05:00:00,0.6909,0.7072099999999999,0.6737465,2018-09-28 13:00:00,0.7072099999999999,win,0.9508263619669455,0.9508263619669455,wickdiffs_3D_H1_ALL_20260124_182916.csv,57.01969696969698,1.0
3D,ALL,H1,H4,AUDCHF,long,2017-02-16,2017-02-21,0.76514,0.77102,0.005879999999999996,2017-02-20 14:00:00,2017-02-20 15:00:00,0.76872,0.76936,2017-02-28 18:00:00,0.77025,0.7769,0.7642936363636363,2017-03-03 02:00:00,0.7642936363636363,loss,-1.0,1.116452991452998,wickdiffs_3D_H1_ALL_20260124_182916.csv,59.56363636363642,1.0
3D,ALL,H1,H4,AUDCHF,long,2017-03-09,2017-03-14,0.75745,0.76263,0.0051800000000000734,2017-03-14 13:00:00,2017-03-14 14:00:00,0.76128,0.76146,2017-03-22 01:00:00,0.76204,0.7678100000000001,0.7560234848484849,2017-03-24 05:00:00,0.7560234848484849,loss,-1.0,0.9590269208491852,wickdiffs_3D_H1_ALL_20260124_182916.csv,60.16515151515159,1.0
3D,ALL,H1,H4,AUDCHF,long,2020-03-17,2020-03-20,0.53433,0.56642,0.03209000000000006,2020-03-23 15:00:00,2020-03-23 16:00:00,0.56367,0.56516,2023-08-16 01:00:00,0.56658,0.5985100000000001,0.531121,2024-04-04 09:00:00,0.5985100000000001,win,0.9004766067853044,0.9004766067853044,wickdiffs_3D_H1_ALL_20260124_182916.csv,49.64545454545461,1.0
3D,ALL,H1,H4,AUDCHF,long,2020-10-05,2020-10-08,0.65131,0.65474,0.003430000000000044,2020-10-06 22:00:00,2020-10-06 23:00:00,0.65153,0.65161,2020-10-14 21:00:00,0.65194,0.65817,0.6468743939393939,2020-10-15 09:00:00,0.6468743939393939,loss,-1.0,1.229862710495631,wickdiffs_3D_H1_ALL_20260124_182916.csv,50.65606060606063,1.0
3D,ALL,H1,H4,AUDCHF,long,2021-07-19,2021-07-22,0.67179,0.6751,0.003310000000000035,2021-07-20 09:00:00,2021-07-20 10:00:00,0.67188,0.67203,2021-07-27 17:00:00,0.67302,0.6784100000000001,0.668475909090909,2021-07-30 09:00:00,0.668475909090909,loss,-1.0,1.1861558467540505,wickdiffs_3D_H1_ALL_20260124_182916.csv,45.44090909090914,1.0
3D,ALL,H1,H4,AUDCHF,long,2022-01-27,2022-02-01,0.6493,0.65508,0.005780000000000007,2022-02-01 03:00:00,2022-02-01 04:00:00,0.65183,0.65188,2022-02-04 14:00:00,0.65383,0.66086,0.6482740909090909,2022-02-08 18:00:00,0.66086,win,1.2653194796694718,1.2653194796694718,wickdiffs_3D_H1_ALL_20260124_182916.csv,55.55909090909092,1.0
3D,ALL,H1,H4,AUDCHF,long,2022-07-27,2022-08-01,0.6582,0.665,0.006800000000000028,2022-08-03 10:00:00,2022-08-03 11:00:00,0.66389,0.66416,2022-08-04 21:00:00,0.66457,0.6718000000000001,0.6567546969696969,2022-08-25 05:00:00,0.6718000000000001,win,0.9251080824334628,0.9251080824334628,wickdiffs_3D_H1_ALL_20260124_182916.csv,78.15303030303033,1.0
3D,ALL,H1,H4,AUDCHF,long,2023-02-13,2023-02-16,0.63414,0.63775,0.003610000000000002,2023-02-19 22:00:00,2023-02-19 23:00:00,0.63506,0.63514,2023-02-21 10:00:00,0.63529,0.64136,0.6289772727272728,2023-03-06 06:00:00,0.6289772727272728,loss,-1.0,0.9615495391705099,wickdiffs_3D_H1_ALL_20260124_182916.csv,63.12727272727273,1.0
3D,ALL,H1,H4,AUDCHF,long,2023-10-02,2023-10-05,0.57735,0.58017,0.0028199999999999337,2023-10-09 04:00:00,2023-10-09 05:00:00,0.57778,0.57784,2023-10-11 17:00:00,0.57849,0.5829899999999999,0.5740116666666666,2023-10-12 13:00:00,0.5740116666666666,loss,-1.0,1.0048381094156922,wickdiffs_3D_H1_ALL_20260124_182916.csv,44.7833333333334,1.0
3D,ALL,H1,H4,AUDCHF,long,2024-02-23,2024-02-28,0.57041,0.57498,0.004570000000000074,2024-02-29 17:00:00,2024-02-29 18:00:00,0.57384,0.57391,2024-03-05 06:00:00,0.57462,0.5795500000000001,0.5699529999999999,2024-03-06 14:00:00,0.5795500000000001,win,1.0563531176344565,1.0563531176344565,wickdiffs_3D_H1_ALL_20260124_182916.csv,41.09242424242434,1.0
3D,ALL,H1,H4,AUDCHF,long,2024-08-01,2024-08-06,0.53656,0.55362,0.017059999999999964,2024-08-05 18:00:00,2024-08-05 19:00:00,0.55109,0.55162,2025-03-04 14:00:00,0.55308,0.57068,0.534854,2025-04-04 01:00:00,0.534854,loss,-1.0,0.9656534620871273,wickdiffs_3D_H1_ALL_20260124_182916.csv,43.38939393939392,1.0
3D,ALL,H1,H4,AUDCHF,long,2025-01-27,2025-01-30,0.55777,0.56516,0.007390000000000008,2025-02-03 16:00:00,2025-02-03 17:00:00,0.56357,0.56365,2025-02-04 02:00:00,0.56454,0.57255,0.5570309999999999,2025-02-10 22:00:00,0.57255,win,1.0667199360766888,1.0667199360766888,wickdiffs_3D_H1_ALL_20260124_182916.csv,45.37272727272726,1.0
3D,ALL,H1,H4,AUDCHF,short,2016-03-09,2016-03-14,0.74326,0.75562,0.012359999999999927,2016-03-14 09:00:00,2016-03-14 10:00:00,0.7458,0.74592,2016-03-17 05:00:00,0.743335,0.7309000000000001,0.756856,2016-03-24 05:00:00,0.7309000000000001,win,0.9196804970046489,0.9196804970046489,wickdiffs_3D_H1_ALL_20260124_182916.csv,114.3522727272727,1.0
3D,ALL,H1,H4,AUDCHF,short,2018-02-12,2018-02-15,0.736575,0.73994,0.0033650000000000624,2018-02-13 03:00:00,2018-02-13 04:00:00,0.73948,0.73994,2018-02-20 14:00:00,0.73922,0.7332099999999999,0.7452243939393939,2018-02-21 18:00:00,0.7332099999999999,win,1.0009336596936702,1.0009336596936702,wickdiffs_3D_H1_ALL_20260124_182916.csv,60.04393939393941,1.0
3D,ALL,H1,H4,AUDCHF,short,2018-07-04,2018-07-09,0.73552,0.74211,0.006590000000000096,2018-07-11 14:00:00,2018-07-11 15:00:00,0.73598,0.736,2018-07-12 05:00:00,0.73592,0.7289299999999999,0.742769,2018-07-12 13:00:00,0.742769,loss,-1.0,1.0205869469995867,wickdiffs_3D_H1_ALL_20260124_182916.csv,57.21363636363641,1.0
3D,ALL,H1,H4,AUDCHF,short,2018-11-02,2018-11-07,0.72633,0.73206,0.005730000000000013,2018-11-09 14:00:00,2018-11-09 15:00:00,0.72926,0.72933,2018-11-13 06:00:00,0.72716,0.7206,0.732759090909091,2018-11-15 06:00:00,0.732759090909091,loss,-1.0,1.1716187692807298,wickdiffs_3D_H1_ALL_20260124_182916.csv,55.99090909090906,1.0
3D,ALL,H1,H4,AUDCHF,short,2020-06-12,2020-06-17,0.65532,0.66201,0.006689999999999974,2020-06-17 14:00:00,2020-06-17 15:00:00,0.65848,0.65902,2020-06-23 09:00:00,0.6579,0.64863,0.6668686363636364,2020-07-21 13:00:00,0.6668686363636364,loss,-1.0,1.0336019461760684,wickdiffs_3D_H1_ALL_20260124_182916.csv,89.68636363636362,1.0
3D,ALL,H1,H4,AUDCHF,short,2020-09-04,2020-09-09,0.66215,0.67008,0.007929999999999993,2020-09-09 13:00:00,2020-09-09 14:00:00,0.6654,0.6655,2020-09-15 13:00:00,0.66332,0.65422,0.670873,2020-09-23 17:00:00,0.65422,win,1.2048192771084283,1.2048192771084283,wickdiffs_3D_H1_ALL_20260124_182916.csv,52.55606060606056,1.0
3D,ALL,H1,H4,AUDCHF,short,2021-04-26,2021-04-29,0.70894,0.71434,0.00539999999999996,2021-04-29 11:00:00,2021-04-29 12:00:00,0.709,0.7091,2021-05-10 09:00:00,0.70892,0.70354,0.71488,2021-05-12 13:00:00,0.70354,win,0.9026845637583845,0.9026845637583845,wickdiffs_3D_H1_ALL_20260124_182916.csv,56.40454545454543,1.0
3D,ALL,H1,H4,AUDCHF,short,2024-06-07,2024-06-12,0.59298,0.59776,0.0047800000000000065,2024-06-13 18:00:00,2024-06-13 19:00:00,0.5934,0.59366,2024-06-20 05:00:00,0.59305,0.5882,0.5982379999999999,2024-06-26 05:00:00,0.5982379999999999,loss,-1.0,0.9348496530454989,wickdiffs_3D_H1_ALL_20260124_182916.csv,43.16666666666658,1.0
3D,ALL,H1,H4,AUDJPY,long,2015-08-20,2015-08-25,82.09,84.745,2.655000000000001,2015-08-26 15:00:00,2015-08-26 16:00:00,84.193,84.208,2015-09-01 13:00:00,84.285,87.4,81.8245,2015-09-17 17:00:00,87.4,win,1.266002844950219,1.266002844950219,wickdiffs_3D_H1_ALL_20260124_182916.csv,117.8106060606061,1.0
3D,ALL,H1,H4,AUDJPY,long,2017-05-03,2017-05-08,82.678,83.62,0.9420000000000073,2017-05-09 08:00:00,2017-05-09 09:00:00,83.404,83.434,2017-05-16 21:00:00,83.543,84.56200000000001,82.5838,2017-05-17 13:00:00,82.5838,loss,-1.0,1.062343619683064,wickdiffs_3D_H1_ALL_20260124_182916.csv,80.62803030303027,1.0
3D,ALL,H1,H4,AUDJPY,long,2018-01-09,2018-01-12,87.214,87.808,0.5940000000000083,2018-01-15 00:00:00,2018-01-15 01:00:00,87.673,87.713,2018-01-25 18:00:00,87.7995,88.40200000000002,87.1546,2018-01-26 10:00:00,88.40200000000002,win,0.9342533726159518,0.9342533726159518,wickdiffs_3D_H1_ALL_20260124_182916.csv,61.89166666666664,1.0
3D,ALL,H1,H4,AUDJPY,long,2018-06-18,2018-06-21,80.63,81.31,0.6800000000000068,2018-06-25 18:00:00,2018-06-25 19:00:00,80.988,81.036,2018-06-26 01:00:00,81.14,81.99000000000001,80.36988636363637,2018-06-29 13:00:00,81.99000000000001,win,1.10373321528701,1.10373321528701,wickdiffs_3D_H1_ALL_20260124_182916.csv,77.01136363636371,1.0
3D,ALL,H1,H4,AUDJPY,long,2018-09-21,2018-09-26,81.304,81.902,0.597999999999999,2018-09-27 07:00:00,2018-09-27 08:00:00,81.304,81.35,2018-10-03 01:00:00,81.576,82.5,80.84084848484848,2018-10-04 05:00:00,80.84084848484848,loss,-1.0,1.2568837592745332,wickdiffs_3D_H1_ALL_20260124_182916.csv,73.51515151515162,1.0
3D,ALL,H1,H4,AUDJPY,long,2018-12-19,2018-12-24,77.536,78.256,0.7199999999999989,2018-12-25 22:00:00,2018-12-25 23:00:00,77.536,77.568,2018-12-27 18:00:00,78.036,78.976,77.23560606060606,2018-12-31 14:00:00,77.23560606060606,loss,-1.0,1.1744216862908383,wickdiffs_3D_H1_ALL_20260124_182916.csv,80.03939393939396,1.0
3D,ALL,H1,H4,AUDJPY,long,2019-01-14,2019-01-17,77.566,78.202,0.6359999999999957,2019-01-14 06:00:00,2019-01-14 07:00:00,77.566,77.624,2019-01-24 22:00:00,77.742,78.838,76.8495606060606,2019-01-30 14:00:00,78.838,win,1.2280945994125614,1.2280945994125614,wickdiffs_3D_H1_ALL_20260124_182916.csv,89.24393939393943,1.0
3D,ALL,H1,H4,AUDJPY,long,2019-02-20,2019-02-25,78.336,78.904,0.5679999999999978,2019-02-21 19:00:00,2019-02-21 20:00:00,78.339,78.343,2019-03-06 22:00:00,78.581,79.472,77.72119696969698,2019-03-24 21:00:00,77.72119696969698,loss,-1.0,1.0362838564153065,wickdiffs_3D_H1_ALL_20260124_182916.csv,85.98030303030306,1.0
3D,ALL,H1,H4,AUDJPY,long,2019-08-23,2019-08-28,69.964,71.408,1.4440000000000026,2019-09-01 21:00:00,2019-09-01 22:00:00,71.236,71.248,2019-09-02 13:00:00,71.29,72.852,69.8196,2019-09-05 09:00:00,72.852,win,1.062295973884647,1.062295973884647,wickdiffs_3D_H1_ALL_20260124_182916.csv,63.67575757575768,1.0
3D,ALL,H1,H4,AUDJPY,long,2022-04-29,2022-05-04,91.501,92.338,0.8369999999999891,2022-05-02 18:00:00,2022-05-02 19:00:00,91.501,91.563,2022-05-09 09:00:00,91.784,93.17499999999998,90.63065151515153,2022-05-09 17:00:00,90.63065151515153,loss,-1.0,1.2060535200535787,wickdiffs_3D_H1_ALL_20260124_182916.csv,115.3348484848485,1.0
3D,ALL,H1,H4,AUDJPY,long,2024-05-22,2024-05-27,103.476,104.049,0.5730000000000075,2024-05-24 02:00:00,2024-05-24 03:00:00,103.551,103.554,2024-05-30 05:00:00,103.808,104.62200000000001,102.95166666666667,2024-05-31 09:00:00,104.62200000000001,win,0.9505644219540748,0.9505644219540748,wickdiffs_3D_H1_ALL_20260124_182916.csv,85.63333333333345,1.0
3D,ALL,H1,H4,AUDJPY,short,2015-04-08,2015-04-13,92.308,93.06,0.7519999999999953,2015-04-10 01:00:00,2015-04-10 02:00:00,93.0595,93.06,2015-04-19 21:00:00,92.947,91.55600000000001,94.08434848484849,2015-04-28 09:00:00,94.08434848484849,loss,-1.0,1.223020049290607,wickdiffs_3D_H1_ALL_20260124_182916.csv,113.7348484848485,1.0
3D,ALL,H1,H4,AUDJPY,short,2015-05-04,2015-05-07,95.183,95.9405,0.7574999999999932,2015-05-06 14:00:00,2015-05-06 15:00:00,95.743,95.819,2015-05-12 09:00:00,95.6975,94.42550000000001,96.70150000000001,2015-05-13 13:00:00,96.70150000000001,loss,-1.0,1.266932270916326,wickdiffs_3D_H1_ALL_20260124_182916.csv,100.4,1.0
3D,ALL,H1,H4,AUDJPY,short,2015-06-15,2015-06-18,95.665,96.3145,0.6494999999999891,2015-06-19 00:00:00,2015-06-19 01:00:00,95.891,95.9185,2015-06-23 17:00:00,95.889,95.01550000000002,96.84489393939394,2015-06-26 05:00:00,95.01550000000002,win,0.9138043081995062,0.9138043081995062,wickdiffs_3D_H1_ALL_20260124_182916.csv,95.58939393939384,1.0
3D,ALL,H1,H4,AUDJPY,short,2016-09-30,2016-10-05,78.4125,79.018,0.6055000000000064,2016-10-06 19:00:00,2016-10-06 20:00:00,78.95,78.962,2016-10-10 13:00:00,78.9345,77.80699999999999,79.85944696969698,2016-10-11 17:00:00,77.80699999999999,win,1.2189888036169279,1.2189888036169279,wickdiffs_3D_H1_ALL_20260124_182916.csv,92.49469696969696,1.0
3D,ALL,H1,H4,AUDJPY,short,2017-04-20,2017-04-25,83.085,84.036,0.9510000000000076,2017-04-26 14:00:00,2017-04-26 15:00:00,83.414,83.418,2017-04-28 09:00:00,83.2515,82.13399999999999,84.1311,2017-05-01 09:00:00,84.1311,loss,-1.0,1.2704638472032668,wickdiffs_3D_H1_ALL_20260124_182916.csv,81.84393939393934,1.0
3D,ALL,H1,H4,AUDJPY,short,2020-06-12,2020-06-17,73.932,75.092,1.1599999999999966,2020-06-17 14:00:00,2020-06-17 15:00:00,74.171,74.202,2020-06-23 01:00:00,74.014,72.772,75.208,2020-07-15 01:00:00,75.208,loss,-1.0,1.0402010050251151,wickdiffs_3D_H1_ALL_20260124_182916.csv,112.6621212121211,1.0
3D,ALL,H1,H4,AUDJPY,short,2020-08-03,2020-08-06,75.936,76.441,0.5049999999999955,2020-08-07 00:00:00,2020-08-07 01:00:00,76.366,76.441,2020-08-12 09:00:00,76.324,75.43100000000001,77.2134393939394,2020-08-27 13:00:00,77.2134393939394,loss,-1.0,1.0040032025620353,wickdiffs_3D_H1_ALL_20260124_182916.csv,88.9439393939393,1.0
3D,ALL,H1,H4,AUDJPY,short,2022-06-07,2022-06-10,95.353,96.884,1.531000000000006,2022-06-10 11:00:00,2022-06-10 12:00:00,95.378,95.54,2022-07-19 17:00:00,95.348,93.82199999999999,97.0371,2022-07-28 13:00:00,93.82199999999999,win,0.9034397016162535,0.9034397016162535,wickdiffs_3D_H1_ALL_20260124_182916.csv,143.598484848485,1.0
3D,ALL,H1,H4,AUDJPY,short,2023-02-03,2023-02-08,91.198,91.958,0.7600000000000051,2023-02-07 03:00:00,2023-02-07 04:00:00,91.854,91.958,2023-02-13 06:00:00,91.816,90.43799999999999,92.97157575757576,2023-02-14 18:00:00,92.97157575757576,loss,-1.0,1.1924791524623815,wickdiffs_3D_H1_ALL_20260124_182916.csv,115.5575757575758,1.0
3D,ALL,H1,H4,AUDJPY,short,2023-09-14,2023-09-19,95.02,96.07,1.0499999999999972,2023-09-21 06:00:00,2023-09-21 07:00:00,95.141,95.237,2023-09-22 01:00:00,95.111,93.97,96.175,2023-09-29 01:00:00,96.175,loss,-1.0,1.0723684210526436,wickdiffs_3D_H1_ALL_20260124_182916.csv,91.73333333333336,1.0
3D,ALL,H1,H4,AUDJPY,short,2024-12-05,2024-12-10,97.365,98.068,0.703000000000003,2024-12-12 09:00:00,2024-12-12 10:00:00,97.876,97.884,2024-12-13 10:00:00,97.818,96.66199999999999,98.97428787878788,2024-12-18 18:00:00,96.66199999999999,win,0.9997510319072316,0.9997510319072316,wickdiffs_3D_H1_ALL_20260124_182916.csv,115.6287878787879,1.0
3D,ALL,H1,H4,AUDJPY,short,2025-05-12,2025-05-15,94.361,95.648,1.286999999999992,2025-05-14 11:00:00,2025-05-14 12:00:00,94.62,94.655,2025-06-10 21:00:00,94.407,93.07400000000001,95.77669999999999,2025-06-12 21:00:00,93.07400000000001,win,0.9732058114915598,0.9732058114915598,wickdiffs_3D_H1_ALL_20260124_182916.csv,128.3939393939391,1.0
3D,ALL,H1,H4,AUDNZD,long,2015-06-23,2015-06-26,1.113585,1.120475,0.006890000000000063,2015-06-28 23:00:00,2015-06-29 00:00:00,1.115145,1.115455,2015-07-07 13:00:00,1.11578,1.1273650000000002,1.1062040909090909,2015-07-08 09:00:00,1.1062040909090909,loss,-1.0,1.2098068068543406,wickdiffs_3D_H1_ALL_20260124_182916.csv,95.7590909090909,1.0
3D,ALL,H1,H4,AUDNZD,long,2016-03-17,2016-03-22,1.11508,1.120715,0.005634999999999835,2016-03-18 05:00:00,2016-03-18 06:00:00,1.11676,1.11694,2016-03-29 05:00:00,1.117245,1.1263499999999997,1.1076057575757576,2016-03-30 05:00:00,1.1076057575757576,loss,-1.0,0.9445763058205553,wickdiffs_3D_H1_ALL_20260124_182916.csv,96.39242424242438,1.0
3D,ALL,H1,H4,AUDNZD,long,2016-03-30,2016-04-04,1.10458,1.11192,0.007340000000000124,2016-03-30 18:00:00,2016-03-30 19:00:00,1.10558,1.10602,2016-04-11 05:00:00,1.107265,1.1192600000000001,1.0975792424242423,2016-04-14 05:00:00,1.1192600000000001,win,1.2384162938397707,1.2384162938397707,wickdiffs_3D_H1_ALL_20260124_182916.csv,96.85757575757592,1.0
3D,ALL,H1,H4,AUDNZD,long,2016-07-29,2016-08-03,1.04502,1.050535,0.005514999999999937,2016-08-02 06:00:00,2016-08-02 07:00:00,1.04599,1.04604,2016-08-22 21:00:00,1.04611,1.05605,1.0376765151515153,2016-08-31 05:00:00,1.0376765151515153,loss,-1.0,1.1786349508632417,wickdiffs_3D_H1_ALL_20260124_182916.csv,84.33484848484854,1.0
3D,ALL,H1,H4,AUDNZD,long,2016-10-31,2016-11-03,1.04512,1.05102,0.005900000000000016,2016-11-07 12:00:00,2016-11-07 13:00:00,1.04962,1.04971,2016-11-08 06:00:00,1.0501,1.05692,1.0429427272727274,2016-11-09 02:00:00,1.0429427272727274,loss,-1.0,0.9528769211228321,wickdiffs_3D_H1_ALL_20260124_182916.csv,71.57272727272724,1.0
3D,ALL,H1,H4,AUDNZD,long,2019-08-02,2019-08-07,1.02644,1.03592,0.009479999999999933,2019-08-07 00:00:00,2019-08-07 01:00:00,1.03376,1.03494,2020-01-07 10:00:00,1.03522,1.0453999999999999,1.025492,2020-01-15 14:00:00,1.0453999999999999,win,1.0464638157894632,1.0464638157894632,wickdiffs_3D_H1_ALL_20260124_182916.csv,47.49848484848474,1.0
3D,ALL,H1,H4,AUDNZD,long,2020-05-19,2020-05-22,1.06681,1.0726,0.005789999999999962,2020-05-22 06:00:00,2020-05-22 07:00:00,1.06681,1.06732,2020-05-27 13:00:00,1.069,1.07839,1.060521212121212,2020-06-01 01:00:00,1.07839,win,1.1074696211579718,1.1074696211579718,wickdiffs_3D_H1_ALL_20260124_182916.csv,84.78787878787874,1.0
3D,ALL,H1,H4,AUDNZD,long,2021-03-31,2021-04-05,1.07984,1.08466,0.0048200000000000465,2021-04-05 12:00:00,2021-04-05 13:00:00,1.08222,1.08244,2021-04-09 05:00:00,1.08294,1.08948,1.0777086363636363,2021-04-20 13:00:00,1.0777086363636363,loss,-1.0,1.2501520549135425,wickdiffs_3D_H1_ALL_20260124_182916.csv,52.31363636363642,1.0
3D,ALL,H1,H4,AUDNZD,long,2021-12-29,2022-01-03,1.05862,1.06202,0.0034000000000000696,2022-01-04 00:00:00,2022-01-04 01:00:00,1.05862,1.05913,2022-01-07 06:00:00,1.05978,1.06542,1.0544174242424242,2022-01-12 22:00:00,1.06542,win,1.0517333936089206,1.0517333936089206,wickdiffs_3D_H1_ALL_20260124_182916.csv,53.62575757575766,1.0
3D,ALL,H1,H4,AUDNZD,long,2022-07-01,2022-07-06,1.09623,1.10195,0.005719999999999947,2022-07-04 08:00:00,2022-07-04 09:00:00,1.09928,1.09994,2022-07-11 13:00:00,1.1013,1.10767,1.094989090909091,2022-07-18 13:00:00,1.10767,win,1.0093632958801486,1.0093632958801486,wickdiffs_3D_H1_ALL_20260124_182916.csv,63.10909090909085,1.0
3D,ALL,H1,H4,AUDNZD,long,2022-08-09,2022-08-12,1.10112,1.10523,0.004109999999999836,2022-08-12 04:00:00,2022-08-12 05:00:00,1.10112,1.10134,2022-08-17 01:00:00,1.10269,1.1093399999999998,1.0965381818181819,2022-08-19 05:00:00,1.1093399999999998,win,1.0809812324515784,1.0809812324515784,wickdiffs_3D_H1_ALL_20260124_182916.csv,61.51818181818159,1.0
3D,ALL,H1,H4,AUDNZD,long,2024-08-01,2024-08-06,1.08438,1.09378,0.009400000000000075,2024-08-08 07:00:00,2024-08-08 08:00:00,1.09142,1.09212,2024-08-13 05:00:00,1.09344,1.10318,1.08344,2024-08-14 05:00:00,1.10318,win,0.9740000000000073,0.9740000000000073,wickdiffs_3D_H1_ALL_20260124_182916.csv,46.80000000000003,1.0
3D,ALL,H1,H4,AUDNZD,short,2015-10-09,2015-10-14,1.09087,1.098415,0.007544999999999913,2015-10-13 01:00:00,2015-10-13 02:00:00,1.09825,1.098415,2015-11-17 06:00:00,1.098115,1.083325,1.1095562121212121,2015-12-09 18:00:00,1.083325,win,1.2926952007627779,1.2926952007627779,wickdiffs_3D_H1_ALL_20260124_182916.csv,114.4121212121214,1.0
3D,ALL,H1,H4,AUDNZD,short,2016-06-22,2016-06-27,1.04801,1.05523,0.007219999999999782,2016-06-28 01:00:00,2016-06-28 02:00:00,1.04948,1.04988,2016-06-30 01:00:00,1.0492,1.0407900000000003,1.0577330303030303,2016-07-03 21:00:00,1.0407900000000003,win,0.9855818743562822,0.9855818743562822,wickdiffs_3D_H1_ALL_20260124_182916.csv,85.33030303030327,1.0
3D,ALL,H1,H4,AUDNZD,short,2017-03-27,2017-03-30,1.09051,1.09666,0.006149999999999878,2017-03-31 15:00:00,2017-03-31 16:00:00,1.09109,1.09206,2017-04-28 17:00:00,1.09051,1.0843600000000002,1.097275,2017-05-02 21:00:00,1.0843600000000002,win,0.9090909090909032,0.9090909090909032,wickdiffs_3D_H1_ALL_20260124_182916.csv,64.03787878787878,1.0
3D,ALL,H1,H4,AUDNZD,short,2017-07-18,2017-07-21,1.07555,1.08458,0.009030000000000094,2017-07-20 14:00:00,2017-07-20 15:00:00,1.07781,1.0783,2017-08-08 01:00:00,1.076215,1.06652,1.0854830000000002,2017-08-10 05:00:00,1.0854830000000002,loss,-1.0,1.0460725075528399,wickdiffs_3D_H1_ALL_20260124_182916.csv,72.47121212121216,1.0
3D,ALL,H1,H4,AUDNZD,short,2018-02-07,2018-02-12,1.07711,1.0894,0.012289999999999912,2018-02-14 05:00:00,2018-02-14 06:00:00,1.07788,1.07807,2018-02-26 22:00:00,1.07747,1.06482,1.0906289999999998,2018-03-19 17:00:00,1.06482,win,0.9613192491830613,0.9613192491830613,wickdiffs_3D_H1_ALL_20260124_182916.csv,67.730303030303,1.0
3D,ALL,H1,H4,AUDNZD,short,2018-10-22,2018-10-25,1.08241,1.0885,0.006089999999999929,2018-10-29 14:00:00,2018-10-29 15:00:00,1.08414,1.0845,2018-10-30 01:00:00,1.08282,1.0763200000000002,1.089109,2018-11-06 18:00:00,1.0763200000000002,win,1.0335506439814772,1.0335506439814772,wickdiffs_3D_H1_ALL_20260124_182916.csv,57.83787878787897,1.0
3D,ALL,H1,H4,AUDNZD,short,2019-05-07,2019-05-10,1.06069,1.07256,0.011870000000000047,2019-05-08 21:00:00,2019-05-08 22:00:00,1.06296,1.06315,2019-05-29 13:00:00,1.06179,1.0488199999999999,1.073747,2019-06-20 01:00:00,1.0488199999999999,win,1.084720247553747,1.084720247553747,wickdiffs_3D_H1_ALL_20260124_182916.csv,45.44999999999995,1.0
3D,ALL,H1,H4,AUDNZD,short,2020-04-10,2020-04-15,1.05508,1.06264,0.007560000000000011,2020-04-17 07:00:00,2020-04-17 08:00:00,1.05868,1.05903,2020-04-22 01:00:00,1.05703,1.04752,1.064816515151515,2020-04-27 01:00:00,1.064816515151515,loss,-1.0,1.2213422583720774,wickdiffs_3D_H1_ALL_20260124_182916.csv,77.86515151515145,1.0
3D,ALL,H1,H4,AUDNZD,short,2020-06-01,2020-06-04,1.07736,1.08808,0.01071999999999984,2020-06-03 15:00:00,2020-06-03 16:00:00,1.07977,1.08014,2020-07-30 01:00:00,1.07916,1.0666400000000003,1.089152,2020-08-11 09:00:00,1.089152,loss,-1.0,1.2530024019215014,wickdiffs_3D_H1_ALL_20260124_182916.csv,57.80454545454544,1.0
3D,ALL,H1,H4,AUDNZD,short,2022-12-21,2022-12-26,1.06833,1.0766,0.00827,2022-12-28 09:00:00,2022-12-28 10:00:00,1.07318,1.07398,2022-12-30 10:00:00,1.06987,1.06006,1.0778066666666668,2023-01-01 22:00:00,1.0778066666666668,loss,-1.0,1.2360352792944274,wickdiffs_3D_H1_ALL_20260124_182916.csv,79.36666666666659,1.0
3D,ALL,H1,H4,AUDNZD,short,2025-04-08,2025-04-11,1.08453,1.09122,0.006690000000000085,2025-04-10 21:00:00,2025-04-10 22:00:00,1.08467,1.08556,2025-05-02 17:00:00,1.0845,1.07784,1.091889,2025-05-15 01:00:00,1.091889,loss,-1.0,0.9013398294762525,wickdiffs_3D_H1_ALL_20260124_182916.csv,52.75454545454568,1.0
3D,ALL,H1,H4,AUDUSD,long,2015-07-14,2015-07-17,0.7328,0.74047,0.007669999999999955,2015-07-21 12:00:00,2015-07-21 13:00:00,0.736275,0.736855,2015-07-22 13:00:00,0.73725,0.7481399999999999,0.727505606060606,2015-07-24 01:00:00,0.727505606060606,loss,-1.0,1.1175656554662308,wickdiffs_3D_H1_ALL_20260124_182916.csv,97.4439393939394,1.0
3D,ALL,H1,H4,AUDUSD,long,2015-08-07,2015-08-12,0.72161,0.730415,0.008805000000000063,2015-08-12 08:00:00,2015-08-12 09:00:00,0.728145,0.728585,2015-08-20 05:00:00,0.72863,0.7392200000000001,0.7195445454545455,2015-08-24 13:00:00,0.7195445454545455,loss,-1.0,1.16559935961578,wickdiffs_3D_H1_ALL_20260124_182916.csv,90.85454545454547,1.0
3D,ALL,H1,H4,AUDUSD,long,2016-06-27,2016-06-30,0.73247,0.745075,0.012605000000000088,2016-06-30 17:00:00,2016-06-30 18:00:00,0.74234,0.74342,2016-07-05 21:00:00,0.74375,0.7576800000000001,0.7312095,2016-07-12 01:00:00,0.7576800000000001,win,1.1108010047446304,1.1108010047446304,wickdiffs_3D_H1_ALL_20260124_182916.csv,91.67196969696964,1.0
3D,ALL,H1,H4,AUDUSD,long,2017-01-18,2017-01-23,0.74936,0.75565,0.006290000000000018,2017-01-25 08:00:00,2017-01-25 09:00:00,0.75152,0.75204,2017-01-27 06:00:00,0.75303,0.7619400000000001,0.7457297727272727,2017-02-01 22:00:00,0.7619400000000001,win,1.2205099467638114,1.2205099467638114,wickdiffs_3D_H1_ALL_20260124_182916.csv,73.0022727272727,1.0
3D,ALL,H1,H4,AUDUSD,long,2017-02-16,2017-02-21,0.76496,0.76884,0.0038799999999999946,2017-02-21 08:00:00,2017-02-21 09:00:00,0.76496,0.765,2017-02-28 18:00:00,0.76572,0.77272,0.7591355303030303,2017-03-02 10:00:00,0.7591355303030303,loss,-1.0,1.063107633895186,wickdiffs_3D_H1_ALL_20260124_182916.csv,65.84469696969697,1.0
3D,ALL,H1,H4,AUDUSD,long,2017-03-06,2017-03-09,0.74912,0.752745,0.0036249999999999893,2017-03-09 15:00:00,2017-03-09 16:00:00,0.74942,0.74967,2017-04-07 17:00:00,0.75011,0.75637,0.7438791666666668,2017-04-13 01:00:00,0.75637,win,1.004681021800176,1.004681021800176,wickdiffs_3D_H1_ALL_20260124_182916.csv,62.30833333333335,1.0
3D,ALL,H1,H4,AUDUSD,long,2017-07-21,2017-07-26,0.78751,0.79369,0.006179999999999963,2017-07-26 12:00:00,2017-07-26 13:00:00,0.79068,0.79069,2017-08-04 13:00:00,0.792195,0.79987,0.786231893939394,2017-08-09 01:00:00,0.786231893939394,loss,-1.0,1.2870809142073083,wickdiffs_3D_H1_ALL_20260124_182916.csv,59.63106060606059,1.0
3D,ALL,H1,H4,AUDUSD,long,2017-09-27,2017-10-02,0.77856,0.783465,0.004904999999999937,2017-10-03 05:00:00,2017-10-03 06:00:00,0.77856,0.77901,2017-10-05 17:00:00,0.77956,0.7883699999999999,0.7727613636363637,2017-10-13 09:00:00,0.7883699999999999,win,1.2958480978805718,1.2958480978805718,wickdiffs_3D_H1_ALL_20260124_182916.csv,67.98636363636366,1.0
3D,ALL,H1,H4,AUDUSD,long,2018-07-25,2018-07-30,0.737,0.74015,0.003149999999999986,2018-07-27 09:00:00,2018-07-27 10:00:00,0.737,0.73716,2018-08-02 09:00:00,0.73735,0.7433,0.7310604545454545,2018-08-07 05:00:00,0.7433,win,0.9460143094601468,0.9460143094601468,wickdiffs_3D_H1_ALL_20260124_182916.csv,62.89545454545441,1.0
3D,ALL,H1,H4,AUDUSD,long,2019-08-28,2019-09-02,0.66878,0.6736,0.0048199999999999354,2019-09-03 12:00:00,2019-09-03 13:00:00,0.67284,0.6729,2019-10-01 01:00:00,0.67322,0.6784199999999999,0.6682980000000001,2019-10-01 13:00:00,0.6682980000000001,loss,-1.0,1.0564811052417493,wickdiffs_3D_H1_ALL_20260124_182916.csv,45.38030303030293,1.0
3D,ALL,H1,H4,AUDUSD,long,2020-06-09,2020-06-12,0.67766,0.6854,0.007739999999999969,2020-06-15 12:00:00,2020-06-15 13:00:00,0.68226,0.68242,2020-06-21 21:00:00,0.68288,0.69314,0.6723159090909091,2020-06-22 21:00:00,0.69314,win,0.9712146637407976,0.9712146637407976,wickdiffs_3D_H1_ALL_20260124_182916.csv,105.640909090909,1.0
3D,ALL,H1,H4,AUDUSD,long,2021-08-04,2021-08-09,0.73162,0.73562,0.0040000000000000036,2021-08-10 04:00:00,2021-08-10 05:00:00,0.73202,0.73226,2021-08-16 13:00:00,0.73348,0.73962,0.727454090909091,2021-08-17 13:00:00,0.727454090909091,loss,-1.0,1.0189333936788163,wickdiffs_3D_H1_ALL_20260124_182916.csv,60.25909090909094,1.0
3D,ALL,H1,H4,AUDUSD,long,2023-07-18,2023-07-21,0.6715,0.67788,0.006380000000000052,2023-07-24 23:00:00,2023-07-25 00:00:00,0.67253,0.67318,2023-07-26 01:00:00,0.676,0.6842600000000001,0.6693362121212122,2023-07-28 01:00:00,0.6693362121212122,loss,-1.0,1.2395352538596265,wickdiffs_3D_H1_ALL_20260124_182916.csv,66.63787878787886,1.0
3D,ALL,H1,H4,AUDUSD,long,2024-02-02,2024-02-07,0.64688,0.65227,0.005390000000000006,2024-02-09 16:00:00,2024-02-09 17:00:00,0.65132,0.65138,2024-02-12 06:00:00,0.65162,0.65766,0.6455007575757575,2024-02-13 14:00:00,0.6455007575757575,loss,-1.0,0.9870502884591654,wickdiffs_3D_H1_ALL_20260124_182916.csv,61.19242424242422,1.0
3D,ALL,H1,H4,AUDUSD,long,2025-01-30,2025-02-04,0.60878,0.6225,0.013720000000000065,2025-02-04 08:00:00,2025-02-04 09:00:00,0.6198,0.62031,2025-02-28 18:00:00,0.62094,0.6362200000000001,0.607408,2025-03-06 14:00:00,0.6362200000000001,win,1.1291752882057315,1.1291752882057315,wickdiffs_3D_H1_ALL_20260124_182916.csv,56.97424242424237,1.0
3D,ALL,H1,H4,AUDUSD,long,2025-05-07,2025-05-12,0.63565,0.6421,0.006449999999999956,2025-05-13 08:00:00,2025-05-13 09:00:00,0.64008,0.64034,2025-05-15 09:00:00,0.6416,0.64855,0.6339377272727272,2025-05-23 13:00:00,0.64855,win,0.9070415850981813,0.9070415850981813,wickdiffs_3D_H1_ALL_20260124_182916.csv,76.62272727272719,1.0
3D,ALL,H1,H4,AUDUSD,short,2015-02-04,2015-02-09,0.779615,0.787645,0.008030000000000093,2015-02-10 02:00:00,2015-02-10 03:00:00,0.78414,0.784185,2015-02-19 02:00:00,0.781185,0.7715849999999999,0.7904151515151515,2015-02-26 06:00:00,0.7904151515151515,loss,-1.0,1.0400696006172307,wickdiffs_3D_H1_ALL_20260124_182916.csv,92.30151515151516,1.0
3D,ALL,H1,H4,AUDUSD,short,2015-08-25,2015-08-28,0.716595,0.72503,0.00843499999999997,2015-08-25 10:00:00,2015-08-25 11:00:00,0.723525,0.72503,2015-09-17 17:00:00,0.71749,0.70816,0.7267118181818182,2015-09-18 09:00:00,0.7267118181818182,loss,-1.0,1.0117310725551996,wickdiffs_3D_H1_ALL_20260124_182916.csv,92.21818181818182,1.0
3D,ALL,H1,H4,AUDUSD,short,2015-10-14,2015-10-19,0.72659,0.736375,0.009785000000000044,2015-10-21 04:00:00,2015-10-21 05:00:00,0.72736,0.72761,2015-10-23 05:00:00,0.72697,0.7168049999999999,0.7373535,2015-10-27 21:00:00,0.7168049999999999,win,0.9789569990850966,0.9789569990850966,wickdiffs_3D_H1_ALL_20260124_182916.csv,90.46136363636364,1.0
3D,ALL,H1,H4,AUDUSD,short,2016-06-22,2016-06-27,0.74729,0.76484,0.017549999999999955,2016-06-24 18:00:00,2016-06-24 19:00:00,0.75028,0.75106,2016-07-01 13:00:00,0.748385,0.72974,0.7665949999999999,2016-07-15 01:00:00,0.7665949999999999,loss,-1.0,1.0238879736408548,wickdiffs_3D_H1_ALL_20260124_182916.csv,92.08106060606056,1.0
3D,ALL,H1,H4,AUDUSD,short,2016-10-13,2016-10-18,0.762835,0.77344,0.010604999999999976,2016-10-20 15:00:00,2016-10-20 16:00:00,0.76394,0.7642,2016-10-21 05:00:00,0.76288,0.7522300000000001,0.7745005,2016-11-08 18:00:00,0.7745005,loss,-1.0,0.9164838001807071,wickdiffs_3D_H1_ALL_20260124_182916.csv,72.80151515151526,1.0
3D,ALL,H1,H4,AUDUSD,short,2016-10-21,2016-10-26,0.764535,0.77088,0.006345000000000045,2016-10-26 14:00:00,2016-10-26 15:00:00,0.76696,0.76704,2016-11-01 05:00:00,0.76646,0.7581899999999999,0.7735147727272728,2016-11-08 14:00:00,0.7735147727272728,loss,-1.0,1.1722560484520614,wickdiffs_3D_H1_ALL_20260124_182916.csv,70.54772727272736,1.0
3D,ALL,H1,H4,AUDUSD,short,2017-07-26,2017-07-31,0.79863,0.80658,0.007950000000000013,2017-08-01 14:00:00,2017-08-01 15:00:00,0.79934,0.79975,2017-08-30 01:00:00,0.798615,0.7906799999999999,0.807375,2017-08-30 13:00:00,0.7906799999999999,win,0.9058219178082231,0.9058219178082231,wickdiffs_3D_H1_ALL_20260124_182916.csv,62.69015151515152,1.0
3D,ALL,H1,H4,AUDUSD,short,2018-03-21,2018-03-26,0.76974,0.77889,0.009149999999999991,2018-03-28 03:00:00,2018-03-28 04:00:00,0.770185,0.77023,2018-03-30 05:00:00,0.769995,0.76059,0.779805,2018-04-13 05:00:00,0.779805,loss,-1.0,0.9587155963302764,wickdiffs_3D_H1_ALL_20260124_182916.csv,67.5833333333334,1.0
3D,ALL,H1,H4,AUDUSD,short,2018-07-20,2018-07-25,0.74177,0.74644,0.004669999999999952,2018-07-26 09:00:00,2018-07-26 10:00:00,0.74324,0.7433,2018-07-31 01:00:00,0.7432,0.7371000000000001,0.749571212121212,2018-08-02 09:00:00,0.7371000000000001,win,0.9574316290130631,0.9574316290130631,wickdiffs_3D_H1_ALL_20260124_182916.csv,63.71212121212109,1.0
3D,ALL,H1,H4,AUDUSD,short,2018-07-30,2018-08-02,0.7404,0.7441,0.0037000000000000366,2018-07-31 17:00:00,2018-07-31 18:00:00,0.74396,0.74404,2018-08-08 17:00:00,0.74329,0.7366999999999999,0.7495375757575757,2018-08-09 21:00:00,0.7366999999999999,win,1.0548091380899425,1.0548091380899425,wickdiffs_3D_H1_ALL_20260124_182916.csv,62.47575757575749,1.0
3D,ALL,H1,H4,AUDUSD,short,2019-03-18,2019-03-21,0.7116,0.71683,0.005229999999999957,2019-03-21 13:00:00,2019-03-21 14:00:00,0.71341,0.71351,2019-03-26 09:00:00,0.71301,0.70637,0.7191471212121212,2019-04-02 13:00:00,0.70637,win,1.0819405011726926,1.0819405011726926,wickdiffs_3D_H1_ALL_20260124_182916.csv,61.37121212121205,1.0
3D,ALL,H1,H4,AUDUSD,short,2019-08-07,2019-08-12,0.67864,0.68224,0.0035999999999999366,2019-08-14 03:00:00,2019-08-14 04:00:00,0.67948,0.67972,2019-08-16 01:00:00,0.67932,0.6750400000000001,0.6839215151515152,2019-08-23 01:00:00,0.6750400000000001,win,0.9301284162001884,0.9301284162001884,wickdiffs_3D_H1_ALL_20260124_182916.csv,46.01515151515144,1.0
3D,ALL,H1,H4,AUDUSD,short,2020-02-04,2020-02-07,0.67315,0.67742,0.004269999999999996,2020-02-06 17:00:00,2020-02-06 18:00:00,0.67392,0.67396,2020-02-12 06:00:00,0.67391,0.66888,0.677997803030303,2020-02-17 22:00:00,0.66888,win,1.2304898163420306,1.2304898163420306,wickdiffs_3D_H1_ALL_20260124_182916.csv,40.87803030303036,1.0
3D,ALL,H1,H4,AUDUSD,short,2020-09-30,2020-10-05,0.71622,0.72092,0.0047000000000000375,2020-10-06 04:00:00,2020-10-06 05:00:00,0.71921,0.71942,2020-10-09 05:00:00,0.71901,0.7115199999999999,0.7257322727272728,2020-10-15 05:00:00,0.7115199999999999,win,1.1142065048346903,1.1142065048346903,wickdiffs_3D_H1_ALL_20260124_182916.csv,67.22272727272728,1.0
3D,ALL,H1,H4,CADCHF,long,2017-08-24,2017-08-29,0.75598,0.763735,0.007755000000000067,2017-08-31 10:00:00,2017-08-31 11:00:00,0.76286,0.7629,2017-11-30 14:00:00,0.762915,0.7714900000000001,0.7552045,2017-12-01 10:00:00,0.7714900000000001,win,1.112119836586478,1.112119836586478,wickdiffs_3D_H1_ALL_20260124_182916.csv,61.86287878787874,1.0
3D,ALL,H1,H4,CADCHF,long,2017-10-05,2017-10-10,0.77681,0.78069,0.0038799999999999946,2017-10-11 14:00:00,2017-10-11 15:00:00,0.77681,0.77688,2017-10-16 13:00:00,0.777645,0.78457,0.7708156818181818,2017-10-18 09:00:00,0.78457,win,1.0140104495989826,1.0140104495989826,wickdiffs_3D_H1_ALL_20260124_182916.csv,68.2931818181818,1.0
3D,ALL,H1,H4,CADCHF,long,2017-11-13,2017-11-16,0.7708,0.774315,0.003514999999999935,2017-11-15 14:00:00,2017-11-15 15:00:00,0.7708,0.77136,2017-11-23 10:00:00,0.77175,0.7778299999999999,0.7654378030303031,2017-11-29 14:00:00,0.7654378030303031,loss,-1.0,0.96321455575423,wickdiffs_3D_H1_ALL_20260124_182916.csv,63.12196969696969,1.0
3D,ALL,H1,H4,CADCHF,long,2017-12-07,2017-12-12,0.76617,0.771355,0.005184999999999995,2017-12-14 14:00:00,2017-12-14 15:00:00,0.76914,0.76976,2017-12-15 18:00:00,0.770135,0.77654,0.7643052272727273,2017-12-19 14:00:00,0.7643052272727273,loss,-1.0,1.098670617129936,wickdiffs_3D_H1_ALL_20260124_182916.csv,58.29772727272724,1.0
3D,ALL,H1,H4,CADCHF,long,2019-12-19,2019-12-24,0.74424,0.74701,0.002769999999999939,2019-12-24 20:00:00,2019-12-24 21:00:00,0.74424,0.74428,2019-12-27 18:00:00,0.74508,0.7497799999999999,0.740800303030303,2019-12-30 14:00:00,0.740800303030303,loss,-1.0,1.0982085959073664,wickdiffs_3D_H1_ALL_20260124_182916.csv,42.79696969696976,1.0
3D,ALL,H1,H4,CADCHF,long,2020-04-20,2020-04-23,0.68044,0.6861,0.005659999999999998,2020-04-21 09:00:00,2020-04-21 10:00:00,0.68044,0.6808,2020-05-01 13:00:00,0.6819,0.69176,0.6738592424242423,2020-05-05 09:00:00,0.69176,win,1.2262526145207298,1.2262526145207298,wickdiffs_3D_H1_ALL_20260124_182916.csv,80.40757575757574,1.0
3D,ALL,H1,H4,CADCHF,long,2021-01-14,2021-01-19,0.69583,0.6983,0.0024700000000000832,2021-01-19 14:00:00,2021-01-19 15:00:00,0.69583,0.69586,2021-01-22 14:00:00,0.69599,0.7007700000000001,0.6912090909090909,2021-01-28 06:00:00,0.6912090909090909,loss,-1.0,0.9998098497813535,wickdiffs_3D_H1_ALL_20260124_182916.csv,47.80909090909083,1.0
3D,ALL,H1,H4,CADCHF,long,2023-02-16,2023-02-21,0.68346,0.68622,0.0027600000000000957,2023-02-22 07:00:00,2023-02-22 08:00:00,0.68346,0.6837,2023-03-06 18:00:00,0.68372,0.6889800000000001,0.6783613636363637,2023-03-09 18:00:00,0.6783613636363637,loss,-1.0,0.9815930104334826,wickdiffs_3D_H1_ALL_20260124_182916.csv,53.58636363636369,1.0
3D,ALL,H1,H4,CADCHF,long,2023-04-28,2023-05-03,0.64767,0.65558,0.007910000000000084,2023-05-05 05:00:00,2023-05-05 06:00:00,0.65394,0.65411,2023-07-13 13:00:00,0.6545,0.6634900000000001,0.646879,2023-08-23 13:00:00,0.646879,loss,-1.0,1.179635218475289,wickdiffs_3D_H1_ALL_20260124_182916.csv,49.40151515151515,1.0
3D,ALL,H1,H4,CADCHF,long,2025-03-05,2025-03-10,0.60546,0.61271,0.007249999999999979,2025-03-12 14:00:00,2025-03-12 15:00:00,0.61237,0.61254,2025-03-13 01:00:00,0.61265,0.61996,0.604735,2025-03-26 05:00:00,0.61996,win,0.9235628553379561,0.9235628553379561,wickdiffs_3D_H1_ALL_20260124_182916.csv,47.19242424242432,1.0
3D,ALL,H1,H4,CADCHF,long,2025-03-26,2025-03-31,0.61243,0.6153,0.002869999999999928,2025-04-01 13:00:00,2025-04-01 14:00:00,0.61243,0.61268,2025-04-03 05:00:00,0.61298,0.6181699999999999,0.6082010606060606,2025-04-04 01:00:00,0.6082010606060606,loss,-1.0,1.0860150280586967,wickdiffs_3D_H1_ALL_20260124_182916.csv,47.78939393939408,1.0
3D,ALL,H1,H4,CADCHF,short,2016-06-17,2016-06-22,0.750765,0.75744,0.0066749999999999865,2016-06-24 17:00:00,2016-06-24 18:00:00,0.75156,0.75272,2016-06-28 01:00:00,0.75113,0.74409,0.7584105303030303,2016-07-12 13:00:00,0.7584105303030303,loss,-1.0,0.966962529785741,wickdiffs_3D_H1_ALL_20260124_182916.csv,72.80530303030308,1.0
3D,ALL,H1,H4,CADCHF,short,2016-10-13,2016-10-18,0.75335,0.76084,0.007489999999999997,2016-10-19 20:00:00,2016-10-19 21:00:00,0.75444,0.75456,2016-11-22 10:00:00,0.753715,0.74586,0.761589,2016-12-01 14:00:00,0.761589,loss,-1.0,0.9975869951740055,wickdiffs_3D_H1_ALL_20260124_182916.csv,67.44393939393923,1.0
3D,ALL,H1,H4,CADCHF,short,2018-10-22,2018-10-25,0.76412,0.76934,0.005220000000000002,2018-10-25 17:00:00,2018-10-25 18:00:00,0.76534,0.7657,2018-10-30 05:00:00,0.76478,0.7589,0.7701184848484849,2018-11-14 18:00:00,0.7589,win,1.1014361128455457,1.1014361128455457,wickdiffs_3D_H1_ALL_20260124_182916.csv,53.38484848484851,1.0
3D,ALL,H1,H4,CADCHF,short,2019-03-29,2019-04-03,0.74834,0.75133,0.002990000000000048,2019-04-02 11:00:00,2019-04-02 12:00:00,0.75092,0.75096,2019-04-08 17:00:00,0.75036,0.74535,0.7553880303030304,2019-04-17 05:00:00,0.7553880303030304,loss,-1.0,0.9964140424890884,wickdiffs_3D_H1_ALL_20260124_182916.csv,50.28030303030312,1.0
3D,ALL,H1,H4,CADCHF,short,2020-09-04,2020-09-09,0.69338,0.70086,0.007480000000000042,2020-09-09 10:00:00,2020-09-09 11:00:00,0.69468,0.69484,2020-09-24 21:00:00,0.69423,0.6859,0.701608,2020-10-28 13:00:00,0.6859,win,1.129032258064525,1.129032258064525,wickdiffs_3D_H1_ALL_20260124_182916.csv,45.66969696969699,1.0
3D,ALL,H1,H4,CADCHF,short,2020-10-08,2020-10-13,0.69334,0.69762,0.0042800000000000615,2020-10-14 21:00:00,2020-10-14 22:00:00,0.69484,0.69504,2020-10-19 01:00:00,0.69452,0.6890599999999999,0.699014393939394,2020-10-20 05:00:00,0.6890599999999999,win,1.2148467788153878,1.2148467788153878,wickdiffs_3D_H1_ALL_20260124_182916.csv,44.94393939393941,1.0
3D,ALL,H1,H4,CADCHF,short,2020-11-19,2020-11-24,0.69723,0.70236,0.005129999999999968,2020-11-25 16:00:00,2020-11-25 17:00:00,0.69963,0.69979,2020-11-30 14:00:00,0.69798,0.6921,0.702873,2020-12-02 14:00:00,0.6921,win,1.2017167381974425,1.2017167381974425,wickdiffs_3D_H1_ALL_20260124_182916.csv,44.88939393939389,1.0
3D,ALL,H1,H4,CADCHF,short,2020-12-23,2020-12-28,0.69268,0.69589,0.003210000000000046,2020-12-24 17:00:00,2020-12-24 18:00:00,0.69587,0.69589,2020-12-31 18:00:00,0.69488,0.6894699999999999,0.6994307575757576,2021-01-04 14:00:00,0.6894699999999999,win,1.1888130514400206,1.1888130514400206,wickdiffs_3D_H1_ALL_20260124_182916.csv,45.50757575757561,1.0
3D,ALL,H1,H4,CADCHF,short,2021-01-11,2021-01-14,0.69905,0.70324,0.004190000000000027,2021-01-15 19:00:00,2021-01-15 20:00:00,0.70014,0.70021,2021-01-19 02:00:00,0.69993,0.6948599999999999,0.7046616666666667,2021-01-20 14:00:00,0.7046616666666667,loss,-1.0,1.071504050722115,wickdiffs_3D_H1_ALL_20260124_182916.csv,47.31666666666656,1.0
3D,ALL,H1,H4,CADCHF,short,2021-02-22,2021-02-25,0.7245,0.72734,0.0028399999999999537,2021-02-25 12:00:00,2021-02-25 13:00:00,0.72651,0.72684,2021-03-03 06:00:00,0.72649,0.7216600000000001,0.7312569696969696,2021-03-04 10:00:00,0.7312569696969696,loss,-1.0,1.013222299917339,wickdiffs_3D_H1_ALL_20260124_182916.csv,47.66969696969689,1.0
3D,ALL,H1,H4,CADCHF,short,2022-01-06,2022-01-11,0.73148,0.73692,0.00544,2022-01-13 08:00:00,2022-01-13 09:00:00,0.7323,0.73242,2022-01-18 10:00:00,0.7316,0.72604,0.737464,2022-01-21 14:00:00,0.72604,win,0.9481582537517101,0.9481582537517101,wickdiffs_3D_H1_ALL_20260124_182916.csv,53.51060606060607,1.0
3D,ALL,H1,H4,CADCHF,short,2022-03-23,2022-03-28,0.74564,0.75123,0.005589999999999984,2022-03-29 18:00:00,2022-03-29 19:00:00,0.74577,0.74591,2022-04-05 13:00:00,0.74564,0.74005,0.7517889999999999,2022-04-07 13:00:00,0.74005,win,0.9090909090909124,0.9090909090909124,wickdiffs_3D_H1_ALL_20260124_182916.csv,56.02272727272727,1.0
3D,ALL,H1,H4,CADCHF,short,2023-07-31,2023-08-03,0.65722,0.66186,0.0046399999999999775,2023-08-03 06:00:00,2023-08-03 07:00:00,0.65832,0.65852,2023-09-12 13:00:00,0.65769,0.65258,0.662324,2023-09-14 09:00:00,0.662324,loss,-1.0,1.1027190332326107,wickdiffs_3D_H1_ALL_20260124_182916.csv,44.42878787878786,1.0
3D,ALL,H1,H4,CADCHF,short,2024-04-23,2024-04-26,0.66797,0.67042,0.0024500000000000632,2024-04-29 02:00:00,2024-04-29 03:00:00,0.66916,0.66922,2024-05-01 05:00:00,0.6688,0.6655199999999999,0.6724113636363636,2024-05-02 05:00:00,0.6655199999999999,win,0.908244178728777,0.908244178728777,wickdiffs_3D_H1_ALL_20260124_182916.csv,36.11363636363636,1.0
3D,ALL,H1,H4,CADJPY,long,2015-11-12,2015-11-17,91.791,92.398,0.6069999999999993,2015-11-15 23:00:00,2015-11-16 00:00:00,91.791,91.8285,2015-11-23 10:00:00,91.9585,93.005,90.85228787878788,2015-12-08 06:00:00,90.85228787878788,loss,-1.0,0.9460210930009542,wickdiffs_3D_H1_ALL_20260124_182916.csv,110.6212121212121,1.0
3D,ALL,H1,H4,CADJPY,long,2016-05-03,2016-05-06,82.254,83.45,1.195999999999998,2016-05-09 02:00:00,2016-05-09 03:00:00,82.897,82.908,2016-05-24 05:00:00,83.182,84.646,81.91460606060606,2016-05-25 17:00:00,84.646,win,1.1551262433052785,1.1551262433052785,wickdiffs_3D_H1_ALL_20260124_182916.csv,126.7393939393939,1.0
3D,ALL,H1,H4,CADJPY,long,2017-05-16,2017-05-19,80.658,81.958,1.2999999999999972,2017-05-19 01:00:00,2017-05-19 02:00:00,81.678,81.703,2017-06-02 13:00:00,81.91,83.258,80.528,2017-06-13 13:00:00,83.258,win,0.9753979739508017,0.9753979739508017,wickdiffs_3D_H1_ALL_20260124_182916.csv,75.92424242424246,1.0
3D,ALL,H1,H4,CADJPY,long,2018-09-05,2018-09-10,83.766,84.344,0.5779999999999887,2018-09-06 16:00:00,2018-09-06 17:00:00,83.766,83.818,2018-12-06 14:00:00,84.048,84.92199999999998,83.32804545454546,2018-12-07 10:00:00,84.92199999999998,win,1.2139655281267487,1.2139655281267487,wickdiffs_3D_H1_ALL_20260124_182916.csv,71.99545454545458,1.0
3D,ALL,H1,H4,CADJPY,long,2019-01-01,2019-01-04,76.731,79.834,3.1030000000000086,2019-01-04 00:00:00,2019-01-04 01:00:00,79.716,79.722,2019-08-07 01:00:00,79.8,82.93700000000001,76.4207,2019-10-21 13:00:00,82.93700000000001,win,0.9282987600982494,0.9282987600982494,wickdiffs_3D_H1_ALL_20260124_182916.csv,55.72272727272724,1.0
3D,ALL,H1,H4,CADJPY,long,2019-02-07,2019-02-12,82.27,82.992,0.7220000000000084,2019-02-14 14:00:00,2019-02-14 15:00:00,82.923,82.926,2019-02-15 02:00:00,82.939,83.71400000000001,82.15725757575757,2019-02-19 18:00:00,83.71400000000001,win,0.9913751332493709,0.9913751332493709,wickdiffs_3D_H1_ALL_20260124_182916.csv,78.17424242424245,1.0
3D,ALL,H1,H4,CADJPY,long,2019-05-31,2019-06-05,79.976,80.746,0.769999999999996,2019-06-06 12:00:00,2019-06-06 13:00:00,80.64,80.646,2019-06-18 05:00:00,80.66,81.51599999999999,79.899,2019-06-20 05:00:00,81.51599999999999,win,1.1248357424441517,1.1248357424441517,wickdiffs_3D_H1_ALL_20260124_182916.csv,57.84848484848479,1.0
3D,ALL,H1,H4,CADJPY,long,2021-06-07,2021-06-10,90.096,90.526,0.4299999999999926,2021-06-14 10:00:00,2021-06-14 11:00:00,90.13,90.198,2021-06-16 05:00:00,90.26,90.95599999999999,89.63139393939394,2021-06-17 09:00:00,89.63139393939394,loss,-1.0,1.1072117238719368,wickdiffs_3D_H1_ALL_20260124_182916.csv,62.86060606060608,1.0
3D,ALL,H1,H4,CADJPY,long,2021-06-15,2021-06-18,87.968,89.236,1.2680000000000007,2021-06-22 09:00:00,2021-06-22 10:00:00,89.122,89.126,2021-06-29 17:00:00,89.136,90.504,87.8412,2021-07-08 05:00:00,87.8412,loss,-1.0,1.0565338276181762,wickdiffs_3D_H1_ALL_20260124_182916.csv,64.49242424242425,1.0
3D,ALL,H1,H4,CADJPY,long,2022-01-06,2022-01-11,90.296,90.878,0.5819999999999936,2022-01-10 17:00:00,2022-01-10 18:00:00,90.632,90.64,2022-01-14 10:00:00,90.665,91.46,89.85939393939394,2022-01-17 06:00:00,91.46,win,0.9868346812111929,0.9868346812111929,wickdiffs_3D_H1_ALL_20260124_182916.csv,80.56060606060613,1.0
3D,ALL,H1,H4,CADJPY,long,2022-01-19,2022-01-24,89.574,90.352,0.7780000000000058,2022-01-26 00:00:00,2022-01-26 01:00:00,90.086,90.116,2022-01-27 02:00:00,90.24,91.13000000000001,89.4235303030303,2022-01-27 14:00:00,91.13000000000001,win,1.090058826804256,1.090058826804256,wickdiffs_3D_H1_ALL_20260124_182916.csv,81.64696969696975,1.0
3D,ALL,H1,H4,CADJPY,long,2022-05-09,2022-05-12,97.802,100.037,2.2349999999999994,2022-05-16 03:00:00,2022-05-16 04:00:00,99.172,99.331,2022-05-18 21:00:00,99.787,102.272,97.5785,2022-06-01 05:00:00,102.272,win,1.1251980982567347,1.1251980982567347,wickdiffs_3D_H1_ALL_20260124_182916.csv,106.8424242424242,1.0
3D,ALL,H1,H4,CADJPY,long,2023-05-19,2023-05-24,101.666,102.636,0.9699999999999989,2023-05-25 13:00:00,2023-05-25 14:00:00,102.316,102.344,2023-05-31 05:00:00,102.578,103.606,101.47110606060606,2023-06-02 05:00:00,103.606,win,0.9287249332694465,0.9287249332694465,wickdiffs_3D_H1_ALL_20260124_182916.csv,110.689393939394,1.0
3D,ALL,H1,H4,CADJPY,long,2023-07-26,2023-07-31,104.214,106.548,2.334000000000003,2023-07-30 23:00:00,2023-07-31 00:00:00,106.18,106.216,2023-08-04 13:00:00,106.473,108.882,103.9806,2023-09-13 13:00:00,108.882,win,0.9665382763601359,0.9665382763601359,wickdiffs_3D_H1_ALL_20260124_182916.csv,102.9924242424242,1.0
3D,ALL,H1,H4,CADJPY,long,2024-12-05,2024-12-10,105.756,106.702,0.945999999999998,2024-12-09 04:00:00,2024-12-09 05:00:00,105.775,105.79,2025-01-30 18:00:00,106.442,107.648,105.37659090909091,2025-01-31 14:00:00,107.648,win,1.1319595545885102,1.1319595545885102,wickdiffs_3D_H1_ALL_20260124_182916.csv,106.540909090909,1.0
3D,ALL,H1,H4,CADJPY,long,2024-12-26,2024-12-31,108.539,109.298,0.7590000000000003,2024-12-31 08:00:00,2024-12-31 09:00:00,108.539,108.668,2025-01-02 06:00:00,108.788,110.057,107.71006060606061,2025-01-06 22:00:00,110.057,win,1.1772461486562515,1.1772461486562515,wickdiffs_3D_H1_ALL_20260124_182916.csv,107.7939393939394,1.0
3D,ALL,H1,H4,CADJPY,long,2025-03-05,2025-03-10,101.378,102.97,1.5919999999999987,2025-03-12 08:00:00,2025-03-12 09:00:00,102.548,102.749,2025-03-13 01:00:00,102.776,104.562,101.2188,2025-03-17 21:00:00,104.562,win,1.1469303878756791,1.1469303878756791,wickdiffs_3D_H1_ALL_20260124_182916.csv,116.7954545454546,1.0
3D,ALL,H1,H4,CADJPY,long,2025-05-15,2025-05-20,103.132,103.878,0.7459999999999951,2025-05-22 07:00:00,2025-05-22 08:00:00,103.132,103.188,2025-05-23 09:00:00,103.36,104.624,102.1025909090909,2025-05-27 09:00:00,104.624,win,1.005241658533056,1.005241658533056,wickdiffs_3D_H1_ALL_20260124_182916.csv,125.740909090909,1.0
3D,ALL,H1,H4,CADJPY,short,2015-09-07,2015-09-10,90.8925,92.0715,1.179000000000002,2015-09-09 14:00:00,2015-09-09 15:00:00,91.907,92.0715,2015-09-17 17:00:00,91.0405,89.7135,92.1894,2015-09-24 09:00:00,89.7135,win,1.155017843154308,1.155017843154308,wickdiffs_3D_H1_ALL_20260124_182916.csv,111.1409090909091,1.0
3D,ALL,H1,H4,CADJPY,short,2017-01-26,2017-01-31,86.736,87.974,1.2379999999999995,2017-02-02 02:00:00,2017-02-02 03:00:00,86.864,86.922,2017-02-03 06:00:00,86.777,85.498,88.0978,2017-02-06 14:00:00,85.498,win,0.9683525136280974,0.9683525136280974,wickdiffs_3D_H1_ALL_20260124_182916.csv,99.74848484848488,1.0
3D,ALL,H1,H4,CADJPY,short,2019-01-17,2019-01-22,82.488,82.896,0.40800000000000125,2019-01-18 17:00:00,2019-01-18 18:00:00,82.881,82.896,2019-01-25 14:00:00,82.85,82.08,83.62957575757575,2019-02-01 14:00:00,83.62957575757575,loss,-1.0,0.987716706833547,wickdiffs_3D_H1_ALL_20260124_182916.csv,77.95757575757588,1.0
3D,ALL,H1,H4,CADJPY,short,2021-03-15,2021-03-18,87.742,88.084,0.34199999999999875,2021-03-18 07:00:00,2021-03-18 08:00:00,88.078,88.084,2021-03-31 13:00:00,87.973,87.4,88.55745454545455,2021-04-06 13:00:00,87.4,win,0.9804013065795475,0.9804013065795475,wickdiffs_3D_H1_ALL_20260124_182916.csv,58.44545454545469,1.0
3D,ALL,H1,H4,CADJPY,short,2022-06-28,2022-07-01,105.45,106.43,0.980000000000004,2022-07-05 05:00:00,2022-07-05 06:00:00,106.075,106.126,2022-07-13 13:00:00,105.971,104.47,107.23227272727273,2022-07-19 17:00:00,107.23227272727273,loss,-1.0,1.190067752630824,wickdiffs_3D_H1_ALL_20260124_182916.csv,126.1272727272727,1.0
3D,ALL,H1,H4,CADJPY,short,2024-04-26,2024-05-01,114.548,117.344,2.7959999999999923,2024-04-30 12:00:00,2024-04-30 13:00:00,114.772,114.844,2024-05-14 13:00:00,114.554,111.75200000000001,117.6236,2024-06-28 13:00:00,117.6236,loss,-1.0,0.9128225175918679,wickdiffs_3D_H1_ALL_20260124_182916.csv,81.43030303030294,1.0
3D,ALL,H1,H4,CADJPY,short,2024-05-09,2024-05-14,114.308,114.802,0.4939999999999998,2024-05-14 12:00:00,2024-05-14 13:00:00,114.749,114.802,2024-05-20 13:00:00,114.646,113.81400000000001,115.47184848484848,2024-05-31 17:00:00,115.47184848484848,loss,-1.0,1.007448721241691,wickdiffs_3D_H1_ALL_20260124_182916.csv,82.58484848484845,1.0
3D,ALL,H1,H4,CADJPY,short,2024-06-28,2024-07-03,118.032,118.638,0.6060000000000088,2024-07-04 23:00:00,2024-07-05 00:00:00,118.536,118.552,2024-07-10 09:00:00,118.52,117.42599999999999,119.38612121212121,2024-07-11 09:00:00,117.42599999999999,win,1.2631026520187636,1.2631026520187636,wickdiffs_3D_H1_ALL_20260124_182916.csv,86.61212121212115,1.0
3D,ALL,H1,H4,CADJPY,short,2024-10-03,2024-10-08,108.777,109.828,1.051000000000002,2024-10-10 04:00:00,2024-10-10 05:00:00,109.07,109.096,2024-10-21 17:00:00,109.05,107.726,110.45184848484848,2024-10-23 09:00:00,110.45184848484848,loss,-1.0,0.9444672618404257,wickdiffs_3D_H1_ALL_20260124_182916.csv,140.1848484848485,1.0
3D,ALL,H1,H4,CHFJPY,long,2015-03-26,2015-03-31,123.063,124.1535,1.0904999999999916,2015-04-01 02:00:00,2015-04-01 03:00:00,123.199,123.213,2015-04-09 13:00:00,123.2915,125.24399999999999,121.2530606060606,2015-04-21 13:00:00,125.24399999999999,win,0.9578405940373218,0.9578405940373218,wickdiffs_3D_H1_ALL_20260124_182916.csv,203.8439393939393,1.0
3D,ALL,H1,H4,CHFJPY,long,2015-09-23,2015-09-28,122.406,123.162,0.7560000000000002,2015-09-28 10:00:00,2015-09-28 11:00:00,122.406,122.4615,2015-10-01 09:00:00,122.484,123.918,121.26490909090909,2015-10-05 09:00:00,123.918,win,1.17628635346757,1.17628635346757,wickdiffs_3D_H1_ALL_20260124_182916.csv,121.909090909091,1.0
3D,ALL,H1,H4,CHFJPY,long,2016-03-14,2016-03-17,114.208,115.225,1.016999999999996,2016-03-21 08:00:00,2016-03-21 09:00:00,114.4985,114.5885,2016-03-22 05:00:00,114.893,116.24199999999999,113.67923484848485,2016-03-28 01:00:00,116.24199999999999,win,1.111417639825978,1.111417639825978,wickdiffs_3D_H1_ALL_20260124_182916.csv,121.3765151515151,1.0
3D,ALL,H1,H4,CHFJPY,long,2016-05-03,2016-05-06,109.844,110.8365,0.9925000000000068,2016-05-09 02:00:00,2016-05-09 03:00:00,110.3115,110.3255,2016-05-23 13:00:00,110.4725,111.82900000000001,109.33145454545455,2016-05-30 05:00:00,111.82900000000001,win,1.188822053141068,1.188822053141068,wickdiffs_3D_H1_ALL_20260124_182916.csv,114.1045454545455,1.0
3D,ALL,H1,H4,CHFJPY,long,2016-12-02,2016-12-07,110.985,112.8515,1.866500000000002,2016-12-09 14:00:00,2016-12-09 15:00:00,112.719,112.7255,2017-01-16 06:00:00,112.8355,114.718,110.79835,2017-01-26 22:00:00,114.718,win,0.9240851189161379,0.9240851189161379,wickdiffs_3D_H1_ALL_20260124_182916.csv,95.5022727272726,1.0
3D,ALL,H1,H4,CHFJPY,long,2017-02-21,2017-02-24,111.082,111.903,0.8210000000000122,2017-02-28 19:00:00,2017-02-28 20:00:00,111.587,111.673,2017-03-23 09:00:00,111.712,112.72400000000002,110.84406818181819,2017-04-03 13:00:00,110.84406818181819,loss,-1.0,1.1659902066040122,wickdiffs_3D_H1_ALL_20260124_182916.csv,86.79318181818186,1.0
3D,ALL,H1,H4,CHFJPY,long,2018-08-02,2018-08-07,111.336,111.782,0.44599999999999795,2018-08-08 08:00:00,2018-08-08 09:00:00,111.336,111.342,2018-08-10 05:00:00,111.501,112.228,110.8224696969697,2018-08-13 01:00:00,110.8224696969697,loss,-1.0,1.0714333564075489,wickdiffs_3D_H1_ALL_20260124_182916.csv,67.85303030303038,1.0
3D,ALL,H1,H4,CHFJPY,long,2018-08-31,2018-09-05,114.028,114.406,0.3780000000000001,2018-09-04 13:00:00,2018-09-04 14:00:00,114.028,114.038,2018-09-10 09:00:00,114.122,114.784,113.4465303030303,2018-09-11 17:00:00,114.784,win,0.9800587694309323,0.9800587694309323,wickdiffs_3D_H1_ALL_20260124_182916.csv,67.54696969696971,1.0
3D,ALL,H1,H4,CHFJPY,long,2019-05-28,2019-05-31,107.924,108.758,0.833999999999989,2019-06-04 09:00:00,2019-06-04 10:00:00,108.681,108.705,2019-06-06 05:00:00,108.754,109.59199999999998,107.84060000000001,2019-06-07 13:00:00,109.59199999999998,win,0.9174512809283814,0.9174512809283814,wickdiffs_3D_H1_ALL_20260124_182916.csv,53.58030303030294,1.0
3D,ALL,H1,H4,CHFJPY,long,2019-09-18,2019-09-23,108.17,108.542,0.3719999999999999,2019-09-19 03:00:00,2019-09-19 04:00:00,108.17,108.232,2019-09-26 09:00:00,108.374,108.914,107.79098484848484,2019-09-27 09:00:00,108.914,win,0.9262194963486685,0.9262194963486685,wickdiffs_3D_H1_ALL_20260124_182916.csv,58.30151515151515,1.0
3D,ALL,H1,H4,CHFJPY,long,2020-03-09,2020-03-12,109.566,111.405,1.8389999999999986,2020-03-16 12:00:00,2020-03-16 13:00:00,111.129,111.332,2020-03-17 09:00:00,111.39,113.244,109.38210000000001,2020-03-23 13:00:00,113.244,win,0.9233527566113882,0.9233527566113882,wickdiffs_3D_H1_ALL_20260124_182916.csv,80.51742424242413,1.0
3D,ALL,H1,H4,CHFJPY,long,2021-06-15,2021-06-18,118.872,120.114,1.2420000000000044,2021-06-22 09:00:00,2021-06-22 10:00:00,119.882,119.886,2021-06-29 13:00:00,120.032,121.35600000000001,118.7478,2021-07-20 13:00:00,118.7478,loss,-1.0,1.030992057311956,wickdiffs_3D_H1_ALL_20260124_182916.csv,63.93333333333327,1.0
3D,ALL,H1,H4,CHFJPY,long,2022-11-09,2022-11-14,144.584,147.568,2.984000000000009,2022-11-15 23:00:00,2022-11-16 00:00:00,147.076,147.244,2022-11-17 06:00:00,147.384,150.55200000000002,144.2856,2022-12-01 06:00:00,144.2856,loss,-1.0,1.0224632068164332,wickdiffs_3D_H1_ALL_20260124_182916.csv,160.1075757575755,1.0
3D,ALL,H1,H4,CHFJPY,long,2024-08-22,2024-08-27,169.506,170.588,1.0819999999999936,2024-08-26 12:00:00,2024-08-26 13:00:00,169.764,169.822,2024-09-04 13:00:00,169.875,171.67,168.4749696969697,2024-09-08 21:00:00,168.4749696969697,loss,-1.0,1.2821151057336333,wickdiffs_3D_H1_ALL_20260124_182916.csv,140.0030303030303,1.0
3D,ALL,H1,H4,CHFJPY,long,2024-11-27,2024-12-02,168.038,169.917,1.8789999999999907,2024-12-04 08:00:00,2024-12-04 09:00:00,169.424,169.568,2024-12-05 02:00:00,169.695,171.796,167.8501,2024-12-06 10:00:00,171.796,win,1.1388151119301881,1.1388151119301881,wickdiffs_3D_H1_ALL_20260124_182916.csv,139.509090909091,1.0
3D,ALL,H1,H4,CHFJPY,long,2025-02-07,2025-02-12,165.882,166.972,1.0900000000000034,2025-02-11 08:00:00,2025-02-11 09:00:00,166.421,166.592,2025-02-20 02:00:00,166.644,168.062,165.16054545454546,2025-03-04 18:00:00,168.062,win,0.9558769457041337,0.9558769457041337,wickdiffs_3D_H1_ALL_20260124_182916.csv,148.3454545454547,1.0
3D,ALL,H1,H4,CHFJPY,short,2015-07-09,2015-07-14,129.9035,131.3515,1.447999999999979,2015-07-15 22:00:00,2015-07-15 23:00:00,130.228,130.2715,2022-03-23 21:00:00,129.904,128.45550000000003,131.4963,2022-03-24 17:00:00,131.4963,loss,-1.0,0.9096903849776878,wickdiffs_3D_H1_ALL_20260124_182916.csv,79.07424242424257,1.0
3D,ALL,H1,H4,CHFJPY,short,2015-11-04,2015-11-09,122.427,123.3955,0.9684999999999917,2015-11-10 11:00:00,2015-11-10 12:00:00,122.739,122.749,2015-11-12 14:00:00,122.613,121.45850000000002,123.74789393939393,2015-11-15 22:00:00,121.45850000000002,win,1.0172756765416473,1.0172756765416473,wickdiffs_3D_H1_ALL_20260124_182916.csv,113.4893939393939,1.0
3D,ALL,H1,H4,CHFJPY,short,2017-05-19,2017-05-24,114.5325,115.17,0.6375000000000028,2017-05-25 21:00:00,2017-05-25 22:00:00,114.993,115.001,2017-06-02 05:00:00,114.895,113.895,115.76651515151515,2017-06-06 05:00:00,113.895,win,1.1474269819193315,1.1474269819193315,wickdiffs_3D_H1_ALL_20260124_182916.csv,87.15151515151523,1.0
3D,ALL,H1,H4,CHFJPY,short,2018-04-19,2018-04-24,111.13,111.565,0.4350000000000023,2018-04-24 13:00:00,2018-04-24 14:00:00,111.507,111.565,2018-05-21 05:00:00,111.385,110.695,112.09896212121212,2018-05-23 05:00:00,110.695,win,0.9664378256210169,0.9664378256210169,wickdiffs_3D_H1_ALL_20260124_182916.csv,71.39621212121219,1.0
3D,ALL,H1,H4,CHFJPY,short,2019-11-07,2019-11-12,109.784,110.174,0.39000000000000057,2019-11-13 08:00:00,2019-11-13 09:00:00,110.129,110.174,2019-11-18 06:00:00,110.023,109.394,110.59896969696969,2019-11-20 06:00:00,109.394,win,1.0920713421370924,1.0920713421370924,wickdiffs_3D_H1_ALL_20260124_182916.csv,57.59696969696963,1.0
3D,ALL,H1,H4,CHFJPY,short,2021-01-19,2021-01-22,116.916,117.338,0.42199999999999704,2021-01-24 22:00:00,2021-01-24 23:00:00,117.288,117.338,2021-01-27 22:00:00,117.254,116.494,117.87406060606061,2021-01-29 06:00:00,117.87406060606061,loss,-1.0,1.2256866386472574,wickdiffs_3D_H1_ALL_20260124_182916.csv,62.00606060606057,1.0
3D,ALL,H1,H4,CHFJPY,short,2022-06-28,2022-07-01,142.167,143.758,1.5910000000000082,2022-07-01 00:00:00,2022-07-01 01:00:00,142.279,142.326,2022-07-19 09:00:00,142.215,140.576,143.9171,2022-07-28 13:00:00,140.576,win,0.9629281475824032,0.9629281475824032,wickdiffs_3D_H1_ALL_20260124_182916.csv,140.7772727272728,1.0
3D,ALL,H1,H4,CHFJPY,short,2024-04-26,2024-05-01,171.617,175.068,3.451000000000022,2024-05-01 11:00:00,2024-05-01 12:00:00,171.685,171.76,2024-05-09 21:00:00,171.61,168.16599999999997,175.41310000000001,2024-06-11 01:00:00,175.41310000000001,loss,-1.0,0.9055770292656109,wickdiffs_3D_H1_ALL_20260124_182916.csv,118.148484848485,1.0
3D,ALL,H1,H4,CHFJPY,short,2024-05-09,2024-05-14,171.998,172.718,0.7199999999999989,2024-05-15 02:00:00,2024-05-15 03:00:00,172.686,172.694,2024-05-29 17:00:00,172.642,171.278,173.80218181818182,2024-05-31 13:00:00,173.80218181818182,loss,-1.0,1.1756777934493046,wickdiffs_3D_H1_ALL_20260124_182916.csv,116.018181818182,1.0
3D,ALL,H1,H4,EURAUD,long,2015-02-04,2015-02-09,1.44234,1.45123,0.008890000000000065,2015-02-09 12:00:00,2015-02-09 13:00:00,1.44234,1.4424,2015-02-20 10:00:00,1.44283,1.46012,1.4257487121212122,2015-02-24 02:00:00,1.46012,win,1.0122187579000612,1.0122187579000612,wickdiffs_3D_H1_ALL_20260124_182916.csv,170.8128787878787,1.0
3D,ALL,H1,H4,EURAUD,long,2016-03-17,2016-03-22,1.46634,1.4834,0.017060000000000075,2016-03-23 11:00:00,2016-03-23 12:00:00,1.47226,1.47336,2016-03-30 05:00:00,1.47731,1.5004600000000001,1.4538457575757575,2016-04-04 21:00:00,1.5004600000000001,win,0.9866076040913418,0.9866076040913418,wickdiffs_3D_H1_ALL_20260124_182916.csv,234.6424242424241,1.0
3D,ALL,H1,H4,EURAUD,long,2016-05-16,2016-05-19,1.536815,1.551455,0.014639999999999986,2016-05-18 17:00:00,2016-05-18 18:00:00,1.54621,1.546255,2016-05-25 05:00:00,1.54945,1.566095,1.5325000757575757,2016-06-01 01:00:00,1.5325000757575757,loss,-1.0,0.9820102887739751,wickdiffs_3D_H1_ALL_20260124_182916.csv,169.4992424242423,1.0
3D,ALL,H1,H4,EURAUD,long,2016-07-21,2016-07-26,1.452995,1.471895,0.018899999999999917,2016-07-27 08:00:00,2016-07-27 09:00:00,1.467545,1.468205,2016-08-01 01:00:00,1.468575,1.4907949999999999,1.451105,2016-08-02 01:00:00,1.4907949999999999,win,1.2718946765884411,1.2718946765884411,wickdiffs_3D_H1_ALL_20260124_182916.csv,144.2583333333334,1.0
3D,ALL,H1,H4,EURAUD,long,2016-08-24,2016-08-29,1.469655,1.48051,0.010855000000000059,2016-08-30 11:00:00,2016-08-30 12:00:00,1.47745,1.478145,2016-09-01 05:00:00,1.479155,1.491365,1.4658490909090909,2016-09-05 21:00:00,1.4658490909090909,loss,-1.0,0.917637413316029,wickdiffs_3D_H1_ALL_20260124_182916.csv,133.0590909090909,1.0
3D,ALL,H1,H4,EURAUD,long,2016-09-27,2016-09-30,1.453595,1.46979,0.01619499999999996,2016-10-04 19:00:00,2016-10-04 20:00:00,1.468885,1.46897,2016-10-05 01:00:00,1.46932,1.485985,1.4519755,2016-10-14 01:00:00,1.4519755,loss,-1.0,0.9608233157485111,wickdiffs_3D_H1_ALL_20260124_182916.csv,124.7265151515152,1.0
3D,ALL,H1,H4,EURAUD,long,2017-09-01,2017-09-06,1.48359,1.490005,0.0064150000000000595,2017-09-05 13:00:00,2017-09-05 14:00:00,1.48359,1.48388,2017-09-14 01:00:00,1.484355,1.49642,1.4730610606060608,2017-09-15 13:00:00,1.49642,win,1.0682720686879517,1.0682720686879517,wickdiffs_3D_H1_ALL_20260124_182916.csv,112.939393939394,1.0
3D,ALL,H1,H4,EURAUD,long,2018-01-09,2018-01-12,1.51556,1.524565,0.00900499999999993,2018-01-11 08:00:00,2018-01-11 09:00:00,1.51558,1.51612,2022-03-03 06:00:00,1.51784,1.5335699999999999,1.5054606060606062,2022-03-04 02:00:00,1.5054606060606062,loss,-1.0,1.2706599432096175,wickdiffs_3D_H1_ALL_20260124_182916.csv,123.7939393939395,1.0
3D,ALL,H1,H4,EURAUD,long,2018-04-11,2018-04-16,1.57761,1.5883,0.010690000000000088,2018-04-15 22:00:00,2018-04-15 23:00:00,1.58495,1.58512,2018-04-19 05:00:00,1.5862,1.5989900000000001,1.5747800757575758,2018-04-19 17:00:00,1.5989900000000001,win,1.1199724033620195,1.1199724033620195,wickdiffs_3D_H1_ALL_20260124_182916.csv,114.1992424242425,1.0
3D,ALL,H1,H4,EURAUD,long,2020-11-06,2020-11-11,1.6145,1.62176,0.007260000000000044,2020-11-12 02:00:00,2020-11-12 03:00:00,1.61669,1.6167,2020-11-16 14:00:00,1.61822,1.6290200000000001,1.6066281818181818,2020-11-17 22:00:00,1.6290200000000001,win,0.931691632028873,0.931691632028873,wickdiffs_3D_H1_ALL_20260124_182916.csv,115.9181818181818,1.0
3D,ALL,H1,H4,EURAUD,long,2021-07-22,2021-07-27,1.59025,1.59898,0.008730000000000127,2021-07-23 16:00:00,2021-07-23 17:00:00,1.59616,1.59672,2021-08-05 13:00:00,1.59844,1.6077100000000002,1.5892760606060607,2021-08-16 13:00:00,1.6077100000000002,win,1.0115736913461981,1.0115736913461981,wickdiffs_3D_H1_ALL_20260124_182916.csv,91.6393939393939,1.0
3D,ALL,H1,H4,EURAUD,long,2022-03-02,2022-03-07,1.45636,1.48306,0.026699999999999946,2022-03-08 00:00:00,2022-03-08 01:00:00,1.47915,1.48062,2022-03-22 09:00:00,1.48086,1.50976,1.4536900000000001,2022-03-28 05:00:00,1.4536900000000001,loss,-1.0,1.0636731689363275,wickdiffs_3D_H1_ALL_20260124_182916.csv,136.8712121212124,1.0
3D,ALL,H1,H4,EURAUD,long,2022-03-31,2022-04-05,1.4321,1.45424,0.02214000000000005,2022-04-06 22:00:00,2022-04-06 23:00:00,1.44892,1.44934,2022-04-12 13:00:00,1.45014,1.47638,1.429886,2022-04-22 01:00:00,1.47638,win,1.295546558704456,1.295546558704456,wickdiffs_3D_H1_ALL_20260124_182916.csv,147.2924242424246,1.0
3D,ALL,H1,H4,EURAUD,long,2025-01-01,2025-01-06,1.64906,1.65877,0.009710000000000107,2025-01-07 12:00:00,2025-01-07 13:00:00,1.65455,1.65526,2025-01-14 06:00:00,1.65742,1.6684800000000002,1.6466303030303029,2025-01-27 10:00:00,1.6684800000000002,win,1.0250519575352737,1.0250519575352737,wickdiffs_3D_H1_ALL_20260124_182916.csv,107.8969696969697,1.0
3D,ALL,H1,H4,EURAUD,long,2025-02-07,2025-02-12,1.63934,1.64618,0.006839999999999957,2025-02-11 07:00:00,2025-02-11 08:00:00,1.63934,1.64008,2025-02-19 10:00:00,1.64303,1.65302,1.6325636363636364,2025-02-25 06:00:00,1.65302,win,0.9544862329540462,0.9544862329540462,wickdiffs_3D_H1_ALL_20260124_182916.csv,104.6636363636364,1.0
3D,ALL,H1,H4,EURAUD,short,2015-09-23,2015-09-28,1.59396,1.625145,0.031185000000000018,2015-09-29 18:00:00,2015-09-29 19:00:00,1.612855,1.613965,2015-10-02 13:00:00,1.59918,1.562775,1.6282635,2015-10-07 05:00:00,1.562775,win,1.2517406777038518,1.2517406777038518,wickdiffs_3D_H1_ALL_20260124_182916.csv,222.5636363636363,1.0
3D,ALL,H1,H4,EURAUD,short,2017-01-23,2017-01-26,1.419365,1.42764,0.008275000000000032,2017-01-25 08:00:00,2017-01-25 09:00:00,1.42713,1.42764,2017-01-31 22:00:00,1.427125,1.41109,1.440971818181818,2017-02-02 02:00:00,1.41109,win,1.1580277713948075,1.1580277713948075,wickdiffs_3D_H1_ALL_20260124_182916.csv,138.4681818181819,1.0
3D,ALL,H1,H4,EURAUD,short,2018-02-28,2018-03-05,1.58681,1.59779,0.01097999999999999,2018-03-07 09:00:00,2018-03-07 10:00:00,1.59242,1.59294,2018-03-08 10:00:00,1.58969,1.57583,1.600456515151515,2018-03-09 10:00:00,1.57583,win,1.2873246175713138,1.2873246175713138,wickdiffs_3D_H1_ALL_20260124_182916.csv,107.6651515151514,1.0
3D,ALL,H1,H4,EURAUD,short,2018-12-06,2018-12-11,1.5795,1.58857,0.009070000000000134,2018-12-10 06:00:00,2018-12-10 07:00:00,1.58496,1.5854,2018-12-18 14:00:00,1.58389,1.5704299999999998,1.5945678787878788,2018-12-19 14:00:00,1.5945678787878788,loss,-1.0,1.2605499900672832,wickdiffs_3D_H1_ALL_20260124_182916.csv,106.7787878787878,1.0
3D,ALL,H1,H4,EURAUD,short,2019-04-11,2019-04-16,1.5759,1.58527,0.009369999999999878,2019-04-16 07:00:00,2019-04-16 08:00:00,1.58245,1.5835,2019-04-23 09:00:00,1.57975,1.5665300000000002,1.5899651515151516,2019-04-24 01:00:00,1.5899651515151516,loss,-1.0,1.2941560367843155,wickdiffs_3D_H1_ALL_20260124_182916.csv,102.1515151515152,1.0
3D,ALL,H1,H4,EURAUD,short,2019-10-04,2019-10-09,1.62839,1.637,0.008610000000000007,2019-10-10 07:00:00,2019-10-10 08:00:00,1.63332,1.63352,2019-10-14 09:00:00,1.63234,1.61978,1.643775,2019-10-29 01:00:00,1.61978,win,1.098382160034972,1.098382160034972,wickdiffs_3D_H1_ALL_20260124_182916.csv,114.35,1.0
3D,ALL,H1,H4,EURAUD,short,2019-11-12,2019-11-15,1.6239,1.63077,0.006870000000000154,2019-11-19 02:00:00,2019-11-19 03:00:00,1.63008,1.63068,2019-11-20 18:00:00,1.62778,1.6170299999999997,1.6376295454545455,2019-12-03 06:00:00,1.6170299999999997,win,1.0914209239005286,1.0914209239005286,wickdiffs_3D_H1_ALL_20260124_182916.csv,98.4954545454546,1.0
3D,ALL,H1,H4,EURAUD,short,2021-05-17,2021-05-20,1.57583,1.58216,0.006329999999999947,2021-05-24 10:00:00,2021-05-24 11:00:00,1.5814,1.58142,2021-05-25 13:00:00,1.58024,1.5695000000000001,1.5904066666666667,2021-06-07 05:00:00,1.5695000000000001,win,1.0563934426229487,1.0563934426229487,wickdiffs_3D_H1_ALL_20260124_182916.csv,101.6666666666666,1.0
3D,ALL,H1,H4,EURAUD,short,2022-08-01,2022-08-04,1.46325,1.48066,0.017410000000000148,2022-08-08 03:00:00,2022-08-08 04:00:00,1.47026,1.47046,2022-08-10 09:00:00,1.4641,1.4458399999999998,1.482401,2022-08-12 05:00:00,1.4458399999999998,win,0.9977596852631027,0.9977596852631027,wickdiffs_3D_H1_ALL_20260124_182916.csv,146.5636363636364,1.0
3D,ALL,H1,H4,EURAUD,short,2023-01-18,2023-01-23,1.55786,1.57508,0.017220000000000013,2023-01-23 07:00:00,2023-01-23 08:00:00,1.5635,1.56416,2023-02-05 22:00:00,1.55902,1.54064,1.576802,2023-02-07 14:00:00,1.54064,win,1.0336295129906703,1.0336295129906703,wickdiffs_3D_H1_ALL_20260124_182916.csv,147.0909090909089,1.0
3D,ALL,H1,H4,EURAUD,short,2023-04-25,2023-04-28,1.66352,1.67874,0.01521999999999979,2023-04-30 21:00:00,2023-04-30 22:00:00,1.66682,1.66716,2023-05-03 21:00:00,1.66546,1.6483000000000003,1.680262,2023-05-04 13:00:00,1.6483000000000003,win,1.159302796919311,1.159302796919311,wickdiffs_3D_H1_ALL_20260124_182916.csv,137.6409090909091,1.0
3D,ALL,H1,H4,EURAUD,short,2023-07-13,2023-07-18,1.6489,1.66036,0.011460000000000026,2023-07-19 22:00:00,2023-07-19 23:00:00,1.65556,1.6557,2023-07-24 01:00:00,1.65212,1.63744,1.6648884848484848,2023-07-25 01:00:00,1.63744,win,1.149705714828179,1.149705714828179,wickdiffs_3D_H1_ALL_20260124_182916.csv,127.6848484848483,1.0
3D,ALL,H1,H4,EURAUD,short,2023-11-16,2023-11-21,1.66843,1.68026,0.011830000000000007,2023-11-22 07:00:00,2023-11-22 08:00:00,1.66931,1.66974,2024-02-28 14:00:00,1.66847,1.6566,1.681443,2024-03-07 02:00:00,1.6566,win,0.9149772604640185,0.9149772604640185,wickdiffs_3D_H1_ALL_20260124_182916.csv,108.3333333333334,1.0
3D,ALL,H1,H4,EURCAD,long,2015-01-22,2015-01-27,1.380455,1.401805,0.02134999999999998,2015-01-26 11:00:00,2015-01-26 12:00:00,1.39815,1.39841,2015-02-26 14:00:00,1.399895,1.423155,1.37832,2015-03-04 14:00:00,1.37832,loss,-1.0,1.0780996523754423,wickdiffs_3D_H1_ALL_20260124_182916.csv,150.9916666666669,1.0
3D,ALL,H1,H4,EURCAD,long,2015-11-12,2015-11-17,1.41437,1.424645,0.010275000000000034,2015-11-19 08:00:00,2015-11-19 09:00:00,1.41437,1.415315,2015-11-24 18:00:00,1.41623,1.43492,1.3986006060606062,2015-12-03 10:00:00,1.43492,win,1.0601612321020275,1.0601612321020275,wickdiffs_3D_H1_ALL_20260124_182916.csv,176.2939393939392,1.0
3D,ALL,H1,H4,EURCAD,long,2015-11-20,2015-11-25,1.407445,1.41623,0.008785000000000043,2015-11-25 11:00:00,2015-11-25 12:00:00,1.407445,1.407945,2015-11-30 14:00:00,1.40999,1.4250150000000001,1.3942673484848487,2015-12-03 10:00:00,1.4250150000000001,win,0.9556276169780188,0.9556276169780188,wickdiffs_3D_H1_ALL_20260124_182916.csv,157.226515151515,1.0
3D,ALL,H1,H4,EURCAD,long,2016-10-13,2016-10-18,1.42643,1.44408,0.017649999999999944,2016-10-20 03:00:00,2016-10-20 04:00:00,1.44111,1.441265,2016-10-21 05:00:00,1.442225,1.46173,1.424665,2016-10-26 13:00:00,1.46173,win,1.1107630979498782,1.1107630979498782,wickdiffs_3D_H1_ALL_20260124_182916.csv,113.0893939393937,1.0
3D,ALL,H1,H4,EURCAD,long,2017-06-22,2017-06-27,1.4737,1.48105,0.007349999999999968,2017-06-23 00:00:00,2017-06-23 01:00:00,1.47413,1.47454,2017-07-03 09:00:00,1.47475,1.4884,1.4628887121212122,2017-07-12 13:00:00,1.4628887121212122,loss,-1.0,1.1508025215719544,wickdiffs_3D_H1_ALL_20260124_182916.csv,118.6128787878787,1.0
3D,ALL,H1,H4,EURCAD,long,2017-08-16,2017-08-21,1.47274,1.47995,0.007210000000000161,2017-08-22 13:00:00,2017-08-22 14:00:00,1.47303,1.47316,2017-08-25 05:00:00,1.47575,1.4871600000000003,1.4636191666666665,2017-08-25 17:00:00,1.4871600000000003,win,0.9405784158824236,0.9405784158824236,wickdiffs_3D_H1_ALL_20260124_182916.csv,121.3083333333333,1.0
3D,ALL,H1,H4,EURCAD,long,2017-12-04,2017-12-07,1.49229,1.50826,0.01597000000000004,2017-12-08 12:00:00,2017-12-08 13:00:00,1.50489,1.5056,2017-12-14 18:00:00,1.50708,1.52423,1.4906929999999998,2017-12-19 14:00:00,1.52423,win,1.0465612985903363,1.0465612985903363,wickdiffs_3D_H1_ALL_20260124_182916.csv,104.3803030303029,1.0
3D,ALL,H1,H4,EURCAD,long,2018-09-18,2018-09-21,1.50614,1.5197,0.013560000000000016,2018-09-21 20:00:00,2018-09-23 21:00:00,1.51666,1.51706,2018-09-27 21:00:00,1.51741,1.53326,1.5047840000000001,2018-09-28 09:00:00,1.5047840000000001,loss,-1.0,1.2553461111991437,wickdiffs_3D_H1_ALL_20260124_182916.csv,93.4939393939394,1.0
3D,ALL,H1,H4,EURCAD,long,2018-11-23,2018-11-28,1.49518,1.50168,0.00649999999999995,2018-11-23 17:00:00,2018-11-23 18:00:00,1.49518,1.4963,2018-12-03 06:00:00,1.498,1.5081799999999999,1.4878272727272728,2018-12-05 10:00:00,1.5081799999999999,win,1.0007149240393058,1.0007149240393058,wickdiffs_3D_H1_ALL_20260124_182916.csv,101.7272727272728,1.0
3D,ALL,H1,H4,EURCAD,long,2020-11-06,2020-11-11,1.53137,1.53992,0.008550000000000058,2020-11-11 14:00:00,2020-11-11 15:00:00,1.53318,1.53404,2021-01-14 14:00:00,1.53646,1.54847,1.5271692424242425,2021-01-20 14:00:00,1.5271692424242425,loss,-1.0,1.2926825290693016,wickdiffs_3D_H1_ALL_20260124_182916.csv,92.90757575757576,1.0
3D,ALL,H1,H4,EURCAD,long,2022-03-31,2022-04-05,1.35886,1.36991,0.011050000000000004,2022-04-07 08:00:00,2022-04-07 09:00:00,1.36498,1.36596,2022-04-08 05:00:00,1.36834,1.38096,1.3566896969696969,2022-04-14 13:00:00,1.3566896969696969,loss,-1.0,1.083233626385068,wickdiffs_3D_H1_ALL_20260124_182916.csv,116.5030303030301,1.0
3D,ALL,H1,H4,EURCAD,long,2022-10-06,2022-10-11,1.32938,1.3373,0.007919999999999927,2022-10-10 11:00:00,2022-10-10 12:00:00,1.32938,1.33039,2022-11-04 09:00:00,1.33138,1.3452199999999999,1.320029393939394,2022-11-07 02:00:00,1.3452199999999999,win,1.2193181514803502,1.2193181514803502,wickdiffs_3D_H1_ALL_20260124_182916.csv,113.5060606060607,1.0
3D,ALL,H1,H4,EURCAD,long,2023-03-30,2023-04-04,1.458,1.46512,0.007120000000000015,2023-04-04 05:00:00,2023-04-04 06:00:00,1.46245,1.46246,2023-04-17 13:00:00,1.46266,1.47224,1.4527080303030304,2023-04-19 13:00:00,1.47224,win,0.9626235098883967,0.9626235098883967,wickdiffs_3D_H1_ALL_20260124_182916.csv,99.51969696969684,1.0
3D,ALL,H1,H4,EURCAD,long,2024-04-10,2024-04-15,1.4612,1.46567,0.004469999999999974,2024-04-15 16:00:00,2024-04-15 17:00:00,1.46344,1.46349,2024-04-21 21:00:00,1.46388,1.47014,1.4577901515151517,2024-04-30 13:00:00,1.47014,win,1.027940188590047,1.027940188590047,wickdiffs_3D_H1_ALL_20260124_182916.csv,60.89848484848454,1.0
3D,ALL,H1,H4,EURCAD,long,2024-06-20,2024-06-25,1.45872,1.46567,0.006950000000000012,2024-06-27 11:00:00,2024-06-27 12:00:00,1.46362,1.46426,2024-06-28 13:00:00,1.46546,1.47262,1.4580250000000001,2024-07-01 09:00:00,1.47262,win,0.9630127774041952,0.9630127774041952,wickdiffs_3D_H1_ALL_20260124_182916.csv,58.36060606060605,1.0
3D,ALL,H1,H4,EURCAD,short,2015-05-12,2015-05-15,1.36735,1.380545,0.013194999999999846,2015-05-19 05:00:00,2015-05-19 06:00:00,1.373295,1.373695,2015-05-29 09:00:00,1.37217,1.3541550000000002,1.3866678787878786,2015-06-02 13:00:00,1.3866678787878786,loss,-1.0,1.2425955730200644,wickdiffs_3D_H1_ALL_20260124_182916.csv,144.9787878787878,1.0
3D,ALL,H1,H4,EURCAD,short,2018-11-15,2018-11-20,1.50845,1.51694,0.008489999999999887,2018-11-22 11:00:00,2018-11-22 12:00:00,1.51006,1.51051,2018-11-28 18:00:00,1.50907,1.4999600000000002,1.5191203030303029,2018-12-03 02:00:00,1.4999600000000002,win,0.906440330458876,0.906440330458876,wickdiffs_3D_H1_ALL_20260124_182916.csv,100.5030303030304,1.0
3D,ALL,H1,H4,EURCAD,short,2019-12-06,2019-12-11,1.46769,1.47467,0.006979999999999986,2019-12-13 15:00:00,2019-12-13 16:00:00,1.47017,1.4702,2019-12-17 10:00:00,1.46844,1.46071,1.4756512121212122,2019-12-18 10:00:00,1.46071,win,1.0719418414085822,1.0719418414085822,wickdiffs_3D_H1_ALL_20260124_182916.csv,72.11212121212127,1.0
3D,ALL,H1,H4,EURCAD,short,2019-12-27,2020-01-01,1.45645,1.46525,0.008799999999999919,2019-12-31 17:00:00,2019-12-31 18:00:00,1.45736,1.45752,2020-01-15 10:00:00,1.45731,1.44765,1.46613,2020-01-20 14:00:00,1.44765,win,1.0952380952381169,1.0952380952381169,wickdiffs_3D_H1_ALL_20260124_182916.csv,65.87878787878805,1.0
3D,ALL,H1,H4,EURCAD,short,2020-04-20,2020-04-23,1.53261,1.5456,0.012990000000000057,2020-04-22 11:00:00,2020-04-22 12:00:00,1.53919,1.5399,2020-05-01 05:00:00,1.53883,1.51962,1.555671818181818,2020-05-05 09:00:00,1.51962,win,1.140613192270319,1.140613192270319,wickdiffs_3D_H1_ALL_20260124_182916.csv,168.4181818181819,1.0
3D,ALL,H1,H4,EURCAD,short,2020-12-18,2020-12-23,1.57003,1.57859,0.008559999999999901,2020-12-23 07:00:00,2020-12-23 08:00:00,1.57159,1.57203,2020-12-28 14:00:00,1.57017,1.5614700000000001,1.579446,2020-12-31 14:00:00,1.5614700000000001,win,0.9379042690815093,0.9379042690815093,wickdiffs_3D_H1_ALL_20260124_182916.csv,90.15757575757578,1.0
3D,ALL,H1,H4,EURCAD,short,2021-08-17,2021-08-20,1.49788,1.5115,0.013619999999999965,2021-08-22 21:00:00,2021-08-22 22:00:00,1.50134,1.5019,2021-09-08 05:00:00,1.49915,1.4842600000000001,1.5128620000000002,2021-09-23 05:00:00,1.4842600000000001,win,1.0859101516919243,1.0859101516919243,wickdiffs_3D_H1_ALL_20260124_182916.csv,85.35757575757583,1.0
3D,ALL,H1,H4,EURCAD,short,2023-02-16,2023-02-21,1.43745,1.44435,0.006900000000000128,2023-02-22 08:00:00,2023-02-22 09:00:00,1.4434,1.44435,2023-02-28 06:00:00,1.44132,1.4305499999999998,1.451726515151515,2023-03-01 10:00:00,1.451726515151515,loss,-1.0,1.0349285849482568,wickdiffs_3D_H1_ALL_20260124_182916.csv,104.0651515151515,1.0
3D,ALL,H1,H4,EURCAD,short,2025-03-10,2025-03-13,1.56454,1.5858,0.021260000000000057,2025-03-14 14:00:00,2025-03-14 15:00:00,1.56635,1.56656,2025-03-18 17:00:00,1.56472,1.54328,1.5879260000000002,2025-03-24 13:00:00,1.54328,win,0.9238989916400961,0.9238989916400961,wickdiffs_3D_H1_ALL_20260124_182916.csv,107.2075757575758,1.0
3D,ALL,H1,H4,EURCHF,long,2015-12-08,2015-12-11,1.07668,1.08081,0.004129999999999967,2015-12-14 12:00:00,2015-12-14 13:00:00,1.07668,1.076975,2015-12-16 14:00:00,1.07717,1.08494,1.0707962878787878,2015-12-28 06:00:00,1.08494,win,1.2190698061402834,1.2190698061402834,wickdiffs_3D_H1_ALL_20260124_182916.csv,63.73712121212137,1.0
3D,ALL,H1,H4,EURCHF,long,2016-02-09,2016-02-12,1.09498,1.10112,0.006140000000000034,2016-02-15 06:00:00,2016-02-15 07:00:00,1.09883,1.099465,2016-02-22 06:00:00,1.10052,1.1072600000000001,1.094366,2016-02-23 10:00:00,1.094366,loss,-1.0,1.0952226194345462,wickdiffs_3D_H1_ALL_20260124_182916.csv,58.96287878787896,1.0
3D,ALL,H1,H4,EURCHF,long,2016-03-09,2016-03-14,1.08927,1.09544,0.006170000000000009,2016-03-16 15:00:00,2016-03-16 16:00:00,1.093975,1.094025,2016-03-17 09:00:00,1.09489,1.10161,1.0886529999999999,2016-03-22 05:00:00,1.0886529999999999,loss,-1.0,1.0774410774410785,wickdiffs_3D_H1_ALL_20260124_182916.csv,59.31060606060618,1.0
3D,ALL,H1,H4,EURCHF,long,2016-05-27,2016-06-01,1.102435,1.106365,0.003929999999999989,2016-06-03 11:00:00,2016-06-03 12:00:00,1.10331,1.10405,2016-06-06 09:00:00,1.104665,1.110295,1.1002491666666667,2016-06-07 05:00:00,1.1002491666666667,loss,-1.0,1.2749575391583365,wickdiffs_3D_H1_ALL_20260124_182916.csv,44.15833333333335,1.0
3D,ALL,H1,H4,EURCHF,long,2017-02-03,2017-02-08,1.06324,1.06573,0.0024900000000001032,2017-02-08 19:00:00,2017-02-08 20:00:00,1.0637,1.06374,2017-02-17 06:00:00,1.063955,1.0682200000000002,1.059843409090909,2017-02-27 18:00:00,1.0682200000000002,win,1.037311370294668,1.037311370294668,wickdiffs_3D_H1_ALL_20260124_182916.csv,41.11590909090904,1.0
3D,ALL,H1,H4,EURCHF,long,2017-03-14,2017-03-17,1.0684,1.072805,0.004404999999999992,2017-03-17 17:00:00,2017-03-17 18:00:00,1.07078,1.07084,2017-03-22 09:00:00,1.072355,1.07721,1.0679595,2017-04-03 05:00:00,1.0679595,loss,-1.0,1.104538732794917,wickdiffs_3D_H1_ALL_20260124_182916.csv,37.65151515151511,1.0
3D,ALL,H1,H4,EURCHF,long,2017-03-22,2017-03-27,1.0685,1.0706,0.0020999999999999908,2017-03-28 14:00:00,2017-03-28 15:00:00,1.06858,1.06872,2017-03-30 17:00:00,1.06878,1.0727,1.0650055303030304,2017-04-23 21:00:00,1.0727,win,1.0385564899744908,1.0385564899744908,wickdiffs_3D_H1_ALL_20260124_182916.csv,37.74469696969692,1.0
3D,ALL,H1,H4,EURCHF,long,2018-10-01,2018-10-04,1.13124,1.13904,0.007800000000000029,2018-10-04 06:00:00,2018-10-04 07:00:00,1.13718,1.13747,2018-10-09 09:00:00,1.13898,1.14684,1.13046,2018-10-11 13:00:00,1.14684,win,0.9225352112675941,0.9225352112675941,wickdiffs_3D_H1_ALL_20260124_182916.csv,57.97272727272737,1.0
3D,ALL,H1,H4,EURCHF,long,2019-12-19,2019-12-24,1.08615,1.0889,0.00275000000000003,2019-12-26 07:00:00,2019-12-26 08:00:00,1.08718,1.08734,2019-12-27 06:00:00,1.08742,1.09165,1.0829822727272729,2020-01-03 02:00:00,1.0829822727272729,loss,-1.0,0.9531906176380109,wickdiffs_3D_H1_ALL_20260124_182916.csv,44.37727272727273,1.0
3D,ALL,H1,H4,EURCHF,long,2020-09-30,2020-10-05,1.07354,1.0784,0.0048600000000000865,2020-10-07 02:00:00,2020-10-07 03:00:00,1.0768,1.07687,2020-10-09 09:00:00,1.07708,1.0832600000000001,1.0723201515151515,2020-10-15 05:00:00,1.0723201515151515,loss,-1.0,1.2983606557377199,wickdiffs_3D_H1_ALL_20260124_182916.csv,47.59848484848487,1.0
3D,ALL,H1,H4,EURCHF,long,2020-11-03,2020-11-06,1.06608,1.06962,0.0035400000000000986,2020-11-09 08:00:00,2020-11-09 09:00:00,1.06807,1.06831,2021-10-14 05:00:00,1.0691,1.0731600000000001,1.0650501515151514,2021-10-15 09:00:00,1.0731600000000001,win,1.0025066407273415,1.0025066407273415,wickdiffs_3D_H1_ALL_20260124_182916.csv,40.49848484848491,1.0
3D,ALL,H1,H4,EURCHF,long,2022-05-17,2022-05-20,1.02295,1.02978,0.006829999999999892,2022-05-23 12:00:00,2022-05-23 13:00:00,1.0262,1.02708,2022-05-25 05:00:00,1.02746,1.0366099999999998,1.019168181818182,2022-06-06 13:00:00,1.0366099999999998,win,1.1034974235280945,1.1034974235280945,wickdiffs_3D_H1_ALL_20260124_182916.csv,82.91818181818178,1.0
3D,ALL,H1,H4,EURCHF,long,2022-08-17,2022-08-22,0.95529,0.96306,0.007770000000000055,2022-08-24 16:00:00,2022-08-24 17:00:00,0.96224,0.96226,2022-08-25 05:00:00,0.96296,0.9708300000000001,0.954513,2022-08-30 05:00:00,0.9708300000000001,win,0.9316917248727308,0.9316917248727308,wickdiffs_3D_H1_ALL_20260124_182916.csv,74.90909090909092,1.0
3D,ALL,H1,H4,EURCHF,long,2023-04-12,2023-04-17,0.97996,0.98278,0.0028199999999999337,2023-04-13 12:00:00,2023-04-13 13:00:00,0.97996,0.97999,2023-04-20 09:00:00,0.9803,0.9855999999999999,0.9744265151515151,2023-04-27 05:00:00,0.9855999999999999,win,0.9023603766283972,0.9023603766283972,wickdiffs_3D_H1_ALL_20260124_182916.csv,58.73484848484847,1.0
3D,ALL,H1,H4,EURCHF,long,2023-04-20,2023-04-25,0.97768,0.9805,0.0028200000000000447,2023-04-25 09:00:00,2023-04-25 10:00:00,0.97768,0.97782,2023-05-03 21:00:00,0.97784,0.9833200000000001,0.9721977272727274,2023-05-05 05:00:00,0.9833200000000001,win,0.9712398292113174,0.9712398292113174,wickdiffs_3D_H1_ALL_20260124_182916.csv,56.4227272727273,1.0
3D,ALL,H1,H4,EURCHF,long,2023-07-10,2023-07-13,0.9608,0.9658,0.0050000000000000044,2023-07-13 14:00:00,2023-07-13 15:00:00,0.9608,0.96165,2023-07-19 05:00:00,0.96488,0.9708,0.9602999999999999,2023-07-24 09:00:00,0.9602999999999999,loss,-1.0,1.2925764192139737,wickdiffs_3D_H1_ALL_20260124_182916.csv,43.64090909090911,1.0
3D,ALL,H1,H4,EURCHF,short,2016-03-04,2016-03-09,1.096445,1.102255,0.005810000000000093,2016-03-11 15:00:00,2016-03-11 16:00:00,1.097995,1.09824,2016-03-14 01:00:00,1.09779,1.0906349999999998,1.1037752272727273,2016-03-18 17:00:00,1.0906349999999998,win,1.1954433263717867,1.1954433263717867,wickdiffs_3D_H1_ALL_20260124_182916.csv,59.85227272727286,1.0
3D,ALL,H1,H4,EURCHF,short,2017-03-09,2017-03-14,1.07307,1.08248,0.00941000000000014,2017-03-13 11:00:00,2017-03-13 12:00:00,1.0761,1.07646,2017-03-21 09:00:00,1.07476,1.0636599999999998,1.0834210000000002,2017-04-24 05:00:00,1.0834210000000002,loss,-1.0,1.2816072047107478,wickdiffs_3D_H1_ALL_20260124_182916.csv,37.67196969696961,1.0
3D,ALL,H1,H4,EURCHF,short,2018-03-16,2018-03-21,1.170875,1.1749,0.004024999999999945,2018-03-21 07:00:00,2018-03-21 08:00:00,1.17274,1.172945,2018-03-26 05:00:00,1.172555,1.1668500000000002,1.1786081818181817,2018-03-28 05:00:00,1.1786081818181817,loss,-1.0,0.9424795374333311,wickdiffs_3D_H1_ALL_20260124_182916.csv,60.53181818181817,1.0
3D,ALL,H1,H4,EURCHF,short,2018-09-26,2018-10-01,1.13929,1.14288,0.003589999999999982,2018-10-01 08:00:00,2018-10-01 09:00:00,1.1427,1.14288,2018-10-04 13:00:00,1.14188,1.1357,1.1476095454545454,2018-10-11 13:00:00,1.1476095454545454,loss,-1.0,1.0786195953986628,wickdiffs_3D_H1_ALL_20260124_182916.csv,57.29545454545462,1.0
3D,ALL,H1,H4,EURCHF,short,2020-08-03,2020-08-06,1.0778,1.08384,0.006039999999999823,2020-08-10 12:00:00,2020-08-10 13:00:00,1.07892,1.07925,2020-08-11 13:00:00,1.07778,1.0717600000000003,1.084444,2020-08-19 13:00:00,1.084444,loss,-1.0,0.9033613445377685,wickdiffs_3D_H1_ALL_20260124_182916.csv,55.3833333333333,1.0
3D,ALL,H1,H4,EURCHF,short,2020-11-19,2020-11-24,1.08042,1.08717,0.006750000000000034,2020-11-26 12:00:00,2020-11-26 13:00:00,1.08141,1.08148,2020-11-27 06:00:00,1.08114,1.07367,1.087845,2020-12-28 06:00:00,1.087845,loss,-1.0,1.114093959731563,wickdiffs_3D_H1_ALL_20260124_182916.csv,38.64545454545455,1.0
3D,ALL,H1,H4,EURCHF,short,2021-03-23,2021-03-26,1.10608,1.10948,0.0034000000000000696,2021-03-26 14:00:00,2021-03-26 15:00:00,1.10896,1.10911,2021-03-31 17:00:00,1.10698,1.1026799999999999,1.111264696969697,2021-04-01 09:00:00,1.111264696969697,loss,-1.0,1.0035715548640778,wickdiffs_3D_H1_ALL_20260124_182916.csv,42.84696969696972,1.0
3D,ALL,H1,H4,EURCHF,short,2021-09-02,2021-09-07,1.08634,1.09014,0.0038000000000000256,2021-09-09 10:00:00,2021-09-09 11:00:00,1.08794,1.08802,2021-09-13 09:00:00,1.08722,1.08254,1.0908348484848487,2021-09-16 17:00:00,1.0908348484848487,loss,-1.0,1.2946600720932178,wickdiffs_3D_H1_ALL_20260124_182916.csv,36.14848484848499,1.0
3D,ALL,H1,H4,EURCHF,short,2021-12-03,2021-12-08,1.0422,1.04554,0.0033399999999998986,2021-12-10 06:00:00,2021-12-10 07:00:00,1.04464,1.04478,2021-12-16 02:00:00,1.04409,1.0388600000000001,1.048389393939394,2021-12-17 18:00:00,1.0388600000000001,win,1.2164505215674832,1.2164505215674832,wickdiffs_3D_H1_ALL_20260124_182916.csv,42.99393939393949,1.0
3D,ALL,H1,H4,EURCHF,short,2021-12-21,2021-12-24,1.04026,1.04347,0.003209999999999935,2021-12-27 07:00:00,2021-12-27 08:00:00,1.04114,1.04115,2022-01-06 18:00:00,1.04087,1.03705,1.0449865151515152,2022-01-07 14:00:00,1.0449865151515152,loss,-1.0,0.927969376863318,wickdiffs_3D_H1_ALL_20260124_182916.csv,41.16515151515164,1.0
3D,ALL,H1,H4,EURCHF,short,2022-02-22,2022-02-25,1.03577,1.04616,0.0103899999999999,2022-02-27 23:00:00,2022-02-28 00:00:00,1.03747,1.03808,2022-03-16 13:00:00,1.03658,1.0253800000000002,1.047199,2022-03-23 13:00:00,1.0253800000000002,win,1.054713249835196,1.054713249835196,wickdiffs_3D_H1_ALL_20260124_182916.csv,64.90454545454546,1.0
3D,ALL,H1,H4,EURCHF,short,2023-02-24,2023-03-01,0.99628,1.0042,0.007919999999999927,2023-03-03 17:00:00,2023-03-03 18:00:00,0.99654,0.99663,2023-03-06 02:00:00,0.99646,0.9883600000000001,1.0049919999999999,2023-03-09 18:00:00,0.9883600000000001,win,0.9493670886075956,0.9493670886075956,wickdiffs_3D_H1_ALL_20260124_182916.csv,56.49545454545454,1.0
3D,ALL,H1,H4,EURCHF,short,2023-06-27,2023-06-30,0.9774,0.98232,0.0049199999999999244,2023-07-03 22:00:00,2023-07-03 23:00:00,0.97846,0.97858,2023-07-05 09:00:00,0.9778,0.9724800000000001,0.982812,2023-07-11 05:00:00,0.9724800000000001,win,1.061452513966453,1.061452513966453,wickdiffs_3D_H1_ALL_20260124_182916.csv,43.21818181818182,1.0
3D,ALL,H1,H4,EURCHF,short,2025-01-06,2025-01-09,0.93985,0.94402,0.004170000000000007,2025-01-13 22:00:00,2025-01-13 23:00:00,0.94056,0.94071,2025-01-14 14:00:00,0.94047,0.93568,0.9450415151515151,2025-01-20 10:00:00,0.9450415151515151,loss,-1.0,1.047792655442147,wickdiffs_3D_H1_ALL_20260124_182916.csv,45.71515151515153,1.0
3D,ALL,H1,H4,EURGBP,long,2015-03-10,2015-03-13,0.701445,0.714695,0.013249999999999984,2015-03-17 05:00:00,2015-03-17 06:00:00,0.711945,0.712235,2015-04-22 13:00:00,0.713925,0.727945,0.70012,2015-04-30 13:00:00,0.727945,win,1.0155740673668854,1.0155740673668854,wickdiffs_3D_H1_ALL_20260124_182916.csv,69.85378787878784,1.0
3D,ALL,H1,H4,EURGBP,long,2015-03-26,2015-03-31,0.72226,0.73153,0.00927,2015-04-02 11:00:00,2015-04-02 12:00:00,0.72963,0.73059,2015-04-07 05:00:00,0.730595,0.7408,0.721333,2015-04-13 09:00:00,0.721333,loss,-1.0,1.1018138630965264,wickdiffs_3D_H1_ALL_20260124_182916.csv,70.235606060606,1.0
3D,ALL,H1,H4,EURGBP,long,2015-06-26,2015-07-01,0.698845,0.70913,0.010284999999999989,2015-07-05 21:00:00,2015-07-05 22:00:00,0.705575,0.706305,2015-07-07 05:00:00,0.70721,0.719415,0.6978165000000001,2015-07-08 13:00:00,0.719415,win,1.2993027093202847,1.2993027093202847,wickdiffs_3D_H1_ALL_20260124_182916.csv,72.23636363636359,1.0
3D,ALL,H1,H4,EURGBP,long,2015-10-14,2015-10-19,0.73041,0.73511,0.0047000000000000375,2015-10-19 14:00:00,2015-10-19 15:00:00,0.73041,0.73057,2015-10-22 05:00:00,0.731025,0.7398100000000001,0.7239410606060607,2015-10-22 13:00:00,0.7239410606060607,loss,-1.0,1.2401291868075504,wickdiffs_3D_H1_ALL_20260124_182916.csv,70.83939393939403,1.0
3D,ALL,H1,H4,EURGBP,long,2016-07-08,2016-07-13,0.82515,0.83499,0.00983999999999996,2016-07-15 11:00:00,2016-07-15 12:00:00,0.830725,0.831625,2016-07-20 21:00:00,0.83231,0.84483,0.8226055303030303,2016-07-28 13:00:00,0.84483,win,1.2901271672690617,1.2901271672690617,wickdiffs_3D_H1_ALL_20260124_182916.csv,97.04469696969704,1.0
3D,ALL,H1,H4,EURGBP,long,2017-02-13,2017-02-16,0.84564,0.850545,0.004905000000000048,2017-02-13 22:00:00,2017-02-13 23:00:00,0.84564,0.84574,2017-02-21 14:00:00,0.846145,0.85545,0.8378724242424243,2017-03-01 10:00:00,0.85545,win,1.1248008205278495,1.1248008205278495,wickdiffs_3D_H1_ALL_20260124_182916.csv,82.72575757575757,1.0
3D,ALL,H1,H4,EURGBP,long,2017-07-21,2017-07-26,0.88913,0.894145,0.005014999999999992,2017-07-28 01:00:00,2017-07-28 02:00:00,0.89294,0.89305,2017-08-01 05:00:00,0.893205,0.89916,0.8869639393939395,2017-08-03 09:00:00,0.89916,win,0.9541647447257784,0.9541647447257784,wickdiffs_3D_H1_ALL_20260124_182916.csv,62.41060606060608,1.0
3D,ALL,H1,H4,EURGBP,long,2018-06-29,2018-07-04,0.87998,0.88362,0.0036399999999999766,2018-07-05 09:00:00,2018-07-05 10:00:00,0.8815,0.88168,2018-07-09 05:00:00,0.88236,0.8872599999999999,0.8772789393939394,2018-07-09 13:00:00,0.8872599999999999,win,0.9643655881914202,0.9643655881914202,wickdiffs_3D_H1_ALL_20260124_182916.csv,50.81060606060621,1.0
3D,ALL,H1,H4,EURGBP,long,2018-12-24,2018-12-27,0.89274,0.89857,0.005830000000000002,2018-12-31 19:00:00,2018-12-31 20:00:00,0.89786,0.89817,2019-01-01 22:00:00,0.89856,0.9044,0.892157,2019-01-02 22:00:00,0.9044,win,0.9120724660315341,0.9120724660315341,wickdiffs_3D_H1_ALL_20260124_182916.csv,59.1303030303031,1.0
3D,ALL,H1,H4,EURGBP,long,2022-04-13,2022-04-18,0.82498,0.82837,0.003390000000000004,2022-04-15 02:00:00,2022-04-15 03:00:00,0.82624,0.82631,2024-11-11 14:00:00,0.82781,0.83176,0.8241806060606061,2024-11-12 14:00:00,0.83176,win,1.088335977289808,1.088335977289808,wickdiffs_3D_H1_ALL_20260124_182916.csv,36.29393939393939,1.0
3D,ALL,H1,H4,EURGBP,long,2022-05-12,2022-05-17,0.83934,0.84681,0.007469999999999977,2022-05-18 05:00:00,2022-05-18 06:00:00,0.84336,0.84348,2022-05-23 05:00:00,0.84682,0.8542799999999999,0.8385929999999999,2022-05-24 05:00:00,0.8542799999999999,win,0.9067703901786587,0.9067703901786587,wickdiffs_3D_H1_ALL_20260124_182916.csv,60.29545454545455,1.0
3D,ALL,H1,H4,EURGBP,long,2022-06-15,2022-06-20,0.85115,0.85879,0.007640000000000091,2022-06-22 05:00:00,2022-06-22 06:00:00,0.85756,0.85758,2022-06-23 09:00:00,0.8579,0.8664300000000001,0.850386,2022-07-01 09:00:00,0.8664300000000001,win,1.1352142667021727,1.1352142667021727,wickdiffs_3D_H1_ALL_20260124_182916.csv,63.71212121212123,1.0
3D,ALL,H1,H4,EURGBP,long,2024-11-19,2024-11-22,0.82679,0.83164,0.004850000000000021,2024-11-25 07:00:00,2024-11-25 08:00:00,0.83095,0.83132,2024-11-28 22:00:00,0.83135,0.8364900000000001,0.8263050000000001,2024-12-10 06:00:00,0.8263050000000001,loss,-1.0,1.0188305252725605,wickdiffs_3D_H1_ALL_20260124_182916.csv,37.69848484848488,1.0
3D,ALL,H1,H4,EURGBP,short,2017-07-10,2017-07-13,0.885675,0.89496,0.009284999999999988,2017-07-12 12:00:00,2017-07-12 13:00:00,0.8896,0.89044,2017-07-18 13:00:00,0.886315,0.87639,0.8958885,2017-07-20 13:00:00,0.8958885,loss,-1.0,1.036715934611161,wickdiffs_3D_H1_ALL_20260124_182916.csv,64.2840909090909,1.0
3D,ALL,H1,H4,EURGBP,short,2018-07-25,2018-07-30,0.8893,0.8936,0.0042999999999999705,2018-08-01 05:00:00,2018-08-01 06:00:00,0.89158,0.89174,2018-08-02 09:00:00,0.8909,0.885,0.8956734848484849,2018-08-07 13:00:00,0.8956734848484849,loss,-1.0,1.2359942866211706,wickdiffs_3D_H1_ALL_20260124_182916.csv,47.73484848484864,1.0
3D,ALL,H1,H4,EURGBP,short,2020-04-20,2020-04-23,0.87756,0.88632,0.00875999999999999,2020-04-22 13:00:00,2020-04-22 14:00:00,0.88078,0.8809,2020-05-04 09:00:00,0.88009,0.8688,0.8903526515151515,2020-05-15 13:00:00,0.8903526515151515,loss,-1.0,1.1001055607638777,wickdiffs_3D_H1_ALL_20260124_182916.csv,102.6265151515152,1.0
3D,ALL,H1,H4,EURGBP,short,2020-07-21,2020-07-24,0.91019,0.91482,0.004629999999999912,2020-07-28 05:00:00,2020-07-28 06:00:00,0.91254,0.913,2020-09-09 09:00:00,0.91152,0.9055600000000001,0.9174669696969697,2020-09-10 09:00:00,0.9174669696969697,loss,-1.0,1.0021910828025222,wickdiffs_3D_H1_ALL_20260124_182916.csv,59.46969696969703,1.0
3D,ALL,H1,H4,EURGBP,short,2021-03-10,2021-03-15,0.85845,0.86398,0.005529999999999924,2021-03-17 17:00:00,2021-03-17 18:00:00,0.85974,0.86052,2021-03-21 21:00:00,0.85942,0.8529200000000001,0.8650372727272727,2021-03-29 05:00:00,0.8529200000000001,win,1.1571451691211891,1.1571451691211891,wickdiffs_3D_H1_ALL_20260124_182916.csv,56.17272727272724,1.0
3D,ALL,H1,H4,EURGBP,short,2022-09-23,2022-09-28,0.89377,0.92785,0.03408,2022-09-29 10:00:00,2022-09-29 11:00:00,0.89711,0.89742,2023-02-03 14:00:00,0.89648,0.85969,0.9312579999999999,2023-05-31 13:00:00,0.85969,win,1.0578526654781828,1.0578526654781828,wickdiffs_3D_H1_ALL_20260124_182916.csv,64.95151515151518,1.0
3D,ALL,H1,H4,EURGBP,short,2022-11-09,2022-11-14,0.87504,0.88286,0.007819999999999938,2022-11-16 14:00:00,2022-11-16 15:00:00,0.8767,0.87702,2022-11-17 10:00:00,0.87652,0.8672200000000001,0.8853993939393939,2022-11-21 06:00:00,0.8672200000000001,win,1.0473687802880194,1.0473687802880194,wickdiffs_3D_H1_ALL_20260124_182916.csv,88.79393939393943,1.0
3D,ALL,H1,H4,EURGBP,short,2024-05-06,2024-05-09,0.86004,0.86208,0.0020399999999999308,2024-05-09 15:00:00,2024-05-09 16:00:00,0.86144,0.8616,2024-05-14 05:00:00,0.86073,0.8580000000000001,0.8634395454545455,2024-05-15 09:00:00,0.8580000000000001,win,1.007549068948122,1.007549068948122,wickdiffs_3D_H1_ALL_20260124_182916.csv,27.09545454545465,1.0
3D,ALL,H1,H4,EURGBP,short,2025-04-08,2025-04-11,0.86353,0.87384,0.01030999999999993,2025-04-14 11:00:00,2025-04-14 12:00:00,0.86432,0.8644,2025-07-02 09:00:00,0.86396,0.8532200000000001,0.874871,2025-07-27 21:00:00,0.874871,loss,-1.0,0.984327742645024,wickdiffs_3D_H1_ALL_20260124_182916.csv,48.68333333333328,1.0
3D,ALL,H1,H4,EURJPY,long,2015-02-04,2015-02-09,132.542,134.832,2.289999999999992,2015-02-10 09:00:00,2015-02-10 10:00:00,134.047,134.092,2015-02-16 18:00:00,134.536,137.12199999999999,132.313,2015-03-05 06:00:00,132.313,loss,-1.0,1.16329284750336,wickdiffs_3D_H1_ALL_20260124_182916.csv,160.3856060606059,1.0
3D,ALL,H1,H4,EURJPY,long,2015-11-12,2015-11-17,130.6495,131.6285,0.9790000000000134,2015-11-18 03:00:00,2015-11-18 04:00:00,131.1195,131.176,2015-11-20 06:00:00,131.2115,132.60750000000002,130.00479545454544,2015-11-25 10:00:00,130.00479545454544,loss,-1.0,1.1568697617478225,wickdiffs_3D_H1_ALL_20260124_182916.csv,120.6704545454546,1.0
3D,ALL,H1,H4,EURJPY,long,2017-06-06,2017-06-09,122.634,123.38,0.7459999999999951,2017-06-07 10:00:00,2017-06-07 11:00:00,122.634,122.642,2017-06-14 21:00:00,123.073,124.12599999999999,122.03519696969697,2017-06-16 05:00:00,124.12599999999999,win,1.0146434046280737,1.0146434046280737,wickdiffs_3D_H1_ALL_20260124_182916.csv,103.7803030303029,1.0
3D,ALL,H1,H4,EURJPY,long,2017-07-10,2017-07-13,128.494,129.1465,0.6525000000000034,2017-07-14 12:00:00,2017-07-14 13:00:00,128.595,128.64,2017-07-19 09:00:00,128.6615,129.799,127.60266666666665,2017-07-20 09:00:00,129.799,win,1.074295608374013,1.074295608374013,wickdiffs_3D_H1_ALL_20260124_182916.csv,105.8833333333333,1.0
3D,ALL,H1,H4,EURJPY,long,2018-11-12,2018-11-15,127.503,128.516,1.012999999999991,2018-11-19 04:00:00,2018-11-19 05:00:00,128.488,128.491,2018-11-20 06:00:00,128.516,129.529,127.4017,2018-12-20 14:00:00,127.4017,loss,-1.0,0.9090909090909253,wickdiffs_3D_H1_ALL_20260124_182916.csv,104.7393939393938,1.0
3D,ALL,H1,H4,EURJPY,long,2019-01-14,2019-01-17,123.398,124.272,0.8740000000000094,2019-01-17 09:00:00,2019-01-17 10:00:00,123.86,123.862,2019-01-24 18:00:00,123.904,125.14600000000002,122.90134848484848,2019-01-25 14:00:00,125.14600000000002,win,1.2387155270117303,1.2387155270117303,wickdiffs_3D_H1_ALL_20260124_182916.csv,100.2651515151515,1.0
3D,ALL,H1,H4,EURJPY,long,2023-10-02,2023-10-05,154.42,156.647,2.227000000000004,2023-10-03 19:00:00,2023-10-03 20:00:00,155.756,155.765,2023-12-07 10:00:00,156.284,158.874,154.19729999999998,2023-12-07 14:00:00,154.19729999999998,loss,-1.0,1.2411942301241166,wickdiffs_3D_H1_ALL_20260124_182916.csv,111.2439393939393,1.0
3D,ALL,H1,H4,EURJPY,long,2024-08-01,2024-08-06,154.414,157.891,3.477000000000004,2024-08-06 13:00:00,2024-08-06 14:00:00,157.296,157.486,2024-09-06 13:00:00,157.784,161.368,154.06629999999998,2024-09-25 09:00:00,161.368,win,0.9640369045377507,0.9640369045377507,wickdiffs_3D_H1_ALL_20260124_182916.csv,164.9106060606059,1.0
3D,ALL,H1,H4,EURJPY,long,2024-11-27,2024-12-02,156.18,158.117,1.9369999999999834,2024-12-04 08:00:00,2024-12-04 09:00:00,157.695,157.767,2024-12-05 02:00:00,157.832,160.05399999999997,155.9863,2024-12-10 06:00:00,160.05399999999997,win,1.2038792869913786,1.2038792869913786,wickdiffs_3D_H1_ALL_20260124_182916.csv,157.4424242424244,1.0
3D,ALL,H1,H4,EURJPY,long,2025-02-04,2025-02-07,155.678,157.29,1.6119999999999948,2025-02-10 23:00:00,2025-02-11 00:00:00,156.26,156.328,2025-02-20 06:00:00,156.886,158.902,155.24310606060607,2025-02-27 22:00:00,155.24310606060607,loss,-1.0,1.2271029502632953,wickdiffs_3D_H1_ALL_20260124_182916.csv,164.289393939394,1.0
3D,ALL,H1,H4,EURJPY,short,2015-07-09,2015-07-14,135.7885,137.803,2.014499999999998,2015-07-15 08:00:00,2015-07-15 09:00:00,136.337,136.3825,2015-07-23 09:00:00,136.0515,133.774,138.00445,2015-08-11 09:00:00,138.00445,loss,-1.0,1.166184490130325,wickdiffs_3D_H1_ALL_20260124_182916.csv,151.0045454545456,1.0
3D,ALL,H1,H4,EURJPY,short,2016-01-06,2016-01-11,128.128,129.0875,0.9595000000000198,2016-01-08 12:00:00,2016-01-08 13:00:00,128.64,128.661,2016-01-14 06:00:00,128.5275,127.16849999999997,129.58769696969696,2016-01-20 06:00:00,127.16849999999997,win,1.281837280093783,1.281837280093783,wickdiffs_3D_H1_ALL_20260124_182916.csv,106.0196969696972,1.0
3D,ALL,H1,H4,EURJPY,short,2017-05-19,2017-05-24,125.007,125.806,0.7989999999999924,2017-05-26 00:00:00,2017-05-26 01:00:00,125.286,125.295,2017-06-02 05:00:00,125.174,124.20800000000001,126.20977272727274,2017-06-05 13:00:00,124.20800000000001,win,0.9326370298854554,0.9326370298854554,wickdiffs_3D_H1_ALL_20260124_182916.csv,103.5772727272727,1.0
3D,ALL,H1,H4,EURJPY,short,2018-01-12,2018-01-17,135.4365,136.312,0.8755000000000166,2018-01-18 11:00:00,2018-01-18 12:00:00,136.288,136.312,2018-01-25 14:00:00,135.752,134.56099999999998,136.67659848484848,2018-01-26 14:00:00,134.56099999999998,win,1.2881267052856988,1.2881267052856988,wickdiffs_3D_H1_ALL_20260124_182916.csv,92.45984848484872,1.0
3D,ALL,H1,H4,EURJPY,short,2018-05-10,2018-05-15,130.778,131.378,0.5999999999999943,2018-05-14 15:00:00,2018-05-14 16:00:00,131.237,131.26,2018-05-22 05:00:00,131.064,130.178,131.99385606060605,2018-05-23 01:00:00,130.178,win,0.9528356457907269,0.9528356457907269,wickdiffs_3D_H1_ALL_20260124_182916.csv,92.98560606060592,1.0
3D,ALL,H1,H4,EURJPY,short,2019-11-15,2019-11-20,120.246,120.686,0.44000000000001194,2019-11-18 10:00:00,2019-11-18 11:00:00,120.644,120.686,2019-11-28 22:00:00,120.546,119.80599999999998,121.27936363636364,2019-12-12 14:00:00,121.27936363636364,loss,-1.0,1.0090492128424748,wickdiffs_3D_H1_ALL_20260124_182916.csv,73.33636363636374,1.0
3D,ALL,H1,H4,EURJPY,short,2021-12-13,2021-12-16,128.826,129.638,0.8120000000000118,2021-12-17 00:00:00,2021-12-17 01:00:00,128.964,128.984,2021-12-22 06:00:00,128.958,128.01399999999998,129.8029696969697,2021-12-27 06:00:00,129.8029696969697,loss,-1.0,1.1171998278582869,wickdiffs_3D_H1_ALL_20260124_182916.csv,84.49696969696993,1.0
3D,ALL,H1,H4,EURJPY,short,2022-07-19,2022-07-22,140.502,142.33,1.828000000000003,2022-07-21 15:00:00,2022-07-21 16:00:00,140.734,140.839,2022-09-02 09:00:00,140.726,138.674,142.51280000000003,2022-09-07 01:00:00,142.51280000000003,loss,-1.0,1.1484217595701591,wickdiffs_3D_H1_ALL_20260124_182916.csv,162.0212121212122,1.0
3D,ALL,H1,H4,EURJPY,short,2022-09-07,2022-09-12,143.26,145.638,2.3780000000000143,2022-09-14 10:00:00,2022-09-14 11:00:00,143.414,143.435,2022-09-15 05:00:00,143.33,140.88199999999998,145.8758,2022-09-22 05:00:00,140.88199999999998,win,0.9615837850577617,0.9615837850577617,wickdiffs_3D_H1_ALL_20260124_182916.csv,164.3287878787879,1.0
3D,ALL,H1,H4,EURJPY,short,2023-07-31,2023-08-03,156.796,157.501,0.7050000000000125,2023-08-02 02:00:00,2023-08-02 03:00:00,157.455,157.478,2023-08-08 01:00:00,157.442,156.09099999999998,158.71936363636365,2023-08-10 09:00:00,158.71936363636365,loss,-1.0,1.057647142552155,wickdiffs_3D_H1_ALL_20260124_182916.csv,127.7363636363634,1.0
3D,ALL,H1,H4,EURJPY,short,2024-03-15,2024-03-20,163.916,165.355,1.438999999999993,2024-03-22 05:00:00,2024-03-22 06:00:00,164.236,164.258,2024-03-26 05:00:00,164.108,162.477,165.4989,2024-04-12 13:00:00,162.477,win,1.172622043281339,1.172622043281339,wickdiffs_3D_H1_ALL_20260124_182916.csv,108.6939393939391,1.0
3D,ALL,H1,H4,EURJPY,short,2024-04-26,2024-05-01,168.236,171.605,3.3689999999999998,2024-05-01 18:00:00,2024-05-01 19:00:00,168.638,168.669,2024-05-13 13:00:00,168.616,164.867,171.94189999999998,2024-06-27 09:00:00,171.94189999999998,loss,-1.0,1.1272136865209619,wickdiffs_3D_H1_ALL_20260124_182916.csv,118.7015151515149,1.0
3D,ALL,H1,H4,EURJPY,short,2024-10-03,2024-10-08,162.635,163.612,0.9770000000000039,2024-10-10 04:00:00,2024-10-10 05:00:00,163.554,163.612,2024-10-14 13:00:00,163.45,161.658,165.3822424242424,2024-10-27 21:00:00,165.3822424242424,loss,-1.0,0.9274198607364668,wickdiffs_3D_H1_ALL_20260124_182916.csv,193.2242424242424,1.0
3D,ALL,H1,H4,EURJPY,short,2024-10-11,2024-10-16,162.512,163.602,1.0900000000000034,2024-10-14 13:00:00,2024-10-14 14:00:00,163.598,163.602,2024-10-22 05:00:00,163.474,161.422,165.35948484848484,2024-10-27 21:00:00,165.35948484848484,loss,-1.0,1.088314234743893,wickdiffs_3D_H1_ALL_20260124_182916.csv,188.5484848484848,1.0
3D,ALL,H1,H4,EURJPY,short,2025-01-22,2025-01-27,163.206,164.084,0.8780000000000143,2025-01-24 14:00:00,2025-01-24 15:00:00,164.082,164.084,2025-03-18 05:00:00,164.012,162.32799999999997,165.6844696969697,2025-03-19 05:00:00,162.32799999999997,win,1.0068941775454696,1.0068941775454696,wickdiffs_3D_H1_ALL_20260124_182916.csv,167.2469696969699,1.0
3D,ALL,H1,H4,EURNZD,long,2016-03-01,2016-03-04,1.612375,1.62941,0.017035000000000133,2016-03-07 17:00:00,2016-03-07 18:00:00,1.616725,1.617845,2016-03-09 10:00:00,1.618035,1.6464450000000002,1.5937952272727272,2016-03-09 18:00:00,1.6464450000000002,win,1.1720406919506934,1.1720406919506934,wickdiffs_3D_H1_ALL_20260124_182916.csv,242.3977272727272,1.0
3D,ALL,H1,H4,EURNZD,long,2016-08-08,2016-08-11,1.52237,1.55119,0.028820000000000068,2016-08-11 22:00:00,2016-08-11 23:00:00,1.540915,1.543365,2016-08-16 21:00:00,1.54786,1.5800100000000001,1.519488,2016-09-06 05:00:00,1.519488,loss,-1.0,1.1331594529818148,wickdiffs_3D_H1_ALL_20260124_182916.csv,162.7045454545453,1.0
3D,ALL,H1,H4,EURNZD,long,2016-09-06,2016-09-09,1.50287,1.521975,0.01910500000000015,2016-09-09 00:00:00,2016-09-09 01:00:00,1.52053,1.520595,2016-09-20 09:00:00,1.521615,1.5410800000000002,1.5009595,2016-09-23 05:00:00,1.5410800000000002,win,0.9423640192684924,0.9423640192684924,wickdiffs_3D_H1_ALL_20260124_182916.csv,158.5257575757573,1.0
3D,ALL,H1,H4,EURNZD,long,2018-09-18,2018-09-21,1.75446,1.76171,0.007250000000000201,2018-09-24 00:00:00,2018-09-24 01:00:00,1.75676,1.75698,2018-09-28 05:00:00,1.75736,1.7689600000000003,1.747375606060606,2018-10-04 05:00:00,1.7689600000000003,win,1.1618131326160803,1.1618131326160803,wickdiffs_3D_H1_ALL_20260124_182916.csv,99.84393939393937,1.0
3D,ALL,H1,H4,EURNZD,long,2019-09-26,2019-10-01,1.72994,1.74011,0.010170000000000012,2019-09-27 13:00:00,2019-09-27 14:00:00,1.73358,1.73401,2019-10-04 09:00:00,1.7355,1.75028,1.7232416666666668,2019-10-14 01:00:00,1.75028,win,1.205710401087696,1.205710401087696,wickdiffs_3D_H1_ALL_20260124_182916.csv,122.5833333333334,1.0
3D,ALL,H1,H4,EURNZD,long,2021-03-05,2021-03-10,1.65119,1.65874,0.007550000000000168,2021-03-11 12:00:00,2021-03-11 13:00:00,1.65182,1.65292,2021-03-17 17:00:00,1.65491,1.6662900000000003,1.6428074242424244,2021-03-22 17:00:00,1.6662900000000003,win,0.9402957046459067,0.9402957046459067,wickdiffs_3D_H1_ALL_20260124_182916.csv,121.0257575757576,1.0
3D,ALL,H1,H4,EURNZD,long,2022-03-31,2022-04-05,1.55942,1.57865,0.01923000000000008,2022-04-07 19:00:00,2022-04-07 20:00:00,1.57618,1.57677,2022-04-08 01:00:00,1.57683,1.5978800000000002,1.5574970000000001,2022-04-13 09:00:00,1.5978800000000002,win,1.0888118760668508,1.0888118760668508,wickdiffs_3D_H1_ALL_20260124_182916.csv,145.8818181818181,1.0
3D,ALL,H1,H4,EURNZD,long,2022-07-11,2022-07-14,1.63027,1.64057,0.010299999999999976,2022-07-18 01:00:00,2022-07-18 02:00:00,1.63027,1.63082,2022-07-20 09:00:00,1.63366,1.65087,1.618046212121212,2022-07-21 09:00:00,1.65087,win,1.1022309341976417,1.1022309341976417,wickdiffs_3D_H1_ALL_20260124_182916.csv,156.1378787878787,1.0
3D,ALL,H1,H4,EURNZD,long,2024-11-11,2024-11-14,1.7838,1.7964,0.012599999999999945,2024-11-13 13:00:00,2024-11-13 14:00:00,1.78936,1.79078,2024-11-19 06:00:00,1.79452,1.809,1.78254,2024-11-22 06:00:00,1.78254,loss,-1.0,1.208681135225392,wickdiffs_3D_H1_ALL_20260124_182916.csv,115.4409090909092,1.0
3D,ALL,H1,H4,EURNZD,long,2025-05-02,2025-05-07,1.88263,1.8927,0.010070000000000023,2025-05-07 00:00:00,2025-05-07 01:00:00,1.8837,1.88418,2025-05-13 05:00:00,1.8864,1.90277,1.8685356060606062,2025-05-15 05:00:00,1.90277,win,0.9163479072134337,0.9163479072134337,wickdiffs_3D_H1_ALL_20260124_182916.csv,178.6439393939395,1.0
3D,ALL,H1,H4,EURNZD,short,2015-05-12,2015-05-15,1.521915,1.540605,0.018690000000000095,2015-05-19 06:00:00,2015-05-19 07:00:00,1.523815,1.523965,2015-05-21 05:00:00,1.521915,1.5032249999999998,1.542474,2015-05-24 21:00:00,1.5032249999999998,win,0.909090909090914,0.909090909090914,wickdiffs_3D_H1_ALL_20260124_182916.csv,175.0090909090908,1.0
3D,ALL,H1,H4,EURNZD,short,2015-08-20,2015-08-25,1.79333,1.89583,0.10249999999999981,2015-08-24 22:00:00,2015-08-24 23:00:00,1.799955,1.800475,2015-09-14 01:00:00,1.79611,1.6908300000000003,1.9060799999999998,2015-10-07 13:00:00,1.6908300000000003,win,0.957352005092299,0.957352005092299,wickdiffs_3D_H1_ALL_20260124_182916.csv,246.9378787878788,1.0
3D,ALL,H1,H4,EURNZD,short,2015-12-03,2015-12-08,1.631235,1.67677,0.0455350000000001,2015-12-09 21:00:00,2015-12-09 22:00:00,1.640615,1.64284,2015-12-11 14:00:00,1.63849,1.5856999999999999,1.6813235000000002,2015-12-31 14:00:00,1.5856999999999999,win,1.2324465663557702,1.2324465663557702,wickdiffs_3D_H1_ALL_20260124_182916.csv,231.1954545454547,1.0
3D,ALL,H1,H4,EURNZD,short,2016-01-14,2016-01-19,1.688205,1.7274,0.03919500000000009,2016-01-21 08:00:00,2016-01-21 09:00:00,1.69917,1.70056,2016-01-27 18:00:00,1.693755,1.6490099999999999,1.7313195000000001,2016-02-22 10:00:00,1.6490099999999999,win,1.1911512199017629,1.1911512199017629,wickdiffs_3D_H1_ALL_20260124_182916.csv,214.5090909090909,1.0
3D,ALL,H1,H4,EURNZD,short,2016-11-08,2016-11-11,1.51017,1.55167,0.04150000000000009,2016-11-15 09:00:00,2016-11-15 10:00:00,1.51864,1.51954,2016-11-16 10:00:00,1.51776,1.46867,1.5558200000000002,2017-01-30 10:00:00,1.46867,win,1.289805570152386,1.289805570152386,wickdiffs_3D_H1_ALL_20260124_182916.csv,146.6704545454542,1.0
3D,ALL,H1,H4,EURNZD,short,2017-04-04,2017-04-07,1.52725,1.53385,0.006599999999999939,2017-04-06 01:00:00,2017-04-06 02:00:00,1.53271,1.53385,2017-04-12 09:00:00,1.53177,1.52065,1.5432394696969698,2017-04-13 05:00:00,1.52065,win,0.9695304398369861,0.9695304398369861,wickdiffs_3D_H1_ALL_20260124_182916.csv,114.694696969697,1.0
3D,ALL,H1,H4,EURNZD,short,2018-06-29,2018-07-04,1.72595,1.7379,0.011949999999999905,2018-07-03 13:00:00,2018-07-03 14:00:00,1.72984,1.73068,2018-07-11 13:00:00,1.72686,1.7140000000000002,1.739095,2018-07-17 01:00:00,1.7140000000000002,win,1.0510829587249593,1.0510829587249593,wickdiffs_3D_H1_ALL_20260124_182916.csv,114.701515151515,1.0
3D,ALL,H1,H4,EURNZD,short,2019-02-04,2019-02-07,1.67709,1.68503,0.007940000000000058,2019-02-08 12:00:00,2019-02-08 13:00:00,1.68244,1.68246,2019-02-12 18:00:00,1.68132,1.66915,1.6945225757575757,2019-02-12 22:00:00,1.66915,win,0.9217898252177606,0.9217898252177606,wickdiffs_3D_H1_ALL_20260124_182916.csv,132.0257575757577,1.0
3D,ALL,H1,H4,EURNZD,short,2020-01-01,2020-01-06,1.6746,1.6868,0.012199999999999989,2020-01-08 14:00:00,2020-01-08 15:00:00,1.67673,1.67772,2020-01-09 06:00:00,1.67549,1.6624,1.68802,2020-01-15 10:00:00,1.68802,loss,-1.0,1.044692737430141,wickdiffs_3D_H1_ALL_20260124_182916.csv,105.1515151515152,1.0
3D,ALL,H1,H4,EURNZD,short,2020-01-09,2020-01-14,1.67939,1.6921,0.012709999999999999,2020-01-16 06:00:00,2020-01-16 07:00:00,1.68226,1.68257,2020-01-21 06:00:00,1.68098,1.66668,1.693371,2020-01-24 06:00:00,1.66668,win,1.1540634331369488,1.1540634331369488,wickdiffs_3D_H1_ALL_20260124_182916.csv,100.0984848484849,1.0
3D,ALL,H1,H4,EURNZD,short,2021-01-27,2021-02-01,1.68937,1.70438,0.015009999999999968,2021-01-31 23:00:00,2021-02-01 00:00:00,1.69236,1.69513,2021-03-23 09:00:00,1.69056,1.67436,1.705881,2021-03-30 01:00:00,1.67436,win,1.057372234188374,1.057372234188374,wickdiffs_3D_H1_ALL_20260124_182916.csv,122.1787878787878,1.0
3D,ALL,H1,H4,EURNZD,short,2021-09-20,2021-09-23,1.6687,1.67633,0.007630000000000026,2021-09-23 02:00:00,2021-09-23 03:00:00,1.67496,1.67522,2021-09-28 05:00:00,1.67378,1.66107,1.686043787878788,2021-09-29 13:00:00,1.686043787878788,loss,-1.0,1.0363845270011496,wickdiffs_3D_H1_ALL_20260124_182916.csv,122.6378787878787,1.0
3D,ALL,H1,H4,EURNZD,short,2022-12-29,2023-01-02,1.68538,1.70758,0.022199999999999998,2023-01-03 19:00:00,2023-01-03 20:00:00,1.69058,1.6908,2023-01-05 02:00:00,1.68844,1.66318,1.7098,2023-02-05 22:00:00,1.7098,loss,-1.0,1.1825842696629112,wickdiffs_3D_H1_ALL_20260124_182916.csv,185.9318181818183,1.0
3D,ALL,H1,H4,EURNZD,short,2023-07-18,2023-07-21,1.78542,1.80704,0.021619999999999973,2023-07-24 13:00:00,2023-07-24 14:00:00,1.78846,1.79177,2023-07-28 05:00:00,1.7871,1.7638,1.809202,2023-08-08 05:00:00,1.809202,loss,-1.0,1.054203239525826,wickdiffs_3D_H1_ALL_20260124_182916.csv,143.9045454545455,1.0
3D,ALL,H1,H4,EURNZD,short,2023-11-08,2023-11-13,1.81376,1.82847,0.01471,2023-11-14 17:00:00,2023-11-14 18:00:00,1.81544,1.81568,2023-11-16 14:00:00,1.81441,1.79905,1.829941,2023-11-24 10:00:00,1.79905,win,0.9889897624106676,0.9889897624106676,wickdiffs_3D_H1_ALL_20260124_182916.csv,130.990909090909,1.0
3D,ALL,H1,H4,EURNZD,short,2024-08-01,2024-08-06,1.84462,1.8651,0.020480000000000054,2024-08-05 16:00:00,2024-08-05 17:00:00,1.84965,1.8499,2024-12-22 22:00:00,1.84534,1.8241399999999999,1.867148,2025-01-14 06:00:00,1.8241399999999999,win,0.9721203228173175,0.9721203228173175,wickdiffs_3D_H1_ALL_20260124_182916.csv,120.0939393939396,1.0
3D,ALL,H1,H4,EURNZD,short,2025-02-07,2025-02-12,1.8322,1.84954,0.01733999999999991,2025-02-14 15:00:00,2025-02-14 16:00:00,1.83481,1.83502,2025-02-18 10:00:00,1.8331,1.8148600000000001,1.8512739999999999,2025-02-28 02:00:00,1.8512739999999999,loss,-1.0,1.0036315615714702,wickdiffs_3D_H1_ALL_20260124_182916.csv,110.0939393939394,1.0
3D,ALL,H1,H4,EURUSD,long,2015-01-14,2015-01-19,1.14601,1.15679,0.010780000000000012,2015-01-16 18:00:00,2015-01-16 19:00:00,1.153195,1.153305,2015-01-22 10:00:00,1.15626,1.16757,1.144932,2015-01-22 14:00:00,1.144932,loss,-1.0,0.998411016949146,wickdiffs_3D_H1_ALL_20260124_182916.csv,102.2901515151516,1.0
3D,ALL,H1,H4,EURUSD,long,2015-08-25,2015-08-28,1.11558,1.124615,0.009034999999999904,2015-08-31 21:00:00,2015-08-31 22:00:00,1.12082,1.12093,2015-09-02 21:00:00,1.12132,1.1336499999999998,1.107685984848485,2015-09-11 13:00:00,1.1336499999999998,win,0.9043557501569505,0.9043557501569505,wickdiffs_3D_H1_ALL_20260124_182916.csv,136.3401515151517,1.0
3D,ALL,H1,H4,EURUSD,long,2016-06-22,2016-06-27,1.0912,1.11086,0.01966000000000001,2016-06-28 17:00:00,2016-06-28 18:00:00,1.10349,1.10402,2016-06-30 13:00:00,1.107275,1.13052,1.089234,2016-08-16 09:00:00,1.13052,win,1.2884540768250095,1.2884540768250095,wickdiffs_3D_H1_ALL_20260124_182916.csv,92.4348484848486,1.0
3D,ALL,H1,H4,EURUSD,long,2017-05-24,2017-05-29,1.11094,1.11813,0.00719000000000003,2017-05-31 08:00:00,2017-05-31 09:00:00,1.11699,1.11712,2017-06-09 05:00:00,1.11763,1.12532,1.1102210000000001,2017-06-14 09:00:00,1.12532,win,1.0379268457282262,1.0379268457282262,wickdiffs_3D_H1_ALL_20260124_182916.csv,73.35757575757579,1.0
3D,ALL,H1,H4,EURUSD,long,2017-09-22,2017-09-27,1.17169,1.17935,0.00766,2017-09-29 05:00:00,2017-09-29 06:00:00,1.17724,1.17734,2017-10-02 01:00:00,1.17765,1.18701,1.1688352272727274,2017-10-06 01:00:00,1.1688352272727274,loss,-1.0,1.0618538094624024,wickdiffs_3D_H1_ALL_20260124_182916.csv,88.14772727272705,1.0
3D,ALL,H1,H4,EURUSD,long,2020-04-20,2020-04-23,1.07272,1.08236,0.009640000000000093,2020-04-27 16:00:00,2020-04-27 17:00:00,1.08165,1.08207,2020-04-28 01:00:00,1.08219,1.092,1.0717230303030303,2020-04-30 13:00:00,1.092,win,0.9372340117541562,0.9372340117541562,wickdiffs_3D_H1_ALL_20260124_182916.csv,104.669696969697,1.0
3D,ALL,H1,H4,EURUSD,long,2020-05-01,2020-05-06,1.07666,1.08376,0.007100000000000106,2020-05-07 14:00:00,2020-05-07 15:00:00,1.07666,1.07763,2020-05-14 09:00:00,1.0789,1.0908600000000002,1.0677387878787878,2020-05-18 13:00:00,1.0908600000000002,win,1.071568201563874,1.071568201563874,wickdiffs_3D_H1_ALL_20260124_182916.csv,111.6121212121213,1.0
3D,ALL,H1,H4,EURUSD,long,2021-03-05,2021-03-10,1.18356,1.19016,0.006600000000000161,2021-03-10 12:00:00,2021-03-10 13:00:00,1.18818,1.18822,2021-03-16 13:00:00,1.18932,1.1967600000000003,1.182021818181818,2021-03-17 17:00:00,1.1967600000000003,win,1.0194319880419003,1.0194319880419003,wickdiffs_3D_H1_ALL_20260124_182916.csv,72.98181818181813,1.0
3D,ALL,H1,H4,EURUSD,long,2021-04-29,2021-05-04,1.1986,1.20638,0.007779999999999898,2021-05-06 22:00:00,2021-05-06 23:00:00,1.20596,1.20608,2021-05-07 01:00:00,1.2064,1.21416,1.1978220000000002,2021-05-07 09:00:00,1.21416,win,0.9046397761716266,0.9046397761716266,wickdiffs_3D_H1_ALL_20260124_182916.csv,67.38787878787882,1.0
3D,ALL,H1,H4,EURUSD,long,2021-05-12,2021-05-17,1.20514,1.21457,0.009429999999999827,2021-05-17 07:00:00,2021-05-17 08:00:00,1.21314,1.21336,2021-05-28 09:00:00,1.21351,1.2239999999999998,1.2041970000000002,2021-06-01 05:00:00,1.2239999999999998,win,1.126382476108641,1.126382476108641,wickdiffs_3D_H1_ALL_20260124_182916.csv,68.97424242424242,1.0
3D,ALL,H1,H4,EURUSD,long,2021-06-02,2021-06-07,1.2104,1.21668,0.006280000000000063,2021-06-07 10:00:00,2021-06-07 11:00:00,1.21506,1.21548,2021-06-10 05:00:00,1.21666,1.22296,1.2097719999999998,2021-06-11 13:00:00,1.2097719999999998,loss,-1.0,0.9146341463414293,wickdiffs_3D_H1_ALL_20260124_182916.csv,64.78939393939392,1.0
3D,ALL,H1,H4,EURUSD,long,2023-04-28,2023-05-03,1.09422,1.1,0.005780000000000118,2023-05-02 13:00:00,2023-05-02 14:00:00,1.09422,1.09431,2023-05-09 13:00:00,1.09554,1.1057800000000002,1.0870484848484847,2023-05-12 13:00:00,1.0870484848484847,loss,-1.0,1.2059096424238396,wickdiffs_3D_H1_ALL_20260124_182916.csv,84.91515151515149,1.0
3D,ALL,H1,H4,EURUSD,short,2015-06-05,2015-06-10,1.12824,1.13866,0.010420000000000096,2015-06-10 07:00:00,2015-06-10 08:00:00,1.13741,1.13866,2015-06-18 01:00:00,1.13657,1.1178199999999998,1.1516041666666668,2015-06-23 09:00:00,1.1178199999999998,win,1.2471592483787086,1.2471592483787086,wickdiffs_3D_H1_ALL_20260124_182916.csv,150.3416666666669,1.0
3D,ALL,H1,H4,EURUSD,short,2016-12-28,2017-01-02,1.05204,1.06565,0.0136099999999999,2016-12-30 16:00:00,2016-12-30 17:00:00,1.05543,1.056455,2017-01-05 02:00:00,1.054185,1.0384300000000002,1.067011,2017-01-12 10:00:00,1.067011,loss,-1.0,1.228364260096658,wickdiffs_3D_H1_ALL_20260124_182916.csv,97.17954545454556,1.0
3D,ALL,H1,H4,EURUSD,short,2018-01-12,2018-01-17,1.226065,1.23236,0.0062949999999999395,2018-01-19 08:00:00,2018-01-19 09:00:00,1.2285,1.22958,2018-01-23 14:00:00,1.22792,1.21977,1.2356682575757574,2018-01-24 10:00:00,1.2356682575757574,loss,-1.0,1.0518493894032732,wickdiffs_3D_H1_ALL_20260124_182916.csv,77.48257575757563,1.0
3D,ALL,H1,H4,EURUSD,short,2018-02-12,2018-02-15,1.24497,1.2556,0.01063000000000014,2018-02-16 15:00:00,2018-02-16 16:00:00,1.246,1.24604,2018-03-26 17:00:00,1.24492,1.2343399999999998,1.256663,2018-03-28 13:00:00,1.2343399999999998,win,0.9009622753981268,0.9009622753981268,wickdiffs_3D_H1_ALL_20260124_182916.csv,94.4075757575758,1.0
3D,ALL,H1,H4,EURUSD,short,2019-01-09,2019-01-14,1.14677,1.15703,0.010259999999999936,2019-01-15 01:00:00,2019-01-15 02:00:00,1.14892,1.14895,2019-01-30 18:00:00,1.14799,1.1365100000000001,1.158056,2019-02-06 18:00:00,1.1365100000000001,win,1.1404728789986132,1.1404728789986132,wickdiffs_3D_H1_ALL_20260124_182916.csv,77.9833333333334,1.0
3D,ALL,H1,H4,EURUSD,short,2019-08-02,2019-08-07,1.12024,1.12496,0.0047200000000000575,2019-08-09 15:00:00,2019-08-09 16:00:00,1.12218,1.12231,2019-08-12 13:00:00,1.12123,1.1155199999999998,1.1266740909090909,2019-08-14 13:00:00,1.1155199999999998,win,1.0488436169324706,1.0488436169324706,wickdiffs_3D_H1_ALL_20260124_182916.csv,54.44090909090921,1.0
3D,ALL,H1,H4,EURUSD,short,2019-08-23,2019-08-28,1.10901,1.11642,0.007409999999999917,2019-08-27 12:00:00,2019-08-27 13:00:00,1.11092,1.11098,2019-09-13 05:00:00,1.10924,1.1016000000000001,1.1171609999999998,2019-09-16 13:00:00,1.1016000000000001,win,0.9645246812271202,0.9645246812271202,wickdiffs_3D_H1_ALL_20260124_182916.csv,56.7090909090909,1.0
3D,ALL,H1,H4,EURUSD,short,2020-06-09,2020-06-12,1.1298,1.14222,0.012420000000000098,2020-06-16 08:00:00,2020-06-16 09:00:00,1.13413,1.13474,2020-06-23 13:00:00,1.13086,1.1173799999999998,1.143462,2020-07-15 05:00:00,1.143462,loss,-1.0,1.0696714807173588,wickdiffs_3D_H1_ALL_20260124_182916.csv,96.6909090909092,1.0
3D,ALL,H1,H4,EURUSD,short,2020-11-16,2020-11-19,1.18542,1.1906,0.0051800000000001845,2020-11-23 11:00:00,2020-11-23 12:00:00,1.19058,1.1906,2020-11-24 22:00:00,1.18982,1.1802399999999997,1.197474090909091,2020-11-30 02:00:00,1.197474090909091,loss,-1.0,1.2516182671180442,wickdiffs_3D_H1_ALL_20260124_182916.csv,76.5409090909093,1.0
3D,ALL,H1,H4,EURUSD,short,2021-10-01,2021-10-06,1.15978,1.16402,0.0042400000000000215,2021-10-04 18:00:00,2021-10-04 19:00:00,1.16244,1.1628,2021-10-14 09:00:00,1.16064,1.15554,1.1656516666666665,2021-10-19 05:00:00,1.1656516666666665,loss,-1.0,1.0176255404056933,wickdiffs_3D_H1_ALL_20260124_182916.csv,50.11666666666682,1.0
3D,ALL,H1,H4,EURUSD,short,2022-12-13,2022-12-16,1.06267,1.07362,0.010950000000000015,2022-12-20 15:00:00,2022-12-20 16:00:00,1.0642,1.06586,2022-12-21 10:00:00,1.06288,1.05172,1.0749406060606062,2023-01-05 14:00:00,1.05172,win,0.9253266331658355,0.9253266331658355,wickdiffs_3D_H1_ALL_20260124_182916.csv,120.6060606060604,1.0
3D,ALL,H1,H4,EURUSD,short,2023-04-04,2023-04-07,1.09217,1.09734,0.005169999999999897,2023-04-04 14:00:00,2023-04-04 15:00:00,1.09702,1.09734,2023-04-12 09:00:00,1.09641,1.0870000000000002,1.1050777272727275,2023-04-13 09:00:00,1.1050777272727275,loss,-1.0,1.0856363731711058,wickdiffs_3D_H1_ALL_20260124_182916.csv,86.67727272727274,1.0
3D,ALL,H1,H4,EURUSD,short,2024-05-01,2024-05-06,1.0763,1.08126,0.0049600000000000755,2024-05-06 12:00:00,2024-05-06 13:00:00,1.0789,1.07909,2024-05-10 13:00:00,1.07759,1.07134,1.0831289393939394,2024-05-15 05:00:00,1.0831289393939394,loss,-1.0,1.128374866646622,wickdiffs_3D_H1_ALL_20260124_182916.csv,55.38939393939397,1.0
3D,ALL,H1,H4,EURUSD,short,2024-09-20,2024-09-25,1.11798,1.12142,0.0034400000000001096,2024-09-25 12:00:00,2024-09-25 13:00:00,1.12079,1.12142,2024-09-30 05:00:00,1.12058,1.1145399999999999,1.1262904545454544,2024-09-30 13:00:00,1.1145399999999999,win,1.057709145904649,1.057709145904649,wickdiffs_3D_H1_ALL_20260124_182916.csv,57.10454545454542,1.0
3D,ALL,H1,H4,EURUSD,short,2025-04-16,2025-04-21,1.13973,1.15734,0.017610000000000126,2025-04-23 11:00:00,2025-04-23 12:00:00,1.14162,1.142,2025-04-28 13:00:00,1.14115,1.1221199999999998,1.1591010000000002,2025-05-08 13:00:00,1.1221199999999998,win,1.0601080719737213,1.0601080719737213,wickdiffs_3D_H1_ALL_20260124_182916.csv,102.2712121212121,1.0
3D,ALL,H1,H4,NZDCAD,long,2015-09-18,2015-09-23,0.83087,0.83533,0.0044600000000000195,2015-09-23 19:00:00,2015-09-23 20:00:00,0.83238,0.83276,2018-10-05 13:00:00,0.83281,0.83979,0.8268083333333334,2018-10-09 21:00:00,0.83979,win,1.1630102749236295,1.1630102749236295,wickdiffs_3D_H1_ALL_20260124_182916.csv,60.01666666666669,1.0
3D,ALL,H1,H4,NZDCAD,long,2015-10-01,2015-10-06,0.8454,0.849255,0.003854999999999942,2015-10-02 03:00:00,2015-10-02 04:00:00,0.8454,0.845555,2018-10-01 09:00:00,0.84672,0.8531099999999999,0.8407095454545455,2018-10-03 09:00:00,0.8407095454545455,loss,-1.0,1.0631475459426571,wickdiffs_3D_H1_ALL_20260124_182916.csv,60.10454545454552,1.0
3D,ALL,H1,H4,NZDCAD,long,2015-11-04,2015-11-09,0.86224,0.86804,0.005800000000000027,2015-11-04 13:00:00,2015-11-04 14:00:00,0.86224,0.86234,2015-11-16 22:00:00,0.8638,0.8738400000000001,0.8529637878787879,2015-11-19 14:00:00,0.8738400000000001,win,0.9265230218543371,0.9265230218543371,wickdiffs_3D_H1_ALL_20260124_182916.csv,108.3621212121212,1.0
3D,ALL,H1,H4,NZDCAD,long,2017-01-02,2017-01-05,0.92061,0.92691,0.006299999999999972,2017-01-09 08:00:00,2017-01-09 09:00:00,0.9222,0.92231,2017-01-10 10:00:00,0.92245,0.93321,0.9140237878787879,2017-01-12 14:00:00,0.93321,win,1.2769676154855876,1.2769676154855876,wickdiffs_3D_H1_ALL_20260124_182916.csv,84.26212121212117,1.0
3D,ALL,H1,H4,NZDCAD,long,2017-11-16,2017-11-21,0.86418,0.87283,0.008650000000000047,2017-11-22 15:00:00,2017-11-22 16:00:00,0.87166,0.87188,2017-11-27 02:00:00,0.872595,0.88148,0.8633149999999999,2017-11-27 14:00:00,0.88148,win,0.9574353448275829,0.9574353448275829,wickdiffs_3D_H1_ALL_20260124_182916.csv,81.05833333333331,1.0
3D,ALL,H1,H4,NZDCAD,long,2018-06-18,2018-06-21,0.9093,0.9135,0.0041999999999999815,2018-06-21 08:00:00,2018-06-21 09:00:00,0.91014,0.91021,2018-06-26 21:00:00,0.911,0.9177,0.9046162121212121,2018-06-27 13:00:00,0.9046162121212121,loss,-1.0,1.0495336197279916,wickdiffs_3D_H1_ALL_20260124_182916.csv,63.83787878787886,1.0
3D,ALL,H1,H4,NZDCAD,long,2019-02-20,2019-02-25,0.89483,0.89935,0.0045199999999999685,2019-02-22 04:00:00,2019-02-22 05:00:00,0.89576,0.89592,2019-02-28 14:00:00,0.89603,0.90387,0.8886368181818182,2019-03-01 14:00:00,0.90387,win,1.0604365201352557,1.0604365201352557,wickdiffs_3D_H1_ALL_20260124_182916.csv,73.93181818181807,1.0
3D,ALL,H1,H4,NZDCAD,long,2020-01-01,2020-01-06,0.86021,0.86666,0.006449999999999956,2020-01-08 05:00:00,2020-01-08 06:00:00,0.86227,0.86234,2020-01-10 14:00:00,0.86606,0.8731099999999999,0.859565,2020-01-29 02:00:00,0.859565,loss,-1.0,1.0854503464203016,wickdiffs_3D_H1_ALL_20260124_182916.csv,57.07272727272732,1.0
3D,ALL,H1,H4,NZDCAD,long,2020-04-02,2020-04-07,0.82674,0.83746,0.010719999999999952,2020-04-08 08:00:00,2020-04-08 09:00:00,0.83491,0.83492,2020-05-15 13:00:00,0.83598,0.8481799999999999,0.8240631818181817,2020-05-19 09:00:00,0.8481799999999999,win,1.0237632070793743,1.0237632070793743,wickdiffs_3D_H1_ALL_20260124_182916.csv,119.1681818181819,1.0
3D,ALL,H1,H4,NZDCAD,long,2020-10-08,2020-10-13,0.86798,0.87172,0.0037400000000000766,2020-10-08 20:00:00,2020-10-08 21:00:00,0.86798,0.86842,2020-10-20 01:00:00,0.86852,0.8754600000000001,0.8621249999999999,2020-10-21 13:00:00,0.8754600000000001,win,1.0852228303362241,1.0852228303362241,wickdiffs_3D_H1_ALL_20260124_182916.csv,63.95000000000014,1.0
3D,ALL,H1,H4,NZDCAD,long,2022-02-04,2022-02-09,0.83928,0.84454,0.005259999999999931,2022-02-08 07:00:00,2022-02-08 08:00:00,0.84154,0.84168,2022-02-14 14:00:00,0.843,0.8497999999999999,0.8372724242424242,2022-02-16 22:00:00,0.8497999999999999,win,1.187238770435413,1.187238770435413,wickdiffs_3D_H1_ALL_20260124_182916.csv,57.27575757575753,1.0
3D,ALL,H1,H4,NZDCAD,long,2022-03-23,2022-03-28,0.86028,0.86805,0.007769999999999944,2022-03-29 23:00:00,2022-03-30 00:00:00,0.86729,0.86733,2022-03-31 09:00:00,0.86774,0.8758199999999999,0.859503,2022-04-13 05:00:00,0.859503,loss,-1.0,0.9809396624984869,wickdiffs_3D_H1_ALL_20260124_182916.csv,63.36666666666654,1.0
3D,ALL,H1,H4,NZDCAD,long,2022-12-21,2022-12-26,0.8463,0.85432,0.008019999999999916,2022-12-27 17:00:00,2022-12-27 18:00:00,0.8463,0.8464,2023-01-03 06:00:00,0.85052,0.8623399999999999,0.8411930303030304,2023-01-04 06:00:00,0.8623399999999999,win,1.2672926345885,1.2672926345885,wickdiffs_3D_H1_ALL_20260124_182916.csv,93.26969696969697,1.0
3D,ALL,H1,H4,NZDCAD,long,2023-03-17,2023-03-22,0.84487,0.84941,0.0045399999999999885,2023-03-21 13:00:00,2023-03-21 14:00:00,0.84495,0.84516,2023-03-27 17:00:00,0.84642,0.85395,0.8385339393939394,2023-04-05 01:00:00,0.85395,win,0.954849369812486,0.954849369812486,wickdiffs_3D_H1_ALL_20260124_182916.csv,78.86060606060602,1.0
3D,ALL,H1,H4,NZDCAD,short,2015-03-10,2015-03-13,0.937295,0.94564,0.008345000000000047,2015-03-16 14:00:00,2015-03-16 15:00:00,0.94546,0.94564,2015-03-18 17:00:00,0.940875,0.9289499999999999,0.950816893939394,2015-03-20 13:00:00,0.950816893939394,loss,-1.0,1.1994696455921978,wickdiffs_3D_H1_ALL_20260124_182916.csv,99.41893939393944,1.0
3D,ALL,H1,H4,NZDCAD,short,2015-03-23,2015-03-26,0.952115,0.962015,0.009899999999999909,2015-03-30 16:00:00,2015-03-30 17:00:00,0.954545,0.954675,2015-03-31 09:00:00,0.9529,0.9422150000000001,0.9630049999999999,2015-04-01 05:00:00,0.9422150000000001,win,1.05739732805541,1.05739732805541,wickdiffs_3D_H1_ALL_20260124_182916.csv,100.4757575757576,1.0
3D,ALL,H1,H4,NZDCAD,short,2015-04-08,2015-04-13,0.946525,0.955825,0.009300000000000086,2015-04-10 13:00:00,2015-04-10 14:00:00,0.95023,0.9505,2015-12-22 02:00:00,0.94894,0.9372249999999999,0.9588778787878788,2016-01-04 10:00:00,0.9372249999999999,win,1.1788229913096646,1.1788229913096646,wickdiffs_3D_H1_ALL_20260124_182916.csv,99.37878787878792,1.0
3D,ALL,H1,H4,NZDCAD,short,2015-09-28,2015-10-01,0.8516,0.85846,0.006859999999999977,2015-09-30 14:00:00,2015-09-30 15:00:00,0.857845,0.85846,2015-10-07 01:00:00,0.85744,0.84474,0.8676318181818181,2015-10-08 17:00:00,0.8676318181818181,loss,-1.0,1.2460975827312397,wickdiffs_3D_H1_ALL_20260124_182916.csv,101.9181818181818,1.0
3D,ALL,H1,H4,NZDCAD,short,2015-10-06,2015-10-09,0.86789,0.87625,0.008359999999999923,2015-10-13 16:00:00,2015-10-13 17:00:00,0.86939,0.869505,2015-10-14 01:00:00,0.868985,0.8595300000000001,0.8792840151515151,2015-10-14 09:00:00,0.8792840151515151,loss,-1.0,0.9180489455449435,wickdiffs_3D_H1_ALL_20260124_182916.csv,102.9901515151515,1.0
3D,ALL,H1,H4,NZDCAD,short,2016-02-17,2016-02-22,0.91296,0.9227,0.009739999999999971,2016-02-24 14:00:00,2016-02-24 15:00:00,0.915925,0.916525,2016-02-25 22:00:00,0.915845,0.90322,0.9262591666666666,2016-02-26 14:00:00,0.90322,win,1.2122909498279593,1.2122909498279593,wickdiffs_3D_H1_ALL_20260124_182916.csv,104.1416666666666,1.0
3D,ALL,H1,H4,NZDCAD,short,2017-07-26,2017-07-31,0.9345,0.94176,0.007260000000000044,2017-08-01 21:00:00,2017-08-01 22:00:00,0.937,0.93734,2017-08-03 17:00:00,0.93567,0.92724,0.9441815151515152,2017-08-10 05:00:00,0.92724,win,0.9904229564226775,0.9904229564226775,wickdiffs_3D_H1_ALL_20260124_182916.csv,85.1151515151515,1.0
3D,ALL,H1,H4,NZDCAD,short,2018-03-05,2018-03-08,0.94082,0.94464,0.0038200000000000456,2018-03-07 18:00:00,2018-03-07 19:00:00,0.9441,0.94464,2018-03-13 09:00:00,0.943775,0.9369999999999999,0.9507899242424243,2018-03-14 01:00:00,0.9507899242424243,loss,-1.0,0.965798028013878,wickdiffs_3D_H1_ALL_20260124_182916.csv,70.14924242424249,1.0
3D,ALL,H1,H4,NZDCAD,short,2018-07-04,2018-07-09,0.89412,0.8993,0.005179999999999962,2018-07-10 19:00:00,2018-07-10 20:00:00,0.89734,0.89765,2018-07-18 13:00:00,0.8959,0.8889400000000001,0.9025001515151515,2018-07-26 09:00:00,0.8889400000000001,win,1.054521246068726,1.054521246068726,wickdiffs_3D_H1_ALL_20260124_182916.csv,66.00151515151515,1.0
3D,ALL,H1,H4,NZDCAD,short,2020-07-16,2020-07-21,0.89002,0.89798,0.007959999999999967,2020-07-23 13:00:00,2020-07-23 14:00:00,0.89118,0.89154,2020-07-24 17:00:00,0.89104,0.8820600000000001,0.898776,2020-07-30 17:00:00,0.898776,loss,-1.0,1.1608066184074495,wickdiffs_3D_H1_ALL_20260124_182916.csv,67.43787878787883,1.0
3D,ALL,H1,H4,NZDCAD,short,2020-11-16,2020-11-19,0.90601,0.91006,0.004049999999999998,2020-11-23 13:00:00,2020-11-23 14:00:00,0.90958,0.90964,2020-11-24 02:00:00,0.90939,0.90196,0.9153772727272728,2020-12-01 14:00:00,0.9153772727272728,loss,-1.0,1.2409656847859167,wickdiffs_3D_H1_ALL_20260124_182916.csv,59.8727272727273,1.0
3D,ALL,H1,H4,NZDCAD,short,2021-01-22,2021-01-27,0.91864,0.92177,0.003129999999999966,2021-01-29 08:00:00,2021-01-29 09:00:00,0.92153,0.92177,2021-02-02 22:00:00,0.92112,0.91551,0.9268727272727273,2021-02-05 02:00:00,0.91551,win,0.9751896333754743,0.9751896333754743,wickdiffs_3D_H1_ALL_20260124_182916.csv,57.52727272727275,1.0
3D,ALL,H1,H4,NZDCAD,short,2023-03-01,2023-03-06,0.8461,0.85288,0.006780000000000008,2023-03-01 17:00:00,2023-03-01 18:00:00,0.85161,0.85224,2023-03-10 14:00:00,0.84946,0.83932,0.8574392424242424,2023-03-17 13:00:00,0.8574392424242424,loss,-1.0,1.2707973339916128,wickdiffs_3D_H1_ALL_20260124_182916.csv,79.79242424242418,1.0
3D,ALL,H1,H4,NZDCAD,short,2023-06-14,2023-06-19,0.82344,0.82952,0.006080000000000085,2023-06-16 01:00:00,2023-06-16 02:00:00,0.82562,0.82604,2023-07-06 05:00:00,0.8237,0.8173599999999999,0.830605909090909,2023-07-12 13:00:00,0.830605909090909,loss,-1.0,0.918054367142782,wickdiffs_3D_H1_ALL_20260124_182916.csv,69.05909090909083,1.0
3D,ALL,H1,H4,NZDCAD,short,2023-08-29,2023-09-01,0.806,0.81403,0.008029999999999982,2023-09-05 00:00:00,2023-09-05 01:00:00,0.8075,0.80758,2023-09-08 05:00:00,0.80716,0.7979700000000001,0.814833,2023-09-14 17:00:00,0.7979700000000001,win,1.1977062426690828,1.1977062426690828,wickdiffs_3D_H1_ALL_20260124_182916.csv,67.0393939393938,1.0
3D,ALL,H1,H4,NZDCAD,short,2024-08-19,2024-08-22,0.83713,0.84253,0.00539999999999996,2024-08-26 07:00:00,2024-08-26 08:00:00,0.8389,0.83904,2024-08-27 05:00:00,0.83779,0.8317300000000001,0.84307,2024-08-28 21:00:00,0.84307,loss,-1.0,1.1477272727272747,wickdiffs_3D_H1_ALL_20260124_182916.csv,50.57878787878783,1.0
3D,ALL,H1,H4,NZDCAD,short,2024-08-27,2024-08-30,0.84374,0.84742,0.0036799999999999056,2024-08-30 00:00:00,2024-08-30 01:00:00,0.84586,0.84596,2024-09-18 09:00:00,0.84542,0.8400600000000001,0.8507474242424242,2024-09-24 09:00:00,0.8507474242424242,loss,-1.0,1.0061147293876374,wickdiffs_3D_H1_ALL_20260124_182916.csv,53.27424242424246,1.0
3D,ALL,H1,H4,NZDCAD,short,2025-04-11,2025-04-16,0.82352,0.82768,0.0041599999999999415,2025-04-17 15:00:00,2025-04-17 16:00:00,0.82758,0.82768,2025-04-21 01:00:00,0.8275,0.8193600000000001,0.8345036363636363,2025-04-30 05:00:00,0.8193600000000001,win,1.162253374870188,1.162253374870188,wickdiffs_3D_H1_ALL_20260124_182916.csv,70.03636363636355,1.0
3D,ALL,H1,H4,NZDCHF,long,2018-03-21,2018-03-26,0.68178,0.685505,0.0037249999999999783,2018-03-23 05:00:00,2018-03-23 06:00:00,0.6825,0.682695,2018-05-23 05:00:00,0.68423,0.68923,0.6790115909090909,2018-05-23 17:00:00,0.68923,win,0.9581464221941569,0.9581464221941569,wickdiffs_3D_H1_ALL_20260124_182916.csv,52.18409090909086,1.0
3D,ALL,H1,H4,NZDCHF,long,2018-06-29,2018-07-04,0.66526,0.67042,0.005160000000000053,2018-07-04 00:00:00,2018-07-04 01:00:00,0.66952,0.66962,2018-08-03 05:00:00,0.67028,0.6755800000000001,0.664744,2018-08-08 21:00:00,0.664744,loss,-1.0,0.9573699421965493,wickdiffs_3D_H1_ALL_20260124_182916.csv,52.82575757575759,1.0
3D,ALL,H1,H4,NZDCHF,long,2020-03-17,2020-03-20,0.53,0.55928,0.029279999999999973,2020-03-23 11:00:00,2020-03-23 12:00:00,0.55452,0.55476,2022-09-28 01:00:00,0.55578,0.58856,0.527072,2022-11-02 17:00:00,0.58856,win,1.141841995262639,1.141841995262639,wickdiffs_3D_H1_ALL_20260124_182916.csv,59.16212121212122,1.0
3D,ALL,H1,H4,NZDCHF,long,2021-09-20,2021-09-23,0.64534,0.64873,0.003390000000000004,2021-09-21 14:00:00,2021-09-21 15:00:00,0.64534,0.64552,2021-09-28 13:00:00,0.6456,0.65212,0.640164393939394,2021-10-06 09:00:00,0.640164393939394,loss,-1.0,1.1994982578397382,wickdiffs_3D_H1_ALL_20260124_182916.csv,54.35606060606051,1.0
3D,ALL,H1,H4,NZDCHF,long,2021-11-30,2021-12-03,0.61875,0.62757,0.008819999999999939,2021-12-07 09:00:00,2021-12-07 10:00:00,0.62476,0.62486,2021-12-08 10:00:00,0.62636,0.6363899999999999,0.6178680000000001,2021-12-20 14:00:00,0.6178680000000001,loss,-1.0,1.181111634479503,wickdiffs_3D_H1_ALL_20260124_182916.csv,55.19545454545444,1.0
3D,ALL,H1,H4,NZDCHF,long,2022-01-19,2022-01-24,0.60877,0.61244,0.003669999999999951,2022-01-25 04:00:00,2022-01-25 05:00:00,0.61044,0.61056,2022-01-27 02:00:00,0.6107,0.6161099999999999,0.6056513636363636,2022-01-27 10:00:00,0.6161099999999999,win,1.0715764832988053,1.0715764832988053,wickdiffs_3D_H1_ALL_20260124_182916.csv,50.48636363636356,1.0
3D,ALL,H1,H4,NZDCHF,long,2022-08-25,2022-08-30,0.59033,0.59586,0.005529999999999924,2022-08-30 02:00:00,2022-08-30 03:00:00,0.59371,0.59386,2022-09-02 01:00:00,0.59416,0.6013899999999999,0.5882990909090909,2022-09-02 09:00:00,0.6013899999999999,win,1.233597021870611,1.233597021870611,wickdiffs_3D_H1_ALL_20260124_182916.csv,58.60909090909094,1.0
3D,ALL,H1,H4,NZDCHF,long,2023-05-11,2023-05-16,0.55484,0.55876,0.003920000000000035,2023-05-12 17:00:00,2023-05-12 18:00:00,0.55516,0.55552,2023-05-24 01:00:00,0.55562,0.5626800000000001,0.5501615151515151,2023-05-25 09:00:00,0.5501615151515151,loss,-1.0,1.293399211680466,wickdiffs_3D_H1_ALL_20260124_182916.csv,54.58484848484844,1.0
3D,ALL,H1,H4,NZDCHF,long,2023-08-16,2023-08-21,0.51902,0.52254,0.0035199999999999676,2023-08-22 13:00:00,2023-08-22 14:00:00,0.52168,0.5217,2023-08-28 05:00:00,0.52188,0.52606,0.5174751515151516,2023-08-31 13:00:00,0.52606,win,0.9489543203081907,0.9489543203081907,wickdiffs_3D_H1_ALL_20260124_182916.csv,44.04848484848488,1.0
3D,ALL,H1,H4,NZDCHF,long,2023-11-08,2023-11-13,0.52826,0.53156,0.0033000000000000806,2023-11-14 12:00:00,2023-11-14 13:00:00,0.52826,0.52866,2023-11-17 06:00:00,0.53014,0.5348600000000001,0.5260881818181817,2023-11-20 22:00:00,0.5348600000000001,win,1.1649091317029783,1.1649091317029783,wickdiffs_3D_H1_ALL_20260124_182916.csv,40.5181818181819,1.0
3D,ALL,H1,H4,NZDCHF,long,2024-08-01,2024-08-06,0.4944,0.50626,0.011860000000000037,2024-08-05 14:00:00,2024-08-05 15:00:00,0.50293,0.5033,2024-12-20 10:00:00,0.50414,0.5181200000000001,0.493214,2025-02-19 06:00:00,0.5181200000000001,win,1.2795167490389936,1.2795167490389936,wickdiffs_3D_H1_ALL_20260124_182916.csv,41.96818181818178,1.0
3D,ALL,H1,H4,NZDCHF,long,2025-03-05,2025-03-10,0.49856,0.50183,0.003269999999999995,2025-03-11 05:00:00,2025-03-11 06:00:00,0.49972,0.49984,2025-03-31 13:00:00,0.50148,0.5051,0.4974704545454546,2025-04-02 01:00:00,0.5051,win,0.9028454823716029,0.9028454823716029,wickdiffs_3D_H1_ALL_20260124_182916.csv,40.09545454545452,1.0
3D,ALL,H1,H4,NZDCHF,short,2016-04-28,2016-05-03,0.6701,0.67634,0.006240000000000023,2016-04-29 09:00:00,2016-04-29 10:00:00,0.67332,0.673995,2016-05-23 05:00:00,0.67317,0.66386,0.6812184848484849,2016-05-26 01:00:00,0.66386,win,1.156739457831331,1.156739457831331,wickdiffs_3D_H1_ALL_20260124_182916.csv,80.48484848484843,1.0
3D,ALL,H1,H4,NZDCHF,short,2016-11-24,2016-11-29,0.716645,0.72749,0.010844999999999994,2016-12-01 10:00:00,2016-12-01 11:00:00,0.71829,0.719045,2016-12-02 10:00:00,0.7174,0.7058,0.7285745,2016-12-08 10:00:00,0.7285745,loss,-1.0,1.0380777663430203,wickdiffs_3D_H1_ALL_20260124_182916.csv,69.36287878787886,1.0
3D,ALL,H1,H4,NZDCHF,short,2017-06-14,2017-06-19,0.70622,0.7106,0.0043800000000000505,2017-06-19 01:00:00,2017-06-19 02:00:00,0.71008,0.7106,2017-06-27 05:00:00,0.707645,0.7018399999999999,0.7134995454545454,2017-06-27 13:00:00,0.7018399999999999,win,0.9915372670807541,0.9915372670807541,wickdiffs_3D_H1_ALL_20260124_182916.csv,58.54545454545463,1.0
3D,ALL,H1,H4,NZDCHF,short,2018-06-13,2018-06-18,0.69242,0.6978,0.00537999999999994,2018-06-18 09:00:00,2018-06-18 10:00:00,0.69294,0.69298,2018-12-04 02:00:00,0.69286,0.6870400000000001,0.698338,2018-12-05 22:00:00,0.6870400000000001,win,1.062431544359247,1.062431544359247,wickdiffs_3D_H1_ALL_20260124_182916.csv,52.46818181818176,1.0
3D,ALL,H1,H4,NZDCHF,short,2019-12-11,2019-12-16,0.64903,0.6541,0.005070000000000019,2019-12-16 10:00:00,2019-12-16 11:00:00,0.65015,0.65057,2019-12-23 10:00:00,0.64951,0.64396,0.654607,2019-12-26 18:00:00,0.654607,loss,-1.0,1.088875809299595,wickdiffs_3D_H1_ALL_20260124_182916.csv,47.98030303030306,1.0
3D,ALL,H1,H4,NZDCHF,short,2020-04-28,2020-05-01,0.59165,0.59948,0.007830000000000004,2020-04-30 13:00:00,2020-04-30 14:00:00,0.59678,0.59747,2020-05-10 21:00:00,0.59556,0.58382,0.6045929545454545,2020-05-13 01:00:00,0.58382,win,1.2996854950308179,1.2996854950308179,wickdiffs_3D_H1_ALL_20260124_182916.csv,90.32954545454548,1.0
3D,ALL,H1,H4,NZDCHF,short,2020-05-22,2020-05-27,0.59856,0.60408,0.005519999999999969,2020-05-27 10:00:00,2020-05-27 11:00:00,0.60402,0.60408,2020-06-01 13:00:00,0.60384,0.59304,0.6133645454545456,2020-06-02 21:00:00,0.6133645454545456,loss,-1.0,1.1339123794979513,wickdiffs_3D_H1_ALL_20260124_182916.csv,95.24545454545454,1.0
3D,ALL,H1,H4,NZDCHF,short,2020-10-21,2020-10-26,0.60488,0.6112,0.006319999999999992,2020-10-28 15:00:00,2020-10-28 16:00:00,0.6059,0.60594,2020-10-29 05:00:00,0.6057,0.59856,0.6118319999999999,2020-11-03 06:00:00,0.6118319999999999,loss,-1.0,1.1643835616438574,wickdiffs_3D_H1_ALL_20260124_182916.csv,50.39545454545465,1.0
3D,ALL,H1,H4,NZDCHF,short,2022-05-04,2022-05-09,0.63342,0.63815,0.004730000000000012,2022-05-06 16:00:00,2022-05-06 17:00:00,0.63481,0.63486,2022-05-17 05:00:00,0.63441,0.62869,0.6404304545454546,2022-05-18 13:00:00,0.62869,win,0.9500943752359491,0.9500943752359491,wickdiffs_3D_H1_ALL_20260124_182916.csv,60.20454545454537,1.0
3D,ALL,H1,H4,NZDCHF,short,2023-12-15,2023-12-20,0.53986,0.54366,0.0038000000000000256,2023-12-20 17:00:00,2023-12-20 18:00:00,0.54132,0.54145,2023-12-26 10:00:00,0.54072,0.53606,0.5449304545454545,2023-12-27 14:00:00,0.53606,win,1.1067688653783851,1.1067688653783851,wickdiffs_3D_H1_ALL_20260124_182916.csv,42.10454545454551,1.0
3D,ALL,H1,H4,NZDCHF,short,2025-04-11,2025-04-16,0.48548,0.49112,0.005639999999999978,2025-04-18 06:00:00,2025-04-18 07:00:00,0.48684,0.48686,2025-04-22 01:00:00,0.48664,0.47984000000000004,0.49224666666666667,2025-04-22 21:00:00,0.49224666666666667,loss,-1.0,1.2128418549345967,wickdiffs_3D_H1_ALL_20260124_182916.csv,56.06666666666667,1.0
3D,ALL,H1,H4,NZDCHF,short,2025-05-02,2025-05-07,0.49375,0.49746,0.003709999999999991,2025-05-07 00:00:00,2025-05-07 01:00:00,0.49738,0.49746,2025-05-12 05:00:00,0.49569,0.49004000000000003,0.5016230303030303,2025-05-15 21:00:00,0.49004000000000003,win,0.9522958271617534,0.9522958271617534,wickdiffs_3D_H1_ALL_20260124_182916.csv,59.330303030303,1.0
3D,ALL,H1,H4,NZDJPY,long,2017-01-05,2017-01-10,80.726,81.418,0.6920000000000073,2017-01-12 15:00:00,2017-01-12 16:00:00,81.144,81.198,2017-01-15 22:00:00,81.2245,82.11000000000001,80.39831818181818,2017-01-19 06:00:00,82.11000000000001,win,1.0717979753521232,1.0717979753521232,wickdiffs_3D_H1_ALL_20260124_182916.csv,82.61818181818171,1.0
3D,ALL,H1,H4,NZDJPY,long,2023-10-02,2023-10-05,87.094,88.13,1.0360000000000014,2023-10-04 14:00:00,2023-10-04 15:00:00,87.702,87.704,2023-10-17 09:00:00,88.022,89.166,86.9904,2023-10-25 21:00:00,86.9904,loss,-1.0,1.1089569600620186,wickdiffs_3D_H1_ALL_20260124_182916.csv,79.75454545454535,1.0
3D,ALL,H1,H4,NZDJPY,long,2024-01-12,2024-01-17,89.894,90.328,0.4339999999999975,2024-01-16 00:00:00,2024-01-16 01:00:00,89.894,89.946,2024-01-22 18:00:00,89.998,90.762,89.24825757575758,2024-02-08 02:00:00,90.762,win,1.0190166319746128,1.0190166319746128,wickdiffs_3D_H1_ALL_20260124_182916.csv,74.97424242424235,1.0
3D,ALL,H1,H4,NZDJPY,long,2024-06-04,2024-06-07,95.27,96.474,1.2040000000000077,2024-06-11 12:00:00,2024-06-11 13:00:00,96.102,96.13,2024-06-14 09:00:00,96.394,97.67800000000001,95.14959999999999,2024-06-21 17:00:00,97.67800000000001,win,1.0318225650916044,1.0318225650916044,wickdiffs_3D_H1_ALL_20260124_182916.csv,77.94999999999989,1.0
3D,ALL,H1,H4,NZDJPY,short,2015-02-17,2015-02-20,89.4125,90.1105,0.6980000000000075,2015-02-17 19:00:00,2015-02-17 20:00:00,90.039,90.1105,2015-02-25 22:00:00,89.87,88.71449999999999,90.9776893939394,2015-03-04 18:00:00,90.9776893939394,loss,-1.0,1.0431624662312506,wickdiffs_3D_H1_ALL_20260124_182916.csv,110.7689393939394,1.0
3D,ALL,H1,H4,NZDJPY,short,2015-03-23,2015-03-26,90.8755,91.9025,1.027000000000001,2015-03-25 17:00:00,2015-03-25 18:00:00,91.0945,91.0985,2015-04-09 05:00:00,91.051,89.8485,92.19208333333333,2015-04-13 01:00:00,89.8485,win,1.0538231213028564,1.0538231213028564,wickdiffs_3D_H1_ALL_20260124_182916.csv,114.1083333333333,1.0
3D,ALL,H1,H4,NZDJPY,short,2015-08-07,2015-08-12,81.7775,82.649,0.8714999999999975,2015-08-13 19:00:00,2015-08-13 20:00:00,81.8535,81.889,2015-08-17 13:00:00,81.813,80.906,82.73615,2015-08-23 21:00:00,80.906,win,0.9825055516438322,0.9825055516438322,wickdiffs_3D_H1_ALL_20260124_182916.csv,91.8030303030304,1.0
3D,ALL,H1,H4,NZDJPY,short,2015-12-11,2015-12-16,82.3285,83.1635,0.8349999999999937,2015-12-17 11:00:00,2015-12-17 12:00:00,82.7825,82.8905,2015-12-22 06:00:00,82.5295,81.49350000000001,83.53631818181819,2016-01-03 22:00:00,81.49350000000001,win,1.0289841986455843,1.0289841986455843,wickdiffs_3D_H1_ALL_20260124_182916.csv,100.6818181818183,1.0
3D,ALL,H1,H4,NZDJPY,short,2016-03-17,2016-03-22,75.6915,76.4665,0.7749999999999915,2016-03-17 18:00:00,2016-03-17 19:00:00,76.444,76.4665,2016-03-28 21:00:00,76.3365,74.91650000000001,77.67087121212121,2016-03-30 05:00:00,77.67087121212121,loss,-1.0,1.0641716391218106,wickdiffs_3D_H1_ALL_20260124_182916.csv,133.4371212121212,1.0
3D,ALL,H1,H4,NZDJPY,short,2016-05-06,2016-05-11,73.8555,74.722,0.8664999999999878,2016-05-12 18:00:00,2016-05-12 19:00:00,74.458,74.4745,2016-05-17 01:00:00,74.1925,72.98900000000002,75.35801515151515,2016-06-01 01:00:00,75.35801515151515,loss,-1.0,1.0325906089126717,wickdiffs_3D_H1_ALL_20260124_182916.csv,116.5515151515153,1.0
3D,ALL,H1,H4,NZDJPY,short,2016-12-20,2016-12-23,81.1405,81.7915,0.6509999999999962,2016-12-21 07:00:00,2016-12-21 08:00:00,81.4695,81.487,2016-12-28 02:00:00,81.366,80.4895,82.22143181818181,2017-01-19 06:00:00,82.22143181818181,loss,-1.0,1.0246287095831381,wickdiffs_3D_H1_ALL_20260124_182916.csv,85.54318181818172,1.0
3D,ALL,H1,H4,NZDJPY,short,2017-01-10,2017-01-13,81.4505,81.918,0.46750000000000114,2017-01-13 15:00:00,2017-01-13 16:00:00,81.815,81.836,2017-01-18 22:00:00,81.763,80.983,82.58821212121212,2017-01-19 14:00:00,82.58821212121212,loss,-1.0,0.9452115158636926,wickdiffs_3D_H1_ALL_20260124_182916.csv,82.52121212121199,1.0
3D,ALL,H1,H4,NZDJPY,short,2019-06-26,2019-07-01,72.465,72.935,0.46999999999999886,2019-07-01 06:00:00,2019-07-01 07:00:00,72.646,72.676,2019-07-15 01:00:00,72.6,71.995,73.12692424242424,2019-07-22 01:00:00,73.12692424242424,loss,-1.0,1.1481726428386356,wickdiffs_3D_H1_ALL_20260124_182916.csv,52.69242424242436,1.0
3D,ALL,H1,H4,NZDJPY,short,2020-11-06,2020-11-11,71.948,72.792,0.8440000000000083,2020-11-12 16:00:00,2020-11-12 17:00:00,72.288,72.306,2020-11-16 10:00:00,72.072,71.10399999999998,72.8764,2020-11-23 22:00:00,72.8764,loss,-1.0,1.2033814022874396,wickdiffs_3D_H1_ALL_20260124_182916.csv,65.89090909090919,1.0
3D,ALL,H1,H4,NZDJPY,short,2021-07-14,2021-07-19,77.042,77.66,0.617999999999995,2021-07-16 16:00:00,2021-07-16 17:00:00,77.283,77.302,2021-07-23 09:00:00,77.215,76.424,77.94042424242424,2021-07-27 13:00:00,76.424,win,1.0903964242449513,1.0903964242449513,wickdiffs_3D_H1_ALL_20260124_182916.csv,72.54242424242425,1.0
3D,ALL,H1,H4,NZDJPY,short,2022-06-07,2022-06-10,85.777,86.818,1.0409999999999968,2022-06-09 11:00:00,2022-06-09 12:00:00,86.242,86.356,2022-06-21 09:00:00,86.185,84.736,87.33504545454547,2022-06-23 01:00:00,84.736,win,1.2599501995968505,1.2599501995968505,wickdiffs_3D_H1_ALL_20260124_182916.csv,115.0045454545456,1.0
3D,ALL,H1,H4,NZDJPY,short,2022-07-19,2022-07-22,85.894,86.597,0.7029999999999887,2022-07-21 04:00:00,2022-07-21 05:00:00,86.236,86.278,2022-08-12 17:00:00,86.172,85.19100000000002,87.24598484848485,2022-08-15 05:00:00,85.19100000000002,win,0.9134207073628186,0.9134207073628186,wickdiffs_3D_H1_ALL_20260124_182916.csv,107.3984848484849,1.0
3D,ALL,H1,H4,NZDJPY,short,2023-01-05,2023-01-10,84.005,84.678,0.6730000000000018,2023-01-09 09:00:00,2023-01-09 10:00:00,84.659,84.678,2023-01-18 02:00:00,84.407,83.332,85.51080303030302,2023-01-18 10:00:00,83.332,win,0.9739056430248052,0.9739056430248052,wickdiffs_3D_H1_ALL_20260124_182916.csv,110.3803030303032,1.0
3D,ALL,H1,H4,NZDJPY,short,2023-07-13,2023-07-18,87.725,88.693,0.9680000000000035,2023-07-18 03:00:00,2023-07-18 04:00:00,87.9,87.912,2023-07-21 05:00:00,87.861,86.75699999999999,88.7898,2023-07-27 17:00:00,86.75699999999999,win,1.1886304909560927,1.1886304909560927,wickdiffs_3D_H1_ALL_20260124_182916.csv,89.669696969697,1.0
3D,ALL,H1,H4,NZDJPY,short,2025-04-11,2025-04-16,84.448,85.232,0.784000000000006,2025-04-17 17:00:00,2025-04-17 18:00:00,85.11,85.232,2025-04-22 21:00:00,84.986,83.66399999999999,86.14610606060607,2025-05-01 21:00:00,86.14610606060607,loss,-1.0,1.1395509814933458,wickdiffs_3D_H1_ALL_20260124_182916.csv,116.0106060606062,1.0
3D,ALL,H1,H4,NZDUSD,long,2015-11-12,2015-11-17,0.642935,0.64926,0.006324999999999914,2015-11-18 18:00:00,2015-11-18 19:00:00,0.642935,0.64382,2016-01-14 10:00:00,0.64545,0.6555849999999999,0.6371748484848485,2016-01-19 22:00:00,0.6371748484848485,loss,-1.0,1.2247509887212422,wickdiffs_3D_H1_ALL_20260124_182916.csv,82.75151515151508,1.0
3D,ALL,H1,H4,NZDUSD,long,2018-02-23,2018-02-28,0.71864,0.7236,0.0049600000000000755,2018-03-01 12:00:00,2018-03-01 13:00:00,0.72116,0.72152,2018-03-05 02:00:00,0.7222,0.7285600000000001,0.7156972727272727,2018-03-06 10:00:00,0.7285600000000001,win,0.9780511673423941,0.9780511673423941,wickdiffs_3D_H1_ALL_20260124_182916.csv,65.02727272727284,1.0
3D,ALL,H1,H4,NZDUSD,long,2018-05-23,2018-05-28,0.68824,0.6921,0.0038600000000000856,2018-05-29 23:00:00,2018-05-30 00:00:00,0.68824,0.68859,2018-06-19 05:00:00,0.69055,0.6959600000000001,0.6849264393939394,2018-06-21 01:00:00,0.6849264393939394,loss,-1.0,0.9620239522571684,wickdiffs_3D_H1_ALL_20260124_182916.csv,56.23560606060602,1.0
3D,ALL,H1,H4,NZDUSD,long,2022-06-20,2022-06-23,0.62439,0.6288,0.004410000000000025,2022-06-23 08:00:00,2022-06-23 09:00:00,0.62488,0.6251,2022-06-28 13:00:00,0.62551,0.63321,0.6175939393939394,2022-07-01 01:00:00,0.6175939393939394,loss,-1.0,0.9727060444818785,wickdiffs_3D_H1_ALL_20260124_182916.csv,79.16060606060611,1.0
3D,ALL,H1,H4,NZDUSD,long,2023-10-02,2023-10-05,0.5871,0.59126,0.0041600000000000525,2023-10-04 06:00:00,2023-10-04 07:00:00,0.58808,0.58812,2023-10-17 05:00:00,0.58834,0.5954200000000001,0.5823836363636363,2023-10-19 05:00:00,0.5823836363636363,loss,-1.0,1.1886446886447006,wickdiffs_3D_H1_ALL_20260124_182916.csv,59.56363636363648,1.0
3D,ALL,H1,H4,NZDUSD,long,2023-12-07,2023-12-12,0.60844,0.61225,0.00380999999999998,2023-12-13 10:00:00,2023-12-13 11:00:00,0.60906,0.60922,2024-01-17 14:00:00,0.61033,0.6160599999999999,0.6045230303030303,2024-01-31 14:00:00,0.6160599999999999,win,0.9867452904033632,0.9867452904033632,wickdiffs_3D_H1_ALL_20260124_182916.csv,58.06969696969705,1.0
3D,ALL,H1,H4,NZDUSD,long,2025-01-30,2025-02-04,0.55164,0.56259,0.010950000000000015,2025-02-04 11:00:00,2025-02-04 12:00:00,0.5603,0.56056,2025-02-12 10:00:00,0.5607,0.57354,0.5505450000000001,2025-02-14 14:00:00,0.57354,win,1.2644017725258674,1.2644017725258674,wickdiffs_3D_H1_ALL_20260124_182916.csv,52.02727272727277,1.0
3D,ALL,H1,H4,NZDUSD,short,2015-02-17,2015-02-20,0.75175,0.7574,0.005649999999999933,2015-02-19 05:00:00,2015-02-19 06:00:00,0.75654,0.75698,2015-02-25 22:00:00,0.75507,0.7461000000000001,0.7645753787878788,2015-03-05 14:00:00,0.7461000000000001,win,0.9436762279729893,0.9436762279729893,wickdiffs_3D_H1_ALL_20260124_182916.csv,95.0537878787879,1.0
3D,ALL,H1,H4,NZDUSD,short,2015-10-14,2015-10-19,0.6811,0.68976,0.008660000000000001,2015-10-20 10:00:00,2015-10-20 11:00:00,0.68449,0.684605,2015-10-23 01:00:00,0.684045,0.67244,0.6938105303030303,2015-10-28 01:00:00,0.67244,win,1.1883635235250738,1.1883635235250738,wickdiffs_3D_H1_ALL_20260124_182916.csv,97.65530303030306,1.0
3D,ALL,H1,H4,NZDUSD,short,2016-05-11,2016-05-16,0.67688,0.68482,0.007939999999999947,2016-05-18 17:00:00,2016-05-18 18:00:00,0.679825,0.68018,2016-05-23 01:00:00,0.67964,0.6689400000000001,0.6882047727272728,2016-05-27 17:00:00,0.6689400000000001,win,1.2493034363805153,1.2493034363805153,wickdiffs_3D_H1_ALL_20260124_182916.csv,85.64772727272722,1.0
3D,ALL,H1,H4,NZDUSD,short,2018-03-21,2018-03-26,0.72363,0.73038,0.006750000000000034,2018-03-28 11:00:00,2018-03-28 12:00:00,0.7262,0.72632,2018-04-03 05:00:00,0.72502,0.71688,0.731602803030303,2018-04-04 21:00:00,0.731602803030303,loss,-1.0,1.23655530364932,wickdiffs_3D_H1_ALL_20260124_182916.csv,65.82803030303037,1.0
3D,ALL,H1,H4,NZDUSD,short,2018-05-18,2018-05-23,0.69336,0.6975,0.0041400000000000325,2018-05-22 11:00:00,2018-05-22 12:00:00,0.6954,0.6958,2018-05-28 01:00:00,0.69534,0.6892199999999999,0.701065606060606,2018-05-29 17:00:00,0.6892199999999999,win,1.068882479028291,1.068882479028291,wickdiffs_3D_H1_ALL_20260124_182916.csv,57.25606060606062,1.0
3D,ALL,H1,H4,NZDUSD,short,2018-12-03,2018-12-06,0.68988,0.69694,0.007059999999999955,2018-12-05 16:00:00,2018-12-05 17:00:00,0.69074,0.69083,2018-12-11 10:00:00,0.69057,0.6828200000000001,0.697646,2018-12-12 10:00:00,0.6828200000000001,win,1.0952515545505872,1.0952515545505872,wickdiffs_3D_H1_ALL_20260124_182916.csv,57.52575757575745,1.0
3D,ALL,H1,H4,NZDUSD,short,2019-10-01,2019-10-04,0.62986,0.6338,0.003940000000000055,2019-10-04 13:00:00,2019-10-04 14:00:00,0.63312,0.63344,2019-10-10 09:00:00,0.632,0.6259199999999999,0.6368284848484849,2019-10-15 13:00:00,0.6259199999999999,win,1.259194175975916,1.259194175975916,wickdiffs_3D_H1_ALL_20260124_182916.csv,48.28484848484857,1.0
3D,ALL,H1,H4,NZDUSD,short,2019-12-03,2019-12-06,0.65462,0.65761,0.002990000000000048,2019-12-06 17:00:00,2019-12-06 18:00:00,0.6573,0.65761,2019-12-11 14:00:00,0.65686,0.6516299999999999,0.6614307575757575,2019-12-12 22:00:00,0.6614307575757575,loss,-1.0,1.144230450492272,wickdiffs_3D_H1_ALL_20260124_182916.csv,45.70757575757587,1.0
3D,ALL,H1,H4,NZDUSD,short,2024-05-01,2024-05-06,0.60101,0.60488,0.003869999999999929,2024-05-07 00:00:00,2024-05-07 01:00:00,0.60237,0.6025,2024-05-09 13:00:00,0.60224,0.5971400000000001,0.6070048484848485,2024-05-15 09:00:00,0.6070048484848485,loss,-1.0,1.0703383363011727,wickdiffs_3D_H1_ALL_20260124_182916.csv,47.64848484848476,1.0
3D,ALL,H1,H4,NZDUSD,short,2024-05-22,2024-05-27,0.61211,0.61704,0.00492999999999999,2024-05-29 12:00:00,2024-05-29 13:00:00,0.61321,0.61348,2024-05-31 05:00:00,0.61264,0.60718,0.617533,2024-06-03 13:00:00,0.617533,loss,-1.0,1.1158798283261535,wickdiffs_3D_H1_ALL_20260124_182916.csv,46.63484848484844,1.0
3D,ALL,H1,H4,USDCAD,long,2015-03-23,2015-03-26,1.241005,1.251815,0.010809999999999986,2015-03-26 15:00:00,2015-03-26 16:00:00,1.246015,1.24633,2015-04-03 09:00:00,1.24655,1.2626249999999999,1.2331279545454545,2015-04-10 05:00:00,1.2626249999999999,win,1.1976565013461473,1.1976565013461473,wickdiffs_3D_H1_ALL_20260124_182916.csv,134.2204545454543,1.0
3D,ALL,H1,H4,USDCAD,long,2023-03-17,2023-03-22,1.36308,1.3713,0.008219999999999894,2023-03-23 14:00:00,2023-03-23 15:00:00,1.36308,1.36317,2023-03-28 05:00:00,1.36816,1.3795199999999999,1.3582631818181818,2023-03-29 09:00:00,1.3582631818181818,loss,-1.0,1.1478436595783572,wickdiffs_3D_H1_ALL_20260124_182916.csv,98.9681818181819,1.0
3D,ALL,H1,H4,USDCAD,long,2023-07-10,2023-07-13,1.30928,1.31856,0.009279999999999955,2023-07-17 14:00:00,2023-07-17 15:00:00,1.31608,1.31648,2023-07-18 21:00:00,1.31694,1.32784,1.308352,2023-08-01 09:00:00,1.32784,win,1.2692128551467,1.2692128551467,wickdiffs_3D_H1_ALL_20260124_182916.csv,76.89848484848491,1.0
3D,ALL,H1,H4,USDCAD,long,2024-05-01,2024-05-06,1.36098,1.36854,0.007560000000000011,2024-05-07 12:00:00,2024-05-07 13:00:00,1.36696,1.36722,2024-05-09 21:00:00,1.36806,1.3761,1.360224,2024-05-15 09:00:00,1.360224,loss,-1.0,1.0260336906585112,wickdiffs_3D_H1_ALL_20260124_182916.csv,66.08939393939401,1.0
3D,ALL,H1,H4,USDCAD,long,2025-04-24,2025-04-29,1.377,1.38316,0.006159999999999943,2025-05-01 02:00:00,2025-05-01 03:00:00,1.37844,1.37846,2025-05-02 13:00:00,1.37917,1.3893199999999999,1.3685051515151516,2025-05-08 09:00:00,1.3893199999999999,win,0.9517247258055244,0.9517247258055244,wickdiffs_3D_H1_ALL_20260124_182916.csv,106.6484848484848,1.0
3D,ALL,H1,H4,USDCAD,short,2017-01-18,2017-01-23,1.33208,1.33878,0.00670000000000015,2017-01-20 14:00:00,2017-01-20 15:00:00,1.33774,1.33776,2017-03-02 10:00:00,1.33665,1.3253799999999998,1.346376818181818,2017-03-08 10:00:00,1.346376818181818,loss,-1.0,1.1586522734707354,wickdiffs_3D_H1_ALL_20260124_182916.csv,97.26818181818174,1.0
3D,ALL,H1,H4,USDCAD,short,2023-04-04,2023-04-07,1.3492,1.35538,0.006180000000000074,2023-04-10 13:00:00,2023-04-10 14:00:00,1.35529,1.35538,2023-04-21 13:00:00,1.35422,1.3430199999999999,1.3630524242424242,2023-04-25 13:00:00,1.3630524242424242,loss,-1.0,1.2680550313926047,wickdiffs_3D_H1_ALL_20260124_182916.csv,88.32424242424261,1.0
3D,ALL,H1,H4,USDCAD,short,2024-01-01,2024-01-04,1.33524,1.34051,0.005270000000000108,2024-01-08 13:00:00,2024-01-08 14:00:00,1.3399,1.34051,2024-01-09 14:00:00,1.33914,1.3299699999999999,1.3466569696969697,2024-01-16 02:00:00,1.3466569696969697,loss,-1.0,1.2199064742401176,wickdiffs_3D_H1_ALL_20260124_182916.csv,75.16969696969709,1.0
3D,ALL,H1,H4,USDCAD,short,2024-09-25,2024-09-30,1.35076,1.35399,0.003230000000000066,2024-10-01 08:00:00,2024-10-01 09:00:00,1.35388,1.35399,2024-10-03 09:00:00,1.35344,1.34753,1.3588545454545453,2024-10-04 09:00:00,1.3588545454545453,loss,-1.0,1.091504365345888,wickdiffs_3D_H1_ALL_20260124_182916.csv,54.14545454545439,1.0
3D,ALL,H1,H4,USDCAD,short,2024-11-22,2024-11-27,1.40556,1.41781,0.012250000000000094,2024-11-26 17:00:00,2024-11-26 18:00:00,1.40868,1.40922,2024-12-02 14:00:00,1.40561,1.3933099999999998,1.419035,2024-12-10 06:00:00,1.419035,loss,-1.0,0.9162011173184492,wickdiffs_3D_H1_ALL_20260124_182916.csv,62.6181818181817,1.0
3D,ALL,H1,H4,USDCAD,short,2025-01-30,2025-02-04,1.44221,1.47937,0.03716000000000008,2025-02-04 11:00:00,2025-02-04 12:00:00,1.44365,1.4442,2025-02-27 14:00:00,1.44292,1.40505,1.4830860000000001,2025-04-03 13:00:00,1.40505,win,0.9428372255141148,0.9428372255141148,wickdiffs_3D_H1_ALL_20260124_182916.csv,93.28333333333332,1.0
3D,ALL,H1,H4,USDCHF,long,2015-03-31,2015-04-03,0.94811,0.95966,0.01154999999999995,2015-04-06 13:00:00,2015-04-06 14:00:00,0.95008,0.95011,2015-04-17 09:00:00,0.95461,0.9712099999999999,0.9388060606060605,2015-04-22 17:00:00,0.9712099999999999,win,1.0503710237186707,1.0503710237186707,wickdiffs_3D_H1_ALL_20260124_182916.csv,158.0393939393939,1.0
3D,ALL,H1,H4,USDCHF,long,2017-08-16,2017-08-21,0.95868,0.96486,0.006180000000000074,2017-08-22 00:00:00,2017-08-22 01:00:00,0.96202,0.96204,2017-08-24 13:00:00,0.964425,0.9710400000000001,0.9576862121212121,2017-08-25 13:00:00,0.9576862121212121,loss,-1.0,0.9816305423149779,wickdiffs_3D_H1_ALL_20260124_182916.csv,67.38787878787882,1.0
3D,ALL,H1,H4,USDCHF,long,2017-08-24,2017-08-29,0.94284,0.955225,0.01238499999999998,2017-08-30 07:00:00,2017-08-30 08:00:00,0.95386,0.95414,2017-09-05 17:00:00,0.95517,0.96761,0.9416015,2017-09-14 05:00:00,0.96761,win,0.9168294210856043,0.9168294210856043,wickdiffs_3D_H1_ALL_20260124_182916.csv,70.99545454545455,1.0
3D,ALL,H1,H4,USDCHF,long,2018-01-12,2018-01-17,0.95356,0.959595,0.006035000000000013,2018-01-19 11:00:00,2018-01-19 12:00:00,0.95671,0.95744,2018-01-23 14:00:00,0.95904,0.96563,0.9523635606060606,2018-01-24 06:00:00,0.9523635606060606,loss,-1.0,0.9870530699315736,wickdiffs_3D_H1_ALL_20260124_182916.csv,66.76439393939405,1.0
3D,ALL,H1,H4,USDCHF,long,2018-07-30,2018-08-02,0.9867,0.99216,0.00546000000000002,2018-07-31 21:00:00,2018-07-31 22:00:00,0.98992,0.99002,2018-08-09 13:00:00,0.9917,0.9976200000000001,0.9857418181818182,2018-08-15 05:00:00,0.9976200000000001,win,0.9935916997253661,0.9935916997253661,wickdiffs_3D_H1_ALL_20260124_182916.csv,59.58181818181809,1.0
3D,ALL,H1,H4,USDCHF,long,2018-09-05,2018-09-10,0.96416,0.96926,0.005099999999999993,2018-09-07 13:00:00,2018-09-07 14:00:00,0.96548,0.9659,2018-09-13 13:00:00,0.96754,0.97436,0.9619137878787878,2018-09-17 13:00:00,0.9619137878787878,loss,-1.0,1.2121832332426765,wickdiffs_3D_H1_ALL_20260124_182916.csv,56.26212121212122,1.0
3D,ALL,H1,H4,USDCHF,long,2019-05-23,2019-05-28,1.00086,1.00384,0.0029799999999999827,2019-05-27 01:00:00,2019-05-27 02:00:00,1.0017,1.00184,2019-05-31 13:00:00,1.00191,1.00682,0.997284090909091,2019-06-03 01:00:00,0.997284090909091,loss,-1.0,1.0614129900756597,wickdiffs_3D_H1_ALL_20260124_182916.csv,46.25909090909067,1.0
3D,ALL,H1,H4,USDCHF,long,2020-03-04,2020-03-09,0.91819,0.93768,0.019490000000000007,2020-03-11 05:00:00,2020-03-11 06:00:00,0.9325,0.93256,2020-03-12 01:00:00,0.93554,0.95717,0.916241,2020-03-17 09:00:00,0.95717,win,1.1207834602829085,1.1207834602829085,wickdiffs_3D_H1_ALL_20260124_182916.csv,56.49545454545456,1.0
3D,ALL,H1,H4,USDCHF,long,2020-06-22,2020-06-25,0.94206,0.94794,0.005879999999999996,2020-06-29 12:00:00,2020-06-29 13:00:00,0.94508,0.94544,2020-07-01 13:00:00,0.9456,0.95382,0.9388877272727273,2020-07-06 13:00:00,0.9388877272727273,loss,-1.0,1.2246224690187584,wickdiffs_3D_H1_ALL_20260124_182916.csv,67.12272727272729,1.0
3D,ALL,H1,H4,USDCHF,long,2021-04-08,2021-04-13,0.9187,0.92224,0.0035399999999999876,2021-04-14 08:00:00,2021-04-14 09:00:00,0.9187,0.91894,2021-04-16 05:00:00,0.9199,0.9257799999999999,0.9140586363636364,2021-04-19 09:00:00,0.9140586363636364,loss,-1.0,1.006614271262916,wickdiffs_3D_H1_ALL_20260124_182916.csv,58.41363636363643,1.0
3D,ALL,H1,H4,USDCHF,long,2023-04-12,2023-04-17,0.886,0.89398,0.007979999999999987,2023-04-17 07:00:00,2023-04-17 08:00:00,0.8922,0.8926,2023-04-20 09:00:00,0.893,0.90196,0.884879393939394,2023-05-03 17:00:00,0.884879393939394,loss,-1.0,1.1033659228300565,wickdiffs_3D_H1_ALL_20260124_182916.csv,81.2060606060607,1.0
3D,ALL,H1,H4,USDCHF,long,2024-08-22,2024-08-27,0.84002,0.84732,0.007299999999999973,2024-08-29 18:00:00,2024-08-29 19:00:00,0.84596,0.84602,2024-09-04 21:00:00,0.84686,0.8546199999999999,0.83929,2024-09-06 09:00:00,0.83929,loss,-1.0,1.025099075297229,wickdiffs_3D_H1_ALL_20260124_182916.csv,60.35151515151517,1.0
3D,ALL,H1,H4,USDCHF,long,2024-11-14,2024-11-19,0.88012,0.88346,0.0033400000000000096,2024-11-19 13:00:00,2024-11-19 14:00:00,0.88012,0.88064,2024-11-27 14:00:00,0.88108,0.8868,0.8752113636363636,2024-12-02 10:00:00,0.8868,win,0.9746727596623144,0.9746727596623144,wickdiffs_3D_H1_ALL_20260124_182916.csv,58.68636363636357,1.0
3D,ALL,H1,H4,USDCHF,short,2015-01-27,2015-01-30,0.92389,0.934595,0.010704999999999965,2015-02-03 08:00:00,2015-02-03 09:00:00,0.92855,0.92866,2015-02-05 10:00:00,0.92644,0.913185,0.9395789393939394,2015-02-18 10:00:00,0.9395789393939394,loss,-1.0,1.0088333314113749,wickdiffs_3D_H1_ALL_20260124_182916.csv,131.3893939393938,1.0
3D,ALL,H1,H4,USDCHF,short,2017-11-24,2017-11-29,0.98427,0.98822,0.003950000000000009,2017-12-01 14:00:00,2017-12-01 15:00:00,0.98662,0.98708,2017-12-04 14:00:00,0.986575,0.98032,0.9934644696969697,2017-12-07 10:00:00,0.9934644696969697,loss,-1.0,0.907907324529091,wickdiffs_3D_H1_ALL_20260124_182916.csv,68.89469696969704,1.0
3D,ALL,H1,H4,USDCHF,short,2018-07-17,2018-07-20,0.99924,1.0044,0.005159999999999942,2018-07-19 15:00:00,2018-07-19 16:00:00,1.00182,1.00224,2018-10-25 13:00:00,1.00013,0.9940800000000001,1.0055672727272726,2018-10-30 21:00:00,1.0055672727272726,loss,-1.0,1.1126901855876739,wickdiffs_3D_H1_ALL_20260124_182916.csv,54.37272727272728,1.0
3D,ALL,H1,H4,USDCHF,short,2021-03-02,2021-03-05,0.92868,0.93756,0.008879999999999999,2021-03-09 13:00:00,2021-03-09 14:00:00,0.93176,0.93194,2021-03-10 10:00:00,0.92914,0.9198,0.938448,2021-03-25 13:00:00,0.938448,loss,-1.0,1.003437902879247,wickdiffs_3D_H1_ALL_20260124_182916.csv,55.23787878787878,1.0
3D,ALL,H1,H4,USDCHF,short,2021-08-30,2021-09-02,0.91566,0.91895,0.003290000000000015,2021-09-01 05:00:00,2021-09-01 06:00:00,0.91885,0.91895,2021-09-07 13:00:00,0.91875,0.91237,0.9240692424242424,2021-09-13 09:00:00,0.9240692424242424,loss,-1.0,1.1994189193038296,wickdiffs_3D_H1_ALL_20260124_182916.csv,53.19242424242432,1.0
3D,ALL,H1,H4,USDCHF,short,2022-01-27,2022-02-01,0.92692,0.93434,0.007419999999999982,2022-02-01 00:00:00,2022-02-01 01:00:00,0.92768,0.92772,2022-02-10 10:00:00,0.92752,0.9195,0.935082,2022-02-17 10:00:00,0.9195,win,1.060565987833916,1.060565987833916,wickdiffs_3D_H1_ALL_20260124_182916.csv,58.45454545454534,1.0
3D,ALL,H1,H4,USDCHF,short,2024-01-01,2024-01-04,0.84904,0.85773,0.008689999999999976,2024-01-08 11:00:00,2024-01-08 12:00:00,0.85172,0.85175,2024-01-09 10:00:00,0.84994,0.84035,0.858599,2024-01-16 02:00:00,0.858599,loss,-1.0,1.1075181891673425,wickdiffs_3D_H1_ALL_20260124_182916.csv,64.79242424242425,1.0
3D,ALL,H1,H4,USDCHF,short,2024-11-19,2024-11-22,0.88662,0.8958,0.009180000000000077,2024-11-26 18:00:00,2024-11-26 19:00:00,0.88849,0.88872,2024-12-02 14:00:00,0.88704,0.8774399999999999,0.896718,2024-12-06 10:00:00,0.8774399999999999,win,0.9919404835710063,0.9919404835710063,wickdiffs_3D_H1_ALL_20260124_182916.csv,57.62272727272719,1.0
3D,ALL,H1,H4,USDJPY,long,2015-08-20,2015-08-25,116.165,118.429,2.263999999999996,2015-08-24 22:00:00,2015-08-24 23:00:00,118.253,118.396,2015-10-15 05:00:00,118.402,120.693,115.93860000000001,2015-10-22 13:00:00,120.693,win,0.9300154258342143,0.9300154258342143,wickdiffs_3D_H1_ALL_20260124_182916.csv,97.40075757575748,1.0
3D,ALL,H1,H4,USDJPY,long,2016-12-28,2017-01-02,116.045,117.017,0.9719999999999942,2016-12-30 00:00:00,2016-12-30 01:00:00,116.12,116.224,2017-01-05 02:00:00,116.4825,117.98899999999999,115.29581818181819,2017-01-05 14:00:00,115.29581818181819,loss,-1.0,1.2695062626881592,wickdiffs_3D_H1_ALL_20260124_182916.csv,118.6681818181817,1.0
3D,ALL,H1,H4,USDJPY,long,2017-02-03,2017-02-08,111.594,112.391,0.7970000000000113,2017-02-08 16:00:00,2017-02-08 17:00:00,111.668,111.728,2017-02-28 14:00:00,111.939,113.18800000000002,110.65287121212121,2017-02-28 22:00:00,113.18800000000002,win,0.9711313608491727,0.9711313608491727,wickdiffs_3D_H1_ALL_20260124_182916.csv,128.6128787878787,1.0
3D,ALL,H1,H4,USDJPY,long,2017-07-26,2017-07-31,109.919,110.683,0.76400000000001,2017-08-02 16:00:00,2017-08-02 17:00:00,110.298,110.406,2017-08-03 09:00:00,110.464,111.44700000000002,109.59610606060606,2017-08-09 09:00:00,109.59610606060606,loss,-1.0,1.1326268745308412,wickdiffs_3D_H1_ALL_20260124_182916.csv,86.78939393939406,1.0
3D,ALL,H1,H4,USDJPY,long,2017-09-22,2017-09-27,111.472,112.236,0.76400000000001,2017-09-26 15:00:00,2017-09-26 16:00:00,112.001,112.086,2017-10-10 13:00:00,112.1965,113.00000000000001,111.3160909090909,2017-10-18 13:00:00,113.00000000000001,win,0.9126439155351485,0.9126439155351485,wickdiffs_3D_H1_ALL_20260124_182916.csv,88.04090909090917,1.0
3D,ALL,H1,H4,USDJPY,long,2018-02-15,2018-02-20,105.548,106.594,1.0459999999999923,2018-02-19 11:00:00,2018-02-19 12:00:00,106.454,106.474,2018-02-26 02:00:00,106.521,107.63999999999999,105.4434,2018-02-27 14:00:00,107.63999999999999,win,1.0384187082405174,1.0384187082405174,wickdiffs_3D_H1_ALL_20260124_182916.csv,79.98030303030305,1.0
3D,ALL,H1,H4,USDJPY,long,2019-06-21,2019-06-26,106.78,107.173,0.3930000000000007,2019-06-25 04:00:00,2019-06-25 05:00:00,106.78,106.812,2019-08-02 09:00:00,107.014,107.566,106.43001515151515,2019-08-04 21:00:00,106.43001515151515,loss,-1.0,0.9452300028539663,wickdiffs_3D_H1_ALL_20260124_182916.csv,58.39848484848488,1.0
3D,ALL,H1,H4,USDJPY,long,2022-02-01,2022-02-04,114.156,114.983,0.8269999999999982,2022-02-04 11:00:00,2022-02-04 12:00:00,114.774,114.848,2022-02-17 10:00:00,114.885,115.81,114.0733,2022-03-08 22:00:00,115.81,win,1.1395835899962978,1.1395835899962978,wickdiffs_3D_H1_ALL_20260124_182916.csv,66.38939393939388,1.0
3D,ALL,H1,H4,USDJPY,long,2022-04-29,2022-05-04,128.626,130.14,1.5139999999999816,2022-05-05 19:00:00,2022-05-05 20:00:00,129.984,130.02,2022-05-09 21:00:00,130.038,131.65399999999997,128.4746,2022-05-12 05:00:00,128.4746,loss,-1.0,1.0336446206984493,wickdiffs_3D_H1_ALL_20260124_182916.csv,102.9151515151514,1.0
3D,ALL,H1,H4,USDJPY,long,2022-06-15,2022-06-20,131.494,135.013,3.5190000000000055,2022-06-17 12:00:00,2022-06-17 13:00:00,134.436,134.448,2022-06-23 13:00:00,134.772,138.532,131.1421,2022-07-14 05:00:00,138.532,win,1.0358412077467773,1.0358412077467773,wickdiffs_3D_H1_ALL_20260124_182916.csv,138.112121212121,1.0
3D,ALL,H1,H4,USDJPY,long,2022-07-27,2022-08-01,130.396,133.232,2.8360000000000127,2022-08-03 03:00:00,2022-08-03 04:00:00,132.286,132.553,2022-08-04 21:00:00,132.974,136.068,130.11239999999998,2022-08-18 21:00:00,136.068,win,1.0812133072407086,1.0812133072407086,wickdiffs_3D_H1_ALL_20260124_182916.csv,139.6409090909091,1.0
3D,ALL,H1,H4,USDJPY,long,2023-10-13,2023-10-18,148.762,149.812,1.0500000000000114,2023-10-17 11:00:00,2023-10-17 12:00:00,149.358,149.452,2023-10-24 05:00:00,149.518,150.86200000000002,148.4826515151515,2023-10-31 09:00:00,150.86200000000002,win,1.2981136493348964,1.2981136493348964,wickdiffs_3D_H1_ALL_20260124_182916.csv,103.5348484848485,1.0
3D,ALL,H1,H4,USDJPY,long,2024-05-14,2024-05-17,153.602,155.398,1.7959999999999923,2024-05-16 17:00:00,2024-05-16 18:00:00,155.213,155.238,2024-06-04 05:00:00,155.304,157.194,153.4224,2024-06-10 01:00:00,157.194,win,1.004464285714283,1.004464285714283,wickdiffs_3D_H1_ALL_20260124_182916.csv,110.7606060606059,1.0
3D,ALL,H1,H4,USDJPY,long,2024-08-22,2024-08-27,143.446,144.556,1.1100000000000136,2024-08-26 00:00:00,2024-08-26 01:00:00,143.446,143.448,2024-09-04 21:00:00,143.72,145.66600000000003,142.05019696969697,2024-09-06 09:00:00,142.05019696969697,loss,-1.0,1.1654069160761265,wickdiffs_3D_H1_ALL_20260124_182916.csv,166.9803030303031,1.0
3D,ALL,H1,H4,USDJPY,long,2025-03-05,2025-03-10,146.543,147.945,1.4019999999999868,2025-03-11 21:00:00,2025-03-11 22:00:00,147.662,147.731,2025-03-13 05:00:00,147.922,149.34699999999998,146.4028,2025-03-17 21:00:00,149.34699999999998,win,0.937993680884675,0.937993680884675,wickdiffs_3D_H1_ALL_20260124_182916.csv,145.7681818181818,1.0
3D,ALL,H1,H4,USDJPY,short,2016-09-01,2016-09-06,103.435,104.3235,0.8884999999999934,2016-09-04 21:00:00,2016-09-04 22:00:00,104.1365,104.138,2016-10-06 13:00:00,103.9535,102.54650000000001,105.12863636363637,2016-10-27 13:00:00,105.12863636363637,loss,-1.0,1.1973078559548183,wickdiffs_3D_H1_ALL_20260124_182916.csv,117.5136363636364,1.0
3D,ALL,H1,H4,USDJPY,short,2018-02-02,2018-02-07,109.562,110.483,0.9210000000000065,2018-02-08 06:00:00,2018-02-08 07:00:00,109.777,109.784,2018-05-01 13:00:00,109.586,108.64099999999999,110.5751,2018-05-17 05:00:00,110.5751,loss,-1.0,0.9554140127388536,wickdiffs_3D_H1_ALL_20260124_182916.csv,78.5893939393939,1.0
3D,ALL,H1,H4,USDJPY,short,2019-03-13,2019-03-18,111.484,111.904,0.4200000000000017,2019-03-15 10:00:00,2019-03-15 11:00:00,111.741,111.762,2019-04-04 21:00:00,111.735,111.064,112.36778787878788,2019-04-09 13:00:00,111.064,win,1.0603869361172422,1.0603869361172422,wickdiffs_3D_H1_ALL_20260124_182916.csv,63.27878787878777,1.0
3D,ALL,H1,H4,USDJPY,short,2020-03-20,2020-03-25,111.222,111.718,0.4960000000000093,2020-03-25 16:00:00,2020-03-25 17:00:00,111.518,111.598,2021-07-01 09:00:00,111.393,110.72599999999998,111.95939393939393,2021-07-06 09:00:00,110.72599999999998,win,1.1776255952062775,1.1776255952062775,wickdiffs_3D_H1_ALL_20260124_182916.csv,56.63939393939391,1.0
3D,ALL,H1,H4,USDJPY,short,2020-08-24,2020-08-27,105.99,106.948,0.9579999999999984,2020-08-31 13:00:00,2020-08-31 14:00:00,106.086,106.097,2020-09-01 13:00:00,106.019,105.032,107.04379999999999,2020-09-16 09:00:00,105.032,win,0.9631147540983837,0.9631147540983837,wickdiffs_3D_H1_ALL_20260124_182916.csv,67.54242424242408,1.0
3D,ALL,H1,H4,USDJPY,short,2020-11-06,2020-11-11,105.302,105.678,0.37599999999999056,2020-11-11 15:00:00,2020-11-11 16:00:00,105.642,105.678,2021-02-04 22:00:00,105.511,104.92600000000002,106.05198484848485,2021-02-09 02:00:00,104.92600000000002,win,1.0813611538999766,1.0813611538999766,wickdiffs_3D_H1_ALL_20260124_182916.csv,54.09848484848482,1.0
3D,ALL,H1,H4,USDJPY,short,2021-08-30,2021-09-02,110.031,110.42,0.3889999999999958,2021-09-01 07:00:00,2021-09-01 08:00:00,110.402,110.42,2021-09-08 05:00:00,110.161,109.64200000000001,110.69089393939394,2021-09-09 17:00:00,109.64200000000001,win,0.9794412832756549,0.9794412832756549,wickdiffs_3D_H1_ALL_20260124_182916.csv,52.98939393939385,1.0
3D,ALL,H1,H4,USDJPY,short,2022-01-27,2022-02-01,115.136,115.688,0.5520000000000067,2022-01-28 07:00:00,2022-01-28 08:00:00,115.676,115.688,2022-02-08 22:00:00,115.441,114.58399999999999,116.10119696969697,2022-02-10 10:00:00,116.10119696969697,loss,-1.0,1.2980974456659151,wickdiffs_3D_H1_ALL_20260124_182916.csv,66.01969696969694,1.0
3D,ALL,H1,H4,USDJPY,short,2023-06-01,2023-06-06,139.572,140.456,0.8839999999999861,2023-06-05 10:00:00,2023-06-05 11:00:00,140.38,140.39,2023-06-14 21:00:00,140.363,138.68800000000002,141.68687878787878,2023-06-16 13:00:00,141.68687878787878,loss,-1.0,1.2652215711408046,wickdiffs_3D_H1_ALL_20260124_182916.csv,132.3878787878787,1.0
3D,ALL,H1,H4,USDJPY,short,2023-08-11,2023-08-16,145.572,146.564,0.9919999999999902,2023-08-17 06:00:00,2023-08-17 07:00:00,146.368,146.417,2023-08-21 13:00:00,146.186,144.58,147.4555606060606,2023-08-23 13:00:00,144.58,win,1.2650045947655453,1.2650045947655453,wickdiffs_3D_H1_ALL_20260124_182916.csv,126.9560606060604,1.0
3D,ALL,H1,H4,USDJPY,short,2024-04-26,2024-05-01,157.814,160.233,2.419000000000011,2024-05-01 08:00:00,2024-05-01 09:00:00,157.97,157.98,2024-06-14 01:00:00,157.946,155.39499999999998,160.4749,2024-06-26 13:00:00,160.4749,loss,-1.0,1.0087389774210223,wickdiffs_3D_H1_ALL_20260124_182916.csv,112.4196969696968,1.0
