pair,n_trades,wins,losses,avg_rr,win_rate_%,avg_rr_win,avg_rr_loss
AUDJPY,1,1,0,1.1215753424657509,100.0,1.1215753424657509,
CHFJPY,2,0,2,-1.0,0.0,,-1.0
EURAUD,1,0,1,-1.0,0.0,,-1.0
EURJPY,1,1,0,1.49,100.0,1.49,
EURNZD,1,0,1,-1.0,0.0,,-1.0
EURUSD,1,0,1,-1.0,0.0,,-1.0
NZDCHF,1,0,1,-1.0,0.0,,-1.0
NZDJPY,2,1,1,0.18899999999997874,50.0,1.3779999999999575,-1.0
USDCAD,1,0,1,-1.0,0.0,,-1.0
ALL,11,3,8,-0.3645840597758447,27.27272727272727,1.3298584474885695,-1.0
