mode,wd_variant,wd_source_ltf,entry_ltf,pair,direction,pivot_first_time,pivot_second_time,pivot_low,pivot_high,pivot_range,wd_first_time,wd_second_time,wd_low,wd_high,entry_time,entry_price,tp_price,sl_price,exit_time,exit_price,result,rr_signed,wickdiff_file,dyn_min_sl_pips,VOL
M,ALL,H4,H12,AUDCAD,long,2016-08-01,2016-09-01,0.9762,0.98514,0.008940000000000059,2016-08-19 05:00:00,2016-08-19 09:00:00,0.9762,0.9763,2016-12-11 22:00:00,0.97992,0.9940800000000001,0.9650147368421053,2017-01-06 10:00:00,0.9650147368421053,loss,-1.0,wickdiffs_M_H4_ALL_20260121_202249.csv,78.85530303030302,1.0
M,ALL,H4,H12,AUDCAD,long,2017-03-01,2017-04-03,0.9926,1.01595,0.02334999999999987,2017-04-19 13:00:00,2017-04-19 17:00:00,1.00882,1.00951,2017-05-07 21:00:00,1.013145,1.0393,0.9856134210526316,2017-07-04 09:00:00,0.9856134210526316,loss,-1.0,wickdiffs_M_H4_ALL_20260121_202249.csv,67.72575757575765,1.0
M,ALL,H4,H12,AUDCAD,long,2017-06-01,2017-07-03,0.9736,0.9967,0.02310000000000001,2017-07-12 13:00:00,2017-07-12 17:00:00,0.9736,0.97466,2017-09-06 09:00:00,0.97814,1.0198,0.9342873684210526,2018-03-13 09:00:00,1.0198,win,0.95,wickdiffs_M_H4_ALL_20260121_202249.csv,76.59242424242424,1.0
M,ALL,H4,H12,AUDCAD,long,2017-11-01,2017-12-01,0.95792,0.97575,0.017830000000000013,2017-12-13 06:00:00,2017-12-13 10:00:00,0.97212,0.9726,2018-01-05 10:00:00,0.97598,0.99358,0.956137,2018-01-17 10:00:00,0.99358,win,0.8869626568563277,wickdiffs_M_H4_ALL_20260121_202249.csv,56.289393939394,1.0
M,ALL,H4,H12,AUDCAD,long,2020-03-02,2020-04-01,0.80685,0.86223,0.055380000000000096,2020-04-08 01:00:00,2020-04-08 05:00:00,0.86016,0.86068,2022-10-13 09:00:00,0.86607,0.9176100000000001,0.8013119999999999,2022-12-01 10:00:00,0.9176100000000001,win,0.7958862225516549,wickdiffs_M_H4_ALL_20260121_202249.csv,72.93484848484847,1.0
M,ALL,H4,H12,AUDCAD,long,2021-11-01,2021-12-01,0.89722,0.91087,0.01364999999999994,2021-12-03 18:00:00,2021-12-05 22:00:00,0.89804,0.8982,2022-01-18 10:00:00,0.89895,0.9245199999999999,0.8720342105263159,2022-03-01 10:00:00,0.9245199999999999,win,0.95,wickdiffs_M_H4_ALL_20260121_202249.csv,56.18787878787878,1.0
M,ALL,H4,H12,AUDCAD,long,2022-04-01,2022-05-02,0.89192,0.90796,0.016039999999999943,2022-05-16 01:00:00,2022-05-16 05:00:00,0.89192,0.89227,2022-06-13 09:00:00,0.8933,0.9239999999999999,0.8609842105263158,2022-10-13 09:00:00,0.8609842105263158,loss,-1.0,wickdiffs_M_H4_ALL_20260121_202249.csv,75.76060606060601,1.0
M,ALL,H4,H12,AUDCAD,long,2022-06-01,2022-07-01,0.87359,0.8889,0.015310000000000046,2022-07-21 13:00:00,2022-07-21 17:00:00,0.8877,0.88796,2022-08-02 21:00:00,0.89112,0.9042100000000001,0.8720589999999999,2022-08-10 09:00:00,0.9042100000000001,win,0.6867425633492458,wickdiffs_M_H4_ALL_20260121_202249.csv,79.5969696969696,1.0
M,ALL,H4,H12,AUDCAD,long,2023-06-01,2023-07-03,0.87442,0.88236,0.007940000000000058,2023-06-28 21:00:00,2023-06-29 01:00:00,0.87442,0.8748,2023-08-01 21:00:00,0.87646,0.8903000000000001,0.8618915789473683,2023-09-26 21:00:00,0.8618915789473683,loss,-1.0,wickdiffs_M_H4_ALL_20260121_202249.csv,68.32121212121201,1.0
M,ALL,H4,H12,AUDCAD,long,2024-01-01,2024-02-01,0.87264,0.88227,0.009630000000000027,2024-02-19 22:00:00,2024-02-20 02:00:00,0.88102,0.88104,2024-03-04 22:00:00,0.88141,0.8919,0.8703678947368422,2024-03-07 10:00:00,0.8919,win,0.95,wickdiffs_M_H4_ALL_20260121_202249.csv,55.58484848484851,1.0
M,ALL,H4,H12,AUDCAD,long,2025-02-03,2025-03-03,0.89324,0.89806,0.0048199999999999354,2025-03-04 06:00:00,2025-03-04 10:00:00,0.89664,0.89712,2025-04-02 09:00:00,0.89728,0.9028799999999999,0.8913852631578948,2025-04-02 21:00:00,0.8913852631578948,loss,-1.0,wickdiffs_M_H4_ALL_20260121_202249.csv,57.76515151515149,1.0
M,ALL,H4,H12,AUDCAD,long,2025-04-01,2025-05-01,0.84416,0.88334,0.03917999999999999,2025-04-22 17:00:00,2025-04-22 21:00:00,0.87901,0.87924,2025-06-23 09:00:00,0.88714,0.92252,0.840242,2025-09-11 21:00:00,0.92252,win,0.754403172843191,wickdiffs_M_H4_ALL_20260121_202249.csv,78.69393939393936,1.0
M,ALL,H4,H12,AUDCAD,short,2015-01-01,2015-02-02,0.98859,1.00865,0.020060000000000078,2015-01-22 10:00:00,2015-01-22 14:00:00,1.00415,1.00467,2015-12-21 10:00:00,1.00381,0.9685299999999999,1.0409468421052634,2016-02-26 10:00:00,0.9685299999999999,win,0.95,wickdiffs_M_H4_ALL_20260121_202249.csv,87.56439393939392,1.0
M,ALL,H4,H12,AUDCAD,short,2015-06-01,2015-07-01,0.962915,0.971755,0.00884000000000007,2015-06-03 17:00:00,2015-06-03 21:00:00,0.96972,0.97015,2015-08-03 21:00:00,0.96902,0.9540749999999999,0.9847515789473685,2015-08-11 21:00:00,0.9540749999999999,win,0.95,wickdiffs_M_H4_ALL_20260121_202249.csv,90.66287878787875,1.0
M,ALL,H4,H12,AUDCAD,short,2016-07-01,2016-08-01,0.99106,1.0118,0.02073999999999998,2016-08-11 17:00:00,2016-08-11 21:00:00,1.00039,1.00067,2016-09-21 09:00:00,0.99882,0.9703200000000001,1.02882,2016-11-02 09:00:00,1.02882,loss,-1.0,wickdiffs_M_H4_ALL_20260121_202249.csv,82.32121212121214,1.0
M,ALL,H4,H12,AUDCAD,short,2019-03-01,2019-04-01,0.94733,0.96146,0.014129999999999976,2019-04-18 01:00:00,2019-04-18 05:00:00,0.96016,0.96084,2020-07-21 09:00:00,0.9594,0.9332,0.9869789473684211,2020-10-14 21:00:00,0.9332,win,0.95,wickdiffs_M_H4_ALL_20260121_202249.csv,73.32272727272729,1.0
M,ALL,H4,H12,AUDCAD,short,2020-12-01,2021-01-01,0.9791,0.99012,0.01102000000000003,2021-01-14 14:00:00,2021-01-14 18:00:00,0.98516,0.98546,2021-02-11 22:00:00,0.98462,0.9680799999999999,1.0020305263157896,2021-03-08 10:00:00,0.9680799999999999,win,0.95,wickdiffs_M_H4_ALL_20260121_202249.csv,58.81969696969691,1.0
M,ALL,H4,H12,AUDCAD,short,2021-08-02,2021-09-01,0.9229,0.93769,0.01478999999999997,2021-09-20 09:00:00,2021-09-20 13:00:00,0.93129,0.93162,2021-10-26 21:00:00,0.93032,0.9081100000000001,0.9536989473684211,2021-11-25 22:00:00,0.9081100000000001,win,0.95,wickdiffs_M_H4_ALL_20260121_202249.csv,53.08939393939396,1.0
M,ALL,H4,H12,AUDCAD,short,2025-06-02,2025-07-01,0.89435,0.90226,0.007909999999999973,2025-07-11 01:00:00,2025-07-11 05:00:00,0.90222,0.90226,2025-08-13 09:00:00,0.90062,0.88644,0.9155463157894737,2025-09-09 21:00:00,0.9155463157894737,loss,-1.0,wickdiffs_M_H4_ALL_20260121_202249.csv,55.98333333333332,1.0
M,ALL,H4,H12,AUDCHF,long,2015-05-01,2015-06-01,0.708095,0.71867,0.010575000000000001,2015-06-17 13:00:00,2015-06-17 17:00:00,0.709095,0.709835,2015-07-02 21:00:00,0.70998,0.729245,0.689701052631579,2015-08-07 09:00:00,0.729245,win,0.95,wickdiffs_M_H4_ALL_20260121_202249.csv,97.52499999999988,1.0
M,ALL,H4,H12,AUDCHF,long,2016-02-01,2016-03-01,0.67534,0.71296,0.03761999999999999,2016-02-24 14:00:00,2016-02-24 18:00:00,0.70668,0.70709,2016-05-13 09:00:00,0.709085,0.75058,0.6654060526315788,2016-07-12 09:00:00,0.75058,win,0.95,wickdiffs_M_H4_ALL_20260121_202249.csv,96.61439393939396,1.0
M,ALL,H4,H12,AUDCHF,long,2018-06-01,2018-07-02,0.7276,0.73368,0.006079999999999974,2018-07-26 21:00:00,2018-07-27 01:00:00,0.73296,0.73318,2018-08-01 09:00:00,0.7346,0.73976,0.7269920000000001,2018-08-06 21:00:00,0.73976,win,0.6782334384858014,wickdiffs_M_H4_ALL_20260121_202249.csv,60.26212121212129,1.0
M,ALL,H4,H12,AUDCHF,long,2018-12-03,2019-01-01,0.66488,0.69204,0.027159999999999962,2019-01-03 18:00:00,2019-01-03 22:00:00,0.68949,0.69088,2019-05-23 21:00:00,0.69172,0.7192,0.662164,2019-08-04 21:00:00,0.662164,loss,-1.0,wickdiffs_M_H4_ALL_20260121_202249.csv,50.6,1.0
M,ALL,H4,H12,AUDCHF,long,2019-08-01,2019-09-02,0.65006,0.66682,0.016759999999999997,2019-09-03 09:00:00,2019-09-03 13:00:00,0.66514,0.6653,2019-10-01 09:00:00,0.66575,0.68358,0.6469815789473684,2019-10-30 21:00:00,0.68358,win,0.95,wickdiffs_M_H4_ALL_20260121_202249.csv,54.49242424242431,1.0
M,ALL,H4,H12,AUDCHF,long,2019-11-01,2019-12-02,0.66884,0.67626,0.007419999999999982,2019-12-18 06:00:00,2019-12-18 10:00:00,0.6707,0.67124,2020-01-06 10:00:00,0.67172,0.68368,0.6591305263157895,2020-01-26 22:00:00,0.6591305263157895,loss,-1.0,wickdiffs_M_H4_ALL_20260121_202249.csv,45.33787878787886,1.0
M,ALL,H4,H12,AUDCHF,long,2020-03-02,2020-04-01,0.53433,0.58957,0.05524000000000007,2020-04-03 17:00:00,2020-04-05 21:00:00,0.58463,0.58537,2023-04-26 09:00:00,0.58852,0.6448100000000001,0.528806,2025-04-04 09:00:00,0.528806,loss,-1.0,wickdiffs_M_H4_ALL_20260121_202249.csv,58.13181818181818,1.0
M,ALL,H4,H12,AUDCHF,long,2023-10-02,2023-11-01,0.56136,0.57688,0.015519999999999978,2023-10-31 01:00:00,2023-10-31 05:00:00,0.57231,0.57234,2023-12-06 22:00:00,0.57393,0.5923999999999999,0.5544878947368422,2024-03-20 21:00:00,0.5923999999999999,win,0.95,wickdiffs_M_H4_ALL_20260121_202249.csv,43.94848484848491,1.0
M,ALL,H4,H12,AUDCHF,long,2024-07-01,2024-08-01,0.53656,0.57423,0.03766999999999998,2024-08-08 05:00:00,2024-08-08 09:00:00,0.56079,0.56166,2024-09-10 21:00:00,0.56314,0.6119,0.5118136842105263,2025-04-06 21:00:00,0.5118136842105263,loss,-1.0,wickdiffs_M_H4_ALL_20260121_202249.csv,52.88181818181812,1.0
M,ALL,H4,H12,AUDCHF,short,2016-10-03,2016-11-01,0.752635,0.76647,0.01383499999999993,2016-11-25 18:00:00,2016-11-27 22:00:00,0.75484,0.75567,2016-12-04 22:00:00,0.75327,0.7388000000000001,0.7685015789473683,2016-12-22 10:00:00,0.7388000000000001,win,0.95,wickdiffs_M_H4_ALL_20260121_202249.csv,76.09999999999998,1.0
M,ALL,H4,H12,AUDCHF,short,2018-04-02,2018-05-01,0.74612,0.75834,0.012220000000000009,2018-05-25 05:00:00,2018-05-25 09:00:00,0.75326,0.75388,2018-06-03 21:00:00,0.75253,0.7339,0.7721405263157896,2018-06-18 21:00:00,0.7339,win,0.95,wickdiffs_M_H4_ALL_20260121_202249.csv,59.24545454545459,1.0
M,ALL,H4,H12,AUDCHF,short,2020-06-01,2020-07-01,0.65395,0.67434,0.02039000000000002,2020-07-22 09:00:00,2020-07-22 13:00:00,0.66733,0.66872,2020-08-31 09:00:00,0.66658,0.63356,0.701337894736842,2021-02-19 10:00:00,0.701337894736842,loss,-1.0,wickdiffs_M_H4_ALL_20260121_202249.csv,62.07121212121212,1.0
M,ALL,H4,H12,AUDCHF,short,2022-03-01,2022-04-01,0.6906,0.70946,0.018859999999999988,2022-04-29 09:00:00,2022-04-29 13:00:00,0.69718,0.69732,2022-05-02 21:00:00,0.6949,0.67174,0.719278947368421,2022-06-17 09:00:00,0.67174,win,0.95,wickdiffs_M_H4_ALL_20260121_202249.csv,66.9772727272727,1.0
M,ALL,H4,H12,AUDCHF,short,2023-06-01,2023-07-03,0.59614,0.61691,0.020769999999999955,2023-07-06 05:00:00,2023-07-06 09:00:00,0.59899,0.60001,2024-04-04 09:00:00,0.59378,0.57537,0.618987,2024-04-18 21:00:00,0.57537,win,0.7303526798111613,wickdiffs_M_H4_ALL_20260121_202249.csv,37.12878787878784,1.0
M,ALL,H4,H12,AUDCHF,short,2024-05-01,2024-06-03,0.60034,0.60999,0.009650000000000047,2024-05-29 13:00:00,2024-05-29 17:00:00,0.60501,0.60506,2024-07-03 09:00:00,0.60448,0.5906899999999999,0.6189957894736843,2024-07-22 09:00:00,0.5906899999999999,win,0.95,wickdiffs_M_H4_ALL_20260121_202249.csv,41.96818181818171,1.0
M,ALL,H4,H12,AUDCHF,short,2025-01-01,2025-02-03,0.56383,0.57628,0.012449999999999961,2025-02-26 06:00:00,2025-02-26 10:00:00,0.56602,0.56698,2025-03-05 22:00:00,0.56115,0.5513800000000001,0.5775250000000001,2025-03-10 21:00:00,0.5513800000000001,win,0.5966412213740414,wickdiffs_M_H4_ALL_20260121_202249.csv,44.0560606060606,1.0
M,ALL,H4,H12,AUDJPY,long,2017-08-01,2017-09-01,85.454,87.385,1.9310000000000116,2017-09-08 17:00:00,2017-09-10 21:00:00,86.676,86.8505,2017-10-30 09:00:00,87.011,89.31600000000002,84.58468421052629,2017-11-19 22:00:00,84.58468421052629,loss,-1.0,wickdiffs_M_H4_ALL_20260121_202249.csv,73.74242424242418,1.0
M,ALL,H4,H12,AUDJPY,long,2018-03-01,2018-04-02,80.501,81.642,1.1409999999999911,2018-04-04 05:00:00,2018-04-04 09:00:00,81.254,81.267,2018-05-08 09:00:00,81.336,82.78299999999999,79.81284210526317,2018-05-13 21:00:00,82.78299999999999,win,0.95,wickdiffs_M_H4_ALL_20260121_202249.csv,85.24848484848481,1.0
M,ALL,H4,H12,AUDJPY,long,2018-06-01,2018-07-02,80.63,81.99,1.3599999999999994,2018-06-28 09:00:00,2018-06-28 13:00:00,80.834,80.846,2018-08-09 21:00:00,80.934,83.35,78.39084210526316,2018-12-02 22:00:00,83.35,win,0.95,wickdiffs_M_H4_ALL_20260121_202249.csv,77.26060606060618,1.0
M,ALL,H4,H12,AUDJPY,long,2018-12-03,2019-01-01,71.032,77.26,6.228000000000009,2019-01-03 18:00:00,2019-01-03 22:00:00,75.192,75.24,2019-05-30 21:00:00,75.254,83.48800000000001,66.58663157894736,2020-03-08 21:00:00,66.58663157894736,loss,-1.0,wickdiffs_M_H4_ALL_20260121_202249.csv,62.17575757575749,1.0
M,ALL,H4,H12,AUDJPY,long,2019-05-01,2019-06-03,73.928,75.114,1.186000000000007,2019-06-25 01:00:00,2019-06-25 05:00:00,74.339,74.354,2019-07-31 09:00:00,74.461,76.30000000000001,72.52521052631577,2019-08-01 21:00:00,72.52521052631577,loss,-1.0,wickdiffs_M_H4_ALL_20260121_202249.csv,54.19545454545469,1.0
M,ALL,H4,H12,AUDJPY,long,2023-08-01,2023-09-01,92.792,94.364,1.5720000000000027,2023-08-25 01:00:00,2023-08-25 05:00:00,93.498,93.532,2023-10-03 09:00:00,93.952,95.936,91.86357894736841,2023-10-31 09:00:00,95.936,win,0.95,wickdiffs_M_H4_ALL_20260121_202249.csv,91.1318181818181,1.0
M,ALL,H4,H12,AUDJPY,long,2023-12-01,2024-01-01,93.74,96.04,2.3000000000000114,2023-12-18 22:00:00,2023-12-19 02:00:00,95.485,95.664,2024-02-01 10:00:00,96.234,98.34000000000002,93.50999999999999,2024-02-19 22:00:00,98.34000000000002,win,0.7731277533039721,wickdiffs_M_H4_ALL_20260121_202249.csv,79.89242424242418,1.0
M,ALL,H4,H12,AUDJPY,long,2024-07-01,2024-08-01,90.139,98.066,7.927000000000007,2024-08-09 17:00:00,2024-08-11 21:00:00,96.22,96.341,2024-09-04 21:00:00,96.644,105.99300000000001,86.80294736842106,2025-04-06 21:00:00,86.80294736842106,loss,-1.0,wickdiffs_M_H4_ALL_20260121_202249.csv,122.010606060606,1.0
M,ALL,H4,H12,AUDJPY,short,2016-08-01,2016-09-01,77.7505,79.132,1.3815000000000026,2016-09-08 05:00:00,2016-09-08 09:00:00,78.493,78.605,2016-10-03 21:00:00,78.4475,76.369,80.63539473684212,2016-10-31 21:00:00,80.63539473684212,loss,-1.0,wickdiffs_M_H4_ALL_20260121_202249.csv,95.92878787878784,1.0
M,ALL,H4,H12,AUDJPY,short,2016-11-01,2016-12-01,84.52,87.535,3.0150000000000006,2016-12-15 06:00:00,2016-12-15 10:00:00,87.298,87.535,2017-02-12 22:00:00,87.275,81.505,93.34868421052633,2017-04-19 09:00:00,81.505,win,0.95,wickdiffs_M_H4_ALL_20260121_202249.csv,94.86515151515152,1.0
M,ALL,H4,H12,AUDJPY,short,2018-05-01,2018-06-01,82.349,84.538,2.188999999999993,2018-06-14 09:00:00,2018-06-14 13:00:00,83.364,83.375,2018-07-12 09:00:00,83.359,80.16000000000001,86.72636842105261,2018-08-12 21:00:00,80.16000000000001,win,0.95,wickdiffs_M_H4_ALL_20260121_202249.csv,74.66515151515155,1.0
M,ALL,H4,H12,AUDJPY,short,2019-01-01,2019-02-01,79.2,79.844,0.6439999999999912,2019-02-26 14:00:00,2019-02-26 18:00:00,79.546,79.558,2019-03-01 10:00:00,79.229,78.55600000000001,80.0996212121212,2019-03-05 22:00:00,78.55600000000001,win,0.7730112598109881,wickdiffs_M_H4_ALL_20260121_202249.csv,87.0621212121212,1.0
M,ALL,H4,H12,AUDJPY,short,2019-10-01,2019-11-01,74.477,75.674,1.1970000000000027,2019-11-12 02:00:00,2019-11-12 06:00:00,74.826,74.944,2019-12-02 22:00:00,74.79,73.28,76.37947368421054,2019-12-27 10:00:00,76.37947368421054,loss,-1.0,wickdiffs_M_H4_ALL_20260121_202249.csv,58.58939393939384,1.0
M,ALL,H4,H12,AUDJPY,short,2023-01-02,2023-02-01,91.767,93.048,1.281000000000006,2023-02-28 10:00:00,2023-02-28 14:00:00,92.177,92.197,2023-03-02 22:00:00,92.016,90.48599999999999,93.62652631578949,2023-03-07 10:00:00,90.48599999999999,win,0.9499999999999998,wickdiffs_M_H4_ALL_20260121_202249.csv,112.6803030303031,1.0
M,ALL,H4,H12,AUDJPY,short,2025-07-01,2025-08-01,96.86,97.434,0.5739999999999981,2025-07-31 21:00:00,2025-08-01 01:00:00,96.97,97.072,2025-09-02 21:00:00,96.954,96.286,97.71799999999999,2025-09-10 09:00:00,97.71799999999999,loss,-1.0,wickdiffs_M_H4_ALL_20260121_202249.csv,76.39999999999992,1.0
M,ALL,H4,H12,AUDNZD,long,2015-07-01,2015-08-03,1.089805,1.10786,0.018055000000000154,2015-08-26 01:00:00,2015-08-26 05:00:00,1.094635,1.09611,2015-09-03 09:00:00,1.09655,1.1259150000000002,1.06563947368421,2015-09-10 09:00:00,1.1259150000000002,win,0.95,wickdiffs_M_H4_ALL_20260121_202249.csv,112.7863636363636,1.0
M,ALL,H4,H12,AUDNZD,long,2016-02-01,2016-03-01,1.05719,1.083445,0.026254999999999917,2016-02-11 18:00:00,2016-02-11 22:00:00,1.05719,1.05724,2016-06-03 09:00:00,1.05923,1.1097,1.0061036842105262,2017-09-01 09:00:00,1.1097,win,0.95,wickdiffs_M_H4_ALL_20260121_202249.csv,90.55303030303044,1.0
M,ALL,H4,H12,AUDNZD,long,2018-12-03,2019-01-01,1.00415,1.04972,0.04556999999999989,2019-01-03 18:00:00,2019-01-03 22:00:00,1.0459,1.04608,2019-02-04 22:00:00,1.0514,1.0952899999999999,0.9995930000000001,2020-03-18 09:00:00,0.9995930000000001,loss,-1.0,wickdiffs_M_H4_ALL_20260121_202249.csv,63.23030303030291,1.0
M,ALL,H4,H12,AUDNZD,long,2019-02-01,2019-03-01,1.02762,1.0421,0.014480000000000048,2019-03-24 21:00:00,2019-03-25 01:00:00,1.02762,1.02766,2019-08-05 21:00:00,1.03696,1.05658,1.0163073684210528,2019-08-18 21:00:00,1.05658,win,0.95,wickdiffs_M_H4_ALL_20260121_202249.csv,45.15757575757579,1.0
M,ALL,H4,H12,AUDNZD,long,2022-02-01,2022-03-01,1.06194,1.07204,0.010099999999999998,2022-03-17 01:00:00,2022-03-17 05:00:00,1.0671,1.06792,2022-12-01 10:00:00,1.0691,1.08214,1.0553736842105261,2022-12-06 22:00:00,1.0553736842105261,loss,-1.0,wickdiffs_M_H4_ALL_20260121_202249.csv,73.4590909090909,1.0
M,ALL,H4,H12,AUDNZD,long,2022-12-01,2023-01-02,1.04712,1.07354,0.026419999999999888,2022-12-30 10:00:00,2022-12-30 14:00:00,1.06794,1.06948,2023-03-13 21:00:00,1.07117,1.0999599999999998,1.0408647368421053,2023-06-06 21:00:00,1.0999599999999998,win,0.95,wickdiffs_M_H4_ALL_20260121_202249.csv,70.64848484848494,1.0
M,ALL,H4,H12,AUDNZD,long,2025-05-01,2025-06-02,1.07272,1.07878,0.006060000000000176,2025-06-29 21:00:00,2025-06-30 01:00:00,1.07641,1.07673,2025-07-01 09:00:00,1.07948,1.0848400000000002,1.0721139999999998,2025-07-07 21:00:00,1.0848400000000002,win,0.7276676622318903,wickdiffs_M_H4_ALL_20260121_202249.csv,56.41666666666704,1.0
M,ALL,H4,H12,AUDNZD,short,2018-06-01,2018-07-02,1.09338,1.09924,0.005859999999999976,2018-07-19 01:00:00,2018-07-19 05:00:00,1.09428,1.0945,2018-08-02 21:00:00,1.09216,1.08752,1.099826,2018-08-06 21:00:00,1.099826,loss,-1.0,wickdiffs_M_H4_ALL_20260121_202249.csv,57.89393939393931,1.0
M,ALL,H4,H12,AUDNZD,short,2019-01-01,2019-02-01,1.05144,1.06704,0.015600000000000058,2019-01-22 06:00:00,2019-01-22 10:00:00,1.06224,1.06311,2019-04-12 09:00:00,1.06066,1.0358399999999999,1.0867863157894737,2019-08-05 09:00:00,1.0358399999999999,win,0.95,wickdiffs_M_H4_ALL_20260121_202249.csv,52.95,1.0
M,ALL,H4,H12,AUDNZD,short,2021-10-01,2021-11-01,1.04834,1.06124,0.012899999999999912,2021-10-13 13:00:00,2021-10-13 17:00:00,1.06028,1.0605,2021-12-22 22:00:00,1.05938,1.0354400000000001,1.0845799999999999,2022-03-27 21:00:00,1.0845799999999999,loss,-1.0,wickdiffs_M_H4_ALL_20260121_202249.csv,56.06212121212134,1.0
M,ALL,H4,H12,AUDNZD,short,2023-06-01,2023-07-03,1.08527,1.10548,0.02021000000000006,2023-07-27 05:00:00,2023-07-27 09:00:00,1.08918,1.08992,2023-08-30 21:00:00,1.08757,1.06506,1.1112647368421051,2023-10-08 21:00:00,1.06506,win,0.95,wickdiffs_M_H4_ALL_20260121_202249.csv,58.07121212121193,1.0
M,ALL,H4,H12,AUDNZD,short,2024-10-01,2024-11-01,1.10108,1.11806,0.016979999999999995,2024-11-26 18:00:00,2024-11-26 22:00:00,1.1098,1.11102,2025-01-03 10:00:00,1.10774,1.0841,1.1326242105263156,2025-04-04 09:00:00,1.0841,win,0.95,wickdiffs_M_H4_ALL_20260121_202249.csv,45.20757575757596,1.0
M,ALL,H4,H12,AUDNZD,short,2024-12-02,2025-01-01,1.10646,1.1103,0.0038400000000000656,2025-01-24 02:00:00,2025-01-24 06:00:00,1.10768,1.10774,2025-02-04 10:00:00,1.10688,1.10262,1.111364210526316,2025-02-10 10:00:00,1.111364210526316,loss,-1.0,wickdiffs_M_H4_ALL_20260121_202249.csv,42.17727272727288,1.0
M,ALL,H4,H12,AUDUSD,long,2016-01-01,2016-02-01,0.68274,0.70836,0.025619999999999976,2016-02-11 06:00:00,2016-02-11 10:00:00,0.69844,0.70291,2018-10-25 21:00:00,0.70345,0.73398,0.6713131578947369,2018-11-29 10:00:00,0.73398,win,0.95,wickdiffs_M_H4_ALL_20260121_202249.csv,58.77424242424244,1.0
M,ALL,H4,H12,AUDUSD,long,2018-06-01,2018-07-02,0.73106,0.7407,0.009639999999999982,2018-07-20 05:00:00,2018-07-20 09:00:00,0.73538,0.73546,2018-08-02 21:00:00,0.73579,0.75034,0.7204742105263159,2018-08-14 21:00:00,0.7204742105263159,loss,-1.0,wickdiffs_M_H4_ALL_20260121_202249.csv,62.89545454545441,1.0
M,ALL,H4,H12,AUDUSD,long,2018-08-01,2018-09-03,0.70853,0.71922,0.010689999999999977,2018-09-17 21:00:00,2018-09-18 01:00:00,0.71444,0.71599,2018-10-02 21:00:00,0.71606,0.72991,0.7014810526315791,2018-11-07 10:00:00,0.72991,win,0.95,wickdiffs_M_H4_ALL_20260121_202249.csv,62.61060606060601,1.0
M,ALL,H4,H12,AUDUSD,long,2019-02-01,2019-03-01,0.70034,0.70941,0.009070000000000022,2019-03-19 21:00:00,2019-03-20 01:00:00,0.70568,0.706,2019-04-02 09:00:00,0.70712,0.71848,0.6951621052631578,2019-04-12 09:00:00,0.71848,win,0.95,wickdiffs_M_H4_ALL_20260121_202249.csv,60.30757575757568,1.0
M,ALL,H4,H12,AUDUSD,long,2022-04-01,2022-05-02,0.6829,0.7061,0.0232,2022-05-12 17:00:00,2022-05-12 21:00:00,0.6829,0.68544,2022-06-14 09:00:00,0.68714,0.7293,0.6427610526315789,2022-09-27 09:00:00,0.6427610526315789,loss,-1.0,wickdiffs_M_H4_ALL_20260121_202249.csv,86.15454545454544,1.0
M,ALL,H4,H12,AUDUSD,long,2022-06-01,2022-07-01,0.66816,0.69046,0.022299999999999986,2022-07-24 21:00:00,2022-07-25 01:00:00,0.68787,0.68836,2022-08-05 09:00:00,0.6912,0.71276,0.66593,2022-08-11 09:00:00,0.71276,win,0.8531855955678631,wickdiffs_M_H4_ALL_20260121_202249.csv,89.9575757575757,1.0
M,ALL,H4,H12,AUDUSD,long,2024-02-01,2024-03-01,0.64428,0.64975,0.005470000000000086,2024-03-05 06:00:00,2024-03-05 10:00:00,0.64775,0.64856,2024-04-01 09:00:00,0.64901,0.6552200000000001,0.6424731578947367,2024-04-03 09:00:00,0.6552200000000001,win,0.9499999999999998,wickdiffs_M_H4_ALL_20260121_202249.csv,52.78333333333332,1.0
M,ALL,H4,H12,AUDUSD,long,2024-04-01,2024-05-01,0.63623,0.64729,0.01106000000000007,2024-04-19 17:00:00,2024-04-21 21:00:00,0.64133,0.64134,2024-08-04 21:00:00,0.64499,0.6583500000000001,0.630926842105263,2024-08-08 09:00:00,0.6583500000000001,win,0.95,wickdiffs_M_H4_ALL_20260121_202249.csv,48.25151515151506,1.0
M,ALL,H4,H12,AUDUSD,short,2016-09-01,2016-10-03,0.76593,0.77344,0.007510000000000017,2016-10-26 05:00:00,2016-10-26 09:00:00,0.76966,0.77052,2016-11-03 21:00:00,0.76774,0.75842,0.7775505263157895,2016-11-08 10:00:00,0.7775505263157895,loss,-1.0,wickdiffs_M_H4_ALL_20260121_202249.csv,69.35833333333342,1.0
M,ALL,H4,H12,AUDUSD,short,2018-09-03,2018-10-01,0.72195,0.73158,0.009630000000000027,2018-10-01 21:00:00,2018-10-02 01:00:00,0.72346,0.72384,2018-11-01 21:00:00,0.72336,0.71232,0.734981052631579,2018-12-02 22:00:00,0.734981052631579,loss,-1.0,wickdiffs_M_H4_ALL_20260121_202249.csv,59.0727272727273,1.0
M,ALL,H4,H12,AUDUSD,short,2024-03-01,2024-04-01,0.6516,0.66677,0.015170000000000017,2024-04-09 09:00:00,2024-04-09 13:00:00,0.66356,0.66444,2024-05-03 09:00:00,0.66097,0.6364299999999999,0.6868015789473684,2024-08-04 21:00:00,0.6364299999999999,win,0.95,wickdiffs_M_H4_ALL_20260121_202249.csv,52.82575757575755,1.0
M,ALL,H4,H12,CADCHF,long,2015-12-01,2016-01-01,0.6804,0.722735,0.04233500000000001,2016-01-21 02:00:00,2016-01-21 06:00:00,0.68896,0.69147,2016-02-10 22:00:00,0.692305,0.76507,0.6157102631578946,2016-04-20 09:00:00,0.76507,win,0.95,wickdiffs_M_H4_ALL_20260121_202249.csv,95.28409090909092,1.0
M,ALL,H4,H12,CADCHF,long,2018-02-01,2018-03-01,0.72243,0.73621,0.013780000000000014,2018-03-26 13:00:00,2018-03-26 17:00:00,0.73062,0.73248,2018-09-06 09:00:00,0.73434,0.74999,0.7178663157894736,2018-09-19 09:00:00,0.74999,win,0.95,wickdiffs_M_H4_ALL_20260121_202249.csv,51.58181818181816,1.0
M,ALL,H4,H12,CADCHF,long,2018-06-01,2018-07-02,0.73967,0.75416,0.014490000000000003,2018-06-25 13:00:00,2018-06-25 17:00:00,0.74065,0.741,2018-08-31 09:00:00,0.74284,0.76865,0.7156715789473682,2018-10-01 09:00:00,0.76865,win,0.95,wickdiffs_M_H4_ALL_20260121_202249.csv,53.03181818181815,1.0
M,ALL,H4,H12,CADCHF,long,2020-03-02,2020-04-01,0.66057,0.68348,0.022909999999999986,2020-04-22 01:00:00,2020-04-22 05:00:00,0.68138,0.68164,2020-05-01 09:00:00,0.68234,0.70639,0.6570242105263158,2020-05-27 09:00:00,0.70639,win,0.95,wickdiffs_M_H4_ALL_20260121_202249.csv,80.40757575757574,1.0
M,ALL,H4,H12,CADCHF,long,2021-11-01,2021-12-01,0.70975,0.71874,0.008990000000000054,2021-12-30 22:00:00,2021-12-31 02:00:00,0.71668,0.71698,2022-01-05 22:00:00,0.71856,0.7277300000000001,0.708851,2022-01-09 22:00:00,0.7277300000000001,win,0.9444844989185449,wickdiffs_M_H4_ALL_20260121_202249.csv,53.55909090909093,1.0
M,ALL,H4,H12,CADCHF,long,2025-04-01,2025-05-01,0.58278,0.59855,0.015770000000000062,2025-05-21 01:00:00,2025-05-21 05:00:00,0.59141,0.59169,2025-06-12 21:00:00,0.59668,0.6143200000000001,0.5781115789473683,2025-09-05 09:00:00,0.5781115789473683,loss,-1.0,wickdiffs_M_H4_ALL_20260121_202249.csv,60.36212121212128,1.0
M,ALL,H4,H12,CADCHF,long,2025-09-01,2025-10-01,0.56018,0.57178,0.011599999999999944,2025-10-21 05:00:00,2025-10-21 09:00:00,0.56344,0.5645,2025-11-13 10:00:00,0.56492,0.5833799999999999,0.5454884210526316,2025-12-08 10:00:00,0.5833799999999999,win,0.95,wickdiffs_M_H4_ALL_20260121_202249.csv,31.50757575757583,1.0
M,ALL,H4,H12,CADCHF,short,2017-09-01,2017-10-02,0.77633,0.79585,0.019519999999999982,2017-10-20 05:00:00,2017-10-20 09:00:00,0.7858,0.78714,2017-11-05 22:00:00,0.78525,0.75681,0.8151868421052632,2018-01-25 10:00:00,0.75681,win,0.95,wickdiffs_M_H4_ALL_20260121_202249.csv,67.15000000000002,1.0
M,ALL,H4,H12,CADCHF,short,2017-12-01,2018-01-01,0.77472,0.79132,0.01660000000000006,2018-01-11 22:00:00,2018-01-12 02:00:00,0.77985,0.780085,2018-05-06 21:00:00,0.77984,0.7581199999999999,0.8027031578947369,2018-05-29 09:00:00,0.7581199999999999,win,0.95,wickdiffs_M_H4_ALL_20260121_202249.csv,59.34999999999992,1.0
M,ALL,H4,H12,CADCHF,short,2020-05-01,2020-06-01,0.69784,0.72023,0.02239000000000002,2020-06-23 09:00:00,2020-06-23 13:00:00,0.69988,0.70184,2020-07-15 09:00:00,0.69904,0.67545,0.7238715789473684,2020-07-30 21:00:00,0.67545,win,0.95,wickdiffs_M_H4_ALL_20260121_202249.csv,60.57424242424241,1.0
M,ALL,H4,H12,CADCHF,short,2024-12-02,2025-01-01,0.63104,0.63854,0.007499999999999951,2025-01-24 18:00:00,2025-01-26 22:00:00,0.6311,0.63206,2025-02-03 10:00:00,0.63104,0.6235400000000001,0.63929,2025-02-11 10:00:00,0.63929,loss,-1.0,wickdiffs_M_H4_ALL_20260121_202249.csv,41.859090909091,1.0
M,ALL,H4,H12,CADJPY,long,2019-03-01,2019-04-01,81.635,83.044,1.4089999999999918,2019-03-24 21:00:00,2019-03-25 01:00:00,81.635,81.678,2019-05-07 21:00:00,81.798,84.45299999999999,79.00326315789475,2019-08-25 21:00:00,79.00326315789475,loss,-1.0,wickdiffs_M_H4_ALL_20260121_202249.csv,58.64545454545456,1.0
M,ALL,H4,H12,CADJPY,long,2020-03-02,2020-04-01,73.812,76.474,2.662000000000006,2020-04-21 05:00:00,2020-04-21 09:00:00,75.319,75.518,2020-05-03 21:00:00,75.704,79.13600000000001,72.09136842105261,2020-06-01 09:00:00,79.13600000000001,win,0.95,wickdiffs_M_H4_ALL_20260121_202249.csv,115.6939393939393,1.0
M,ALL,H4,H12,CADJPY,long,2022-12-01,2023-01-02,94.637,96.792,2.155000000000001,2023-01-31 10:00:00,2023-01-31 14:00:00,96.73,96.792,2023-02-01 10:00:00,97.004,98.947,94.4215,2023-02-12 22:00:00,98.947,win,0.752371732817034,wickdiffs_M_H4_ALL_20260121_202249.csv,130.5454545454545,1.0
M,ALL,H4,H12,CADJPY,long,2024-09-02,2024-10-01,102.814,106.198,3.3840000000000003,2024-10-01 13:00:00,2024-10-01 17:00:00,105.844,106.08,2024-12-02 10:00:00,106.506,109.582,102.47559999999999,2024-12-19 10:00:00,109.582,win,0.7631996824136519,wickdiffs_M_H4_ALL_20260121_202249.csv,117.1424242424243,1.0
M,ALL,H4,H12,CADJPY,short,2015-10-01,2015-11-02,92.233,93.262,1.0289999999999964,2015-11-20 10:00:00,2015-11-20 14:00:00,92.4275,92.5605,2015-12-01 10:00:00,91.984,91.20400000000001,93.3649,2015-12-07 10:00:00,91.20400000000001,win,0.5648490115142158,wickdiffs_M_H4_ALL_20260121_202249.csv,93.65454545454544,1.0
M,ALL,H4,H12,CADJPY,short,2016-03-01,2016-04-01,86.578,88.802,2.2240000000000038,2016-04-27 21:00:00,2016-04-28 01:00:00,88.766,88.802,2016-12-15 10:00:00,88.6205,84.354,93.11155263157896,2017-02-28 10:00:00,84.354,win,0.9499999999999998,wickdiffs_M_H4_ALL_20260121_202249.csv,100.5106060606061,1.0
M,ALL,H4,H12,CADJPY,short,2017-07-03,2017-08-01,88.3515,89.728,1.376499999999993,2017-07-26 13:00:00,2017-07-26 17:00:00,89.6455,89.728,2017-09-06 09:00:00,89.3385,86.97500000000001,91.82639473684209,2017-11-27 10:00:00,86.97500000000001,win,0.95,wickdiffs_M_H4_ALL_20260121_202249.csv,84.09545454545446,1.0
M,ALL,H4,H12,CADJPY,short,2017-09-01,2017-10-02,90.22,91.642,1.421999999999997,2017-09-27 09:00:00,2017-09-27 13:00:00,91.34,91.465,2018-01-05 10:00:00,91.0765,88.798,93.47492105263157,2018-01-10 10:00:00,88.798,win,0.95,wickdiffs_M_H4_ALL_20260121_202249.csv,63.60151515151523,1.0
M,ALL,H4,H12,CADJPY,short,2017-12-01,2018-01-01,89.624,91.582,1.9579999999999984,2018-01-08 18:00:00,2018-01-08 22:00:00,91.087,91.158,2021-05-28 09:00:00,90.971,87.666,94.44994736842106,2021-07-07 21:00:00,87.666,win,0.95,wickdiffs_M_H4_ALL_20260121_202249.csv,67.70454545454545,1.0
M,ALL,H4,H12,CADJPY,short,2020-06-01,2020-07-01,79.506,81.912,2.406000000000006,2020-07-23 05:00:00,2020-07-23 09:00:00,80.134,80.146,2020-08-11 09:00:00,80.076,77.1,83.20863157894736,2021-02-14 22:00:00,83.20863157894736,loss,-1.0,wickdiffs_M_H4_ALL_20260121_202249.csv,70.60606060606064,1.0
M,ALL,H4,H12,CADJPY,short,2022-08-01,2022-09-01,105.794,110.53,4.736000000000004,2022-09-22 01:00:00,2022-09-22 05:00:00,107.558,108.15,2022-10-13 21:00:00,107.124,101.05799999999999,113.50926315789474,2022-12-01 10:00:00,101.05799999999999,win,0.95,wickdiffs_M_H4_ALL_20260121_202249.csv,115.489393939394,1.0
M,ALL,H4,H12,CHFJPY,long,2015-03-02,2015-04-01,119.917,123.5355,3.6184999999999974,2015-04-13 09:00:00,2015-04-13 13:00:00,121.97,122.227,2015-09-03 21:00:00,122.276,127.154,117.14126315789473,2016-01-06 22:00:00,117.14126315789473,loss,-1.0,wickdiffs_M_H4_ALL_20260121_202249.csv,130.4636363636364,1.0
M,ALL,H4,H12,CHFJPY,long,2016-04-01,2016-05-02,109.844,110.846,1.0020000000000095,2016-05-27 09:00:00,2016-05-27 13:00:00,110.4735,110.563,2016-06-01 09:00:00,110.849,111.84800000000001,109.73141666666668,2016-06-02 09:00:00,109.73141666666668,loss,-1.0,wickdiffs_M_H4_ALL_20260121_202249.csv,111.7583333333334,1.0
M,ALL,H4,H12,CHFJPY,long,2017-07-03,2017-08-01,112.571,114.04,1.4690000000000083,2017-08-25 01:00:00,2017-08-25 05:00:00,113.518,113.546,2017-09-07 21:00:00,113.673,115.50900000000001,111.74036842105262,2017-09-15 09:00:00,115.50900000000001,win,0.95,wickdiffs_M_H4_ALL_20260121_202249.csv,84.18181818181837,1.0
M,ALL,H4,H12,CHFJPY,long,2019-01-01,2019-02-01,105.547,109.484,3.9369999999999976,2019-01-03 10:00:00,2019-01-03 14:00:00,108.628,108.649,2019-05-05 21:00:00,108.812,113.42099999999999,103.96042105263159,2020-01-13 22:00:00,113.42099999999999,win,0.95,wickdiffs_M_H4_ALL_20260121_202249.csv,54.39848484848473,1.0
M,ALL,H4,H12,CHFJPY,long,2021-06-01,2021-07-01,118.658,120.128,1.4699999999999989,2021-07-21 09:00:00,2021-07-21 13:00:00,119.376,119.532,2021-08-12 09:00:00,119.591,121.598,117.47836842105262,2021-10-10 21:00:00,121.598,win,0.9499999999999998,wickdiffs_M_H4_ALL_20260121_202249.csv,64.89545454545444,1.0
M,ALL,H4,H12,CHFJPY,long,2022-07-01,2022-08-01,137.164,140.022,2.858000000000004,2022-08-05 05:00:00,2022-08-05 09:00:00,139.086,139.182,2023-01-02 22:00:00,139.183,142.88,135.29142105263156,2023-01-04 10:00:00,142.88,win,0.95,wickdiffs_M_H4_ALL_20260121_202249.csv,165.5984848484848,1.0
M,ALL,H4,H12,CHFJPY,long,2022-12-01,2023-01-02,137.437,141.824,4.3870000000000005,2023-01-27 10:00:00,2023-01-27 14:00:00,140.61,140.673,2023-02-02 10:00:00,140.95,146.211,135.41210526315786,2023-02-28 10:00:00,146.211,win,0.95,wickdiffs_M_H4_ALL_20260121_202249.csv,170.1090909090907,1.0
M,ALL,H4,H12,CHFJPY,long,2023-12-01,2024-01-01,162.174,167.606,5.431999999999988,2024-01-02 18:00:00,2024-01-02 22:00:00,166.892,166.932,2024-03-27 09:00:00,167.33,173.03799999999998,161.32157894736847,2024-04-26 09:00:00,173.03799999999998,win,0.95,wickdiffs_M_H4_ALL_20260121_202249.csv,113.4833333333332,1.0
M,ALL,H4,H12,CHFJPY,long,2024-07-01,2024-08-01,166.824,170.746,3.921999999999997,2024-08-05 05:00:00,2024-08-05 09:00:00,166.824,167.098,2024-09-10 21:00:00,167.38,174.668,159.70842105263156,2024-10-22 21:00:00,174.668,win,0.95,wickdiffs_M_H4_ALL_20260121_202249.csv,141.5060606060606,1.0
M,ALL,H4,H12,CHFJPY,short,2015-01-01,2015-02-02,127.63,139.142,11.512,2015-01-27 10:00:00,2015-01-27 14:00:00,131.246,132.17,2015-05-07 09:00:00,129.913,116.118,144.43405263157896,2016-01-19 22:00:00,116.118,win,0.95,wickdiffs_M_H4_ALL_20260121_202249.csv,141.0128787878789,1.0
M,ALL,H4,H12,CHFJPY,short,2015-12-01,2016-01-01,120.2435,124.0345,3.790999999999997,2015-12-31 18:00:00,2016-01-03 22:00:00,120.3755,120.385,2021-05-06 09:00:00,120.216,116.4525,124.41359999999999,2021-10-20 09:00:00,124.41359999999999,loss,-1.0,wickdiffs_M_H4_ALL_20260121_202249.csv,65.27575757575751,1.0
M,ALL,H4,H12,EURAUD,long,2018-05-01,2018-06-01,1.52755,1.54507,0.01751999999999998,2018-06-06 17:00:00,2018-06-06 21:00:00,1.535,1.53533,2018-12-03 10:00:00,1.54304,1.56259,1.522461052631579,2018-12-05 22:00:00,1.56259,win,0.9499999999999998,wickdiffs_M_H4_ALL_20260121_202249.csv,104.9848484848485,1.0
M,ALL,H4,H12,EURAUD,long,2019-07-01,2019-08-01,1.58944,1.6181,0.02866000000000013,2019-07-23 17:00:00,2019-07-23 21:00:00,1.59143,1.59157,2019-09-12 09:00:00,1.61151,1.6467600000000002,1.574404736842105,2020-01-30 10:00:00,1.6467600000000002,win,0.95,wickdiffs_M_H4_ALL_20260121_202249.csv,107.1530303030306,1.0
M,ALL,H4,H12,EURAUD,long,2019-09-02,2019-10-01,1.5906,1.61464,0.02404000000000006,2019-10-31 09:00:00,2019-10-31 13:00:00,1.61264,1.61362,2019-11-01 09:00:00,1.61498,1.6386800000000001,1.588196,2020-01-30 10:00:00,1.6386800000000001,win,0.8848566308243702,wickdiffs_M_H4_ALL_20260121_202249.csv,114.1136363636364,1.0
M,ALL,H4,H12,EURAUD,long,2022-03-01,2022-04-01,1.4321,1.47888,0.046780000000000044,2022-04-27 13:00:00,2022-04-27 17:00:00,1.47716,1.47842,2022-05-02 21:00:00,1.47908,1.52566,1.427422,2022-05-09 21:00:00,1.52566,win,0.9016996399396043,wickdiffs_M_H4_ALL_20260121_202249.csv,154.3909090909092,1.0
M,ALL,H4,H12,EURAUD,long,2022-07-01,2022-08-01,1.42846,1.46315,0.03468999999999989,2022-08-30 17:00:00,2022-08-30 21:00:00,1.45992,1.46021,2022-09-01 09:00:00,1.46531,1.4978399999999998,1.4249910000000001,2022-09-27 21:00:00,1.4978399999999998,win,0.8068156452292996,wickdiffs_M_H4_ALL_20260121_202249.csv,146.389393939394,1.0
M,ALL,H4,H12,EURAUD,short,2018-06-01,2018-07-02,1.57733,1.58907,0.011740000000000084,2018-07-26 17:00:00,2018-07-26 21:00:00,1.57886,1.57911,2018-08-02 09:00:00,1.57382,1.5655899999999998,1.590244,2018-08-03 09:00:00,1.5655899999999998,win,0.5010959571359099,wickdiffs_M_H4_ALL_20260121_202249.csv,101.5015151515154,1.0
M,ALL,H4,H12,EURAUD,short,2018-08-01,2018-09-03,1.61348,1.63542,0.02194000000000007,2018-09-17 21:00:00,2018-09-18 01:00:00,1.6307,1.63337,2018-10-04 21:00:00,1.62668,1.59154,1.6636694736842104,2018-10-31 21:00:00,1.59154,win,0.95,wickdiffs_M_H4_ALL_20260121_202249.csv,93.73939393939403,1.0
M,ALL,H4,H12,EURAUD,short,2018-12-03,2019-01-01,1.62609,1.66893,0.04283999999999999,2019-01-03 18:00:00,2019-01-03 22:00:00,1.62872,1.63062,2019-06-10 21:00:00,1.62667,1.58325,1.673214,2019-08-06 21:00:00,1.673214,loss,-1.0,wickdiffs_M_H4_ALL_20260121_202249.csv,84.58484848484851,1.0
M,ALL,H4,H12,EURAUD,short,2019-06-03,2019-07-01,1.61953,1.64482,0.025290000000000035,2019-06-25 09:00:00,2019-06-25 13:00:00,1.63526,1.63528,2019-08-01 21:00:00,1.6344,1.5942399999999999,1.6766736842105265,2019-08-06 21:00:00,1.6766736842105265,loss,-1.0,wickdiffs_M_H4_ALL_20260121_202249.csv,83.78030303030323,1.0
M,ALL,H4,H12,EURAUD,short,2021-07-01,2021-08-02,1.61596,1.64366,0.027699999999999836,2021-08-27 09:00:00,2021-08-27 13:00:00,1.62238,1.62302,2021-09-21 09:00:00,1.62135,1.5882600000000002,1.6561815789473684,2021-10-06 09:00:00,1.5882600000000002,win,0.95,wickdiffs_M_H4_ALL_20260121_202249.csv,96.16818181818172,1.0
M,ALL,H4,H12,EURAUD,short,2022-10-03,2022-11-01,1.54494,1.57068,0.025740000000000096,2022-10-24 13:00:00,2022-10-24 17:00:00,1.56858,1.57068,2022-12-06 10:00:00,1.56504,1.5191999999999999,1.6132926315789475,2023-03-10 10:00:00,1.6132926315789475,loss,-1.0,wickdiffs_M_H4_ALL_20260121_202249.csv,157.681818181818,1.0
M,ALL,H4,H12,EURAUD,short,2025-06-02,2025-07-01,1.79083,1.80986,0.019030000000000102,2025-07-07 01:00:00,2025-07-07 05:00:00,1.80939,1.80986,2025-08-19 21:00:00,1.80884,1.7717999999999998,1.8478294736842107,2025-09-09 21:00:00,1.7717999999999998,win,0.95,wickdiffs_M_H4_ALL_20260121_202249.csv,111.5742424242425,1.0
M,ALL,H4,H12,EURCAD,long,2017-07-03,2017-08-01,1.44791,1.47784,0.029930000000000012,2017-07-20 05:00:00,2017-07-20 09:00:00,1.44791,1.45105,2017-09-06 09:00:00,1.456945,1.50777,1.4034449999999998,2017-10-25 09:00:00,1.50777,win,0.95,wickdiffs_M_H4_ALL_20260121_202249.csv,125.085606060606,1.0
M,ALL,H4,H12,EURCAD,long,2017-09-01,2017-10-02,1.44432,1.47337,0.02905000000000002,2017-10-06 09:00:00,2017-10-06 13:00:00,1.46674,1.4681,2019-07-05 09:00:00,1.46817,1.50242,1.4321173684210524,2020-02-18 10:00:00,1.4321173684210524,loss,-1.0,wickdiffs_M_H4_ALL_20260121_202249.csv,71.52727272727277,1.0
M,ALL,H4,H12,EURCAD,long,2020-04-01,2020-05-01,1.50537,1.52728,0.021909999999999874,2020-05-27 05:00:00,2020-05-27 09:00:00,1.50552,1.50768,2020-06-01 21:00:00,1.50882,1.5491899999999998,1.466325263157895,2020-07-14 09:00:00,1.5491899999999998,win,0.95,wickdiffs_M_H4_ALL_20260121_202249.csv,181.009090909091,1.0
M,ALL,H4,H12,EURCAD,long,2020-08-03,2020-09-01,1.54292,1.55744,0.014519999999999866,2020-09-09 17:00:00,2020-09-09 21:00:00,1.5512,1.55154,2020-10-08 09:00:00,1.55194,1.5719599999999998,1.5308663157894742,2020-12-20 22:00:00,1.5719599999999998,win,0.95,wickdiffs_M_H4_ALL_20260121_202249.csv,96.99848484848496,1.0
M,ALL,H4,H12,EURCAD,long,2020-11-02,2020-12-01,1.53137,1.55132,0.019950000000000134,2020-11-11 10:00:00,2020-11-11 14:00:00,1.53318,1.53354,2021-01-14 10:00:00,1.5365,1.5712700000000002,1.4998999999999998,2021-03-08 10:00:00,1.4998999999999998,loss,-1.0,wickdiffs_M_H4_ALL_20260121_202249.csv,92.90757575757576,1.0
M,ALL,H4,H12,EURCAD,long,2022-04-01,2022-05-02,1.33898,1.356,0.017020000000000035,2022-05-19 01:00:00,2022-05-19 05:00:00,1.34519,1.34592,2022-06-01 09:00:00,1.3483,1.3730200000000001,1.322278947368421,2022-07-07 09:00:00,1.322278947368421,loss,-1.0,wickdiffs_M_H4_ALL_20260121_202249.csv,123.3530303030301,1.0
M,ALL,H4,H12,EURCAD,long,2022-07-01,2022-08-01,1.28761,1.30875,0.02114000000000016,2022-08-29 17:00:00,2022-08-29 21:00:00,1.29918,1.3001,2022-09-04 21:00:00,1.30475,1.3298900000000002,1.278286842105263,2022-09-16 09:00:00,1.3298900000000002,win,0.95,wickdiffs_M_H4_ALL_20260121_202249.csv,110.1606060606061,1.0
M,ALL,H4,H12,EURCAD,long,2023-02-01,2023-03-01,1.42384,1.44311,0.0192699999999999,2023-02-16 06:00:00,2023-02-16 10:00:00,1.43037,1.43162,2023-06-06 21:00:00,1.43164,1.4623799999999998,1.399282105263158,2023-07-12 09:00:00,1.4623799999999998,win,0.95,wickdiffs_M_H4_ALL_20260121_202249.csv,99.06515151515136,1.0
M,ALL,H4,H12,EURCAD,short,2016-09-01,2016-10-03,1.47587,1.492475,0.01660499999999998,2016-10-07 17:00:00,2016-10-09 21:00:00,1.48938,1.48955,2016-11-02 09:00:00,1.48626,1.459265,1.514675789473684,2016-11-08 22:00:00,1.514675789473684,loss,-1.0,wickdiffs_M_H4_ALL_20260121_202249.csv,113.0628787878786,1.0
M,ALL,H4,H12,EURCAD,short,2019-08-01,2019-09-02,1.46265,1.49952,0.03686999999999996,2019-09-13 17:00:00,2019-09-15 21:00:00,1.47137,1.47161,2019-10-31 09:00:00,1.46792,1.42578,1.5122778947368418,2020-03-05 22:00:00,1.5122778947368418,loss,-1.0,wickdiffs_M_H4_ALL_20260121_202249.csv,89.23030303030293,1.0
M,ALL,H4,H12,EURCAD,short,2020-05-01,2020-06-01,1.52917,1.55338,0.024210000000000065,2020-06-16 05:00:00,2020-06-16 09:00:00,1.5387,1.5395,2020-07-10 09:00:00,1.53607,1.5049599999999999,1.568817368421053,2020-07-27 09:00:00,1.568817368421053,loss,-1.0,wickdiffs_M_H4_ALL_20260121_202249.csv,122.6439393939394,1.0
M,ALL,H4,H12,EURCAD,short,2020-09-01,2020-10-01,1.5616,1.57394,0.012339999999999796,2020-10-29 09:00:00,2020-10-29 13:00:00,1.56554,1.567,2020-12-02 10:00:00,1.56513,1.5492600000000003,1.5818352631578942,2020-12-04 10:00:00,1.5492600000000003,win,0.95,wickdiffs_M_H4_ALL_20260121_202249.csv,90.9909090909091,1.0
M,ALL,H4,H12,EURCAD,short,2021-04-01,2021-05-03,1.47682,1.51931,0.04248999999999992,2021-05-04 09:00:00,2021-05-04 13:00:00,1.48285,1.48386,2021-06-20 21:00:00,1.48134,1.43433,1.530824210526316,2021-10-14 09:00:00,1.43433,win,0.95,wickdiffs_M_H4_ALL_20260121_202249.csv,83.94696969696976,1.0
M,ALL,H4,H12,EURCAD,short,2023-11-01,2023-12-01,1.47634,1.50446,0.028119999999999923,2023-12-01 02:00:00,2023-12-01 06:00:00,1.47752,1.47802,2024-03-05 22:00:00,1.47717,1.44822,1.5076436842105265,2024-08-02 09:00:00,1.5076436842105265,loss,-1.0,wickdiffs_M_H4_ALL_20260121_202249.csv,78.4787878787877,1.0
M,ALL,H4,H12,EURCAD,short,2024-05-01,2024-06-03,1.47844,1.49292,0.014480000000000048,2024-06-06 09:00:00,2024-06-06 13:00:00,1.49223,1.49235,2024-07-15 21:00:00,1.49166,1.46396,1.5208178947368423,2024-08-04 21:00:00,1.5208178947368423,loss,-1.0,wickdiffs_M_H4_ALL_20260121_202249.csv,58.12727272727275,1.0
M,ALL,H4,H12,EURCAD,short,2024-07-01,2024-08-01,1.49447,1.52281,0.028340000000000032,2024-08-21 17:00:00,2024-08-21 21:00:00,1.51611,1.51766,2024-09-19 21:00:00,1.51482,1.46613,1.5660726315789475,2024-11-21 10:00:00,1.46613,win,0.95,wickdiffs_M_H4_ALL_20260121_202249.csv,66.24090909090901,1.0
M,ALL,H4,H12,EURCAD,short,2025-04-01,2025-05-01,1.563,1.59614,0.03313999999999995,2025-05-29 13:00:00,2025-05-29 17:00:00,1.57064,1.57102,2025-06-02 21:00:00,1.56677,1.52986,1.6056226315789475,2025-06-25 21:00:00,1.6056226315789475,loss,-1.0,wickdiffs_M_H4_ALL_20260121_202249.csv,138.1151515151516,1.0
M,ALL,H4,H12,EURCHF,long,2015-01-01,2015-02-02,0.9714,1.03936,0.06796000000000002,2015-01-30 14:00:00,2015-01-30 18:00:00,1.03575,1.03724,2015-04-10 09:00:00,1.03853,1.10732,0.964604,2016-01-27 10:00:00,1.10732,win,0.9305251197143114,wickdiffs_M_H4_ALL_20260121_202249.csv,148.7537878787876,1.0
M,ALL,H4,H12,EURCHF,long,2015-03-02,2015-04-01,1.023445,1.04364,0.020194999999999963,2015-04-24 09:00:00,2015-04-24 13:00:00,1.032415,1.03272,2015-05-07 09:00:00,1.038465,1.0638349999999999,1.0117597368421054,2015-07-27 09:00:00,1.0638349999999999,win,0.95,wickdiffs_M_H4_ALL_20260121_202249.csv,88.135606060606,1.0
M,ALL,H4,H12,EURCHF,long,2017-08-01,2017-09-01,1.12592,1.141745,0.015824999999999978,2017-09-11 05:00:00,2017-09-11 09:00:00,1.13954,1.13957,2017-10-02 09:00:00,1.143605,1.15757,1.1243375,2017-10-18 09:00:00,1.15757,win,0.724795640326976,wickdiffs_M_H4_ALL_20260121_202249.csv,70.97424242424249,1.0
M,ALL,H4,H12,EURCHF,long,2021-12-01,2022-01-03,1.03002,1.03744,0.007419999999999982,2022-01-28 06:00:00,2022-01-28 10:00:00,1.0359,1.0365,2022-02-01 10:00:00,1.0383,1.04486,1.029278,2022-02-03 10:00:00,1.04486,win,0.7271115052094699,wickdiffs_M_H4_ALL_20260121_202249.csv,42.25757575757589,1.0
M,ALL,H4,H12,EURCHF,long,2022-07-01,2022-08-01,0.95529,0.97302,0.017730000000000024,2022-08-24 05:00:00,2022-08-24 09:00:00,0.95584,0.95696,2022-09-15 09:00:00,0.96138,0.99075,0.9304642105263158,2022-10-25 09:00:00,0.99075,win,0.95,wickdiffs_M_H4_ALL_20260121_202249.csv,76.17727272727274,1.0
M,ALL,H4,H12,EURCHF,long,2022-11-01,2022-12-01,0.9715,0.98382,0.012319999999999998,2022-12-29 10:00:00,2022-12-29 14:00:00,0.98247,0.98346,2023-01-03 22:00:00,0.98387,0.99614,0.970268,2023-01-11 10:00:00,0.99614,win,0.9020732245258051,wickdiffs_M_H4_ALL_20260121_202249.csv,64.54393939393941,1.0
M,ALL,H4,H12,EURCHF,short,2015-09-01,2015-10-01,1.087825,1.104965,0.017139999999999933,2015-10-28 09:00:00,2015-10-28 13:00:00,1.090185,1.09093,2015-11-26 22:00:00,1.089835,1.070685,1.1099928947368423,2016-01-28 10:00:00,1.1099928947368423,loss,-1.0,wickdiffs_M_H4_ALL_20260121_202249.csv,67.42727272727268,1.0
M,ALL,H4,H12,EURCHF,short,2017-07-03,2017-08-01,1.14496,1.1538,0.008839999999999959,2017-08-15 01:00:00,2017-08-15 05:00:00,1.1476,1.14782,2017-09-07 09:00:00,1.14282,1.13612,1.154684,2017-09-08 09:00:00,1.13612,win,0.5647336480107783,wickdiffs_M_H4_ALL_20260121_202249.csv,60.86287878787875,1.0
M,ALL,H4,H12,EURCHF,short,2017-11-01,2017-12-01,1.170775,1.17773,0.0069550000000000445,2017-12-27 10:00:00,2017-12-27 14:00:00,1.17741,1.17773,2018-01-04 10:00:00,1.17632,1.1638199999999999,1.1894778947368423,2018-01-25 10:00:00,1.1638199999999999,win,0.95,wickdiffs_M_H4_ALL_20260121_202249.csv,55.24469696969705,1.0
M,ALL,H4,H12,EURCHF,short,2020-05-01,2020-06-01,1.06748,1.09155,0.024070000000000036,2020-06-08 21:00:00,2020-06-09 01:00:00,1.0819,1.08292,2020-07-27 09:00:00,1.0811,1.04341,1.1207736842105263,2021-11-25 22:00:00,1.04341,win,0.95,wickdiffs_M_H4_ALL_20260121_202249.csv,51.74242424242424,1.0
M,ALL,H4,H12,EURCHF,short,2022-01-03,2022-02-01,1.04121,1.06118,0.019970000000000043,2022-02-23 06:00:00,2022-02-23 10:00:00,1.04506,1.04602,2022-05-06 09:00:00,1.04256,1.02124,1.0650021052631578,2022-06-15 21:00:00,1.02124,win,0.95,wickdiffs_M_H4_ALL_20260121_202249.csv,80.72878787878781,1.0
M,ALL,H4,H12,EURCHF,short,2025-01-01,2025-02-03,0.93746,0.95177,0.014310000000000045,2025-02-24 02:00:00,2025-02-24 06:00:00,0.94262,0.94281,2025-03-03 10:00:00,0.94053,0.9231499999999999,0.9588247368421053,2025-03-05 10:00:00,0.9588247368421053,loss,-1.0,wickdiffs_M_H4_ALL_20260121_202249.csv,45.59090909090912,1.0
M,ALL,H4,H12,EURCHF,short,2025-06-02,2025-07-01,0.93456,0.94293,0.0083700000000001,2025-06-24 01:00:00,2025-06-24 05:00:00,0.94254,0.94265,2025-08-06 21:00:00,0.9414,0.9261899999999998,0.9574105263157897,2025-10-15 21:00:00,0.9261899999999998,win,0.95,wickdiffs_M_H4_ALL_20260121_202249.csv,44.69090909090914,1.0
M,ALL,H4,H12,EURCHF,short,2025-08-01,2025-09-01,0.93492,0.94541,0.01049,2025-09-29 09:00:00,2025-09-29 13:00:00,0.93598,0.93652,2025-10-01 09:00:00,0.93504,0.92443,0.9464589999999999,2025-10-16 21:00:00,0.92443,win,0.9291531657763419,wickdiffs_M_H4_ALL_20260121_202249.csv,32.82272727272724,1.0
M,ALL,H4,H12,EURGBP,long,2018-04-02,2018-05-01,0.8621,0.8775,0.01539999999999997,2018-05-20 21:00:00,2018-05-21 01:00:00,0.87258,0.87276,2018-06-01 09:00:00,0.87344,0.8928999999999999,0.8529557894736843,2018-07-18 09:00:00,0.8928999999999999,win,0.95,wickdiffs_M_H4_ALL_20260121_202249.csv,49.73560606060612,1.0
M,ALL,H4,H12,EURGBP,long,2019-02-01,2019-03-01,0.84726,0.85746,0.010199999999999987,2019-03-28 01:00:00,2019-03-28 05:00:00,0.85275,0.85292,2019-04-01 09:00:00,0.85539,0.86766,0.8424742105263158,2019-04-16 21:00:00,0.86766,win,0.95,wickdiffs_M_H4_ALL_20260121_202249.csv,73.47121212121218,1.0
M,ALL,H4,H12,EURGBP,long,2021-07-01,2021-08-02,0.84503,0.8537,0.008670000000000067,2021-08-18 21:00:00,2021-08-19 01:00:00,0.85054,0.85068,2021-09-16 09:00:00,0.8532,0.8623700000000001,0.8435473684210525,2021-09-28 09:00:00,0.8623700000000001,win,0.95,wickdiffs_M_H4_ALL_20260121_202249.csv,37.94545454545455,1.0
M,ALL,H4,H12,EURGBP,long,2022-10-03,2022-11-01,0.8572,0.86184,0.0046400000000000885,2022-11-25 10:00:00,2022-11-25 14:00:00,0.85772,0.85807,2022-12-01 10:00:00,0.85894,0.8664800000000001,0.8499878787878788,2022-12-15 10:00:00,0.8664800000000001,win,0.8422584794529934,wickdiffs_M_H4_ALL_20260121_202249.csv,89.52121212121214,1.0
M,ALL,H4,H12,EURGBP,long,2023-05-01,2023-06-01,0.85186,0.85902,0.007160000000000055,2023-06-19 05:00:00,2023-06-19 09:00:00,0.85186,0.85239,2023-07-06 09:00:00,0.85503,0.8661800000000001,0.8432931578947367,2023-07-18 21:00:00,0.8661800000000001,win,0.95,wickdiffs_M_H4_ALL_20260121_202249.csv,42.85454545454554,1.0
M,ALL,H4,H12,EURGBP,long,2023-11-01,2023-12-01,0.85492,0.86248,0.007560000000000011,2023-12-11 10:00:00,2023-12-11 14:00:00,0.85492,0.85506,2024-01-23 10:00:00,0.85546,0.87004,0.8401126315789473,2024-06-14 09:00:00,0.8401126315789473,loss,-1.0,wickdiffs_M_H4_ALL_20260121_202249.csv,35.98939393939399,1.0
M,ALL,H4,H12,EURGBP,short,2017-01-02,2017-02-01,0.85839,0.88522,0.02683000000000002,2017-01-20 10:00:00,2017-01-20 14:00:00,0.86688,0.86724,2017-03-05 22:00:00,0.864755,0.83156,0.899697105263158,2017-04-18 09:00:00,0.83156,win,0.9499999999999998,wickdiffs_M_H4_ALL_20260121_202249.csv,79.60984848484847,1.0
M,ALL,H4,H12,EURGBP,short,2018-08-01,2018-09-03,0.89545,0.90985,0.01440000000000008,2018-09-21 17:00:00,2018-09-23 21:00:00,0.8987,0.89886,2018-12-09 22:00:00,0.8968,0.8810499999999999,0.9133789473684213,2019-01-17 10:00:00,0.8810499999999999,win,0.95,wickdiffs_M_H4_ALL_20260121_202249.csv,56.68636363636373,1.0
M,ALL,H4,H12,EURGBP,short,2019-03-01,2019-04-01,0.86064,0.8723,0.011660000000000004,2019-04-23 17:00:00,2019-04-23 21:00:00,0.86802,0.8682,2019-05-13 09:00:00,0.8662,0.84898,0.8843263157894736,2019-05-24 09:00:00,0.8843263157894736,loss,-1.0,wickdiffs_M_H4_ALL_20260121_202249.csv,62.35757575757573,1.0
M,ALL,H4,H12,EURGBP,short,2019-07-01,2019-08-01,0.91071,0.93246,0.021749999999999936,2019-08-22 01:00:00,2019-08-22 05:00:00,0.91472,0.91576,2019-09-02 21:00:00,0.91303,0.8889600000000001,0.9383668421052631,2019-09-12 09:00:00,0.8889600000000001,win,0.95,wickdiffs_M_H4_ALL_20260121_202249.csv,57.13181818181824,1.0
M,ALL,H4,H12,EURGBP,short,2020-06-01,2020-07-01,0.90582,0.91756,0.011740000000000084,2020-07-31 01:00:00,2020-07-31 05:00:00,0.90615,0.9063,2020-08-17 09:00:00,0.90587,0.8940799999999999,0.918734,2020-08-27 09:00:00,0.8940799999999999,win,0.9165111940298498,wickdiffs_M_H4_ALL_20260121_202249.csv,62.24242424242427,1.0
M,ALL,H4,H12,EURGBP,short,2020-09-01,2020-10-01,0.90762,0.92918,0.021560000000000024,2020-09-23 05:00:00,2020-09-23 09:00:00,0.92158,0.92181,2020-12-11 10:00:00,0.91577,0.88606,0.9470436842105263,2021-01-19 22:00:00,0.88606,win,0.9499999999999998,wickdiffs_M_H4_ALL_20260121_202249.csv,72.41666666666664,1.0
M,ALL,H4,H12,EURGBP,short,2022-03-01,2022-04-01,0.84201,0.85126,0.00924999999999998,2022-04-28 09:00:00,2022-04-28 13:00:00,0.84446,0.84606,2022-05-04 09:00:00,0.84056,0.8327600000000001,0.852185,2022-05-05 09:00:00,0.852185,loss,-1.0,wickdiffs_M_H4_ALL_20260121_202249.csv,56.49545454545448,1.0
M,ALL,H4,H12,EURGBP,short,2022-09-01,2022-10-03,0.87743,0.92785,0.05041999999999991,2022-10-21 09:00:00,2022-10-21 13:00:00,0.87797,0.87808,2022-11-04 09:00:00,0.87554,0.8270100000000001,0.9328919999999999,2024-11-11 10:00:00,0.8270100000000001,win,0.8461779885618615,wickdiffs_M_H4_ALL_20260121_202249.csv,83.2575757575758,1.0
M,ALL,H4,H12,EURGBP,short,2023-06-01,2023-07-03,0.85936,0.87014,0.010780000000000012,2023-07-24 21:00:00,2023-07-25 01:00:00,0.86362,0.86371,2023-08-03 09:00:00,0.86155,0.84858,0.8752026315789474,2023-10-31 09:00:00,0.8752026315789474,loss,-1.0,wickdiffs_M_H4_ALL_20260121_202249.csv,45.16818181818188,1.0
M,ALL,H4,H12,EURGBP,short,2024-02-01,2024-03-01,0.85586,0.86023,0.004370000000000096,2024-03-27 01:00:00,2024-03-27 05:00:00,0.85841,0.85854,2024-04-04 21:00:00,0.85762,0.8514899999999999,0.8640726315789476,2024-04-22 09:00:00,0.8640726315789476,loss,-1.0,wickdiffs_M_H4_ALL_20260121_202249.csv,28.75000000000013,1.0
M,ALL,H4,H12,EURGBP,short,2025-01-01,2025-02-03,0.83179,0.84736,0.015569999999999973,2025-01-27 10:00:00,2025-01-27 14:00:00,0.84151,0.84208,2025-03-07 10:00:00,0.83848,0.8162200000000001,0.8619115789473684,2025-04-08 21:00:00,0.8619115789473684,loss,-1.0,wickdiffs_M_H4_ALL_20260121_202249.csv,37.90757575757582,1.0
M,ALL,H4,H12,EURGBP,short,2025-04-01,2025-05-01,0.85004,0.87384,0.023799999999999932,2025-04-24 05:00:00,2025-04-24 09:00:00,0.85592,0.85654,2025-06-17 21:00:00,0.85498,0.8262400000000001,0.8852326315789472,2025-11-13 22:00:00,0.8852326315789472,loss,-1.0,wickdiffs_M_H4_ALL_20260121_202249.csv,48.1742424242424,1.0
M,ALL,H4,H12,EURJPY,long,2015-01-01,2015-02-02,130.1565,132.666,2.5095000000000027,2015-02-03 02:00:00,2015-02-03 06:00:00,132.3955,132.482,2015-03-04 10:00:00,132.607,135.1755,129.90331578947368,2015-03-10 09:00:00,129.90331578947368,loss,-1.0,wickdiffs_M_H4_ALL_20260121_202249.csv,157.5537878787879,1.0
M,ALL,H4,H12,EURJPY,long,2015-03-02,2015-04-01,126.097,128.933,2.8359999999999985,2015-04-14 05:00:00,2015-04-14 09:00:00,126.097,126.252,2016-01-21 10:00:00,127.9925,131.769,124.01723684210528,2016-01-28 22:00:00,131.769,win,0.95,wickdiffs_M_H4_ALL_20260121_202249.csv,106.357575757576,1.0
M,ALL,H4,H12,EURJPY,long,2016-07-01,2016-08-01,110.827,114.074,3.247,2016-08-17 21:00:00,2016-08-18 01:00:00,112.652,112.7075,2016-09-20 21:00:00,113.537,117.321,109.55384210526317,2016-11-15 22:00:00,117.321,win,0.95,wickdiffs_M_H4_ALL_20260121_202249.csv,147.3833333333334,1.0
M,ALL,H4,H12,EURJPY,long,2018-08-01,2018-09-03,124.902,128.904,4.001999999999995,2018-08-21 09:00:00,2018-08-21 13:00:00,126.851,126.875,2018-10-26 09:00:00,127.589,132.906,121.99215789473683,2019-01-02 22:00:00,121.99215789473683,loss,-1.0,wickdiffs_M_H4_ALL_20260121_202249.csv,107.1575757575755,1.0
M,ALL,H4,H12,EURJPY,long,2019-01-01,2019-02-01,118.484,124.622,6.138000000000005,2019-01-24 18:00:00,2019-01-24 22:00:00,123.794,123.795,2019-03-27 21:00:00,124.098,130.76,117.08536842105264,2019-08-25 21:00:00,117.08536842105264,loss,-1.0,wickdiffs_M_H4_ALL_20260121_202249.csv,91.28484848484862,1.0
M,ALL,H4,H12,EURJPY,long,2023-07-03,2023-08-01,151.412,156.455,5.043000000000006,2023-07-30 21:00:00,2023-07-31 01:00:00,155.112,155.222,2023-10-03 09:00:00,156.053,161.49800000000002,150.32142105263156,2023-11-08 10:00:00,161.49800000000002,win,0.95,wickdiffs_M_H4_ALL_20260121_202249.csv,123.5499999999997,1.0
M,ALL,H4,H12,EURJPY,short,2015-05-01,2015-06-01,136.452,141.057,4.60499999999999,2015-06-26 17:00:00,2015-06-28 21:00:00,138.354,138.4095,2015-08-11 09:00:00,138.1575,131.847,144.80013157894734,2015-10-28 21:00:00,131.847,win,0.9499999999999998,wickdiffs_M_H4_ALL_20260121_202249.csv,140.4045454545455,1.0
M,ALL,H4,H12,EURJPY,short,2023-02-01,2023-03-01,144.066,145.676,1.6099999999999852,2023-03-06 22:00:00,2023-03-07 02:00:00,145.418,145.442,2023-04-04 09:00:00,144.327,142.45600000000002,146.2964736842105,2023-04-11 21:00:00,146.2964736842105,loss,-1.0,wickdiffs_M_H4_ALL_20260121_202249.csv,163.4696969696971,1.0
M,ALL,H4,H12,EURJPY,short,2023-04-03,2023-05-01,150.083,151.614,1.531000000000006,2023-05-29 17:00:00,2023-05-29 21:00:00,150.432,150.566,2023-06-08 21:00:00,150.321,148.552,152.1831052631579,2023-06-14 21:00:00,152.1831052631579,loss,-1.0,wickdiffs_M_H4_ALL_20260121_202249.csv,145.9393939393937,1.0
M,ALL,H4,H12,EURJPY,short,2025-07-01,2025-08-01,172.101,173.902,1.8009999999999877,2025-08-13 01:00:00,2025-08-13 05:00:00,172.91,173.02,2025-09-01 21:00:00,172.856,170.3,175.54652631578946,2025-10-05 21:00:00,175.54652631578946,loss,-1.0,wickdiffs_M_H4_ALL_20260121_202249.csv,112.9136363636362,1.0
M,ALL,H4,H12,EURNZD,long,2016-04-01,2016-05-02,1.61039,1.64129,0.030899999999999928,2016-04-28 13:00:00,2016-04-28 17:00:00,1.62211,1.62544,2016-06-03 09:00:00,1.63419,1.6721899999999998,1.5941900000000002,2016-06-08 21:00:00,1.5941900000000002,loss,-1.0,wickdiffs_M_H4_ALL_20260121_202249.csv,176.069696969697,1.0
M,ALL,H4,H12,EURNZD,long,2016-11-01,2016-12-01,1.46922,1.495365,0.026145000000000085,2016-12-13 10:00:00,2016-12-13 14:00:00,1.46922,1.46989,2017-01-25 22:00:00,1.477115,1.5215100000000001,1.4303834210526314,2017-03-07 22:00:00,1.5215100000000001,win,0.95,wickdiffs_M_H4_ALL_20260121_202249.csv,137.1999999999999,1.0
M,ALL,H4,H12,EURNZD,long,2017-09-01,2017-10-02,1.6147,1.6385,0.023800000000000043,2017-10-17 05:00:00,2017-10-17 09:00:00,1.63634,1.63836,2018-12-03 10:00:00,1.6389,1.6623,1.61232,2018-12-07 10:00:00,1.6623,win,0.8803611738149001,wickdiffs_M_H4_ALL_20260121_202249.csv,118.7984848484851,1.0
M,ALL,H4,H12,EURNZD,long,2018-01-01,2018-02-01,1.65217,1.685695,0.03352500000000003,2018-02-26 02:00:00,2018-02-26 06:00:00,1.67834,1.67976,2018-04-04 21:00:00,1.68349,1.71922,1.6458794736842104,2018-04-24 09:00:00,1.71922,win,0.95,wickdiffs_M_H4_ALL_20260121_202249.csv,125.3939393939393,1.0
M,ALL,H4,H12,EURNZD,long,2019-07-01,2019-08-01,1.65272,1.6887,0.03598000000000012,2019-08-01 13:00:00,2019-08-01 17:00:00,1.68252,1.68324,2019-12-06 10:00:00,1.68436,1.7246800000000002,1.641917894736842,2020-02-25 22:00:00,1.7246800000000002,win,0.95,wickdiffs_M_H4_ALL_20260121_202249.csv,113.1651515151516,1.0
M,ALL,H4,H12,EURNZD,long,2020-06-01,2020-07-01,1.71643,1.74044,0.024010000000000087,2020-07-22 05:00:00,2020-07-22 09:00:00,1.72888,1.73219,2020-11-09 10:00:00,1.73274,1.76445,1.6993610526315788,2020-11-23 22:00:00,1.6993610526315788,loss,-1.0,wickdiffs_M_H4_ALL_20260121_202249.csv,133.8333333333334,1.0
M,ALL,H4,H12,EURNZD,long,2021-02-01,2021-03-01,1.6323,1.66916,0.03685999999999989,2021-03-22 09:00:00,2021-03-22 13:00:00,1.66066,1.66121,2021-05-05 21:00:00,1.67128,1.7060199999999999,1.628614,2021-06-17 21:00:00,1.7060199999999999,win,0.8142314723667486,wickdiffs_M_H4_ALL_20260121_202249.csv,117.731818181818,1.0
M,ALL,H4,H12,EURNZD,long,2021-08-02,2021-09-01,1.6533,1.67555,0.022250000000000103,2021-09-23 21:00:00,2021-09-24 01:00:00,1.65829,1.65945,2021-10-12 09:00:00,1.6637,1.6978000000000002,1.6278052631578945,2021-10-19 09:00:00,1.6278052631578945,loss,-1.0,wickdiffs_M_H4_ALL_20260121_202249.csv,119.6924242424241,1.0
M,ALL,H4,H12,EURNZD,long,2022-07-01,2022-08-01,1.58802,1.62576,0.03774000000000011,2022-08-29 01:00:00,2022-08-29 05:00:00,1.61927,1.6241,2022-09-04 21:00:00,1.62852,1.6635000000000002,1.584246,2022-09-13 09:00:00,1.6635000000000002,win,0.7900799566336968,wickdiffs_M_H4_ALL_20260121_202249.csv,151.889393939394,1.0
M,ALL,H4,H12,EURNZD,long,2023-05-01,2023-06-01,1.71672,1.77512,0.05840000000000001,2023-06-15 01:00:00,2023-06-15 05:00:00,1.74515,1.74934,2023-07-05 21:00:00,1.75376,1.83352,1.6698021052631578,2023-08-13 21:00:00,1.83352,win,0.95,wickdiffs_M_H4_ALL_20260121_202249.csv,142.4833333333334,1.0
M,ALL,H4,H12,EURNZD,long,2023-09-01,2023-10-02,1.75079,1.76296,0.012170000000000014,2023-10-09 21:00:00,2023-10-10 01:00:00,1.75079,1.75248,2023-12-01 10:00:00,1.75286,1.77513,1.7294178947368422,2024-01-16 22:00:00,1.77513,win,0.9499999999999998,wickdiffs_M_H4_ALL_20260121_202249.csv,132.5954545454545,1.0
M,ALL,H4,H12,EURNZD,short,2015-08-03,2015-09-01,1.768155,1.89583,0.12767499999999998,2015-09-24 09:00:00,2015-09-24 13:00:00,1.79133,1.792275,2018-10-07 21:00:00,1.78023,1.64048,1.9273352631578948,2018-12-02 22:00:00,1.64048,win,0.95,wickdiffs_M_H4_ALL_20260121_202249.csv,99.75757575757576,1.0
M,ALL,H4,H12,EURNZD,short,2016-09-01,2016-10-03,1.54315,1.57646,0.03330999999999995,2016-10-17 13:00:00,2016-10-17 17:00:00,1.543175,1.54347,2016-11-01 09:00:00,1.53918,1.50984,1.579791,2016-11-06 22:00:00,1.50984,win,0.7224643569476239,wickdiffs_M_H4_ALL_20260121_202249.csv,134.9378787878786,1.0
M,ALL,H4,H12,EURNZD,short,2017-05-01,2017-06-01,1.58725,1.62374,0.03648999999999991,2017-06-01 17:00:00,2017-06-01 21:00:00,1.58871,1.58909,2017-07-11 21:00:00,1.58494,1.5507600000000001,1.627389,2017-07-13 09:00:00,1.5507600000000001,win,0.8052015359607979,wickdiffs_M_H4_ALL_20260121_202249.csv,136.6795454545456,1.0
M,ALL,H4,H12,EURNZD,short,2019-08-01,2019-09-02,1.74158,1.76164,0.02006000000000019,2019-09-20 17:00:00,2019-09-22 21:00:00,1.75998,1.76122,2019-10-15 21:00:00,1.75918,1.7215199999999997,1.798822105263158,2019-11-12 22:00:00,1.7215199999999997,win,0.95,wickdiffs_M_H4_ALL_20260121_202249.csv,123.5939393939394,1.0
M,ALL,H4,H12,EURNZD,short,2020-03-02,2020-04-01,1.85131,1.99321,0.14189999999999992,2020-04-01 09:00:00,2020-04-01 13:00:00,1.85534,1.85588,2024-08-04 21:00:00,1.84823,1.70941,2.0074,2025-09-18 09:00:00,2.0074,loss,-1.0,wickdiffs_M_H4_ALL_20260121_202249.csv,97.06666666666652,1.0
M,ALL,H4,H12,EURNZD,short,2020-05-01,2020-06-01,1.78966,1.8265,0.036839999999999984,2020-05-18 21:00:00,2020-05-19 01:00:00,1.80833,1.80883,2020-08-13 21:00:00,1.80744,1.75282,1.864934736842105,2020-09-02 09:00:00,1.75282,win,0.95,wickdiffs_M_H4_ALL_20260121_202249.csv,149.8606060606062,1.0
M,ALL,H4,H12,EURNZD,short,2020-07-01,2020-08-03,1.77684,1.82246,0.045619999999999994,2020-08-27 01:00:00,2020-08-27 05:00:00,1.78621,1.78672,2020-09-23 21:00:00,1.78536,1.73122,1.8423494736842108,2020-11-09 10:00:00,1.73122,win,0.95,wickdiffs_M_H4_ALL_20260121_202249.csv,128.2075757575757,1.0
M,ALL,H4,H12,EURNZD,short,2023-06-01,2023-07-03,1.77764,1.80704,0.02939999999999987,2023-07-24 21:00:00,2023-07-25 01:00:00,1.78712,1.78745,2023-08-01 09:00:00,1.78624,1.7482400000000002,1.8262399999999999,2023-08-10 21:00:00,1.8262399999999999,loss,-1.0,wickdiffs_M_H4_ALL_20260121_202249.csv,145.609090909091,1.0
M,ALL,H4,H12,EURNZD,short,2025-04-01,2025-05-01,1.90926,2.00108,0.09182000000000001,2025-04-13 21:00:00,2025-04-14 01:00:00,1.9469,1.95296,2025-06-23 09:00:00,1.93725,1.81744,2.063365789473684,2025-11-07 10:00:00,2.063365789473684,loss,-1.0,wickdiffs_M_H4_ALL_20260121_202249.csv,180.0227272727275,1.0
M,ALL,H4,H12,EURUSD,long,2016-06-01,2016-07-01,1.0912,1.11062,0.019419999999999993,2016-07-28 13:00:00,2016-07-28 17:00:00,1.10686,1.10734,2016-08-05 09:00:00,1.108725,1.13004,1.0862881578947368,2016-08-16 09:00:00,1.13004,win,0.95,wickdiffs_M_H4_ALL_20260121_202249.csv,88.70151515151521,1.0
M,ALL,H4,H12,EURUSD,long,2016-08-01,2016-09-01,1.104585,1.115825,0.011240000000000139,2016-09-21 01:00:00,2016-09-21 05:00:00,1.112295,1.112485,2016-10-06 21:00:00,1.112875,1.1270650000000002,1.0979381578947367,2016-10-14 09:00:00,1.0979381578947367,loss,-1.0,wickdiffs_M_H4_ALL_20260121_202249.csv,71.64545454545465,1.0
M,ALL,H4,H12,EURUSD,long,2018-08-01,2018-09-03,1.13008,1.16019,0.03011000000000008,2018-08-15 09:00:00,2018-08-15 13:00:00,1.13008,1.1309,2018-10-31 09:00:00,1.13117,1.1903000000000001,1.068927894736842,2020-03-19 09:00:00,1.068927894736842,loss,-1.0,wickdiffs_M_H4_ALL_20260121_202249.csv,79.00151515151529,1.0
M,ALL,H4,H12,EURUSD,long,2020-02-03,2020-03-02,1.06361,1.10277,0.039160000000000084,2020-03-24 21:00:00,2020-03-25 01:00:00,1.07606,1.07846,2020-04-03 09:00:00,1.08056,1.1419300000000001,1.0159599999999998,2020-06-10 09:00:00,1.1419300000000001,win,0.95,wickdiffs_M_H4_ALL_20260121_202249.csv,95.06363636363652,1.0
M,ALL,H4,H12,EURUSD,long,2021-06-01,2021-07-01,1.17518,1.18566,0.010480000000000045,2021-07-30 13:00:00,2021-07-30 17:00:00,1.18516,1.18538,2021-08-03 09:00:00,1.18649,1.19614,1.174132,2021-08-09 09:00:00,1.174132,loss,-1.0,wickdiffs_M_H4_ALL_20260121_202249.csv,63.29848484848497,1.0
M,ALL,H4,H12,EURUSD,long,2021-11-01,2021-12-01,1.11861,1.13392,0.015309999999999935,2021-12-21 14:00:00,2021-12-21 18:00:00,1.12608,1.1264,2022-01-25 10:00:00,1.13014,1.14923,1.1100452631578945,2022-02-10 10:00:00,1.14923,win,0.95,wickdiffs_M_H4_ALL_20260121_202249.csv,69.18333333333324,1.0
M,ALL,H4,H12,EURUSD,short,2015-06-01,2015-07-01,1.11381,1.14364,0.029830000000000023,2015-07-10 09:00:00,2015-07-10 13:00:00,1.1208,1.121605,2015-08-12 09:00:00,1.11607,1.08398,1.1498489473684208,2015-08-23 21:00:00,1.1498489473684208,loss,-1.0,wickdiffs_M_H4_ALL_20260121_202249.csv,129.8272727272728,1.0
M,ALL,H4,H12,EURUSD,short,2015-08-03,2015-09-01,1.12111,1.17141,0.05030000000000001,2015-09-21 01:00:00,2015-09-21 05:00:00,1.132205,1.133035,2015-10-08 09:00:00,1.127615,1.07081,1.1874097368421053,2015-11-06 10:00:00,1.07081,win,0.95,wickdiffs_M_H4_ALL_20260121_202249.csv,121.6106060606062,1.0
M,ALL,H4,H12,EURUSD,short,2015-12-01,2016-01-01,1.08697,1.10596,0.018990000000000062,2016-01-20 14:00:00,2016-01-20 18:00:00,1.092625,1.09364,2016-02-02 10:00:00,1.091925,1.06798,1.117130263157895,2016-02-04 10:00:00,1.117130263157895,loss,-1.0,wickdiffs_M_H4_ALL_20260121_202249.csv,100.1696969696971,1.0
M,ALL,H4,H12,EURUSD,short,2016-07-01,2016-08-01,1.11746,1.13664,0.019180000000000197,2016-08-26 09:00:00,2016-08-26 13:00:00,1.13108,1.1341,2016-09-08 09:00:00,1.126145,1.0982799999999997,1.1554765789473687,2016-10-14 09:00:00,1.0982799999999997,win,0.95,wickdiffs_M_H4_ALL_20260121_202249.csv,88.58333333333344,1.0
M,ALL,H4,H12,EURUSD,short,2020-03-02,2020-04-01,1.10336,1.14963,0.04627000000000003,2020-03-10 09:00:00,2020-03-10 13:00:00,1.13898,1.13944,2020-06-10 09:00:00,1.13751,1.0570899999999999,1.2221626315789476,2020-12-16 22:00:00,1.2221626315789476,loss,-1.0,wickdiffs_M_H4_ALL_20260121_202249.csv,111.4939393939395,1.0
M,ALL,H4,H12,GBPAUD,long,2015-09-01,2015-10-01,2.07911,2.156065,0.07695499999999988,2015-10-27 05:00:00,2015-10-27 09:00:00,2.112065,2.11444,2015-11-06 10:00:00,2.136685,2.23302,2.035279736842105,2015-12-03 10:00:00,2.035279736842105,loss,-1.0,wickdiffs_M_H4_ALL_20260121_202249.csv,256.767424242424,1.0
M,ALL,H4,H12,GBPAUD,long,2016-07-01,2016-08-01,1.67213,1.74112,0.0689900000000001,2016-08-18 01:00:00,2016-08-18 05:00:00,1.6919,1.69361,2016-09-26 09:00:00,1.699135,1.81011,1.5823192105263157,2016-10-06 21:00:00,1.5823192105263157,loss,-1.0,wickdiffs_M_H4_ALL_20260121_202249.csv,229.0181818181818,1.0
M,ALL,H4,H12,GBPAUD,long,2020-09-01,2020-10-01,1.74931,1.8046,0.05529000000000006,2020-09-11 05:00:00,2020-09-11 09:00:00,1.74931,1.75232,2020-12-11 10:00:00,1.75524,1.85989,1.6450821052631577,2021-06-20 21:00:00,1.85989,win,0.95,wickdiffs_M_H4_ALL_20260121_202249.csv,158.6181818181821,1.0
M,ALL,H4,H12,GBPAUD,long,2020-12-01,2021-01-01,1.74162,1.77695,0.035330000000000084,2021-01-25 10:00:00,2021-01-25 14:00:00,1.7697,1.7698,2021-02-24 22:00:00,1.77151,1.8122800000000001,1.7285942105263155,2021-03-25 09:00:00,1.8122800000000001,win,0.9499999999999998,wickdiffs_M_H4_ALL_20260121_202249.csv,134.0136363636363,1.0
M,ALL,H4,H12,GBPAUD,long,2022-03-01,2022-04-01,1.71744,1.75637,0.03892999999999991,2022-04-28 13:00:00,2022-04-28 17:00:00,1.75356,1.75476,2022-05-02 21:00:00,1.76655,1.7953,1.7135470000000002,2022-08-11 21:00:00,1.7135470000000002,loss,-1.0,wickdiffs_M_H4_ALL_20260121_202249.csv,157.3969696969695,1.0
M,ALL,H4,H12,GBPAUD,long,2022-05-02,2022-06-01,1.71792,1.7558,0.037880000000000136,2022-05-05 09:00:00,2022-05-05 13:00:00,1.71792,1.72384,2022-07-22 09:00:00,1.73413,1.7936800000000002,1.6714457894736838,2022-09-23 09:00:00,1.6714457894736838,loss,-1.0,wickdiffs_M_H4_ALL_20260121_202249.csv,164.1863636363638,1.0
M,ALL,H4,H12,GBPAUD,short,2015-08-03,2015-09-01,2.15702,2.24049,0.08346999999999971,2015-09-28 13:00:00,2015-09-28 17:00:00,2.173425,2.175,2015-10-02 09:00:00,2.15248,2.0735500000000004,2.248837,2015-11-24 22:00:00,2.0735500000000004,win,0.8191413182228575,wickdiffs_M_H4_ALL_20260121_202249.csv,265.9159090909089,1.0
M,ALL,H4,H12,GBPAUD,short,2018-12-03,2019-01-01,1.8093,2.02495,0.21565000000000012,2019-01-25 02:00:00,2019-01-25 06:00:00,1.84996,1.85181,2019-02-26 10:00:00,1.84366,1.5936499999999998,2.106828421052632,2025-04-04 09:00:00,2.106828421052632,loss,-1.0,wickdiffs_M_H4_ALL_20260121_202249.csv,204.4272727272725,1.0
M,ALL,H4,H12,GBPAUD,short,2019-11-01,2019-12-02,1.91171,1.95234,0.040629999999999944,2019-12-17 02:00:00,2019-12-17 06:00:00,1.93528,1.93652,2020-01-27 22:00:00,1.93117,1.87108,1.9944226315789475,2020-03-08 21:00:00,1.9944226315789475,loss,-1.0,wickdiffs_M_H4_ALL_20260121_202249.csv,143.5000000000001,1.0
M,ALL,H4,H12,GBPAUD,short,2022-10-03,2022-11-01,1.79273,1.82002,0.027290000000000036,2022-11-01 21:00:00,2022-11-02 01:00:00,1.80044,1.80085,2022-12-01 10:00:00,1.79904,1.76544,1.8344084210526317,2023-01-02 10:00:00,1.76544,win,0.95,wickdiffs_M_H4_ALL_20260121_202249.csv,206.2787878787879,1.0
M,ALL,H4,H12,GBPAUD,short,2024-10-01,2024-11-01,1.95996,1.98854,0.02858000000000005,2024-11-15 10:00:00,2024-11-15 14:00:00,1.96066,1.96073,2024-12-02 10:00:00,1.95403,1.9313799999999999,1.991398,2024-12-06 10:00:00,1.991398,loss,-1.0,wickdiffs_M_H4_ALL_20260121_202249.csv,122.3015151515151,1.0
M,ALL,H4,H12,GBPAUD,short,2025-08-01,2025-09-01,2.06188,2.1006,0.03872000000000009,2025-08-25 01:00:00,2025-08-25 05:00:00,2.08209,2.08488,2025-10-16 21:00:00,2.07819,2.02316,2.1361163157894745,2025-10-28 09:00:00,2.02316,win,0.95,wickdiffs_M_H4_ALL_20260121_202249.csv,114.1712121212124,1.0
M,ALL,H4,H12,GBPCAD,long,2015-09-01,2015-10-01,1.9734,2.01353,0.04012999999999978,2015-10-13 21:00:00,2015-10-14 01:00:00,1.98536,1.985615,2015-12-02 22:00:00,1.99,2.05366,1.9229894736842108,2015-12-09 10:00:00,2.05366,win,0.95,wickdiffs_M_H4_ALL_20260121_202249.csv,165.7810606060606,1.0
M,ALL,H4,H12,GBPCAD,long,2016-06-01,2016-07-01,1.6695,1.72029,0.05079000000000011,2016-07-08 05:00:00,2016-07-08 09:00:00,1.68083,1.68294,2016-08-11 09:00:00,1.68315,1.7710800000000002,1.5905921052631575,2016-10-06 21:00:00,1.5905921052631575,loss,-1.0,wickdiffs_M_H4_ALL_20260121_202249.csv,240.0848484848485,1.0
M,ALL,H4,H12,GBPCAD,long,2016-10-03,2016-11-01,1.54885,1.64154,0.09268999999999994,2016-10-17 09:00:00,2016-10-17 13:00:00,1.5939,1.59528,2017-01-12 10:00:00,1.59863,1.73423,1.455893157894737,2017-04-24 21:00:00,1.73423,win,0.95,wickdiffs_M_H4_ALL_20260121_202249.csv,180.669696969697,1.0
M,ALL,H4,H12,GBPCAD,long,2017-01-02,2017-02-01,1.57384,1.63917,0.06533000000000011,2017-02-28 06:00:00,2017-02-28 10:00:00,1.63522,1.63592,2017-03-01 10:00:00,1.63803,1.7045000000000001,1.567307,2017-04-18 09:00:00,1.7045000000000001,win,0.9398639763584682,wickdiffs_M_H4_ALL_20260121_202249.csv,160.5719696969698,1.0
M,ALL,H4,H12,GBPCAD,long,2017-12-01,2018-01-01,1.67594,1.69901,0.023069999999999924,2018-01-10 06:00:00,2018-01-10 10:00:00,1.67958,1.68077,2018-08-06 21:00:00,1.68158,1.7220799999999998,1.638948421052632,2018-10-10 09:00:00,1.7220799999999998,win,0.95,wickdiffs_M_H4_ALL_20260121_202249.csv,127.5181818181817,1.0
M,ALL,H4,H12,GBPCAD,long,2020-09-01,2020-10-01,1.68106,1.72187,0.04081000000000001,2020-09-11 05:00:00,2020-09-11 09:00:00,1.68106,1.6838,2020-12-10 22:00:00,1.68786,1.76268,1.6091021052631578,2021-01-28 22:00:00,1.76268,win,0.95,wickdiffs_M_H4_ALL_20260121_202249.csv,141.6636363636364,1.0
M,ALL,H4,H12,GBPCAD,long,2022-08-01,2022-09-01,1.40758,1.52642,0.11884000000000006,2022-09-30 01:00:00,2022-09-30 05:00:00,1.51862,1.52039,2022-10-07 09:00:00,1.52399,1.6452600000000002,1.395696,2022-12-01 10:00:00,1.6452600000000002,win,0.9452507521785921,wickdiffs_M_H4_ALL_20260121_202249.csv,148.9227272727273,1.0
M,ALL,H4,H12,GBPCAD,long,2024-03-01,2024-04-01,1.68874,1.70952,0.02078000000000002,2024-04-29 05:00:00,2024-04-29 09:00:00,1.70842,1.70928,2024-05-09 09:00:00,1.71283,1.7303,1.6866619999999999,2024-05-17 09:00:00,1.7303,win,0.6676092937939372,wickdiffs_M_H4_ALL_20260121_202249.csv,75.97121212121203,1.0
M,ALL,H4,H12,GBPCAD,long,2024-11-01,2024-12-02,1.748,1.7812,0.033199999999999896,2024-11-26 14:00:00,2024-11-26 18:00:00,1.7631,1.76312,2025-01-08 22:00:00,1.76656,1.8143999999999998,1.716202105263158,2025-02-02 22:00:00,1.8143999999999998,win,0.95,wickdiffs_M_H4_ALL_20260121_202249.csv,108.8151515151516,1.0
M,ALL,H4,H12,GBPCAD,long,2025-01-01,2025-02-03,1.74582,1.81312,0.06730000000000014,2025-02-25 02:00:00,2025-02-25 06:00:00,1.79929,1.79934,2025-04-09 09:00:00,1.80575,1.8804200000000002,1.7271499999999997,2025-06-25 21:00:00,1.8804200000000002,win,0.95,wickdiffs_M_H4_ALL_20260121_202249.csv,134.5984848484849,1.0
M,ALL,H4,H12,GBPCAD,short,2015-07-01,2015-08-03,2.04433,2.0975,0.05317000000000016,2015-08-31 09:00:00,2015-08-31 13:00:00,2.048645,2.053,2015-09-10 09:00:00,2.046865,1.9911599999999998,2.105501842105263,2015-10-04 21:00:00,1.9911599999999998,win,0.9499999999999998,wickdiffs_M_H4_ALL_20260121_202249.csv,189.8143939393939,1.0
M,ALL,H4,H12,GBPCAD,short,2019-02-01,2019-03-01,1.74723,1.77962,0.03238999999999992,2019-03-28 01:00:00,2019-03-28 05:00:00,1.76914,1.76916,2019-05-05 21:00:00,1.76661,1.7148400000000001,1.8211047368421052,2019-05-17 09:00:00,1.7148400000000001,win,0.95,wickdiffs_M_H4_ALL_20260121_202249.csv,147.8227272727269,1.0
M,ALL,H4,H12,GBPCAD,short,2021-12-01,2022-01-03,1.71041,1.73137,0.02096000000000009,2022-01-06 10:00:00,2022-01-06 14:00:00,1.72924,1.7301,2022-02-03 10:00:00,1.72368,1.68945,1.7597115789473687,2022-03-01 22:00:00,1.68945,win,0.95,wickdiffs_M_H4_ALL_20260121_202249.csv,107.6818181818182,1.0
M,ALL,H4,H12,GBPCAD,short,2024-02-01,2024-03-01,1.71433,1.73526,0.020930000000000115,2024-03-21 05:00:00,2024-03-21 09:00:00,1.7236,1.72486,2024-04-09 09:00:00,1.72046,1.6933999999999998,1.7489442105263162,2024-04-22 09:00:00,1.6933999999999998,win,0.95,wickdiffs_M_H4_ALL_20260121_202249.csv,77.04393939393935,1.0
M,ALL,H4,H12,GBPCAD,short,2024-07-01,2024-08-01,1.77474,1.78692,0.01218000000000008,2024-08-23 17:00:00,2024-08-25 21:00:00,1.78576,1.7858,2024-09-13 09:00:00,1.7832,1.76256,1.8049263157894735,2024-09-19 21:00:00,1.8049263157894735,loss,-1.0,wickdiffs_M_H4_ALL_20260121_202249.csv,82.90757575757577,1.0
M,ALL,H4,H12,GBPCHF,long,2015-04-01,2015-05-01,1.381755,1.43143,0.049674999999999914,2015-05-08 09:00:00,2015-05-08 13:00:00,1.4203,1.422325,2015-06-08 09:00:00,1.42358,1.481105,1.363027368421053,2015-07-01 09:00:00,1.481105,win,0.95,wickdiffs_M_H4_ALL_20260121_202249.csv,159.9863636363638,1.0
M,ALL,H4,H12,GBPCHF,long,2016-07-01,2016-08-01,1.24494,1.28261,0.03767000000000009,2016-08-19 09:00:00,2016-08-19 13:00:00,1.247525,1.251695,2016-09-25 21:00:00,1.25192,1.3202800000000001,1.1799621052631577,2016-10-06 21:00:00,1.1799621052631577,loss,-1.0,wickdiffs_M_H4_ALL_20260121_202249.csv,166.7583333333334,1.0
M,ALL,H4,H12,GBPCHF,long,2016-10-03,2016-11-01,1.14678,1.210845,0.06406500000000004,2016-11-02 13:00:00,2016-11-02 17:00:00,1.19234,1.194015,2019-08-02 09:00:00,1.1948,1.27491,1.1104736842105265,2019-10-15 09:00:00,1.27491,win,0.95,wickdiffs_M_H4_ALL_20260121_202249.csv,83.10303030303041,1.0
M,ALL,H4,H12,GBPCHF,long,2017-01-02,2017-02-01,1.2112,1.244585,0.033385,2017-02-17 06:00:00,2017-02-17 10:00:00,1.23815,1.23938,2017-03-01 10:00:00,1.240295,1.27797,1.2006371052631577,2017-04-18 09:00:00,1.27797,win,0.95,wickdiffs_M_H4_ALL_20260121_202249.csv,113.9492424242426,1.0
M,ALL,H4,H12,GBPCHF,long,2017-05-01,2017-06-01,1.22418,1.247525,0.02334499999999995,2017-06-21 05:00:00,2017-06-21 09:00:00,1.22664,1.22728,2017-07-21 09:00:00,1.22888,1.27087,1.18468,2017-07-27 21:00:00,1.27087,win,0.9499999999999998,wickdiffs_M_H4_ALL_20260121_202249.csv,94.52878787878804,1.0
M,ALL,H4,H12,GBPCHF,long,2019-08-01,2019-09-02,1.16756,1.20361,0.03605000000000014,2019-08-13 09:00:00,2019-08-13 13:00:00,1.16756,1.16814,2020-03-13 09:00:00,1.16853,1.2396600000000002,1.0936563157894736,2021-02-14 22:00:00,1.2396600000000002,win,0.95,wickdiffs_M_H4_ALL_20260121_202249.csv,108.6469696969696,1.0
M,ALL,H4,H12,GBPCHF,long,2020-12-01,2021-01-01,1.16838,1.20946,0.041080000000000005,2021-01-22 10:00:00,2021-01-22 14:00:00,1.20762,1.20846,2022-04-26 21:00:00,1.21073,1.25054,1.164272,2022-06-28 21:00:00,1.164272,loss,-1.0,wickdiffs_M_H4_ALL_20260121_202249.csv,88.08484848484845,1.0
M,ALL,H4,H12,GBPCHF,long,2023-07-03,2023-08-01,1.10576,1.11889,0.013129999999999864,2023-08-14 01:00:00,2023-08-14 05:00:00,1.11084,1.1114,2023-09-06 21:00:00,1.11305,1.1320199999999998,1.093081578947369,2023-10-13 09:00:00,1.093081578947369,loss,-1.0,wickdiffs_M_H4_ALL_20260121_202249.csv,67.4030303030304,1.0
M,ALL,H4,H12,GBPCHF,long,2024-08-01,2024-09-02,1.07432,1.11583,0.04151000000000016,2024-09-13 09:00:00,2024-09-13 13:00:00,1.10985,1.11074,2024-10-31 09:00:00,1.11384,1.1573400000000003,1.0680505263157891,2025-04-10 21:00:00,1.0680505263157891,loss,-1.0,wickdiffs_M_H4_ALL_20260121_202249.csv,89.27272727272708,1.0
M,ALL,H4,H12,GBPCHF,long,2025-04-01,2025-05-01,1.0612,1.10138,0.040180000000000105,2025-05-08 05:00:00,2025-05-08 09:00:00,1.09394,1.09586,2025-06-12 21:00:00,1.10158,1.1415600000000001,1.0571819999999998,2025-10-27 21:00:00,1.0571819999999998,loss,-1.0,wickdiffs_M_H4_ALL_20260121_202249.csv,95.19242424242417,1.0
M,ALL,H4,H12,GBPCHF,short,2022-10-03,2022-11-01,1.14896,1.15776,0.008799999999999919,2022-11-01 01:00:00,2022-11-01 05:00:00,1.15165,1.15316,2022-12-01 10:00:00,1.14838,1.14016,1.1628268181818182,2022-12-15 10:00:00,1.14016,win,0.5689834188087899,wickdiffs_M_H4_ALL_20260121_202249.csv,144.4681818181818,1.0
M,ALL,H4,H12,GBPCHF,short,2023-08-01,2023-09-01,1.11942,1.12476,0.0053399999999999,2023-08-18 17:00:00,2023-08-20 21:00:00,1.12453,1.12476,2024-03-04 10:00:00,1.12313,1.1140800000000002,1.1326563157894733,2024-03-20 09:00:00,1.1326563157894733,loss,-1.0,wickdiffs_M_H4_ALL_20260121_202249.csv,63.11969696969688,1.0
M,ALL,H4,H12,GBPCHF,short,2024-05-01,2024-06-03,1.1497,1.1678,0.018100000000000005,2024-05-31 05:00:00,2024-05-31 09:00:00,1.15232,1.15336,2024-07-03 21:00:00,1.14972,1.1316,1.16961,2024-07-25 09:00:00,1.1316,win,0.9110105580693901,wickdiffs_M_H4_ALL_20260121_202249.csv,64.90909090909086,1.0
M,ALL,H4,H12,GBPJPY,long,2016-07-01,2016-08-01,128.7815,135.025,6.243500000000012,2016-08-22 09:00:00,2016-08-22 13:00:00,131.3685,131.4185,2016-09-20 21:00:00,132.0975,141.26850000000002,122.44381578947366,2016-11-24 10:00:00,141.26850000000002,win,0.95,wickdiffs_M_H4_ALL_20260121_202249.csv,268.9757575757574,1.0
M,ALL,H4,H12,GBPJPY,long,2017-05-01,2017-06-01,138.671,142.7885,4.117500000000007,2017-06-21 05:00:00,2017-06-21 09:00:00,139.85,140.077,2017-08-18 09:00:00,140.612,146.906,133.98673684210524,2017-09-14 09:00:00,146.906,win,0.95,wickdiffs_M_H4_ALL_20260121_202249.csv,135.3727272727271,1.0
M,ALL,H4,H12,GBPJPY,long,2018-10-01,2018-11-01,142.777,144.186,1.4090000000000202,2018-10-30 13:00:00,2018-10-30 17:00:00,143.22,143.298,2018-12-04 10:00:00,143.424,145.59500000000003,141.13873684210526,2018-12-20 10:00:00,141.13873684210526,loss,-1.0,wickdiffs_M_H4_ALL_20260121_202249.csv,139.7757575757576,1.0
M,ALL,H4,H12,GBPJPY,long,2019-05-01,2019-06-03,135.38,136.784,1.4039999999999964,2019-06-18 09:00:00,2019-06-18 13:00:00,135.38,135.39,2019-07-02 21:00:00,135.463,138.188,132.59457894736843,2019-07-29 21:00:00,132.59457894736843,loss,-1.0,wickdiffs_M_H4_ALL_20260121_202249.csv,98.63484848484858,1.0
M,ALL,H4,H12,GBPJPY,long,2020-03-02,2020-04-01,124.044,133.542,9.498000000000005,2020-03-26 05:00:00,2020-03-26 09:00:00,130.625,130.698,2020-05-06 21:00:00,131.497,143.04000000000002,119.34647368421054,2021-01-28 10:00:00,143.04000000000002,win,0.95,wickdiffs_M_H4_ALL_20260121_202249.csv,186.814393939394,1.0
M,ALL,H4,H12,GBPJPY,long,2022-08-01,2022-09-01,149.048,161.478,12.430000000000007,2022-09-30 01:00:00,2022-09-30 05:00:00,160.231,160.339,2022-10-10 21:00:00,160.901,173.90800000000002,147.20942105263157,2023-05-28 21:00:00,173.90800000000002,win,0.95,wickdiffs_M_H4_ALL_20260121_202249.csv,206.021212121212,1.0
M,ALL,H4,H12,GBPJPY,long,2022-12-01,2023-01-02,155.356,158.578,3.2220000000000084,2023-01-17 02:00:00,2023-01-17 06:00:00,156.825,156.846,2023-02-02 22:00:00,157.435,161.8,152.84026315789473,2023-02-14 10:00:00,161.8,win,0.95,wickdiffs_M_H4_ALL_20260121_202249.csv,194.0469696969696,1.0
M,ALL,H4,H12,GBPJPY,long,2023-07-03,2023-08-01,176.319,182.612,6.293000000000006,2023-08-06 21:00:00,2023-08-07 01:00:00,180.585,180.601,2023-10-02 21:00:00,181.092,188.905,172.86778947368424,2024-01-18 22:00:00,188.905,win,0.95,wickdiffs_M_H4_ALL_20260121_202249.csv,146.4166666666665,1.0
M,ALL,H4,H12,GBPJPY,long,2024-08-01,2024-09-02,180.102,191.868,11.765999999999991,2024-09-23 05:00:00,2024-09-23 09:00:00,190.134,190.493,2024-10-01 09:00:00,190.752,203.634,177.19200000000004,2025-10-07 09:00:00,203.634,win,0.95,wickdiffs_M_H4_ALL_20260121_202249.csv,238.7984848484849,1.0
M,ALL,H4,H12,GBPJPY,long,2025-08-01,2025-09-01,195.032,198.432,3.3999999999999773,2025-08-08 01:00:00,2025-08-08 05:00:00,197.682,197.693,2025-10-02 09:00:00,197.916,201.83199999999997,193.79389473684213,2025-10-05 21:00:00,201.83199999999997,win,0.9499999999999998,wickdiffs_M_H4_ALL_20260121_202249.csv,119.6287878787881,1.0
M,ALL,H4,H12,GBPJPY,short,2017-11-01,2017-12-01,152.2275,153.414,1.1864999999999952,2017-12-08 02:00:00,2017-12-08 06:00:00,153.28,153.414,2018-01-04 22:00:00,153.2055,151.041,155.4839210526316,2018-01-09 22:00:00,151.041,win,0.9499999999999998,wickdiffs_M_H4_ALL_20260121_202249.csv,125.2333333333333,1.0
M,ALL,H4,H12,GBPJPY,short,2018-04-02,2018-05-01,150.504,153.855,3.350999999999999,2018-04-26 09:00:00,2018-04-26 13:00:00,152.73,152.735,2021-03-31 09:00:00,152.578,147.153,158.28852631578948,2022-03-21 21:00:00,158.28852631578948,loss,-1.0,wickdiffs_M_H4_ALL_20260121_202249.csv,99.34393939393958,1.0
M,ALL,H4,H12,GBPJPY,short,2021-12-01,2022-01-03,155.734,157.771,2.0369999999999777,2022-01-12 10:00:00,2022-01-12 14:00:00,157.693,157.712,2022-02-10 10:00:00,157.314,153.69700000000003,161.12136842105258,2022-02-24 10:00:00,153.69700000000003,win,0.95,wickdiffs_M_H4_ALL_20260121_202249.csv,111.4621212121214,1.0
M,ALL,H4,H12,GBPJPY,short,2022-04-01,2022-05-02,163.232,168.438,5.205999999999989,2022-04-19 21:00:00,2022-04-20 01:00:00,168.42,168.438,2022-06-08 09:00:00,168.3,158.026,179.1147368421053,2022-09-23 09:00:00,158.026,win,0.9499999999999998,wickdiffs_M_H4_ALL_20260121_202249.csv,181.6424242424241,1.0
M,ALL,H4,H12,GBPJPY,short,2023-08-01,2023-09-01,184.422,186.771,2.3489999999999895,2023-09-05 13:00:00,2023-09-05 17:00:00,185.746,185.78,2023-11-06 10:00:00,185.247,182.073,188.58805263157896,2023-11-24 10:00:00,188.58805263157896,loss,-1.0,wickdiffs_M_H4_ALL_20260121_202249.csv,136.4045454545453,1.0
M,ALL,H4,H12,GBPJPY,short,2025-07-01,2025-08-01,199.013,200.283,1.2699999999999818,2025-08-22 09:00:00,2025-08-22 13:00:00,199.522,199.54,2025-09-01 09:00:00,199.354,197.74300000000002,201.0497894736842,2025-09-17 21:00:00,201.0497894736842,loss,-1.0,wickdiffs_M_H4_ALL_20260121_202249.csv,133.828787878788,1.0
M,ALL,H4,H12,GBPNZD,long,2016-10-03,2016-11-01,1.62266,1.71224,0.08957999999999999,2016-11-09 22:00:00,2016-11-10 02:00:00,1.699155,1.69917,2017-01-15 22:00:00,1.701025,1.80182,1.594925,2017-04-11 21:00:00,1.80182,win,0.95,wickdiffs_M_H4_ALL_20260121_202249.csv,196.7863636363636,1.0
M,ALL,H4,H12,GBPNZD,long,2017-01-02,2017-02-01,1.68348,1.720455,0.03697499999999998,2017-02-28 14:00:00,2017-02-28 18:00:00,1.71632,1.71734,2017-03-01 10:00:00,1.720575,1.75743,1.6797825000000002,2017-03-08 10:00:00,1.75743,win,0.9034749034749102,wickdiffs_M_H4_ALL_20260121_202249.csv,183.4818181818181,1.0
M,ALL,H4,H12,GBPNZD,long,2017-12-01,2018-01-01,1.86179,1.90406,0.04227000000000003,2018-01-16 10:00:00,2018-01-16 14:00:00,1.88968,1.89111,2018-02-22 10:00:00,1.90132,1.9463300000000001,1.8539410526315787,2018-03-19 09:00:00,1.9463300000000001,win,0.95,wickdiffs_M_H4_ALL_20260121_202249.csv,181.1424242424242,1.0
M,ALL,H4,H12,GBPNZD,long,2018-11-01,2018-12-03,1.81266,1.85674,0.04408000000000012,2018-12-13 02:00:00,2018-12-13 06:00:00,1.83553,1.83804,2019-07-22 09:00:00,1.84567,1.9008200000000002,1.7876173684210523,2019-08-06 21:00:00,1.9008200000000002,win,0.95,wickdiffs_M_H4_ALL_20260121_202249.csv,125.9075757575758,1.0
M,ALL,H4,H12,GBPNZD,long,2020-09-01,2020-10-01,1.90602,1.95262,0.046599999999999975,2020-09-21 05:00:00,2020-09-21 09:00:00,1.90602,1.9081,2020-11-23 22:00:00,1.91031,1.99922,1.8167205263157893,2021-06-20 21:00:00,1.99922,win,0.9499999999999998,wickdiffs_M_H4_ALL_20260121_202249.csv,165.019696969697,1.0
M,ALL,H4,H12,GBPNZD,long,2020-11-02,2020-12-01,1.85234,1.89991,0.04756999999999989,2020-12-23 06:00:00,2020-12-23 10:00:00,1.8931,1.89322,2021-01-03 22:00:00,1.89388,1.9474799999999999,1.8374589473684213,2021-03-22 21:00:00,1.9474799999999999,win,0.95,wickdiffs_M_H4_ALL_20260121_202249.csv,166.8378787878788,1.0
M,ALL,H4,H12,GBPNZD,long,2022-05-02,2022-06-01,1.90378,1.93394,0.030159999999999965,2022-06-05 21:00:00,2022-06-06 01:00:00,1.91708,1.9185,2022-07-19 21:00:00,1.92322,1.9641,1.8801884210526314,2022-08-12 09:00:00,1.8801884210526314,loss,-1.0,wickdiffs_M_H4_ALL_20260121_202249.csv,166.6681818181816,1.0
M,ALL,H4,H12,GBPNZD,short,2018-04-02,2018-05-01,1.95672,1.97594,0.019220000000000015,2018-05-18 01:00:00,2018-05-18 05:00:00,1.96182,1.96311,2018-07-02 09:00:00,1.95719,1.9375,1.9779163157894737,2018-07-06 09:00:00,1.9375,win,0.95,wickdiffs_M_H4_ALL_20260121_202249.csv,150.1825757575757,1.0
M,ALL,H4,H12,GBPNZD,short,2018-09-03,2018-10-01,1.96766,2.04765,0.07999,2018-10-18 09:00:00,2018-10-18 13:00:00,1.99788,1.99792,2019-05-07 21:00:00,1.97934,1.88767,2.0758347368421055,2019-06-30 21:00:00,1.88767,win,0.95,wickdiffs_M_H4_ALL_20260121_202249.csv,184.6924242424241,1.0
M,ALL,H4,H12,GBPNZD,short,2018-12-03,2019-01-01,1.89922,1.94281,0.04359000000000002,2019-01-28 14:00:00,2019-01-28 18:00:00,1.92708,1.9274,2019-02-21 22:00:00,1.91652,1.85563,1.9806147368421054,2019-05-03 09:00:00,1.9806147368421054,loss,-1.0,wickdiffs_M_H4_ALL_20260121_202249.csv,188.5015151515151,1.0
M,ALL,H4,H12,GBPNZD,short,2019-10-01,2019-11-01,2.01805,2.05596,0.037909999999999666,2019-11-12 14:00:00,2019-11-12 18:00:00,2.03192,2.03222,2019-12-12 22:00:00,2.02684,1.9801400000000005,2.0759978947368416,2019-12-18 10:00:00,1.9801400000000005,win,0.95,wickdiffs_M_H4_ALL_20260121_202249.csv,179.9045454545457,1.0
M,ALL,H4,H12,GBPNZD,short,2020-08-03,2020-09-01,1.98535,2.02714,0.041790000000000216,2020-09-01 09:00:00,2020-09-01 13:00:00,1.99008,1.99304,2021-06-17 09:00:00,1.98691,1.9435599999999997,2.0325415789473684,2021-06-20 21:00:00,2.0325415789473684,loss,-1.0,wickdiffs_M_H4_ALL_20260121_202249.csv,144.1060606060606,1.0
M,ALL,H4,H12,GBPNZD,short,2024-10-01,2024-11-01,2.15815,2.18434,0.026190000000000158,2024-10-30 01:00:00,2024-10-30 05:00:00,2.18284,2.18434,2024-12-05 22:00:00,2.18041,2.13196,2.2314100000000003,2024-12-18 10:00:00,2.2314100000000003,loss,-1.0,wickdiffs_M_H4_ALL_20260121_202249.csv,132.7121212121209,1.0
M,ALL,H4,H12,GBPNZD,short,2025-03-03,2025-04-01,2.27515,2.33594,0.0607899999999999,2025-04-09 21:00:00,2025-04-10 01:00:00,2.27718,2.27894,2025-05-22 21:00:00,2.26952,2.21436,2.342019,2025-10-13 21:00:00,2.342019,loss,-1.0,wickdiffs_M_H4_ALL_20260121_202249.csv,196.571212121212,1.0
M,ALL,H4,H12,GBPUSD,long,2015-05-01,2015-06-01,1.50894,1.52935,0.02041000000000004,2015-06-08 05:00:00,2015-06-08 09:00:00,1.52214,1.522355,2015-09-03 09:00:00,1.52579,1.54976,1.5005584210526315,2015-09-16 09:00:00,1.54976,win,0.95,wickdiffs_M_H4_ALL_20260121_202249.csv,117.0772727272727,1.0
M,ALL,H4,H12,GBPUSD,long,2016-10-03,2016-11-01,1.16496,1.224165,0.05920499999999995,2016-11-01 09:00:00,2016-11-01 13:00:00,1.220595,1.22145,2016-12-28 10:00:00,1.222655,1.28337,1.1587444736842107,2017-04-18 09:00:00,1.28337,win,0.95,wickdiffs_M_H4_ALL_20260121_202249.csv,135.6810606060607,1.0
M,ALL,H4,H12,GBPUSD,long,2016-12-01,2017-01-02,1.19872,1.2342,0.035479999999999956,2017-01-20 06:00:00,2017-01-20 10:00:00,1.22608,1.22848,2017-03-01 10:00:00,1.22923,1.26968,1.1866510526315792,2017-04-18 09:00:00,1.26968,win,0.95,wickdiffs_M_H4_ALL_20260121_202249.csv,125.8992424242423,1.0
M,ALL,H4,H12,GBPUSD,long,2017-12-01,2018-01-01,1.33008,1.35059,0.020510000000000028,2017-12-15 14:00:00,2017-12-15 18:00:00,1.33008,1.33054,2018-05-23 09:00:00,1.33488,1.3711,1.2967536842105265,2018-07-19 09:00:00,1.2967536842105265,loss,-1.0,wickdiffs_M_H4_ALL_20260121_202249.csv,104.190909090909,1.0
M,ALL,H4,H12,GBPUSD,long,2018-08-01,2018-09-03,1.26622,1.29604,0.02982000000000018,2018-08-17 05:00:00,2018-08-17 09:00:00,1.26978,1.27062,2018-10-30 09:00:00,1.27075,1.3258600000000003,1.2127394736842103,2019-02-26 10:00:00,1.3258600000000003,win,0.95,wickdiffs_M_H4_ALL_20260121_202249.csv,99.49545454545446,1.0
M,ALL,H4,H12,GBPUSD,long,2019-05-01,2019-06-03,1.25062,1.26316,0.012539999999999996,2019-06-18 09:00:00,2019-06-18 13:00:00,1.25062,1.2511,2019-07-05 09:00:00,1.2526,1.2757,1.2282842105263156,2019-07-29 09:00:00,1.2282842105263156,loss,-1.0,wickdiffs_M_H4_ALL_20260121_202249.csv,75.35606060606074,1.0
M,ALL,H4,H12,GBPUSD,long,2019-07-01,2019-08-01,1.20154,1.21607,0.014529999999999932,2019-08-15 01:00:00,2019-08-15 05:00:00,1.20508,1.20516,2019-09-02 09:00:00,1.20656,1.2306,1.1812547368421056,2019-09-05 09:00:00,1.2306,win,0.9499999999999998,wickdiffs_M_H4_ALL_20260121_202249.csv,83.37272727272732,1.0
M,ALL,H4,H12,GBPUSD,long,2019-11-01,2019-12-02,1.2769,1.29374,0.016839999999999966,2019-11-08 14:00:00,2019-11-08 18:00:00,1.2769,1.27698,2020-02-28 10:00:00,1.28192,1.3105799999999999,1.2517515789473685,2020-03-08 21:00:00,1.3105799999999999,win,0.95,wickdiffs_M_H4_ALL_20260121_202249.csv,99.70378787878803,1.0
M,ALL,H4,H12,GBPUSD,long,2020-03-02,2020-04-01,1.14116,1.24156,0.10040000000000004,2020-04-06 21:00:00,2020-04-07 01:00:00,1.21656,1.22236,2020-05-13 09:00:00,1.22369,1.34196,1.0991952631578945,2020-08-31 21:00:00,1.34196,win,0.95,wickdiffs_M_H4_ALL_20260121_202249.csv,167.0681818181816,1.0
M,ALL,H4,H12,GBPUSD,long,2020-09-01,2020-10-01,1.26752,1.29246,0.024939999999999962,2020-10-16 17:00:00,2020-10-18 21:00:00,1.2898,1.29058,2020-11-02 10:00:00,1.29185,1.3174,1.2649552631578946,2020-11-06 10:00:00,1.3174,win,0.95,wickdiffs_M_H4_ALL_20260121_202249.csv,123.5151515151515,1.0
M,ALL,H4,H12,GBPUSD,long,2022-04-01,2022-05-02,1.21554,1.25759,0.04204999999999992,2022-05-20 01:00:00,2022-05-20 05:00:00,1.2437,1.2448,2022-06-06 21:00:00,1.24943,1.29964,1.1965773684210528,2022-06-14 09:00:00,1.1965773684210528,loss,-1.0,wickdiffs_M_H4_ALL_20260121_202249.csv,110.8151515151515,1.0
M,ALL,H4,H12,GBPUSD,long,2022-06-01,2022-07-01,1.17603,1.21787,0.0418400000000001,2022-07-22 05:00:00,2022-07-22 09:00:00,1.19162,1.19268,2022-08-18 09:00:00,1.1932,1.25971,1.1231894736842105,2022-09-21 21:00:00,1.1231894736842105,loss,-1.0,wickdiffs_M_H4_ALL_20260121_202249.csv,131.5045454545455,1.0
M,ALL,H4,H12,GBPUSD,short,2015-04-01,2015-05-01,1.535245,1.58152,0.046275000000000066,2015-05-18 01:00:00,2015-05-18 05:00:00,1.572855,1.5731,2015-06-16 21:00:00,1.57235,1.48897,1.6601184210526314,2015-12-17 10:00:00,1.48897,win,0.95,wickdiffs_M_H4_ALL_20260121_202249.csv,155.2719696969697,1.0
M,ALL,H4,H12,GBPUSD,short,2018-09-03,2018-10-01,1.30302,1.32992,0.026899999999999924,2018-10-22 01:00:00,2018-10-22 05:00:00,1.30758,1.30908,2018-11-05 22:00:00,1.30575,1.2761200000000001,1.3369394736842104,2018-11-15 10:00:00,1.2761200000000001,win,0.95,wickdiffs_M_H4_ALL_20260121_202249.csv,104.2287878787879,1.0
M,ALL,H4,H12,GBPUSD,short,2019-04-01,2019-05-01,1.30339,1.31963,0.016240000000000032,2019-05-03 17:00:00,2019-05-05 21:00:00,1.31746,1.31758,2019-12-08 22:00:00,1.31548,1.28715,1.345301052631579,2019-12-12 22:00:00,1.345301052631579,loss,-1.0,wickdiffs_M_H4_ALL_20260121_202249.csv,100.3378787878789,1.0
M,ALL,H4,H12,GBPUSD,short,2019-10-01,2019-11-01,1.29411,1.30126,0.00714999999999999,2019-10-21 09:00:00,2019-10-21 13:00:00,1.30089,1.30126,2019-12-03 10:00:00,1.29963,1.28696,1.3129668421052632,2019-12-04 22:00:00,1.3129668421052632,loss,-1.0,wickdiffs_M_H4_ALL_20260121_202249.csv,104.2075757575758,1.0
M,ALL,H4,H12,GBPUSD,short,2021-02-01,2021-03-01,1.39276,1.42426,0.031500000000000083,2021-03-18 05:00:00,2021-03-18 09:00:00,1.3994,1.40014,2021-04-19 21:00:00,1.39816,1.36126,1.437002105263158,2021-07-20 09:00:00,1.36126,win,0.95,wickdiffs_M_H4_ALL_20260121_202249.csv,96.2242424242423,1.0
M,ALL,H4,H12,GBPUSD,short,2021-12-01,2022-01-03,1.35311,1.37489,0.02177999999999991,2022-01-20 10:00:00,2022-01-20 14:00:00,1.36347,1.3662,2022-02-10 10:00:00,1.35614,1.3313300000000001,1.3822557894736838,2022-02-24 10:00:00,1.3313300000000001,win,0.95,wickdiffs_M_H4_ALL_20260121_202249.csv,80.98030303030313,1.0
M,ALL,H4,H12,GBPUSD,short,2022-07-01,2022-08-01,1.21842,1.22938,0.010959999999999859,2022-08-10 13:00:00,2022-08-10 17:00:00,1.22614,1.2277,2022-12-01 10:00:00,1.2255,1.2074600000000002,1.2444894736842105,2022-12-14 10:00:00,1.2444894736842105,loss,-1.0,wickdiffs_M_H4_ALL_20260121_202249.csv,187.1166666666666,1.0
M,ALL,H4,H12,GBPUSD,short,2023-07-03,2023-08-01,1.2836,1.31424,0.03064,2023-07-31 13:00:00,2023-07-31 17:00:00,1.28673,1.28703,2024-03-08 10:00:00,1.2857,1.25296,1.3201631578947368,2024-04-10 09:00:00,1.25296,win,0.95,wickdiffs_M_H4_ALL_20260121_202249.csv,82.05909090909076,1.0
M,ALL,H4,H12,GBPUSD,short,2023-12-01,2024-01-01,1.27314,1.2828,0.009660000000000002,2024-01-26 10:00:00,2024-01-26 14:00:00,1.27547,1.27586,2024-02-01 10:00:00,1.27428,1.26348,1.2856484210526318,2024-02-02 10:00:00,1.26348,win,0.9499999999999998,wickdiffs_M_H4_ALL_20260121_202249.csv,90.26212121212104,1.0
M,ALL,H4,H12,GBPUSD,short,2025-08-01,2025-09-01,1.34974,1.37266,0.02292000000000005,2025-09-23 17:00:00,2025-09-23 21:00:00,1.35272,1.35284,2025-10-01 09:00:00,1.34773,1.3268199999999999,1.374952,2025-10-10 09:00:00,1.3268199999999999,win,0.7681287194181293,wickdiffs_M_H4_ALL_20260121_202249.csv,87.1166666666667,1.0
M,ALL,H4,H12,NZDCAD,long,2016-02-01,2016-03-01,0.8754,0.892665,0.017265000000000086,2016-03-29 05:00:00,2016-03-29 09:00:00,0.88642,0.888885,2016-04-04 21:00:00,0.889905,0.9099300000000001,0.8688260526315787,2016-04-22 09:00:00,0.8688260526315787,loss,-1.0,wickdiffs_M_H4_ALL_20260121_202249.csv,107.1537878787878,1.0
M,ALL,H4,H12,NZDCAD,long,2017-08-01,2017-09-01,0.87414,0.895775,0.02163499999999996,2017-09-12 01:00:00,2017-09-12 05:00:00,0.87414,0.8755,2017-10-19 09:00:00,0.87766,0.91741,0.8358178947368422,2018-01-23 10:00:00,0.91741,win,0.95,wickdiffs_M_H4_ALL_20260121_202249.csv,79.98484848484846,1.0
M,ALL,H4,H12,NZDCAD,long,2018-04-02,2018-05-01,0.87869,0.90358,0.02489000000000008,2018-05-22 09:00:00,2018-05-22 13:00:00,0.88528,0.88536,2018-07-02 09:00:00,0.88552,0.9284700000000001,0.8403094736842104,2018-10-03 09:00:00,0.8403094736842104,loss,-1.0,wickdiffs_M_H4_ALL_20260121_202249.csv,65.47121212121218,1.0
M,ALL,H4,H12,NZDCAD,long,2018-09-03,2018-10-01,0.83222,0.85504,0.022820000000000062,2018-10-09 05:00:00,2018-10-09 09:00:00,0.8341,0.83523,2019-08-30 09:00:00,0.83981,0.8778600000000001,0.7997573684210524,2019-12-27 10:00:00,0.8778600000000001,win,0.9499999999999998,wickdiffs_M_H4_ALL_20260121_202249.csv,57.42121212121222,1.0
M,ALL,H4,H12,NZDCAD,long,2020-02-03,2020-03-02,0.80186,0.8367,0.03483999999999998,2020-03-26 05:00:00,2020-03-26 09:00:00,0.828,0.8283,2020-04-03 09:00:00,0.83229,0.87154,0.7909742105263158,2020-06-04 09:00:00,0.87154,win,0.9499999999999998,wickdiffs_M_H4_ALL_20260121_202249.csv,103.5924242424242,1.0
M,ALL,H4,H12,NZDCAD,long,2020-05-01,2020-06-01,0.83447,0.85434,0.019869999999999943,2020-05-18 05:00:00,2020-05-18 09:00:00,0.83648,0.83688,2022-01-27 22:00:00,0.83782,0.8742099999999999,0.7995147368421054,2022-03-04 10:00:00,0.8742099999999999,win,0.95,wickdiffs_M_H4_ALL_20260121_202249.csv,59.39242424242424,1.0
M,ALL,H4,H12,NZDCAD,long,2020-08-03,2020-09-01,0.85769,0.87857,0.02088000000000001,2020-08-26 09:00:00,2020-08-26 13:00:00,0.8638,0.86388,2020-10-20 09:00:00,0.8639,0.89945,0.8264789473684211,2020-11-11 10:00:00,0.89945,win,0.95,wickdiffs_M_H4_ALL_20260121_202249.csv,63.95000000000014,1.0
M,ALL,H4,H12,NZDCAD,long,2022-06-01,2022-07-01,0.79078,0.80402,0.013239999999999919,2022-07-27 21:00:00,2022-07-28 01:00:00,0.8018,0.80255,2022-08-02 21:00:00,0.80468,0.8172599999999999,0.789456,2022-08-10 09:00:00,0.8172599999999999,win,0.8263268523384133,wickdiffs_M_H4_ALL_20260121_202249.csv,72.51818181818189,1.0
M,ALL,H4,H12,NZDCAD,long,2023-06-01,2023-07-03,0.80296,0.81334,0.010379999999999945,2023-06-29 13:00:00,2023-06-29 17:00:00,0.80296,0.80303,2023-08-13 21:00:00,0.80435,0.8237199999999999,0.7839605263157896,2023-11-14 22:00:00,0.8237199999999999,win,0.95,wickdiffs_M_H4_ALL_20260121_202249.csv,71.29848484848476,1.0
M,ALL,H4,H12,NZDCAD,short,2015-07-01,2015-08-03,0.862615,0.883135,0.020519999999999983,2015-08-25 13:00:00,2015-08-25 17:00:00,0.868905,0.86926,2015-10-08 09:00:00,0.86789,0.842095,0.8950426315789475,2015-10-22 21:00:00,0.8950426315789475,loss,-1.0,wickdiffs_M_H4_ALL_20260121_202249.csv,102.3454545454545,1.0
M,ALL,H4,H12,NZDCAD,short,2020-09-01,2020-10-01,0.88128,0.89402,0.012740000000000085,2020-10-29 17:00:00,2020-10-29 21:00:00,0.88353,0.88366,2020-11-05 10:00:00,0.88242,0.8685399999999999,0.8970305263157896,2020-11-10 22:00:00,0.8970305263157896,loss,-1.0,wickdiffs_M_H4_ALL_20260121_202249.csv,62.84696969696974,1.0
M,ALL,H4,H12,NZDCAD,short,2021-04-01,2021-05-03,0.88038,0.90826,0.027879999999999905,2021-04-30 01:00:00,2021-04-30 05:00:00,0.89012,0.8905,2021-07-19 09:00:00,0.88518,0.8525000000000001,0.9195799999999997,2022-01-11 10:00:00,0.8525000000000001,win,0.95,wickdiffs_M_H4_ALL_20260121_202249.csv,65.73787878787884,1.0
M,ALL,H4,H12,NZDCAD,short,2022-12-01,2023-01-02,0.86027,0.88184,0.021569999999999978,2023-01-26 22:00:00,2023-01-27 02:00:00,0.86639,0.86778,2023-02-01 22:00:00,0.86593,0.8387,0.8945931578947368,2023-02-15 22:00:00,0.8387,win,0.95,wickdiffs_M_H4_ALL_20260121_202249.csv,88.50303030303033,1.0
M,ALL,H4,H12,NZDCAD,short,2023-03-01,2023-04-03,0.84543,0.86257,0.017139999999999933,2023-04-05 17:00:00,2023-04-05 21:00:00,0.85044,0.85114,2023-05-02 21:00:00,0.84909,0.8282900000000001,0.8709847368421052,2023-05-24 21:00:00,0.8282900000000001,win,0.95,wickdiffs_M_H4_ALL_20260121_202249.csv,72.22272727272727,1.0
M,ALL,H4,H12,NZDCAD,short,2023-07-03,2023-08-01,0.81882,0.84281,0.023989999999999956,2023-07-31 21:00:00,2023-08-01 01:00:00,0.81983,0.81984,2023-10-09 21:00:00,0.81801,0.79483,0.845209,2024-06-04 09:00:00,0.845209,loss,-1.0,wickdiffs_M_H4_ALL_20260121_202249.csv,64.13484848484836,1.0
M,ALL,H4,H12,NZDCAD,short,2023-09-01,2023-10-02,0.81449,0.82186,0.007369999999999988,2023-10-11 13:00:00,2023-10-11 17:00:00,0.81932,0.82011,2023-11-03 09:00:00,0.81909,0.8071200000000001,0.8316899999999999,2023-11-20 22:00:00,0.8316899999999999,loss,-1.0,wickdiffs_M_H4_ALL_20260121_202249.csv,56.57727272727262,1.0
M,ALL,H4,H12,NZDCHF,long,2019-05-01,2019-06-03,0.64251,0.65414,0.01163000000000003,2019-06-26 17:00:00,2019-06-26 21:00:00,0.65276,0.65296,2019-07-09 21:00:00,0.65456,0.6657700000000001,0.641347,2019-07-17 09:00:00,0.6657700000000001,win,0.8484068720199824,wickdiffs_M_H4_ALL_20260121_202249.csv,44.04848484848478,1.0
M,ALL,H4,H12,NZDCHF,long,2019-08-01,2019-09-02,0.6163,0.62407,0.007770000000000055,2019-09-23 05:00:00,2019-09-23 09:00:00,0.61962,0.61982,2019-10-01 09:00:00,0.6201,0.6318400000000001,0.6077421052631578,2019-10-03 21:00:00,0.6318400000000001,win,0.95,wickdiffs_M_H4_ALL_20260121_202249.csv,52.05,1.0
M,ALL,H4,H12,NZDCHF,long,2020-03-02,2020-04-01,0.53,0.57295,0.04294999999999993,2020-03-23 13:00:00,2020-03-23 17:00:00,0.55586,0.55742,2022-09-27 09:00:00,0.5589,0.6158999999999999,0.4989,2024-08-04 21:00:00,0.4989,loss,-1.0,wickdiffs_M_H4_ALL_20260121_202249.csv,58.52878787878789,1.0
M,ALL,H4,H12,NZDCHF,long,2020-07-01,2020-08-03,0.59088,0.60552,0.014639999999999986,2020-08-27 13:00:00,2020-08-27 17:00:00,0.60116,0.60247,2020-10-07 09:00:00,0.60348,0.6201599999999999,0.585922105263158,2020-11-09 10:00:00,0.6201599999999999,win,0.95,wickdiffs_M_H4_ALL_20260121_202249.csv,50.38484848484859,1.0
M,ALL,H4,H12,NZDCHF,long,2022-12-01,2023-01-02,0.5791,0.58722,0.008120000000000016,2023-01-05 06:00:00,2023-01-05 10:00:00,0.58137,0.58143,2023-02-07 10:00:00,0.58321,0.59534,0.5704415789473685,2023-03-09 10:00:00,0.5704415789473685,loss,-1.0,wickdiffs_M_H4_ALL_20260121_202249.csv,61.06515151515157,1.0
M,ALL,H4,H12,NZDCHF,long,2024-07-01,2024-08-01,0.4944,0.52248,0.02808000000000005,2024-08-14 21:00:00,2024-08-15 01:00:00,0.51778,0.51838,2024-09-10 21:00:00,0.51968,0.5505600000000002,0.48717473684210516,2025-04-03 21:00:00,0.48717473684210516,loss,-1.0,wickdiffs_M_H4_ALL_20260121_202249.csv,45.21363636363638,1.0
M,ALL,H4,H12,NZDCHF,long,2025-04-01,2025-05-01,0.4637,0.48993,0.026229999999999976,2025-04-16 17:00:00,2025-04-16 21:00:00,0.48151,0.48169,2025-06-23 09:00:00,0.48568,0.51616,0.4535957894736843,2025-10-16 09:00:00,0.4535957894736843,loss,-1.0,wickdiffs_M_H4_ALL_20260121_202249.csv,58.66666666666665,1.0
M,ALL,H4,H12,NZDCHF,short,2017-12-01,2018-01-01,0.6909,0.70949,0.018589999999999995,2018-01-22 22:00:00,2018-01-23 02:00:00,0.70611,0.70668,2018-04-10 21:00:00,0.70559,0.67231,0.7406215789473686,2018-06-28 21:00:00,0.67231,win,0.9499999999999998,wickdiffs_M_H4_ALL_20260121_202249.csv,58.81212121212128,1.0
M,ALL,H4,H12,NZDCHF,short,2018-04-02,2018-05-01,0.69699,0.71214,0.015149999999999997,2018-05-11 13:00:00,2018-05-11 17:00:00,0.69711,0.69788,2018-06-14 09:00:00,0.69566,0.68184,0.713655,2018-06-20 21:00:00,0.68184,win,0.7679911086412821,wickdiffs_M_H4_ALL_20260121_202249.csv,53.65984848484841,1.0
M,ALL,H4,H12,NZDCHF,short,2020-09-01,2020-10-01,0.60906,0.61861,0.009549999999999947,2020-10-30 09:00:00,2020-10-30 13:00:00,0.6099,0.61015,2020-11-02 10:00:00,0.6096,0.5995100000000001,0.6202210526315789,2020-11-09 10:00:00,0.6202210526315789,loss,-1.0,wickdiffs_M_H4_ALL_20260121_202249.csv,50.37727272727281,1.0
M,ALL,H4,H12,NZDCHF,short,2021-03-01,2021-04-01,0.65904,0.67286,0.013820000000000054,2021-04-29 05:00:00,2021-04-29 09:00:00,0.66034,0.66152,2021-05-05 21:00:00,0.65587,0.6452199999999999,0.674242,2021-05-20 21:00:00,0.6452199999999999,win,0.5796864794252132,wickdiffs_M_H4_ALL_20260121_202249.csv,54.22727272727276,1.0
M,ALL,H4,H12,NZDCHF,short,2021-08-02,2021-09-01,0.64503,0.65815,0.01312000000000002,2021-09-24 01:00:00,2021-09-24 05:00:00,0.65417,0.6543,2021-10-17 21:00:00,0.65362,0.63191,0.6764726315789473,2021-11-25 22:00:00,0.63191,win,0.95,wickdiffs_M_H4_ALL_20260121_202249.csv,52.96666666666659,1.0
M,ALL,H4,H12,NZDCHF,short,2022-08-01,2022-09-01,0.59855,0.60881,0.010259999999999936,2022-09-02 09:00:00,2022-09-02 13:00:00,0.60191,0.60221,2022-12-04 22:00:00,0.59846,0.5882900000000001,0.6098359999999999,2022-12-15 22:00:00,0.5882900000000001,win,0.8939873417721478,wickdiffs_M_H4_ALL_20260121_202249.csv,69.13333333333328,1.0
M,ALL,H4,H12,NZDJPY,long,2015-03-02,2015-04-01,87.3135,89.742,2.4284999999999997,2015-04-01 21:00:00,2015-04-02 01:00:00,88.8425,88.904,2015-05-07 09:00:00,89.222,92.1705,86.11831578947367,2015-06-10 21:00:00,86.11831578947367,loss,-1.0,wickdiffs_M_H4_ALL_20260121_202249.csv,100.8742424242424,1.0
M,ALL,H4,H12,NZDJPY,long,2015-11-02,2015-12-01,79.476,81.042,1.5660000000000025,2015-11-18 14:00:00,2015-11-18 18:00:00,79.476,79.4895,2016-01-05 10:00:00,79.8265,82.608,76.89860526315788,2016-01-08 10:00:00,76.89860526315788,loss,-1.0,wickdiffs_M_H4_ALL_20260121_202249.csv,95.2136363636365,1.0
M,ALL,H4,H12,NZDJPY,long,2016-04-01,2016-05-02,72.547,74.176,1.6290000000000049,2016-05-27 17:00:00,2016-05-29 21:00:00,73.741,73.8205,2016-06-05 21:00:00,74.157,75.805,72.38409999999999,2016-06-08 21:00:00,75.805,win,0.9295504540583247,wickdiffs_M_H4_ALL_20260121_202249.csv,104.9219696969698,1.0
M,ALL,H4,H12,NZDJPY,long,2018-12-03,2019-01-01,70.704,73.635,2.9310000000000116,2019-01-03 18:00:00,2019-01-03 22:00:00,71.843,71.884,2019-05-07 21:00:00,72.576,76.56600000000002,68.37599999999996,2019-08-06 21:00:00,68.37599999999996,loss,-1.0,wickdiffs_M_H4_ALL_20260121_202249.csv,60.27575757575767,1.0
M,ALL,H4,H12,NZDJPY,long,2022-04-01,2022-05-02,79.458,83.812,4.353999999999999,2022-05-31 09:00:00,2022-05-31 13:00:00,83.298,83.434,2022-06-16 09:00:00,84.144,88.166,79.0226,2022-12-12 22:00:00,88.166,win,0.7853321357441295,wickdiffs_M_H4_ALL_20260121_202249.csv,113.3242424242426,1.0
M,ALL,H4,H12,NZDJPY,long,2024-07-01,2024-08-01,83.058,89.219,6.160999999999987,2024-08-19 05:00:00,2024-08-19 09:00:00,88.24,88.593,2024-09-05 21:00:00,88.814,95.37999999999998,81.90242105263158,2025-04-04 09:00:00,81.90242105263158,loss,-1.0,wickdiffs_M_H4_ALL_20260121_202249.csv,103.7818181818183,1.0
M,ALL,H4,H12,NZDJPY,short,2015-10-01,2015-11-02,81.7355,82.6935,0.9579999999999984,2015-10-26 17:00:00,2015-10-26 21:00:00,82.216,82.2205,2015-12-02 22:00:00,82.21,80.7775,83.71789473684208,2015-12-09 10:00:00,80.7775,win,0.95,wickdiffs_M_H4_ALL_20260121_202249.csv,104.4333333333335,1.0
M,ALL,H4,H12,NZDJPY,short,2016-11-01,2016-12-01,81.063,83.7395,2.6765000000000043,2016-12-15 06:00:00,2016-12-15 10:00:00,83.516,83.7395,2017-01-26 22:00:00,83.44,78.3865,88.75947368421052,2017-03-21 21:00:00,78.3865,win,0.95,wickdiffs_M_H4_ALL_20260121_202249.csv,83.87121212121204,1.0
M,ALL,H4,H12,NZDJPY,short,2017-09-01,2017-10-02,81.122,82.762,1.6400000000000006,2017-10-01 21:00:00,2017-10-02 01:00:00,81.327,81.402,2018-01-22 22:00:00,81.071,79.482,82.926,2018-01-29 22:00:00,79.482,win,0.8566037735849031,wickdiffs_M_H4_ALL_20260121_202249.csv,63.28409090909096,1.0
M,ALL,H4,H12,NZDJPY,short,2018-03-01,2018-04-02,76.934,79.616,2.682000000000002,2018-04-24 09:00:00,2018-04-24 13:00:00,77.602,77.79,2018-06-05 21:00:00,77.406,74.252,80.72600000000001,2018-07-02 09:00:00,74.252,win,0.95,wickdiffs_M_H4_ALL_20260121_202249.csv,71.08939393939397,1.0
M,ALL,H4,H12,NZDJPY,short,2021-08-02,2021-09-01,77.522,78.654,1.1319999999999908,2021-09-28 17:00:00,2021-09-28 21:00:00,77.647,77.66,2021-10-05 09:00:00,77.637,76.39000000000001,78.94963157894735,2021-10-12 09:00:00,78.94963157894735,loss,-1.0,wickdiffs_M_H4_ALL_20260121_202249.csv,75.44999999999986,1.0
M,ALL,H4,H12,NZDJPY,short,2023-04-03,2023-05-01,84.262,87.312,3.049999999999997,2023-05-22 21:00:00,2023-05-23 01:00:00,87.289,87.312,2023-06-14 21:00:00,87.238,81.212,93.58115789473683,2024-04-26 09:00:00,93.58115789473683,loss,-1.0,wickdiffs_M_H4_ALL_20260121_202249.csv,92.16060606060611,1.0
M,ALL,H4,H12,NZDJPY,short,2024-02-01,2024-03-01,91.29,93.454,2.1639999999999873,2024-03-21 05:00:00,2024-03-21 09:00:00,92.024,92.204,2024-04-09 09:00:00,91.96,89.12600000000002,94.94315789473681,2024-04-28 21:00:00,94.94315789473681,loss,-1.0,wickdiffs_M_H4_ALL_20260121_202249.csv,59.11515151515145,1.0
M,ALL,H4,H12,NZDJPY,short,2025-03-03,2025-04-01,85.13,87.373,2.243000000000009,2025-04-25 01:00:00,2025-04-25 05:00:00,85.952,86.068,2025-05-01 09:00:00,85.874,82.88699999999999,89.0182105263158,2025-07-27 21:00:00,89.0182105263158,loss,-1.0,wickdiffs_M_H4_ALL_20260121_202249.csv,116.0681818181819,1.0
M,ALL,H4,H12,NZDUSD,long,2015-03-02,2015-04-01,0.71913,0.74698,0.02784999999999993,2015-03-18 05:00:00,2015-03-18 09:00:00,0.72752,0.72844,2015-05-20 09:00:00,0.7307,0.7748299999999999,0.6842473684210527,2015-06-22 21:00:00,0.6842473684210527,loss,-1.0,wickdiffs_M_H4_ALL_20260121_202249.csv,101.7575757575758,1.0
M,ALL,H4,H12,NZDUSD,long,2015-08-03,2015-09-01,0.60871,0.634105,0.025395000000000056,2015-09-24 05:00:00,2015-09-24 09:00:00,0.62686,0.62782,2019-09-02 21:00:00,0.62908,0.6595000000000001,0.5970589473684209,2019-12-11 10:00:00,0.6595000000000001,win,0.95,wickdiffs_M_H4_ALL_20260121_202249.csv,49.26666666666667,1.0
M,ALL,H4,H12,NZDUSD,long,2017-08-01,2017-09-01,0.7132,0.71774,0.0045400000000000995,2017-09-04 17:00:00,2017-09-04 21:00:00,0.71584,0.71591,2017-10-02 21:00:00,0.71641,0.7222800000000001,0.709415606060606,2017-10-05 21:00:00,0.709415606060606,loss,-1.0,wickdiffs_M_H4_ALL_20260121_202249.csv,69.94393939393949,1.0
M,ALL,H4,H12,NZDUSD,long,2018-08-01,2018-09-03,0.65012,0.66202,0.011900000000000022,2018-09-17 21:00:00,2018-09-18 01:00:00,0.65616,0.65666,2018-10-02 21:00:00,0.65688,0.6739200000000001,0.6389431578947368,2018-11-06 10:00:00,0.6739200000000001,win,0.95,wickdiffs_M_H4_ALL_20260121_202249.csv,54.1090909090909,1.0
M,ALL,H4,H12,NZDUSD,long,2018-12-03,2019-01-01,0.65819,0.67178,0.013589999999999991,2019-01-03 02:00:00,2019-01-03 06:00:00,0.66221,0.66226,2019-04-23 21:00:00,0.66274,0.68537,0.638918947368421,2019-08-06 21:00:00,0.638918947368421,loss,-1.0,wickdiffs_M_H4_ALL_20260121_202249.csv,53.62424242424253,1.0
M,ALL,H4,H12,NZDUSD,long,2019-05-01,2019-06-03,0.64818,0.65356,0.005380000000000051,2019-06-18 09:00:00,2019-06-18 13:00:00,0.65042,0.65071,2019-08-02 09:00:00,0.65371,0.6589400000000001,0.6476419999999999,2019-08-05 21:00:00,0.6589400000000001,win,0.8618984838497041,wickdiffs_M_H4_ALL_20260121_202249.csv,44.83181818181827,1.0
M,ALL,H4,H12,NZDUSD,long,2020-03-02,2020-04-01,0.54694,0.59616,0.04922000000000004,2020-04-22 21:00:00,2020-04-23 01:00:00,0.59106,0.59262,2020-05-15 09:00:00,0.59337,0.6453800000000001,0.5386226315789472,2020-06-04 09:00:00,0.6453800000000001,win,0.95,wickdiffs_M_H4_ALL_20260121_202249.csv,105.3181818181818,1.0
M,ALL,H4,H12,NZDUSD,long,2021-11-01,2021-12-01,0.67016,0.68236,0.012199999999999989,2021-12-20 18:00:00,2021-12-20 22:00:00,0.67034,0.67125,2022-01-20 22:00:00,0.67146,0.69456,0.6471442105263158,2022-03-22 09:00:00,0.69456,win,0.95,wickdiffs_M_H4_ALL_20260121_202249.csv,59.04393939393937,1.0
M,ALL,H4,H12,NZDUSD,long,2022-04-01,2022-05-02,0.62166,0.64576,0.02410000000000001,2022-05-25 09:00:00,2022-05-25 13:00:00,0.64368,0.644,2022-06-07 09:00:00,0.64899,0.66986,0.61925,2022-06-30 21:00:00,0.61925,loss,-1.0,wickdiffs_M_H4_ALL_20260121_202249.csv,75.66666666666661,1.0
M,ALL,H4,H12,NZDUSD,long,2023-08-01,2023-09-01,0.58592,0.59664,0.010719999999999952,2023-09-07 17:00:00,2023-09-07 21:00:00,0.58736,0.58758,2023-10-03 21:00:00,0.59008,0.6073599999999999,0.5718905263157896,2023-11-20 22:00:00,0.6073599999999999,win,0.95,wickdiffs_M_H4_ALL_20260121_202249.csv,61.3909090909092,1.0
M,ALL,H4,H12,NZDUSD,long,2025-07-01,2025-08-01,0.58,0.5895,0.009500000000000064,2025-08-27 17:00:00,2025-08-27 21:00:00,0.58487,0.58568,2025-09-01 21:00:00,0.58576,0.5990000000000001,0.5718231578947366,2025-09-16 09:00:00,0.5990000000000001,win,0.95,wickdiffs_M_H4_ALL_20260121_202249.csv,52.0712121212121,1.0
M,ALL,H4,H12,NZDUSD,short,2016-09-01,2016-10-03,0.72849,0.74855,0.020060000000000078,2016-09-27 05:00:00,2016-09-27 09:00:00,0.73142,0.73304,2016-11-02 21:00:00,0.729475,0.7084299999999999,0.7516276315789474,2016-11-13 22:00:00,0.7084299999999999,win,0.95,wickdiffs_M_H4_ALL_20260121_202249.csv,75.21893939393948,1.0
M,ALL,H4,H12,NZDUSD,short,2017-09-01,2017-10-02,0.7212,0.74356,0.022360000000000047,2017-09-22 17:00:00,2017-09-24 21:00:00,0.73378,0.73472,2018-01-22 22:00:00,0.73257,0.6988399999999999,0.768075263157895,2018-05-02 09:00:00,0.6988399999999999,win,0.95,wickdiffs_M_H4_ALL_20260121_202249.csv,61.20454545454552,1.0
M,ALL,H4,H12,NZDUSD,short,2018-09-03,2018-10-01,0.66205,0.66994,0.007889999999999953,2018-09-26 17:00:00,2018-09-26 21:00:00,0.66863,0.6697,2018-11-01 21:00:00,0.66644,0.6541600000000001,0.6793663157894737,2018-11-07 10:00:00,0.6793663157894737,loss,-1.0,wickdiffs_M_H4_ALL_20260121_202249.csv,52.55303030303027,1.0
M,ALL,H4,H12,NZDUSD,short,2023-03-01,2023-04-03,0.62552,0.63809,0.012570000000000081,2023-04-14 01:00:00,2023-04-14 05:00:00,0.63126,0.63149,2023-05-04 21:00:00,0.62955,0.6129499999999999,0.6470236842105266,2023-05-24 09:00:00,0.6129499999999999,win,0.95,wickdiffs_M_H4_ALL_20260121_202249.csv,69.32424242424234,1.0
M,ALL,H4,H12,USDCAD,long,2017-09-01,2017-10-02,1.2062,1.24714,0.040939999999999976,2017-09-27 09:00:00,2017-09-27 13:00:00,1.23358,1.23767,2018-01-05 10:00:00,1.241365,1.28808,1.192191315789474,2018-03-01 10:00:00,1.28808,win,0.95,wickdiffs_M_H4_ALL_20260121_202249.csv,82.2219696969697,1.0
M,ALL,H4,H12,USDCAD,long,2018-09-03,2018-10-01,1.27828,1.29092,0.012639999999999985,2018-10-04 09:00:00,2018-10-04 13:00:00,1.28576,1.2862,2020-12-03 10:00:00,1.28622,1.30356,1.2679673684210524,2021-01-03 22:00:00,1.2679673684210524,loss,-1.0,wickdiffs_M_H4_ALL_20260121_202249.csv,82.07575757575759,1.0
M,ALL,H4,H12,USDCAD,long,2020-12-01,2021-01-01,1.2589,1.27342,0.014520000000000088,2021-01-21 10:00:00,2021-01-21 14:00:00,1.2589,1.26056,2021-02-19 10:00:00,1.2617,1.28794,1.234078947368421,2021-04-28 09:00:00,1.234078947368421,loss,-1.0,wickdiffs_M_H4_ALL_20260121_202249.csv,81.46515151515159,1.0
M,ALL,H4,H12,USDCAD,short,2016-01-01,2016-02-01,1.39748,1.46903,0.07155,2016-01-20 06:00:00,2016-01-20 10:00:00,1.466485,1.46903,2020-03-18 21:00:00,1.44896,1.32593,1.5784652631578948,2020-08-05 09:00:00,1.32593,win,0.95,wickdiffs_M_H4_ALL_20260121_202249.csv,74.24242424242429,1.0
M,ALL,H4,H12,USDCAD,short,2017-08-01,2017-09-01,1.24825,1.27784,0.029590000000000005,2017-08-17 17:00:00,2017-08-17 21:00:00,1.2684,1.26912,2017-10-24 09:00:00,1.267485,1.21866,1.318879736842105,2018-06-15 09:00:00,1.318879736842105,loss,-1.0,wickdiffs_M_H4_ALL_20260121_202249.csv,93.56515151515144,1.0
M,ALL,H4,H12,USDCAD,short,2018-03-01,2018-04-02,1.289815,1.31252,0.022704999999999975,2018-03-21 05:00:00,2018-03-21 09:00:00,1.30458,1.30544,2018-05-29 09:00:00,1.30205,1.26711,1.338828947368421,2018-12-05 10:00:00,1.338828947368421,loss,-1.0,wickdiffs_M_H4_ALL_20260121_202249.csv,92.66212121212116,1.0
M,ALL,H4,H12,USDCAD,short,2018-06-01,2018-07-02,1.31345,1.33862,0.025169999999999915,2018-07-25 01:00:00,2018-07-25 05:00:00,1.31652,1.31664,2018-08-12 21:00:00,1.31548,1.28828,1.3441115789473683,2018-09-30 21:00:00,1.28828,win,0.95,wickdiffs_M_H4_ALL_20260121_202249.csv,91.751515151515,1.0
M,ALL,H4,H12,USDCAD,short,2019-11-01,2019-12-02,1.32782,1.33278,0.0049600000000000755,2019-11-20 14:00:00,2019-11-20 18:00:00,1.33266,1.33278,2020-02-10 10:00:00,1.33176,1.32286,1.3411284210526317,2020-02-17 10:00:00,1.32286,win,0.95,wickdiffs_M_H4_ALL_20260121_202249.csv,49.15227272727279,1.0
M,ALL,H4,H12,USDCAD,short,2021-11-01,2021-12-01,1.27776,1.2964,0.01863999999999999,2021-12-30 06:00:00,2021-12-30 10:00:00,1.28099,1.28128,2022-01-05 22:00:00,1.27851,1.25912,1.2989205263157895,2022-01-11 10:00:00,1.25912,win,0.95,wickdiffs_M_H4_ALL_20260121_202249.csv,78.32272727272725,1.0
M,ALL,H4,H12,USDCAD,short,2022-01-03,2022-02-01,1.2709,1.28776,0.016860000000000097,2022-02-28 02:00:00,2022-02-28 06:00:00,1.27904,1.28098,2022-03-04 10:00:00,1.2728,1.2540399999999998,1.2925473684210527,2022-03-24 09:00:00,1.2540399999999998,win,0.9499999999999998,wickdiffs_M_H4_ALL_20260121_202249.csv,87.04090909090907,1.0
M,ALL,H4,H12,USDCAD,short,2022-06-01,2022-07-01,1.28745,1.32236,0.03491,2022-07-24 21:00:00,2022-07-25 01:00:00,1.29447,1.29468,2022-08-05 09:00:00,1.29376,1.25254,1.3371494736842107,2022-09-20 09:00:00,1.3371494736842107,loss,-1.0,wickdiffs_M_H4_ALL_20260121_202249.csv,97.57575757575763,1.0
M,ALL,H4,H12,USDCHF,long,2015-04-01,2015-05-01,0.90721,0.93244,0.025230000000000086,2015-05-15 17:00:00,2015-05-17 21:00:00,0.913795,0.91513,2015-06-18 09:00:00,0.92148,0.9576700000000001,0.8833852631578946,2015-07-16 09:00:00,0.9576700000000001,win,0.95,wickdiffs_M_H4_ALL_20260121_202249.csv,126.7212121212121,1.0
M,ALL,H4,H12,USDCHF,long,2020-03-02,2020-04-01,0.91819,0.96107,0.04288000000000003,2020-03-27 17:00:00,2020-03-29 21:00:00,0.95026,0.9506,2020-06-09 09:00:00,0.95076,1.0039500000000001,0.8947705263157895,2020-12-02 10:00:00,0.8947705263157895,loss,-1.0,wickdiffs_M_H4_ALL_20260121_202249.csv,89.02575757575761,1.0
M,ALL,H4,H12,USDCHF,short,2015-03-02,2015-04-01,0.97255,1.012865,0.04031499999999988,2015-03-20 01:00:00,2015-03-20 05:00:00,0.98986,0.990485,2015-08-11 09:00:00,0.988165,0.9322350000000001,1.0470386842105261,2015-08-24 09:00:00,0.9322350000000001,win,0.95,wickdiffs_M_H4_ALL_20260121_202249.csv,102.4431818181817,1.0
M,ALL,H4,H12,USDCHF,short,2015-05-01,2015-06-01,0.940125,0.95432,0.014194999999999958,2015-05-27 09:00:00,2015-05-27 13:00:00,0.95381,0.95432,2015-07-15 09:00:00,0.951955,0.92593,0.9793497368421052,2015-08-04 21:00:00,0.9793497368421052,loss,-1.0,wickdiffs_M_H4_ALL_20260121_202249.csv,117.3378787878787,1.0
M,ALL,H4,H12,USDCHF,short,2018-04-02,2018-05-01,0.99087,1.00573,0.014859999999999984,2018-05-15 09:00:00,2018-05-15 13:00:00,1.00376,1.00416,2018-07-12 21:00:00,1.00334,0.97601,1.0321084210526312,2018-08-28 09:00:00,0.97601,win,0.95,wickdiffs_M_H4_ALL_20260121_202249.csv,60.56060606060601,1.0
M,ALL,H4,H12,USDCHF,short,2018-06-01,2018-07-02,0.99053,1.00678,0.016249999999999987,2018-07-27 05:00:00,2018-07-27 09:00:00,0.99704,0.99784,2018-08-06 09:00:00,0.99658,0.97428,1.0200536842105263,2018-08-29 09:00:00,0.97428,win,0.95,wickdiffs_M_H4_ALL_20260121_202249.csv,60.16212121212112,1.0
M,ALL,H4,H12,USDCHF,short,2019-02-01,2019-03-01,0.99804,1.01244,0.014399999999999968,2019-03-12 01:00:00,2019-03-12 05:00:00,1.01099,1.01124,2019-04-17 09:00:00,1.01054,0.9836400000000001,1.038855789473684,2019-06-20 09:00:00,0.9836400000000001,win,0.95,wickdiffs_M_H4_ALL_20260121_202249.csv,45.45606060606037,1.0
M,ALL,H4,H12,USDCHF,short,2020-02-03,2020-03-02,0.96535,0.9902,0.024849999999999928,2020-03-31 13:00:00,2020-03-31 17:00:00,0.96636,0.96854,2020-04-01 09:00:00,0.96566,0.9405000000000001,0.9926849999999999,2020-06-10 21:00:00,0.9405000000000001,win,0.9309898242368133,wickdiffs_M_H4_ALL_20260121_202249.csv,79.87424242424252,1.0
M,ALL,H4,H12,USDCHF,short,2021-11-01,2021-12-01,0.91837,0.93737,0.019000000000000017,2021-12-23 10:00:00,2021-12-23 14:00:00,0.92129,0.92132,2022-01-06 10:00:00,0.92122,0.89937,0.9442200000000001,2022-03-16 09:00:00,0.9442200000000001,loss,-1.0,wickdiffs_M_H4_ALL_20260121_202249.csv,55.83181818181804,1.0
M,ALL,H4,H12,USDCHF,short,2022-04-01,2022-05-02,0.9734,1.00646,0.03305999999999987,2022-05-17 01:00:00,2022-05-17 05:00:00,1.00182,1.0024,2022-06-14 09:00:00,1.00158,0.9403400000000002,1.0660431578947365,2022-08-10 09:00:00,0.9403400000000002,win,0.95,wickdiffs_M_H4_ALL_20260121_202249.csv,77.08484848484845,1.0
M,ALL,H4,H12,USDCHF,short,2025-10-01,2025-11-03,0.8046,0.81244,0.00784000000000007,2025-11-26 10:00:00,2025-11-26 14:00:00,0.80831,0.80836,2025-12-08 10:00:00,0.8068,0.7967599999999999,0.8173684210526316,2025-12-11 10:00:00,0.7967599999999999,win,0.95,wickdiffs_M_H4_ALL_20260121_202249.csv,51.6893939393939,1.0
M,ALL,H4,H12,USDJPY,long,2015-09-01,2015-10-01,118.0645,119.8815,1.8170000000000073,2015-10-15 13:00:00,2015-10-15 17:00:00,118.2325,118.4075,2016-01-05 22:00:00,118.4775,121.69850000000001,115.08697368421053,2016-02-08 22:00:00,115.08697368421053,loss,-1.0,wickdiffs_M_H4_ALL_20260121_202249.csv,79.175,1.0
M,ALL,H4,H12,USDJPY,long,2015-12-01,2016-01-01,115.973,120.2065,4.2335000000000065,2016-01-20 14:00:00,2016-01-20 18:00:00,116.2025,116.399,2016-02-05 10:00:00,116.867,124.44000000000001,108.89542105263158,2016-04-06 21:00:00,108.89542105263158,loss,-1.0,wickdiffs_M_H4_ALL_20260121_202249.csv,96.32727272727276,1.0
M,ALL,H4,H12,USDJPY,long,2016-07-01,2016-08-01,99.544,102.068,2.524000000000001,2016-08-26 09:00:00,2016-08-26 13:00:00,100.065,100.2,2016-09-21 21:00:00,100.8025,104.592,96.81355263157894,2016-10-12 21:00:00,104.592,win,0.95,wickdiffs_M_H4_ALL_20260121_202249.csv,128.4977272727272,1.0
M,ALL,H4,H12,USDJPY,long,2017-03-01,2017-04-03,108.13,111.3875,3.2575000000000074,2017-04-24 17:00:00,2017-04-24 21:00:00,109.594,109.664,2017-06-05 21:00:00,109.7175,114.64500000000001,104.53065789473683,2017-11-05 22:00:00,114.64500000000001,win,0.95,wickdiffs_M_H4_ALL_20260121_202249.csv,88.55378787878807,1.0
M,ALL,H4,H12,USDJPY,long,2017-11-01,2017-12-01,110.843,112.533,1.6899999999999977,2017-11-28 14:00:00,2017-11-28 18:00:00,111.059,111.089,2018-01-11 10:00:00,111.2695,114.223,108.16055263157894,2018-02-09 10:00:00,108.16055263157894,loss,-1.0,wickdiffs_M_H4_ALL_20260121_202249.csv,69.6545454545455,1.0
M,ALL,H4,H12,USDJPY,long,2018-10-01,2018-11-01,111.378,112.944,1.5660000000000025,2018-10-29 17:00:00,2018-10-29 21:00:00,112.19,112.304,2018-12-06 10:00:00,112.672,114.51,110.73726315789473,2018-12-24 10:00:00,110.73726315789473,loss,-1.0,wickdiffs_M_H4_ALL_20260121_202249.csv,61.62121212121213,1.0
M,ALL,H4,H12,USDJPY,long,2019-01-01,2019-02-01,104.819,108.872,4.052999999999997,2019-01-10 02:00:00,2019-01-10 06:00:00,107.77,107.82,2019-06-05 09:00:00,108.46,112.925,103.75999999999999,2020-03-08 21:00:00,103.75999999999999,loss,-1.0,wickdiffs_M_H4_ALL_20260121_202249.csv,53.58787878787884,1.0
M,ALL,H4,H12,USDJPY,long,2019-03-01,2019-04-01,109.709,110.849,1.1400000000000006,2019-03-25 17:00:00,2019-03-25 21:00:00,109.752,109.935,2019-05-07 21:00:00,110.148,111.989,108.21010526315789,2019-06-02 21:00:00,108.21010526315789,loss,-1.0,wickdiffs_M_H4_ALL_20260121_202249.csv,50.15909090909083,1.0
M,ALL,H4,H12,USDJPY,long,2020-07-01,2020-08-03,104.188,105.896,1.7079999999999984,2020-08-28 17:00:00,2020-08-30 21:00:00,105.294,105.338,2020-09-15 09:00:00,105.447,107.604,103.17647368421053,2020-12-16 22:00:00,103.17647368421053,loss,-1.0,wickdiffs_M_H4_ALL_20260121_202249.csv,61.22424242424233,1.0
M,ALL,H4,H12,USDJPY,long,2021-07-01,2021-08-02,108.721,109.721,1.0,2021-08-17 05:00:00,2021-08-17 09:00:00,109.118,109.174,2021-09-15 09:00:00,109.374,110.721,107.95610526315788,2021-09-24 09:00:00,110.721,win,0.95,wickdiffs_M_H4_ALL_20260121_202249.csv,52.87575757575749,1.0
M,ALL,H4,H12,USDJPY,long,2024-05-01,2024-06-03,151.858,157.302,5.443999999999988,2024-05-03 09:00:00,2024-05-03 13:00:00,151.858,152.17,2024-07-24 21:00:00,152.71,162.74599999999998,142.14578947368426,2024-08-04 21:00:00,142.14578947368426,loss,-1.0,wickdiffs_M_H4_ALL_20260121_202249.csv,129.9651515151514,1.0
M,ALL,H4,H12,USDJPY,long,2025-08-01,2025-09-01,145.483,147.017,1.5339999999999918,2025-09-17 21:00:00,2025-09-18 01:00:00,146.768,146.846,2025-10-01 09:00:00,147.071,148.551,145.3296,2025-10-05 21:00:00,148.551,win,0.8498908923854317,wickdiffs_M_H4_ALL_20260121_202249.csv,121.539393939394,1.0
M,ALL,H4,H12,USDJPY,short,2015-03-02,2015-04-01,120.142,122.0285,1.886499999999998,2015-03-18 01:00:00,2015-03-18 05:00:00,121.3715,121.4105,2015-05-20 09:00:00,121.3635,118.2555,124.63507894736843,2015-06-01 09:00:00,124.63507894736843,loss,-1.0,wickdiffs_M_H4_ALL_20260121_202249.csv,81.5712121212123,1.0
M,ALL,H4,H12,USDJPY,short,2017-04-03,2017-05-01,111.52,114.379,2.859000000000009,2017-05-10 17:00:00,2017-05-10 21:00:00,114.374,114.379,2017-07-10 21:00:00,114.321,108.66099999999999,120.27889473684212,2017-08-18 09:00:00,108.66099999999999,win,0.95,wickdiffs_M_H4_ALL_20260121_202249.csv,88.41893939393958,1.0
M,ALL,H4,H12,USDJPY,short,2018-04-02,2018-05-01,109.342,111.397,2.055000000000007,2018-05-22 13:00:00,2018-05-22 17:00:00,111.025,111.08,2018-07-01 21:00:00,110.802,107.28699999999999,114.50200000000002,2018-10-03 09:00:00,114.50200000000002,loss,-1.0,wickdiffs_M_H4_ALL_20260121_202249.csv,66.59090909090898,1.0
M,ALL,H4,H12,USDJPY,short,2019-09-02,2019-10-01,108.07,109.288,1.2180000000000035,2019-10-17 05:00:00,2019-10-17 09:00:00,108.871,108.941,2019-11-04 22:00:00,108.856,106.85199999999999,110.96547368421052,2020-02-19 10:00:00,110.96547368421052,loss,-1.0,wickdiffs_M_H4_ALL_20260121_202249.csv,66.67424242424244,1.0
M,ALL,H4,H12,USDJPY,short,2020-06-01,2020-07-01,107.933,109.85,1.9169999999999874,2020-06-05 13:00:00,2020-06-05 17:00:00,109.758,109.85,2021-03-26 09:00:00,109.682,106.01600000000002,113.54094736842103,2021-10-12 09:00:00,113.54094736842103,loss,-1.0,wickdiffs_M_H4_ALL_20260121_202249.csv,52.17121212121205,1.0
M,ALL,H4,H12,USDJPY,short,2022-01-03,2022-02-01,115.136,116.352,1.2160000000000082,2022-02-10 10:00:00,2022-02-10 14:00:00,116.195,116.34,2022-03-09 22:00:00,115.94,113.91999999999999,118.06631578947369,2022-03-14 09:00:00,118.06631578947369,loss,-1.0,wickdiffs_M_H4_ALL_20260121_202249.csv,60.69848484848478,1.0
