mode,wd_variant,wd_entry_ltf,wd_source_ltf,entry_ltf,pair,direction,pivot_first_time,pivot_second_time,pivot_low,pivot_high,pivot_range,wd_first_time,wd_second_time,wd_low,wd_high,entry_time,entry_price,tp_price,sl_price,exit_time,exit_price,result,rr_signed,planned_rr,wickdiff_file,dyn_min_sl_pips,VOL
W,ALL,H4,H4,H4,AUDCAD,long,2016-02-01,2016-02-08,0.97122,0.98345,0.012230000000000074,2016-02-12 14:00:00,2016-02-12 18:00:00,0.98101,0.98172,2016-02-17 14:00:00,0.98248,0.9956800000000001,0.969997,2016-02-23 10:00:00,0.9956800000000001,win,1.0574381158375452,1.0574381158375452,wickdiffs_W_H4_ALL_20260121_202249.csv,96.59469696969695,1.0
W,ALL,H4,H4,H4,AUDCAD,long,2017-09-11,2017-09-18,0.9694,0.97639,0.006989999999999941,2017-09-22 01:00:00,2017-09-22 05:00:00,0.97506,0.9756,2017-09-26 13:00:00,0.97601,0.9833799999999999,0.9683284848484849,2017-10-13 13:00:00,0.9833799999999999,win,0.9594461319973008,0.9594461319973008,wickdiffs_W_H4_ALL_20260121_202249.csv,76.81515151515156,1.0
W,ALL,H4,H4,H4,AUDCAD,long,2018-12-31,2019-01-07,0.90969,0.95127,0.04157999999999995,2019-01-04 10:00:00,2019-01-04 14:00:00,0.94515,0.94524,2019-01-24 22:00:00,0.94566,0.9928499999999999,0.905532,2019-07-30 13:00:00,0.905532,loss,-1.0,1.1759868421052637,wickdiffs_W_H4_ALL_20260121_202249.csv,70.24545454545456,1.0
W,ALL,H4,H4,H4,AUDCAD,long,2019-10-07,2019-10-14,0.88809,0.8969,0.008809999999999985,2019-10-17 17:00:00,2019-10-17 21:00:00,0.89609,0.89618,2019-10-23 01:00:00,0.89666,0.90571,0.887209,2019-10-30 13:00:00,0.90571,win,0.9575706274468326,0.9575706274468326,wickdiffs_W_H4_ALL_20260121_202249.csv,56.76060606060599,1.0
W,ALL,H4,H4,H4,AUDCAD,long,2019-11-11,2019-11-18,0.89669,0.90175,0.0050600000000000644,2019-11-22 10:00:00,2019-11-22 14:00:00,0.90028,0.90078,2019-11-25 14:00:00,0.90126,0.9068100000000001,0.8959093939393938,2019-12-02 14:00:00,0.9068100000000001,win,1.0372656736705288,1.0372656736705288,wickdiffs_W_H4_ALL_20260121_202249.csv,53.50606060606066,1.0
W,ALL,H4,H4,H4,AUDCAD,long,2022-07-11,2022-07-18,0.87359,0.88488,0.011290000000000022,2022-07-15 05:00:00,2022-07-15 09:00:00,0.88186,0.88204,2022-09-08 01:00:00,0.88374,0.89617,0.8724609999999999,2022-09-13 09:00:00,0.89617,win,1.1020480539054889,1.1020480539054889,wickdiffs_W_H4_ALL_20260121_202249.csv,74.44848484848474,1.0
W,ALL,H4,H4,H4,AUDCAD,long,2025-08-18,2025-08-25,0.8904,0.89748,0.007080000000000086,2025-08-27 05:00:00,2025-08-27 09:00:00,0.89524,0.89576,2025-09-02 05:00:00,0.89686,0.9045600000000001,0.8896919999999999,2025-09-05 09:00:00,0.9045600000000001,win,1.0742187500000115,1.0742187500000115,wickdiffs_W_H4_ALL_20260121_202249.csv,50.1515151515151,1.0
W,ALL,H4,H4,H4,AUDCAD,short,2016-04-11,2016-04-18,0.99037,0.99628,0.005910000000000082,2016-04-18 09:00:00,2016-04-18 13:00:00,0.99551,0.99628,2016-07-12 05:00:00,0.99536,0.9844599999999999,1.0042006060606061,2016-07-14 13:00:00,0.9844599999999999,win,1.232947144717914,1.232947144717914,wickdiffs_W_H4_ALL_20260121_202249.csv,88.40606060606063,1.0
W,ALL,H4,H4,H4,AUDCAD,short,2017-11-20,2017-11-27,0.96812,0.97848,0.010360000000000036,2017-12-01 14:00:00,2017-12-01 18:00:00,0.96917,0.97101,2017-12-05 02:00:00,0.96849,0.95776,0.979516,2017-12-13 14:00:00,0.979516,loss,-1.0,0.9731543624161009,wickdiffs_W_H4_ALL_20260121_202249.csv,63.92121212121221,1.0
W,ALL,H4,H4,H4,AUDCAD,short,2018-12-10,2018-12-17,0.96046,0.97032,0.00985999999999998,2018-12-21 10:00:00,2018-12-21 14:00:00,0.96176,0.96288,2018-12-28 10:00:00,0.96172,0.9506,0.971306,2019-01-02 14:00:00,0.9506,win,1.1600250365115834,1.1600250365115834,wickdiffs_W_H4_ALL_20260121_202249.csv,67.24696969696966,1.0
W,ALL,H4,H4,H4,AUDCAD,short,2019-08-12,2019-08-19,0.89928,0.90482,0.005539999999999989,2019-08-23 13:00:00,2019-08-23 17:00:00,0.8999,0.9008,2019-08-26 09:00:00,0.89956,0.89374,0.9053739999999999,2019-08-27 05:00:00,0.89374,win,1.0010319917440957,1.0010319917440957,wickdiffs_W_H4_ALL_20260121_202249.csv,51.47575757575754,1.0
W,ALL,H4,H4,H4,AUDCAD,short,2023-05-01,2023-05-08,0.90316,0.91068,0.007520000000000082,2023-05-11 21:00:00,2023-05-12 01:00:00,0.90416,0.9047,2023-05-15 05:00:00,0.9035,0.8956399999999999,0.911432,2023-05-16 13:00:00,0.8956399999999999,win,0.9909228441754967,0.9909228441754967,wickdiffs_W_H4_ALL_20260121_202249.csv,70.81818181818173,1.0
W,ALL,H4,H4,H4,AUDCHF,long,2016-02-08,2016-02-15,0.67534,0.694455,0.019114999999999993,2016-02-12 10:00:00,2016-02-12 14:00:00,0.68886,0.691,2018-09-07 01:00:00,0.69159,0.71357,0.6734285000000001,2018-10-30 13:00:00,0.71357,win,1.2102524571208364,1.2102524571208364,wickdiffs_W_H4_ALL_20260121_202249.csv,57.01969696969698,1.0
W,ALL,H1,H1,H4,AUDCHF,long,2017-01-23,2017-01-30,0.74796,0.754215,0.0062550000000000106,2017-02-01 22:00:00,2017-02-01 23:00:00,0.75273,0.75276,2017-03-27 01:00:00,0.75384,0.76047,0.7473345,2017-03-29 05:00:00,0.76047,win,1.0191376527553737,1.0191376527553737,wickdiffs_W_H1_ALL_20260124_211252.csv,59.40606060606066,1.0
W,ALL,H4,H4,H4,AUDCHF,long,2018-12-24,2018-12-31,0.66488,0.69296,0.028079999999999994,2019-01-03 18:00:00,2019-01-03 22:00:00,0.68949,0.69088,2019-05-24 05:00:00,0.69172,0.72104,0.662072,2019-08-05 01:00:00,0.662072,loss,-1.0,0.9889368591473289,wickdiffs_W_H4_ALL_20260121_202249.csv,50.7151515151515,1.0
W,ALL,H1,H1,H4,AUDCHF,long,2019-05-20,2019-05-27,0.69018,0.694,0.0038199999999999346,2019-05-24 06:00:00,2019-05-24 07:00:00,0.69018,0.6908,2019-06-04 01:00:00,0.69194,0.6978199999999999,0.6871910606060606,2019-06-13 01:00:00,0.6871910606060606,loss,-1.0,1.238171202501332,wickdiffs_W_H1_ALL_20260124_211252.csv,47.48939393939393,1.0
W,ALL,H4,H4,H4,AUDCHF,long,2019-07-08,2019-07-15,0.68561,0.69098,0.005369999999999986,2019-07-17 21:00:00,2019-07-18 01:00:00,0.69044,0.69076,2019-07-22 13:00:00,0.69094,0.69635,0.685073,2019-07-29 05:00:00,0.685073,loss,-1.0,0.9221066984830522,wickdiffs_W_H4_ALL_20260121_202249.csv,46.22424242424235,1.0
W,ALL,H1,H1,H4,AUDCHF,long,2019-11-11,2019-11-18,0.66884,0.67508,0.006240000000000023,2019-11-22 11:00:00,2019-11-22 12:00:00,0.67404,0.67444,2019-11-25 14:00:00,0.67496,0.68132,0.668216,2019-12-12 14:00:00,0.68132,win,0.9430604982206492,0.9430604982206492,wickdiffs_W_H1_ALL_20260124_211252.csv,51.4984848484849,1.0
W,ALL,H1,H1,H4,AUDCHF,long,2019-11-25,2019-12-02,0.67176,0.67626,0.0044999999999999485,2019-12-06 07:00:00,2019-12-06 08:00:00,0.67499,0.6754,2019-12-09 06:00:00,0.67586,0.6807599999999999,0.6711169696969697,2019-12-10 10:00:00,0.6711169696969697,loss,-1.0,1.0330948121645573,wickdiffs_W_H1_ALL_20260124_211252.csv,47.43030303030312,1.0
W,ALL,H1,H1,H4,AUDCHF,long,2019-12-09,2019-12-16,0.66984,0.67658,0.006739999999999968,2019-12-20 09:00:00,2019-12-20 10:00:00,0.6752,0.67534,2020-01-03 02:00:00,0.67568,0.6833199999999999,0.669166,2020-01-07 06:00:00,0.669166,loss,-1.0,1.1728584587043425,wickdiffs_W_H1_ALL_20260124_211252.csv,46.38787878787888,1.0
W,ALL,H1,H1,H4,AUDCHF,long,2020-03-16,2020-03-23,0.53433,0.57228,0.03795000000000004,2020-03-23 19:00:00,2020-03-23 20:00:00,0.56777,0.56938,2023-08-08 05:00:00,0.5702,0.61023,0.530535,2025-04-04 05:00:00,0.530535,loss,-1.0,1.0092020673137514,wickdiffs_W_H1_ALL_20260124_211252.csv,49.5545454545455,1.0
W,ALL,H1,H1,H4,AUDCHF,long,2024-01-08,2024-01-15,0.56394,0.5701,0.006160000000000054,2024-01-18 17:00:00,2024-01-18 18:00:00,0.5694,0.5695,2024-01-24 10:00:00,0.56961,0.5762600000000001,0.5633239999999999,2024-02-01 06:00:00,0.5633239999999999,loss,-1.0,1.05790645879735,wickdiffs_W_H1_ALL_20260124_211252.csv,44.85606060606072,1.0
W,ALL,H4,H4,H4,AUDCHF,long,2024-10-07,2024-10-14,0.57312,0.57851,0.005390000000000006,2024-10-17 05:00:00,2024-10-17 09:00:00,0.57756,0.57774,2024-10-21 09:00:00,0.57803,0.5839,0.5722181818181818,2024-10-25 17:00:00,0.5722181818181818,loss,-1.0,1.0100109494759788,wickdiffs_W_H4_ALL_20260121_202249.csv,58.11818181818174,1.0
W,ALL,H4,H4,H4,AUDCHF,long,2025-04-07,2025-04-14,0.49992,0.51621,0.01628999999999997,2025-04-14 13:00:00,2025-04-14 17:00:00,0.51266,0.51432,2025-10-16 13:00:00,0.51556,0.5325,0.498291,2025-12-05 06:00:00,0.5325,win,0.9809485204702022,0.9809485204702022,wickdiffs_W_H4_ALL_20260121_202249.csv,34.3030303030303,1.0
W,ALL,H4,H4,H4,AUDCHF,short,2015-05-04,2015-05-11,0.73854,0.748435,0.009894999999999987,2015-05-15 09:00:00,2015-05-15 13:00:00,0.74019,0.74134,2015-05-18 17:00:00,0.74017,0.728645,0.7495373484848484,2015-05-28 01:00:00,0.728645,win,1.2303374875656106,1.2303374875656106,wickdiffs_W_H4_ALL_20260121_202249.csv,93.6734848484848,1.0
W,ALL,H1,H1,H4,AUDCHF,short,2015-10-19,2015-10-26,0.70648,0.71397,0.007489999999999997,2015-10-27 10:00:00,2015-10-27 11:00:00,0.71345,0.71397,2015-11-03 18:00:00,0.712035,0.69899,0.7223556818181818,2015-11-17 10:00:00,0.7223556818181818,loss,-1.0,1.2639668802712969,wickdiffs_W_H1_ALL_20260124_211252.csv,103.2068181818182,1.0
W,ALL,H4,H4,H4,AUDCHF,short,2016-05-16,2016-05-23,0.715175,0.72006,0.004885000000000028,2016-05-17 01:00:00,2016-05-17 05:00:00,0.7199,0.72006,2016-05-31 13:00:00,0.71837,0.71029,0.7269415909090908,2016-06-10 13:00:00,0.71029,win,0.9426488134694383,0.9426488134694383,wickdiffs_W_H4_ALL_20260121_202249.csv,85.71590909090915,1.0
W,ALL,H1,H1,H4,AUDCHF,short,2016-05-30,2016-06-06,0.71884,0.72562,0.006780000000000008,2016-06-07 06:00:00,2016-06-07 07:00:00,0.72208,0.72221,2016-06-23 05:00:00,0.721695,0.71206,0.7293918181818182,2016-06-23 17:00:00,0.7293918181818182,loss,-1.0,1.2518159806295326,wickdiffs_W_H1_ALL_20260124_211252.csv,76.96818181818186,1.0
W,ALL,H1,H1,H4,AUDCHF,short,2016-07-11,2016-07-18,0.744455,0.75519,0.01073500000000005,2016-07-18 19:00:00,2016-07-18 20:00:00,0.74702,0.74722,2016-07-26 13:00:00,0.74564,0.7337199999999999,0.7562635,2016-07-29 05:00:00,0.7337199999999999,win,1.1220407586953483,1.1220407586953483,wickdiffs_W_H1_ALL_20260124_211252.csv,79.54015151515154,1.0
W,ALL,H1,H1,H4,AUDCHF,short,2016-08-29,2016-09-05,0.742425,0.75005,0.007624999999999993,2016-09-09 05:00:00,2016-09-09 06:00:00,0.74374,0.743985,2016-09-21 21:00:00,0.74334,0.7348,0.7508125,2016-09-30 05:00:00,0.7348,win,1.1428571428571428,1.1428571428571428,wickdiffs_W_H1_ALL_20260124_211252.csv,73.45606060606059,1.0
W,ALL,H1,H1,H4,AUDCHF,short,2016-10-17,2016-10-24,0.75583,0.76647,0.010639999999999983,2016-10-27 07:00:00,2016-10-27 08:00:00,0.75748,0.75858,2016-11-01 01:00:00,0.75721,0.74519,0.7675339999999999,2016-11-01 17:00:00,0.74519,win,1.1642774118558854,1.1642774118558854,wickdiffs_W_H1_ALL_20260124_211252.csv,65.43636363636361,1.0
W,ALL,H4,H4,H4,AUDCHF,short,2018-01-01,2018-01-08,0.766445,0.77294,0.0064949999999999175,2018-01-11 18:00:00,2018-01-11 22:00:00,0.77063,0.77074,2018-01-17 22:00:00,0.76747,0.7599500000000001,0.7735894999999999,2018-01-25 10:00:00,0.7599500000000001,win,1.2288585668763672,1.2288585668763672,wickdiffs_W_H4_ALL_20260121_202249.csv,52.89848484848487,1.0
W,ALL,H1,H1,H4,AUDCHF,short,2019-07-01,2019-07-08,0.69216,0.6947,0.0025399999999999867,2019-07-04 01:00:00,2019-07-04 02:00:00,0.69466,0.6947,2019-07-16 09:00:00,0.69438,0.68962,0.6990615151515152,2019-07-23 13:00:00,0.68962,win,1.0167648391481634,1.0167648391481634,wickdiffs_W_H1_ALL_20260124_211252.csv,46.81515151515145,1.0
W,ALL,H4,H4,H4,AUDCHF,short,2020-07-13,2020-07-20,0.65654,0.66872,0.012179999999999969,2020-07-23 13:00:00,2020-07-23 17:00:00,0.6592,0.6602,2020-07-28 01:00:00,0.65812,0.64436,0.6699379999999999,2020-09-01 09:00:00,0.6699379999999999,loss,-1.0,1.1643256050093187,wickdiffs_W_H4_ALL_20260121_202249.csv,72.43181818181812,1.0
W,ALL,H1,H1,H4,AUDCHF,short,2020-08-03,2020-08-10,0.65308,0.65964,0.00656000000000001,2020-08-12 05:00:00,2020-08-12 06:00:00,0.65457,0.65542,2020-08-18 01:00:00,0.654,0.64652,0.6605368181818182,2020-08-27 21:00:00,0.6605368181818182,loss,-1.0,1.1442876016966892,wickdiffs_W_H1_ALL_20260124_211252.csv,65.36818181818184,1.0
W,ALL,H4,H4,H4,AUDCHF,short,2020-08-24,2020-08-31,0.66602,0.6713,0.005280000000000062,2020-09-02 17:00:00,2020-09-02 21:00:00,0.6686,0.66892,2020-09-08 05:00:00,0.66708,0.6607399999999999,0.6728312121212121,2020-09-08 21:00:00,0.6607399999999999,win,1.1023763106591724,1.1023763106591724,wickdiffs_W_H4_ALL_20260121_202249.csv,57.51212121212114,1.0
W,ALL,H1,H1,H4,AUDCHF,short,2021-01-04,2021-01-11,0.68699,0.69164,0.004650000000000043,2021-01-15 04:00:00,2021-01-15 05:00:00,0.69016,0.69086,2021-01-20 14:00:00,0.68869,0.68234,0.6942174242424243,2021-01-22 10:00:00,0.68234,win,1.1488171925111865,1.1488171925111865,wickdiffs_W_H1_ALL_20260124_211252.csv,55.27424242424232,1.0
W,ALL,H1,H1,H4,AUDCHF,short,2022-07-18,2022-07-25,0.6658,0.67262,0.006820000000000048,2022-07-29 07:00:00,2022-07-29 08:00:00,0.66876,0.66935,2022-08-01 09:00:00,0.66738,0.6589799999999999,0.6752166666666667,2022-08-02 05:00:00,0.6589799999999999,win,1.0718843045512636,1.0718843045512636,wickdiffs_W_H1_ALL_20260124_211252.csv,78.3666666666667,1.0
W,ALL,H4,H4,H4,AUDCHF,short,2023-03-27,2023-04-03,0.61178,0.62018,0.008399999999999963,2023-04-04 21:00:00,2023-04-05 01:00:00,0.61278,0.61411,2023-06-12 09:00:00,0.6126,0.60338,0.6210199999999999,2023-06-22 05:00:00,0.60338,win,1.095011876484578,1.095011876484578,wickdiffs_W_H4_ALL_20260121_202249.csv,56.68181818181819,1.0
W,ALL,H4,H4,H4,AUDCHF,short,2024-11-04,2024-11-11,0.57683,0.58332,0.006489999999999996,2024-11-12 06:00:00,2024-11-12 10:00:00,0.5776,0.57824,2024-11-21 18:00:00,0.57739,0.57034,0.583969,2024-12-04 02:00:00,0.57034,win,1.0715914272685818,1.0715914272685818,wickdiffs_W_H4_ALL_20260121_202249.csv,49.1969696969696,1.0
W,ALL,H4,H4,H4,AUDJPY,long,2015-06-08,2015-06-15,94.421,95.35,0.9289999999999878,2015-06-18 01:00:00,2015-06-18 05:00:00,94.9535,95.019,2015-06-26 05:00:00,95.1105,96.27899999999998,94.1700606060606,2015-06-28 21:00:00,94.1700606060606,loss,-1.0,1.2425043097198085,wickdiffs_W_H4_ALL_20260121_202249.csv,94.04393939393928,1.0
W,ALL,H4,H4,H4,AUDJPY,long,2015-07-06,2015-07-13,89.168,91.417,2.2489999999999952,2015-07-16 01:00:00,2015-07-16 05:00:00,91.026,91.065,2015-07-20 01:00:00,91.3465,93.666,88.9431,2015-08-23 21:00:00,88.9431,loss,-1.0,0.9650911209120355,wickdiffs_W_H4_ALL_20260121_202249.csv,101.2719696969697,1.0
W,ALL,H1,H1,H4,AUDJPY,long,2015-07-20,2015-07-27,89.349,90.1705,0.8215000000000003,2015-07-31 11:00:00,2015-07-31 12:00:00,89.936,90.0125,2015-08-03 13:00:00,90.0265,90.992,89.03768939393939,2015-08-04 01:00:00,90.992,win,0.976425610811893,0.976425610811893,wickdiffs_W_H1_ALL_20260124_211252.csv,98.88106060606064,1.0
W,ALL,H4,H4,H4,AUDJPY,long,2015-10-26,2015-11-02,85.4325,86.088,0.6554999999999893,2015-10-30 09:00:00,2015-10-30 13:00:00,85.4325,85.4565,2016-01-04 14:00:00,85.7105,86.74349999999998,84.76095454545454,2016-01-05 22:00:00,84.76095454545454,loss,-1.0,1.0878889420775346,wickdiffs_W_H4_ALL_20260121_202249.csv,94.95454545454552,1.0
W,ALL,H1,H1,H4,AUDJPY,long,2017-03-06,2017-03-13,85.852,86.612,0.7599999999999909,2017-03-09 21:00:00,2017-03-09 22:00:00,86.204,86.249,2017-03-21 13:00:00,86.3615,87.37199999999999,85.56431060606062,2017-03-21 21:00:00,85.56431060606062,loss,-1.0,1.2675783291677887,wickdiffs_W_H1_ALL_20260124_211252.csv,79.7189393939394,1.0
W,ALL,H4,H4,H4,AUDJPY,long,2018-06-18,2018-06-25,80.63,81.837,1.2070000000000078,2018-06-29 09:00:00,2018-06-29 13:00:00,81.484,81.652,2018-07-02 05:00:00,81.732,83.04400000000001,80.5093,2018-07-10 01:00:00,83.04400000000001,win,1.0730350862844593,1.0730350862844593,wickdiffs_W_H4_ALL_20260121_202249.csv,75.68560606060615,1.0
W,ALL,H1,H1,H4,AUDJPY,long,2018-10-08,2018-10-15,79.059,79.839,0.7800000000000011,2018-10-18 23:00:00,2018-10-19 00:00:00,79.557,79.592,2018-10-22 21:00:00,79.676,80.619,78.92687878787879,2018-10-26 01:00:00,78.92687878787879,loss,-1.0,1.258808300635082,wickdiffs_W_H1_ALL_20260124_211252.csv,74.91212121212136,1.0
W,ALL,H1,H1,H4,AUDJPY,long,2018-12-03,2018-12-10,80.725,81.222,0.4969999999999999,2018-12-09 23:00:00,2018-12-10 00:00:00,80.725,80.792,2018-12-18 06:00:00,80.87,81.719,80.10221212121212,2018-12-19 18:00:00,80.10221212121212,loss,-1.0,1.1057741642656844,wickdiffs_W_H1_ALL_20260124_211252.csv,76.7787878787879,1.0
W,ALL,H4,H4,H4,AUDJPY,long,2019-12-30,2020-01-06,73.759,75.113,1.3539999999999992,2020-01-09 22:00:00,2020-01-10 02:00:00,75.018,75.07,2020-01-21 22:00:00,75.087,76.467,73.6236,2020-01-27 14:00:00,73.6236,loss,-1.0,0.9430094300942933,wickdiffs_W_H4_ALL_20260121_202249.csv,55.51515151515153,1.0
W,ALL,H4,H4,H4,AUDJPY,long,2020-04-13,2020-04-20,67.292,68.415,1.1230000000000047,2020-04-21 17:00:00,2020-04-21 21:00:00,67.633,67.681,2020-05-06 21:00:00,67.968,69.53800000000001,66.62210606060606,2020-05-08 01:00:00,69.53800000000001,win,1.166510936743636,1.166510936743636,wickdiffs_W_H4_ALL_20260121_202249.csv,134.589393939394,1.0
W,ALL,H4,H4,H4,AUDJPY,long,2020-10-12,2020-10-19,74.19,74.625,0.4350000000000023,2020-10-22 01:00:00,2020-10-22 05:00:00,74.19,74.22,2020-10-28 05:00:00,74.31,75.06,73.64993939393939,2020-10-28 09:00:00,73.64993939393939,loss,-1.0,1.136259296666973,wickdiffs_W_H4_ALL_20260121_202249.csv,66.00606060606059,1.0
W,ALL,H4,H4,H4,AUDJPY,long,2021-01-11,2021-01-18,79.513,80.016,0.5030000000000001,2021-01-18 06:00:00,2021-01-18 10:00:00,79.513,79.553,2021-01-27 22:00:00,79.752,80.519,79.09921212121212,2021-01-29 10:00:00,80.519,win,1.174960542196655,1.174960542196655,wickdiffs_W_H4_ALL_20260121_202249.csv,65.27878787878785,1.0
W,ALL,H1,H1,H4,AUDJPY,long,2021-03-22,2021-03-29,82.288,83.761,1.472999999999999,2021-03-26 06:00:00,2021-03-26 07:00:00,83.18,83.201,2021-04-09 05:00:00,83.538,85.234,82.1407,2021-05-07 13:00:00,85.234,win,1.2137694124382712,1.2137694124382712,wickdiffs_W_H1_ALL_20260124_211252.csv,70.88636363636365,1.0
W,ALL,H1,H1,H4,AUDJPY,long,2021-07-26,2021-08-02,80.157,80.558,0.40100000000001046,2021-08-03 13:00:00,2021-08-03 14:00:00,80.157,80.16,2021-08-16 05:00:00,80.244,80.95900000000002,79.60551515151515,2021-08-17 05:00:00,79.60551515151515,loss,-1.0,1.1198386331276964,wickdiffs_W_H1_ALL_20260124_211252.csv,63.8484848484849,1.0
W,ALL,H1,H1,H4,AUDJPY,long,2022-10-10,2022-10-17,90.846,92.292,1.445999999999998,2022-10-17 00:00:00,2022-10-17 01:00:00,92.264,92.283,2022-11-28 06:00:00,92.298,93.738,90.7014,2022-11-30 14:00:00,93.738,win,0.901916572717025,0.901916572717025,wickdiffs_W_H1_ALL_20260124_211252.csv,118.0075757575759,1.0
W,ALL,H1,H1,H4,AUDJPY,long,2022-12-19,2022-12-26,87.024,89.156,2.132000000000005,2022-12-23 15:00:00,2022-12-23 16:00:00,88.921,88.928,2023-01-02 06:00:00,88.936,91.28800000000001,86.8108,2023-01-09 02:00:00,91.28800000000001,win,1.106719367588931,1.106719367588931,wickdiffs_W_H1_ALL_20260124_211252.csv,121.3015151515151,1.0
W,ALL,H4,H4,H4,AUDJPY,short,2015-03-16,2015-03-23,93.349,94.677,1.328000000000003,2015-03-26 09:00:00,2015-03-26 13:00:00,93.4945,93.508,2015-04-27 13:00:00,93.4645,92.021,94.80980000000001,2015-04-28 13:00:00,94.80980000000001,loss,-1.0,1.0729948710324766,wickdiffs_W_H4_ALL_20260121_202249.csv,109.8189393939394,1.0
W,ALL,H4,H4,H4,AUDJPY,short,2015-06-01,2015-06-08,95.7865,96.993,1.2064999999999912,2015-06-11 17:00:00,2015-06-11 21:00:00,95.8225,95.827,2015-06-15 09:00:00,95.815,94.58000000000001,97.11364999999999,2015-06-26 13:00:00,94.58000000000001,win,0.9509875640087706,0.9509875640087706,wickdiffs_W_H4_ALL_20260121_202249.csv,98.86818181818174,1.0
W,ALL,H4,H4,H4,AUDJPY,short,2015-08-03,2015-08-10,92.1635,92.696,0.5324999999999989,2015-08-10 21:00:00,2015-08-11 01:00:00,92.6255,92.696,2022-03-28 01:00:00,92.566,91.631,93.46131818181819,2022-03-28 05:00:00,93.46131818181819,loss,-1.0,1.0443214702746644,wickdiffs_W_H4_ALL_20260121_202249.csv,89.53181818181811,1.0
W,ALL,H4,H4,H4,AUDJPY,short,2016-05-16,2016-05-23,79.5465,80.564,1.0174999999999983,2016-05-20 09:00:00,2016-05-20 13:00:00,79.876,79.958,2016-05-30 05:00:00,79.804,78.529,81.0546893939394,2016-06-02 09:00:00,78.529,win,1.019437764626787,1.019437764626787,wickdiffs_W_H4_ALL_20260121_202249.csv,125.0689393939393,1.0
W,ALL,H4,H4,H4,AUDJPY,short,2018-06-04,2018-06-11,83.221,84.538,1.316999999999993,2018-06-14 09:00:00,2018-06-14 13:00:00,83.364,83.375,2018-07-12 13:00:00,83.336,81.90400000000001,84.66969999999999,2018-07-24 01:00:00,81.90400000000001,win,1.0737047311989167,1.0737047311989167,wickdiffs_W_H4_ALL_20260121_202249.csv,74.66515151515155,1.0
W,ALL,H4,H4,H4,AUDJPY,short,2018-12-10,2018-12-17,81.368,82.21,0.8419999999999987,2018-12-16 22:00:00,2018-12-17 02:00:00,81.451,81.502,2021-02-12 14:00:00,81.417,80.526,82.29419999999999,2021-02-15 22:00:00,82.29419999999999,loss,-1.0,1.0157318741450272,wickdiffs_W_H4_ALL_20260121_202249.csv,59.94999999999992,1.0
W,ALL,H1,H1,H4,AUDJPY,short,2019-05-20,2019-05-27,75.714,76.392,0.6779999999999973,2019-05-30 13:00:00,2019-05-30 14:00:00,75.97,75.998,2019-06-09 21:00:00,75.78,75.036,76.4598,2019-06-13 01:00:00,75.036,win,1.0944395410414822,1.0944395410414822,wickdiffs_W_H1_ALL_20260124_211252.csv,61.34393939393932,1.0
W,ALL,H4,H4,H4,AUDJPY,short,2019-06-24,2019-07-01,75.754,76.288,0.5339999999999918,2019-07-05 09:00:00,2019-07-05 13:00:00,75.865,75.9,2019-07-08 09:00:00,75.834,75.22000000000001,76.40783333333334,2019-07-11 01:00:00,75.22000000000001,win,1.0699970955561833,1.0699970955561833,wickdiffs_W_H4_ALL_20260121_202249.csv,57.38333333333336,1.0
W,ALL,H4,H4,H4,AUDJPY,short,2019-10-14,2019-10-21,74.336,74.825,0.4890000000000043,2019-10-22 13:00:00,2019-10-22 17:00:00,74.573,74.582,2019-10-28 13:00:00,74.524,73.847,75.24451515151515,2019-10-30 21:00:00,75.24451515151515,loss,-1.0,0.9396055011145321,wickdiffs_W_H4_ALL_20260121_202249.csv,72.05151515151512,1.0
W,ALL,H4,H4,H4,AUDJPY,short,2020-06-29,2020-07-06,74.616,75.161,0.5450000000000017,2020-07-06 09:00:00,2020-07-06 13:00:00,75.064,75.127,2020-07-14 21:00:00,75.036,74.071,75.99819696969698,2020-07-21 09:00:00,75.99819696969698,loss,-1.0,1.002913156444379,wickdiffs_W_H4_ALL_20260121_202249.csv,96.21969696969688,1.0
W,ALL,H1,H1,H4,AUDJPY,short,2021-02-15,2021-02-22,82.967,84.952,1.9849999999999994,2021-02-26 03:00:00,2021-02-26 04:00:00,83.362,83.37,2021-03-02 10:00:00,83.318,80.982,85.1505,2021-03-17 21:00:00,85.1505,loss,-1.0,1.2747612551159637,wickdiffs_W_H1_ALL_20260124_211252.csv,64.21212121212118,1.0
W,ALL,H1,H1,H4,AUDJPY,short,2022-05-02,2022-05-09,92.372,94.034,1.6620000000000061,2022-05-06 19:00:00,2022-05-06 20:00:00,92.464,92.523,2022-05-31 17:00:00,92.37,90.71,94.20020000000001,2022-06-02 13:00:00,94.20020000000001,loss,-1.0,0.90700469894001,wickdiffs_W_H1_ALL_20260124_211252.csv,130.9696969696971,1.0
W,ALL,H4,H4,H4,AUDJPY,short,2023-08-28,2023-09-04,94.311,95.067,0.755999999999986,2023-09-04 17:00:00,2023-09-04 21:00:00,94.684,94.708,2023-09-12 21:00:00,94.606,93.55500000000002,95.57333333333332,2023-09-19 09:00:00,95.57333333333332,loss,-1.0,1.0864920744313988,wickdiffs_W_H4_ALL_20260121_202249.csv,96.73333333333336,1.0
W,ALL,H1,H1,H4,AUDJPY,short,2024-04-01,2024-04-08,99.764,100.811,1.0470000000000113,2024-04-12 07:00:00,2024-04-12 08:00:00,99.918,99.944,2024-04-15 09:00:00,99.906,98.71699999999998,100.91570000000002,2024-04-16 13:00:00,98.71699999999998,win,1.1775774982668221,1.1775774982668221,wickdiffs_W_H1_ALL_20260124_211252.csv,65.27424242424257,1.0
W,ALL,H4,H4,H4,AUDJPY,short,2024-12-23,2024-12-30,98.044,98.734,0.6899999999999977,2024-12-30 02:00:00,2024-12-30 06:00:00,98.606,98.734,2025-01-06 10:00:00,98.51,97.354,99.57865151515152,2025-01-10 14:00:00,97.354,win,1.0817371085054854,1.0817371085054854,wickdiffs_W_H4_ALL_20260121_202249.csv,106.8651515151515,1.0
W,ALL,H4,H4,H4,AUDJPY,short,2025-08-04,2025-08-11,96.263,96.836,0.5729999999999933,2025-08-13 17:00:00,2025-08-13 21:00:00,96.482,96.499,2025-09-01 09:00:00,96.452,95.69000000000001,97.2225303030303,2025-09-03 09:00:00,97.2225303030303,loss,-1.0,0.9889293088191747,wickdiffs_W_H4_ALL_20260121_202249.csv,77.05303030303024,1.0
W,ALL,H1,H1,H4,AUDNZD,long,2015-01-05,2015-01-12,1.03558,1.047,0.011419999999999986,2015-01-11 22:00:00,2015-01-11 23:00:00,1.044955,1.04581,2015-02-11 06:00:00,1.04591,1.05842,1.034438,2015-02-16 06:00:00,1.034438,loss,-1.0,1.090481171548126,wickdiffs_W_H1_ALL_20260124_211252.csv,84.92878787878772,1.0
W,ALL,H4,H4,H4,AUDNZD,long,2015-02-09,2015-02-16,1.03014,1.04125,0.011109999999999953,2015-02-20 14:00:00,2015-02-20 18:00:00,1.03828,1.0388,2015-02-23 06:00:00,1.039175,1.05236,1.029029,2015-03-04 18:00:00,1.029029,loss,-1.0,1.299526907155531,wickdiffs_W_H4_ALL_20260121_202249.csv,85.71969696969674,1.0
W,ALL,H1,H1,H4,AUDNZD,long,2015-10-12,2015-10-19,1.05744,1.06662,0.009179999999999966,2015-10-23 07:00:00,2015-10-23 08:00:00,1.06137,1.062145,2015-10-27 13:00:00,1.062735,1.0757999999999999,1.0513696969696968,2015-10-30 05:00:00,1.0513696969696968,loss,-1.0,1.1495513991281163,wickdiffs_W_H1_ALL_20260124_211252.csv,113.6530303030304,1.0
W,ALL,H1,H1,H4,AUDNZD,long,2016-09-05,2016-09-12,1.02378,1.03006,0.006280000000000063,2016-09-16 11:00:00,2016-09-16 12:00:00,1.02672,1.02707,2016-09-20 09:00:00,1.027345,1.03634,1.0196160606060605,2016-09-21 05:00:00,1.03634,win,1.163807806159468,1.163807806159468,wickdiffs_W_H1_ALL_20260124_211252.csv,77.28939393939386,1.0
W,ALL,H4,H4,H4,AUDNZD,long,2017-03-20,2017-03-27,1.07936,1.08464,0.005279999999999951,2017-03-27 17:00:00,2017-03-27 21:00:00,1.0805,1.0812,2017-04-04 09:00:00,1.08252,1.08992,1.076215303030303,2017-04-05 17:00:00,1.08992,win,1.173728100742604,1.173728100742604,wickdiffs_W_H4_ALL_20260121_202249.csv,63.04696969696968,1.0
W,ALL,H4,H4,H4,AUDNZD,long,2017-12-11,2017-12-18,1.08608,1.09362,0.007540000000000102,2017-12-20 18:00:00,2017-12-20 22:00:00,1.09275,1.09302,2018-01-08 02:00:00,1.093655,1.1011600000000001,1.085326,2018-01-11 22:00:00,1.085326,loss,-1.0,0.9010685556489455,wickdiffs_W_H4_ALL_20260121_202249.csv,69.37878787878789,1.0
W,ALL,H4,H4,H4,AUDNZD,long,2018-01-08,2018-01-15,1.08442,1.09159,0.007170000000000121,2018-01-15 10:00:00,2018-01-15 14:00:00,1.089815,1.08999,2018-01-23 02:00:00,1.09007,1.0987600000000002,1.083028181818182,2018-01-24 18:00:00,1.0987600000000002,win,1.2340562871159433,1.2340562871159433,wickdiffs_W_H4_ALL_20260121_202249.csv,70.41818181818181,1.0
W,ALL,H4,H4,H4,AUDNZD,long,2019-07-15,2019-07-22,1.03863,1.04133,0.0027000000000001467,2019-07-22 05:00:00,2019-07-22 09:00:00,1.03863,1.03877,2019-07-30 21:00:00,1.03916,1.0440300000000002,1.0347809090909093,2019-07-31 01:00:00,1.0440300000000002,win,1.1121029686527213,1.1121029686527213,wickdiffs_W_H4_ALL_20260121_202249.csv,43.79090909090915,1.0
W,ALL,H4,H4,H4,AUDNZD,long,2019-12-23,2019-12-30,1.03926,1.04195,0.002689999999999859,2019-12-30 18:00:00,2019-12-30 22:00:00,1.03936,1.0395,2020-01-06 14:00:00,1.03961,1.0446399999999998,1.0348425757575757,2020-01-07 10:00:00,1.0348425757575757,loss,-1.0,1.0550770697600251,wickdiffs_W_H4_ALL_20260121_202249.csv,47.67424242424233,1.0
W,ALL,H4,H4,H4,AUDNZD,long,2020-11-23,2020-11-30,1.0418,1.05097,0.0091699999999999,2020-12-03 10:00:00,2020-12-03 14:00:00,1.04753,1.04924,2021-08-04 01:00:00,1.0495,1.0601399999999999,1.040883,2021-08-30 21:00:00,1.040883,loss,-1.0,1.2347684809097879,wickdiffs_W_H4_ALL_20260121_202249.csv,49.05606060606053,1.0
W,ALL,H1,H1,H4,AUDNZD,long,2022-02-21,2022-02-28,1.06655,1.07196,0.005409999999999915,2022-02-28 16:00:00,2022-02-28 17:00:00,1.07135,1.07166,2022-03-07 14:00:00,1.07196,1.07737,1.0660090000000002,2022-03-08 10:00:00,1.0660090000000002,loss,-1.0,0.9090909090909226,wickdiffs_W_H1_ALL_20260124_211252.csv,49.54393939393922,1.0
W,ALL,H4,H4,H4,AUDNZD,long,2022-11-28,2022-12-05,1.05316,1.05987,0.006709999999999994,2022-12-07 10:00:00,2022-12-07 14:00:00,1.05316,1.05354,2022-12-13 10:00:00,1.05906,1.06658,1.0513475757575756,2022-12-16 10:00:00,1.0513475757575756,loss,-1.0,0.9750500962634345,wickdiffs_W_H4_ALL_20260121_202249.csv,77.12424242424231,1.0
W,ALL,H4,H4,H4,AUDNZD,long,2024-05-20,2024-05-27,1.08057,1.08278,0.0022100000000000453,2024-05-29 17:00:00,2024-05-29 21:00:00,1.08081,1.08104,2024-06-03 05:00:00,1.0816,1.0849900000000001,1.0779233333333333,2024-06-04 05:00:00,1.0779233333333333,loss,-1.0,0.922030825022729,wickdiffs_W_H4_ALL_20260121_202249.csv,36.76666666666658,1.0
W,ALL,H1,H1,H4,AUDNZD,long,2024-10-28,2024-11-04,1.09645,1.10165,0.0052000000000000934,2024-11-04 04:00:00,2024-11-04 05:00:00,1.09959,1.10002,2024-11-12 02:00:00,1.10048,1.1068500000000001,1.0955639393939394,2024-11-20 18:00:00,1.1068500000000001,win,1.2957529433520731,1.2957529433520731,wickdiffs_W_H1_ALL_20260124_211252.csv,49.16060606060608,1.0
W,ALL,H4,H4,H4,AUDNZD,long,2025-01-06,2025-01-13,1.10206,1.10578,0.0037199999999999456,2025-01-15 06:00:00,2025-01-15 10:00:00,1.10396,1.10448,2025-01-20 22:00:00,1.10491,1.1095,1.1006009090909092,2025-02-10 06:00:00,1.1095,win,1.0651898734176868,1.0651898734176868,wickdiffs_W_H4_ALL_20260121_202249.csv,43.09090909090929,1.0
W,ALL,H1,H1,H4,AUDNZD,short,2015-08-24,2015-08-31,1.10957,1.14723,0.03766000000000003,2015-09-01 13:00:00,2015-09-01 14:00:00,1.11192,1.112485,2015-09-08 09:00:00,1.110335,1.07191,1.150996,2015-10-14 21:00:00,1.07191,win,0.9450087307247808,0.9450087307247808,wickdiffs_W_H1_ALL_20260124_211252.csv,113.230303030303,1.0
W,ALL,H4,H4,H4,AUDNZD,short,2015-12-28,2016-01-04,1.06689,1.07289,0.006000000000000005,2016-01-05 22:00:00,2016-01-06 02:00:00,1.07235,1.07289,2016-01-13 22:00:00,1.07032,1.0608899999999999,1.0798918181818182,2016-01-14 14:00:00,1.0798918181818182,loss,-1.0,0.9851837781365788,wickdiffs_W_H4_ALL_20260121_202249.csv,95.71818181818196,1.0
W,ALL,H1,H1,H4,AUDNZD,short,2016-03-07,2016-03-14,1.12138,1.13184,0.010459999999999914,2016-03-17 06:00:00,2016-03-17 07:00:00,1.12329,1.124,2016-03-21 05:00:00,1.123215,1.1109200000000001,1.132886,2016-03-23 01:00:00,1.132886,loss,-1.0,1.2713266466756243,wickdiffs_W_H1_ALL_20260124_211252.csv,96.49393939393951,1.0
W,ALL,H4,H4,H4,AUDNZD,short,2016-06-20,2016-06-27,1.04801,1.05523,0.007219999999999782,2016-06-30 01:00:00,2016-06-30 05:00:00,1.04968,1.05008,2016-07-06 05:00:00,1.04886,1.0407900000000003,1.0573687878787879,2016-07-07 05:00:00,1.0407900000000003,win,0.9484312119376952,0.9484312119376952,wickdiffs_W_H4_ALL_20260121_202249.csv,85.08787878787898,1.0
W,ALL,H4,H4,H4,AUDNZD,short,2016-09-19,2016-09-26,1.05216,1.05858,0.006420000000000092,2016-09-29 21:00:00,2016-09-30 01:00:00,1.05386,1.05401,2016-10-03 01:00:00,1.05333,1.04574,1.0612112121212123,2016-10-05 01:00:00,1.0612112121212123,loss,-1.0,0.9630498308213146,wickdiffs_W_H4_ALL_20260121_202249.csv,78.81212121212101,1.0
W,ALL,H4,H4,H4,AUDNZD,short,2017-02-13,2017-02-20,1.06728,1.07488,0.007600000000000051,2017-02-23 10:00:00,2017-02-23 14:00:00,1.06965,1.06966,2017-02-28 02:00:00,1.0684,1.05968,1.0756400000000002,2017-03-01 06:00:00,1.0756400000000002,loss,-1.0,1.2044198895027485,wickdiffs_W_H4_ALL_20260121_202249.csv,61.92121212121209,1.0
W,ALL,H4,H4,H4,AUDNZD,short,2019-02-18,2019-02-25,1.04149,1.04903,0.00753999999999988,2019-02-28 22:00:00,2019-03-01 02:00:00,1.04238,1.04316,2019-03-05 06:00:00,1.04176,1.0339500000000001,1.0497839999999998,2019-03-11 13:00:00,1.0339500000000001,win,0.973330009970097,0.973330009970097,wickdiffs_W_H4_ALL_20260121_202249.csv,63.4242424242423,1.0
W,ALL,H1,H1,H4,AUDNZD,short,2019-05-06,2019-05-13,1.06114,1.07256,0.011419999999999986,2019-05-08 21:00:00,2019-05-08 22:00:00,1.06296,1.06315,2019-05-29 13:00:00,1.06179,1.04972,1.073702,2019-06-19 21:00:00,1.04972,win,1.0132639355272082,1.0132639355272082,wickdiffs_W_H1_ALL_20260124_211252.csv,45.44999999999995,1.0
W,ALL,H4,H4,H4,AUDNZD,short,2021-12-27,2022-01-03,1.06202,1.06532,0.0033000000000000806,2022-01-05 06:00:00,2022-01-05 10:00:00,1.06474,1.06512,2022-01-12 10:00:00,1.06447,1.0587199999999999,1.0698154545454546,2022-01-14 18:00:00,1.0587199999999999,win,1.0756802721088694,1.0756802721088694,wickdiffs_W_H4_ALL_20260121_202249.csv,53.4545454545455,1.0
W,ALL,H4,H4,H4,AUDNZD,short,2022-07-25,2022-08-01,1.11126,1.11806,0.006800000000000139,2022-08-01 05:00:00,2022-08-01 09:00:00,1.11223,1.11276,2022-08-08 05:00:00,1.11166,1.1044599999999998,1.11874,2022-08-10 09:00:00,1.1044599999999998,win,1.0169491525424212,1.0169491525424212,wickdiffs_W_H4_ALL_20260121_202249.csv,61.94545454545438,1.0
W,ALL,H1,H1,H4,AUDNZD,short,2023-03-20,2023-03-27,1.07143,1.08052,0.00908999999999982,2023-03-30 20:00:00,2023-03-30 21:00:00,1.07188,1.07204,2023-04-03 01:00:00,1.07173,1.0623400000000003,1.081429,2023-04-05 01:00:00,1.0623400000000003,win,0.9681410454685928,0.9681410454685928,wickdiffs_W_H1_ALL_20260124_211252.csv,68.38636363636367,1.0
W,ALL,H1,H1,H4,AUDNZD,short,2023-10-23,2023-10-30,1.0903,1.09438,0.0040799999999998615,2023-11-02 07:00:00,2023-11-02 08:00:00,1.09279,1.09331,2024-04-03 01:00:00,1.09152,1.0862200000000002,1.0956686363636363,2024-04-17 01:00:00,1.0862200000000002,win,1.2775282129943843,1.2775282129943843,wickdiffs_W_H1_ALL_20260124_211252.csv,41.48636363636344,1.0
W,ALL,H4,H4,H4,AUDNZD,short,2024-07-15,2024-07-22,1.11248,1.1156,0.0031200000000000117,2024-07-26 09:00:00,2024-07-26 13:00:00,1.11332,1.11364,2024-07-29 05:00:00,1.11308,1.10936,1.1171612121212122,2024-07-30 13:00:00,1.10936,win,0.9114939114939542,0.9114939114939542,wickdiffs_W_H4_ALL_20260121_202249.csv,40.81212121212114,1.0
W,ALL,H1,H1,H4,AUDNZD,short,2024-11-04,2024-11-11,1.10294,1.10918,0.006240000000000023,2024-11-14 04:00:00,2024-11-14 05:00:00,1.10435,1.10443,2024-11-18 02:00:00,1.10337,1.0967,1.109804,2024-11-21 06:00:00,1.109804,loss,-1.0,1.036680136773376,wickdiffs_W_H1_ALL_20260124_211252.csv,46.84090909090909,1.0
W,ALL,H1,H1,H4,AUDNZD,short,2025-02-10,2025-02-17,1.10959,1.1175,0.007909999999999862,2025-02-21 02:00:00,2025-02-21 03:00:00,1.1102,1.11064,2025-03-02 22:00:00,1.1098,1.1016800000000002,1.118291,2025-03-07 10:00:00,1.1016800000000002,win,0.9563066776586572,0.9563066776586572,wickdiffs_W_H1_ALL_20260124_211252.csv,40.57272727272731,1.0
W,ALL,H1,H1,H4,AUDUSD,long,2015-02-09,2015-02-16,0.76442,0.77667,0.012249999999999983,2015-02-13 12:00:00,2015-02-13 13:00:00,0.77256,0.77412,2015-02-24 06:00:00,0.774755,0.78892,0.763195,2015-02-25 02:00:00,0.78892,win,1.2253460207612425,1.2253460207612425,wickdiffs_W_H1_ALL_20260124_211252.csv,91.23560606060612,1.0
W,ALL,H4,H4,H4,AUDUSD,long,2017-08-07,2017-08-14,0.7808,0.78954,0.00873999999999997,2017-08-17 17:00:00,2017-08-17 21:00:00,0.786995,0.78806,2017-08-24 05:00:00,0.78889,0.79828,0.779926,2017-08-29 09:00:00,0.79828,win,1.0475234270415037,1.0475234270415037,wickdiffs_W_H4_ALL_20260121_202249.csv,61.90757575757576,1.0
W,ALL,H1,H1,H4,AUDUSD,long,2018-04-30,2018-05-07,0.74126,0.7539,0.012639999999999985,2018-05-11 01:00:00,2018-05-11 02:00:00,0.7523,0.75252,2018-05-14 17:00:00,0.75263,0.76654,0.739996,2018-06-04 09:00:00,0.76654,win,1.1009973088491325,1.1009973088491325,wickdiffs_W_H1_ALL_20260124_211252.csv,62.52878787878793,1.0
W,ALL,H1,H1,H4,AUDUSD,long,2019-08-26,2019-09-02,0.66878,0.6736,0.0048199999999999354,2019-09-03 12:00:00,2019-09-03 13:00:00,0.67284,0.6729,2019-10-01 01:00:00,0.67322,0.6784199999999999,0.6682980000000001,2019-10-01 13:00:00,0.6682980000000001,loss,-1.0,1.0564811052417493,wickdiffs_W_H1_ALL_20260124_211252.csv,45.38030303030293,1.0
W,ALL,H4,H4,H4,AUDUSD,long,2020-08-31,2020-09-07,0.71924,0.72816,0.008920000000000039,2020-09-11 13:00:00,2020-09-11 17:00:00,0.72589,0.72706,2020-09-14 09:00:00,0.72758,0.7370800000000001,0.718348,2020-09-22 05:00:00,0.718348,loss,-1.0,1.0290294627383065,wickdiffs_W_H4_ALL_20260121_202249.csv,70.49696969696966,1.0
W,ALL,H4,H4,H4,AUDUSD,long,2020-12-21,2020-12-28,0.7462,0.75916,0.012959999999999972,2020-12-28 14:00:00,2020-12-28 18:00:00,0.75573,0.75674,2021-02-02 14:00:00,0.7585,0.7721199999999999,0.744904,2021-02-09 02:00:00,0.7721199999999999,win,1.0017652250661977,1.0017652250661977,wickdiffs_W_H4_ALL_20260121_202249.csv,71.85303030303025,1.0
W,ALL,H4,H4,H4,AUDUSD,long,2022-06-13,2022-06-20,0.68506,0.69351,0.008449999999999958,2022-06-24 05:00:00,2022-06-24 09:00:00,0.68887,0.6897,2022-06-29 01:00:00,0.69082,0.7019599999999999,0.6819365151515151,2022-07-01 01:00:00,0.6819365151515151,loss,-1.0,1.254012382528007,wickdiffs_W_H4_ALL_20260121_202249.csv,88.83484848484842,1.0
W,ALL,H4,H4,H4,AUDUSD,long,2023-04-03,2023-04-10,0.66194,0.6669,0.0049600000000000755,2023-04-10 09:00:00,2023-04-10 13:00:00,0.66194,0.66223,2023-04-25 13:00:00,0.66241,0.6718600000000001,0.654645,2023-05-05 01:00:00,0.6718600000000001,win,1.2169993560850059,1.2169993560850059,wickdiffs_W_H4_ALL_20260121_202249.csv,77.64999999999998,1.0
W,ALL,H1,H1,H4,AUDUSD,long,2023-05-08,2023-05-15,0.6605,0.66425,0.003750000000000031,2023-05-18 16:00:00,2023-05-18 17:00:00,0.66071,0.66074,2023-05-23 17:00:00,0.66094,0.668,0.6539012121212121,2023-05-24 13:00:00,0.6539012121212121,loss,-1.0,1.0030136042707167,wickdiffs_W_H1_ALL_20260124_211252.csv,70.38787878787882,1.0
W,ALL,H1,H1,H4,AUDUSD,short,2015-02-02,2015-02-09,0.779615,0.787645,0.008030000000000093,2015-02-10 02:00:00,2015-02-10 03:00:00,0.78414,0.784185,2015-02-19 02:00:00,0.781185,0.7715849999999999,0.7904151515151515,2015-02-26 06:00:00,0.7904151515151515,loss,-1.0,1.0400696006172307,wickdiffs_W_H1_ALL_20260124_211252.csv,92.30151515151516,1.0
W,ALL,H1,H1,H4,AUDUSD,short,2016-04-11,2016-04-18,0.77243,0.78348,0.011050000000000004,2016-04-22 05:00:00,2016-04-22 06:00:00,0.77627,0.77696,2016-04-26 13:00:00,0.773525,0.76138,0.784585,2016-04-27 05:00:00,0.76138,win,1.0981012658227955,1.0981012658227955,wickdiffs_W_H1_ALL_20260124_211252.csv,95.55530303030308,1.0
W,ALL,H1,H1,H4,AUDUSD,short,2017-01-16,2017-01-23,0.75565,0.76091,0.005259999999999931,2017-01-24 23:00:00,2017-01-25 00:00:00,0.75927,0.75984,2017-01-31 14:00:00,0.757005,0.7503900000000001,0.764236893939394,2017-02-02 02:00:00,0.764236893939394,loss,-1.0,0.914698148982297,wickdiffs_W_H1_ALL_20260124_211252.csv,72.31893939393937,1.0
W,ALL,H4,H4,H4,AUDUSD,short,2017-05-15,2017-05-22,0.745665,0.75175,0.006085000000000007,2017-05-25 13:00:00,2017-05-25 17:00:00,0.74686,0.74794,2017-05-30 17:00:00,0.74651,0.73958,0.7523585,2017-06-01 01:00:00,0.73958,win,1.1849192100538517,1.1849192100538517,wickdiffs_W_H4_ALL_20260121_202249.csv,56.20606060606061,1.0
W,ALL,H1,H1,H4,AUDUSD,short,2019-03-11,2019-03-18,0.70848,0.71683,0.008349999999999969,2019-03-22 15:00:00,2019-03-22 16:00:00,0.70928,0.70935,2019-03-25 05:00:00,0.70891,0.70013,0.717665,2019-04-12 09:00:00,0.717665,loss,-1.0,1.0028555111364994,wickdiffs_W_H1_ALL_20260124_211252.csv,62.31363636363629,1.0
W,ALL,H1,H1,H4,AUDUSD,short,2020-09-14,2020-09-21,0.72911,0.73452,0.005409999999999915,2020-09-16 15:00:00,2020-09-16 16:00:00,0.73366,0.73452,2020-11-09 10:00:00,0.73256,0.7237000000000001,0.7395631818181818,2020-11-12 14:00:00,0.7237000000000001,win,1.265139222431344,1.265139222431344,wickdiffs_W_H1_ALL_20260124_211252.csv,70.03181818181815,1.0
W,ALL,H4,H4,H4,AUDUSD,short,2021-01-18,2021-01-25,0.77156,0.77822,0.006659999999999999,2021-01-26 18:00:00,2021-01-26 22:00:00,0.77528,0.77638,2021-02-10 06:00:00,0.77215,0.7649,0.7789045454545455,2021-02-15 22:00:00,0.7789045454545455,loss,-1.0,1.073351278600267,wickdiffs_W_H4_ALL_20260121_202249.csv,67.54545454545448,1.0
W,ALL,H1,H1,H4,AUDUSD,short,2021-04-19,2021-04-26,0.77467,0.78181,0.007140000000000035,2021-04-30 12:00:00,2021-04-30 13:00:00,0.776,0.77644,2021-05-03 13:00:00,0.77574,0.7675299999999999,0.7830215151515152,2021-05-04 13:00:00,0.7675299999999999,win,1.12751258895502,1.12751258895502,wickdiffs_W_H1_ALL_20260124_211252.csv,72.8151515151515,1.0
W,ALL,H4,H4,H4,AUDUSD,short,2022-05-02,2022-05-09,0.70766,0.72664,0.018979999999999997,2022-05-06 13:00:00,2022-05-06 17:00:00,0.71056,0.71174,2022-05-23 05:00:00,0.71034,0.68868,0.7285379999999999,2022-06-14 09:00:00,0.68868,win,1.1902406857896521,1.1902406857896521,wickdiffs_W_H4_ALL_20260121_202249.csv,86.61666666666669,1.0
W,ALL,H1,H1,H4,AUDUSD,short,2022-12-05,2022-12-12,0.67965,0.68934,0.009689999999999976,2022-12-15 05:00:00,2022-12-15 06:00:00,0.68336,0.68348,2023-01-03 02:00:00,0.6796,0.66996,0.690309,2023-01-03 06:00:00,0.66996,win,0.900177420860959,0.900177420860959,wickdiffs_W_H1_ALL_20260124_211252.csv,101.7075757575757,1.0
W,ALL,H1,H1,H4,AUDUSD,short,2023-07-10,2023-07-17,0.6838,0.68951,0.005709999999999993,2023-07-14 16:00:00,2023-07-14 17:00:00,0.68491,0.68508,2023-12-27 14:00:00,0.68452,0.67809,0.6910215151515151,2024-01-02 10:00:00,0.67809,win,0.9890002330459183,0.9890002330459183,wickdiffs_W_H1_ALL_20260124_211252.csv,65.01515151515144,1.0
W,ALL,H1,H1,H4,AUDUSD,short,2024-04-29,2024-05-06,0.66097,0.66494,0.003970000000000029,2024-05-07 03:00:00,2024-05-07 04:00:00,0.66297,0.66304,2024-05-14 21:00:00,0.66264,0.6569999999999999,0.6678357575757575,2024-05-15 09:00:00,0.6678357575757575,loss,-1.0,1.0855009914849132,wickdiffs_W_H1_ALL_20260124_211252.csv,51.95757575757568,1.0
W,ALL,H4,H4,H4,AUDUSD,short,2025-10-27,2025-11-03,0.65446,0.66178,0.007319999999999993,2025-11-03 02:00:00,2025-11-03 06:00:00,0.65602,0.65625,2025-11-12 22:00:00,0.65578,0.64714,0.662512,2025-11-18 02:00:00,0.64714,win,1.2834224598930528,1.2834224598930528,wickdiffs_W_H4_ALL_20260121_202249.csv,47.36666666666676,1.0
W,ALL,H4,H4,H4,CADCHF,long,2015-01-19,2015-01-26,0.69066,0.70858,0.017919999999999936,2015-01-25 22:00:00,2015-01-26 02:00:00,0.70376,0.704415,2015-08-24 09:00:00,0.7056,0.7264999999999999,0.688868,2015-08-27 13:00:00,0.7264999999999999,win,1.2491035142242384,1.2491035142242384,wickdiffs_W_H4_ALL_20260121_202249.csv,79.04999999999995,1.0
W,ALL,H1,H1,H4,CADCHF,long,2016-03-07,2016-03-14,0.73346,0.74352,0.010059999999999958,2016-03-17 14:00:00,2016-03-17 15:00:00,0.741175,0.74211,2016-03-21 01:00:00,0.74237,0.7535799999999999,0.7317120454545454,2016-04-01 09:00:00,0.7317120454545454,loss,-1.0,1.0517965667981612,wickdiffs_W_H1_ALL_20260124_211252.csv,106.5795454545454,1.0
W,ALL,H1,H1,H4,CADCHF,long,2016-04-04,2016-04-11,0.7241,0.73418,0.010080000000000089,2016-04-11 06:00:00,2016-04-11 07:00:00,0.73218,0.73252,2016-09-26 13:00:00,0.733615,0.7442600000000001,0.723092,2016-10-04 09:00:00,0.7442600000000001,win,1.0115936520003863,1.0115936520003863,wickdiffs_W_H1_ALL_20260124_211252.csv,61.54999999999993,1.0
W,ALL,H1,H1,H4,CADCHF,long,2016-08-15,2016-08-22,0.74172,0.74615,0.004429999999999934,2016-08-22 22:00:00,2016-08-22 23:00:00,0.74312,0.74344,2016-09-12 05:00:00,0.743505,0.7505799999999999,0.7372765151515152,2016-09-14 13:00:00,0.7372765151515152,loss,-1.0,1.1359102851026472,wickdiffs_W_H1_ALL_20260124_211252.csv,62.28484848484848,1.0
W,ALL,H1,H1,H4,CADCHF,long,2017-04-03,2017-04-10,0.74422,0.7527,0.008480000000000043,2017-04-07 15:00:00,2017-04-07 16:00:00,0.75035,0.75128,2017-04-18 05:00:00,0.75191,0.7611800000000001,0.743372,2017-04-19 05:00:00,0.743372,loss,-1.0,1.0857343640196981,wickdiffs_W_H1_ALL_20260124_211252.csv,51.61287878787876,1.0
W,ALL,H1,H1,H4,CADCHF,long,2017-11-27,2017-12-04,0.76162,0.76946,0.00784000000000007,2017-12-01 19:00:00,2017-12-01 20:00:00,0.76815,0.7682,2017-12-13 14:00:00,0.7684,0.7773000000000001,0.760836,2017-12-21 14:00:00,0.7773000000000001,win,1.1766261237440656,1.1766261237440656,wickdiffs_W_H1_ALL_20260124_211252.csv,57.3045454545454,1.0
W,ALL,H1,H1,H4,CADCHF,long,2018-02-12,2018-02-19,0.7335,0.73878,0.005279999999999951,2018-02-23 14:00:00,2018-02-23 15:00:00,0.73694,0.73737,2018-02-27 10:00:00,0.737755,0.7440599999999999,0.7315664393939395,2018-03-02 06:00:00,0.7315664393939395,loss,-1.0,1.0188152627648606,wickdiffs_W_H1_ALL_20260124_211252.csv,61.88560606060599,1.0
W,ALL,H1,H1,H4,CADCHF,long,2019-02-25,2019-03-04,0.74592,0.7514,0.005479999999999929,2019-03-08 15:00:00,2019-03-08 16:00:00,0.74971,0.74974,2019-03-18 13:00:00,0.74978,0.7568799999999999,0.7440812121212121,2019-03-21 09:00:00,0.7440812121212121,loss,-1.0,1.2458789747952557,wickdiffs_W_H1_ALL_20260124_211252.csv,56.98787878787888,1.0
W,ALL,H1,H1,H4,CADCHF,long,2019-08-05,2019-08-12,0.72655,0.73574,0.00918999999999992,2019-08-16 05:00:00,2019-08-16 06:00:00,0.73494,0.73498,2019-08-20 09:00:00,0.73542,0.7449299999999999,0.725631,2019-08-30 09:00:00,0.7449299999999999,win,0.9714986209010081,0.9714986209010081,wickdiffs_W_H1_ALL_20260124_211252.csv,50.05454545454541,1.0
W,ALL,H1,H1,H4,CADCHF,long,2019-12-02,2019-12-09,0.74101,0.74725,0.006240000000000023,2019-12-13 19:00:00,2019-12-13 20:00:00,0.74558,0.74589,2019-12-17 06:00:00,0.74654,0.75349,0.740386,2020-01-14 10:00:00,0.740386,loss,-1.0,1.129346766330845,wickdiffs_W_H1_ALL_20260124_211252.csv,43.48636363636371,1.0
W,ALL,H4,H4,H4,CADCHF,long,2020-10-26,2020-11-02,0.6818,0.68834,0.00653999999999999,2020-11-02 02:00:00,2020-11-02 06:00:00,0.68734,0.68744,2020-12-21 06:00:00,0.68821,0.6948799999999999,0.6811459999999999,2020-12-24 14:00:00,0.6948799999999999,win,0.944224235560573,0.944224235560573,wickdiffs_W_H4_ALL_20260121_202249.csv,45.24848484848475,1.0
W,ALL,H1,H1,H4,CADCHF,long,2021-07-12,2021-07-19,0.71733,0.72908,0.011749999999999927,2021-07-22 13:00:00,2021-07-22 14:00:00,0.72776,0.72806,2021-07-27 05:00:00,0.72866,0.7408299999999999,0.716155,2021-08-19 13:00:00,0.716155,loss,-1.0,0.9732107157137077,wickdiffs_W_H1_ALL_20260124_211252.csv,48.17727272727263,1.0
W,ALL,H4,H4,H4,CADCHF,long,2021-07-26,2021-08-02,0.7187,0.72567,0.006970000000000032,2021-08-05 17:00:00,2021-08-05 21:00:00,0.725,0.72512,2021-08-16 13:00:00,0.72564,0.7326400000000001,0.718003,2021-08-19 05:00:00,0.718003,loss,-1.0,0.9165902841430028,wickdiffs_W_H4_ALL_20260121_202249.csv,46.74393939393934,1.0
W,ALL,H1,H1,H4,CADCHF,long,2021-12-13,2021-12-20,0.70975,0.71698,0.007229999999999959,2021-12-24 18:00:00,2021-12-24 19:00:00,0.71588,0.71616,2021-12-27 10:00:00,0.71699,0.7242099999999999,0.709027,2022-01-06 18:00:00,0.7242099999999999,win,0.9066934572397143,0.9066934572397143,wickdiffs_W_H1_ALL_20260124_211252.csv,54.94848484848487,1.0
W,ALL,H1,H1,H4,CADCHF,long,2023-01-16,2023-01-23,0.67716,0.68771,0.01055000000000006,2023-01-26 13:00:00,2023-01-26 14:00:00,0.68614,0.68618,2023-02-01 14:00:00,0.6864,0.6982600000000001,0.676105,2023-03-09 18:00:00,0.676105,loss,-1.0,1.152015541525015,wickdiffs_W_H1_ALL_20260124_211252.csv,60.23333333333338,1.0
W,ALL,H4,H4,H4,CADCHF,long,2023-11-13,2023-11-20,0.64258,0.64565,0.003069999999999906,2023-11-24 02:00:00,2023-11-24 06:00:00,0.6446,0.64463,2023-11-27 10:00:00,0.6451,0.6487199999999999,0.6411083333333334,2023-11-28 10:00:00,0.6487199999999999,win,0.9068893528183319,0.9068893528183319,wickdiffs_W_H4_ALL_20260121_202249.csv,39.91666666666671,1.0
W,ALL,H1,H1,H4,CADCHF,long,2024-04-15,2024-04-22,0.653,0.6622,0.009199999999999986,2024-04-19 15:00:00,2024-04-19 16:00:00,0.66091,0.66111,2024-05-03 13:00:00,0.66183,0.6714,0.65208,2024-06-04 09:00:00,0.65208,loss,-1.0,0.9815384615384545,wickdiffs_W_H1_ALL_20260124_211252.csv,36.21060606060605,1.0
W,ALL,H1,H1,H4,CADCHF,long,2025-03-03,2025-03-10,0.60546,0.61271,0.007249999999999979,2025-03-13 23:00:00,2025-03-14 00:00:00,0.61144,0.61176,2025-03-19 21:00:00,0.61198,0.61996,0.604735,2025-03-26 05:00:00,0.61996,win,1.1014492753623253,1.1014492753623253,wickdiffs_W_H1_ALL_20260124_211252.csv,47.2409090909092,1.0
W,ALL,H1,H1,H4,CADCHF,long,2025-05-19,2025-05-26,0.59141,0.59802,0.006610000000000005,2025-05-22 11:00:00,2025-05-22 12:00:00,0.59519,0.59562,2025-06-02 13:00:00,0.59666,0.60463,0.5901686363636364,2025-06-24 09:00:00,0.5901686363636364,loss,-1.0,1.2277851691058084,wickdiffs_W_H1_ALL_20260124_211252.csv,64.91363636363644,1.0
W,ALL,H4,H4,H4,CADCHF,short,2015-08-31,2015-09-07,0.732075,0.74485,0.01277499999999998,2015-09-11 09:00:00,2015-09-11 13:00:00,0.737925,0.739975,2015-09-23 09:00:00,0.73442,0.7193,0.7461275,2015-10-05 17:00:00,0.7461275,loss,-1.0,1.2914798206277849,wickdiffs_W_H4_ALL_20260121_202249.csv,87.88257575757578,1.0
W,ALL,H4,H4,H4,CADCHF,short,2015-11-02,2015-11-09,0.755995,0.76079,0.004794999999999994,2015-11-10 14:00:00,2015-11-10 18:00:00,0.760285,0.76048,2015-11-17 06:00:00,0.75977,0.7512,0.768643409090909,2015-11-19 10:00:00,0.768643409090909,loss,-1.0,0.9658069308198597,wickdiffs_W_H4_ALL_20260121_202249.csv,88.73409090909107,1.0
W,ALL,H4,H4,H4,CADCHF,short,2016-10-10,2016-10-17,0.753725,0.76084,0.0071149999999999824,2016-10-19 17:00:00,2016-10-19 21:00:00,0.75444,0.75456,2016-11-22 10:00:00,0.753715,0.74661,0.7615514999999999,2016-12-01 14:00:00,0.7615514999999999,loss,-1.0,0.9066547565877761,wickdiffs_W_H4_ALL_20260121_202249.csv,67.44393939393923,1.0
W,ALL,H4,H4,H4,CADCHF,short,2017-01-09,2017-01-16,0.769105,0.77386,0.004754999999999954,2017-01-16 06:00:00,2017-01-16 10:00:00,0.770765,0.7711,2017-02-14 10:00:00,0.77017,0.7643500000000001,0.7761831818181818,2017-02-16 14:00:00,0.7643500000000001,win,0.9678736110061138,0.9678736110061138,wickdiffs_W_H4_ALL_20260121_202249.csv,60.13181818181809,1.0
W,ALL,H4,H4,H4,CADCHF,short,2018-09-10,2018-09-17,0.7422,0.75002,0.00782000000000005,2018-09-21 13:00:00,2018-09-21 17:00:00,0.74268,0.7435,2018-09-24 09:00:00,0.74264,0.7343799999999999,0.750802,2018-09-27 13:00:00,0.750802,loss,-1.0,1.01200686106347,wickdiffs_W_H4_ALL_20260121_202249.csv,49.59242424242427,1.0
W,ALL,H1,H1,H4,CADCHF,short,2019-03-04,2019-03-11,0.75141,0.75568,0.004269999999999996,2019-03-15 10:00:00,2019-03-15 11:00:00,0.75428,0.75452,2019-03-19 09:00:00,0.75394,0.74714,0.759634393939394,2019-03-20 17:00:00,0.74714,win,1.194156932655725,1.194156932655725,wickdiffs_W_H1_ALL_20260124_211252.csv,56.94393939393948,1.0
W,ALL,H4,H4,H4,CADCHF,short,2019-04-22,2019-04-29,0.75786,0.76332,0.00546000000000002,2019-05-03 09:00:00,2019-05-03 13:00:00,0.75858,0.75927,2019-05-07 13:00:00,0.75808,0.7524,0.763866,2019-05-09 13:00:00,0.7524,win,0.9816799170411252,0.9816799170411252,wickdiffs_W_H4_ALL_20260121_202249.csv,46.84242424242434,1.0
W,ALL,H1,H1,H4,CADCHF,short,2019-09-02,2019-09-09,0.74983,0.75638,0.006550000000000056,2019-09-12 14:00:00,2019-09-12 15:00:00,0.75142,0.75176,2019-09-18 09:00:00,0.75071,0.7432799999999999,0.757035,2019-09-24 13:00:00,0.7432799999999999,win,1.174703557312256,1.174703557312256,wickdiffs_W_H1_ALL_20260124_211252.csv,52.93939393939393,1.0
W,ALL,H4,H4,H4,CADCHF,short,2019-09-23,2019-09-30,0.74817,0.75704,0.008870000000000045,2019-10-04 01:00:00,2019-10-04 05:00:00,0.74966,0.75077,2019-10-10 13:00:00,0.74954,0.7393,0.757927,2019-10-23 17:00:00,0.757927,loss,-1.0,1.2209371646595906,wickdiffs_W_H4_ALL_20260121_202249.csv,52.70909090909097,1.0
W,ALL,H1,H1,H4,CADCHF,short,2020-10-05,2020-10-12,0.6939,0.69762,0.0037200000000000566,2020-10-14 21:00:00,2020-10-14 22:00:00,0.69484,0.69504,2020-10-19 01:00:00,0.69452,0.6901799999999999,0.699014393939394,2020-10-19 17:00:00,0.6901799999999999,win,0.9656474395712096,0.9656474395712096,wickdiffs_W_H1_ALL_20260124_211252.csv,44.94393939393941,1.0
W,ALL,H1,H1,H4,CADCHF,short,2021-04-26,2021-05-03,0.74282,0.74767,0.00484999999999991,2021-05-07 13:00:00,2021-05-07 14:00:00,0.74406,0.74416,2021-05-10 01:00:00,0.74378,0.7379700000000001,0.7491301515151515,2021-05-12 09:00:00,0.7491301515151515,loss,-1.0,1.0859505536518144,wickdiffs_W_H1_ALL_20260124_211252.csv,53.50151515151505,1.0
W,ALL,H4,H4,H4,CADCHF,short,2021-05-10,2021-05-17,0.74455,0.75228,0.007729999999999904,2021-05-21 09:00:00,2021-05-21 13:00:00,0.74655,0.74703,2021-05-31 05:00:00,0.74568,0.7368200000000001,0.753053,2021-06-15 13:00:00,0.7368200000000001,win,1.2016818120168062,1.2016818120168062,wickdiffs_W_H4_ALL_20260121_202249.csv,54.01969696969687,1.0
W,ALL,H1,H1,H4,CADCHF,short,2021-12-06,2021-12-13,0.72339,0.73319,0.009800000000000031,2021-12-13 11:00:00,2021-12-13 12:00:00,0.725,0.72526,2022-01-06 22:00:00,0.72473,0.71359,0.73417,2022-01-11 14:00:00,0.73417,loss,-1.0,1.1800847457627155,wickdiffs_W_H1_ALL_20260124_211252.csv,53.10303030303032,1.0
W,ALL,H4,H4,H4,CADCHF,short,2023-07-24,2023-07-31,0.65698,0.66186,0.0048799999999999955,2023-08-03 01:00:00,2023-08-03 05:00:00,0.6578,0.65852,2023-09-12 09:00:00,0.65766,0.6521,0.662348,2023-09-14 09:00:00,0.662348,loss,-1.0,1.186006825938562,wickdiffs_W_H4_ALL_20260121_202249.csv,44.42878787878786,1.0
W,ALL,H4,H4,H4,CADCHF,short,2024-03-25,2024-04-01,0.66566,0.67216,0.00649999999999995,2024-04-05 05:00:00,2024-04-05 09:00:00,0.66682,0.6677,2024-04-08 09:00:00,0.66621,0.6591600000000001,0.67281,2024-04-17 05:00:00,0.6591600000000001,win,1.0681818181817933,1.0681818181817933,wickdiffs_W_H4_ALL_20260121_202249.csv,36.74848484848481,1.0
W,ALL,H1,H1,H4,CADCHF,short,2025-04-28,2025-05-05,0.5978,0.60286,0.005059999999999953,2025-05-07 07:00:00,2025-05-07 08:00:00,0.59902,0.59942,2025-05-12 01:00:00,0.59896,0.59274,0.6052589393939395,2025-05-12 05:00:00,0.6052589393939395,loss,-1.0,0.9874678276766166,wickdiffs_W_H1_ALL_20260124_211252.csv,62.989393939394,1.0
W,ALL,H4,H4,H4,CADJPY,long,2015-10-26,2015-11-02,90.59,92.233,1.6430000000000007,2015-11-03 06:00:00,2015-11-03 10:00:00,91.9365,92.0075,2015-11-13 14:00:00,92.1805,93.876,90.4257,2015-12-08 10:00:00,90.4257,loss,-1.0,0.9662069751538754,wickdiffs_W_H4_ALL_20260121_202249.csv,112.2515151515151,1.0
W,ALL,H4,H4,H4,CADJPY,long,2016-02-08,2016-02-15,79.284,81.768,2.4839999999999947,2016-02-19 14:00:00,2016-02-19 18:00:00,81.372,81.53,2016-02-23 06:00:00,81.531,84.252,79.0356,2016-02-26 18:00:00,84.252,win,1.090406347679725,1.090406347679725,wickdiffs_W_H4_ALL_20260121_202249.csv,127.7393939393938,1.0
W,ALL,H1,H1,H4,CADJPY,long,2016-06-20,2016-06-27,76.182,78.594,2.411999999999992,2016-06-29 05:00:00,2016-06-29 06:00:00,78.37,78.393,2016-07-05 13:00:00,78.441,81.00599999999999,75.9408,2016-07-14 05:00:00,81.00599999999999,win,1.0259179265658653,1.0259179265658653,wickdiffs_W_H1_ALL_20260124_211252.csv,130.4151515151516,1.0
W,ALL,H1,H1,H4,CADJPY,long,2017-01-30,2017-02-06,84.868,86.444,1.5760000000000076,2017-02-10 11:00:00,2017-02-10 12:00:00,86.234,86.258,2017-02-17 06:00:00,86.2645,88.02000000000001,84.71039999999999,2017-02-28 14:00:00,84.71039999999999,loss,-1.0,1.129592690303073,wickdiffs_W_H1_ALL_20260124_211252.csv,91.06818181818184,1.0
W,ALL,H4,H4,H4,CADJPY,long,2017-02-27,2017-03-06,84.192,85.246,1.054000000000002,2017-03-09 14:00:00,2017-03-09 18:00:00,84.846,84.918,2017-03-14 17:00:00,85.1275,86.3,84.08659999999999,2017-03-21 13:00:00,84.08659999999999,loss,-1.0,1.1264290517821027,wickdiffs_W_H4_ALL_20260121_202249.csv,80.80606060606074,1.0
W,ALL,H1,H1,H4,CADJPY,long,2017-05-15,2017-05-22,80.658,82.339,1.6809999999999974,2017-05-23 06:00:00,2017-05-23 07:00:00,82.216,82.247,2017-05-30 01:00:00,82.2875,84.02,80.4899,2017-06-16 05:00:00,84.02,win,0.963785046728979,0.963785046728979,wickdiffs_W_H1_ALL_20260124_211252.csv,77.04393939393947,1.0
W,ALL,H1,H1,H4,CADJPY,long,2017-05-29,2017-06-05,80.873,81.892,1.0189999999999912,2017-06-09 18:00:00,2017-06-09 19:00:00,81.767,81.775,2017-06-12 09:00:00,81.845,82.91099999999999,80.7711,2017-06-13 05:00:00,82.91099999999999,win,0.9926436353477917,0.9926436353477917,wickdiffs_W_H1_ALL_20260124_211252.csv,80.08939393939393,1.0
W,ALL,H4,H4,H4,CADJPY,long,2018-12-03,2018-12-10,83.568,84.63,1.0619999999999976,2018-12-11 14:00:00,2018-12-11 18:00:00,84.426,84.436,2018-12-17 10:00:00,84.442,85.692,83.4618,2018-12-18 14:00:00,83.4618,loss,-1.0,1.2752499489900067,wickdiffs_W_H4_ALL_20260121_202249.csv,70.96212121212129,1.0
W,ALL,H4,H4,H4,CADJPY,long,2019-08-05,2019-08-12,79.102,79.932,0.8299999999999983,2019-08-15 21:00:00,2019-08-16 01:00:00,79.595,79.647,2019-08-20 13:00:00,79.798,80.762,79.019,2019-08-23 13:00:00,79.019,loss,-1.0,1.2374839537869102,wickdiffs_W_H4_ALL_20260121_202249.csv,59.24848484848484,1.0
W,ALL,H4,H4,H4,CADJPY,long,2019-10-28,2019-11-04,81.922,82.318,0.3960000000000008,2019-11-01 09:00:00,2019-11-01 13:00:00,81.922,81.934,2019-11-14 02:00:00,82.004,82.714,81.38809090909092,2019-11-20 14:00:00,81.38809090909092,loss,-1.0,1.1527675276752651,wickdiffs_W_H4_ALL_20260121_202249.csv,61.59090909090917,1.0
W,ALL,H4,H4,H4,CADJPY,long,2020-07-27,2020-08-03,77.617,78.925,1.3079999999999927,2020-08-03 05:00:00,2020-08-03 09:00:00,78.688,78.7,2020-09-21 05:00:00,78.74,80.23299999999999,77.48620000000001,2020-10-08 13:00:00,80.23299999999999,win,1.1907800287127246,1.1907800287127246,wickdiffs_W_H4_ALL_20260121_202249.csv,60.92272727272734,1.0
W,ALL,H1,H1,H4,CADJPY,long,2021-03-15,2021-03-22,86.077,87.104,1.027000000000001,2021-03-26 02:00:00,2021-03-26 03:00:00,86.702,86.751,2021-03-29 05:00:00,86.928,88.131,85.9743,2021-03-31 13:00:00,88.131,win,1.261402956904693,1.261402956904693,wickdiffs_W_H1_ALL_20260124_211252.csv,58.19090909090922,1.0
W,ALL,H1,H1,H4,CADJPY,long,2021-05-17,2021-05-24,89.586,90.288,0.7019999999999982,2021-05-27 08:00:00,2021-05-27 09:00:00,90.065,90.091,2021-06-16 17:00:00,90.18,90.99,89.5158,2021-06-17 09:00:00,89.5158,loss,-1.0,1.2195121951219183,wickdiffs_W_H1_ALL_20260124_211252.csv,62.86060606060608,1.0
W,ALL,H4,H4,H4,CADJPY,long,2023-10-02,2023-10-09,107.562,109.288,1.725999999999999,2023-10-09 13:00:00,2023-10-09 17:00:00,108.953,109.116,2023-10-19 01:00:00,109.12,111.014,107.3894,2023-11-21 06:00:00,107.3894,loss,-1.0,1.0944181208829196,wickdiffs_W_H4_ALL_20260121_202249.csv,87.93484848484837,1.0
W,ALL,H1,H1,H4,CADJPY,long,2023-11-13,2023-11-20,107.235,109.003,1.7680000000000007,2023-11-22 14:00:00,2023-11-22 15:00:00,108.574,108.637,2023-11-28 14:00:00,108.686,110.771,107.0582,2023-12-07 06:00:00,107.0582,loss,-1.0,1.2808698857353384,wickdiffs_W_H1_ALL_20260124_211252.csv,76.9318181818181,1.0
W,ALL,H4,H4,H4,CADJPY,long,2024-07-29,2024-08-05,101.66,105.544,3.8840000000000003,2024-08-06 17:00:00,2024-08-06 21:00:00,104.588,104.7,2024-09-06 13:00:00,104.984,109.428,101.27159999999999,2024-10-04 09:00:00,109.428,win,1.197069281327443,1.197069281327443,wickdiffs_W_H4_ALL_20260121_202249.csv,119.7424242424242,1.0
W,ALL,H1,H1,H4,CADJPY,long,2025-01-13,2025-01-20,107.326,108.036,0.710000000000008,2025-01-21 04:00:00,2025-01-21 05:00:00,107.518,107.53,2025-01-27 06:00:00,107.6,108.74600000000001,106.53872727272727,2025-01-30 18:00:00,106.53872727272727,loss,-1.0,1.0798355319513593,wickdiffs_W_H1_ALL_20260124_211252.csv,106.1272727272727,1.0
W,ALL,H1,H1,H4,CADJPY,short,2015-05-11,2015-05-18,99.33,100.094,0.7639999999999958,2015-05-15 11:00:00,2015-05-15 12:00:00,99.6605,99.7785,2015-05-28 01:00:00,99.399,98.566,100.23207575757576,2015-06-05 09:00:00,100.23207575757576,loss,-1.0,0.9999090628012266,wickdiffs_W_H1_ALL_20260124_211252.csv,83.30757575757583,1.0
W,ALL,H1,H1,H4,CADJPY,short,2016-10-24,2016-10-31,78.17,78.968,0.7980000000000018,2016-11-01 15:00:00,2016-11-01 16:00:00,78.184,78.204,2016-11-07 18:00:00,78.1775,77.372,79.04780000000001,2016-11-08 18:00:00,79.04780000000001,loss,-1.0,0.9255429162357596,wickdiffs_W_H1_ALL_20260124_211252.csv,82.26212121212123,1.0
W,ALL,H1,H1,H4,CADJPY,short,2017-06-12,2017-06-19,83.908,84.554,0.6460000000000008,2017-06-22 14:00:00,2017-06-22 15:00:00,84.299,84.326,2017-06-26 09:00:00,84.288,83.262,85.10877272727272,2017-06-27 13:00:00,85.10877272727272,loss,-1.0,1.2500415351387233,wickdiffs_W_H1_ALL_20260124_211252.csv,82.0772727272727,1.0
W,ALL,H1,H1,H4,CADJPY,short,2018-07-30,2018-08-06,85.635,86.29,0.6550000000000011,2018-08-07 07:00:00,2018-08-07 08:00:00,85.851,85.858,2018-08-27 21:00:00,85.83,84.98,86.55125757575757,2018-08-29 13:00:00,86.55125757575757,loss,-1.0,1.1784971535407343,wickdiffs_W_H1_ALL_20260124_211252.csv,72.12575757575765,1.0
W,ALL,H1,H1,H4,CADJPY,short,2020-03-23,2020-03-30,77.16,78.484,1.323999999999998,2020-03-27 05:00:00,2020-03-27 06:00:00,77.524,77.553,2020-04-06 05:00:00,77.296,75.836,78.6164,2020-04-21 05:00:00,75.836,win,1.1057255377158561,1.1057255377158561,wickdiffs_W_H1_ALL_20260124_211252.csv,106.4121212121212,1.0
W,ALL,H4,H4,H4,CADJPY,short,2020-08-10,2020-08-17,80.345,80.989,0.6440000000000055,2020-08-17 05:00:00,2020-08-17 09:00:00,80.47,80.49,2020-08-24 05:00:00,80.41,79.701,81.09331818181818,2020-08-27 13:00:00,81.09331818181818,loss,-1.0,1.037583981906476,wickdiffs_W_H4_ALL_20260121_202249.csv,68.33181818181825,1.0
W,ALL,H1,H1,H4,CADJPY,short,2020-11-09,2020-11-16,79.666,81.426,1.7600000000000051,2020-11-17 06:00:00,2020-11-17 07:00:00,79.955,79.968,2020-11-23 18:00:00,79.896,77.90599999999999,81.602,2020-12-09 14:00:00,81.602,loss,-1.0,1.1664712778429107,wickdiffs_W_H1_ALL_20260124_211252.csv,63.0348484848485,1.0
W,ALL,H1,H1,H4,CADJPY,short,2020-11-30,2020-12-07,81.503,82.122,0.6189999999999998,2020-12-11 12:00:00,2020-12-11 13:00:00,81.558,81.578,2020-12-14 02:00:00,81.548,80.884,82.1839,2020-12-18 14:00:00,80.884,win,1.0441893379462328,1.0441893379462328,wickdiffs_W_H1_ALL_20260124_211252.csv,58.96818181818181,1.0
W,ALL,H1,H1,H4,CADJPY,short,2023-05-01,2023-05-08,100.816,101.812,0.9959999999999951,2023-05-10 11:00:00,2023-05-10 12:00:00,101.129,101.212,2023-05-15 17:00:00,101.068,99.82000000000001,102.16948484848484,2023-05-17 13:00:00,102.16948484848484,loss,-1.0,1.1330160389556714,wickdiffs_W_H1_ALL_20260124_211252.csv,110.1484848484848,1.0
W,ALL,H1,H1,H4,CADJPY,short,2023-09-18,2023-09-25,110.03,111.171,1.1410000000000053,2023-10-01 21:00:00,2023-10-01 22:00:00,110.213,110.295,2023-10-02 05:00:00,110.138,108.889,111.2851,2023-10-03 13:00:00,108.889,win,1.0888327085694491,1.0888327085694491,wickdiffs_W_H1_ALL_20260124_211252.csv,91.8545454545454,1.0
W,ALL,H1,H1,H4,CADJPY,short,2024-09-16,2024-09-23,106.192,108.566,2.3740000000000094,2024-09-27 10:00:00,2024-09-27 11:00:00,106.33,106.39,2024-09-30 17:00:00,106.191,103.81799999999998,108.80340000000001,2024-10-02 21:00:00,108.80340000000001,loss,-1.0,0.9083601286173678,wickdiffs_W_H1_ALL_20260124_211252.csv,138.3015151515152,1.0
W,ALL,H4,H4,H4,CADJPY,short,2024-11-18,2024-11-25,110.552,111.562,1.009999999999991,2024-11-25 06:00:00,2024-11-25 10:00:00,110.687,110.816,2025-11-17 14:00:00,110.626,109.54200000000002,111.663,2025-11-19 14:00:00,111.663,loss,-1.0,1.045323047251685,wickdiffs_W_H4_ALL_20260121_202249.csv,75.41212121212142,1.0
W,ALL,H4,H4,H4,CADJPY,short,2025-07-14,2025-07-21,107.883,108.745,0.862000000000009,2025-07-25 09:00:00,2025-07-25 13:00:00,108.06,108.162,2025-07-28 09:00:00,107.933,107.02099999999999,108.8563787878788,2025-07-31 13:00:00,108.8563787878788,loss,-1.0,0.9876770096647908,wickdiffs_W_H4_ALL_20260121_202249.csv,92.3378787878788,1.0
W,ALL,H1,H1,H4,CHFJPY,long,2015-06-29,2015-07-06,127.1775,130.591,3.4135000000000133,2015-07-12 22:00:00,2015-07-12 23:00:00,130.1425,130.1715,2015-07-13 05:00:00,130.2735,134.0045,126.83614999999999,2015-08-05 09:00:00,126.83614999999999,loss,-1.0,1.0854291823643123,wickdiffs_W_H1_ALL_20260124_211252.csv,148.5954545454545,1.0
W,ALL,H1,H1,H4,CHFJPY,long,2016-01-11,2016-01-18,115.352,116.888,1.5360000000000014,2016-01-22 16:00:00,2016-01-22 17:00:00,116.5455,116.6125,2016-01-25 06:00:00,116.76,118.424,115.1984,2016-01-29 02:00:00,118.424,win,1.0655737704918051,1.0655737704918051,wickdiffs_W_H1_ALL_20260124_211252.csv,103.7984848484848,1.0
W,ALL,H4,H4,H4,CHFJPY,long,2016-06-20,2016-06-27,101.857,105.189,3.3319999999999936,2016-06-30 01:00:00,2016-06-30 05:00:00,104.3585,104.746,2016-07-05 05:00:00,104.7775,108.52099999999999,101.5238,2016-07-20 21:00:00,108.52099999999999,win,1.1505363125057542,1.1505363125057542,wickdiffs_W_H4_ALL_20260121_202249.csv,131.4454545454545,1.0
W,ALL,H1,H1,H4,CHFJPY,long,2018-05-21,2018-05-28,109.01,110.549,1.5390000000000015,2018-05-31 18:00:00,2018-05-31 19:00:00,110.256,110.265,2018-06-19 05:00:00,110.276,112.08800000000001,108.8561,2018-07-10 13:00:00,112.08800000000001,win,1.2761462074794097,1.2761462074794097,wickdiffs_W_H1_ALL_20260124_211252.csv,70.71060606060617,1.0
W,ALL,H4,H4,H4,CHFJPY,long,2018-06-11,2018-06-18,110.116,110.933,0.8170000000000073,2018-06-21 05:00:00,2018-06-21 09:00:00,110.604,110.726,2018-06-25 05:00:00,110.87,111.75000000000001,110.0343,2018-06-29 17:00:00,111.75000000000001,win,1.0530094531530534,1.0530094531530534,wickdiffs_W_H4_ALL_20260121_202249.csv,70.01969696969708,1.0
W,ALL,H1,H1,H4,CHFJPY,long,2018-12-17,2018-12-24,111.386,111.847,0.4609999999999985,2018-12-26 14:00:00,2018-12-26 15:00:00,111.386,111.408,2018-12-31 14:00:00,111.607,112.30799999999999,110.92192424242424,2019-01-02 06:00:00,110.92192424242424,loss,-1.0,1.0232444985071243,wickdiffs_W_H1_ALL_20260124_211252.csv,68.50757575757567,1.0
W,ALL,H4,H4,H4,CHFJPY,long,2019-02-04,2019-02-11,108.726,109.718,0.9920000000000044,2019-02-15 06:00:00,2019-02-15 10:00:00,109.53,109.6,2019-04-23 09:00:00,109.612,110.71000000000001,108.6268,2019-05-05 21:00:00,108.6268,loss,-1.0,1.114494518879438,wickdiffs_W_H4_ALL_20260121_202249.csv,55.62575757575748,1.0
W,ALL,H4,H4,H4,CHFJPY,long,2019-05-06,2019-05-13,107.614,108.661,1.046999999999997,2019-05-17 09:00:00,2019-05-17 13:00:00,108.374,108.462,2019-05-28 21:00:00,108.537,109.708,107.50930000000001,2019-06-09 21:00:00,109.708,win,1.139437579060034,1.139437579060034,wickdiffs_W_H4_ALL_20260121_202249.csv,54.47727272727264,1.0
W,ALL,H1,H1,H4,CHFJPY,long,2019-07-29,2019-08-05,108.046,108.512,0.465999999999994,2019-08-09 15:00:00,2019-08-09 16:00:00,108.362,108.436,2019-08-12 01:00:00,108.448,108.978,107.88992424242423,2019-08-13 13:00:00,108.978,win,0.9496918524149555,0.9496918524149555,wickdiffs_W_H1_ALL_20260124_211252.csv,55.80757575757578,1.0
W,ALL,H1,H1,H4,CHFJPY,long,2021-07-12,2021-07-19,118.658,119.723,1.0649999999999977,2021-07-21 09:00:00,2021-07-21 10:00:00,119.376,119.38,2021-08-13 05:00:00,119.528,120.788,118.5515,2021-09-16 05:00:00,118.5515,loss,-1.0,1.29032258064515,wickdiffs_W_H1_ALL_20260124_211252.csv,64.51060606060595,1.0
W,ALL,H1,H1,H4,CHFJPY,long,2021-11-22,2021-11-29,122.137,122.739,0.6020000000000039,2021-11-29 08:00:00,2021-11-29 09:00:00,122.354,122.44,2021-12-06 14:00:00,122.481,123.34100000000001,121.74657575757576,2021-12-08 10:00:00,123.34100000000001,win,1.1709853111074637,1.1709853111074637,wickdiffs_W_H1_ALL_20260124_211252.csv,73.44242424242414,1.0
W,ALL,H1,H1,H4,CHFJPY,long,2022-02-21,2022-02-28,124.014,124.82,0.8059999999999974,2022-02-27 22:00:00,2022-02-27 23:00:00,124.316,124.389,2022-03-07 10:00:00,124.7,125.62599999999999,123.93339999999999,2022-03-11 06:00:00,125.62599999999999,win,1.2079311244455706,1.2079311244455706,wickdiffs_W_H1_ALL_20260124_211252.csv,75.75000000000016,1.0
W,ALL,H4,H4,H4,CHFJPY,long,2022-09-19,2022-09-26,143.533,146.101,2.568000000000012,2022-09-26 13:00:00,2022-09-26 17:00:00,145.17,145.234,2022-10-03 13:00:00,145.712,148.669,143.2762,2022-10-17 05:00:00,148.669,win,1.2139748747844739,1.2139748747844739,wickdiffs_W_H4_ALL_20260121_202249.csv,141.3757575757576,1.0
W,ALL,H1,H1,H4,CHFJPY,long,2022-10-31,2022-11-07,144.584,147.472,2.8880000000000052,2022-11-11 19:00:00,2022-11-11 20:00:00,147.14,147.166,2022-11-14 02:00:00,147.243,150.36,144.2952,2022-12-01 06:00:00,144.2952,loss,-1.0,1.0573987380419356,wickdiffs_W_H1_ALL_20260124_211252.csv,157.5545454545453,1.0
W,ALL,H4,H4,H4,CHFJPY,long,2024-07-08,2024-07-15,175.882,176.791,0.9089999999999918,2024-07-17 21:00:00,2024-07-18 01:00:00,176.08,176.201,2024-07-22 05:00:00,176.616,177.7,175.46448484848486,2024-07-23 05:00:00,175.46448484848486,loss,-1.0,0.9413684210526101,wickdiffs_W_H4_ALL_20260121_202249.csv,115.1515151515151,1.0
W,ALL,H1,H1,H4,CHFJPY,long,2024-08-05,2024-08-12,166.824,169.472,2.647999999999996,2024-08-06 09:00:00,2024-08-06 10:00:00,169.008,169.018,2024-08-19 01:00:00,169.221,172.12,166.5592,2024-08-29 01:00:00,172.12,win,1.0891126305507557,1.0891126305507557,wickdiffs_W_H1_ALL_20260124_211252.csv,127.7984848484848,1.0
W,ALL,H1,H1,H4,CHFJPY,short,2016-08-15,2016-08-22,104.373,105.142,0.7689999999999912,2016-08-19 04:00:00,2016-08-19 05:00:00,104.9855,105.0605,2016-08-31 05:00:00,104.904,103.60400000000001,106.30197727272727,2016-09-02 13:00:00,106.30197727272727,loss,-1.0,0.9299149745573845,wickdiffs_W_H1_ALL_20260124_211252.csv,139.7977272727272,1.0
W,ALL,H1,H1,H4,CHFJPY,short,2016-10-03,2016-10-10,105.2825,106.454,1.1714999999999947,2016-10-16 21:00:00,2016-10-16 22:00:00,105.364,105.383,2016-10-17 01:00:00,105.323,104.111,106.57114999999999,2016-10-21 13:00:00,104.111,win,0.9710371349597352,0.9710371349597352,wickdiffs_W_H1_ALL_20260124_211252.csv,102.6757575757576,1.0
W,ALL,H4,H4,H4,CHFJPY,short,2018-04-09,2018-04-16,111.582,112.283,0.7010000000000076,2018-04-16 09:00:00,2018-04-16 13:00:00,111.86,111.948,2018-05-22 13:00:00,111.664,110.88099999999999,112.37276515151515,2018-05-23 05:00:00,110.88099999999999,win,1.1047382878886876,1.1047382878886876,wickdiffs_W_H4_ALL_20260121_202249.csv,70.87651515151522,1.0
W,ALL,H4,H4,H4,CHFJPY,short,2018-11-05,2018-11-12,113.178,113.746,0.5679999999999978,2018-11-08 14:00:00,2018-11-08 18:00:00,113.496,113.546,2018-11-20 02:00:00,113.359,112.61,114.09215151515151,2018-11-28 14:00:00,114.09215151515151,loss,-1.0,1.0216169298173046,wickdiffs_W_H4_ALL_20260121_202249.csv,73.31515151515144,1.0
W,ALL,H4,H4,H4,CHFJPY,short,2019-10-28,2019-11-04,109.764,110.196,0.43200000000000216,2019-10-30 21:00:00,2019-10-31 01:00:00,110.155,110.196,2019-11-13 06:00:00,110.022,109.332,110.62448484848485,2019-11-20 10:00:00,109.332,win,1.1452570163967615,1.1452570163967615,wickdiffs_W_H4_ALL_20260121_202249.csv,60.2484848484848,1.0
W,ALL,H1,H1,H4,CHFJPY,short,2020-11-02,2020-11-09,114.812,116.108,1.2960000000000065,2020-11-12 16:00:00,2020-11-12 17:00:00,115.123,115.125,2020-11-29 22:00:00,114.956,113.51599999999999,116.2376,2020-12-02 06:00:00,116.2376,loss,-1.0,1.1235955056179892,wickdiffs_W_H1_ALL_20260124_211252.csv,71.96363636363637,1.0
W,ALL,H1,H1,H4,CHFJPY,short,2021-02-08,2021-02-15,117.646,118.873,1.2270000000000039,2021-02-21 22:00:00,2021-02-21 23:00:00,117.797,117.824,2021-02-22 02:00:00,117.642,116.419,118.9957,2021-02-23 18:00:00,116.419,win,0.9034498042402275,0.9034498042402275,wickdiffs_W_H1_ALL_20260124_211252.csv,57.60303030303031,1.0
W,ALL,H1,H1,H4,CHFJPY,short,2021-03-08,2021-03-15,117.211,118.186,0.9750000000000085,2021-03-19 11:00:00,2021-03-19 12:00:00,117.254,117.317,2021-03-22 05:00:00,117.234,116.23599999999999,118.2835,2021-03-23 17:00:00,116.23599999999999,win,0.9509290138160992,0.9509290138160992,wickdiffs_W_H1_ALL_20260124_211252.csv,60.20606060606061,1.0
W,ALL,H4,H4,H4,CHFJPY,short,2022-02-14,2022-02-21,124.948,125.524,0.5760000000000076,2022-02-23 22:00:00,2022-02-24 02:00:00,125.295,125.334,2022-02-28 06:00:00,125.24,124.37199999999999,125.99680303030303,2022-03-07 10:00:00,124.37199999999999,win,1.146929868465846,1.146929868465846,wickdiffs_W_H4_ALL_20260121_202249.csv,75.68030303030312,1.0
W,ALL,H4,H4,H4,CHFJPY,short,2022-06-20,2022-06-27,141.1,143.758,2.6580000000000155,2022-07-01 05:00:00,2022-07-01 09:00:00,141.632,141.644,2022-07-04 21:00:00,141.594,138.44199999999998,144.02380000000002,2022-08-01 21:00:00,138.44199999999998,win,1.2972261091447765,1.2972261091447765,wickdiffs_W_H4_ALL_20260121_202249.csv,136.1969696969697,1.0
W,ALL,H4,H4,H4,CHFJPY,short,2022-09-05,2022-09-12,148.458,150.718,2.259999999999991,2022-09-16 09:00:00,2022-09-16 13:00:00,148.801,149.015,2022-09-20 05:00:00,148.704,146.198,150.944,2022-09-22 05:00:00,150.944,loss,-1.0,1.1187500000000097,wickdiffs_W_H4_ALL_20260121_202249.csv,131.7378787878789,1.0
W,ALL,H1,H1,H4,CHFJPY,short,2022-11-21,2022-11-28,147.096,148.868,1.7719999999999914,2022-11-27 23:00:00,2022-11-28 00:00:00,147.169,147.217,2022-12-12 22:00:00,147.156,145.324,149.0452,2022-12-14 10:00:00,145.324,win,0.9697226339191218,0.9697226339191218,wickdiffs_W_H1_ALL_20260124_211252.csv,166.2424242424242,1.0
W,ALL,H1,H1,H4,CHFJPY,short,2023-08-21,2023-08-28,165.551,166.601,1.0500000000000114,2023-08-31 05:00:00,2023-08-31 06:00:00,166.123,166.208,2023-09-05 13:00:00,166.103,164.50099999999998,167.40974242424244,2023-09-07 21:00:00,164.50099999999998,win,1.2259493303959899,1.2259493303959899,wickdiffs_W_H1_ALL_20260124_211252.csv,130.6742424242424,1.0
W,ALL,H4,H4,H4,CHFJPY,short,2024-03-18,2024-03-25,168.754,170.804,2.0500000000000114,2024-03-21 17:00:00,2024-03-21 21:00:00,168.952,168.995,2024-04-15 13:00:00,168.94,166.70399999999998,171.00900000000001,2024-04-26 01:00:00,171.00900000000001,loss,-1.0,1.0807153214113099,wickdiffs_W_H4_ALL_20260121_202249.csv,103.3575757575759,1.0
W,ALL,H4,H4,H4,CHFJPY,short,2024-09-16,2024-09-23,169.24,172.538,3.298000000000002,2024-09-27 09:00:00,2024-09-27 13:00:00,169.866,169.892,2024-09-30 17:00:00,169.845,165.942,172.86780000000002,2024-10-02 21:00:00,172.86780000000002,loss,-1.0,1.2911869789598942,wickdiffs_W_H4_ALL_20260121_202249.csv,155.2757575757576,1.0
W,ALL,H4,H4,H4,EURAUD,long,2016-03-07,2016-03-14,1.44672,1.47394,0.027220000000000022,2016-03-14 01:00:00,2016-03-14 05:00:00,1.46993,1.470095,2016-03-22 13:00:00,1.472435,1.50116,1.4439980000000001,2016-04-04 21:00:00,1.50116,win,1.0101276505960646,1.0101276505960646,wickdiffs_W_H4_ALL_20260121_202249.csv,235.9939393939392,1.0
W,ALL,H1,H1,H4,EURAUD,long,2016-11-07,2016-11-14,1.407465,1.43863,0.03116500000000011,2016-11-18 08:00:00,2016-11-18 09:00:00,1.433855,1.43489,2016-11-22 10:00:00,1.43503,1.4697950000000002,1.4043485,2016-12-29 22:00:00,1.4697950000000002,win,1.1330932320779663,1.1330932320779663,wickdiffs_W_H1_ALL_20260124_211252.csv,138.9121212121213,1.0
W,ALL,H4,H4,H4,EURAUD,long,2016-11-21,2016-11-28,1.41368,1.42347,0.009789999999999965,2016-11-28 22:00:00,2016-11-29 02:00:00,1.415365,1.41574,2016-12-05 02:00:00,1.419005,1.43326,1.4047140151515152,2016-12-05 10:00:00,1.43326,win,0.9974819895992836,0.9974819895992836,wickdiffs_W_H4_ALL_20260121_202249.csv,142.9098484848487,1.0
W,ALL,H4,H4,H4,EURAUD,long,2017-11-27,2017-12-04,1.5491,1.56283,0.01373000000000002,2017-12-08 10:00:00,2017-12-08 14:00:00,1.56022,1.56232,2017-12-12 02:00:00,1.56249,1.57656,1.5477269999999999,2017-12-13 10:00:00,1.5477269999999999,loss,-1.0,0.9530583214793706,wickdiffs_W_H4_ALL_20260121_202249.csv,108.3772727272728,1.0
W,ALL,H1,H1,H4,EURAUD,long,2018-01-01,2018-01-08,1.51556,1.52999,0.014429999999999943,2018-01-12 06:00:00,2018-01-12 07:00:00,1.52782,1.52802,2018-01-17 18:00:00,1.52882,1.54442,1.514117,2018-01-25 14:00:00,1.54442,win,1.061007957559661,1.061007957559661,wickdiffs_W_H1_ALL_20260124_211252.csv,107.5439393939393,1.0
W,ALL,H1,H1,H4,EURAUD,long,2018-02-05,2018-02-12,1.5608,1.56841,0.007610000000000117,2018-02-13 03:00:00,2018-02-13 04:00:00,1.5608,1.561615,2018-02-20 06:00:00,1.564165,1.5760200000000002,1.5530864393939394,2018-02-28 22:00:00,1.5760200000000002,win,1.0700848622441812,1.0700848622441812,wickdiffs_W_H1_ALL_20260124_211252.csv,110.785606060606,1.0
W,ALL,H1,H1,H4,EURAUD,long,2020-08-03,2020-08-10,1.63532,1.64678,0.011459999999999804,2020-08-11 23:00:00,2020-08-12 00:00:00,1.64198,1.64203,2020-08-19 09:00:00,1.64437,1.6582399999999997,1.6308030303030303,2020-08-27 05:00:00,1.6308030303030303,loss,-1.0,1.0223358870697257,wickdiffs_W_H1_ALL_20260124_211252.csv,135.669696969697,1.0
W,ALL,H1,H1,H4,EURAUD,long,2021-03-15,2021-03-22,1.52708,1.53819,0.011109999999999953,2021-03-19 18:00:00,2021-03-19 19:00:00,1.53628,1.53658,2021-03-30 01:00:00,1.53753,1.5493,1.525969,2021-04-01 01:00:00,1.5493,win,1.0180780209324176,1.0180780209324176,wickdiffs_W_H1_ALL_20260124_211252.csv,109.3772727272728,1.0
W,ALL,H1,H1,H4,EURAUD,long,2022-02-28,2022-03-07,1.45636,1.48306,0.026699999999999946,2022-03-08 00:00:00,2022-03-08 01:00:00,1.47915,1.48062,2022-03-22 09:00:00,1.48086,1.50976,1.4536900000000001,2022-03-28 05:00:00,1.4536900000000001,loss,-1.0,1.0636731689363275,wickdiffs_W_H1_ALL_20260124_211252.csv,136.8712121212124,1.0
W,ALL,H1,H1,H4,EURAUD,long,2022-07-25,2022-08-01,1.45113,1.46315,0.01201999999999992,2022-08-04 10:00:00,2022-08-04 11:00:00,1.45626,1.45786,2022-08-08 13:00:00,1.45943,1.4751699999999999,1.4444624242424242,2022-08-12 05:00:00,1.4444624242424242,loss,-1.0,1.0516065029457524,wickdiffs_W_H1_ALL_20260124_211252.csv,149.6757575757576,1.0
W,ALL,H4,H4,H4,EURAUD,long,2022-10-31,2022-11-07,1.52728,1.53896,0.011680000000000135,2022-11-04 09:00:00,2022-11-04 13:00:00,1.52728,1.52914,2022-11-15 14:00:00,1.53145,1.5506400000000002,1.5158378787878788,2022-11-17 10:00:00,1.5506400000000002,win,1.2291731366459797,1.2291731366459797,wickdiffs_W_H4_ALL_20260121_202249.csv,156.1212121212121,1.0
W,ALL,H4,H4,H4,EURAUD,long,2024-01-22,2024-01-29,1.63506,1.65067,0.015610000000000124,2024-02-02 06:00:00,2024-02-02 10:00:00,1.64644,1.64832,2024-02-06 14:00:00,1.64849,1.6662800000000002,1.633499,2024-02-28 10:00:00,1.6662800000000002,win,1.1867120272163447,1.1867120272163447,wickdiffs_W_H4_ALL_20260121_202249.csv,114.7833333333335,1.0
W,ALL,H4,H4,H4,EURAUD,long,2024-11-04,2024-11-11,1.61631,1.62676,0.01045000000000007,2024-11-13 02:00:00,2024-11-13 06:00:00,1.62394,1.62435,2024-11-19 06:00:00,1.62564,1.63721,1.615265,2024-11-21 06:00:00,1.615265,loss,-1.0,1.1151807228915716,wickdiffs_W_H4_ALL_20260121_202249.csv,102.4333333333334,1.0
W,ALL,H4,H4,H4,EURAUD,long,2024-12-30,2025-01-06,1.64906,1.65877,0.009710000000000107,2025-01-06 10:00:00,2025-01-06 14:00:00,1.65417,1.65424,2025-01-14 06:00:00,1.65742,1.6684800000000002,1.6466303030303029,2025-01-27 10:00:00,1.6684800000000002,win,1.0250519575352737,1.0250519575352737,wickdiffs_W_H4_ALL_20260121_202249.csv,107.8969696969697,1.0
W,ALL,H4,H4,H4,EURAUD,long,2025-02-03,2025-02-10,1.63934,1.6488,0.009460000000000024,2025-02-11 22:00:00,2025-02-12 02:00:00,1.64314,1.64408,2025-02-18 02:00:00,1.6448,1.65826,1.6343492424242425,2025-02-25 14:00:00,1.65826,win,1.2879449075752105,1.2879449075752105,wickdiffs_W_H4_ALL_20260121_202249.csv,104.5075757575758,1.0
W,ALL,H1,H1,H4,EURAUD,short,2016-02-08,2016-02-15,1.584,1.625205,0.041204999999999936,2016-02-12 14:00:00,2016-02-12 15:00:00,1.593865,1.59618,2018-03-06 22:00:00,1.59061,1.5427950000000001,1.6293255,2018-05-25 09:00:00,1.5427950000000001,win,1.2350350634758704,1.2350350634758704,wickdiffs_W_H1_ALL_20260124_211252.csv,109.2962121212121,1.0
W,ALL,H4,H4,H4,EURAUD,short,2018-04-16,2018-04-23,1.60201,1.6141,0.012090000000000156,2018-04-27 01:00:00,2018-04-27 05:00:00,1.60514,1.60537,2018-04-30 05:00:00,1.60406,1.5899199999999998,1.6153147727272728,2018-05-03 09:00:00,1.5899199999999998,win,1.256355889420672,1.256355889420672,wickdiffs_W_H4_ALL_20260121_202249.csv,112.5477272727274,1.0
W,ALL,H4,H4,H4,EURAUD,short,2018-07-16,2018-07-23,1.58009,1.58907,0.008979999999999988,2018-07-26 09:00:00,2018-07-26 13:00:00,1.58045,1.58078,2018-07-30 09:00:00,1.5804,1.57111,1.5905001515151516,2018-08-03 09:00:00,1.57111,win,0.9197881819954702,0.9197881819954702,wickdiffs_W_H4_ALL_20260121_202249.csv,101.0015151515153,1.0
W,ALL,H4,H4,H4,EURAUD,short,2018-09-03,2018-09-10,1.62594,1.63542,0.009480000000000155,2018-09-14 09:00:00,2018-09-14 13:00:00,1.62758,1.6278,2018-09-17 13:00:00,1.62644,1.6164599999999998,1.636368,2018-09-18 17:00:00,1.6164599999999998,win,1.0052377115230042,1.0052377115230042,wickdiffs_W_H4_ALL_20260121_202249.csv,96.03181818181838,1.0
W,ALL,H1,H1,H4,EURAUD,short,2018-12-03,2018-12-10,1.57914,1.58857,0.00943000000000005,2018-12-10 15:00:00,2018-12-10 16:00:00,1.58374,1.58495,2018-12-18 10:00:00,1.58243,1.56971,1.5931078787878787,2018-12-19 14:00:00,1.5931078787878787,loss,-1.0,1.1912478360813987,wickdiffs_W_H1_ALL_20260124_211252.csv,106.7787878787878,1.0
W,ALL,H4,H4,H4,EURAUD,short,2020-09-07,2020-09-14,1.62639,1.63545,0.009060000000000068,2020-09-08 17:00:00,2020-09-08 21:00:00,1.63378,1.63545,2020-09-22 01:00:00,1.62994,1.61733,1.6404918181818182,2020-09-23 01:00:00,1.6404918181818182,loss,-1.0,1.1950547083656424,wickdiffs_W_H4_ALL_20260121_202249.csv,105.5181818181818,1.0
W,ALL,H4,H4,H4,EURAUD,short,2020-12-14,2020-12-21,1.60779,1.62572,0.01793,2020-12-23 22:00:00,2020-12-24 02:00:00,1.6103,1.61034,2020-12-28 10:00:00,1.60949,1.58986,1.627513,2020-12-31 10:00:00,1.58986,win,1.0891638461965347,1.0891638461965347,wickdiffs_W_H4_ALL_20260121_202249.csv,118.6666666666668,1.0
W,ALL,H4,H4,H4,EURAUD,short,2022-04-25,2022-05-02,1.4932,1.50559,0.012389999999999901,2022-04-25 09:00:00,2022-04-25 13:00:00,1.50178,1.50286,2022-05-09 05:00:00,1.50082,1.4808100000000002,1.516553484848485,2022-05-09 17:00:00,1.516553484848485,loss,-1.0,1.271809786115301,wickdiffs_W_H4_ALL_20260121_202249.csv,157.3348484848486,1.0
W,ALL,H4,H4,H4,EURAUD,short,2022-05-09,2022-05-16,1.4998,1.52797,0.02817000000000003,2022-05-20 13:00:00,2022-05-20 17:00:00,1.50444,1.50505,2022-05-23 17:00:00,1.50382,1.47163,1.5307870000000001,2022-06-22 21:00:00,1.5307870000000001,loss,-1.0,1.1936811658693856,wickdiffs_W_H4_ALL_20260121_202249.csv,164.5469696969698,1.0
W,ALL,H1,H1,H4,EURAUD,short,2022-10-24,2022-10-31,1.55394,1.57068,0.016739999999999977,2022-10-25 09:00:00,2022-10-25 10:00:00,1.56508,1.56592,2022-11-10 06:00:00,1.55542,1.5372000000000001,1.572354,2022-11-11 02:00:00,1.5372000000000001,win,1.075941892051488,1.075941892051488,wickdiffs_W_H1_ALL_20260124_211252.csv,155.0530303030303,1.0
W,ALL,H4,H4,H4,EURAUD,short,2024-10-07,2024-10-14,1.62202,1.63538,0.013360000000000039,2024-10-17 05:00:00,2024-10-17 09:00:00,1.6249,1.62659,2024-10-21 13:00:00,1.62442,1.60866,1.636716,2024-10-28 01:00:00,1.636716,loss,-1.0,1.2817176317501535,wickdiffs_W_H4_ALL_20260121_202249.csv,112.4712121212123,1.0
W,ALL,H4,H4,H4,EURAUD,short,2025-05-05,2025-05-12,1.74577,1.76308,0.017309999999999937,2025-05-15 21:00:00,2025-05-16 01:00:00,1.75144,1.752,2025-05-19 05:00:00,1.74974,1.72846,1.7681778787878788,2025-05-30 01:00:00,1.7681778787878788,loss,-1.0,1.1541457802613184,wickdiffs_W_H4_ALL_20260121_202249.csv,184.3787878787878,1.0
W,ALL,H1,H1,H4,EURCAD,long,2017-11-27,2017-12-04,1.49229,1.50928,0.01699000000000006,2017-12-08 12:00:00,2017-12-08 13:00:00,1.50489,1.5056,2017-12-14 18:00:00,1.50708,1.52627,1.4905909999999998,2017-12-19 14:00:00,1.52627,win,1.1638061738128334,1.1638061738128334,wickdiffs_W_H1_ALL_20260124_211252.csv,104.3803030303029,1.0
W,ALL,H1,H1,H4,EURCAD,long,2017-12-18,2017-12-25,1.49949,1.50946,0.009970000000000034,2017-12-29 13:00:00,2017-12-29 14:00:00,1.50325,1.50336,2018-01-03 10:00:00,1.507035,1.51943,1.4966852272727271,2018-01-05 10:00:00,1.4966852272727271,loss,-1.0,1.1976108390610394,wickdiffs_W_H1_ALL_20260124_211252.csv,103.4977272727273,1.0
W,ALL,H1,H1,H4,EURCAD,long,2020-04-13,2020-04-20,1.51152,1.52285,0.011330000000000062,2020-04-24 10:00:00,2020-04-24 11:00:00,1.51357,1.51408,2020-04-28 13:00:00,1.51586,1.53418,1.4993424242424243,2020-05-01 05:00:00,1.53418,win,1.1091215968298294,1.1091215968298294,wickdiffs_W_H1_ALL_20260124_211252.csv,165.1757575757577,1.0
W,ALL,H4,H4,H4,EURCAD,long,2020-11-16,2020-11-23,1.54496,1.55242,0.0074599999999998,2020-11-27 06:00:00,2020-11-27 10:00:00,1.54817,1.54854,2020-11-30 14:00:00,1.55134,1.5598799999999997,1.542306818181818,2020-12-01 14:00:00,1.5598799999999997,win,0.9454033110249834,0.9454033110249834,wickdiffs_W_H4_ALL_20260121_202249.csv,90.33181818181816,1.0
W,ALL,H4,H4,H4,EURCAD,long,2021-02-01,2021-02-08,1.53134,1.53641,0.00507000000000013,2021-02-05 06:00:00,2021-02-05 10:00:00,1.53134,1.53184,2021-02-16 02:00:00,1.53296,1.5414800000000002,1.5240971212121213,2021-02-24 14:00:00,1.5240971212121213,loss,-1.0,0.9613129327293014,wickdiffs_W_H4_ALL_20260121_202249.csv,88.62878787878797,1.0
W,ALL,H4,H4,H4,EURCAD,long,2021-12-06,2021-12-13,1.42106,1.44035,0.01929000000000003,2021-12-13 06:00:00,2021-12-13 10:00:00,1.43537,1.43643,2021-12-31 14:00:00,1.44022,1.45964,1.419131,2022-01-18 18:00:00,1.419131,loss,-1.0,0.9208592157048636,wickdiffs_W_H4_ALL_20260121_202249.csv,97.60757575757565,1.0
W,ALL,H1,H1,H4,EURCAD,long,2022-04-11,2022-04-18,1.35198,1.36426,0.012280000000000069,2022-04-22 07:00:00,2022-04-22 08:00:00,1.36287,1.36402,2022-04-25 17:00:00,1.36428,1.37654,1.350752,2022-04-28 01:00:00,1.350752,loss,-1.0,0.90626848018925,wickdiffs_W_H1_ALL_20260124_211252.csv,117.5257575757574,1.0
W,ALL,H1,H1,H4,EURCAD,long,2022-07-11,2022-07-18,1.29715,1.31396,0.01680999999999999,2022-07-22 14:00:00,2022-07-22 15:00:00,1.31252,1.31257,2022-07-25 13:00:00,1.31402,1.33077,1.295469,2022-08-22 13:00:00,1.295469,loss,-1.0,0.9029162848364001,wickdiffs_W_H1_ALL_20260124_211252.csv,113.9848484848483,1.0
W,ALL,H4,H4,H4,EURCAD,long,2023-03-27,2023-04-03,1.458,1.46548,0.007479999999999931,2023-04-04 01:00:00,2023-04-04 05:00:00,1.46226,1.46245,2023-04-17 13:00:00,1.46266,1.4729599999999998,1.4527080303030304,2023-04-19 13:00:00,1.4729599999999998,win,1.034970997061621,1.034970997061621,wickdiffs_W_H4_ALL_20260121_202249.csv,99.51969696969684,1.0
W,ALL,H1,H1,H4,EURCAD,long,2023-05-15,2023-05-22,1.45126,1.45858,0.007319999999999993,2023-05-18 14:00:00,2023-05-18 15:00:00,1.45126,1.45195,2023-05-30 05:00:00,1.45418,1.4659,1.4442765151515151,2023-06-02 05:00:00,1.4442765151515151,loss,-1.0,1.1834218135642458,wickdiffs_W_H1_ALL_20260124_211252.csv,99.03484848484835,1.0
W,ALL,H1,H1,H4,EURCAD,long,2023-09-18,2023-09-25,1.41578,1.43536,0.01957999999999993,2023-09-29 16:00:00,2023-09-29 17:00:00,1.43181,1.43267,2023-10-02 17:00:00,1.43298,1.45494,1.4138220000000001,2023-10-23 05:00:00,1.45494,win,1.146257438145956,1.146257438145956,wickdiffs_W_H1_ALL_20260124_211252.csv,93.28181818181817,1.0
W,ALL,H1,H1,H4,EURCAD,long,2024-10-14,2024-10-21,1.48867,1.49906,0.010390000000000121,2024-10-25 06:00:00,2024-10-25 07:00:00,1.49793,1.49804,2024-10-29 09:00:00,1.49826,1.5094500000000002,1.487631,2024-10-30 09:00:00,1.5094500000000002,win,1.0527801298334984,1.0527801298334984,wickdiffs_W_H1_ALL_20260124_211252.csv,73.91212121212114,1.0
W,ALL,H1,H1,H4,EURCAD,short,2015-07-06,2015-07-13,1.41216,1.425685,0.01352500000000001,2015-07-15 15:00:00,2015-07-15 16:00:00,1.41868,1.419245,2015-07-21 17:00:00,1.41619,1.398635,1.4316331818181818,2015-07-23 13:00:00,1.4316331818181818,loss,-1.0,1.1367476085356878,wickdiffs_W_H1_ALL_20260124_211252.csv,154.4318181818181,1.0
W,ALL,H4,H4,H4,EURCAD,short,2015-12-21,2015-12-28,1.518625,1.532185,0.013560000000000016,2015-12-30 10:00:00,2015-12-30 14:00:00,1.52098,1.521795,2016-01-04 06:00:00,1.51977,1.5050649999999999,1.5355400000000001,2016-01-04 14:00:00,1.5050649999999999,win,0.9324667089410393,0.9324667089410393,wickdiffs_W_H4_ALL_20260121_202249.csv,157.7,1.0
W,ALL,H1,H1,H4,EURCAD,short,2016-02-08,2016-02-15,1.5589,1.591475,0.03257500000000002,2016-02-12 20:00:00,2016-02-12 21:00:00,1.560505,1.56051,2018-02-15 10:00:00,1.559815,1.526325,1.5947324999999999,2018-03-05 10:00:00,1.5947324999999999,loss,-1.0,0.9591179208133481,wickdiffs_W_H1_ALL_20260124_211252.csv,114.2962121212121,1.0
W,ALL,H1,H1,H4,EURCAD,short,2016-03-07,2016-03-14,1.4732,1.50166,0.02845999999999993,2016-03-17 13:00:00,2016-03-17 14:00:00,1.47589,1.477395,2016-03-23 13:00:00,1.47435,1.4447400000000001,1.504506,2016-04-13 13:00:00,1.4447400000000001,win,0.9818941504178293,0.9818941504178293,wickdiffs_W_H1_ALL_20260124_211252.csv,217.046212121212,1.0
W,ALL,H4,H4,H4,EURCAD,short,2016-08-01,2016-08-08,1.4603,1.47336,0.013060000000000072,2016-08-10 21:00:00,2016-08-11 01:00:00,1.46101,1.461275,2016-08-22 09:00:00,1.46055,1.4472399999999999,1.474666,2016-09-05 05:00:00,1.4472399999999999,win,0.942901671861727,0.942901671861727,wickdiffs_W_H4_ALL_20260121_202249.csv,119.4166666666667,1.0
W,ALL,H4,H4,H4,EURCAD,short,2016-08-15,2016-08-22,1.45739,1.4673,0.009910000000000085,2016-08-25 09:00:00,2016-08-25 13:00:00,1.460315,1.460885,2016-08-30 21:00:00,1.460295,1.4474799999999999,1.4719383333333331,2016-09-05 01:00:00,1.4474799999999999,win,1.100629831090755,1.100629831090755,wickdiffs_W_H4_ALL_20260121_202249.csv,116.4333333333333,1.0
W,ALL,H1,H1,H4,EURCAD,short,2017-04-03,2017-04-10,1.419635,1.43567,0.01603500000000002,2017-04-10 05:00:00,2017-04-10 06:00:00,1.42137,1.42138,2017-04-18 05:00:00,1.42094,1.4036,1.4372735,2017-04-18 17:00:00,1.4372735,loss,-1.0,1.0616218201855163,wickdiffs_W_H1_ALL_20260124_211252.csv,100.1977272727274,1.0
W,ALL,H1,H1,H4,EURCAD,short,2017-10-16,2017-10-23,1.48753,1.51458,0.02705000000000002,2017-10-27 16:00:00,2017-10-27 17:00:00,1.4921,1.49228,2017-10-30 05:00:00,1.49131,1.46048,1.517285,2017-11-24 18:00:00,1.517285,loss,-1.0,1.1869104908565857,wickdiffs_W_H1_ALL_20260124_211252.csv,116.2333333333331,1.0
W,ALL,H1,H1,H4,EURCAD,short,2018-02-12,2018-02-19,1.55816,1.56879,0.010629999999999917,2018-02-23 14:00:00,2018-02-23 15:00:00,1.56134,1.56291,2018-02-26 10:00:00,1.55984,1.54753,1.5710150757575756,2018-03-01 14:00:00,1.5710150757575756,loss,-1.0,1.1015585278385855,wickdiffs_W_H1_ALL_20260124_211252.csv,111.7507575757576,1.0
W,ALL,H1,H1,H4,EURCAD,short,2018-07-02,2018-07-09,1.53747,1.54444,0.006970000000000143,2018-07-12 09:00:00,2018-07-12 10:00:00,1.54154,1.54158,2018-07-16 09:00:00,1.54058,1.5304999999999997,1.5513628787878788,2018-07-25 13:00:00,1.5304999999999997,win,0.9348152936052117,0.9348152936052117,wickdiffs_W_H1_ALL_20260124_211252.csv,107.8287878787878,1.0
W,ALL,H1,H1,H4,EURCAD,short,2018-08-20,2018-08-27,1.51379,1.52139,0.007600000000000051,2018-09-02 21:00:00,2018-09-02 22:00:00,1.51569,1.51664,2018-09-03 01:00:00,1.5152,1.50619,1.5251366666666668,2018-09-04 13:00:00,1.5251366666666668,loss,-1.0,0.9067427037906933,wickdiffs_W_H1_ALL_20260124_211252.csv,99.36666666666662,1.0
W,ALL,H4,H4,H4,EURCAD,short,2018-09-03,2018-09-10,1.52065,1.53712,0.016469999999999985,2018-09-14 05:00:00,2018-09-14 09:00:00,1.52226,1.52265,2018-09-17 13:00:00,1.52179,1.50418,1.538767,2018-09-28 09:00:00,1.50418,win,1.0372857395299453,1.0372857395299453,wickdiffs_W_H4_ALL_20260121_202249.csv,96.61363636363632,1.0
W,ALL,H4,H4,H4,EURCAD,short,2019-08-05,2019-08-12,1.48077,1.49952,0.018750000000000044,2019-08-15 09:00:00,2019-08-15 13:00:00,1.48572,1.48722,2019-08-25 21:00:00,1.48278,1.4620199999999999,1.501395,2019-08-30 13:00:00,1.4620199999999999,win,1.1152296535052408,1.1152296535052408,wickdiffs_W_H4_ALL_20260121_202249.csv,78.25303030303014,1.0
W,ALL,H1,H1,H4,EURCAD,short,2019-12-02,2019-12-09,1.46589,1.47594,0.010050000000000114,2019-12-13 19:00:00,2019-12-13 20:00:00,1.46698,1.46706,2019-12-16 18:00:00,1.46643,1.4558399999999998,1.476945,2019-12-22 22:00:00,1.4558399999999998,win,1.0071326676176935,1.0071326676176935,wickdiffs_W_H1_ALL_20260124_211252.csv,72.93636363636368,1.0
W,ALL,H1,H1,H4,EURCAD,short,2020-01-06,2020-01-13,1.45148,1.45818,0.006699999999999928,2020-01-17 08:00:00,2020-01-17 09:00:00,1.45214,1.45242,2020-01-21 10:00:00,1.45196,1.4447800000000002,1.45885,2020-01-22 22:00:00,1.45885,loss,-1.0,1.042089985486165,wickdiffs_W_H1_ALL_20260124_211252.csv,64.05454545454559,1.0
W,ALL,H1,H1,H4,EURCAD,short,2020-03-23,2020-03-30,1.55812,1.57942,0.021300000000000097,2020-04-01 11:00:00,2020-04-01 12:00:00,1.56024,1.56179,2020-07-24 05:00:00,1.55824,1.5368199999999999,1.58155,2020-07-30 13:00:00,1.58155,loss,-1.0,0.9189189189189305,wickdiffs_W_H1_ALL_20260124_211252.csv,118.2893939393939,1.0
W,ALL,H1,H1,H4,EURCAD,short,2021-09-06,2021-09-13,1.49924,1.50634,0.007100000000000106,2021-09-15 11:00:00,2021-09-15 12:00:00,1.50098,1.5014,2021-09-20 05:00:00,1.50038,1.4921399999999998,1.5093830303030304,2021-09-20 09:00:00,1.5093830303030304,loss,-1.0,0.9152473914507173,wickdiffs_W_H1_ALL_20260124_211252.csv,90.03030303030303,1.0
W,ALL,H4,H4,H4,EURCAD,short,2022-08-01,2022-08-08,1.31724,1.32738,0.010140000000000038,2022-08-11 17:00:00,2022-08-11 21:00:00,1.31821,1.31852,2022-08-15 09:00:00,1.31806,1.3071,1.3290996969696969,2022-08-16 09:00:00,1.3071,win,0.9927808734319753,0.9927808734319753,wickdiffs_W_H4_ALL_20260121_202249.csv,110.3969696969696,1.0
W,ALL,H1,H1,H4,EURCAD,short,2022-10-10,2022-10-17,1.35005,1.35887,0.00882000000000005,2022-10-18 18:00:00,2022-10-18 19:00:00,1.35748,1.35759,2022-10-24 13:00:00,1.35392,1.34123,1.3653392424242425,2022-10-26 13:00:00,1.3653392424242425,loss,-1.0,1.1112821261294803,wickdiffs_W_H1_ALL_20260124_211252.csv,114.1924242424243,1.0
W,ALL,H1,H1,H4,EURCAD,short,2023-10-23,2023-10-30,1.46588,1.47474,0.008859999999999868,2023-11-03 14:00:00,2023-11-03 15:00:00,1.46882,1.4692,2023-11-06 14:00:00,1.46788,1.4570200000000002,1.4767037878787879,2023-11-08 14:00:00,1.4767037878787879,loss,-1.0,1.2307639473186984,wickdiffs_W_H1_ALL_20260124_211252.csv,88.2378787878789,1.0
W,ALL,H1,H1,H4,EURCAD,short,2024-07-29,2024-08-05,1.51461,1.52281,0.008199999999999985,2024-08-05 16:00:00,2024-08-05 17:00:00,1.51734,1.51755,2024-08-21 17:00:00,1.5157,1.50641,1.52363,2024-08-26 09:00:00,1.50641,win,1.1715006305170277,1.1715006305170277,wickdiffs_W_H1_ALL_20260124_211252.csv,64.08181818181802,1.0
W,ALL,H1,H1,H4,EURCHF,long,2015-05-04,2015-05-11,1.030525,1.04313,0.012604999999999977,2015-05-15 06:00:00,2015-05-15 07:00:00,1.04013,1.0402,2015-05-20 05:00:00,1.041795,1.0557349999999999,1.0292645,2015-05-29 13:00:00,1.0292645,loss,-1.0,1.1124855352938703,wickdiffs_W_H1_ALL_20260124_211252.csv,82.25909090909083,1.0
W,ALL,H1,H1,H4,EURCHF,long,2015-09-14,2015-09-21,1.082315,1.094325,0.012010000000000076,2015-09-25 14:00:00,2015-09-25 15:00:00,1.090825,1.09116,2015-09-28 13:00:00,1.0934,1.106335,1.081114,2015-10-15 17:00:00,1.081114,loss,-1.0,1.052824352922035,wickdiffs_W_H1_ALL_20260124_211252.csv,79.34924242424259,1.0
W,ALL,H4,H4,H4,EURCHF,long,2016-03-21,2016-03-28,1.08744,1.09147,0.004029999999999978,2016-03-24 09:00:00,2016-03-24 13:00:00,1.0875,1.087875,2016-04-05 13:00:00,1.088635,1.0955,1.0828550757575757,2016-04-20 13:00:00,1.0955,win,1.1877318303951558,1.1877318303951558,wickdiffs_W_H4_ALL_20260121_202249.csv,57.79924242424258,1.0
W,ALL,H1,H1,H4,EURCHF,long,2016-08-29,2016-09-05,1.088815,1.09362,0.004804999999999948,2016-09-08 14:00:00,2016-09-08 15:00:00,1.092085,1.09267,2016-09-12 13:00:00,1.092965,1.098425,1.0872381818181818,2016-09-14 05:00:00,1.098425,win,0.9534090007143436,0.9534090007143436,wickdiffs_W_H1_ALL_20260124_211252.csv,57.26818181818196,1.0
W,ALL,H4,H4,H4,EURCHF,long,2016-12-12,2016-12-19,1.067925,1.07297,0.005044999999999966,2016-12-22 14:00:00,2016-12-22 18:00:00,1.070105,1.070165,2016-12-29 14:00:00,1.072445,1.078015,1.0674205,2017-01-26 14:00:00,1.0674205,loss,-1.0,1.108568016718055,wickdiffs_W_H4_ALL_20260121_202249.csv,48.83863636363636,1.0
W,ALL,H4,H4,H4,EURCHF,long,2018-05-28,2018-06-04,1.13684,1.1518,0.014959999999999862,2018-05-31 13:00:00,2018-05-31 17:00:00,1.14638,1.14898,2018-06-19 09:00:00,1.1499,1.1667599999999998,1.1353440000000001,2018-07-12 13:00:00,1.1667599999999998,win,1.158285243198689,1.158285243198689,wickdiffs_W_H4_ALL_20260121_202249.csv,60.6136363636363,1.0
W,ALL,H1,H1,H4,EURCHF,long,2018-11-05,2018-11-12,1.13346,1.13965,0.00619000000000014,2018-11-15 17:00:00,2018-11-15 18:00:00,1.13798,1.13852,2018-11-19 10:00:00,1.13865,1.1458400000000002,1.1327657575757575,2018-11-20 10:00:00,1.1327657575757575,loss,-1.0,1.2219075084973117,wickdiffs_W_H1_ALL_20260124_211252.csv,58.84242424242432,1.0
W,ALL,H4,H4,H4,EURCHF,long,2020-09-07,2020-09-14,1.07275,1.0767,0.003949999999999898,2020-09-17 09:00:00,2020-09-17 13:00:00,1.07366,1.07409,2020-09-21 13:00:00,1.0756,1.0806499999999999,1.0708354545454544,2020-09-24 13:00:00,1.0806499999999999,win,1.059912230490363,1.059912230490363,wickdiffs_W_H4_ALL_20260121_202249.csv,47.6454545454546,1.0
W,ALL,H1,H1,H4,EURCHF,long,2020-10-12,2020-10-19,1.06886,1.07196,0.0031000000000001027,2020-10-23 06:00:00,2020-10-23 07:00:00,1.0703,1.07064,2020-10-28 01:00:00,1.07082,1.0750600000000001,1.0665780303030303,2020-11-04 02:00:00,1.0665780303030303,loss,-1.0,0.9995356645354926,wickdiffs_W_H1_ALL_20260124_211252.csv,42.4196969696969,1.0
W,ALL,H1,H1,H4,EURCHF,long,2021-07-05,2021-07-12,1.08046,1.08549,0.00503000000000009,2021-07-16 05:00:00,2021-07-16 06:00:00,1.08424,1.08441,2021-07-19 05:00:00,1.08468,1.0905200000000002,1.079957,2021-07-27 05:00:00,1.079957,loss,-1.0,1.2365022231632494,wickdiffs_W_H1_ALL_20260124_211252.csv,36.05303030303055,1.0
W,ALL,H1,H1,H4,EURCHF,long,2023-01-16,2023-01-23,0.98755,0.99893,0.011379999999999946,2023-01-20 12:00:00,2023-01-20 13:00:00,0.99544,0.99592,2023-01-31 14:00:00,0.99692,1.01031,0.9864120000000001,2023-02-08 18:00:00,0.9864120000000001,loss,-1.0,1.2742672249714562,wickdiffs_W_H1_ALL_20260124_211252.csv,62.4439393939393,1.0
W,ALL,H1,H1,H4,EURCHF,long,2023-11-06,2023-11-13,0.95972,0.96422,0.0044999999999999485,2023-11-17 08:00:00,2023-11-17 09:00:00,0.96233,0.963,2023-11-22 10:00:00,0.96344,0.9687199999999999,0.9590172727272727,2023-11-29 18:00:00,0.9590172727272727,loss,-1.0,1.193833504624859,wickdiffs_W_H1_ALL_20260124_211252.csv,44.22727272727278,1.0
W,ALL,H1,H1,H4,EURCHF,long,2023-11-27,2023-12-04,0.94036,0.94574,0.005380000000000051,2023-12-08 14:00:00,2023-12-08 15:00:00,0.94462,0.94475,2023-12-11 14:00:00,0.94549,0.9511200000000001,0.9398219999999999,2023-12-14 06:00:00,0.9511200000000001,win,0.9932956951305412,0.9932956951305412,wickdiffs_W_H1_ALL_20260124_211252.csv,47.47575757575758,1.0
W,ALL,H1,H1,H4,EURCHF,long,2024-04-15,2024-04-22,0.95651,0.97026,0.01375000000000004,2024-04-19 08:00:00,2024-04-19 09:00:00,0.9657,0.96707,2024-06-04 17:00:00,0.96844,0.98401,0.955135,2024-06-14 05:00:00,0.955135,loss,-1.0,1.1702367531003435,wickdiffs_W_H1_ALL_20260124_211252.csv,47.48787878787883,1.0
W,ALL,H1,H1,H4,EURCHF,long,2024-07-29,2024-08-05,0.92108,0.93577,0.01468999999999998,2024-08-07 06:00:00,2024-08-07 07:00:00,0.93344,0.93438,2024-09-06 05:00:00,0.93496,0.95046,0.919611,2024-09-25 09:00:00,0.95046,win,1.0098377744478404,1.0098377744478404,wickdiffs_W_H1_ALL_20260124_211252.csv,56.88333333333324,1.0
W,ALL,H4,H4,H4,EURCHF,long,2024-09-23,2024-09-30,0.93337,0.9384,0.005029999999999979,2024-10-02 01:00:00,2024-10-02 05:00:00,0.93421,0.93498,2024-10-10 17:00:00,0.9364,0.94343,0.9303168181818182,2024-11-01 05:00:00,0.94343,win,1.1556452215497262,1.1556452215497262,wickdiffs_W_H4_ALL_20260121_202249.csv,60.83181818181807,1.0
W,ALL,H4,H4,H4,EURCHF,short,2015-06-08,2015-06-15,1.04603,1.055555,0.009525000000000006,2015-06-18 21:00:00,2015-06-19 01:00:00,1.048045,1.049285,2015-06-22 13:00:00,1.045985,1.036505,1.0565075,2015-06-28 21:00:00,1.036505,win,0.9009265858873786,0.9009265858873786,wickdiffs_W_H4_ALL_20260121_202249.csv,75.20227272727274,1.0
W,ALL,H1,H1,H4,EURCHF,short,2016-07-04,2016-07-11,1.08659,1.0945,0.007910000000000084,2016-07-15 16:00:00,2016-07-15 17:00:00,1.08875,1.088845,2016-07-18 13:00:00,1.08779,1.0786799999999999,1.095291,2016-08-26 17:00:00,1.095291,loss,-1.0,1.2145047327023328,wickdiffs_W_H1_ALL_20260124_211252.csv,57.99242424242424,1.0
W,ALL,H4,H4,H4,EURCHF,short,2016-08-08,2016-08-15,1.08813,1.092535,0.004404999999999992,2016-08-15 09:00:00,2016-08-15 13:00:00,1.089755,1.09026,2016-08-22 21:00:00,1.08973,1.083725,1.0956775757575759,2016-08-26 17:00:00,1.0956775757575759,loss,-1.0,1.0096550669995459,wickdiffs_W_H4_ALL_20260121_202249.csv,59.47575757575769,1.0
W,ALL,H1,H1,H4,EURCHF,short,2017-04-03,2017-04-10,1.06872,1.0726,0.0038800000000001056,2017-04-12 23:00:00,2017-04-13 00:00:00,1.06934,1.06948,2017-04-17 21:00:00,1.068865,1.0648399999999998,1.072988,2017-04-23 21:00:00,1.072988,loss,-1.0,0.9762308998302379,wickdiffs_W_H1_ALL_20260124_211252.csv,35.87424242424247,1.0
W,ALL,H1,H1,H4,EURCHF,short,2017-07-31,2017-08-07,1.14542,1.1538,0.008379999999999832,2017-08-08 17:00:00,2017-08-08 18:00:00,1.14731,1.14734,2017-08-15 01:00:00,1.146735,1.1370400000000003,1.1546379999999998,2017-08-16 17:00:00,1.1370400000000003,win,1.226749335695314,1.226749335695314,wickdiffs_W_H1_ALL_20260124_211252.csv,53.00984848484833,1.0
W,ALL,H4,H4,H4,EURCHF,short,2017-11-20,2017-11-27,1.16891,1.17372,0.004810000000000203,2017-12-01 10:00:00,2017-12-01 14:00:00,1.1708,1.17156,2017-12-07 10:00:00,1.16961,1.1640999999999997,1.1756463636363637,2017-12-12 14:00:00,1.1640999999999997,win,0.9128012048193337,0.9128012048193337,wickdiffs_W_H4_ALL_20260121_202249.csv,60.36363636363643,1.0
W,ALL,H4,H4,H4,EURCHF,short,2018-03-05,2018-03-12,1.17072,1.17415,0.003430000000000044,2018-03-08 10:00:00,2018-03-08 14:00:00,1.17406,1.17415,2018-03-19 17:00:00,1.1731,1.16729,1.1791556818181819,2018-03-22 09:00:00,1.16729,win,0.95942953649842,0.95942953649842,wickdiffs_W_H4_ALL_20260121_202249.csv,60.5568181818182,1.0
W,ALL,H4,H4,H4,EURCHF,short,2019-02-11,2019-02-18,1.1352,1.14205,0.006850000000000023,2019-02-21 10:00:00,2019-02-21 14:00:00,1.1365,1.13688,2019-02-25 18:00:00,1.13638,1.12835,1.142735,2019-03-21 13:00:00,1.12835,win,1.2635719905585905,1.2635719905585905,wickdiffs_W_H4_ALL_20260121_202249.csv,48.48636363636378,1.0
W,ALL,H1,H1,H4,EURCHF,short,2019-02-25,2019-03-04,1.13544,1.13939,0.003949999999999898,2019-03-01 14:00:00,2019-03-01 15:00:00,1.13698,1.13704,2019-03-11 17:00:00,1.13647,1.13149,1.1411933333333335,2019-03-21 05:00:00,1.13149,win,1.0543401552575822,1.0543401552575822,wickdiffs_W_H1_ALL_20260124_211252.csv,47.23333333333338,1.0
W,ALL,H1,H1,H4,EURCHF,short,2020-08-10,2020-08-17,1.07658,1.08494,0.008359999999999923,2020-08-21 06:00:00,2020-08-21 07:00:00,1.07769,1.0778,2020-08-31 09:00:00,1.07747,1.0682200000000002,1.085776,2020-09-01 09:00:00,1.085776,loss,-1.0,1.1136527811220316,wickdiffs_W_H1_ALL_20260124_211252.csv,54.57727272727268,1.0
W,ALL,H4,H4,H4,EURCHF,short,2021-01-04,2021-01-11,1.08213,1.0868,0.004669999999999952,2021-01-11 10:00:00,2021-01-11 14:00:00,1.0834,1.08406,2021-02-05 18:00:00,1.08277,1.07746,1.087267,2021-02-21 22:00:00,1.087267,loss,-1.0,1.1807871914609644,wickdiffs_W_H4_ALL_20260121_202249.csv,38.60757575757592,1.0
W,ALL,H1,H1,H4,EURCHF,short,2021-06-14,2021-06-21,1.09465,1.09763,0.0029800000000002047,2021-06-25 15:00:00,2021-06-25 16:00:00,1.09558,1.09562,2021-06-28 01:00:00,1.09525,1.0916699999999997,1.0990031818181818,2021-07-07 05:00:00,1.0916699999999997,win,0.9538573331719429,0.9538573331719429,wickdiffs_W_H1_ALL_20260124_211252.csv,37.53181818181847,1.0
W,ALL,H1,H1,H4,EURCHF,short,2021-12-06,2021-12-13,1.04204,1.04671,0.004669999999999952,2021-12-16 16:00:00,2021-12-16 17:00:00,1.04235,1.04282,2021-12-21 14:00:00,1.04232,1.0373700000000001,1.047177,2021-12-28 14:00:00,1.0373700000000001,win,1.019147621988815,1.019147621988815,wickdiffs_W_H1_ALL_20260124_211252.csv,43.01212121212132,1.0
W,ALL,H1,H1,H4,EURCHF,short,2022-01-03,2022-01-10,1.04354,1.05117,0.007630000000000026,2022-01-14 10:00:00,2022-01-14 11:00:00,1.04439,1.04473,2022-01-17 06:00:00,1.04364,1.0359099999999999,1.051933,2022-01-21 06:00:00,1.0359099999999999,win,0.9321114192692531,0.9321114192692531,wickdiffs_W_H1_ALL_20260124_211252.csv,42.40909090909107,1.0
W,ALL,H4,H4,H4,EURCHF,short,2023-03-27,2023-04-03,0.99226,0.99906,0.006799999999999917,2023-04-04 17:00:00,2023-04-04 21:00:00,0.9929,0.99324,2024-05-24 09:00:00,0.99256,0.9854600000000001,0.99974,2024-05-30 01:00:00,0.9854600000000001,win,0.9888579387186518,0.9888579387186518,wickdiffs_W_H4_ALL_20260121_202249.csv,45.73181818181821,1.0
W,ALL,H1,H1,H4,EURCHF,short,2024-12-23,2024-12-30,0.93984,0.94413,0.004290000000000016,2024-12-31 19:00:00,2024-12-31 20:00:00,0.94036,0.9406,2025-01-06 10:00:00,0.93991,0.93555,0.9445824242424242,2025-01-13 06:00:00,0.93555,win,0.9331344445165123,0.9331344445165123,wickdiffs_W_H1_ALL_20260124_211252.csv,46.72424242424241,1.0
W,ALL,H4,H4,H4,EURCHF,short,2025-05-12,2025-05-19,0.93654,0.94214,0.005599999999999938,2025-05-19 09:00:00,2025-05-19 13:00:00,0.9393,0.93967,2025-06-05 13:00:00,0.93785,0.9309400000000001,0.94478,2025-06-13 01:00:00,0.9309400000000001,win,0.9971139971139772,0.9971139971139772,wickdiffs_W_H4_ALL_20260121_202249.csv,69.29999999999998,1.0
W,ALL,H4,H4,H4,EURGBP,long,2015-06-22,2015-06-29,0.698845,0.70949,0.010644999999999905,2015-07-01 21:00:00,2015-07-02 01:00:00,0.707125,0.707635,2015-07-06 17:00:00,0.708465,0.7201349999999999,0.6977805,2015-07-08 13:00:00,0.7201349999999999,win,1.0922364172399142,1.0922364172399142,wickdiffs_W_H4_ALL_20260121_202249.csv,71.83181818181814,1.0
W,ALL,H4,H4,H4,EURGBP,long,2015-10-26,2015-11-02,0.7042,0.71331,0.009109999999999951,2015-11-06 10:00:00,2015-11-06 14:00:00,0.71096,0.71138,2015-11-09 14:00:00,0.711805,0.72242,0.703289,2015-11-15 22:00:00,0.703289,loss,-1.0,1.2464772193518048,wickdiffs_W_H4_ALL_20260121_202249.csv,71.9151515151515,1.0
W,ALL,H1,H1,H4,EURGBP,long,2016-07-11,2016-07-18,0.82515,0.83683,0.011679999999999913,2016-07-24 22:00:00,2016-07-24 23:00:00,0.83446,0.834725,2016-07-25 01:00:00,0.835875,0.8485099999999999,0.8239820000000001,2016-08-01 09:00:00,0.8485099999999999,win,1.0623896409652664,1.0623896409652664,wickdiffs_W_H1_ALL_20260124_211252.csv,99.42651515151522,1.0
W,ALL,H4,H4,H4,EURGBP,long,2018-01-01,2018-01-08,0.8809,0.88668,0.005780000000000007,2018-01-10 18:00:00,2018-01-10 22:00:00,0.884,0.88453,2018-01-17 14:00:00,0.884585,0.89246,0.8781928787878788,2018-01-22 14:00:00,0.8781928787878788,loss,-1.0,1.2319853986915823,wickdiffs_W_H4_ALL_20260121_202249.csv,63.92121212121216,1.0
W,ALL,H4,H4,H4,EURGBP,long,2019-04-01,2019-04-08,0.85026,0.86038,0.010120000000000018,2019-04-05 01:00:00,2019-04-05 05:00:00,0.85571,0.85696,2019-05-02 05:00:00,0.8586,0.8705,0.849248,2019-05-05 21:00:00,0.849248,loss,-1.0,1.272455089820358,wickdiffs_W_H4_ALL_20260121_202249.csv,63.04848484848488,1.0
W,ALL,H1,H1,H4,EURGBP,long,2019-11-11,2019-11-18,0.85219,0.85662,0.004430000000000045,2019-11-18 13:00:00,2019-11-18 14:00:00,0.85308,0.8531,2019-11-25 14:00:00,0.85392,0.8610500000000001,0.8474777272727273,2019-12-04 10:00:00,0.8474777272727273,loss,-1.0,1.1067522754533374,wickdiffs_W_H1_ALL_20260124_211252.csv,64.42272727272737,1.0
W,ALL,H1,H1,H4,EURGBP,long,2021-06-07,2021-06-14,0.8542,0.85807,0.00387000000000004,2021-06-18 05:00:00,2021-06-18 06:00:00,0.85594,0.85614,2021-06-21 09:00:00,0.85718,0.86194,0.8526139393939395,2021-07-13 13:00:00,0.8526139393939395,loss,-1.0,1.042474117334745,wickdiffs_W_H1_ALL_20260124_211252.csv,45.66060606060611,1.0
W,ALL,H4,H4,H4,EURGBP,long,2022-04-11,2022-04-18,0.82498,0.82837,0.003390000000000004,2022-04-15 01:00:00,2022-04-15 05:00:00,0.82624,0.82652,2024-11-11 14:00:00,0.82781,0.83176,0.8241806060606061,2024-11-12 14:00:00,0.83176,win,1.088335977289808,1.088335977289808,wickdiffs_W_H4_ALL_20260121_202249.csv,36.29393939393939,1.0
W,ALL,H1,H1,H4,EURGBP,long,2022-10-10,2022-10-17,0.85788,0.87019,0.012310000000000043,2022-10-23 21:00:00,2022-10-23 22:00:00,0.86648,0.86691,2022-10-24 05:00:00,0.86832,0.8825000000000001,0.856649,2022-11-09 18:00:00,0.8825000000000001,win,1.2149772941478962,1.2149772941478962,wickdiffs_W_H1_ALL_20260124_211252.csv,80.24848484848485,1.0
W,ALL,H4,H4,H4,EURGBP,long,2025-08-25,2025-09-01,0.86098,0.86654,0.005560000000000009,2025-09-04 09:00:00,2025-09-04 13:00:00,0.86595,0.86614,2025-09-09 05:00:00,0.86639,0.8721,0.860424,2025-09-19 05:00:00,0.8721,win,0.9570901776734776,0.9570901776734776,wickdiffs_W_H4_ALL_20260121_202249.csv,40.13484848484852,1.0
W,ALL,H4,H4,H4,EURGBP,short,2016-02-08,2016-02-15,0.77615,0.789765,0.013615000000000044,2016-02-19 10:00:00,2016-02-19 14:00:00,0.778985,0.77932,2016-02-22 02:00:00,0.777925,0.762535,0.7911265000000001,2016-02-24 14:00:00,0.7911265000000001,loss,-1.0,1.1657766162935963,wickdiffs_W_H4_ALL_20260121_202249.csv,79.33787878787886,1.0
W,ALL,H4,H4,H4,EURGBP,short,2016-12-05,2016-12-12,0.83975,0.857255,0.017504999999999993,2016-12-09 02:00:00,2016-12-09 06:00:00,0.843255,0.84578,2016-12-19 14:00:00,0.840965,0.822245,0.8590055,2016-12-29 22:00:00,0.8590055,loss,-1.0,1.0376652531803412,wickdiffs_W_H4_ALL_20260121_202249.csv,92.60303030303038,1.0
W,ALL,H1,H1,H4,EURGBP,short,2017-06-05,2017-06-12,0.87852,0.88664,0.008120000000000016,2017-06-15 08:00:00,2017-06-15 09:00:00,0.88038,0.88066,2017-06-20 05:00:00,0.87915,0.8704,0.887452,2017-06-28 05:00:00,0.887452,loss,-1.0,1.0539629005059024,wickdiffs_W_H1_ALL_20260124_211252.csv,63.75227272727273,1.0
W,ALL,H1,H1,H4,EURGBP,short,2017-10-30,2017-11-06,0.88781,0.89388,0.00607000000000002,2017-11-03 12:00:00,2017-11-03 13:00:00,0.89034,0.89121,2017-11-13 06:00:00,0.890155,0.88174,0.8970998484848485,2017-11-14 10:00:00,0.8970998484848485,loss,-1.0,1.2116895017017282,wickdiffs_W_H1_ALL_20260124_211252.csv,69.44848484848484,1.0
W,ALL,H1,H1,H4,EURGBP,short,2018-02-05,2018-02-12,0.88596,0.89197,0.006010000000000071,2018-02-16 15:00:00,2018-02-16 16:00:00,0.88672,0.8869,2018-02-19 10:00:00,0.88608,0.8799499999999999,0.892571,2018-02-23 10:00:00,0.8799499999999999,win,0.9443845324295265,0.9443845324295265,wickdiffs_W_H1_ALL_20260124_211252.csv,60.65530303030308,1.0
W,ALL,H4,H4,H4,EURGBP,short,2019-01-28,2019-02-04,0.87559,0.88216,0.006570000000000076,2019-02-08 14:00:00,2019-02-08 18:00:00,0.87624,0.87636,2019-02-11 06:00:00,0.87618,0.8690199999999999,0.8829193939393939,2019-02-14 14:00:00,0.8829193939393939,loss,-1.0,1.0624100719424536,wickdiffs_W_H4_ALL_20260121_202249.csv,67.39393939393943,1.0
W,ALL,H1,H1,H4,EURGBP,short,2020-03-16,2020-03-23,0.91857,0.95003,0.031460000000000043,2020-03-25 14:00:00,2020-03-25 15:00:00,0.92461,0.92758,2020-09-10 13:00:00,0.92424,0.88711,0.953176,2020-11-11 06:00:00,0.88711,win,1.2831766657450894,1.2831766657450894,wickdiffs_W_H1_ALL_20260124_211252.csv,59.33484848484853,1.0
W,ALL,H1,H1,H4,EURGBP,short,2021-05-31,2021-06-07,0.8592,0.86457,0.005369999999999986,2021-06-11 07:00:00,2021-06-11 08:00:00,0.85996,0.8606,2021-06-14 05:00:00,0.8598,0.85383,0.865107,2021-06-23 05:00:00,0.85383,win,1.1249293386094001,1.1249293386094001,wickdiffs_W_H1_ALL_20260124_211252.csv,46.77424242424245,1.0
W,ALL,H1,H1,H4,EURGBP,short,2021-07-12,2021-07-19,0.85755,0.86698,0.009429999999999938,2021-07-22 08:00:00,2021-07-22 09:00:00,0.85936,0.85938,2021-08-23 05:00:00,0.85916,0.8481200000000001,0.867923,2021-10-07 13:00:00,0.8481200000000001,win,1.2598425196850374,1.2598425196850374,wickdiffs_W_H1_ALL_20260124_211252.csv,40.89090909090908,1.0
W,ALL,H1,H1,H4,EURGBP,short,2022-03-28,2022-04-04,0.8425,0.85126,0.00875999999999999,2022-04-01 06:00:00,2022-04-01 07:00:00,0.84389,0.84411,2022-04-25 09:00:00,0.84342,0.83374,0.852136,2022-05-05 09:00:00,0.852136,loss,-1.0,1.110601193207876,wickdiffs_W_H1_ALL_20260124_211252.csv,54.93181818181811,1.0
W,ALL,H1,H1,H4,EURGBP,short,2022-04-18,2022-04-25,0.84116,0.84675,0.005589999999999984,2022-04-29 02:00:00,2022-04-29 03:00:00,0.84276,0.84302,2022-05-03 17:00:00,0.84189,0.83557,0.8475324242424243,2022-05-05 09:00:00,0.8475324242424243,loss,-1.0,1.120085929108485,wickdiffs_W_H1_ALL_20260124_211252.csv,56.42424242424237,1.0
W,ALL,H1,H1,H4,EURGBP,short,2022-09-19,2022-09-26,0.89336,0.92785,0.03448999999999991,2022-09-29 10:00:00,2022-09-29 11:00:00,0.89711,0.89742,2023-02-03 14:00:00,0.89648,0.8588700000000001,0.931299,2023-05-31 13:00:00,0.8588700000000001,win,1.0801573853355924,1.0801573853355924,wickdiffs_W_H1_ALL_20260124_211252.csv,64.95151515151518,1.0
W,ALL,H4,H4,H4,EURGBP,short,2022-10-31,2022-11-07,0.87554,0.88286,0.007319999999999993,2022-11-09 18:00:00,2022-11-09 22:00:00,0.88166,0.88286,2022-11-14 14:00:00,0.87904,0.86822,0.8877342424242425,2022-11-18 14:00:00,0.86822,win,1.2445017601338455,1.2445017601338455,wickdiffs_W_H4_ALL_20260121_202249.csv,86.94242424242427,1.0
W,ALL,H4,H4,H4,EURGBP,short,2024-02-12,2024-02-19,0.85527,0.85782,0.0025500000000000522,2024-02-22 10:00:00,2024-02-22 14:00:00,0.85716,0.85719,2024-03-01 14:00:00,0.85634,0.8527199999999999,0.8596089393939393,2024-03-07 10:00:00,0.8527199999999999,win,1.1073928157589998,1.1073928157589998,wickdiffs_W_H4_ALL_20260121_202249.csv,32.68939393939397,1.0
W,ALL,H1,H1,H4,EURJPY,long,2015-06-29,2015-07-06,133.311,136.443,3.132000000000005,2015-07-10 08:00:00,2015-07-10 09:00:00,135.549,135.633,2015-07-14 05:00:00,136.1315,139.57500000000002,132.9978,2015-09-04 01:00:00,132.9978,loss,-1.0,1.0988607716118501,wickdiffs_W_H1_ALL_20260124_211252.csv,154.6924242424244,1.0
W,ALL,H1,H1,H4,EURJPY,long,2017-01-09,2017-01-16,120.544,121.861,1.3170000000000073,2017-01-19 04:00:00,2017-01-19 05:00:00,121.796,121.81,2017-01-23 02:00:00,121.835,123.17800000000001,120.4123,2017-01-27 10:00:00,123.17800000000001,win,0.9439797568004678,0.9439797568004678,wickdiffs_W_H1_ALL_20260124_211252.csv,110.4734848484848,1.0
W,ALL,H4,H4,H4,EURJPY,long,2017-05-22,2017-05-29,123.16,124.475,1.3149999999999977,2017-05-31 13:00:00,2017-05-31 17:00:00,124.168,124.217,2017-06-05 13:00:00,124.297,125.78999999999999,123.0285,2017-06-06 09:00:00,123.0285,loss,-1.0,1.1769806858494216,wickdiffs_W_H4_ALL_20260121_202249.csv,104.0590909090909,1.0
W,ALL,H1,H1,H4,EURJPY,long,2017-11-13,2017-11-20,131.176,132.209,1.0330000000000155,2017-11-24 07:00:00,2017-11-24 08:00:00,131.942,131.963,2017-11-28 14:00:00,132.0535,133.24200000000002,131.0727,2017-11-30 06:00:00,133.24200000000002,win,1.2117659053833452,1.2117659053833452,wickdiffs_W_H1_ALL_20260124_211252.csv,94.78333333333336,1.0
W,ALL,H4,H4,H4,EURJPY,long,2018-05-21,2018-05-28,124.622,127.438,2.8160000000000025,2018-05-31 13:00:00,2018-05-31 17:00:00,126.33,126.815,2018-06-19 05:00:00,126.912,130.25400000000002,124.3404,2018-07-09 13:00:00,130.25400000000002,win,1.2995800279981367,1.2995800279981367,wickdiffs_W_H4_ALL_20260121_202249.csv,103.425,1.0
W,ALL,H1,H1,H4,EURJPY,long,2020-03-02,2020-03-09,116.129,118.915,2.7860000000000014,2020-03-13 15:00:00,2020-03-13 16:00:00,118.46,118.566,2020-03-16 01:00:00,118.897,121.70100000000001,115.85040000000001,2020-04-23 09:00:00,115.85040000000001,loss,-1.0,0.9203702488019444,wickdiffs_W_H1_ALL_20260124_211252.csv,92.30984848484854,1.0
W,ALL,H1,H1,H4,EURJPY,long,2020-04-20,2020-04-27,115.45,116.347,0.8969999999999914,2020-04-30 13:00:00,2020-04-30 14:00:00,115.584,115.658,2020-05-05 09:00:00,115.676,117.24399999999999,114.42806818181819,2020-05-06 13:00:00,114.42806818181819,loss,-1.0,1.2564789014551219,wickdiffs_W_H1_ALL_20260124_211252.csv,124.7931818181818,1.0
W,ALL,H1,H1,H4,EURJPY,long,2021-03-22,2021-03-29,128.294,129.358,1.063999999999993,2021-03-29 14:00:00,2021-03-29 15:00:00,129.092,129.094,2021-07-19 05:00:00,129.192,130.422,128.1876,2021-07-29 05:00:00,130.422,win,1.2246117084826613,1.2246117084826613,wickdiffs_W_H1_ALL_20260124_211252.csv,67.86515151515154,1.0
W,ALL,H1,H1,H4,EURJPY,long,2021-07-12,2021-07-19,128.598,129.958,1.3599999999999852,2021-07-23 05:00:00,2021-07-23 06:00:00,129.723,129.728,2021-07-26 05:00:00,129.89,131.31799999999998,128.46200000000002,2021-08-17 05:00:00,128.46200000000002,loss,-1.0,1.00000000000002,wickdiffs_W_H1_ALL_20260124_211252.csv,69.46363636363631,1.0
W,ALL,H1,H1,H4,EURJPY,long,2022-04-25,2022-05-02,134.78,136.924,2.1440000000000055,2022-05-04 18:00:00,2022-05-04 19:00:00,136.602,136.638,2022-05-11 17:00:00,136.656,139.068,134.5656,2022-05-12 05:00:00,134.5656,loss,-1.0,1.1538461538461475,wickdiffs_W_H1_ALL_20260124_211252.csv,140.9257575757573,1.0
W,ALL,H1,H1,H4,EURJPY,long,2022-08-08,2022-08-15,134.949,136.978,2.0289999999999964,2022-08-17 03:00:00,2022-08-17 04:00:00,136.436,136.438,2022-08-22 17:00:00,136.722,139.007,134.7461,2022-08-30 13:00:00,139.007,win,1.1564350422592244,1.1564350422592244,wickdiffs_W_H1_ALL_20260124_211252.csv,161.086363636364,1.0
W,ALL,H4,H4,H4,EURJPY,long,2022-12-26,2023-01-02,137.388,140.324,2.936000000000007,2023-01-04 22:00:00,2023-01-05 02:00:00,139.972,140.051,2023-01-12 14:00:00,140.159,143.26000000000002,137.0944,2023-02-15 10:00:00,143.26000000000002,win,1.0118775696665285,1.0118775696665285,wickdiffs_W_H4_ALL_20260121_202249.csv,166.6257575757577,1.0
W,ALL,H1,H1,H4,EURJPY,long,2023-07-10,2023-07-17,153.412,155.862,2.4499999999999886,2023-07-20 23:00:00,2023-07-21 00:00:00,155.59,155.663,2023-07-25 13:00:00,155.756,158.31199999999998,153.167,2023-07-27 17:00:00,153.167,loss,-1.0,0.9872537659327866,wickdiffs_W_H1_ALL_20260124_211252.csv,124.4893939393937,1.0
W,ALL,H4,H4,H4,EURJPY,long,2023-09-11,2023-09-18,156.582,157.635,1.0529999999999973,2023-09-21 21:00:00,2023-09-22 01:00:00,157.12,157.228,2023-09-27 09:00:00,157.342,158.688,156.1073181818182,2023-10-03 13:00:00,156.1073181818182,loss,-1.0,1.0901594080182428,wickdiffs_W_H4_ALL_20260121_202249.csv,123.4681818181815,1.0
W,ALL,H1,H1,H4,EURJPY,long,2024-08-19,2024-08-26,160.024,161.403,1.3789999999999907,2024-08-30 14:00:00,2024-08-30 15:00:00,160.914,161.128,2024-09-02 01:00:00,161.236,162.78199999999998,159.59074242424242,2024-09-02 13:00:00,162.78199999999998,win,0.9396704946264244,0.9396704946264244,wickdiffs_W_H1_ALL_20260124_211252.csv,164.5257575757575,1.0
W,ALL,H1,H1,H4,EURJPY,long,2024-11-25,2024-12-02,156.18,158.117,1.9369999999999834,2024-12-05 10:00:00,2024-12-05 11:00:00,157.99,158.006,2024-12-09 02:00:00,158.026,160.05399999999997,155.9863,2024-12-10 06:00:00,160.05399999999997,win,0.9942638623326728,0.9942638623326728,wickdiffs_W_H1_ALL_20260124_211252.csv,158.1075757575759,1.0
W,ALL,H4,H4,H4,EURJPY,long,2025-09-29,2025-10-06,172.268,175.216,2.9480000000000075,2025-10-06 09:00:00,2025-10-06 13:00:00,174.969,175.06,2025-10-17 05:00:00,175.204,178.16400000000002,171.9732,2025-10-27 13:00:00,178.16400000000002,win,0.9161817506499916,0.9161817506499916,wickdiffs_W_H4_ALL_20260121_202249.csv,100.9151515151512,1.0
W,ALL,H4,H4,H4,EURJPY,short,2015-03-16,2015-03-23,129.94,131.798,1.858000000000004,2015-03-27 13:00:00,2015-03-27 17:00:00,130.279,130.418,2015-04-02 13:00:00,130.243,128.082,131.9838,2015-04-10 05:00:00,128.082,win,1.2413832720588192,1.2413832720588192,wickdiffs_W_H4_ALL_20260121_202249.csv,171.648484848485,1.0
W,ALL,H4,H4,H4,EURJPY,short,2016-10-24,2016-10-31,115.058,115.679,0.6209999999999951,2016-11-01 09:00:00,2016-11-01 13:00:00,115.6665,115.679,2016-11-07 02:00:00,115.56,114.43700000000001,116.50052272727272,2016-11-09 02:00:00,114.43700000000001,win,1.194016866829365,1.194016866829365,wickdiffs_W_H4_ALL_20260121_202249.csv,94.05227272727268,1.0
W,ALL,H4,H4,H4,EURJPY,short,2017-05-01,2017-05-08,123.967,124.538,0.570999999999998,2017-05-09 13:00:00,2017-05-09 17:00:00,124.453,124.538,2017-05-15 05:00:00,124.3065,123.396,125.3070303030303,2017-05-16 05:00:00,125.3070303030303,loss,-1.0,0.9100174150071921,wickdiffs_W_H4_ALL_20260121_202249.csv,100.0530303030303,1.0
W,ALL,H1,H1,H4,EURJPY,short,2018-05-07,2018-05-14,130.603,131.378,0.7749999999999773,2018-05-18 10:00:00,2018-05-18 11:00:00,130.834,130.84,2018-05-21 05:00:00,130.692,129.82800000000003,131.63176515151517,2018-05-23 01:00:00,129.82800000000003,win,0.9193786326370789,0.9193786326370789,wickdiffs_W_H1_ALL_20260124_211252.csv,93.976515151515,1.0
W,ALL,H4,H4,H4,EURJPY,short,2018-08-20,2018-08-27,129.29,130.867,1.5769999999999982,2018-08-31 01:00:00,2018-08-31 05:00:00,129.644,129.845,2018-09-05 13:00:00,129.56,127.713,131.0247,2018-09-13 21:00:00,131.0247,loss,-1.0,1.2610090803577638,wickdiffs_W_H4_ALL_20260121_202249.csv,100.1545454545453,1.0
W,ALL,H1,H1,H4,EURJPY,short,2018-11-26,2018-12-03,128.43,129.298,0.867999999999995,2018-12-04 03:00:00,2018-12-04 04:00:00,128.864,128.88,2018-12-10 10:00:00,128.785,127.56200000000001,129.78286363636363,2018-12-19 18:00:00,127.56200000000001,win,1.225618366510259,1.225618366510259,wickdiffs_W_H1_ALL_20260124_211252.csv,99.78636363636346,1.0
W,ALL,H4,H4,H4,EURJPY,short,2019-10-28,2019-11-04,120.788,121.47,0.6820000000000022,2019-11-07 14:00:00,2019-11-07 18:00:00,120.908,120.958,2019-12-02 02:00:00,120.81,120.106,121.5382,2019-12-04 06:00:00,120.106,win,0.9667673716012176,0.9667673716012176,wickdiffs_W_H4_ALL_20260121_202249.csv,72.41666666666676,1.0
W,ALL,H1,H1,H4,EURJPY,short,2020-11-09,2020-11-16,123.828,125.138,1.3100000000000023,2020-11-17 10:00:00,2020-11-17 11:00:00,123.892,123.932,2020-11-23 22:00:00,123.834,122.518,125.269,2020-12-01 14:00:00,125.269,loss,-1.0,0.9170731707317076,wickdiffs_W_H1_ALL_20260124_211252.csv,85.18484848484832,1.0
W,ALL,H4,H4,H4,EURJPY,short,2022-09-05,2022-09-12,143.26,145.638,2.3780000000000143,2022-09-15 13:00:00,2022-09-15 17:00:00,143.607,143.686,2022-09-19 17:00:00,143.571,140.88199999999998,145.8758,2022-09-22 05:00:00,140.88199999999998,win,1.166695591808409,1.166695591808409,wickdiffs_W_H4_ALL_20260121_202249.csv,160.4272727272727,1.0
W,ALL,H4,H4,H4,EURJPY,short,2022-09-26,2022-10-03,141.854,144.091,2.2369999999999948,2022-10-07 01:00:00,2022-10-07 05:00:00,142.18,142.222,2022-10-11 13:00:00,142.153,139.61700000000002,144.31470000000002,2022-10-14 01:00:00,144.31470000000002,loss,-1.0,1.1731507609751326,wickdiffs_W_H4_ALL_20260121_202249.csv,158.728787878788,1.0
W,ALL,H4,H4,H4,EURJPY,short,2023-01-30,2023-02-06,141.626,142.81,1.1839999999999975,2023-02-06 10:00:00,2023-02-06 14:00:00,142.634,142.665,2023-02-14 10:00:00,142.333,140.442,143.96224242424242,2023-02-21 06:00:00,143.96224242424242,loss,-1.0,1.16066214079791,wickdiffs_W_H4_ALL_20260121_202249.csv,162.9242424242426,1.0
W,ALL,H4,H4,H4,EURJPY,short,2025-03-10,2025-03-17,161.825,164.188,2.3629999999999995,2025-03-18 05:00:00,2025-03-18 09:00:00,164.064,164.188,2025-04-02 17:00:00,162.09,159.462,164.4243,2025-04-04 13:00:00,159.462,win,1.125819303431449,1.125819303431449,wickdiffs_W_H4_ALL_20260121_202249.csv,166.0439393939396,1.0
W,ALL,H4,H4,H4,EURJPY,short,2025-04-28,2025-05-05,163.66,164.64,0.9799999999999898,2025-05-01 21:00:00,2025-05-02 01:00:00,164.608,164.64,2025-05-12 09:00:00,164.539,162.68,166.21692424242423,2025-05-15 21:00:00,162.68,win,1.1079165274554492,1.1079165274554492,wickdiffs_W_H4_ALL_20260121_202249.csv,167.7924242424241,1.0
W,ALL,H4,H4,H4,EURJPY,short,2025-10-06,2025-10-13,176.339,177.938,1.5989999999999895,2025-10-13 01:00:00,2025-10-13 05:00:00,176.62,176.916,2025-10-22 21:00:00,176.56,174.74,178.09789999999998,2025-10-26 21:00:00,178.09789999999998,loss,-1.0,1.1834319526627335,wickdiffs_W_H4_ALL_20260121_202249.csv,102.4727272727269,1.0
W,ALL,H4,H4,H4,EURNZD,long,2016-06-06,2016-06-13,1.584605,1.59506,0.010454999999999881,2016-06-16 09:00:00,2016-06-16 13:00:00,1.587525,1.58887,2016-06-20 17:00:00,1.589075,1.6055149999999998,1.5729028787878787,2016-06-22 13:00:00,1.5729028787878787,loss,-1.0,1.0165642332483762,wickdiffs_W_H4_ALL_20260121_202249.csv,161.721212121212,1.0
W,ALL,H1,H1,H4,EURNZD,long,2016-08-29,2016-09-05,1.50287,1.52974,0.02687000000000017,2016-09-09 14:00:00,2016-09-09 15:00:00,1.52494,1.525085,2016-09-19 05:00:00,1.52755,1.5566100000000003,1.5001829999999998,2016-10-04 17:00:00,1.5566100000000003,win,1.0618628274929718,1.0618628274929718,wickdiffs_W_H1_ALL_20260124_211252.csv,157.7196969696967,1.0
W,ALL,H1,H1,H4,EURNZD,long,2016-10-31,2016-11-07,1.48497,1.52039,0.03542000000000001,2016-11-11 12:00:00,2016-11-11 13:00:00,1.511235,1.512545,2016-11-14 14:00:00,1.515715,1.55581,1.481428,2016-12-04 22:00:00,1.481428,loss,-1.0,1.169393647738211,wickdiffs_W_H1_ALL_20260124_211252.csv,144.9310606060602,1.0
W,ALL,H4,H4,H4,EURNZD,long,2017-01-23,2017-01-30,1.46503,1.47281,0.007779999999999898,2017-01-31 02:00:00,2017-01-31 06:00:00,1.46643,1.46647,2017-02-06 22:00:00,1.46663,1.4805899999999999,1.4528396212121213,2017-02-09 02:00:00,1.4805899999999999,win,1.012299967588276,1.012299967588276,wickdiffs_W_H4_ALL_20260121_202249.csv,137.9037878787879,1.0
W,ALL,H4,H4,H4,EURNZD,long,2018-01-01,2018-01-08,1.65217,1.6784,0.026229999999999976,2018-01-12 14:00:00,2018-01-12 18:00:00,1.67454,1.67531,2018-01-17 14:00:00,1.67698,1.7046299999999999,1.6495469999999999,2018-02-02 14:00:00,1.7046299999999999,win,1.0079101811686622,1.0079101811686622,wickdiffs_W_H4_ALL_20260121_202249.csv,149.6030303030304,1.0
W,ALL,H4,H4,H4,EURNZD,long,2018-06-11,2018-06-18,1.65707,1.67235,0.01527999999999996,2018-06-18 05:00:00,2018-06-18 09:00:00,1.66758,1.66844,2018-11-12 14:00:00,1.67112,1.68763,1.655542,2018-11-28 14:00:00,1.655542,loss,-1.0,1.0598279625112443,wickdiffs_W_H4_ALL_20260121_202249.csv,113.2651515151516,1.0
W,ALL,H1,H1,H4,EURNZD,long,2020-05-18,2020-05-25,1.7626,1.7878,0.02520000000000011,2020-05-28 18:00:00,2020-05-28 19:00:00,1.78081,1.78112,2020-06-01 05:00:00,1.78588,1.8130000000000002,1.757110303030303,2020-06-02 13:00:00,1.757110303030303,loss,-1.0,0.9426585211712752,wickdiffs_W_H1_ALL_20260124_211252.csv,287.6969696969696,1.0
W,ALL,H1,H1,H4,EURNZD,long,2021-02-01,2021-02-08,1.66388,1.67553,0.011649999999999938,2021-02-09 15:00:00,2021-02-09 16:00:00,1.67056,1.67176,2021-02-16 02:00:00,1.67536,1.68718,1.662715,2021-02-19 10:00:00,1.662715,loss,-1.0,0.9347568208778114,wickdiffs_W_H1_ALL_20260124_211252.csv,114.5212121212122,1.0
W,ALL,H1,H1,H4,EURNZD,long,2021-02-15,2021-02-22,1.6323,1.66125,0.02894999999999981,2021-02-26 13:00:00,2021-02-26 14:00:00,1.65812,1.66009,2021-03-01 02:00:00,1.66126,1.6901999999999997,1.6294050000000002,2021-03-23 09:00:00,1.6901999999999997,win,0.9084916025741634,0.9084916025741634,wickdiffs_W_H1_ALL_20260124_211252.csv,116.95,1.0
W,ALL,H4,H4,H4,EURNZD,long,2021-04-12,2021-04-19,1.66694,1.6769,0.009959999999999969,2021-04-21 13:00:00,2021-04-21 17:00:00,1.66694,1.66808,2021-04-28 17:00:00,1.6717,1.68686,1.6597162121212121,2021-05-04 09:00:00,1.68686,win,1.2650424184188296,1.2650424184188296,wickdiffs_W_H4_ALL_20260121_202249.csv,119.8378787878787,1.0
W,ALL,H1,H1,H4,EURNZD,long,2023-05-01,2023-05-08,1.72028,1.75046,0.030179999999999874,2023-05-12 07:00:00,2023-05-12 08:00:00,1.74487,1.74502,2023-05-15 13:00:00,1.74527,1.7806399999999998,1.717262,2023-05-19 13:00:00,1.717262,loss,-1.0,1.2628534704370051,wickdiffs_W_H1_ALL_20260124_211252.csv,150.3666666666666,1.0
W,ALL,H1,H1,H4,EURNZD,long,2025-05-19,2025-05-26,1.884,1.8986,0.014600000000000168,2025-05-19 23:00:00,2025-05-20 00:00:00,1.89304,1.89396,2025-06-02 01:00:00,1.8958,1.9132000000000002,1.8771901515151515,2025-06-12 01:00:00,1.9132000000000002,win,0.9349888052106812,0.9349888052106812,wickdiffs_W_H1_ALL_20260124_211252.csv,186.098484848485,1.0
W,ALL,H4,H4,H4,EURNZD,long,2025-08-25,2025-09-01,1.97834,1.98521,0.006869999999999932,2025-08-31 21:00:00,2025-09-01 01:00:00,1.9795,1.98026,2025-09-08 05:00:00,1.98043,1.9920799999999999,1.9683380303030302,2025-09-10 05:00:00,1.9683380303030302,loss,-1.0,0.9634493214880847,wickdiffs_W_H4_ALL_20260121_202249.csv,120.919696969697,1.0
W,ALL,H1,H1,H4,EURNZD,short,2015-12-07,2015-12-14,1.63635,1.67677,0.04042000000000012,2015-12-11 14:00:00,2015-12-11 15:00:00,1.643285,1.64472,2016-01-07 10:00:00,1.64171,1.5959299999999998,1.6808120000000002,2016-01-10 22:00:00,1.6808120000000002,loss,-1.0,1.1707841031149284,wickdiffs_W_H1_ALL_20260124_211252.csv,203.1598484848486,1.0
W,ALL,H1,H1,H4,EURNZD,short,2016-01-11,2016-01-18,1.68899,1.7274,0.038410000000000055,2016-01-21 08:00:00,2016-01-21 09:00:00,1.69917,1.70056,2016-01-27 18:00:00,1.693755,1.65058,1.731241,2016-02-22 10:00:00,1.65058,win,1.1517633249746522,1.1517633249746522,wickdiffs_W_H1_ALL_20260124_211252.csv,214.5090909090909,1.0
W,ALL,H4,H4,H4,EURNZD,short,2017-09-04,2017-09-11,1.657535,1.669,0.011465000000000058,2017-09-07 17:00:00,2017-09-07 21:00:00,1.66296,1.6644,2017-10-09 17:00:00,1.661995,1.64607,1.6760390909090908,2017-10-11 17:00:00,1.6760390909090908,loss,-1.0,1.1339288604071585,wickdiffs_W_H4_ALL_20260121_202249.csv,140.4409090909089,1.0
W,ALL,H1,H1,H4,EURNZD,short,2017-10-16,2017-10-23,1.69217,1.72163,0.02946000000000004,2017-10-27 12:00:00,2017-10-27 13:00:00,1.69763,1.69933,2017-10-30 01:00:00,1.697155,1.66271,1.7245759999999999,2017-11-17 02:00:00,1.7245759999999999,loss,-1.0,1.2561540425221605,wickdiffs_W_H1_ALL_20260124_211252.csv,148.4090909090907,1.0
W,ALL,H1,H1,H4,EURNZD,short,2018-06-25,2018-07-02,1.72568,1.7379,0.012219999999999898,2018-07-03 13:00:00,2018-07-03 14:00:00,1.72984,1.73068,2018-07-11 13:00:00,1.72686,1.7134600000000002,1.739122,2018-07-17 01:00:00,1.7134600000000002,win,1.0928070461588535,1.0928070461588535,wickdiffs_W_H1_ALL_20260124_211252.csv,114.701515151515,1.0
W,ALL,H4,H4,H4,EURNZD,short,2019-08-05,2019-08-12,1.73188,1.75748,0.025599999999999845,2019-08-15 05:00:00,2019-08-15 09:00:00,1.73212,1.73468,2019-08-19 05:00:00,1.73191,1.7062800000000002,1.7600399999999998,2019-09-12 09:00:00,1.7062800000000002,win,0.9111269107714196,0.9111269107714196,wickdiffs_W_H4_ALL_20260121_202249.csv,106.7363636363636,1.0
W,ALL,H1,H1,H4,EURNZD,short,2019-08-26,2019-09-02,1.74158,1.7594,0.01782000000000017,2019-09-03 02:00:00,2019-09-03 03:00:00,1.74372,1.74377,2019-09-17 09:00:00,1.74242,1.7237599999999997,1.761182,2019-09-20 09:00:00,1.761182,loss,-1.0,0.9945634793732223,wickdiffs_W_H1_ALL_20260124_211252.csv,120.5424242424243,1.0
W,ALL,H4,H4,H4,EURNZD,short,2019-10-14,2019-10-21,1.74894,1.77002,0.021079999999999988,2019-10-18 13:00:00,2019-10-18 17:00:00,1.7515,1.75164,2019-10-30 05:00:00,1.74912,1.72786,1.772128,2019-11-04 06:00:00,1.72786,win,0.9240264255911045,0.9240264255911045,wickdiffs_W_H4_ALL_20260121_202249.csv,127.95,1.0
W,ALL,H1,H1,H4,EURNZD,short,2020-06-08,2020-06-15,1.7465,1.7654,0.01890000000000014,2020-06-16 07:00:00,2020-06-16 08:00:00,1.75748,1.75844,2020-06-24 09:00:00,1.751,1.7275999999999998,1.7722172727272727,2020-07-02 09:00:00,1.7275999999999998,win,1.1028750160675305,1.1028750160675305,wickdiffs_W_H1_ALL_20260124_211252.csv,212.1727272727273,1.0
W,ALL,H4,H4,H4,EURNZD,short,2020-12-14,2020-12-21,1.71734,1.73478,0.0174399999999999,2020-12-24 02:00:00,2020-12-24 06:00:00,1.72109,1.72138,2020-12-28 14:00:00,1.72029,1.6999000000000002,1.736524,2020-12-31 10:00:00,1.6999000000000002,win,1.2560059135148507,1.2560059135148507,wickdiffs_W_H4_ALL_20260121_202249.csv,124.7060606060608,1.0
W,ALL,H4,H4,H4,EURNZD,short,2021-07-05,2021-07-12,1.69791,1.70996,0.012049999999999894,2021-07-13 09:00:00,2021-07-13 13:00:00,1.7054,1.70554,2021-07-19 17:00:00,1.69936,1.6858600000000001,1.7113495454545455,2021-07-22 17:00:00,1.6858600000000001,win,1.1259809682677966,1.1259809682677966,wickdiffs_W_H4_ALL_20260121_202249.csv,119.8954545454545,1.0
W,ALL,H4,H4,H4,EURNZD,short,2022-03-28,2022-04-04,1.59618,1.61546,0.019279999999999964,2022-04-03 21:00:00,2022-04-04 01:00:00,1.59715,1.5996,2022-04-11 05:00:00,1.59628,1.5769,1.6173879999999998,2022-04-12 13:00:00,1.5769,win,0.9181353041500872,0.9181353041500872,wickdiffs_W_H4_ALL_20260121_202249.csv,145.7,1.0
W,ALL,H4,H4,H4,EURNZD,short,2022-06-27,2022-07-04,1.68003,1.6968,0.016770000000000174,2022-07-05 01:00:00,2022-07-05 05:00:00,1.6832,1.68322,2022-09-19 13:00:00,1.6824,1.6632599999999997,1.698477,2022-09-26 13:00:00,1.698477,loss,-1.0,1.1905206195185678,wickdiffs_W_H4_ALL_20260121_202249.csv,148.1378787878787,1.0
W,ALL,H4,H4,H4,EURNZD,short,2023-06-26,2023-07-03,1.77764,1.80078,0.02313999999999994,2023-07-02 21:00:00,2023-07-03 01:00:00,1.7795,1.78259,2023-07-11 05:00:00,1.77886,1.7545000000000002,1.803094,2023-07-13 13:00:00,1.7545000000000002,win,1.0051993067591016,1.0051993067591016,wickdiffs_W_H4_ALL_20260121_202249.csv,138.9530303030305,1.0
W,ALL,H1,H1,H4,EURNZD,short,2024-10-07,2024-10-14,1.79375,1.80801,0.01425999999999994,2024-10-16 04:00:00,2024-10-16 05:00:00,1.79691,1.79722,2024-10-23 17:00:00,1.79598,1.77949,1.8094359999999998,2024-10-28 01:00:00,1.8094359999999998,loss,-1.0,1.2254756242568372,wickdiffs_W_H1_ALL_20260124_211252.csv,127.5621212121212,1.0
W,ALL,H4,H4,H4,EURUSD,long,2015-11-02,2015-11-09,1.067445,1.074035,0.006590000000000096,2015-11-10 10:00:00,2015-11-10 14:00:00,1.067445,1.068235,2015-11-16 18:00:00,1.06863,1.0806250000000002,1.0571706818181819,2015-11-25 14:00:00,1.0571706818181819,loss,-1.0,1.04674639535116,wickdiffs_W_H4_ALL_20260121_202249.csv,114.5931818181819,1.0
W,ALL,H4,H4,H4,EURUSD,long,2016-06-20,2016-06-27,1.0912,1.11086,0.01966000000000001,2016-06-30 13:00:00,2016-06-30 17:00:00,1.102415,1.103555,2016-07-06 13:00:00,1.108945,1.13052,1.089234,2016-08-16 09:00:00,1.13052,win,1.0945664857186272,1.0945664857186272,wickdiffs_W_H4_ALL_20260121_202249.csv,93.52045454545464,1.0
W,ALL,H1,H1,H4,EURUSD,long,2017-06-05,2017-06-12,1.11322,1.11959,0.006369999999999987,2017-06-16 16:00:00,2017-06-16 17:00:00,1.11862,1.11876,2017-06-19 05:00:00,1.119525,1.12596,1.1123887121212122,2017-06-20 13:00:00,1.1123887121212122,loss,-1.0,0.9017293177209904,wickdiffs_W_H1_ALL_20260124_211252.csv,71.3628787878788,1.0
W,ALL,H4,H4,H4,EURUSD,long,2020-08-31,2020-09-07,1.17526,1.18383,0.008569999999999967,2020-09-09 17:00:00,2020-09-09 21:00:00,1.1799,1.17997,2020-09-16 17:00:00,1.18166,1.1924,1.1730298484848485,2020-09-22 05:00:00,1.1730298484848485,loss,-1.0,1.2444740954019513,wickdiffs_W_H4_ALL_20260121_202249.csv,86.30151515151523,1.0
W,ALL,H1,H1,H4,EURUSD,long,2021-10-25,2021-11-01,1.15133,1.15619,0.0048600000000000865,2021-11-05 18:00:00,2021-11-05 19:00:00,1.15482,1.15495,2021-11-10 10:00:00,1.15532,1.1610500000000001,1.1501624242424242,2021-11-10 18:00:00,1.1501624242424242,loss,-1.0,1.1109870740305967,wickdiffs_W_H1_ALL_20260124_211252.csv,51.57575757575762,1.0
W,ALL,H1,H1,H4,EURUSD,long,2021-11-15,2021-11-22,1.11861,1.12819,0.009579999999999922,2021-11-26 11:00:00,2021-11-26 12:00:00,1.12742,1.12764,2021-11-29 02:00:00,1.12782,1.13777,1.117652,2021-11-30 14:00:00,1.13777,win,0.9785601888276896,0.9785601888276896,wickdiffs_W_H1_ALL_20260124_211252.csv,57.0015151515151,1.0
W,ALL,H4,H4,H4,EURUSD,long,2022-09-19,2022-09-26,0.9536,0.96914,0.015539999999999998,2022-09-29 05:00:00,2022-09-29 09:00:00,0.96358,0.96642,2022-10-13 09:00:00,0.96682,0.98468,0.952046,2022-10-17 13:00:00,0.98468,win,1.2088804656829504,1.2088804656829504,wickdiffs_W_H4_ALL_20260121_202249.csv,112.980303030303,1.0
W,ALL,H1,H1,H4,EURUSD,long,2023-02-06,2023-02-13,1.06128,1.06774,0.00645999999999991,2023-02-17 12:00:00,2023-02-17 13:00:00,1.06128,1.062,2023-02-22 14:00:00,1.06282,1.0741999999999998,1.0537718181818183,2023-02-24 14:00:00,1.0537718181818183,loss,-1.0,1.257711242841327,wickdiffs_W_H1_ALL_20260124_211252.csv,90.48181818181796,1.0
W,ALL,H1,H1,H4,EURUSD,long,2023-04-17,2023-04-24,1.09092,1.09893,0.008010000000000073,2023-04-21 13:00:00,2023-04-21 14:00:00,1.09424,1.09534,2023-05-02 09:00:00,1.09553,1.10694,1.086745909090909,2023-05-03 17:00:00,1.10694,win,1.2989391979301583,1.2989391979301583,wickdiffs_W_H1_ALL_20260124_211252.csv,87.8409090909091,1.0
W,ALL,H1,H1,H4,EURUSD,long,2024-01-01,2024-01-08,1.0877,1.09423,0.006530000000000147,2024-01-09 15:00:00,2024-01-09 16:00:00,1.09102,1.09177,2024-01-15 22:00:00,1.09278,1.1007600000000002,1.0855333333333335,2024-01-17 10:00:00,1.0855333333333335,loss,-1.0,1.1011959521619274,wickdiffs_W_H1_ALL_20260124_211252.csv,72.46666666666664,1.0
W,ALL,H4,H4,H4,EURUSD,short,2018-02-12,2018-02-19,1.24099,1.2556,0.014610000000000012,2018-02-18 22:00:00,2018-02-19 02:00:00,1.243405,1.24355,2018-03-07 10:00:00,1.241445,1.22638,1.257061,2018-03-16 13:00:00,1.22638,win,0.9647156762294962,0.9647156762294962,wickdiffs_W_H4_ALL_20260121_202249.csv,91.28030303030287,1.0
W,ALL,H4,H4,H4,EURUSD,short,2019-01-07,2019-01-14,1.14677,1.15703,0.010259999999999936,2019-01-14 22:00:00,2019-01-15 02:00:00,1.14892,1.14895,2019-01-30 18:00:00,1.14799,1.1365100000000001,1.158056,2019-02-06 18:00:00,1.1365100000000001,win,1.1404728789986132,1.1404728789986132,wickdiffs_W_H4_ALL_20260121_202249.csv,77.9833333333334,1.0
W,ALL,H4,H4,H4,EURUSD,short,2019-06-24,2019-07-01,1.13721,1.14122,0.004009999999999847,2019-06-25 01:00:00,2019-06-25 05:00:00,1.14101,1.14122,2020-03-09 01:00:00,1.14012,1.1332000000000002,1.1456445454545454,2020-03-09 05:00:00,1.1456445454545454,loss,-1.0,1.252591739345036,wickdiffs_W_H4_ALL_20260121_202249.csv,55.24545454545463,1.0
W,ALL,H4,H4,H4,EURUSD,short,2019-08-05,2019-08-12,1.12002,1.12496,0.0049399999999999444,2019-08-13 09:00:00,2019-08-13 13:00:00,1.12194,1.12286,2019-12-30 14:00:00,1.12107,1.11508,1.1257781818181818,2020-01-03 06:00:00,1.11508,win,1.2722533307588253,1.2722533307588253,wickdiffs_W_H4_ALL_20260121_202249.csv,47.08181818181802,1.0
W,ALL,H4,H4,H4,EURUSD,short,2019-12-09,2019-12-16,1.11206,1.11997,0.007909999999999862,2019-12-20 06:00:00,2019-12-20 10:00:00,1.11222,1.11238,2019-12-27 02:00:00,1.11208,1.1041500000000002,1.120761,2019-12-30 02:00:00,1.120761,loss,-1.0,0.9134892293514372,wickdiffs_W_H4_ALL_20260121_202249.csv,46.96818181818165,1.0
W,ALL,H4,H4,H4,EURUSD,short,2020-09-07,2020-09-14,1.18468,1.19174,0.007060000000000066,2020-09-18 13:00:00,2020-09-18 17:00:00,1.18675,1.18704,2020-09-21 01:00:00,1.18666,1.17762,1.1952374242424244,2020-09-21 09:00:00,1.17762,win,1.0539294483404464,1.0539294483404464,wickdiffs_W_H4_ALL_20260121_202249.csv,85.77424242424247,1.0
W,ALL,H1,H1,H4,EURUSD,short,2020-11-30,2020-12-07,1.21216,1.21775,0.005590000000000206,2020-12-11 06:00:00,2020-12-11 07:00:00,1.21595,1.2163,2020-12-14 06:00:00,1.21576,1.2065699999999997,1.2231566666666667,2020-12-17 02:00:00,1.2231566666666667,loss,-1.0,1.2424515547544255,wickdiffs_W_H1_ALL_20260124_211252.csv,73.96666666666682,1.0
W,ALL,H1,H1,H4,EURUSD,short,2021-02-08,2021-02-15,1.21204,1.21696,0.0049200000000000355,2021-02-16 11:00:00,2021-02-16 12:00:00,1.21682,1.21696,2021-02-22 18:00:00,1.21581,1.20712,1.222909090909091,2021-02-25 10:00:00,1.222909090909091,loss,-1.0,1.2241003969778592,wickdiffs_W_H1_ALL_20260124_211252.csv,70.99090909090903,1.0
W,ALL,H1,H1,H4,EURUSD,short,2022-10-24,2022-10-31,0.9966,1.00938,0.012779999999999903,2022-10-28 01:00:00,2022-10-28 02:00:00,0.99962,0.99982,2022-11-07 06:00:00,0.99857,0.9838200000000001,1.0106579999999998,2022-11-10 10:00:00,1.0106579999999998,loss,-1.0,1.2202183984116455,wickdiffs_W_H1_ALL_20260124_211252.csv,115.7090909090909,1.0
W,ALL,H4,H4,H4,EURUSD,short,2024-07-08,2024-07-15,1.08854,1.09482,0.006279999999999841,2024-07-19 09:00:00,2024-07-19 13:00:00,1.08912,1.08942,2024-07-22 05:00:00,1.08881,1.0822600000000002,1.095448,2024-07-29 09:00:00,1.0822600000000002,win,0.9867429948779619,0.9867429948779619,wickdiffs_W_H4_ALL_20260121_202249.csv,52.66060606060602,1.0
W,ALL,H4,H4,H4,EURUSD,short,2024-07-29,2024-08-05,1.09213,1.10089,0.008759999999999879,2024-08-08 05:00:00,2024-08-08 09:00:00,1.09397,1.09452,2024-08-13 05:00:00,1.09234,1.0833700000000002,1.101766,2024-08-14 05:00:00,1.101766,loss,-1.0,0.9516231699554408,wickdiffs_W_H4_ALL_20260121_202249.csv,52.27878787878775,1.0
W,ALL,H4,H4,H4,EURUSD,short,2025-04-14,2025-04-21,1.13973,1.15734,0.017610000000000126,2025-04-23 05:00:00,2025-04-23 09:00:00,1.14154,1.14401,2025-04-28 13:00:00,1.14115,1.1221199999999998,1.1591010000000002,2025-05-08 13:00:00,1.1221199999999998,win,1.0601080719737213,1.0601080719737213,wickdiffs_W_H4_ALL_20260121_202249.csv,102.2712121212121,1.0
W,ALL,H4,H4,H4,GBPAUD,long,2016-10-24,2016-10-31,1.57907,1.60429,0.02522000000000002,2016-11-01 17:00:00,2016-11-01 21:00:00,1.598245,1.59834,2016-11-08 14:00:00,1.60054,1.62951,1.576548,2016-11-09 02:00:00,1.62951,win,1.2074858286095334,1.2074858286095334,wickdiffs_W_H4_ALL_20260121_202249.csv,186.8348484848485,1.0
W,ALL,H4,H4,H4,GBPAUD,long,2017-06-12,2017-06-19,1.66128,1.67752,0.01623999999999981,2017-06-22 09:00:00,2017-06-22 13:00:00,1.67429,1.6767,2017-06-26 09:00:00,1.677165,1.6937599999999997,1.659656,2017-06-28 09:00:00,1.6937599999999997,win,0.947798275172751,0.947798275172751,wickdiffs_W_H4_ALL_20260121_202249.csv,155.9462121212121,1.0
W,ALL,H4,H4,H4,GBPAUD,long,2017-07-17,2017-07-24,1.62698,1.64196,0.014979999999999993,2017-07-28 09:00:00,2017-07-28 13:00:00,1.63802,1.639,2017-08-16 05:00:00,1.63974,1.65694,1.6249019696969698,2017-08-16 17:00:00,1.6249019696969698,loss,-1.0,1.1591835067547638,wickdiffs_W_H4_ALL_20260121_202249.csv,148.3803030303029,1.0
W,ALL,H4,H4,H4,GBPAUD,long,2020-06-22,2020-06-29,1.78692,1.79693,0.010009999999999852,2020-06-30 09:00:00,2020-06-30 13:00:00,1.78856,1.78941,2020-07-06 13:00:00,1.78976,1.8069399999999998,1.7710515151515152,2020-07-07 17:00:00,1.8069399999999998,win,0.9182999125335973,0.9182999125335973,wickdiffs_W_H4_ALL_20260121_202249.csv,187.0848484848483,1.0
W,ALL,H4,H4,H4,GBPAUD,long,2020-08-03,2020-08-10,1.8139,1.82352,0.009619999999999962,2020-08-07 05:00:00,2020-08-07 09:00:00,1.8139,1.81418,2020-08-17 13:00:00,1.81694,1.83314,1.8017530303030302,2020-08-20 09:00:00,1.83314,win,1.0667039128439466,1.0667039128439466,wickdiffs_W_H4_ALL_20260121_202249.csv,151.8696969696967,1.0
W,ALL,H4,H4,H4,GBPAUD,long,2023-01-30,2023-02-06,1.7223,1.74138,0.019079999999999986,2023-02-09 10:00:00,2023-02-09 14:00:00,1.73828,1.73892,2023-02-13 06:00:00,1.73962,1.76046,1.720392,2023-02-21 10:00:00,1.76046,win,1.083836072394422,1.083836072394422,wickdiffs_W_H4_ALL_20260121_202249.csv,161.6651515151514,1.0
W,ALL,H4,H4,H4,GBPAUD,long,2023-12-18,2023-12-25,1.85886,1.8675,0.008639999999999981,2023-12-28 22:00:00,2023-12-29 02:00:00,1.8602,1.8613,2024-01-02 10:00:00,1.86288,1.87614,1.849144696969697,2024-01-03 10:00:00,1.87614,win,0.9653955191775105,0.9653955191775105,wickdiffs_W_H4_ALL_20260121_202249.csv,137.3530303030303,1.0
W,ALL,H4,H4,H4,GBPAUD,long,2024-03-18,2024-03-25,1.92538,1.93429,0.008909999999999973,2024-03-26 09:00:00,2024-03-26 13:00:00,1.92966,1.93012,2024-04-02 05:00:00,1.93096,1.9432,1.9199904545454545,2024-04-04 05:00:00,1.9199904545454545,loss,-1.0,1.1158165168027223,wickdiffs_W_H4_ALL_20260121_202249.csv,109.6954545454544,1.0
W,ALL,H4,H4,H4,GBPAUD,short,2016-09-05,2016-09-12,1.7595,1.78022,0.02071999999999985,2016-09-15 21:00:00,2016-09-16 01:00:00,1.76423,1.76462,2017-05-09 05:00:00,1.759855,1.7387800000000002,1.782292,2017-05-12 05:00:00,1.7387800000000002,win,0.9392966974194276,0.9392966974194276,wickdiffs_W_H4_ALL_20260121_202249.csv,147.9333333333334,1.0
W,ALL,H4,H4,H4,GBPAUD,short,2017-07-24,2017-07-31,1.64477,1.6738,0.02902999999999989,2017-08-04 09:00:00,2017-08-04 13:00:00,1.65284,1.65336,2017-08-09 05:00:00,1.64945,1.6157400000000002,1.6767029999999998,2017-09-14 09:00:00,1.6767029999999998,loss,-1.0,1.236928044618949,wickdiffs_W_H4_ALL_20260121_202249.csv,150.8363636363635,1.0
W,ALL,H4,H4,H4,GBPAUD,short,2018-04-02,2018-04-09,1.83601,1.84591,0.00990000000000002,2018-04-09 09:00:00,2018-04-09 13:00:00,1.84458,1.84591,2018-04-16 21:00:00,1.84278,1.82611,1.8576894696969697,2018-04-18 13:00:00,1.82611,win,1.1180813495592226,1.1180813495592226,wickdiffs_W_H4_ALL_20260121_202249.csv,149.0946969696967,1.0
W,ALL,H4,H4,H4,GBPAUD,short,2020-01-06,2020-01-13,1.89341,1.91572,0.022310000000000052,2020-01-17 10:00:00,2020-01-17 14:00:00,1.8953,1.89546,2020-01-20 10:00:00,1.89477,1.8711,1.9179510000000002,2020-01-22 14:00:00,1.9179510000000002,loss,-1.0,1.0210948621716043,wickdiffs_W_H4_ALL_20260121_202249.csv,149.3242424242425,1.0
W,ALL,H4,H4,H4,GBPAUD,short,2020-09-21,2020-09-28,1.81297,1.82842,0.015449999999999964,2020-09-28 21:00:00,2020-09-29 01:00:00,1.81658,1.81703,2020-10-06 05:00:00,1.81433,1.79752,1.8299649999999998,2020-10-09 09:00:00,1.79752,win,1.0751519027822296,1.0751519027822296,wickdiffs_W_H4_ALL_20260121_202249.csv,143.837878787879,1.0
W,ALL,H4,H4,H4,GBPAUD,short,2025-04-14,2025-04-21,2.08509,2.09661,0.011519999999999975,2025-04-24 01:00:00,2025-04-24 05:00:00,2.09095,2.09134,2025-04-28 17:00:00,2.08998,2.07357,2.108131060606061,2025-05-01 01:00:00,2.07357,win,0.9040794009866705,0.9040794009866705,wickdiffs_W_H4_ALL_20260121_202249.csv,181.5106060606062,1.0
W,ALL,H4,H4,H4,GBPCAD,long,2015-04-13,2015-04-20,1.81494,1.83217,0.01723000000000008,2015-04-23 13:00:00,2015-04-23 17:00:00,1.825875,1.82604,2015-05-05 13:00:00,1.83009,1.8494000000000002,1.8118982575757576,2015-05-07 13:00:00,1.8494000000000002,win,1.0614706139565584,1.0614706139565584,wickdiffs_W_H4_ALL_20260121_202249.csv,181.9174242424241,1.0
W,ALL,H4,H4,H4,GBPCAD,long,2018-05-07,2018-05-14,1.722,1.73235,0.010350000000000081,2018-05-17 05:00:00,2018-05-17 09:00:00,1.722,1.72342,2018-05-21 09:00:00,1.7271,1.7427000000000001,1.7134610606060607,2018-05-22 05:00:00,1.7134610606060607,loss,-1.0,1.1437839519201982,wickdiffs_W_H4_ALL_20260121_202249.csv,136.3893939393938,1.0
W,ALL,H4,H4,H4,GBPCAD,long,2020-02-17,2020-02-24,1.70212,1.714,0.01187999999999989,2020-02-28 14:00:00,2020-02-28 18:00:00,1.70942,1.7106,2020-03-02 02:00:00,1.71154,1.7258799999999999,1.6983449242424244,2020-03-02 22:00:00,1.6983449242424244,loss,-1.0,1.0867690541122312,wickdiffs_W_H4_ALL_20260121_202249.csv,131.9507575757572,1.0
W,ALL,H4,H4,H4,GBPCAD,long,2025-03-17,2025-03-24,1.83464,1.85144,0.016799999999999926,2025-03-28 13:00:00,2025-03-28 17:00:00,1.84781,1.84946,2025-04-01 13:00:00,1.85104,1.86824,1.8329600000000001,2025-04-04 13:00:00,1.8329600000000001,loss,-1.0,0.9513274336283187,wickdiffs_W_H4_ALL_20260121_202249.csv,128.3575757575759,1.0
W,ALL,H4,H4,H4,GBPCAD,short,2015-07-13,2015-07-20,2.02412,2.039085,0.014965000000000117,2015-07-24 13:00:00,2015-07-24 17:00:00,2.03051,2.03168,2015-07-27 13:00:00,2.02926,2.009155,2.0462406818181815,2015-08-02 21:00:00,2.0462406818181815,loss,-1.0,1.1839925048517714,wickdiffs_W_H4_ALL_20260121_202249.csv,169.8068181818183,1.0
W,ALL,H4,H4,H4,GBPCAD,short,2017-03-27,2017-04-03,1.67151,1.68896,0.017449999999999966,2017-04-06 21:00:00,2017-04-07 01:00:00,1.67326,1.6738,2017-04-17 17:00:00,1.6731,1.65406,1.690705,2017-04-18 09:00:00,1.690705,loss,-1.0,1.081510934393643,wickdiffs_W_H4_ALL_20260121_202249.csv,140.0719696969697,1.0
W,ALL,H4,H4,H4,GBPCAD,short,2018-02-26,2018-03-05,1.77819,1.80494,0.02675000000000005,2018-03-09 10:00:00,2018-03-09 14:00:00,1.78278,1.78452,2018-03-12 09:00:00,1.78246,1.7514399999999999,1.807615,2018-03-13 13:00:00,1.807615,loss,-1.0,1.233154442456768,wickdiffs_W_H4_ALL_20260121_202249.csv,140.0545454545456,1.0
W,ALL,H4,H4,H4,GBPCAD,short,2018-06-18,2018-06-25,1.75985,1.77751,0.01766000000000001,2018-06-27 01:00:00,2018-06-27 05:00:00,1.76163,1.76181,2019-03-04 06:00:00,1.76114,1.74219,1.7792759999999999,2019-03-10 21:00:00,1.74219,win,1.044883105425678,1.044883105425678,wickdiffs_W_H4_ALL_20260121_202249.csv,157.6136363636362,1.0
W,ALL,H4,H4,H4,GBPCAD,short,2018-12-03,2018-12-10,1.69529,1.7176,0.022310000000000052,2018-12-10 02:00:00,2018-12-10 06:00:00,1.69657,1.6973,2018-12-18 06:00:00,1.69536,1.67298,1.719831,2018-12-21 14:00:00,1.719831,loss,-1.0,0.9145519185975214,wickdiffs_W_H4_ALL_20260121_202249.csv,158.2045454545454,1.0
W,ALL,H4,H4,H4,GBPCAD,short,2020-03-02,2020-03-09,1.75157,1.80563,0.05406,2020-03-11 21:00:00,2020-03-12 01:00:00,1.7682,1.77414,2020-03-31 13:00:00,1.75873,1.69751,1.811036,2020-05-21 05:00:00,1.69751,win,1.1704202194776816,1.1704202194776816,wickdiffs_W_H4_ALL_20260121_202249.csv,198.6757575757574,1.0
W,ALL,H4,H4,H4,GBPCAD,short,2021-12-20,2021-12-27,1.7158,1.7292,0.013400000000000079,2021-12-31 06:00:00,2021-12-31 10:00:00,1.71936,1.7216,2022-01-03 18:00:00,1.71801,1.7024,1.73054,2022-01-05 22:00:00,1.73054,loss,-1.0,1.2458100558659386,wickdiffs_W_H4_ALL_20260121_202249.csv,107.4348484848485,1.0
W,ALL,H4,H4,H4,GBPCAD,short,2022-08-01,2022-08-08,1.56158,1.57697,0.015390000000000015,2022-08-11 05:00:00,2022-08-11 09:00:00,1.5623,1.56254,2022-08-15 09:00:00,1.56204,1.54619,1.578509,2022-08-18 17:00:00,1.54619,win,0.9624142328010378,0.9624142328010378,wickdiffs_W_H4_ALL_20260121_202249.csv,132.5742424242424,1.0
W,ALL,H4,H4,H4,GBPCAD,short,2024-01-08,2024-01-15,1.70982,1.71667,0.006850000000000023,2024-01-17 14:00:00,2024-01-17 18:00:00,1.71502,1.71556,2024-01-23 02:00:00,1.7144,1.7029699999999999,1.7247775757575756,2024-01-30 06:00:00,1.7029699999999999,win,1.1014133037435085,1.1014133037435085,wickdiffs_W_H4_ALL_20260121_202249.csv,103.7757575757575,1.0
W,ALL,H4,H4,H4,GBPCHF,long,2015-10-12,2015-10-19,1.45371,1.47217,0.01845999999999992,2015-10-16 13:00:00,2015-10-16 17:00:00,1.46876,1.468815,2015-12-22 10:00:00,1.469725,1.49063,1.451864,2016-01-07 18:00:00,1.451864,loss,-1.0,1.1704271877274544,wickdiffs_W_H4_ALL_20260121_202249.csv,134.7128787878787,1.0
W,ALL,H4,H4,H4,GBPCHF,long,2015-12-21,2015-12-28,1.46006,1.472115,0.012055000000000149,2015-12-30 22:00:00,2015-12-31 02:00:00,1.46317,1.464615,2016-01-04 06:00:00,1.469385,1.4841700000000002,1.456263106060606,2016-01-07 10:00:00,1.456263106060606,loss,-1.0,1.1267428366886452,wickdiffs_W_H4_ALL_20260121_202249.csv,131.2189393939394,1.0
W,ALL,H4,H4,H4,GBPCHF,long,2016-02-08,2016-02-15,1.392635,1.41699,0.024354999999999905,2016-02-19 10:00:00,2016-02-19 14:00:00,1.41212,1.414525,2016-02-22 02:00:00,1.41619,1.4413449999999999,1.3901995,2016-02-23 14:00:00,1.3901995,loss,-1.0,0.9678536388295642,wickdiffs_W_H4_ALL_20260121_202249.csv,163.7916666666666,1.0
W,ALL,H4,H4,H4,GBPCHF,long,2019-06-24,2019-07-01,1.23402,1.23961,0.005590000000000206,2019-06-28 05:00:00,2019-06-28 09:00:00,1.23402,1.23478,2019-07-11 01:00:00,1.23602,1.2452000000000003,1.228355606060606,2019-07-16 05:00:00,1.228355606060606,loss,-1.0,1.1977463675003,wickdiffs_W_H4_ALL_20260121_202249.csv,76.64393939393943,1.0
W,ALL,H4,H4,H4,GBPCHF,short,2015-06-22,2015-06-29,1.46905,1.48347,0.0144200000000001,2015-07-03 09:00:00,2015-07-03 13:00:00,1.472175,1.47426,2015-07-06 09:00:00,1.471565,1.4546299999999999,1.4871015151515152,2015-07-08 05:00:00,1.4546299999999999,win,1.0900127753776638,1.0900127753776638,wickdiffs_W_H4_ALL_20260121_202249.csv,155.3651515151514,1.0
W,ALL,H4,H4,H4,GBPCHF,short,2015-08-10,2015-08-17,1.526685,1.541085,0.014399999999999968,2015-08-18 21:00:00,2015-08-19 01:00:00,1.53163,1.5317,2015-11-04 06:00:00,1.52909,1.512285,1.5442871212121212,2015-11-06 06:00:00,1.512285,win,1.1058015373725048,1.1058015373725048,wickdiffs_W_H4_ALL_20260121_202249.csv,151.9712121212123,1.0
W,ALL,H4,H4,H4,GBPCHF,short,2017-02-06,2017-02-13,1.25172,1.26074,0.009020000000000028,2017-02-16 06:00:00,2017-02-16 10:00:00,1.25438,1.2544,2017-02-21 06:00:00,1.254305,1.2427,1.2660293181818183,2017-03-01 14:00:00,1.2427,win,0.9898230174268778,0.9898230174268778,wickdiffs_W_H4_ALL_20260121_202249.csv,117.2431818181819,1.0
W,ALL,H4,H4,H4,GBPCHF,short,2018-04-09,2018-04-16,1.36969,1.38564,0.01594999999999991,2018-04-19 13:00:00,2018-04-19 17:00:00,1.37844,1.38083,2018-04-27 05:00:00,1.37045,1.3537400000000002,1.387235,2018-05-01 13:00:00,1.3537400000000002,win,0.9955317247542288,0.9955317247542288,wickdiffs_W_H4_ALL_20260121_202249.csv,96.6348484848484,1.0
W,ALL,H4,H4,H4,GBPCHF,short,2019-10-21,2019-10-28,1.27586,1.28523,0.0093700000000001,2019-11-01 09:00:00,2019-11-01 13:00:00,1.28088,1.28104,2019-11-11 10:00:00,1.27848,1.26649,1.2902456060606062,2019-11-27 18:00:00,1.2902456060606062,loss,-1.0,1.0190720255495735,wickdiffs_W_H4_ALL_20260121_202249.csv,117.6560606060607,1.0
W,ALL,H4,H4,H4,GBPCHF,short,2020-07-27,2020-08-03,1.19481,1.20352,0.008709999999999996,2020-08-06 13:00:00,2020-08-06 17:00:00,1.19851,1.19961,2020-08-10 13:00:00,1.19672,1.1861,1.2066680303030304,2020-08-17 13:00:00,1.1861,win,1.067548014682373,1.067548014682373,wickdiffs_W_H4_ALL_20260121_202249.csv,99.48030303030292,1.0
W,ALL,H4,H4,H4,GBPCHF,short,2021-05-10,2021-05-17,1.27088,1.28204,0.011160000000000059,2021-05-21 09:00:00,2021-05-21 13:00:00,1.27603,1.27623,2021-05-27 13:00:00,1.27264,1.25972,1.283156,2021-06-23 05:00:00,1.283156,loss,-1.0,1.2286040319513198,wickdiffs_W_H4_ALL_20260121_202249.csv,89.8954545454545,1.0
W,ALL,H4,H4,H4,GBPCHF,short,2022-08-01,2022-08-08,1.16059,1.1723,0.011709999999999887,2022-08-05 13:00:00,2022-08-05 17:00:00,1.16259,1.16284,2024-05-22 05:00:00,1.16187,1.1488800000000001,1.173471,2024-05-31 01:00:00,1.1488800000000001,win,1.1197310576674309,1.1197310576674309,wickdiffs_W_H4_ALL_20260121_202249.csv,60.06212121212117,1.0
W,ALL,H4,H4,H4,GBPCHF,short,2024-09-30,2024-10-07,1.12599,1.13392,0.007929999999999993,2024-10-02 09:00:00,2024-10-02 13:00:00,1.12902,1.12951,2024-10-15 13:00:00,1.12808,1.11806,1.137080606060606,2024-10-31 13:00:00,1.11806,win,1.1132583664399625,1.1132583664399625,wickdiffs_W_H4_ALL_20260121_202249.csv,90.0060606060605,1.0
W,ALL,H4,H4,H4,GBPJPY,long,2015-07-06,2015-07-13,185.004,190.517,5.513000000000005,2015-07-12 21:00:00,2015-07-13 01:00:00,189.368,189.781,2015-08-24 01:00:00,189.9995,196.03,184.4527,2015-08-24 13:00:00,184.4527,loss,-1.0,1.0872034326097875,wickdiffs_W_H4_ALL_20260121_202249.csv,161.9916666666667,1.0
W,ALL,H4,H4,H4,GBPJPY,long,2016-12-19,2016-12-26,142.175,144.137,1.961999999999989,2016-12-30 14:00:00,2016-12-30 18:00:00,143.74,143.8805,2017-01-03 18:00:00,144.119,146.099,141.9788,2017-01-09 06:00:00,141.9788,loss,-1.0,0.9251471825063061,wickdiffs_W_H4_ALL_20260121_202249.csv,182.5818181818182,1.0
W,ALL,H4,H4,H4,GBPJPY,long,2017-01-09,2017-01-16,136.472,139.522,3.049999999999983,2017-01-18 10:00:00,2017-01-18 14:00:00,139.142,139.286,2017-02-06 18:00:00,139.3225,142.57199999999997,136.167,2017-02-12 22:00:00,142.57199999999997,win,1.0297892568531117,1.0297892568531117,wickdiffs_W_H4_ALL_20260121_202249.csv,190.114393939394,1.0
W,ALL,H4,H4,H4,GBPJPY,long,2017-02-20,2017-02-27,138.832,139.749,0.9170000000000016,2017-02-28 14:00:00,2017-02-28 18:00:00,138.832,138.913,2017-03-07 10:00:00,139.0915,140.666,137.43432575757575,2017-04-04 05:00:00,137.43432575757575,loss,-1.0,0.9501113158123333,wickdiffs_W_H4_ALL_20260121_202249.csv,165.7174242424239,1.0
W,ALL,H4,H4,H4,GBPJPY,long,2024-08-05,2024-08-12,180.102,186.973,6.871000000000009,2024-08-09 09:00:00,2024-08-09 13:00:00,186.476,186.567,2024-09-06 13:00:00,186.896,193.84400000000002,179.4149,2024-09-26 13:00:00,193.84400000000002,win,0.9287404258732055,0.9287404258732055,wickdiffs_W_H4_ALL_20260121_202249.csv,204.5560606060608,1.0
W,ALL,H4,H4,H4,GBPJPY,short,2017-02-06,2017-02-13,141.378,142.816,1.4380000000000166,2017-02-16 22:00:00,2017-02-17 02:00:00,141.908,141.95,2017-02-21 22:00:00,141.845,139.93999999999997,143.65717424242425,2017-02-24 14:00:00,139.93999999999997,win,1.0512234173749266,1.0512234173749266,wickdiffs_W_H4_ALL_20260121_202249.csv,181.2174242424241,1.0
W,ALL,H4,H4,H4,GBPJPY,short,2019-10-28,2019-11-04,139.988,140.754,0.7659999999999911,2019-11-05 18:00:00,2019-11-05 22:00:00,140.699,140.754,2019-11-18 02:00:00,140.648,139.222,142.00266666666667,2019-12-04 06:00:00,142.00266666666667,loss,-1.0,1.0526574803149513,wickdiffs_W_H4_ALL_20260121_202249.csv,135.4666666666667,1.0
W,ALL,H4,H4,H4,GBPJPY,short,2021-06-21,2021-06-28,153.815,155.158,1.3429999999999893,2021-07-01 09:00:00,2021-07-01 13:00:00,153.927,153.962,2021-07-06 01:00:00,153.848,152.472,155.29229999999998,2021-07-06 13:00:00,152.472,win,0.9527106556809758,0.9527106556809758,wickdiffs_W_H4_ALL_20260121_202249.csv,98.44545454545472,1.0
W,ALL,H4,H4,H4,GBPJPY,short,2022-06-20,2022-06-27,165.997,167.854,1.8569999999999993,2022-06-29 09:00:00,2022-06-29 13:00:00,166.214,166.346,2022-07-19 21:00:00,166.008,164.14000000000001,168.07754545454546,2022-07-22 05:00:00,164.14000000000001,win,0.9026136613222033,0.9026136613222033,wickdiffs_W_H4_ALL_20260121_202249.csv,206.9545454545453,1.0
W,ALL,H4,H4,H4,GBPJPY,short,2022-07-11,2022-07-18,164.418,166.252,1.8340000000000032,2022-07-22 01:00:00,2022-07-22 05:00:00,164.894,165.152,2022-07-25 09:00:00,164.824,162.584,166.8913181818182,2022-07-29 01:00:00,162.584,win,1.0835293858974124,1.0835293858974124,wickdiffs_W_H4_ALL_20260121_202249.csv,206.7318181818181,1.0
W,ALL,H4,H4,H4,GBPJPY,short,2025-07-14,2025-07-21,198.668,199.976,1.3079999999999927,2025-07-22 05:00:00,2025-07-22 09:00:00,199.13,199.292,2025-07-28 09:00:00,198.95,197.36,200.40548484848483,2025-07-31 01:00:00,197.36,win,1.0924194790864035,1.0924194790864035,wickdiffs_W_H4_ALL_20260121_202249.csv,145.5484848484852,1.0
W,ALL,H4,H4,H4,GBPNZD,long,2016-11-14,2016-11-21,1.74283,1.76134,0.018509999999999804,2016-11-23 06:00:00,2016-11-23 10:00:00,1.752205,1.752225,2016-11-28 14:00:00,1.757115,1.7798499999999997,1.7357624999999999,2016-12-01 10:00:00,1.7798499999999997,win,1.0647465168012986,1.0647465168012986,wickdiffs_W_H4_ALL_20260121_202249.csv,213.525,1.0
W,ALL,H4,H4,H4,GBPNZD,long,2018-06-04,2018-06-11,1.89101,1.90604,0.015029999999999877,2018-06-15 01:00:00,2018-06-15 05:00:00,1.90435,1.90485,2018-06-18 09:00:00,1.90522,1.9210699999999998,1.889507,2018-06-20 13:00:00,1.9210699999999998,win,1.0087188951823367,1.0087188951823367,wickdiffs_W_H4_ALL_20260121_202249.csv,151.9431818181818,1.0
W,ALL,H4,H4,H4,GBPNZD,long,2021-09-20,2021-09-27,1.93686,1.95115,0.014289999999999914,2021-10-01 17:00:00,2021-10-03 21:00:00,1.95016,1.95046,2021-10-04 01:00:00,1.95105,1.9654399999999999,1.9354310000000001,2021-10-06 01:00:00,1.9654399999999999,win,0.9213137844932494,0.9213137844932494,wickdiffs_W_H4_ALL_20260121_202249.csv,130.7333333333333,1.0
W,ALL,H4,H4,H4,GBPNZD,long,2024-04-08,2024-04-15,2.08573,2.097,0.011270000000000113,2024-04-11 21:00:00,2024-04-12 01:00:00,2.0892,2.09054,2024-04-22 01:00:00,2.09532,2.10827,2.0835233333333334,2024-04-30 01:00:00,2.10827,win,1.097767730997458,1.097767730997458,wickdiffs_W_H4_ALL_20260121_202249.csv,117.9666666666667,1.0
W,ALL,H4,H4,H4,GBPNZD,long,2024-10-28,2024-11-04,2.15258,2.1615,0.008920000000000261,2024-11-07 18:00:00,2024-11-07 22:00:00,2.15258,2.15418,2024-11-12 06:00:00,2.15665,2.1704200000000005,2.1432856060606063,2024-11-19 10:00:00,2.1432856060606063,loss,-1.0,1.0303497534153792,wickdiffs_W_H4_ALL_20260121_202249.csv,133.6439393939391,1.0
W,ALL,H4,H4,H4,GBPNZD,long,2025-04-21,2025-04-28,2.21379,2.22882,0.015029999999999877,2025-04-25 01:00:00,2025-04-25 05:00:00,2.21914,2.2219,2025-05-05 01:00:00,2.22526,2.2438499999999997,2.205815606060606,2025-05-08 09:00:00,2.2438499999999997,win,0.9560596261288826,0.9560596261288826,wickdiffs_W_H4_ALL_20260121_202249.csv,194.4439393939392,1.0
W,ALL,H4,H4,H4,GBPNZD,short,2015-09-07,2015-09-14,2.44271,2.46283,0.020119999999999916,2015-09-17 13:00:00,2015-09-17 17:00:00,2.457985,2.460095,2015-09-21 13:00:00,2.455045,2.42259,2.4891376515151515,2015-09-23 21:00:00,2.42259,win,0.9519646773609389,0.9519646773609389,wickdiffs_W_H4_ALL_20260121_202249.csv,340.926515151515,1.0
W,ALL,H4,H4,H4,GBPNZD,short,2015-12-07,2015-12-14,2.26721,2.30509,0.037879999999999914,2015-12-11 14:00:00,2015-12-11 18:00:00,2.27093,2.271455,2025-03-12 09:00:00,2.26788,2.22933,2.308878,2025-03-17 21:00:00,2.22933,win,0.9402897702326889,0.9402897702326889,wickdiffs_W_H4_ALL_20260121_202249.csv,148.8651515151513,1.0
W,ALL,H4,H4,H4,GBPNZD,short,2017-06-26,2017-07-03,1.775755,1.78743,0.011675000000000102,2017-07-06 09:00:00,2017-07-06 13:00:00,1.78674,1.78686,2017-07-11 09:00:00,1.78326,1.7640799999999999,1.8011225757575757,2017-07-13 09:00:00,1.7640799999999999,win,1.0737533186872956,1.0737533186872956,wickdiffs_W_H4_ALL_20260121_202249.csv,178.6257575757575,1.0
W,ALL,H4,H4,H4,GBPNZD,short,2017-09-25,2017-10-02,1.85779,1.87243,0.014639999999999986,2017-09-28 09:00:00,2017-09-28 13:00:00,1.86594,1.86751,2017-10-10 05:00:00,1.864485,1.84315,1.8809511363636364,2017-10-16 09:00:00,1.84315,win,1.2956895004899778,1.2956895004899778,wickdiffs_W_H4_ALL_20260121_202249.csv,164.6613636363638,1.0
W,ALL,H4,H4,H4,GBPNZD,short,2018-04-23,2018-04-30,1.94541,1.97594,0.030529999999999946,2018-05-02 09:00:00,2018-05-02 13:00:00,1.94685,1.9472,2018-05-08 21:00:00,1.94664,1.9148800000000001,1.978993,2018-05-28 09:00:00,1.9148800000000001,win,0.9816709424164595,0.9816709424164595,wickdiffs_W_H4_ALL_20260121_202249.csv,155.7583333333335,1.0
W,ALL,H4,H4,H4,GBPNZD,short,2019-04-01,2019-04-08,1.93643,1.9469,0.01046999999999998,2019-04-02 17:00:00,2019-04-02 21:00:00,1.94667,1.9469,2019-04-16 21:00:00,1.94429,1.9259600000000001,1.9637318181818182,2019-04-30 21:00:00,1.9637318181818182,loss,-1.0,0.9428130552698002,wickdiffs_W_H4_ALL_20260121_202249.csv,194.4181818181819,1.0
W,ALL,H4,H4,H4,GBPNZD,short,2020-03-02,2020-03-09,2.05297,2.19044,0.13746999999999998,2020-03-10 01:00:00,2020-03-10 05:00:00,2.07308,2.0766,2020-03-19 01:00:00,2.07277,1.9155000000000002,2.204187,2020-06-22 13:00:00,1.9155000000000002,win,1.1967249290426594,1.1967249290426594,wickdiffs_W_H4_ALL_20260121_202249.csv,227.5227272727272,1.0
W,ALL,H4,H4,H4,GBPNZD,short,2021-01-11,2021-01-18,1.90601,1.92154,0.015530000000000044,2021-01-21 14:00:00,2021-01-21 18:00:00,1.90816,1.90998,2021-01-27 14:00:00,1.90643,1.89048,1.923093,2021-02-03 22:00:00,1.89048,win,0.9572105863290076,0.9572105863290076,wickdiffs_W_H4_ALL_20260121_202249.csv,157.7090909090908,1.0
W,ALL,H4,H4,H4,GBPNZD,short,2021-06-14,2021-06-21,1.99129,2.03286,0.041569999999999885,2021-06-22 01:00:00,2021-06-22 05:00:00,1.99524,1.9962,2021-07-13 09:00:00,1.9948,1.9497200000000001,2.037017,2021-08-31 09:00:00,1.9497200000000001,win,1.0678162825401996,1.0678162825401996,wickdiffs_W_H4_ALL_20260121_202249.csv,151.3848484848484,1.0
W,ALL,H4,H4,H4,GBPNZD,short,2023-12-04,2023-12-11,2.0499,2.06055,0.010650000000000048,2023-12-15 02:00:00,2023-12-15 06:00:00,2.05811,2.0599,2024-01-15 22:00:00,2.05504,2.03925,2.069150303030303,2024-01-17 06:00:00,2.069150303030303,loss,-1.0,1.1190404604415414,wickdiffs_W_H4_ALL_20260121_202249.csv,141.1030303030302,1.0
W,ALL,H4,H4,H4,GBPUSD,long,2015-12-14,2015-12-21,1.480575,1.4897,0.00912500000000005,2015-12-24 02:00:00,2015-12-24 06:00:00,1.486975,1.48753,2015-12-28 18:00:00,1.48794,1.498825,1.4775568181818182,2015-12-31 14:00:00,1.4775568181818182,loss,-1.0,1.0483299041281802,wickdiffs_W_H4_ALL_20260121_202249.csv,103.8318181818184,1.0
W,ALL,H4,H4,H4,GBPUSD,long,2016-01-11,2016-01-18,1.407935,1.42577,0.017835000000000045,2016-01-21 22:00:00,2016-01-22 02:00:00,1.42051,1.42103,2016-01-25 22:00:00,1.422865,1.443605,1.4061515,2016-02-01 18:00:00,1.443605,win,1.240913034373406,1.240913034373406,wickdiffs_W_H4_ALL_20260121_202249.csv,109.1545454545457,1.0
W,ALL,H4,H4,H4,GBPUSD,long,2021-11-29,2021-12-06,1.3161,1.32373,0.007630000000000026,2021-12-10 06:00:00,2021-12-10 10:00:00,1.31874,1.3197,2021-12-14 02:00:00,1.32057,1.33136,1.3116813636363636,2021-12-16 10:00:00,1.33136,win,1.2139094860649546,1.2139094860649546,wickdiffs_W_H4_ALL_20260121_202249.csv,88.88636363636357,1.0
W,ALL,H4,H4,H4,GBPUSD,long,2022-04-04,2022-04-11,1.29724,1.30358,0.006340000000000012,2022-04-13 09:00:00,2022-04-13 13:00:00,1.2991,1.29928,2022-04-19 01:00:00,1.2999,1.30992,1.2907821212121213,2022-04-22 05:00:00,1.2907821212121213,loss,-1.0,1.0989398118913776,wickdiffs_W_H4_ALL_20260121_202249.csv,91.17878787878806,1.0
W,ALL,H4,H4,H4,GBPUSD,long,2022-05-09,2022-05-16,1.21554,1.22596,0.010419999999999874,2022-05-16 05:00:00,2022-05-16 09:00:00,1.2217,1.22192,2022-06-13 05:00:00,1.22196,1.2363799999999998,1.2107819696969697,2022-06-13 17:00:00,1.2107819696969697,loss,-1.0,1.2900304981362143,wickdiffs_W_H4_ALL_20260121_202249.csv,111.780303030303,1.0
W,ALL,H4,H4,H4,GBPUSD,long,2024-12-16,2024-12-23,1.24748,1.25669,0.009210000000000163,2024-12-27 06:00:00,2024-12-27 10:00:00,1.25052,1.25087,2024-12-30 14:00:00,1.25446,1.2659000000000002,1.245471515151515,2025-01-02 10:00:00,1.245471515151515,loss,-1.0,1.2727395320612591,wickdiffs_W_H4_ALL_20260121_202249.csv,89.8848484848486,1.0
W,ALL,H4,H4,H4,GBPUSD,short,2016-03-28,2016-04-04,1.42277,1.445935,0.02316499999999988,2016-04-04 09:00:00,2016-04-04 13:00:00,1.432,1.432205,2016-04-12 09:00:00,1.42625,1.3996050000000002,1.4482515,2016-04-25 09:00:00,1.4482515,loss,-1.0,1.2110537917869144,wickdiffs_W_H4_ALL_20260121_202249.csv,153.1962121212123,1.0
W,ALL,H4,H4,H4,GBPUSD,short,2016-08-29,2016-09-05,1.32946,1.34451,0.015050000000000008,2016-09-09 01:00:00,2016-09-09 05:00:00,1.333155,1.33362,2016-09-12 13:00:00,1.332065,1.31441,1.3513704545454546,2016-09-14 13:00:00,1.31441,win,0.9145083819928419,0.9145083819928419,wickdiffs_W_H4_ALL_20260121_202249.csv,193.0545454545453,1.0
W,ALL,H4,H4,H4,GBPUSD,short,2017-02-06,2017-02-13,1.24876,1.25826,0.009499999999999842,2017-02-14 02:00:00,2017-02-14 06:00:00,1.25477,1.25484,2017-02-23 14:00:00,1.254465,1.2392600000000003,1.2671816666666667,2017-02-26 22:00:00,1.2392600000000003,win,1.1956749672345766,1.1956749672345766,wickdiffs_W_H4_ALL_20260121_202249.csv,127.1666666666666,1.0
W,ALL,H4,H4,H4,GBPUSD,short,2018-09-17,2018-09-24,1.30787,1.32992,0.022049999999999903,2018-09-28 01:00:00,2018-09-28 05:00:00,1.30854,1.30907,2018-10-01 09:00:00,1.30784,1.2858200000000002,1.332125,2018-10-25 13:00:00,1.2858200000000002,win,0.9067325509573648,0.9067325509573648,wickdiffs_W_H4_ALL_20260121_202249.csv,99.85151515151496,1.0
W,ALL,H4,H4,H4,GBPUSD,short,2022-09-26,2022-10-03,1.11684,1.14958,0.03273999999999999,2022-10-07 05:00:00,2022-10-07 09:00:00,1.1219,1.12252,2022-10-13 09:00:00,1.12166,1.0841,1.152854,2022-10-26 05:00:00,1.152854,loss,-1.0,1.204077707251398,wickdiffs_W_H4_ALL_20260121_202249.csv,155.5681818181818,1.0
W,ALL,H4,H4,H4,GBPUSD,short,2024-09-23,2024-09-30,1.33736,1.34343,0.006069999999999798,2024-09-30 05:00:00,2024-09-30 09:00:00,1.34182,1.34232,2025-04-21 09:00:00,1.34044,1.3312900000000003,1.3504498484848486,2025-04-22 21:00:00,1.3312900000000003,win,0.9140997502459455,0.9140997502459455,wickdiffs_W_H4_ALL_20260121_202249.csv,100.098484848485,1.0
W,ALL,H4,H4,H4,GBPUSD,short,2025-03-10,2025-03-17,1.29347,1.30149,0.008020000000000138,2025-03-20 17:00:00,2025-03-20 21:00:00,1.29704,1.29716,2025-03-24 09:00:00,1.29436,1.2854499999999998,1.304227424242424,2025-04-02 21:00:00,1.304227424242424,loss,-1.0,0.9029712092130718,wickdiffs_W_H4_ALL_20260121_202249.csv,98.6742424242424,1.0
W,ALL,H4,H4,H4,GBPUSD,short,2025-04-21,2025-04-28,1.33068,1.34442,0.013739999999999863,2025-05-01 05:00:00,2025-05-01 09:00:00,1.33333,1.33457,2025-05-05 09:00:00,1.3331,1.3169400000000002,1.345794,2025-05-12 05:00:00,1.3169400000000002,win,1.2730423822278045,1.2730423822278045,wickdiffs_W_H4_ALL_20260121_202249.csv,99.68333333333352,1.0
W,ALL,H4,H4,H4,GBPUSD,short,2025-05-19,2025-05-26,1.35262,1.35934,0.006720000000000059,2025-05-26 01:00:00,2025-05-26 05:00:00,1.3593,1.35934,2025-06-05 09:00:00,1.3579,1.3458999999999999,1.3678227272727275,2025-06-10 05:00:00,1.3458999999999999,win,1.209344938158519,1.209344938158519,wickdiffs_W_H4_ALL_20260121_202249.csv,99.22727272727288,1.0
W,ALL,H1,H1,H4,NZDCAD,long,2015-02-02,2015-02-09,0.90315,0.92128,0.01812999999999998,2015-02-09 00:00:00,2015-02-09 01:00:00,0.919015,0.91963,2015-03-10 05:00:00,0.920435,0.93941,0.901337,2015-03-12 05:00:00,0.93941,win,0.9935595350298468,0.9935595350298468,wickdiffs_W_H1_ALL_20260124_211252.csv,99.41590909090914,1.0
W,ALL,H1,H1,H4,NZDCAD,long,2015-09-28,2015-10-05,0.8432,0.84797,0.004770000000000052,2015-09-29 05:00:00,2015-09-29 06:00:00,0.844675,0.845065,2018-10-01 09:00:00,0.84672,0.85274,0.8407095454545455,2018-10-03 09:00:00,0.8407095454545455,loss,-1.0,1.0015881418740105,wickdiffs_W_H1_ALL_20260124_211252.csv,60.10454545454552,1.0
W,ALL,H4,H4,H4,NZDCAD,long,2015-11-02,2015-11-09,0.86224,0.86804,0.005800000000000027,2015-11-04 10:00:00,2015-11-04 14:00:00,0.86224,0.86234,2015-11-16 22:00:00,0.8638,0.8738400000000001,0.8529637878787879,2015-11-19 14:00:00,0.8738400000000001,win,0.9265230218543371,0.9265230218543371,wickdiffs_W_H4_ALL_20260121_202249.csv,108.3621212121212,1.0
W,ALL,H1,H1,H4,NZDCAD,long,2017-07-24,2017-07-31,0.92618,0.9345,0.008319999999999994,2017-08-03 05:00:00,2017-08-03 06:00:00,0.93074,0.93107,2017-08-08 05:00:00,0.93206,0.94282,0.923714090909091,2017-08-10 05:00:00,0.923714090909091,loss,-1.0,1.2892543979086095,wickdiffs_W_H1_ALL_20260124_211252.csv,83.4590909090909,1.0
W,ALL,H4,H4,H4,NZDCAD,long,2017-10-16,2017-10-23,0.86942,0.87897,0.009550000000000058,2017-10-26 21:00:00,2017-10-27 01:00:00,0.87763,0.87781,2017-10-30 01:00:00,0.877845,0.8885200000000001,0.8684649999999999,2017-10-31 21:00:00,0.8885200000000001,win,1.1380597014925413,1.1380597014925413,wickdiffs_W_H4_ALL_20260121_202249.csv,83.25757575757571,1.0
W,ALL,H1,H1,H4,NZDCAD,long,2018-03-19,2018-03-26,0.92784,0.933185,0.005345000000000044,2018-03-29 18:00:00,2018-03-29 19:00:00,0.93022,0.93074,2018-04-02 09:00:00,0.931,0.9385300000000001,0.9239286363636364,2018-04-06 09:00:00,0.9239286363636364,loss,-1.0,1.064858263161282,wickdiffs_W_H1_ALL_20260124_211252.csv,70.71363636363644,1.0
W,ALL,H4,H4,H4,NZDCAD,long,2020-01-13,2020-01-20,0.86079,0.86417,0.0033799999999999386,2020-01-22 06:00:00,2020-01-22 10:00:00,0.86104,0.86105,2020-01-28 06:00:00,0.86182,0.8675499999999999,0.8563175757575758,2020-01-30 18:00:00,0.8563175757575758,loss,-1.0,1.0413591805264708,wickdiffs_W_H4_ALL_20260121_202249.csv,55.02424242424248,1.0
W,ALL,H1,H1,H4,NZDCAD,long,2020-02-03,2020-02-10,0.8489,0.85198,0.0030799999999999716,2020-02-11 07:00:00,2020-02-11 08:00:00,0.8489,0.849115,2020-02-17 22:00:00,0.84942,0.8550599999999999,0.8441206818181818,2020-02-19 14:00:00,0.8441206818181818,loss,-1.0,1.0642878586439037,wickdiffs_W_H1_ALL_20260124_211252.csv,52.99318181818182,1.0
W,ALL,H1,H1,H4,NZDCAD,long,2021-11-08,2021-11-15,0.87732,0.88419,0.006870000000000043,2021-11-17 19:00:00,2021-11-17 20:00:00,0.88152,0.88204,2021-11-22 22:00:00,0.88303,0.8910600000000001,0.876633,2021-11-24 02:00:00,0.876633,loss,-1.0,1.255275910583103,wickdiffs_W_H1_ALL_20260124_211252.csv,62.29999999999996,1.0
W,ALL,H4,H4,H4,NZDCAD,long,2022-03-07,2022-03-14,0.86108,0.86812,0.007040000000000046,2022-03-17 05:00:00,2022-03-17 09:00:00,0.86612,0.8664,2022-03-21 17:00:00,0.86714,0.87516,0.8603759999999999,2022-03-22 13:00:00,0.87516,win,1.1856889414547465,1.1856889414547465,wickdiffs_W_H4_ALL_20260121_202249.csv,60.43030303030298,1.0
W,ALL,H4,H4,H4,NZDCAD,long,2022-12-19,2022-12-26,0.8463,0.85432,0.008019999999999916,2022-12-27 14:00:00,2022-12-27 18:00:00,0.8463,0.8464,2023-01-03 06:00:00,0.85052,0.8623399999999999,0.8411930303030304,2023-01-04 06:00:00,0.8623399999999999,win,1.2672926345885,1.2672926345885,wickdiffs_W_H4_ALL_20260121_202249.csv,93.26969696969697,1.0
W,ALL,H4,H4,H4,NZDCAD,long,2023-07-24,2023-07-31,0.80959,0.81556,0.00596999999999992,2023-08-04 05:00:00,2023-08-04 09:00:00,0.8116,0.81251,2023-08-08 05:00:00,0.8141,0.8215299999999999,0.8070268181818182,2023-08-11 09:00:00,0.8070268181818182,loss,-1.0,1.0504466293939745,wickdiffs_W_H4_ALL_20260121_202249.csv,70.73181818181808,1.0
W,ALL,H1,H1,H4,NZDCAD,short,2015-07-06,2015-07-13,0.85107,0.860395,0.009325000000000028,2015-07-15 21:00:00,2015-07-15 22:00:00,0.852575,0.85281,2015-07-20 01:00:00,0.85214,0.841745,0.8617970454545455,2015-07-22 21:00:00,0.8617970454545455,loss,-1.0,1.0764161822503646,wickdiffs_W_H1_ALL_20260124_211252.csv,96.57045454545444,1.0
W,ALL,H1,H1,H4,NZDCAD,short,2015-09-21,2015-09-28,0.85141,0.85846,0.007050000000000001,2015-09-30 14:00:00,2015-09-30 15:00:00,0.857845,0.85846,2015-10-07 01:00:00,0.85744,0.84436,0.8676318181818181,2015-10-08 17:00:00,0.8676318181818181,loss,-1.0,1.2833823922932817,wickdiffs_W_H1_ALL_20260124_211252.csv,101.9181818181818,1.0
W,ALL,H4,H4,H4,NZDCAD,short,2016-08-01,2016-08-08,0.94059,0.95829,0.017699999999999938,2016-08-11 09:00:00,2016-08-11 13:00:00,0.94634,0.946865,2016-08-22 21:00:00,0.943715,0.9228900000000001,0.9600599999999999,2016-09-07 09:00:00,0.9600599999999999,loss,-1.0,1.2740899357601678,wickdiffs_W_H4_ALL_20260121_202249.csv,98.95075757575763,1.0
W,ALL,H1,H1,H4,NZDCAD,short,2016-12-19,2016-12-26,0.9314,0.941655,0.010255000000000014,2016-12-30 19:00:00,2016-12-30 20:00:00,0.93355,0.93379,2017-01-02 22:00:00,0.933045,0.921145,0.9426805,2017-01-06 14:00:00,0.921145,win,1.2350163458045766,1.2350163458045766,wickdiffs_W_H1_ALL_20260124_211252.csv,82.98560606060602,1.0
W,ALL,H1,H1,H4,NZDCAD,short,2017-07-17,2017-07-24,0.934895,0.94176,0.00686500000000001,2017-07-28 06:00:00,2017-07-28 07:00:00,0.93986,0.9402,2017-08-01 01:00:00,0.937875,0.92803,0.9464303030303031,2017-08-08 13:00:00,0.92803,win,1.1507482511290175,1.1507482511290175,wickdiffs_W_H1_ALL_20260124_211252.csv,85.55303030303027,1.0
W,ALL,H4,H4,H4,NZDCAD,short,2017-11-20,2017-11-27,0.874385,0.88888,0.014495000000000036,2017-12-01 14:00:00,2017-12-01 18:00:00,0.8774,0.87864,2017-12-06 06:00:00,0.87451,0.8598899999999999,0.8903295,2017-12-12 02:00:00,0.8903295,loss,-1.0,0.9241758589083151,wickdiffs_W_H4_ALL_20260121_202249.csv,80.52121212121212,1.0
W,ALL,H4,H4,H4,NZDCAD,short,2020-08-24,2020-08-31,0.88318,0.88684,0.0036599999999999966,2020-09-02 01:00:00,2020-09-02 05:00:00,0.88642,0.88684,2020-09-16 01:00:00,0.88617,0.87952,0.8926472727272727,2020-09-18 01:00:00,0.8926472727272727,loss,-1.0,1.0266666666666728,wickdiffs_W_H4_ALL_20260121_202249.csv,64.77272727272732,1.0
W,ALL,H1,H1,H4,NZDCAD,short,2021-04-19,2021-04-26,0.89822,0.90826,0.010039999999999938,2021-04-22 01:00:00,2021-04-22 02:00:00,0.90138,0.90146,2021-09-08 13:00:00,0.89948,0.8881800000000001,0.909264,2021-09-24 17:00:00,0.8881800000000001,win,1.154946852003255,1.154946852003255,wickdiffs_W_H1_ALL_20260124_211252.csv,60.97424242424241,1.0
W,ALL,H1,H1,H4,NZDCAD,short,2023-05-01,2023-05-08,0.84192,0.85396,0.01204000000000005,2023-05-12 06:00:00,2023-05-12 07:00:00,0.84445,0.84479,2023-05-17 09:00:00,0.84326,0.82988,0.855164,2023-05-24 09:00:00,0.82988,win,1.1239919354838734,1.1239919354838734,wickdiffs_W_H1_ALL_20260124_211252.csv,70.74696969696974,1.0
W,ALL,H1,H1,H4,NZDCAD,short,2024-12-23,2024-12-30,0.81156,0.81538,0.0038200000000000456,2024-12-30 14:00:00,2024-12-30 15:00:00,0.81354,0.81361,2025-01-07 06:00:00,0.81326,0.8077399999999999,0.8188869696969697,2025-01-07 22:00:00,0.8077399999999999,win,0.9809898217459327,0.9809898217459327,wickdiffs_W_H1_ALL_20260124_211252.csv,56.26969696969709,1.0
W,ALL,H4,H4,H4,NZDCHF,long,2017-08-07,2017-08-14,0.69747,0.704125,0.0066549999999999665,2017-08-18 09:00:00,2017-08-18 13:00:00,0.70222,0.70339,2017-08-22 09:00:00,0.70396,0.71078,0.6968045,2017-08-23 09:00:00,0.6968045,loss,-1.0,0.9531129900076801,wickdiffs_W_H4_ALL_20260121_202249.csv,62.50000000000001,1.0
W,ALL,H1,H1,H4,NZDCHF,long,2018-04-23,2018-04-30,0.69336,0.69991,0.006550000000000056,2018-05-03 01:00:00,2018-05-03 02:00:00,0.69873,0.69882,2018-05-08 09:00:00,0.69886,0.7064600000000001,0.692705,2018-05-14 09:00:00,0.692705,loss,-1.0,1.2347684809098334,wickdiffs_W_H1_ALL_20260124_211252.csv,53.93257575757575,1.0
W,ALL,H1,H1,H4,NZDCHF,long,2018-12-24,2018-12-31,0.65122,0.66017,0.008950000000000014,2019-01-04 00:00:00,2019-01-04 01:00:00,0.65868,0.6587,2019-01-08 14:00:00,0.66015,0.66912,0.650325,2019-01-11 02:00:00,0.66912,win,0.9129770992366472,0.9129770992366472,wickdiffs_W_H1_ALL_20260124_211252.csv,59.60151515151508,1.0
W,ALL,H4,H4,H4,NZDCHF,long,2019-08-19,2019-08-26,0.6163,0.62372,0.007420000000000093,2019-08-30 09:00:00,2019-08-30 13:00:00,0.62174,0.62217,2019-09-03 09:00:00,0.62234,0.6311400000000001,0.6155579999999999,2019-09-06 05:00:00,0.6311400000000001,win,1.297552344441176,1.297552344441176,wickdiffs_W_H4_ALL_20260121_202249.csv,51.07121212121208,1.0
W,ALL,H4,H4,H4,NZDCHF,long,2019-12-16,2019-12-23,0.6428,0.64896,0.006159999999999943,2019-12-23 02:00:00,2019-12-23 06:00:00,0.64794,0.64826,2020-01-02 22:00:00,0.64842,0.6551199999999999,0.6421840000000001,2020-01-07 22:00:00,0.6421840000000001,loss,-1.0,1.0744066709429163,wickdiffs_W_H4_ALL_20260121_202249.csv,46.93181818181824,1.0
W,ALL,H1,H1,H4,NZDCHF,long,2020-03-16,2020-03-23,0.53,0.56146,0.03145999999999993,2020-03-23 11:00:00,2020-03-23 12:00:00,0.55452,0.55476,2022-09-28 01:00:00,0.55578,0.5929199999999999,0.526854,2022-11-29 06:00:00,0.5929199999999999,win,1.2839659821613714,1.2839659821613714,wickdiffs_W_H1_ALL_20260124_211252.csv,59.16212121212122,1.0
W,ALL,H4,H4,H4,NZDCHF,long,2020-11-30,2020-12-07,0.62366,0.62804,0.0043800000000000505,2020-12-10 10:00:00,2020-12-10 14:00:00,0.6251,0.62519,2020-12-15 06:00:00,0.62612,0.6324200000000001,0.6212315151515152,2020-12-17 06:00:00,0.6324200000000001,win,1.2887428713116957,1.2887428713116957,wickdiffs_W_H4_ALL_20260121_202249.csv,48.88484848484848,1.0
W,ALL,H4,H4,H4,NZDCHF,long,2021-11-08,2021-11-15,0.64534,0.64895,0.003610000000000002,2021-11-11 06:00:00,2021-11-11 10:00:00,0.64534,0.64537,2021-11-23 06:00:00,0.64616,0.65256,0.6410119696969696,2021-11-24 18:00:00,0.6410119696969696,loss,-1.0,1.243193925302427,wickdiffs_W_H4_ALL_20260121_202249.csv,51.48030303030293,1.0
W,ALL,H4,H4,H4,NZDCHF,long,2022-12-19,2022-12-26,0.58032,0.58652,0.006200000000000094,2022-12-22 14:00:00,2022-12-22 18:00:00,0.58032,0.58076,2023-01-02 02:00:00,0.58522,0.5927200000000001,0.5785186363636363,2023-01-11 18:00:00,0.5927200000000001,win,1.1191752017907068,1.1191752017907068,wickdiffs_W_H4_ALL_20260121_202249.csv,67.01363636363632,1.0
W,ALL,H1,H1,H4,NZDCHF,long,2024-06-10,2024-06-17,0.54067,0.54672,0.00605,2024-06-21 14:00:00,2024-06-21 15:00:00,0.54611,0.54614,2024-06-24 01:00:00,0.5462,0.55277,0.540065,2024-07-16 21:00:00,0.540065,loss,-1.0,1.0709046454767666,wickdiffs_W_H1_ALL_20260124_211252.csv,37.76060606060613,1.0
W,ALL,H1,H1,H4,NZDCHF,long,2024-10-28,2024-11-04,0.51389,0.52052,0.006630000000000025,2024-11-06 14:00:00,2024-11-06 15:00:00,0.51966,0.51971,2024-11-14 02:00:00,0.52013,0.52715,0.513227,2024-12-06 10:00:00,0.513227,loss,-1.0,1.0169491525423777,wickdiffs_W_H1_ALL_20260124_211252.csv,42.89393939393937,1.0
W,ALL,H4,H4,H4,NZDCHF,long,2024-11-11,2024-11-18,0.51671,0.52146,0.004750000000000032,2024-11-22 14:00:00,2024-11-22 18:00:00,0.52034,0.52101,2024-11-25 02:00:00,0.52132,0.5262100000000001,0.516235,2024-11-25 22:00:00,0.516235,loss,-1.0,0.9616519174041406,wickdiffs_W_H4_ALL_20260121_202249.csv,41.84696969696969,1.0
W,ALL,H4,H4,H4,NZDCHF,long,2025-01-27,2025-02-03,0.50584,0.5118,0.005960000000000076,2025-02-06 02:00:00,2025-02-06 06:00:00,0.51102,0.51153,2025-02-13 06:00:00,0.5118,0.5177600000000001,0.5052439999999999,2025-02-19 06:00:00,0.5177600000000001,win,0.9090909090909045,0.9090909090909045,wickdiffs_W_H4_ALL_20260121_202249.csv,37.27424242424237,1.0
W,ALL,H1,H1,H4,NZDCHF,long,2025-03-03,2025-03-10,0.49856,0.50183,0.003269999999999995,2025-03-11 05:00:00,2025-03-11 06:00:00,0.49972,0.49984,2025-03-31 13:00:00,0.50148,0.5051,0.4974704545454546,2025-04-02 01:00:00,0.5051,win,0.9028454823716029,0.9028454823716029,wickdiffs_W_H1_ALL_20260124_211252.csv,40.09545454545452,1.0
W,ALL,H4,H4,H4,NZDCHF,short,2015-07-06,2015-07-13,0.63108,0.64206,0.01097999999999999,2015-07-15 09:00:00,2015-07-15 13:00:00,0.63525,0.635335,2015-07-20 05:00:00,0.632425,0.6201,0.643158,2015-07-28 05:00:00,0.643158,loss,-1.0,1.1483275878132897,wickdiffs_W_H4_ALL_20260121_202249.csv,93.851515151515,1.0
W,ALL,H4,H4,H4,NZDCHF,short,2016-06-06,2016-06-13,0.68024,0.68939,0.009149999999999991,2016-06-16 21:00:00,2016-06-17 01:00:00,0.68198,0.682045,2016-06-20 01:00:00,0.68181,0.67109,0.690305,2016-06-23 05:00:00,0.690305,loss,-1.0,1.2619187757504609,wickdiffs_W_H4_ALL_20260121_202249.csv,70.49393939393933,1.0
W,ALL,H1,H1,H4,NZDCHF,short,2016-07-04,2016-07-11,0.718325,0.722835,0.004510000000000014,2016-07-12 17:00:00,2016-07-12 18:00:00,0.722665,0.722835,2016-09-07 05:00:00,0.72233,0.713815,0.7301619696969698,2016-09-11 21:00:00,0.713815,win,1.087210539552345,1.087210539552345,wickdiffs_W_H1_ALL_20260124_211252.csv,78.31969696969705,1.0
W,ALL,H4,H4,H4,NZDCHF,short,2016-08-08,2016-08-15,0.701435,0.716205,0.01476999999999995,2016-08-12 09:00:00,2016-08-12 13:00:00,0.704925,0.705045,2016-08-22 21:00:00,0.7023,0.6866650000000001,0.7176819999999999,2016-09-02 09:00:00,0.7176819999999999,loss,-1.0,1.0164477961253453,wickdiffs_W_H4_ALL_20260121_202249.csv,78.75757575757588,1.0
W,ALL,H4,H4,H4,NZDCHF,short,2017-05-08,2017-05-15,0.68695,0.70123,0.01428000000000007,2017-05-12 09:00:00,2017-05-12 13:00:00,0.69072,0.69108,2017-05-29 13:00:00,0.688565,0.6726699999999999,0.702658,2017-06-14 09:00:00,0.702658,loss,-1.0,1.127864897466833,wickdiffs_W_H4_ALL_20260121_202249.csv,58.5954545454545,1.0
W,ALL,H4,H4,H4,NZDCHF,short,2017-05-22,2017-05-29,0.688285,0.69438,0.0060949999999999616,2017-06-02 13:00:00,2017-06-02 17:00:00,0.68896,0.68922,2017-06-05 09:00:00,0.688675,0.6821900000000001,0.6949895,2017-06-07 09:00:00,0.6949895,loss,-1.0,1.0270013461081577,wickdiffs_W_H4_ALL_20260121_202249.csv,58.47348484848483,1.0
W,ALL,H1,H1,H4,NZDCHF,short,2017-06-12,2017-06-19,0.70622,0.7106,0.0043800000000000505,2017-06-19 01:00:00,2017-06-19 02:00:00,0.71008,0.7106,2017-06-27 05:00:00,0.707645,0.7018399999999999,0.7134995454545454,2017-06-27 13:00:00,0.7018399999999999,win,0.9915372670807541,0.9915372670807541,wickdiffs_W_H1_ALL_20260124_211252.csv,58.54545454545463,1.0
W,ALL,H4,H4,H4,NZDCHF,short,2019-03-11,2019-03-18,0.68606,0.69225,0.006190000000000029,2019-03-18 01:00:00,2019-03-18 05:00:00,0.68788,0.68842,2019-03-26 13:00:00,0.6869,0.67987,0.6928690000000001,2019-03-27 01:00:00,0.67987,win,1.1777517172055365,1.1777517172055365,wickdiffs_W_H4_ALL_20260121_202249.csv,55.28484848484849,1.0
W,ALL,H1,H1,H4,NZDCHF,short,2019-09-02,2019-09-09,0.63394,0.64038,0.006440000000000001,2019-09-12 17:00:00,2019-09-12 18:00:00,0.63506,0.63524,2019-10-22 05:00:00,0.63424,0.6275,0.6410239999999999,2019-11-26 06:00:00,0.6410239999999999,loss,-1.0,0.9935141509434223,wickdiffs_W_H1_ALL_20260124_211252.csv,54.9848484848485,1.0
W,ALL,H4,H4,H4,NZDCHF,short,2021-08-30,2021-09-06,0.65362,0.6564,0.0027800000000000047,2021-09-10 09:00:00,2021-09-10 13:00:00,0.65638,0.6564,2021-09-13 09:00:00,0.656,0.65084,0.6612527272727273,2021-09-15 01:00:00,0.65084,win,0.9823468328141345,0.9823468328141345,wickdiffs_W_H4_ALL_20260121_202249.csv,52.52727272727263,1.0
W,ALL,H1,H1,H4,NZDCHF,short,2023-11-27,2023-12-04,0.53974,0.54396,0.0042200000000000015,2023-12-08 04:00:00,2023-12-08 05:00:00,0.54014,0.54027,2023-12-12 06:00:00,0.53998,0.53552,0.544382,2023-12-12 22:00:00,0.53552,win,1.0131758291685602,1.0131758291685602,wickdiffs_W_H1_ALL_20260124_211252.csv,41.0166666666667,1.0
W,ALL,H1,H1,H4,NZDCHF,short,2023-12-11,2023-12-18,0.54004,0.54366,0.0036200000000000676,2023-12-20 17:00:00,2023-12-20 18:00:00,0.54132,0.54145,2023-12-26 10:00:00,0.54072,0.5364199999999999,0.5449304545454545,2023-12-27 14:00:00,0.5364199999999999,win,1.0212674079671993,1.0212674079671993,wickdiffs_W_H1_ALL_20260124_211252.csv,42.10454545454551,1.0
W,ALL,H4,H4,H4,NZDCHF,short,2025-08-25,2025-09-01,0.4709,0.47333,0.0024299999999999877,2025-09-03 21:00:00,2025-09-04 01:00:00,0.4732,0.47328,2025-09-09 21:00:00,0.4729,0.46847,0.4763533333333333,2025-09-17 21:00:00,0.46847,win,1.2828185328185298,1.2828185328185298,wickdiffs_W_H4_ALL_20260121_202249.csv,34.53333333333333,1.0
W,ALL,H1,H1,H4,NZDJPY,long,2015-03-02,2015-03-09,87.3135,88.947,1.633499999999998,2015-03-11 23:00:00,2015-03-12 00:00:00,88.595,88.607,2015-03-18 01:00:00,88.6775,90.5805,87.15015000000001,2015-03-20 13:00:00,90.5805,win,1.2459488656824078,1.2459488656824078,wickdiffs_W_H1_ALL_20260124_211252.csv,112.0530303030302,1.0
W,ALL,H1,H1,H4,NZDJPY,long,2019-08-05,2019-08-12,67.556,68.361,0.8050000000000068,2019-08-15 10:00:00,2019-08-15 11:00:00,67.992,68.053,2019-08-20 13:00:00,68.231,69.16600000000001,67.4755,2019-08-23 13:00:00,67.4755,loss,-1.0,1.237590999338212,wickdiffs_W_H1_ALL_20260124_211252.csv,57.18030303030305,1.0
W,ALL,H1,H1,H4,NZDJPY,long,2020-04-20,2020-04-27,63.734,64.676,0.9420000000000002,2020-04-23 07:00:00,2020-04-23 08:00:00,64.16,64.199,2020-05-05 21:00:00,64.25,65.618,63.031333333333336,2020-05-10 21:00:00,65.618,win,1.1225382932166257,1.1225382932166257,wickdiffs_W_H1_ALL_20260124_211252.csv,121.8666666666667,1.0
W,ALL,H4,H4,H4,NZDJPY,long,2022-03-28,2022-04-04,84.248,84.841,0.5929999999999893,2022-03-31 13:00:00,2022-03-31 17:00:00,84.248,84.256,2022-04-25 13:00:00,84.389,85.43399999999998,83.48030303030302,2022-04-26 21:00:00,83.48030303030302,loss,-1.0,1.1499983326107848,wickdiffs_W_H4_ALL_20260121_202249.csv,90.86969696969692,1.0
W,ALL,H4,H4,H4,NZDJPY,long,2022-06-13,2022-06-20,82.974,85.24,2.265999999999991,2022-06-24 01:00:00,2022-06-24 05:00:00,84.6,84.619,2022-06-30 05:00:00,84.9,87.50599999999999,82.7474,2022-08-02 01:00:00,82.7474,loss,-1.0,1.2106290067824828,wickdiffs_W_H4_ALL_20260121_202249.csv,112.2969696969698,1.0
W,ALL,H1,H1,H4,NZDJPY,long,2022-12-26,2023-01-02,81.04,83.262,2.221999999999994,2023-01-05 02:00:00,2023-01-05 03:00:00,82.765,82.812,2023-01-12 10:00:00,83.157,85.484,80.8178,2023-03-24 05:00:00,80.8178,loss,-1.0,0.9947845417236693,wickdiffs_W_H1_ALL_20260124_211252.csv,112.0378787878789,1.0
W,ALL,H1,H1,H4,NZDJPY,long,2024-07-29,2024-08-05,83.058,87.288,4.22999999999999,2024-08-06 23:00:00,2024-08-07 00:00:00,86.215,86.408,2024-09-11 13:00:00,86.932,91.51799999999999,82.635,2024-09-26 13:00:00,91.51799999999999,win,1.0672562252734437,1.0672562252734437,wickdiffs_W_H1_ALL_20260124_211252.csv,105.589393939394,1.0
W,ALL,H1,H1,H4,NZDJPY,long,2024-12-16,2024-12-23,86.726,88.478,1.7519999999999953,2024-12-20 13:00:00,2024-12-20 14:00:00,88.116,88.25,2024-12-30 22:00:00,88.263,90.22999999999999,86.5508,2025-02-02 22:00:00,86.5508,loss,-1.0,1.1488143908421757,wickdiffs_W_H1_ALL_20260124_211252.csv,94.25757575757574,1.0
W,ALL,H4,H4,H4,NZDJPY,long,2025-02-24,2025-03-03,83.149,84.424,1.2750000000000057,2025-03-07 10:00:00,2025-03-07 14:00:00,83.778,83.99,2025-03-10 13:00:00,84.23,85.69900000000001,83.0215,2025-03-16 21:00:00,85.69900000000001,win,1.2155564749689758,1.2155564749689758,wickdiffs_W_H4_ALL_20260121_202249.csv,95.29848484848488,1.0
W,ALL,H1,H1,H4,NZDJPY,short,2015-03-16,2015-03-23,90.8385,91.9025,1.0640000000000072,2015-03-25 17:00:00,2015-03-25 18:00:00,91.0945,91.0985,2015-04-09 05:00:00,91.051,89.77449999999999,92.19208333333333,2015-04-13 01:00:00,89.77449999999999,win,1.1186737749215043,1.1186737749215043,wickdiffs_W_H1_ALL_20260124_211252.csv,114.1083333333333,1.0
W,ALL,H1,H1,H4,NZDJPY,short,2016-08-08,2016-08-15,72.899,74.48,1.581000000000003,2016-08-17 06:00:00,2016-08-17 07:00:00,73.3165,73.3245,2016-08-22 21:00:00,73.0975,71.318,74.63810000000001,2016-08-31 01:00:00,74.63810000000001,loss,-1.0,1.1550694534596813,wickdiffs_W_H1_ALL_20260124_211252.csv,118.7212121212123,1.0
W,ALL,H4,H4,H4,NZDJPY,short,2019-02-11,2019-02-18,75.813,76.322,0.5090000000000003,2019-02-20 10:00:00,2019-02-20 14:00:00,76.172,76.248,2019-02-25 06:00:00,76.17,75.304,76.93903030303031,2019-03-07 18:00:00,75.304,win,1.1260934667822502,1.1260934667822502,wickdiffs_W_H4_ALL_20260121_202249.csv,76.90303030303042,1.0
W,ALL,H1,H1,H4,NZDJPY,short,2021-02-01,2021-02-08,75.844,76.138,0.29400000000001114,2021-02-09 02:00:00,2021-02-09 03:00:00,76.108,76.138,2021-02-15 02:00:00,76.1,75.54999999999998,76.64883333333333,2021-02-16 02:00:00,76.64883333333333,loss,-1.0,1.002125721226866,wickdiffs_W_H1_ALL_20260124_211252.csv,54.88333333333331,1.0
W,ALL,H4,H4,H4,NZDJPY,short,2022-03-21,2022-03-28,84.938,86.962,2.024000000000001,2022-04-01 09:00:00,2022-04-01 13:00:00,85.163,85.243,2022-04-04 01:00:00,85.034,82.914,87.1644,2022-04-19 21:00:00,87.1644,loss,-1.0,0.9951182876455172,wickdiffs_W_H4_ALL_20260121_202249.csv,83.79393939393931,1.0
W,ALL,H4,H4,H4,NZDJPY,short,2022-04-11,2022-04-18,85.482,87.35,1.867999999999995,2022-04-22 09:00:00,2022-04-22 13:00:00,85.751,85.868,2022-06-06 21:00:00,85.612,83.614,87.5368,2022-06-14 13:00:00,83.614,win,1.0380299251870249,1.0380299251870249,wickdiffs_W_H4_ALL_20260121_202249.csv,109.3939393939395,1.0
W,ALL,H1,H1,H4,NZDJPY,short,2022-06-06,2022-06-13,85.398,86.818,1.4200000000000017,2022-06-13 05:00:00,2022-06-13 06:00:00,85.61,85.632,2022-06-20 05:00:00,85.542,83.978,86.96,2022-07-01 01:00:00,83.978,win,1.1029619181946515,1.1029619181946515,wickdiffs_W_H1_ALL_20260124_211252.csv,114.9742424242426,1.0
W,ALL,H1,H1,H4,NZDJPY,short,2023-03-27,2023-04-03,83.086,83.972,0.8859999999999957,2023-04-05 09:00:00,2023-04-05 10:00:00,83.13,83.23,2023-04-10 21:00:00,83.093,82.2,84.07592424242425,2023-04-21 05:00:00,82.2,win,0.9085135572580277,0.9085135572580277,wickdiffs_W_H1_ALL_20260124_211252.csv,98.29242424242426,1.0
W,ALL,H4,H4,H4,NZDJPY,short,2025-06-02,2025-06-09,87.163,87.918,0.7550000000000097,2025-06-11 09:00:00,2025-06-11 13:00:00,87.656,87.736,2025-06-16 13:00:00,87.638,86.40799999999999,88.72410606060606,2025-07-15 09:00:00,88.72410606060606,loss,-1.0,1.1324860845667886,wickdiffs_W_H4_ALL_20260121_202249.csv,108.6106060606062,1.0
W,ALL,H4,H4,H4,NZDUSD,long,2015-10-19,2015-10-26,0.66224,0.67522,0.012979999999999992,2015-10-30 09:00:00,2015-10-30 13:00:00,0.672235,0.67254,2015-11-02 18:00:00,0.6745,0.6882,0.660942,2015-11-04 10:00:00,0.660942,loss,-1.0,1.0104735211683202,wickdiffs_W_H4_ALL_20260121_202249.csv,97.84393939393937,1.0
W,ALL,H4,H4,H4,NZDUSD,long,2015-12-07,2015-12-14,0.65773,0.67177,0.014039999999999941,2015-12-17 22:00:00,2015-12-18 02:00:00,0.6682,0.668555,2016-01-05 14:00:00,0.66958,0.6858099999999999,0.6563260000000001,2016-01-08 14:00:00,0.6563260000000001,loss,-1.0,1.2245359891353642,wickdiffs_W_H4_ALL_20260121_202249.csv,83.04393939393928,1.0
W,ALL,H1,H1,H4,NZDUSD,long,2017-07-03,2017-07-10,0.7202,0.7281,0.007900000000000018,2017-07-13 01:00:00,2017-07-13 02:00:00,0.7265,0.72652,2017-07-17 21:00:00,0.72734,0.736,0.71941,2017-07-18 05:00:00,0.736,win,1.0920554854981095,1.0920554854981095,wickdiffs_W_H1_ALL_20260124_211252.csv,59.51287878787878,1.0
W,ALL,H1,H1,H4,NZDUSD,long,2018-05-14,2018-05-21,0.68512,0.69186,0.006740000000000079,2018-05-25 17:00:00,2018-05-25 18:00:00,0.69076,0.69085,2018-05-29 05:00:00,0.6909,0.6986000000000001,0.6844459999999999,2018-05-30 13:00:00,0.6986000000000001,win,1.1930585683297283,1.1930585683297283,wickdiffs_W_H1_ALL_20260124_211252.csv,56.78030303030304,1.0
W,ALL,H4,H4,H4,NZDUSD,long,2018-06-25,2018-07-02,0.66876,0.67746,0.00869999999999993,2018-07-04 21:00:00,2018-07-05 01:00:00,0.67504,0.6755,2018-07-11 17:00:00,0.67592,0.6861599999999999,0.66789,2018-08-08 21:00:00,0.66789,loss,-1.0,1.2752179327521718,wickdiffs_W_H4_ALL_20260121_202249.csv,56.04924242424241,1.0
W,ALL,H4,H4,H4,NZDUSD,long,2020-04-20,2020-04-27,0.59106,0.60161,0.010549999999999948,2020-04-28 01:00:00,2020-04-28 05:00:00,0.59923,0.5996,2020-05-06 21:00:00,0.60114,0.6121599999999999,0.590005,2020-05-08 01:00:00,0.6121599999999999,win,0.9896722047597587,0.9896722047597587,wickdiffs_W_H4_ALL_20260121_202249.csv,101.7969696969697,1.0
W,ALL,H4,H4,H4,NZDUSD,long,2021-07-05,2021-07-12,0.69174,0.69953,0.007789999999999964,2021-07-15 17:00:00,2021-07-15 21:00:00,0.69652,0.6977,2021-07-19 01:00:00,0.69922,0.70732,0.690961,2021-07-20 01:00:00,0.690961,loss,-1.0,0.9807482746095276,wickdiffs_W_H4_ALL_20260121_202249.csv,69.09696969696958,1.0
W,ALL,H1,H1,H4,NZDUSD,long,2022-05-09,2022-05-16,0.62166,0.6289,0.007240000000000024,2022-05-16 09:00:00,2022-05-16 10:00:00,0.62604,0.62606,2022-06-13 13:00:00,0.62694,0.63614,0.619334696969697,2022-06-16 13:00:00,0.63614,win,1.2096822392668578,1.2096822392668578,wickdiffs_W_H1_ALL_20260124_211252.csv,76.05303030303027,1.0
W,ALL,H1,H1,H4,NZDUSD,long,2022-06-13,2022-06-20,0.61967,0.63134,0.011669999999999958,2022-06-23 23:00:00,2022-06-24 00:00:00,0.62764,0.62832,2022-06-27 09:00:00,0.62992,0.64301,0.618503,2022-07-01 01:00:00,0.618503,loss,-1.0,1.1465358675659036,wickdiffs_W_H1_ALL_20260124_211252.csv,79.13181818181822,1.0
W,ALL,H4,H4,H4,NZDUSD,long,2022-07-11,2022-07-18,0.60607,0.61592,0.009850000000000025,2022-07-18 21:00:00,2022-07-19 01:00:00,0.61413,0.61437,2022-08-26 13:00:00,0.6148,0.62577,0.605085,2022-09-06 13:00:00,0.605085,loss,-1.0,1.1291816778178076,wickdiffs_W_H4_ALL_20260121_202249.csv,76.35151515151522,1.0
W,ALL,H1,H1,H4,NZDUSD,short,2016-02-15,2016-02-22,0.66315,0.67746,0.014309999999999934,2016-02-26 18:00:00,2016-02-26 19:00:00,0.66486,0.664985,2016-03-01 22:00:00,0.66366,0.6488400000000001,0.6788909999999999,2016-03-04 14:00:00,0.6788909999999999,loss,-1.0,0.9730155603703012,wickdiffs_W_H1_ALL_20260124_211252.csv,91.41893939393935,1.0
W,ALL,H4,H4,H4,NZDUSD,short,2016-09-05,2016-09-12,0.73206,0.74855,0.016490000000000005,2016-09-12 17:00:00,2016-09-12 21:00:00,0.73571,0.736425,2016-09-20 09:00:00,0.734615,0.71557,0.7501990000000001,2016-10-05 13:00:00,0.71557,win,1.2220867556468125,1.2220867556468125,wickdiffs_W_H4_ALL_20260121_202249.csv,89.78484848484857,1.0
W,ALL,H1,H1,H4,NZDUSD,short,2017-03-20,2017-03-27,0.70298,0.709,0.006019999999999914,2017-03-27 15:00:00,2017-03-27 16:00:00,0.70546,0.70559,2017-04-23 21:00:00,0.70408,0.6969600000000001,0.7100455303030303,2017-04-25 05:00:00,0.6969600000000001,win,1.1935233983109919,1.1935233983109919,wickdiffs_W_H1_ALL_20260124_211252.csv,59.65530303030283,1.0
W,ALL,H1,H1,H4,NZDUSD,short,2018-03-05,2018-03-12,0.72854,0.73546,0.006920000000000037,2018-03-15 14:00:00,2018-03-15 15:00:00,0.72988,0.73,2018-03-26 17:00:00,0.72977,0.7216199999999999,0.7362786363636364,2018-03-28 17:00:00,0.7216199999999999,win,1.252182414973127,1.252182414973127,wickdiffs_W_H1_ALL_20260124_211252.csv,65.08636363636369,1.0
W,ALL,H1,H1,H4,NZDUSD,short,2018-11-26,2018-12-03,0.68727,0.69694,0.009669999999999956,2018-12-05 21:00:00,2018-12-05 22:00:00,0.69009,0.69017,2018-12-10 06:00:00,0.68883,0.6776000000000001,0.697907,2018-12-19 18:00:00,0.6776000000000001,win,1.2371929051448673,1.2371929051448673,wickdiffs_W_H1_ALL_20260124_211252.csv,57.54545454545442,1.0
W,ALL,H1,H1,H4,NZDUSD,short,2022-03-21,2022-03-28,0.69572,0.69987,0.004149999999999987,2022-03-31 00:00:00,2022-03-31 01:00:00,0.69766,0.69776,2022-04-05 01:00:00,0.69754,0.69157,0.7039656060606061,2022-04-06 17:00:00,0.69157,win,0.9290952392180978,0.9290952392180978,wickdiffs_W_H1_ALL_20260124_211252.csv,64.25606060606043,1.0
W,ALL,H1,H1,H4,NZDUSD,short,2023-03-27,2023-04-03,0.62552,0.63809,0.012570000000000081,2023-04-06 11:00:00,2023-04-06 12:00:00,0.62794,0.62838,2023-04-13 09:00:00,0.62754,0.6129499999999999,0.6393470000000001,2023-04-21 05:00:00,0.6129499999999999,win,1.2357076310663124,1.2357076310663124,wickdiffs_W_H1_ALL_20260124_211252.csv,71.930303030303,1.0
W,ALL,H4,H4,H4,NZDUSD,short,2025-03-10,2025-03-17,0.57457,0.58314,0.008569999999999967,2025-03-21 05:00:00,2025-03-21 09:00:00,0.57613,0.57677,2025-03-26 09:00:00,0.57501,0.5660000000000001,0.583997,2025-03-31 13:00:00,0.5660000000000001,win,1.0025592522532543,1.0025592522532543,wickdiffs_W_H4_ALL_20260121_202249.csv,52.06060606060613,1.0
W,ALL,H1,H1,H4,NZDUSD,short,2025-04-21,2025-04-28,0.59577,0.60295,0.007179999999999964,2025-04-25 03:00:00,2025-04-25 04:00:00,0.59874,0.59999,2025-05-05 05:00:00,0.59702,0.5885900000000001,0.6038056060606061,2025-05-09 01:00:00,0.5885900000000001,win,1.2423356034386424,1.2423356034386424,wickdiffs_W_H1_ALL_20260124_211252.csv,67.85606060606058,1.0
W,ALL,H4,H4,H4,NZDUSD,short,2025-05-19,2025-05-26,0.5987,0.60318,0.0044800000000000395,2025-05-26 01:00:00,2025-05-26 05:00:00,0.60297,0.60318,2025-06-02 13:00:00,0.60235,0.59422,0.6094178787878788,2025-06-22 21:00:00,0.59422,win,1.1502743954724877,1.1502743954724877,wickdiffs_W_H4_ALL_20260121_202249.csv,70.67878787878779,1.0
W,ALL,H4,H4,H4,USDCAD,long,2016-06-06,2016-06-13,1.265495,1.27809,0.012594999999999912,2016-06-13 13:00:00,2016-06-13 17:00:00,1.275035,1.27659,2016-06-21 05:00:00,1.27756,1.2906849999999999,1.2642355,2016-06-24 01:00:00,1.2906849999999999,win,0.9850275807722518,0.9850275807722518,wickdiffs_W_H4_ALL_20260121_202249.csv,122.6530303030302,1.0
W,ALL,H4,H4,H4,USDCAD,long,2016-10-10,2016-10-17,1.300615,1.3139,0.013284999999999991,2016-10-19 17:00:00,2016-10-19 21:00:00,1.31128,1.31137,2016-12-12 06:00:00,1.312985,1.327185,1.2992865,2016-12-14 18:00:00,1.327185,win,1.036609847793549,1.036609847793549,wickdiffs_W_H4_ALL_20260121_202249.csv,101.410606060606,1.0
W,ALL,H4,H4,H4,USDCAD,long,2017-03-13,2017-03-20,1.32636,1.33509,0.008730000000000127,2017-03-23 13:00:00,2017-03-23 17:00:00,1.332,1.33268,2017-03-27 01:00:00,1.33272,1.3438200000000002,1.3235316666666666,2017-04-04 05:00:00,1.3438200000000002,win,1.2080536912752031,1.2080536912752031,wickdiffs_W_H4_ALL_20260121_202249.csv,91.8833333333334,1.0
W,ALL,H4,H4,H4,USDCAD,long,2018-03-19,2018-03-26,1.28148,1.289605,0.008124999999999938,2018-03-30 05:00:00,2018-03-30 09:00:00,1.28614,1.28658,2018-04-02 09:00:00,1.287655,1.2977299999999998,1.2781957575757577,2018-04-03 13:00:00,1.2781957575757577,loss,-1.0,1.065095865835866,wickdiffs_W_H4_ALL_20260121_202249.csv,94.59242424242416,1.0
W,ALL,H4,H4,H4,USDCAD,long,2019-03-25,2019-04-01,1.32964,1.33502,0.005380000000000162,2019-04-03 13:00:00,2019-04-03 17:00:00,1.33083,1.33102,2019-04-08 17:00:00,1.33142,1.3404000000000003,1.3238671212121214,2019-04-23 09:00:00,1.3404000000000003,win,1.188950630905363,1.188950630905363,wickdiffs_W_H4_ALL_20260121_202249.csv,75.5287878787878,1.0
W,ALL,H4,H4,H4,USDCAD,long,2022-01-10,2022-01-17,1.24504,1.2552,0.010160000000000169,2022-01-21 10:00:00,2022-01-21 14:00:00,1.25061,1.25146,2022-03-24 13:00:00,1.25494,1.2653600000000003,1.244024,2022-03-30 13:00:00,1.244024,loss,-1.0,0.9545621106632822,wickdiffs_W_H4_ALL_20260121_202249.csv,87.9424242424242,1.0
W,ALL,H4,H4,H4,USDCAD,long,2022-10-03,2022-10-10,1.3503,1.37342,0.02312000000000003,2022-10-07 13:00:00,2022-10-07 17:00:00,1.36758,1.36998,2022-10-17 17:00:00,1.37146,1.3965400000000001,1.347988,2022-11-04 13:00:00,1.347988,loss,-1.0,1.0685071574642246,wickdiffs_W_H4_ALL_20260121_202249.csv,113.8000000000002,1.0
W,ALL,H1,H1,H4,USDCAD,long,2023-03-13,2023-03-20,1.36308,1.37344,0.010359999999999925,2023-03-23 21:00:00,2023-03-23 22:00:00,1.37078,1.3709,2023-03-27 09:00:00,1.37135,1.3838,1.3614315151515153,2023-03-28 13:00:00,1.3614315151515153,loss,-1.0,1.2552320430173067,wickdiffs_W_H1_ALL_20260124_211252.csv,99.18484848484856,1.0
W,ALL,H4,H4,H4,USDCAD,long,2024-07-08,2024-07-15,1.35888,1.3645,0.005619999999999958,2024-07-15 05:00:00,2024-07-15 09:00:00,1.36314,1.36332,2024-08-19 17:00:00,1.3634,1.37012,1.3578080303030302,2024-08-21 13:00:00,1.3578080303030302,loss,-1.0,1.2017232503319293,wickdiffs_W_H4_ALL_20260121_202249.csv,55.91969696969681,1.0
W,ALL,H1,H1,H4,USDCAD,long,2025-03-03,2025-03-10,1.42396,1.4369,0.012940000000000174,2025-03-16 22:00:00,2025-03-16 23:00:00,1.43583,1.43608,2025-03-17 05:00:00,1.43631,1.4498400000000002,1.422666,2025-04-02 21:00:00,1.422666,loss,-1.0,0.9916446789797915,wickdiffs_W_H1_ALL_20260124_211252.csv,101.6242424242425,1.0
W,ALL,H1,H1,H4,USDCAD,long,2025-04-14,2025-04-21,1.37814,1.38514,0.007000000000000117,2025-04-21 13:00:00,2025-04-21 14:00:00,1.37851,1.3792,2025-04-30 17:00:00,1.37987,1.3921400000000002,1.3692525757575758,2025-05-08 13:00:00,1.3921400000000002,win,1.1556475205137566,1.1556475205137566,wickdiffs_W_H1_ALL_20260124_211252.csv,106.1742424242424,1.0
W,ALL,H4,H4,H4,USDCAD,short,2017-02-13,2017-02-20,1.30944,1.32099,0.011550000000000171,2017-02-23 14:00:00,2017-02-23 18:00:00,1.31212,1.3122,2017-02-27 10:00:00,1.310845,1.2978899999999998,1.3221450000000001,2017-02-28 10:00:00,1.3221450000000001,loss,-1.0,1.1464601769911655,wickdiffs_W_H4_ALL_20260121_202249.csv,95.92575757575752,1.0
W,ALL,H1,H1,H4,USDCAD,short,2017-04-24,2017-05-01,1.3652,1.37935,0.014150000000000107,2017-05-07 22:00:00,2017-05-07 23:00:00,1.36728,1.36752,2017-05-08 05:00:00,1.36609,1.3510499999999999,1.380765,2017-05-19 17:00:00,1.3510499999999999,win,1.0248722316865533,1.0248722316865533,wickdiffs_W_H1_ALL_20260124_211252.csv,82.04090909090921,1.0
W,ALL,H1,H1,H4,USDCAD,short,2017-08-07,2017-08-14,1.267895,1.27784,0.009945000000000093,2017-08-16 16:00:00,2017-08-16 17:00:00,1.27124,1.27133,2017-10-25 09:00:00,1.26921,1.25795,1.2788345,2017-10-25 13:00:00,1.2788345,loss,-1.0,1.1699309055015716,wickdiffs_W_H1_ALL_20260124_211252.csv,93.61515151515142,1.0
W,ALL,H4,H4,H4,USDCAD,short,2022-01-03,2022-01-10,1.26429,1.28138,0.01709000000000005,2022-01-07 10:00:00,2022-01-07 14:00:00,1.27265,1.27275,2022-01-27 06:00:00,1.267,1.2471999999999999,1.283089,2022-02-24 10:00:00,1.283089,loss,-1.0,1.230654484430357,wickdiffs_W_H4_ALL_20260121_202249.csv,83.45909090909086,1.0
W,ALL,H1,H1,H4,USDCAD,short,2022-05-09,2022-05-16,1.29114,1.30768,0.01654,2022-05-16 09:00:00,2022-05-16 10:00:00,1.29414,1.29426,2022-06-14 09:00:00,1.29324,1.2746,1.309334,2022-07-14 09:00:00,1.309334,loss,-1.0,1.158195600845031,wickdiffs_W_H1_ALL_20260124_211252.csv,92.18787878787865,1.0
W,ALL,H4,H4,H4,USDCAD,short,2022-10-10,2022-10-17,1.38811,1.3978,0.009689999999999976,2022-10-14 13:00:00,2022-10-14 17:00:00,1.38905,1.38984,2023-10-31 13:00:00,1.38887,1.37842,1.398769,2023-11-02 13:00:00,1.37842,win,1.055662188099828,1.055662188099828,wickdiffs_W_H4_ALL_20260121_202249.csv,73.76060606060605,1.0
W,ALL,H4,H4,H4,USDCAD,short,2024-05-20,2024-05-27,1.36648,1.37437,0.007890000000000175,2024-05-30 21:00:00,2024-05-31 01:00:00,1.36863,1.36897,2024-06-04 09:00:00,1.36782,1.3585899999999997,1.375159,2024-06-07 13:00:00,1.375159,loss,-1.0,1.2576645319526247,wickdiffs_W_H4_ALL_20260121_202249.csv,66.72121212121206,1.0
W,ALL,H1,H1,H4,USDCAD,short,2024-07-29,2024-08-05,1.38684,1.39468,0.007839999999999847,2024-08-05 08:00:00,2024-08-05 09:00:00,1.38849,1.3885,2024-10-25 13:00:00,1.38814,1.3790000000000002,1.3954639999999998,2024-11-01 17:00:00,1.3954639999999998,loss,-1.0,1.2479519388312188,wickdiffs_W_H1_ALL_20260124_211252.csv,56.85151515151502,1.0
W,ALL,H1,H1,H4,USDCAD,short,2024-10-28,2024-11-04,1.39254,1.3959,0.0033600000000000296,2024-11-06 23:00:00,2024-11-07 00:00:00,1.39484,1.39486,2024-11-11 10:00:00,1.39452,1.3891799999999999,1.4002122727272728,2024-11-13 18:00:00,1.4002122727272728,loss,-1.0,0.9381138704783428,wickdiffs_W_H1_ALL_20260124_211252.csv,56.92272727272718,1.0
W,ALL,H4,H4,H4,USDCAD,short,2025-03-10,2025-03-17,1.43724,1.45215,0.014909999999999979,2025-03-20 09:00:00,2025-03-20 13:00:00,1.43912,1.44018,2025-03-31 13:00:00,1.4376,1.42233,1.453641,2025-04-02 21:00:00,1.42233,win,0.9519356648587944,0.9519356648587944,wickdiffs_W_H4_ALL_20260121_202249.csv,98.54696969696975,1.0
W,ALL,H4,H4,H4,USDCAD,short,2025-07-14,2025-07-21,1.37174,1.37746,0.005719999999999947,2025-07-17 17:00:00,2025-07-17 21:00:00,1.37558,1.37572,2025-07-29 05:00:00,1.37442,1.36602,1.3817080303030302,2025-07-30 13:00:00,1.3817080303030302,loss,-1.0,1.15257479054489,wickdiffs_W_H4_ALL_20260121_202249.csv,72.88030303030303,1.0
W,ALL,H4,H4,H4,USDCHF,long,2015-09-14,2015-09-21,0.95279,0.968565,0.015774999999999983,2015-09-21 05:00:00,2015-09-21 09:00:00,0.96429,0.96578,2015-10-02 09:00:00,0.966625,0.98434,0.9512125,2015-10-14 13:00:00,0.9512125,loss,-1.0,1.149391727493924,wickdiffs_W_H4_ALL_20260121_202249.csv,97.81060606060596,1.0
W,ALL,H1,H1,H4,USDCHF,long,2017-08-21,2017-08-28,0.94284,0.95641,0.013569999999999971,2017-08-30 07:00:00,2017-08-30 08:00:00,0.95386,0.95414,2017-09-05 17:00:00,0.95517,0.96998,0.9414830000000001,2017-09-14 09:00:00,0.96998,win,1.0820486593117633,1.0820486593117633,wickdiffs_W_H1_ALL_20260124_211252.csv,70.99545454545455,1.0
W,ALL,H1,H1,H4,USDCHF,long,2018-07-30,2018-08-06,0.9867,0.99424,0.007539999999999991,2018-08-10 14:00:00,2018-08-10 15:00:00,0.99286,0.99313,2018-08-13 01:00:00,0.99316,1.0017800000000001,0.985946,2018-08-21 13:00:00,0.985946,loss,-1.0,1.1948988078735803,wickdiffs_W_H1_ALL_20260124_211252.csv,59.39848484848476,1.0
W,ALL,H4,H4,H4,USDCHF,long,2018-11-19,2018-11-26,0.99094,0.99739,0.006449999999999956,2018-11-30 06:00:00,2018-11-30 10:00:00,0.99517,0.99596,2018-12-04 02:00:00,0.99635,1.0038399999999998,0.990295,2018-12-06 14:00:00,0.990295,loss,-1.0,1.2369942196531762,wickdiffs_W_H4_ALL_20260121_202249.csv,57.11515151515145,1.0
W,ALL,H1,H1,H4,USDCHF,long,2019-02-25,2019-03-04,0.99268,0.99914,0.006460000000000021,2019-03-03 22:00:00,2019-03-03 23:00:00,0.9979,0.99818,2019-03-20 09:00:00,0.99852,1.0056,0.992034,2019-03-20 17:00:00,0.992034,loss,-1.0,1.0915818686401626,wickdiffs_W_H1_ALL_20260124_211252.csv,57.4439393939392,1.0
W,ALL,H1,H1,H4,USDCHF,long,2020-05-25,2020-06-01,0.9542,0.96136,0.007159999999999944,2020-06-05 09:00:00,2020-06-05 10:00:00,0.95697,0.95724,2020-06-08 13:00:00,0.95746,0.9685199999999999,0.9484586363636364,2020-06-09 13:00:00,0.9484586363636364,loss,-1.0,1.2287027218098217,wickdiffs_W_H1_ALL_20260124_211252.csv,90.0136363636364,1.0
W,ALL,H1,H1,H4,USDCHF,long,2021-05-17,2021-05-24,0.89307,0.89796,0.00488999999999995,2021-05-26 13:00:00,2021-05-26 14:00:00,0.89478,0.89542,2021-06-01 13:00:00,0.89614,0.9028499999999999,0.8901507575757577,2021-06-03 13:00:00,0.9028499999999999,win,1.1203420273722893,1.1203420273722893,wickdiffs_W_H1_ALL_20260124_211252.csv,59.89242424242425,1.0
W,ALL,H1,H1,H4,USDCHF,long,2023-01-16,2023-01-23,0.90856,0.9202,0.011639999999999984,2023-01-27 00:00:00,2023-01-27 01:00:00,0.91926,0.91927,2023-01-30 06:00:00,0.91939,0.93184,0.9073960000000001,2023-02-01 18:00:00,0.9073960000000001,loss,-1.0,1.0380190095047535,wickdiffs_W_H1_ALL_20260124_211252.csv,96.83787878787882,1.0
W,ALL,H1,H1,H4,USDCHF,long,2024-04-15,2024-04-22,0.90112,0.9104,0.009279999999999955,2024-04-23 13:00:00,2024-04-23 14:00:00,0.9087,0.90902,2024-04-29 13:00:00,0.90984,0.9196799999999999,0.900192,2024-04-30 21:00:00,0.9196799999999999,win,1.0199004975124346,1.0199004975124346,wickdiffs_W_H1_ALL_20260124_211252.csv,55.65909090909086,1.0
W,ALL,H4,H4,H4,USDCHF,long,2024-08-19,2024-08-26,0.84002,0.84784,0.00782000000000005,2024-08-29 13:00:00,2024-08-29 17:00:00,0.84596,0.84631,2024-09-04 21:00:00,0.84686,0.8556600000000001,0.8392379999999999,2024-09-06 09:00:00,0.8392379999999999,loss,-1.0,1.1545526108633064,wickdiffs_W_H4_ALL_20260121_202249.csv,60.35151515151517,1.0
W,ALL,H1,H1,H4,USDCHF,long,2025-02-17,2025-02-24,0.89124,0.8973,0.006059999999999954,2025-02-27 06:00:00,2025-02-27 07:00:00,0.89585,0.89613,2025-03-03 18:00:00,0.89676,0.9033599999999999,0.890634,2025-03-04 06:00:00,0.890634,loss,-1.0,1.0773751224289874,wickdiffs_W_H1_ALL_20260124_211252.csv,59.70909090909088,1.0
W,ALL,H1,H1,H4,USDCHF,short,2015-06-29,2015-07-06,0.94036,0.95158,0.011220000000000008,2015-07-12 22:00:00,2015-07-12 23:00:00,0.940875,0.941335,2015-07-13 01:00:00,0.940675,0.92914,0.9527019999999999,2015-07-13 21:00:00,0.9527019999999999,loss,-1.0,0.9590920429034814,wickdiffs_W_H1_ALL_20260124_211252.csv,116.2098484848484,1.0
W,ALL,H1,H1,H4,USDCHF,short,2015-08-31,2015-09-07,0.97218,0.982355,0.010174999999999934,2015-09-11 16:00:00,2015-09-11 17:00:00,0.974165,0.97442,2015-09-15 13:00:00,0.97399,0.9620050000000001,0.9840960606060606,2015-09-17 17:00:00,0.9620050000000001,win,1.1859220389805016,1.1859220389805016,wickdiffs_W_H1_ALL_20260124_211252.csv,101.060606060606,1.0
W,ALL,H4,H4,H4,USDCHF,short,2016-02-22,2016-02-29,0.99668,1.00377,0.007090000000000041,2016-03-02 10:00:00,2016-03-02 14:00:00,1.00034,1.00091,2016-03-07 06:00:00,0.999555,0.98959,1.009620606060606,2016-03-10 14:00:00,0.98959,win,0.9900049674107738,0.9900049674107738,wickdiffs_W_H4_ALL_20260121_202249.csv,100.6560606060607,1.0
W,ALL,H4,H4,H4,USDCHF,short,2016-07-04,2016-07-11,0.98331,0.989425,0.0061149999999999816,2016-07-15 13:00:00,2016-07-15 17:00:00,0.98417,0.984715,2016-07-18 05:00:00,0.983855,0.977195,0.9912432575757576,2016-07-26 13:00:00,0.9912432575757576,loss,-1.0,0.901430402460906,wickdiffs_W_H4_ALL_20260121_202249.csv,73.88257575757586,1.0
W,ALL,H4,H4,H4,USDCHF,short,2016-10-17,2016-10-24,0.993535,0.999885,0.006350000000000078,2016-10-25 21:00:00,2016-10-26 01:00:00,0.99552,0.99588,2016-11-14 06:00:00,0.995205,0.9871849999999999,1.0024406060606061,2016-11-15 14:00:00,1.0024406060606061,loss,-1.0,1.1084074965972353,wickdiffs_W_H4_ALL_20260121_202249.csv,72.35606060606052,1.0
W,ALL,H1,H1,H4,USDCHF,short,2016-11-21,2016-11-28,1.01414,1.0205,0.006359999999999921,2016-11-30 21:00:00,2016-11-30 22:00:00,1.017595,1.01828,2016-12-05 02:00:00,1.015215,1.0077800000000001,1.022541893939394,2016-12-05 14:00:00,1.0077800000000001,win,1.0147546916196883,1.0147546916196883,wickdiffs_W_H1_ALL_20260124_211252.csv,73.26893939393936,1.0
W,ALL,H4,H4,H4,USDCHF,short,2017-09-18,2017-09-25,0.96938,0.977,0.00761999999999996,2017-09-29 01:00:00,2017-09-29 05:00:00,0.9721,0.97214,2017-10-02 05:00:00,0.97099,0.9617600000000001,0.9787510606060607,2017-10-05 13:00:00,0.9787510606060607,loss,-1.0,1.1892704449173168,wickdiffs_W_H4_ALL_20260121_202249.csv,77.61060606060607,1.0
W,ALL,H4,H4,H4,USDCHF,short,2017-10-02,2017-10-09,0.97806,0.98368,0.005619999999999958,2017-10-06 09:00:00,2017-10-06 13:00:00,0.98331,0.98368,2017-10-18 09:00:00,0.982385,0.9724400000000001,0.9900988636363636,2017-10-24 13:00:00,0.9900988636363636,loss,-1.0,1.2892372057393546,wickdiffs_W_H4_ALL_20260121_202249.csv,77.13863636363635,1.0
W,ALL,H4,H4,H4,USDCHF,short,2021-10-25,2021-11-01,0.91591,0.92264,0.006730000000000014,2021-11-05 09:00:00,2021-11-05 13:00:00,0.9172,0.91756,2021-11-10 14:00:00,0.9168,0.90918,0.923313,2021-11-12 10:00:00,0.923313,loss,-1.0,1.1699677567940796,wickdiffs_W_H4_ALL_20260121_202249.csv,53.56363636363633,1.0
W,ALL,H1,H1,H4,USDCHF,short,2022-07-04,2022-07-11,0.97666,0.98859,0.011929999999999996,2022-07-15 18:00:00,2022-07-15 19:00:00,0.97816,0.97856,2022-07-18 09:00:00,0.97757,0.96473,0.989783,2022-07-22 09:00:00,0.96473,win,1.0513387374109686,1.0513387374109686,wickdiffs_W_H1_ALL_20260124_211252.csv,90.421212121212,1.0
W,ALL,H1,H1,H4,USDCHF,short,2024-01-15,2024-01-22,0.86818,0.87285,0.004670000000000063,2024-01-23 18:00:00,2024-01-23 19:00:00,0.87178,0.87193,2024-02-05 14:00:00,0.87015,0.8635099999999999,0.8767180303030303,2024-02-12 10:00:00,0.8767180303030303,loss,-1.0,1.0109575768760664,wickdiffs_W_H1_ALL_20260124_211252.csv,65.68030303030302,1.0
W,ALL,H4,H4,H4,USDCHF,short,2024-08-12,2024-08-19,0.86614,0.87486,0.00871999999999995,2024-08-16 13:00:00,2024-08-16 17:00:00,0.86846,0.86968,2024-10-23 05:00:00,0.86662,0.8574200000000001,0.875732,2024-11-06 10:00:00,0.875732,loss,-1.0,1.0096575943810213,wickdiffs_W_H4_ALL_20260121_202249.csv,65.47272727272721,1.0
W,ALL,H4,H4,H4,USDCHF,short,2025-05-26,2025-06-02,0.82235,0.83481,0.012460000000000027,2025-06-06 09:00:00,2025-06-06 13:00:00,0.82418,0.82484,2025-06-10 01:00:00,0.82253,0.80989,0.836056,2025-06-12 21:00:00,0.80989,win,0.9344965252107016,0.9344965252107016,wickdiffs_W_H4_ALL_20260121_202249.csv,90.15909090909084,1.0
W,ALL,H4,H4,H4,USDJPY,long,2015-01-12,2015-01-19,115.855,117.624,1.7689999999999912,2015-01-19 02:00:00,2015-01-19 06:00:00,116.921,117.023,2015-02-01 22:00:00,117.6145,119.39299999999999,115.6781,2015-02-10 10:00:00,119.39299999999999,win,0.9184569303862705,0.9184569303862705,wickdiffs_W_H4_ALL_20260121_202249.csv,129.1992424242424,1.0
W,ALL,H1,H1,H4,USDJPY,long,2015-06-29,2015-07-06,120.4125,122.771,2.3585000000000065,2015-07-12 22:00:00,2015-07-12 23:00:00,122.4425,122.458,2015-07-13 01:00:00,122.6,125.12950000000001,120.17665,2015-08-11 13:00:00,125.12950000000001,win,1.043802999979373,1.043802999979373,wickdiffs_W_H1_ALL_20260124_211252.csv,91.41515151515158,1.0
W,ALL,H4,H4,H4,USDJPY,long,2015-09-14,2015-09-21,119.057,119.9855,0.9284999999999997,2015-09-24 09:00:00,2015-09-24 13:00:00,119.2245,119.377,2015-09-29 05:00:00,119.9375,120.914,118.89215909090909,2015-10-02 13:00:00,118.89215909090909,loss,-1.0,0.9341450157625852,wickdiffs_W_H4_ALL_20260121_202249.csv,104.5340909090908,1.0
W,ALL,H1,H1,H4,USDJPY,long,2015-09-28,2015-10-05,118.681,119.9355,1.2545000000000073,2015-10-08 17:00:00,2015-10-08 18:00:00,119.681,119.8125,2015-10-13 01:00:00,119.844,121.19000000000001,118.55555,2015-10-15 05:00:00,118.55555,loss,-1.0,1.0446660716364784,wickdiffs_W_H1_ALL_20260124_211252.csv,98.12272727272716,1.0
W,ALL,H4,H4,H4,USDJPY,long,2015-10-12,2015-10-19,118.0645,119.4505,1.38600000000001,2015-10-19 09:00:00,2015-10-19 13:00:00,119.2585,119.263,2016-01-04 02:00:00,119.381,120.83650000000002,117.9259,2016-01-06 22:00:00,117.9259,loss,-1.0,1.0002748951962155,wickdiffs_W_H4_ALL_20260121_202249.csv,77.7189393939394,1.0
W,ALL,H4,H4,H4,USDJPY,long,2016-03-14,2016-03-21,110.6685,111.538,0.8695000000000022,2016-03-17 21:00:00,2016-03-18 01:00:00,110.8205,110.9455,2016-04-04 21:00:00,110.959,112.4075,109.69004545454546,2016-04-06 13:00:00,109.69004545454546,loss,-1.0,1.1414908478704684,wickdiffs_W_H4_ALL_20260121_202249.csv,126.8954545454547,1.0
W,ALL,H1,H1,H4,USDJPY,long,2019-05-06,2019-05-13,109.02,109.953,0.9330000000000069,2019-05-17 15:00:00,2019-05-17 16:00:00,109.84,109.88,2019-05-20 09:00:00,109.922,110.88600000000001,108.9267,2019-05-31 05:00:00,108.9267,loss,-1.0,0.9685521953180072,wickdiffs_W_H1_ALL_20260124_211252.csv,51.96515151515155,1.0
W,ALL,H4,H4,H4,USDJPY,long,2020-03-23,2020-03-30,106.918,108.014,1.0959999999999894,2020-04-03 01:00:00,2020-04-03 05:00:00,107.802,107.826,2020-04-13 05:00:00,107.952,109.10999999999999,106.8084,2020-04-28 09:00:00,106.8084,loss,-1.0,1.0125918153200375,wickdiffs_W_H4_ALL_20260121_202249.csv,111.7159090909092,1.0
W,ALL,H4,H4,H4,USDJPY,long,2021-07-12,2021-07-19,109.066,110.084,1.0180000000000007,2021-07-22 09:00:00,2021-07-22 13:00:00,110.015,110.042,2021-07-27 05:00:00,110.074,111.102,108.9642,2021-08-03 13:00:00,108.9642,loss,-1.0,0.9262930257704203,wickdiffs_W_H4_ALL_20260121_202249.csv,56.97575757575751,1.0
W,ALL,H4,H4,H4,USDJPY,long,2022-01-31,2022-02-07,114.156,115.199,1.0429999999999922,2022-02-07 06:00:00,2022-02-07 10:00:00,114.916,114.97,2022-02-17 06:00:00,115.094,116.24199999999999,114.05170000000001,2022-03-10 22:00:00,116.24199999999999,win,1.101410342511767,1.101410342511767,wickdiffs_W_H4_ALL_20260121_202249.csv,66.38939393939388,1.0
W,ALL,H4,H4,H4,USDJPY,long,2022-07-25,2022-08-01,130.396,133.232,2.8360000000000127,2022-08-04 17:00:00,2022-08-04 21:00:00,132.52,132.764,2022-08-10 09:00:00,133.148,136.068,130.11239999999998,2022-08-18 21:00:00,136.068,win,0.9619185663460271,0.9619185663460271,wickdiffs_W_H4_ALL_20260121_202249.csv,141.0015151515152,1.0
W,ALL,H4,H4,H4,USDJPY,long,2023-12-11,2023-12-18,140.954,142.156,1.2019999999999982,2023-12-22 10:00:00,2023-12-22 14:00:00,141.89,141.927,2023-12-27 14:00:00,142.102,143.358,140.8338,2023-12-28 06:00:00,140.8338,loss,-1.0,0.990380066235604,wickdiffs_W_H4_ALL_20260121_202249.csv,118.5606060606057,1.0
W,ALL,H1,H1,H4,USDJPY,long,2024-01-22,2024-01-29,145.898,148.168,2.2700000000000102,2024-02-02 14:00:00,2024-02-02 15:00:00,147.684,147.828,2024-02-06 18:00:00,147.95,150.43800000000002,145.671,2024-02-13 10:00:00,150.43800000000002,win,1.0917068889864117,1.0917068889864117,wickdiffs_W_H1_ALL_20260124_211252.csv,138.9515151515146,1.0
W,ALL,H1,H1,H4,USDJPY,long,2024-05-13,2024-05-20,153.602,155.642,2.039999999999992,2024-05-16 17:00:00,2024-05-16 18:00:00,155.213,155.238,2024-06-04 05:00:00,155.304,157.682,153.398,2024-06-14 01:00:00,157.682,win,1.2476390346274808,1.2476390346274808,wickdiffs_W_H1_ALL_20260124_211252.csv,110.7606060606059,1.0
W,ALL,H1,H1,H4,USDJPY,long,2024-07-29,2024-08-05,141.688,146.5,4.812000000000012,2024-08-08 07:00:00,2024-08-08 08:00:00,145.626,145.754,2024-08-19 05:00:00,146.081,151.312,141.2068,2024-09-11 01:00:00,141.2068,loss,-1.0,1.0732017561856348,wickdiffs_W_H1_ALL_20260124_211252.csv,148.1424242424243,1.0
W,ALL,H4,H4,H4,USDJPY,short,2018-08-20,2018-08-27,111.244,111.83,0.5859999999999985,2018-08-29 21:00:00,2018-08-30 01:00:00,111.738,111.756,2018-09-05 13:00:00,111.488,110.658,112.13265151515151,2018-09-06 17:00:00,110.658,win,1.2875173337720625,1.2875173337720625,wickdiffs_W_H4_ALL_20260121_202249.csv,64.46515151515145,1.0
W,ALL,H1,H1,H4,USDJPY,short,2019-10-21,2019-10-28,108.67,109.288,0.617999999999995,2019-10-30 21:00:00,2019-10-30 22:00:00,108.879,108.9,2019-11-05 06:00:00,108.856,108.052,109.51377272727272,2019-11-27 18:00:00,109.51377272727272,loss,-1.0,1.2223066823301585,wickdiffs_W_H1_ALL_20260124_211252.csv,65.77727272727276,1.0
W,ALL,H1,H1,H4,USDJPY,short,2021-05-24,2021-05-31,109.859,110.332,0.472999999999999,2021-06-04 10:00:00,2021-06-04 11:00:00,110.164,110.166,2021-06-15 09:00:00,110.101,109.386,110.66768181818182,2021-06-16 17:00:00,110.66768181818182,loss,-1.0,1.2617309697601735,wickdiffs_W_H1_ALL_20260124_211252.csv,56.66818181818178,1.0
W,ALL,H1,H1,H4,USDJPY,short,2021-08-23,2021-08-30,109.842,110.42,0.578000000000003,2021-09-03 11:00:00,2021-09-03 12:00:00,109.951,109.972,2021-09-07 05:00:00,109.926,109.264,110.4778,2021-09-15 09:00:00,109.264,win,1.1997100398695288,1.1997100398695288,wickdiffs_W_H1_ALL_20260124_211252.csv,52.7075757575757,1.0
W,ALL,H1,H1,H4,USDJPY,short,2021-11-15,2021-11-22,114.0,115.522,1.5220000000000056,2021-11-26 08:00:00,2021-11-26 09:00:00,114.365,114.422,2021-12-22 14:00:00,114.213,112.478,115.67420000000001,2022-01-04 02:00:00,115.67420000000001,loss,-1.0,1.187380235422924,wickdiffs_W_H1_ALL_20260124_211252.csv,69.78939393939382,1.0
W,ALL,H4,H4,H4,USDJPY,short,2022-01-24,2022-01-31,115.238,115.688,0.45000000000000284,2022-01-28 06:00:00,2022-01-28 10:00:00,115.67,115.688,2022-02-08 22:00:00,115.441,114.788,116.10119696969697,2022-02-10 10:00:00,116.10119696969697,loss,-1.0,0.9890987538154454,wickdiffs_W_H4_ALL_20260121_202249.csv,66.01969696969694,1.0
W,ALL,H1,H1,H4,USDJPY,short,2022-10-10,2022-10-17,148.758,151.946,3.187999999999988,2022-10-23 22:00:00,2022-10-23 23:00:00,149.45,149.714,2022-10-24 09:00:00,149.069,145.57000000000002,152.2648,2022-10-27 05:00:00,145.57000000000002,win,1.0948745228111725,1.0948745228111725,wickdiffs_W_H1_ALL_20260124_211252.csv,153.0454545454545,1.0
W,ALL,H4,H4,H4,USDJPY,short,2023-04-24,2023-05-01,136.305,137.774,1.468999999999994,2023-05-02 17:00:00,2023-05-02 21:00:00,136.614,136.704,2023-05-16 13:00:00,136.592,134.836,137.98015151515153,2023-05-18 09:00:00,137.98015151515153,loss,-1.0,1.264991595537995,wickdiffs_W_H4_ALL_20260121_202249.csv,138.8151515151515,1.0
W,ALL,H4,H4,H4,USDJPY,short,2023-12-18,2023-12-25,142.452,144.956,2.5039999999999907,2023-12-27 06:00:00,2023-12-27 10:00:00,142.662,142.838,2024-01-03 06:00:00,142.64,139.948,145.20639999999997,2024-01-05 06:00:00,145.20639999999997,loss,-1.0,1.048940149625932,wickdiffs_W_H4_ALL_20260121_202249.csv,122.8833333333329,1.0
W,ALL,H4,H4,H4,USDJPY,short,2024-05-06,2024-05-13,155.772,156.784,1.0120000000000005,2024-05-17 05:00:00,2024-05-17 09:00:00,155.92,155.98,2024-05-20 01:00:00,155.77,154.76,156.8852,2024-05-23 01:00:00,156.8852,loss,-1.0,0.9056671449067708,wickdiffs_W_H4_ALL_20260121_202249.csv,109.0590909090906,1.0
