mode,wd_variant,wd_source_ltf,entry_ltf,pair,direction,pivot_first_time,pivot_second_time,pivot_low,pivot_high,pivot_range,wd_first_time,wd_second_time,wd_low,wd_high,entry_time,entry_price,tp_price,sl_price,exit_time,exit_price,result,rr_signed,wickdiff_file,dyn_min_sl_pips,VOL
W,ALL,H4,H4,AUDCAD,long,2017-05-01,2017-05-08,1.00181,1.01267,0.01085999999999987,2017-05-11 13:00:00,2017-05-11 17:00:00,1.00802,1.00942,2017-05-16 01:00:00,1.009515,1.0235299999999998,0.9984587272727272,2017-06-01 01:00:00,0.9984587272727272,loss,-1.0,wickdiffs_W_H4_ALL_20260102_165320.csv,110.5627272727274,1.6
W,ALL,H4,H4,AUDCAD,long,2018-12-31,2019-01-07,0.90969,0.95127,0.04157999999999995,2019-01-04 10:00:00,2019-01-04 14:00:00,0.94515,0.94524,2019-01-24 22:00:00,0.94566,0.9928499999999999,0.905532,2019-07-30 13:00:00,0.905532,loss,-1.0,wickdiffs_W_H4_ALL_20260102_165320.csv,112.82636363636368,1.6
W,ALL,H4,H4,AUDCAD,long,2019-08-05,2019-08-12,0.88898,0.8973,0.008319999999999994,2019-08-12 09:00:00,2019-08-12 13:00:00,0.89222,0.89249,2019-08-25 21:00:00,0.89412,0.90562,0.8858666060606061,2019-09-11 13:00:00,0.90562,win,1.3933661817727832,wickdiffs_W_H4_ALL_20260102_165320.csv,82.53393939393933,1.6
W,ALL,H4,H4,AUDCAD,long,2019-08-26,2019-09-02,0.89068,0.89654,0.005859999999999976,2019-08-30 09:00:00,2019-08-30 13:00:00,0.89114,0.89116,2019-10-01 01:00:00,0.89184,0.9024,0.8830023333333333,2019-10-04 17:00:00,0.9024,win,1.1948855278542636,wickdiffs_W_H4_ALL_20260102_165320.csv,88.37666666666652,1.6
W,ALL,H4,H4,AUDCAD,long,2019-10-07,2019-10-14,0.88809,0.8969,0.008809999999999985,2019-10-17 17:00:00,2019-10-17 21:00:00,0.89609,0.89618,2019-10-23 01:00:00,0.89666,0.90571,0.887209,2019-10-30 13:00:00,0.90571,win,0.9575706274468326,wickdiffs_W_H4_ALL_20260102_165320.csv,91.1051515151514,1.6
W,ALL,H4,H4,AUDCAD,long,2022-07-11,2022-07-18,0.87359,0.88488,0.011290000000000022,2022-07-15 05:00:00,2022-07-15 09:00:00,0.88186,0.88204,2022-09-08 01:00:00,0.88374,0.89617,0.8717948787878788,2022-09-13 09:00:00,0.89617,win,1.0405922032324653,wickdiffs_W_H4_ALL_20260102_165320.csv,119.45121212121197,1.6
W,ALL,H4,H4,AUDCAD,long,2022-09-05,2022-09-12,0.88172,0.8912,0.009480000000000044,2022-09-15 17:00:00,2022-09-15 21:00:00,0.88582,0.88616,2022-09-23 17:00:00,0.888,0.90068,0.8768488181818183,2022-10-04 13:00:00,0.8768488181818183,loss,-1.0,wickdiffs_W_H4_ALL_20260102_165320.csv,111.51181818181806,1.6
W,ALL,H4,H4,AUDCAD,short,2015-06-29,2015-07-06,0.94549,0.96648,0.020989999999999953,2015-07-01 21:00:00,2015-07-02 01:00:00,0.96357,0.963945,2015-07-21 13:00:00,0.96276,0.9245000000000001,0.9884378523489932,2015-09-03 13:00:00,0.9245000000000001,win,1.49,wickdiffs_W_H4_ALL_20260102_165320.csv,149.94727272727272,1.6
W,ALL,H4,H4,AUDCAD,short,2016-02-08,2016-02-15,0.98418,0.99312,0.008939999999999948,2016-02-11 18:00:00,2016-02-11 22:00:00,0.99182,0.99274,2016-02-22 18:00:00,0.990625,0.9752400000000001,1.006246090909091,2016-02-26 10:00:00,0.9752400000000001,win,0.9848864006704141,wickdiffs_W_H4_ALL_20260102_165320.csv,156.21090909090907,1.6
W,ALL,H4,H4,AUDCAD,short,2017-02-27,2017-03-06,1.016125,1.02541,0.009284999999999988,2017-03-07 14:00:00,2017-03-07 18:00:00,1.02017,1.02068,2017-03-13 05:00:00,1.01882,1.00684,1.0302109393939394,2017-03-20 05:00:00,1.0302109393939394,loss,-1.0,wickdiffs_W_H4_ALL_20260102_165320.csv,113.90939393939394,1.6
W,ALL,H4,H4,AUDCAD,short,2017-11-20,2017-11-27,0.96812,0.97848,0.010360000000000036,2017-12-01 14:00:00,2017-12-01 18:00:00,0.96917,0.97101,2017-12-05 02:00:00,0.968495,0.95776,0.979516,2017-12-13 14:00:00,0.979516,loss,-1.0,wickdiffs_W_H4_ALL_20260102_165320.csv,102.46666666666681,1.6
W,ALL,H4,H4,AUDCAD,short,2018-02-12,2018-02-19,0.99306,0.99904,0.005979999999999985,2018-02-22 14:00:00,2018-02-22 18:00:00,0.99788,0.99804,2018-02-28 10:00:00,0.99779,0.9870800000000001,1.0080618181818182,2018-03-05 18:00:00,1.0080618181818182,loss,-1.0,wickdiffs_W_H4_ALL_20260102_165320.csv,102.71818181818176,1.6
W,ALL,H4,H4,AUDCAD,short,2018-06-04,2018-06-11,0.98231,0.99346,0.011149999999999993,2018-06-06 17:00:00,2018-06-06 21:00:00,0.993,0.99346,2018-06-22 09:00:00,0.99089,0.97116,1.0041316107382552,2018-06-29 13:00:00,0.97116,win,1.49,wickdiffs_W_H4_ALL_20260102_165320.csv,93.33878787878787,1.6
W,ALL,H4,H4,AUDCAD,short,2018-12-10,2018-12-17,0.96046,0.97032,0.00985999999999998,2018-12-21 10:00:00,2018-12-21 14:00:00,0.96176,0.96288,2018-12-28 10:00:00,0.96172,0.9506,0.9724641515151515,2019-01-02 14:00:00,0.9506,win,1.0349816813657629,wickdiffs_W_H4_ALL_20260102_165320.csv,107.44151515151509,1.6
W,ALL,H4,H4,AUDCAD,short,2019-11-18,2019-11-25,0.90258,0.90698,0.0043999999999999595,2019-11-21 10:00:00,2019-11-21 14:00:00,0.90662,0.90698,2019-12-02 14:00:00,0.90644,0.8981800000000001,0.9147034848484848,2019-12-05 10:00:00,0.8981800000000001,win,0.9995782834301965,wickdiffs_W_H4_ALL_20260102_165320.csv,82.6348484848486,1.6
W,ALL,H4,H4,AUDCAD,short,2020-03-02,2020-03-09,0.89091,0.90604,0.015129999999999977,2020-03-10 05:00:00,2020-03-10 09:00:00,0.89936,0.8995,2020-04-22 01:00:00,0.89616,0.87578,0.9151620606060605,2020-05-20 13:00:00,0.9151620606060605,loss,-1.0,wickdiffs_W_H4_ALL_20260102_165320.csv,190.020606060606,1.6
W,ALL,H4,H4,AUDCAD,short,2021-04-12,2021-04-19,0.96752,0.97593,0.008409999999999918,2021-04-21 21:00:00,2021-04-22 01:00:00,0.97001,0.9701,2021-04-26 09:00:00,0.96982,0.9591100000000001,0.9800490000000001,2021-04-28 13:00:00,0.9591100000000001,win,1.0470231694202643,wickdiffs_W_H4_ALL_20260102_165320.csv,102.29000000000002,1.6
W,ALL,H4,H4,AUDCAD,short,2022-03-28,2022-04-04,0.93846,0.95162,0.01316000000000006,2022-04-06 21:00:00,2022-04-07 01:00:00,0.94304,0.94408,2022-04-12 13:00:00,0.94294,0.9252999999999999,0.9547789261744967,2022-04-21 13:00:00,0.9252999999999999,win,1.49,wickdiffs_W_H4_ALL_20260102_165320.csv,106.32030303030311,1.6
W,ALL,H4,H4,AUDCAD,short,2022-10-24,2022-10-31,0.87258,0.8834,0.01081999999999994,2022-10-27 01:00:00,2022-10-27 05:00:00,0.88237,0.88319,2022-11-10 18:00:00,0.88173,0.8617600000000001,0.8951326845637584,2022-11-15 06:00:00,0.8951326845637584,loss,-1.0,wickdiffs_W_H4_ALL_20260102_165320.csv,121.71181818181833,1.6
W,ALL,H4,H4,AUDCAD,short,2023-01-09,2023-01-16,0.93443,0.94449,0.010060000000000069,2023-01-18 10:00:00,2023-01-18 14:00:00,0.94314,0.94449,2023-01-24 14:00:00,0.94136,0.9243699999999999,0.9553366666666666,2023-02-06 14:00:00,0.9243699999999999,win,1.2155974242785632,wickdiffs_W_H4_ALL_20260102_165320.csv,139.76666666666674,1.6
W,ALL,H4,H4,AUDCHF,long,2016-02-08,2016-02-15,0.67534,0.694455,0.019114999999999993,2016-02-12 10:00:00,2016-02-12 14:00:00,0.68886,0.691,2018-09-07 01:00:00,0.69159,0.71357,0.6734285000000001,2018-10-30 13:00:00,0.71357,win,1.2102524571208364,wickdiffs_W_H4_ALL_20260102_165320.csv,91.48333333333335,1.6
W,ALL,H4,H4,AUDCHF,long,2017-01-23,2017-01-30,0.74796,0.754215,0.0062550000000000106,2017-01-31 22:00:00,2017-02-01 02:00:00,0.74796,0.74874,2017-03-27 13:00:00,0.751185,0.76047,0.7417004848484848,2017-03-29 05:00:00,0.76047,win,0.9789641169497946,wickdiffs_W_H4_ALL_20260102_165320.csv,94.84515151515161,1.6
W,ALL,H4,H4,AUDCHF,long,2018-02-12,2018-02-19,0.72764,0.733595,0.005955000000000044,2018-02-23 06:00:00,2018-02-23 10:00:00,0.72992,0.73,2018-03-01 02:00:00,0.730415,0.73955,0.7208266363636364,2018-03-08 14:00:00,0.73955,win,0.9527173088592235,wickdiffs_W_H4_ALL_20260102_165320.csv,95.88363636363638,1.6
W,ALL,H4,H4,AUDCHF,long,2018-08-06,2018-08-13,0.71702,0.72659,0.009569999999999967,2018-08-15 21:00:00,2018-08-16 01:00:00,0.71702,0.71793,2018-08-23 01:00:00,0.7182,0.7361599999999999,0.7061463087248322,2018-08-30 01:00:00,0.7061463087248322,loss,-1.0,wickdiffs_W_H4_ALL_20260102_165320.csv,94.11727272727279,1.6
W,ALL,H4,H4,AUDCHF,long,2018-12-24,2018-12-31,0.66488,0.69296,0.028079999999999994,2019-01-03 18:00:00,2019-01-03 22:00:00,0.68949,0.69088,2019-05-24 05:00:00,0.69172,0.72104,0.662072,2019-08-05 01:00:00,0.662072,loss,-1.0,wickdiffs_W_H4_ALL_20260102_165320.csv,81.0751515151515,1.6
W,ALL,H4,H4,AUDCHF,long,2019-07-08,2019-07-15,0.68561,0.69098,0.005369999999999986,2019-07-10 05:00:00,2019-07-10 09:00:00,0.68561,0.68608,2019-07-26 13:00:00,0.68652,0.69635,0.6791450909090909,2019-07-31 17:00:00,0.6791450909090909,loss,-1.0,wickdiffs_W_H4_ALL_20260102_165320.csv,73.74909090909088,1.6
W,ALL,H4,H4,AUDCHF,long,2019-08-05,2019-08-12,0.65084,0.6601,0.009260000000000046,2019-08-13 09:00:00,2019-08-13 13:00:00,0.65238,0.6529,2019-08-25 21:00:00,0.65482,0.6693600000000001,0.645061610738255,2019-09-04 01:00:00,0.6693600000000001,win,1.49,wickdiffs_W_H4_ALL_20260102_165320.csv,82.21303030303037,1.6
W,ALL,H4,H4,AUDCHF,long,2021-03-22,2021-03-29,0.70892,0.71704,0.008120000000000016,2021-04-01 01:00:00,2021-04-01 05:00:00,0.71238,0.71322,2021-04-06 21:00:00,0.71428,0.72516,0.7050348181818182,2021-04-09 05:00:00,0.7050348181818182,loss,-1.0,wickdiffs_W_H4_ALL_20260102_165320.csv,92.45181818181811,1.6
W,ALL,H4,H4,AUDCHF,long,2022-08-01,2022-08-08,0.6582,0.66475,0.006549999999999945,2022-08-02 05:00:00,2022-08-02 09:00:00,0.6582,0.65848,2022-08-18 01:00:00,0.65958,0.6712999999999999,0.6477986060606061,2022-08-25 05:00:00,0.6712999999999999,win,0.9947889070079552,wickdiffs_W_H4_ALL_20260102_165320.csv,117.81393939393936,1.6
W,ALL,H4,H4,AUDCHF,short,2015-06-08,2015-06-15,0.71759,0.729255,0.011665000000000036,2015-06-15 09:00:00,2015-06-15 13:00:00,0.727445,0.729255,2015-06-25 09:00:00,0.72606,0.7059249999999999,0.7413542272727273,2015-07-05 21:00:00,0.7059249999999999,win,1.316509794247988,wickdiffs_W_H4_ALL_20260102_165320.csv,152.94227272727255,1.6
W,ALL,H4,H4,AUDCHF,short,2015-06-22,2015-06-29,0.714225,0.728765,0.014539999999999997,2015-06-25 09:00:00,2015-06-25 13:00:00,0.72735,0.728765,2015-08-07 13:00:00,0.72699,0.699685,0.7453155033557047,2015-08-21 01:00:00,0.699685,win,1.4899999999999998,wickdiffs_W_H4_ALL_20260102_165320.csv,144.0207575757574,1.6
W,ALL,H4,H4,AUDCHF,short,2015-11-23,2015-11-30,0.740915,0.75493,0.014015,2015-12-03 06:00:00,2015-12-03 10:00:00,0.75056,0.752755,2016-03-09 10:00:00,0.74927,0.7269,0.7676398333333333,2016-04-04 21:00:00,0.7269,win,1.2177573739554888,wickdiffs_W_H4_ALL_20260102_165320.csv,183.6983333333333,1.6
W,ALL,H4,H4,AUDCHF,short,2016-08-29,2016-09-05,0.742425,0.75005,0.007624999999999993,2016-09-08 05:00:00,2016-09-08 09:00:00,0.74842,0.7491,2016-09-29 01:00:00,0.746005,0.7348,0.756878893939394,2016-09-30 05:00:00,0.7348,win,1.030449631240797,wickdiffs_W_H4_ALL_20260102_165320.csv,108.73893939393938,1.6
W,ALL,H4,H4,AUDCHF,short,2016-11-07,2016-11-14,0.745665,0.76492,0.019255000000000022,2016-11-15 18:00:00,2016-11-15 22:00:00,0.75742,0.75749,2016-11-25 06:00:00,0.754245,0.72641,0.7729262080536914,2017-02-15 06:00:00,0.7729262080536914,loss,-1.0,wickdiffs_W_H4_ALL_20260102_165320.csv,119.68818181818176,1.6
W,ALL,H4,H4,AUDCHF,short,2017-02-06,2017-02-13,0.769565,0.77637,0.00680499999999995,2017-02-15 18:00:00,2017-02-15 22:00:00,0.775885,0.77637,2017-02-21 22:00:00,0.775825,0.7627600000000001,0.7854297272727273,2017-03-09 02:00:00,0.7627600000000001,win,1.3602676712224901,wickdiffs_W_H4_ALL_20260102_165320.csv,96.04727272727283,1.6
W,ALL,H4,H4,AUDCHF,short,2017-12-18,2017-12-25,0.763375,0.76959,0.0062149999999999705,2017-12-27 10:00:00,2017-12-27 14:00:00,0.76893,0.76959,2018-01-09 06:00:00,0.76789,0.75716,0.7762585757575757,2018-01-25 14:00:00,0.75716,win,1.282177554560157,wickdiffs_W_H4_ALL_20260102_165320.csv,83.68575757575763,1.6
W,ALL,H4,H4,AUDCHF,short,2020-07-13,2020-07-20,0.65654,0.66872,0.012179999999999969,2020-07-23 13:00:00,2020-07-23 17:00:00,0.6592,0.6602,2020-07-28 01:00:00,0.65812,0.64436,0.6699379999999999,2020-09-01 09:00:00,0.6699379999999999,loss,-1.0,wickdiffs_W_H4_ALL_20260102_165320.csv,115.69727272727263,1.6
W,ALL,H4,H4,AUDCHF,short,2021-10-11,2021-10-18,0.6851,0.69328,0.008179999999999965,2021-10-20 21:00:00,2021-10-21 01:00:00,0.69189,0.69328,2021-10-26 01:00:00,0.69186,0.6769200000000001,0.7018868456375839,2021-11-04 09:00:00,0.6769200000000001,win,1.49,wickdiffs_W_H4_ALL_20260102_165320.csv,84.6145454545454,1.6
W,ALL,H4,H4,AUDCHF,short,2022-10-03,2022-10-10,0.6331,0.64802,0.014920000000000044,2022-10-06 01:00:00,2022-10-06 05:00:00,0.641,0.64122,2022-10-26 09:00:00,0.6406,0.61818,0.6556469798657718,2022-12-20 02:00:00,0.61818,win,1.49,wickdiffs_W_H4_ALL_20260102_165320.csv,112.63848484848475,1.6
W,ALL,H4,H4,AUDCHF,short,2023-03-27,2023-04-03,0.61178,0.62018,0.008399999999999963,2023-04-04 21:00:00,2023-04-05 01:00:00,0.61278,0.61411,2023-06-12 09:00:00,0.6126,0.60338,0.6216763636363637,2023-06-22 05:00:00,0.60338,win,1.015825320512821,wickdiffs_W_H4_ALL_20260102_165320.csv,90.76363636363638,1.6
W,ALL,H4,H4,AUDCHF,short,2024-12-30,2025-01-06,0.56458,0.56984,0.005260000000000042,2025-01-07 10:00:00,2025-01-07 14:00:00,0.56915,0.56984,2025-01-15 22:00:00,0.56771,0.5593199999999999,0.5748779090909092,2025-02-03 02:00:00,0.5593199999999999,win,1.1704947556660537,wickdiffs_W_H4_ALL_20260102_165320.csv,71.67909090909089,1.6
W,ALL,H4,H4,AUDJPY,long,2015-07-06,2015-07-13,89.168,91.417,2.2489999999999952,2015-07-08 21:00:00,2015-07-09 01:00:00,89.168,89.37,2015-07-28 01:00:00,90.363,93.666,88.14622147651006,2015-08-23 21:00:00,88.14622147651006,loss,-1.0,wickdiffs_W_H4_ALL_20260102_165320.csv,162.60499999999993,1.6
W,ALL,H4,H4,AUDJPY,long,2017-03-20,2017-03-27,83.826,84.8805,1.0545000000000044,2017-03-28 09:00:00,2017-03-28 13:00:00,83.826,83.964,2017-04-03 21:00:00,83.992,85.935,82.68797315436242,2017-04-11 13:00:00,82.68797315436242,loss,-1.0,wickdiffs_W_H4_ALL_20260102_165320.csv,127.8893939393939,1.6
W,ALL,H4,H4,AUDJPY,long,2018-06-18,2018-06-25,80.63,81.837,1.2070000000000078,2018-06-29 09:00:00,2018-06-29 13:00:00,81.484,81.652,2018-07-02 05:00:00,81.732,83.04400000000001,80.5093,2018-07-10 01:00:00,83.04400000000001,win,1.0730350862844593,wickdiffs_W_H4_ALL_20260102_165320.csv,120.6006060606062,1.6
W,ALL,H4,H4,AUDJPY,long,2018-10-08,2018-10-15,79.059,79.839,0.7800000000000011,2018-10-10 17:00:00,2018-10-10 21:00:00,79.059,79.098,2018-10-23 13:00:00,79.457,80.619,78.26019393939393,2018-11-01 05:00:00,80.619,win,0.9709175431578018,wickdiffs_W_H4_ALL_20260102_165320.csv,119.68060606060632,1.6
W,ALL,H4,H4,AUDJPY,long,2019-08-05,2019-08-12,70.746,71.716,0.9699999999999989,2019-08-13 09:00:00,2019-08-13 13:00:00,71.023,71.056,2019-08-23 13:00:00,71.137,72.68599999999999,70.09740268456376,2019-08-25 21:00:00,70.09740268456376,loss,-1.0,wickdiffs_W_H4_ALL_20260102_165320.csv,95.04696969696992,1.6
W,ALL,H4,H4,AUDJPY,long,2021-03-22,2021-03-29,82.288,83.761,1.472999999999999,2021-04-01 01:00:00,2021-04-01 05:00:00,83.434,83.458,2021-04-08 05:00:00,83.506,85.234,82.1407,2021-05-07 13:00:00,85.234,win,1.2656558998022327,wickdiffs_W_H4_ALL_20260102_165320.csv,114.6584848484849,1.6
W,ALL,H4,H4,AUDJPY,long,2022-12-19,2022-12-26,87.024,89.156,2.132000000000005,2022-12-22 14:00:00,2022-12-22 18:00:00,88.072,88.083,2023-01-02 22:00:00,88.262,91.28800000000001,86.23112751677851,2023-01-09 02:00:00,91.28800000000001,win,1.4899999999999998,wickdiffs_W_H4_ALL_20260102_165320.csv,194.72515151515142,1.6
W,ALL,H4,H4,AUDJPY,long,2023-07-10,2023-07-17,93.274,94.916,1.641999999999996,2023-07-12 05:00:00,2023-07-12 09:00:00,93.274,93.3,2023-07-27 17:00:00,93.561,96.55799999999999,91.54959060402686,2023-09-29 05:00:00,96.55799999999999,win,1.4899999999999998,wickdiffs_W_H4_ALL_20260102_165320.csv,157.1827272727273,1.6
W,ALL,H4,H4,AUDJPY,short,2015-05-11,2015-05-18,95.886,97.2995,1.413499999999999,2015-05-14 09:00:00,2015-05-14 13:00:00,96.7445,96.827,2015-06-03 01:00:00,96.575,94.4725,98.14110303030303,2015-06-10 21:00:00,94.4725,win,1.3425042665252935,wickdiffs_W_H4_ALL_20260102_165320.csv,156.61030303030282,1.6
W,ALL,H4,H4,AUDJPY,short,2017-02-06,2017-02-13,86.917,88.182,1.2650000000000006,2017-02-16 22:00:00,2017-02-17 02:00:00,87.448,87.46,2017-03-01 22:00:00,87.326,85.652,88.64923333333333,2017-03-21 21:00:00,85.652,win,1.265083003753426,wickdiffs_W_H4_ALL_20260102_165320.csv,132.32333333333338,1.6
W,ALL,H4,H4,AUDJPY,short,2017-02-27,2017-03-06,86.621,87.486,0.8650000000000091,2017-03-10 10:00:00,2017-03-10 14:00:00,87.06,87.074,2017-03-15 13:00:00,87.059,85.75599999999999,88.34766969696969,2017-03-21 21:00:00,85.75599999999999,win,1.0111202296942439,wickdiffs_W_H4_ALL_20260102_165320.csv,128.86696969696968,1.6
W,ALL,H4,H4,AUDJPY,short,2017-07-10,2017-07-17,88.0975,89.334,1.2365000000000066,2017-07-20 17:00:00,2017-07-20 21:00:00,89.0505,89.151,2017-07-26 17:00:00,89.002,86.86099999999999,90.43891275167785,2017-08-08 21:00:00,86.86099999999999,win,1.49,wickdiffs_W_H4_ALL_20260102_165320.csv,125.04757575757583,1.6
W,ALL,H4,H4,AUDJPY,short,2018-05-14,2018-05-21,83.192,84.482,1.2900000000000063,2018-05-22 05:00:00,2018-05-22 09:00:00,84.382,84.482,2018-06-06 09:00:00,84.352,81.90199999999999,85.99629530201344,2018-06-18 13:00:00,81.90199999999999,win,1.49,wickdiffs_W_H4_ALL_20260102_165320.csv,127.54848484848479,1.6
W,ALL,H4,H4,AUDJPY,short,2018-06-04,2018-06-11,83.221,84.538,1.316999999999993,2018-06-14 09:00:00,2018-06-14 13:00:00,83.364,83.375,2018-07-12 13:00:00,83.336,81.90400000000001,84.66969999999999,2018-07-24 01:00:00,81.90400000000001,win,1.0737047311989167,wickdiffs_W_H4_ALL_20260102_165320.csv,119.98787878787886,1.6
W,ALL,H4,H4,AUDJPY,short,2020-03-23,2020-03-30,66.534,67.71,1.1759999999999877,2020-03-25 05:00:00,2020-03-25 09:00:00,67.555,67.71,2020-04-07 09:00:00,67.528,65.35800000000002,69.54215151515152,2020-04-28 17:00:00,69.54215151515152,loss,-1.0,wickdiffs_W_H4_ALL_20260102_165320.csv,201.41515151515162,1.6
W,ALL,H4,H4,AUDJPY,short,2020-11-09,2020-11-16,76.078,77.101,1.0229999999999961,2020-11-17 02:00:00,2020-11-17 06:00:00,76.526,76.562,2020-11-24 02:00:00,76.382,75.055,77.55216363636364,2020-12-03 06:00:00,77.55216363636364,loss,-1.0,wickdiffs_W_H4_ALL_20260102_165320.csv,117.01636363636362,1.6
W,ALL,H4,H4,AUDJPY,short,2021-10-11,2021-10-18,84.793,86.254,1.4609999999999985,2021-10-20 21:00:00,2021-10-21 01:00:00,86.052,86.254,2021-10-27 01:00:00,85.798,83.33200000000001,87.45303355704698,2021-11-09 14:00:00,83.33200000000001,win,1.49,wickdiffs_W_H4_ALL_20260102_165320.csv,116.92515151515157,1.6
W,ALL,H4,H4,AUDJPY,short,2022-05-02,2022-05-09,92.372,94.034,1.6620000000000061,2022-05-05 05:00:00,2022-05-05 09:00:00,93.684,93.791,2022-06-02 09:00:00,93.653,90.71,95.75646363636365,2022-06-07 01:00:00,95.75646363636365,loss,-1.0,wickdiffs_W_H4_ALL_20260102_165320.csv,210.34636363636392,1.6
W,ALL,H4,H4,AUDJPY,short,2023-03-27,2023-04-03,88.794,90.172,1.3780000000000001,2023-04-03 21:00:00,2023-04-04 01:00:00,90.001,90.172,2023-04-13 17:00:00,89.936,87.416,91.7012393939394,2023-05-02 01:00:00,91.7012393939394,loss,-1.0,wickdiffs_W_H4_ALL_20260102_165320.csv,176.5239393939395,1.6
W,ALL,H4,H4,AUDJPY,short,2023-05-01,2023-05-08,91.052,92.438,1.3859999999999957,2023-05-08 17:00:00,2023-05-08 21:00:00,91.734,91.74,2023-05-17 17:00:00,91.69,89.66600000000001,93.35786060606061,2023-06-07 09:00:00,93.35786060606061,loss,-1.0,wickdiffs_W_H4_ALL_20260102_165320.csv,166.78606060606074,1.6
W,ALL,H4,H4,AUDNZD,long,2015-02-09,2015-02-16,1.03014,1.04125,0.011109999999999953,2015-02-19 06:00:00,2015-02-19 10:00:00,1.03014,1.032185,2015-02-27 02:00:00,1.033625,1.05236,1.0197294848484848,2015-03-11 09:00:00,1.05236,win,1.3482767494199126,wickdiffs_W_H4_ALL_20260102_165320.csv,138.95515151515116,1.6
W,ALL,H4,H4,AUDNZD,long,2017-05-01,2017-05-08,1.0611,1.07199,0.010890000000000066,2017-05-10 17:00:00,2017-05-10 21:00:00,1.0611,1.06148,2017-05-25 09:00:00,1.06178,1.08288,1.0476189261744966,2017-05-31 09:00:00,1.0476189261744966,loss,-1.0,wickdiffs_W_H4_ALL_20260102_165320.csv,105.21515151515143,1.6
W,ALL,H4,H4,AUDNZD,long,2020-11-23,2020-11-30,1.0418,1.05097,0.0091699999999999,2020-12-03 10:00:00,2020-12-03 14:00:00,1.04753,1.04924,2021-08-04 01:00:00,1.0495,1.0601399999999999,1.040883,2021-08-30 21:00:00,1.040883,loss,-1.0,wickdiffs_W_H4_ALL_20260102_165320.csv,78.62969696969685,1.6
W,ALL,H4,H4,AUDNZD,short,2015-08-24,2015-08-31,1.10957,1.14723,0.03766000000000003,2015-08-31 17:00:00,2015-08-31 21:00:00,1.12264,1.126435,2015-09-10 09:00:00,1.122145,1.07191,1.155859765100671,2015-10-14 21:00:00,1.07191,win,1.49,wickdiffs_W_H4_ALL_20260102_165320.csv,182.4596969696969,1.6
W,ALL,H4,H4,AUDNZD,short,2016-03-07,2016-03-14,1.12138,1.13184,0.010459999999999914,2016-03-15 21:00:00,2016-03-16 01:00:00,1.13156,1.13184,2016-03-23 01:00:00,1.13058,1.1109200000000001,1.1459819999999998,2016-03-29 13:00:00,1.1109200000000001,win,1.2764576029086976,wickdiffs_W_H4_ALL_20260102_165320.csv,154.0200000000002,1.6
W,ALL,H4,H4,AUDNZD,short,2018-12-31,2019-01-07,1.05644,1.06386,0.007419999999999982,2019-01-10 18:00:00,2019-01-10 22:00:00,1.05996,1.06074,2019-01-16 10:00:00,1.05916,1.04902,1.069195575757576,2019-01-24 02:00:00,1.04902,win,1.010405406221508,wickdiffs_W_H4_ALL_20260102_165320.csv,100.35575757575745,1.6
W,ALL,H4,H4,AUDNZD,short,2020-02-17,2020-02-24,1.04354,1.04792,0.0043800000000000505,2020-02-19 02:00:00,2020-02-19 06:00:00,1.047445,1.04792,2020-03-02 02:00:00,1.04734,1.0391599999999999,1.0545158787878788,2020-03-09 01:00:00,1.0391599999999999,win,1.1399300687488492,wickdiffs_W_H4_ALL_20260102_165320.csv,71.75878787878789,1.6
W,ALL,H4,H4,AUDNZD,short,2020-04-20,2020-04-27,1.06274,1.07516,0.012419999999999876,2020-04-30 05:00:00,2020-04-30 09:00:00,1.06948,1.06953,2020-05-07 05:00:00,1.0686,1.0503200000000001,1.0816163333333333,2020-05-15 13:00:00,1.0816163333333333,loss,-1.0,wickdiffs_W_H4_ALL_20260102_165320.csv,130.1633333333332,1.6
W,ALL,H4,H4,AUDNZD,short,2022-06-20,2022-06-27,1.09915,1.1091,0.009949999999999903,2022-06-30 01:00:00,2022-06-30 05:00:00,1.10869,1.1091,2022-07-07 21:00:00,1.10791,1.0892000000000002,1.1204670469798657,2022-08-25 13:00:00,1.1204670469798657,loss,-1.0,wickdiffs_W_H4_ALL_20260102_165320.csv,101.90696969696958,1.6
W,ALL,H4,H4,AUDNZD,short,2023-08-21,2023-08-28,1.08486,1.0897,0.0048399999999999554,2023-08-31 09:00:00,2023-08-31 13:00:00,1.089,1.0897,2023-09-14 13:00:00,1.08876,1.08002,1.0975748484848484,2023-09-22 09:00:00,1.08002,win,0.9915088177661643,wickdiffs_W_H4_ALL_20260102_165320.csv,88.14848484848469,1.6
W,ALL,H4,H4,AUDNZD,short,2023-10-23,2023-10-30,1.0903,1.09438,0.0040799999999998615,2023-11-01 17:00:00,2023-11-01 21:00:00,1.09374,1.09438,2024-04-03 13:00:00,1.09332,1.0862200000000002,1.0999318181818183,2024-04-17 01:00:00,1.0862200000000002,win,1.0738347311975678,wickdiffs_W_H4_ALL_20260102_165320.csv,66.1181818181815,1.6
W,ALL,H4,H4,AUDNZD,short,2024-01-22,2024-01-29,1.0796,1.08332,0.0037200000000001676,2024-01-22 22:00:00,2024-01-23 02:00:00,1.08328,1.08332,2024-03-20 17:00:00,1.08318,1.0758799999999997,1.0897029393939395,2024-03-25 21:00:00,1.0897029393939395,loss,-1.0,wickdiffs_W_H4_ALL_20260102_165320.csv,65.2293939393937,1.6
W,ALL,H4,H4,AUDNZD,short,2024-11-04,2024-11-11,1.10294,1.10918,0.006240000000000023,2024-11-13 22:00:00,2024-11-14 02:00:00,1.10456,1.10496,2024-11-18 06:00:00,1.10447,1.0967,1.1120102727272727,2024-11-21 22:00:00,1.1120102727272727,loss,-1.0,wickdiffs_W_H4_ALL_20260102_165320.csv,75.40272727272729,1.6
W,ALL,H4,H4,AUDUSD,long,2015-12-14,2015-12-21,0.709715,0.71743,0.007715000000000027,2015-12-17 14:00:00,2015-12-17 18:00:00,0.709715,0.710925,2016-01-06 02:00:00,0.71203,0.725145,0.6993663636363637,2016-01-07 10:00:00,0.6993663636363637,loss,-1.0,wickdiffs_W_H4_ALL_20260102_165320.csv,126.6363636363636,1.6
W,ALL,H4,H4,AUDUSD,long,2018-04-30,2018-05-07,0.74126,0.7539,0.012639999999999985,2018-05-09 21:00:00,2018-05-10 01:00:00,0.74498,0.74549,2018-05-15 13:00:00,0.74794,0.76654,0.73545677852349,2018-06-04 09:00:00,0.76654,win,1.49,wickdiffs_W_H4_ALL_20260102_165320.csv,99.59303030303039,1.6
W,ALL,H4,H4,AUDUSD,long,2020-12-21,2020-12-28,0.7462,0.75916,0.012959999999999972,2020-12-28 14:00:00,2020-12-28 18:00:00,0.75573,0.75674,2021-02-02 14:00:00,0.7585,0.7721199999999999,0.744904,2021-02-09 02:00:00,0.7721199999999999,win,1.0017652250661977,wickdiffs_W_H4_ALL_20260102_165320.csv,115.53030303030295,1.6
W,ALL,H4,H4,AUDUSD,long,2022-08-29,2022-09-05,0.66992,0.68119,0.011270000000000002,2022-09-07 09:00:00,2022-09-07 13:00:00,0.66992,0.67034,2022-09-15 13:00:00,0.67176,0.69246,0.657707090909091,2022-09-22 05:00:00,0.657707090909091,loss,-1.0,wickdiffs_W_H4_ALL_20260102_165320.csv,140.52909090909088,1.6
W,ALL,H4,H4,AUDUSD,short,2019-03-11,2019-03-18,0.70848,0.71683,0.008349999999999969,2019-03-22 01:00:00,2019-03-22 05:00:00,0.71076,0.71152,2019-03-25 09:00:00,0.7104,0.70013,0.7203654545454545,2019-04-17 01:00:00,0.7203654545454545,loss,-1.0,wickdiffs_W_H4_ALL_20260102_165320.csv,99.65454545454534,1.6
W,ALL,H4,H4,AUDUSD,short,2020-08-10,2020-08-17,0.71707,0.72755,0.010480000000000045,2020-08-19 05:00:00,2020-08-19 09:00:00,0.72724,0.72755,2020-08-27 13:00:00,0.72421,0.7065899999999999,0.7367249393939395,2020-08-28 17:00:00,0.7367249393939395,loss,-1.0,wickdiffs_W_H4_ALL_20260102_165320.csv,125.14939393939395,1.6
W,ALL,H4,H4,AUDUSD,short,2021-01-18,2021-01-25,0.77156,0.77822,0.006659999999999999,2021-01-21 18:00:00,2021-01-21 22:00:00,0.77692,0.777,2021-02-11 10:00:00,0.77672,0.7649,0.7875124242424242,2021-02-19 14:00:00,0.7875124242424242,loss,-1.0,wickdiffs_W_H4_ALL_20260102_165320.csv,107.92424242424231,1.6
W,ALL,H4,H4,AUDUSD,short,2022-05-02,2022-05-09,0.70766,0.72664,0.018979999999999997,2022-05-06 13:00:00,2022-05-06 17:00:00,0.71056,0.71174,2022-05-23 05:00:00,0.71034,0.68868,0.7285379999999999,2022-06-14 09:00:00,0.68868,win,1.1902406857896521,wickdiffs_W_H4_ALL_20260102_165320.csv,138.55393939393943,1.6
W,ALL,H4,H4,AUDUSD,short,2023-01-09,2023-01-16,0.6976,0.70638,0.00878000000000001,2023-01-18 10:00:00,2023-01-18 14:00:00,0.70558,0.70638,2023-01-24 14:00:00,0.70454,0.68882,0.7204494242424243,2023-02-06 10:00:00,0.68882,win,0.9880935828011271,wickdiffs_W_H4_ALL_20260102_165320.csv,159.0942424242423,1.6
W,ALL,H4,H4,AUDUSD,short,2023-03-27,2023-04-03,0.6685,0.67934,0.010840000000000072,2023-04-03 21:00:00,2023-04-04 01:00:00,0.67888,0.67934,2023-04-13 17:00:00,0.67838,0.6576599999999999,0.6922860402684564,2023-04-28 09:00:00,0.6576599999999999,win,1.49,wickdiffs_W_H4_ALL_20260102_165320.csv,127.05727272727273,1.6
W,ALL,H4,H4,CADCHF,long,2015-01-19,2015-01-26,0.69066,0.70858,0.017919999999999936,2015-01-25 22:00:00,2015-01-26 02:00:00,0.70376,0.704415,2015-08-24 09:00:00,0.7056,0.7264999999999999,0.688868,2015-08-27 13:00:00,0.7264999999999999,win,1.2491035142242384,wickdiffs_W_H4_ALL_20260102_165320.csv,125.59409090909082,1.6
W,ALL,H4,H4,CADCHF,long,2015-04-27,2015-05-04,0.75156,0.76707,0.015510000000000024,2015-05-08 05:00:00,2015-05-08 09:00:00,0.76053,0.76092,2015-05-14 09:00:00,0.76354,0.78258,0.7495200909090909,2015-05-29 13:00:00,0.7495200909090909,loss,-1.0,wickdiffs_W_H4_ALL_20260102_165320.csv,140.199090909091,1.6
W,ALL,H4,H4,CADCHF,long,2015-10-12,2015-10-19,0.7286,0.738685,0.01008500000000001,2015-10-21 13:00:00,2015-10-21 17:00:00,0.7286,0.72888,2015-12-09 06:00:00,0.729895,0.74877,0.7172272147651005,2015-12-11 14:00:00,0.7172272147651005,loss,-1.0,wickdiffs_W_H4_ALL_20260102_165320.csv,124.47878787878817,1.6
W,ALL,H4,H4,CADCHF,long,2016-03-07,2016-03-14,0.73346,0.74352,0.010059999999999958,2016-03-10 14:00:00,2016-03-10 18:00:00,0.73346,0.73386,2016-03-24 13:00:00,0.73586,0.7535799999999999,0.7189900454545455,2016-04-13 13:00:00,0.7535799999999999,win,1.050388129514816,wickdiffs_W_H4_ALL_20260102_165320.csv,168.69954545454536,1.6
W,ALL,H4,H4,CADCHF,long,2017-04-03,2017-04-10,0.74422,0.7527,0.008480000000000043,2017-04-04 09:00:00,2017-04-04 13:00:00,0.74422,0.74431,2017-04-18 17:00:00,0.74448,0.7611800000000001,0.7332719463087248,2017-04-25 05:00:00,0.7332719463087248,loss,-1.0,wickdiffs_W_H4_ALL_20260102_165320.csv,82.76787878787876,1.6
W,ALL,H4,H4,CADCHF,long,2017-08-21,2017-08-28,0.75598,0.766275,0.010295000000000054,2017-08-31 01:00:00,2017-08-31 05:00:00,0.76076,0.76214,2017-11-30 14:00:00,0.762915,0.7765700000000001,0.7529896666666667,2017-12-04 10:00:00,0.7765700000000001,win,1.3757724341751838,wickdiffs_W_H4_ALL_20260102_165320.csv,99.25333333333327,1.6
W,ALL,H4,H4,CADCHF,long,2017-10-23,2017-10-30,0.77082,0.779145,0.008325000000000027,2017-10-25 13:00:00,2017-10-25 17:00:00,0.77082,0.77089,2017-11-15 14:00:00,0.7737,0.78747,0.7633426060606061,2017-11-30 14:00:00,0.7633426060606061,loss,-1.0,wickdiffs_W_H4_ALL_20260102_165320.csv,103.57393939393941,1.6
W,ALL,H4,H4,CADCHF,long,2017-11-27,2017-12-04,0.76162,0.76946,0.00784000000000007,2017-12-01 14:00:00,2017-12-01 18:00:00,0.76592,0.76616,2017-12-18 14:00:00,0.76662,0.7773000000000001,0.7572503939393939,2017-12-21 14:00:00,0.7773000000000001,win,1.1398558200758886,wickdiffs_W_H4_ALL_20260102_165320.csv,93.69606060606057,1.6
W,ALL,H4,H4,CADCHF,long,2018-02-12,2018-02-19,0.7335,0.73878,0.005279999999999951,2018-02-22 18:00:00,2018-02-22 22:00:00,0.7335,0.73362,2018-03-01 22:00:00,0.73374,0.7440599999999999,0.7237881515151515,2018-03-05 10:00:00,0.7237881515151515,loss,-1.0,wickdiffs_W_H4_ALL_20260102_165320.csv,99.51848484848475,1.6
W,ALL,H4,H4,CADCHF,long,2018-12-03,2018-12-10,0.73526,0.7438,0.008539999999999992,2018-12-11 06:00:00,2018-12-11 10:00:00,0.73526,0.73566,2018-12-18 18:00:00,0.73712,0.75234,0.7269052348993289,2018-12-24 14:00:00,0.7269052348993289,loss,-1.0,wickdiffs_W_H4_ALL_20260102_165320.csv,88.27393939393936,1.6
W,ALL,H4,H4,CADCHF,long,2019-07-15,2019-07-22,0.74704,0.75174,0.0046999999999999265,2019-07-23 09:00:00,2019-07-23 13:00:00,0.74704,0.74744,2019-08-01 21:00:00,0.74746,0.7564399999999999,0.740196696969697,2019-08-05 01:00:00,0.740196696969697,loss,-1.0,wickdiffs_W_H4_ALL_20260102_165320.csv,72.63303030303024,1.6
W,ALL,H4,H4,CADCHF,long,2019-08-05,2019-08-12,0.72655,0.73574,0.00918999999999992,2019-08-15 09:00:00,2019-08-15 13:00:00,0.7294,0.73088,2019-08-25 21:00:00,0.73234,0.7449299999999999,0.7238903355704699,2019-08-30 09:00:00,0.7449299999999999,win,1.49,wickdiffs_W_H4_ALL_20260102_165320.csv,80.72515151515145,1.6
W,ALL,H4,H4,CADCHF,long,2021-05-17,2021-05-24,0.7395,0.74402,0.0045199999999999685,2021-05-27 01:00:00,2021-05-27 05:00:00,0.73967,0.73985,2021-06-09 13:00:00,0.74012,0.74854,0.7320291515151516,2021-07-08 05:00:00,0.7320291515151516,loss,-1.0,wickdiffs_W_H4_ALL_20260102_165320.csv,80.90848484848473,1.6
W,ALL,H4,H4,CADCHF,long,2021-07-12,2021-07-19,0.71733,0.72908,0.011749999999999927,2021-07-20 01:00:00,2021-07-20 05:00:00,0.7187,0.71916,2021-08-03 13:00:00,0.72033,0.7408299999999999,0.7065716107382551,2021-10-07 17:00:00,0.7408299999999999,win,1.49,wickdiffs_W_H4_ALL_20260102_165320.csv,76.1951515151514,1.6
W,ALL,H4,H4,CADCHF,long,2021-12-13,2021-12-20,0.70975,0.71698,0.007229999999999959,2021-12-22 10:00:00,2021-12-22 14:00:00,0.71352,0.71382,2021-12-29 14:00:00,0.71474,0.7242099999999999,0.7060205454545455,2022-01-06 18:00:00,0.7242099999999999,win,1.0860771107450269,wickdiffs_W_H4_ALL_20260102_165320.csv,87.19454545454548,1.6
W,ALL,H4,H4,CADCHF,long,2023-01-30,2023-02-06,0.68242,0.69096,0.008539999999999992,2023-02-03 06:00:00,2023-02-03 10:00:00,0.68305,0.68365,2023-02-22 06:00:00,0.68442,0.6995,0.6742991946308725,2023-03-09 18:00:00,0.6742991946308725,loss,-1.0,wickdiffs_W_H4_ALL_20260102_165320.csv,90.03727272727276,1.6
W,ALL,H4,H4,CADCHF,long,2024-07-29,2024-08-05,0.60603,0.61827,0.012240000000000029,2024-08-05 09:00:00,2024-08-05 13:00:00,0.60984,0.61006,2025-03-07 14:00:00,0.61082,0.63051,0.5976052348993289,2025-04-04 09:00:00,0.5976052348993289,loss,-1.0,wickdiffs_W_H4_ALL_20260102_165320.csv,72.4906060606062,1.6
W,ALL,H4,H4,CADCHF,long,2025-01-13,2025-01-20,0.62595,0.63154,0.005589999999999984,2025-01-23 10:00:00,2025-01-23 14:00:00,0.62969,0.63002,2025-01-27 02:00:00,0.6304,0.63713,0.6239560303030303,2025-01-30 18:00:00,0.6239560303030303,loss,-1.0,wickdiffs_W_H4_ALL_20260102_165320.csv,64.43969696969714,1.6
W,ALL,H4,H4,CADCHF,short,2015-02-09,2015-02-16,0.748695,0.7658,0.017105000000000037,2015-02-20 06:00:00,2015-02-20 10:00:00,0.765355,0.7658,2015-02-25 10:00:00,0.7644,0.73159,0.7864201342281879,2015-03-10 09:00:00,0.7864201342281879,loss,-1.0,wickdiffs_W_H4_ALL_20260102_165320.csv,205.19863636363618,1.6
W,ALL,H4,H4,CADCHF,short,2015-08-31,2015-09-07,0.732075,0.74485,0.01277499999999998,2015-09-11 09:00:00,2015-09-11 13:00:00,0.737925,0.739975,2015-09-23 09:00:00,0.73442,0.7193,0.7485093030303029,2015-10-07 13:00:00,0.7485093030303029,loss,-1.0,wickdiffs_W_H4_ALL_20260102_165320.csv,140.89303030303034,1.6
W,ALL,H4,H4,CADCHF,short,2017-12-04,2017-12-11,0.772315,0.78223,0.009915000000000007,2017-12-06 10:00:00,2017-12-06 14:00:00,0.78161,0.78223,2017-12-27 06:00:00,0.781455,0.7624,0.7942435906040269,2018-01-25 10:00:00,0.7624,win,1.49,wickdiffs_W_H4_ALL_20260102_165320.csv,93.61272727272731,1.6
W,ALL,H4,H4,CADCHF,short,2018-09-10,2018-09-17,0.7422,0.75002,0.00782000000000005,2018-09-21 13:00:00,2018-09-21 17:00:00,0.74268,0.7435,2018-09-24 09:00:00,0.74264,0.7343799999999999,0.750802,2018-09-27 13:00:00,0.750802,loss,-1.0,wickdiffs_W_H4_ALL_20260102_165320.csv,79.44060606060611,1.6
W,ALL,H4,H4,CADCHF,short,2019-09-23,2019-09-30,0.74817,0.75704,0.008870000000000045,2019-10-04 01:00:00,2019-10-04 05:00:00,0.74966,0.75077,2019-10-10 13:00:00,0.74954,0.7393,0.7579737272727273,2019-10-23 17:00:00,0.7579737272727273,loss,-1.0,wickdiffs_W_H4_ALL_20260102_165320.csv,84.33727272727283,1.6
W,ALL,H4,H4,CADCHF,short,2021-04-26,2021-05-03,0.74282,0.74767,0.00484999999999991,2021-05-06 17:00:00,2021-05-06 21:00:00,0.74726,0.74767,2021-05-11 17:00:00,0.74676,0.7379700000000001,0.755336,2021-06-14 09:00:00,0.7379700000000001,win,1.02495335820894,wickdiffs_W_H4_ALL_20260102_165320.csv,85.75999999999985,1.6
W,ALL,H4,H4,CADCHF,short,2021-05-10,2021-05-17,0.74455,0.75228,0.007729999999999904,2021-05-21 09:00:00,2021-05-21 13:00:00,0.74655,0.74703,2021-05-31 05:00:00,0.74568,0.7368200000000001,0.7543800606060606,2021-06-15 13:00:00,0.7368200000000001,win,1.0183837103189675,wickdiffs_W_H4_ALL_20260102_165320.csv,87.00060606060589,1.6
W,ALL,H4,H4,CADCHF,short,2021-12-06,2021-12-13,0.72339,0.73319,0.009800000000000031,2021-12-13 06:00:00,2021-12-13 10:00:00,0.72548,0.72624,2022-01-07 10:00:00,0.72527,0.71359,0.73417,2022-01-11 14:00:00,0.73417,loss,-1.0,wickdiffs_W_H4_ALL_20260102_165320.csv,85.45727272727275,1.6
W,ALL,H4,H4,CADCHF,short,2024-03-25,2024-04-01,0.66566,0.67216,0.00649999999999995,2024-04-05 05:00:00,2024-04-05 09:00:00,0.66682,0.6677,2024-04-08 09:00:00,0.66621,0.6591600000000001,0.67281,2024-04-17 05:00:00,0.6591600000000001,win,1.0681818181817933,wickdiffs_W_H4_ALL_20260102_165320.csv,58.55939393939389,1.6
W,ALL,H4,H4,CADJPY,long,2016-02-08,2016-02-15,79.284,81.768,2.4839999999999947,2016-02-19 14:00:00,2016-02-19 18:00:00,81.372,81.53,2016-02-23 06:00:00,81.531,84.252,79.0356,2016-02-26 18:00:00,84.252,win,1.090406347679725,wickdiffs_W_H4_ALL_20260102_165320.csv,203.78848484848464,1.6
W,ALL,H4,H4,CADJPY,long,2017-01-16,2017-01-23,84.807,86.028,1.2210000000000036,2017-01-23 18:00:00,2017-01-23 22:00:00,85.028,85.132,2017-02-07 06:00:00,85.164,87.24900000000001,83.57157575757576,2017-02-14 14:00:00,87.24900000000001,win,1.3093244529020025,wickdiffs_W_H4_ALL_20260102_165320.csv,159.2424242424243,1.6
W,ALL,H4,H4,CADJPY,long,2017-02-27,2017-03-06,84.192,85.246,1.054000000000002,2017-02-28 14:00:00,2017-02-28 18:00:00,84.192,84.241,2017-03-17 13:00:00,84.416,86.3,83.15003636363636,2017-03-22 05:00:00,83.15003636363636,loss,-1.0,wickdiffs_W_H4_ALL_20260102_165320.csv,126.59636363636392,1.6
W,ALL,H4,H4,CADJPY,long,2017-05-15,2017-05-22,80.658,82.339,1.6809999999999974,2017-05-19 09:00:00,2017-05-19 13:00:00,81.752,81.869,2017-05-31 13:00:00,81.8935,84.02,80.46631879194632,2017-06-16 05:00:00,84.02,win,1.49,wickdiffs_W_H4_ALL_20260102_165320.csv,123.4127272727274,1.6
W,ALL,H4,H4,CADJPY,long,2017-10-23,2017-10-30,87.789,88.758,0.9689999999999941,2017-10-31 09:00:00,2017-10-31 13:00:00,87.789,87.902,2017-11-17 10:00:00,87.911,89.72699999999999,86.69125757575758,2017-12-27 14:00:00,89.72699999999999,win,1.4888389252574308,wickdiffs_W_H4_ALL_20260102_165320.csv,121.9742424242427,1.6
W,ALL,H4,H4,CADJPY,long,2018-12-03,2018-12-10,83.568,84.63,1.0619999999999976,2018-12-06 22:00:00,2018-12-07 02:00:00,84.1,84.116,2018-12-17 18:00:00,84.159,85.692,83.02219696969698,2018-12-20 02:00:00,83.02219696969698,loss,-1.0,wickdiffs_W_H4_ALL_20260102_165320.csv,113.68030303030315,1.6
W,ALL,H4,H4,CADJPY,long,2019-08-05,2019-08-12,79.102,79.932,0.8299999999999983,2019-08-15 21:00:00,2019-08-16 01:00:00,79.595,79.647,2019-08-20 13:00:00,79.798,80.762,78.84694242424243,2019-08-25 21:00:00,78.84694242424243,loss,-1.0,wickdiffs_W_H4_ALL_20260102_165320.csv,95.10575757575756,1.6
W,ALL,H4,H4,CADJPY,long,2020-03-16,2020-03-23,73.812,77.034,3.2220000000000084,2020-03-23 01:00:00,2020-03-23 05:00:00,75.988,76.188,2020-03-30 13:00:00,76.258,80.25600000000001,73.4898,2020-06-02 13:00:00,80.25600000000001,win,1.4442598078173647,wickdiffs_W_H4_ALL_20260102_165320.csv,160.27090909090902,1.6
W,ALL,H4,H4,CADJPY,long,2020-07-27,2020-08-03,77.617,78.925,1.3079999999999927,2020-08-03 05:00:00,2020-08-03 09:00:00,78.688,78.7,2020-09-21 05:00:00,78.74,80.23299999999999,77.48620000000001,2020-10-08 13:00:00,80.23299999999999,win,1.1907800287127246,wickdiffs_W_H4_ALL_20260102_165320.csv,97.4636363636365,1.6
W,ALL,H4,H4,CADJPY,long,2022-07-25,2022-08-01,101.416,104.105,2.689000000000007,2022-08-05 05:00:00,2022-08-05 09:00:00,103.123,103.262,2022-08-11 09:00:00,103.394,106.79400000000001,101.11212080536913,2022-08-29 13:00:00,106.79400000000001,win,1.49,wickdiffs_W_H4_ALL_20260102_165320.csv,211.43363636363634,1.6
W,ALL,H4,H4,CADJPY,long,2023-10-02,2023-10-09,107.562,109.288,1.725999999999999,2023-10-09 13:00:00,2023-10-09 17:00:00,108.953,109.116,2023-10-19 01:00:00,109.12,111.014,107.3894,2023-11-21 06:00:00,107.3894,loss,-1.0,wickdiffs_W_H4_ALL_20260102_165320.csv,141.2375757575756,1.6
W,ALL,H4,H4,CADJPY,long,2023-11-13,2023-11-20,107.235,109.003,1.7680000000000007,2023-11-21 22:00:00,2023-11-22 02:00:00,108.056,108.102,2023-11-29 22:00:00,108.178,110.771,106.43773154362415,2023-12-07 10:00:00,106.43773154362415,loss,-1.0,wickdiffs_W_H4_ALL_20260102_165320.csv,123.78636363636349,1.6
W,ALL,H4,H4,CADJPY,long,2024-07-29,2024-08-05,101.66,105.544,3.8840000000000003,2024-08-06 17:00:00,2024-08-06 21:00:00,104.588,104.7,2024-09-06 13:00:00,104.984,109.428,101.27159999999999,2024-10-04 09:00:00,109.428,win,1.197069281327443,wickdiffs_W_H4_ALL_20260102_165320.csv,191.63151515151512,1.6
W,ALL,H4,H4,CADJPY,short,2015-08-10,2015-08-17,94.928,96.016,1.088000000000008,2015-08-13 01:00:00,2015-08-13 05:00:00,95.946,95.986,2022-03-22 09:00:00,95.808,93.83999999999999,97.12880536912753,2022-03-24 13:00:00,97.12880536912753,loss,-1.0,wickdiffs_W_H4_ALL_20260102_165320.csv,126.89090909090913,1.6
W,ALL,H4,H4,CADJPY,short,2017-05-08,2017-05-15,82.664,83.744,1.0799999999999983,2017-05-16 09:00:00,2017-05-16 13:00:00,83.476,83.528,2017-05-25 05:00:00,83.2495,81.584,84.49765454545454,2017-06-06 01:00:00,81.584,win,1.3343700153681375,wickdiffs_W_H4_ALL_20260102_165320.csv,124.81545454545468,1.6
W,ALL,H4,H4,CADJPY,short,2018-06-04,2018-06-11,84.745,85.646,0.9009999999999962,2018-06-13 13:00:00,2018-06-13 17:00:00,85.182,85.198,2018-07-12 05:00:00,85.14,83.84400000000001,86.3222393939394,2018-08-13 01:00:00,83.84400000000001,win,1.0962246788964884,wickdiffs_W_H4_ALL_20260102_165320.csv,118.22393939393949,1.6
W,ALL,H4,H4,CADJPY,short,2020-08-10,2020-08-17,80.345,80.989,0.6440000000000055,2020-08-13 21:00:00,2020-08-14 01:00:00,80.884,80.959,2020-08-25 21:00:00,80.852,79.701,81.94111212121213,2020-09-16 09:00:00,79.701,win,1.0568241575706734,wickdiffs_W_H4_ALL_20260102_165320.csv,108.91121212121224,1.6
W,ALL,H4,H4,CADJPY,short,2020-11-09,2020-11-16,79.666,81.426,1.7600000000000051,2020-11-10 14:00:00,2020-11-10 18:00:00,80.998,81.106,2020-12-02 06:00:00,80.981,77.90599999999999,83.04475838926174,2021-02-15 06:00:00,83.04475838926174,loss,-1.0,wickdiffs_W_H4_ALL_20260102_165320.csv,97.54060606060605,1.6
W,ALL,H4,H4,CHFJPY,long,2016-01-11,2016-01-18,115.352,116.888,1.5360000000000014,2016-01-22 10:00:00,2016-01-22 14:00:00,116.259,116.401,2016-01-26 06:00:00,116.4485,118.424,114.79248939393939,2016-01-29 02:00:00,118.424,win,1.192927142356547,wickdiffs_W_H4_ALL_20260102_165320.csv,165.60106060606049,1.6
W,ALL,H4,H4,CHFJPY,long,2016-02-15,2016-02-22,112.2885,113.774,1.4855000000000018,2016-02-22 22:00:00,2016-02-23 02:00:00,112.2885,112.337,2016-03-09 10:00:00,112.5085,115.2595,110.63790303030304,2016-03-10 14:00:00,115.2595,win,1.4706535103847937,wickdiffs_W_H4_ALL_20260102_165320.csv,187.05969696969686,1.6
W,ALL,H4,H4,CHFJPY,long,2016-06-20,2016-06-27,101.857,105.189,3.3319999999999936,2016-06-30 01:00:00,2016-06-30 05:00:00,104.3585,104.746,2016-07-05 05:00:00,104.7775,108.52099999999999,101.5238,2016-07-20 21:00:00,108.52099999999999,win,1.1505363125057542,wickdiffs_W_H4_ALL_20260102_165320.csv,210.62727272727267,1.6
W,ALL,H4,H4,CHFJPY,long,2017-01-09,2017-01-16,112.37,113.497,1.1269999999999953,2017-01-18 14:00:00,2017-01-18 18:00:00,112.974,113.04,2017-01-23 14:00:00,113.0695,114.624,111.52214848484849,2017-01-26 10:00:00,114.624,win,1.0046198195939833,wickdiffs_W_H4_ALL_20260102_165320.csv,154.73515151515136,1.6
W,ALL,H4,H4,CHFJPY,long,2017-05-22,2017-05-29,113.04,114.305,1.2650000000000006,2017-05-30 01:00:00,2017-05-30 05:00:00,113.04,113.177,2017-06-07 09:00:00,113.2665,115.57000000000001,111.72052684563756,2017-06-27 09:00:00,115.57000000000001,win,1.49,wickdiffs_W_H4_ALL_20260102_165320.csv,139.82787878787894,1.6
W,ALL,H4,H4,CHFJPY,long,2019-02-04,2019-02-11,108.726,109.718,0.9920000000000044,2019-02-12 10:00:00,2019-02-12 14:00:00,109.416,109.439,2019-04-25 13:00:00,109.44,110.71000000000001,108.54359090909091,2019-05-07 09:00:00,108.54359090909091,loss,-1.0,wickdiffs_W_H4_ALL_20260102_165320.csv,89.64090909090893,1.6
W,ALL,H4,H4,CHFJPY,long,2019-05-06,2019-05-13,107.614,108.661,1.046999999999997,2019-05-10 01:00:00,2019-05-10 05:00:00,108.07,108.117,2019-05-31 09:00:00,108.224,109.708,107.22802684563759,2019-06-09 21:00:00,109.708,win,1.49,wickdiffs_W_H4_ALL_20260102_165320.csv,86.541212121212,1.6
W,ALL,H4,H4,CHFJPY,long,2020-04-20,2020-04-27,109.182,110.476,1.293999999999997,2020-04-30 01:00:00,2020-04-30 05:00:00,109.182,109.23,2020-05-05 21:00:00,109.272,111.77,107.59487575757576,2020-05-28 17:00:00,111.77,win,1.4894543509723501,wickdiffs_W_H4_ALL_20260102_165320.csv,167.712424242424,1.6
W,ALL,H4,H4,CHFJPY,long,2020-08-31,2020-09-07,115.156,116.302,1.1460000000000008,2020-09-09 01:00:00,2020-09-09 05:00:00,115.156,115.306,2020-09-16 17:00:00,115.404,117.44800000000001,114.03218791946307,2020-09-21 05:00:00,114.03218791946307,loss,-1.0,wickdiffs_W_H4_ALL_20260102_165320.csv,124.54121212121223,1.6
W,ALL,H4,H4,CHFJPY,long,2021-07-12,2021-07-19,118.658,119.723,1.0649999999999977,2021-07-21 09:00:00,2021-07-21 13:00:00,119.376,119.532,2021-08-12 13:00:00,119.576,120.788,118.53256363636363,2021-09-16 05:00:00,118.53256363636363,loss,-1.0,wickdiffs_W_H4_ALL_20260102_165320.csv,104.3436363636362,1.6
W,ALL,H4,H4,CHFJPY,long,2022-07-25,2022-08-01,137.164,140.022,2.858000000000004,2022-08-05 05:00:00,2022-08-05 09:00:00,139.086,139.182,2023-01-03 06:00:00,139.183,142.88,136.5402727272727,2023-01-04 14:00:00,142.88,win,1.398933608531133,wickdiffs_W_H4_ALL_20260102_165320.csv,264.2727272727272,1.6
W,ALL,H4,H4,CHFJPY,long,2022-09-19,2022-09-26,143.533,146.101,2.568000000000012,2022-09-26 13:00:00,2022-09-26 17:00:00,145.17,145.234,2022-10-03 13:00:00,145.712,148.669,143.2762,2022-10-17 05:00:00,148.669,win,1.2139748747844739,wickdiffs_W_H4_ALL_20260102_165320.csv,225.70575757575762,1.6
W,ALL,H4,H4,CHFJPY,long,2022-12-26,2023-01-02,138.964,141.824,2.8600000000000136,2023-01-03 06:00:00,2023-01-03 10:00:00,138.964,139.036,2023-01-12 18:00:00,139.431,144.68400000000003,135.9054966442953,2023-02-15 10:00:00,144.68400000000003,win,1.49,wickdiffs_W_H4_ALL_20260102_165320.csv,270.12666666666667,1.6
W,ALL,H4,H4,CHFJPY,long,2024-04-29,2024-05-06,167.351,169.05,1.6990000000000123,2024-05-03 01:00:00,2024-05-03 05:00:00,168.044,168.146,2024-08-05 01:00:00,168.579,170.74900000000002,166.72369090909092,2024-08-05 21:00:00,170.74900000000002,win,1.1696164324493927,wickdiffs_W_H4_ALL_20260102_165320.csv,185.530909090909,1.6
W,ALL,H4,H4,CHFJPY,short,2016-05-09,2016-05-16,111.357,112.761,1.4039999999999964,2016-05-17 05:00:00,2016-05-17 09:00:00,112.059,112.1125,2016-05-30 05:00:00,111.943,109.953,113.74000454545454,2016-06-02 13:00:00,109.953,win,1.107398423133444,wickdiffs_W_H4_ALL_20260102_165320.csv,179.70045454545453,1.6
W,ALL,H4,H4,CHFJPY,short,2017-08-21,2017-08-28,114.346,115.332,0.98599999999999,2017-09-01 09:00:00,2017-09-01 13:00:00,114.742,114.868,2017-09-12 05:00:00,114.659,113.36000000000001,116.00638484848486,2017-09-18 05:00:00,116.00638484848486,loss,-1.0,wickdiffs_W_H4_ALL_20260102_165320.csv,134.73848484848511,1.6
W,ALL,H4,H4,CHFJPY,short,2018-07-16,2018-07-23,112.268,113.263,0.9950000000000045,2018-07-18 17:00:00,2018-07-18 21:00:00,113.016,113.02,2018-07-31 13:00:00,112.969,111.273,114.10725503355704,2018-08-10 05:00:00,111.273,win,1.49,wickdiffs_W_H4_ALL_20260102_165320.csv,108.83121212121227,1.6
W,ALL,H4,H4,CHFJPY,short,2018-07-30,2018-08-06,111.9,113.18,1.2800000000000011,2018-08-01 09:00:00,2018-08-01 13:00:00,112.914,112.962,2018-08-23 13:00:00,112.884,110.62,114.40346308724833,2018-08-29 13:00:00,114.40346308724833,loss,-1.0,wickdiffs_W_H4_ALL_20260102_165320.csv,111.68666666666675,1.6
W,ALL,H4,H4,CHFJPY,short,2020-06-29,2020-07-06,113.681,114.627,0.945999999999998,2020-07-09 09:00:00,2020-07-09 13:00:00,114.418,114.452,2020-07-21 05:00:00,114.331,112.735,115.5876696969697,2020-07-23 09:00:00,115.5876696969697,loss,-1.0,wickdiffs_W_H4_ALL_20260102_165320.csv,125.66696969696966,1.6
W,ALL,H4,H4,CHFJPY,short,2022-06-20,2022-06-27,141.1,143.758,2.6580000000000155,2022-07-01 05:00:00,2022-07-01 09:00:00,141.632,141.644,2022-07-04 21:00:00,141.594,138.44199999999998,144.02380000000002,2022-08-01 21:00:00,138.44199999999998,win,1.2972261091447765,wickdiffs_W_H4_ALL_20260102_165320.csv,217.01424242424247,1.6
W,ALL,H4,H4,CHFJPY,short,2022-09-05,2022-09-12,148.458,150.718,2.259999999999991,2022-09-15 09:00:00,2022-09-15 13:00:00,149.996,150.148,2022-09-22 01:00:00,149.975,146.198,152.50989932885903,2022-09-22 05:00:00,146.198,win,1.4899999999999998,wickdiffs_W_H4_ALL_20260102_165320.csv,209.57363636363647,1.6
W,ALL,H4,H4,CHFJPY,short,2022-11-07,2022-11-14,147.568,149.096,1.5279999999999916,2022-11-14 14:00:00,2022-11-14 18:00:00,148.826,149.096,2022-11-23 10:00:00,148.592,146.04000000000002,151.1468575757576,2022-11-28 06:00:00,146.04000000000002,win,0.9988815126977345,wickdiffs_W_H4_ALL_20260102_165320.csv,255.48575757575742,1.6
W,ALL,H4,H4,CHFJPY,short,2024-03-18,2024-03-25,168.754,170.804,2.0500000000000114,2024-03-21 17:00:00,2024-03-21 21:00:00,168.952,168.995,2024-04-15 13:00:00,168.94,166.70399999999998,171.00900000000001,2024-04-26 01:00:00,171.00900000000001,loss,-1.0,wickdiffs_W_H4_ALL_20260102_165320.csv,165.5193939393942,1.6
W,ALL,H4,H4,CHFJPY,short,2024-08-12,2024-08-19,170.414,171.859,1.4450000000000216,2024-08-22 13:00:00,2024-08-22 17:00:00,171.815,171.859,2024-08-28 17:00:00,171.685,168.96899999999997,173.8838090909091,2024-09-06 13:00:00,168.96899999999997,win,1.235214103502326,wickdiffs_W_H4_ALL_20260102_165320.csv,219.88090909090903,1.6
W,ALL,H4,H4,CHFJPY,short,2024-09-16,2024-09-23,169.24,172.538,3.298000000000002,2024-09-27 09:00:00,2024-09-27 13:00:00,169.866,169.892,2024-09-30 17:00:00,169.845,165.942,172.86780000000002,2024-10-02 21:00:00,172.86780000000002,loss,-1.0,wickdiffs_W_H4_ALL_20260102_165320.csv,245.48303030303038,1.6
W,ALL,H4,H4,EURAUD,long,2015-06-22,2015-06-29,1.431825,1.45929,0.027465000000000073,2015-07-01 21:00:00,2015-07-02 01:00:00,1.44292,1.44351,2015-12-02 14:00:00,1.44877,1.486755,1.4172379545454545,2015-12-03 14:00:00,1.486755,win,1.2046475086672337,wickdiffs_W_H4_ALL_20260102_165320.csv,315.32045454545454,1.6
W,ALL,H4,H4,EURAUD,long,2016-08-29,2016-09-05,1.45803,1.473295,0.015265000000000084,2016-09-08 05:00:00,2016-09-08 09:00:00,1.45803,1.458555,2016-09-28 05:00:00,1.46228,1.48856,1.4420909696969697,2016-10-14 09:00:00,1.4420909696969697,loss,-1.0,wickdiffs_W_H4_ALL_20260102_165320.csv,201.8903030303033,1.6
W,ALL,H4,H4,EURAUD,long,2016-11-07,2016-11-14,1.407465,1.43863,0.03116500000000011,2016-11-15 18:00:00,2016-11-15 22:00:00,1.418,1.418535,2016-11-25 06:00:00,1.42366,1.4697950000000002,1.3926969127516775,2016-12-29 22:00:00,1.4697950000000002,win,1.49,wickdiffs_W_H4_ALL_20260102_165320.csv,223.71151515151544,1.6
W,ALL,H4,H4,EURAUD,long,2017-05-08,2017-05-15,1.4672,1.47969,0.01248999999999989,2017-05-12 05:00:00,2017-05-12 09:00:00,1.4672,1.46864,2017-06-15 21:00:00,1.469305,1.4921799999999998,1.4499696060606062,2017-06-27 13:00:00,1.4921799999999998,win,1.183063560623619,wickdiffs_W_H4_ALL_20260102_165320.csv,193.35393939393953,1.6
W,ALL,H4,H4,EURAUD,long,2020-04-20,2020-04-27,1.65397,1.6936,0.039630000000000054,2020-04-30 01:00:00,2020-04-30 05:00:00,1.65397,1.65419,2020-05-11 01:00:00,1.655,1.73323,1.602496644295302,2020-12-17 06:00:00,1.602496644295302,loss,-1.0,wickdiffs_W_H4_ALL_20260102_165320.csv,467.2557575757579,1.6
W,ALL,H4,H4,EURAUD,long,2021-02-15,2021-02-22,1.5253,1.53989,0.01458999999999988,2021-02-25 06:00:00,2021-02-25 10:00:00,1.5253,1.52718,2021-03-18 05:00:00,1.5302,1.5544799999999999,1.512346696969697,2021-03-23 17:00:00,1.5544799999999999,win,1.3599724352848634,wickdiffs_W_H4_ALL_20260102_165320.csv,178.5330303030304,1.6
W,ALL,H4,H4,EURAUD,long,2022-02-28,2022-03-07,1.45636,1.48306,0.026699999999999946,2022-03-07 06:00:00,2022-03-07 10:00:00,1.46131,1.4639,2022-03-24 13:00:00,1.46528,1.50976,1.4354276510067112,2022-04-05 09:00:00,1.4354276510067112,loss,-1.0,wickdiffs_W_H4_ALL_20260102_165320.csv,219.24000000000052,1.6
W,ALL,H4,H4,EURAUD,long,2024-01-22,2024-01-29,1.63506,1.65067,0.015610000000000124,2024-02-02 06:00:00,2024-02-02 10:00:00,1.64644,1.64832,2024-02-06 14:00:00,1.64849,1.6662800000000002,1.6299915757575758,2024-02-28 10:00:00,1.6662800000000002,win,0.9617035357639073,wickdiffs_W_H4_ALL_20260102_165320.csv,184.98424242424264,1.6
W,ALL,H4,H4,EURAUD,long,2024-11-04,2024-11-11,1.61631,1.62676,0.01045000000000007,2024-11-11 10:00:00,2024-11-11 14:00:00,1.61838,1.61847,2024-11-20 22:00:00,1.61866,1.63721,1.6022679393939394,2024-11-22 06:00:00,1.6022679393939394,loss,-1.0,wickdiffs_W_H4_ALL_20260102_165320.csv,163.92060606060625,1.6
W,ALL,H4,H4,EURAUD,short,2017-10-02,2017-10-09,1.50936,1.52422,0.014859999999999873,2017-10-13 01:00:00,2017-10-13 05:00:00,1.51298,1.51301,2017-10-24 13:00:00,1.51222,1.4945000000000002,1.529055212121212,2017-10-25 13:00:00,1.529055212121212,loss,-1.0,wickdiffs_W_H4_ALL_20260102_165320.csv,168.35212121212123,1.6
W,ALL,H4,H4,EURAUD,short,2019-08-05,2019-08-12,1.65076,1.67871,0.02794999999999992,2019-08-07 09:00:00,2019-08-07 13:00:00,1.66608,1.66892,2019-08-25 21:00:00,1.6584,1.62281,1.6822859060402686,2019-09-03 09:00:00,1.62281,win,1.49,wickdiffs_W_H4_ALL_20260102_165320.csv,157.9696969696973,1.6
W,ALL,H4,H4,EURAUD,short,2019-12-09,2019-12-16,1.61712,1.63141,0.014290000000000136,2019-12-17 22:00:00,2019-12-18 02:00:00,1.62808,1.62873,2020-01-07 22:00:00,1.62489,1.6028299999999998,1.639695369127517,2020-01-30 10:00:00,1.639695369127517,loss,-1.0,wickdiffs_W_H4_ALL_20260102_165320.csv,135.26787878787874,1.6
W,ALL,H4,H4,EURAUD,short,2020-12-14,2020-12-21,1.60779,1.62572,0.01793,2020-12-23 22:00:00,2020-12-24 02:00:00,1.6103,1.61034,2020-12-28 10:00:00,1.60949,1.58986,1.6285685757575759,2020-12-31 10:00:00,1.58986,win,1.0289027991099016,wickdiffs_W_H4_ALL_20260102_165320.csv,190.78575757575783,1.6
W,ALL,H4,H4,EURAUD,short,2022-03-28,2022-04-04,1.47332,1.4943,0.02098,2022-04-01 01:00:00,2022-04-01 05:00:00,1.48032,1.48152,2022-04-22 05:00:00,1.4786,1.45234,1.502678393939394,2022-04-25 01:00:00,1.502678393939394,loss,-1.0,wickdiffs_W_H4_ALL_20260102_165320.csv,240.7839393939397,1.6
W,ALL,H4,H4,EURAUD,short,2022-05-09,2022-05-16,1.4998,1.52797,0.02817000000000003,2022-05-20 13:00:00,2022-05-20 17:00:00,1.50444,1.50505,2022-05-23 17:00:00,1.50382,1.47163,1.5307870000000001,2022-06-22 21:00:00,1.5307870000000001,loss,-1.0,wickdiffs_W_H4_ALL_20260102_165320.csv,262.80969696969714,1.6
W,ALL,H4,H4,EURAUD,short,2024-10-07,2024-10-14,1.62202,1.63538,0.013360000000000039,2024-10-16 09:00:00,2024-10-16 13:00:00,1.63157,1.6328,2024-10-24 13:00:00,1.63012,1.60866,1.648310787878788,2024-10-29 05:00:00,1.648310787878788,loss,-1.0,wickdiffs_W_H4_ALL_20260102_165320.csv,181.90787878787896,1.6
W,ALL,H4,H4,EURAUD,short,2025-02-10,2025-02-17,1.6522,1.66344,0.011240000000000139,2025-02-13 06:00:00,2025-02-13 10:00:00,1.66338,1.66344,2025-02-26 14:00:00,1.66124,1.6409599999999998,1.678209484848485,2025-03-03 10:00:00,1.678209484848485,loss,-1.0,wickdiffs_W_H4_ALL_20260102_165320.csv,169.69484848484848,1.6
W,ALL,H4,H4,EURCAD,long,2016-09-26,2016-10-03,1.463055,1.47587,0.01281500000000002,2016-10-04 09:00:00,2016-10-04 13:00:00,1.46642,1.467945,2016-10-10 13:00:00,1.46855,1.488685,1.450907106060606,2016-10-14 09:00:00,1.450907106060606,loss,-1.0,wickdiffs_W_H4_ALL_20260102_165320.csv,176.42893939393926,1.6
W,ALL,H4,H4,EURCAD,long,2020-05-18,2020-05-25,1.50552,1.52652,0.02100000000000013,2020-05-27 05:00:00,2020-05-27 09:00:00,1.50552,1.50768,2020-06-02 01:00:00,1.50795,1.5475200000000002,1.478875212121212,2020-07-14 09:00:00,1.5475200000000002,win,1.3609729558463755,wickdiffs_W_H4_ALL_20260102_165320.csv,290.7478787878789,1.6
W,ALL,H4,H4,EURCAD,long,2022-01-24,2022-01-31,1.4119,1.42469,0.012790000000000079,2022-01-27 10:00:00,2022-01-27 14:00:00,1.4119,1.41278,2022-03-01 14:00:00,1.41372,1.43748,1.3973109090909093,2022-03-03 06:00:00,1.3973109090909093,loss,-1.0,wickdiffs_W_H4_ALL_20260102_165320.csv,164.09090909090892,1.6
W,ALL,H4,H4,EURCAD,long,2022-04-11,2022-04-18,1.35198,1.36426,0.012280000000000069,2022-04-21 01:00:00,2022-04-21 05:00:00,1.35198,1.35257,2022-04-27 13:00:00,1.35316,1.37654,1.3344590909090908,2022-05-10 01:00:00,1.37654,win,1.250206601526432,wickdiffs_W_H4_ALL_20260102_165320.csv,187.00909090909067,1.6
W,ALL,H4,H4,EURCAD,long,2022-07-11,2022-07-18,1.29715,1.31396,0.01680999999999999,2022-07-14 01:00:00,2022-07-14 05:00:00,1.30068,1.30094,2022-07-28 09:00:00,1.30352,1.33077,1.2852314093959731,2022-09-16 13:00:00,1.33077,win,1.49,wickdiffs_W_H4_ALL_20260102_165320.csv,181.8654545454542,1.6
W,ALL,H4,H4,EURCAD,short,2016-03-07,2016-03-14,1.4732,1.50166,0.02845999999999993,2016-03-16 09:00:00,2016-03-16 13:00:00,1.483365,1.48575,2016-03-24 13:00:00,1.480995,1.4447400000000001,1.5157672424242425,2016-04-13 13:00:00,1.4447400000000001,win,1.0426419889079048,wickdiffs_W_H4_ALL_20260102_165320.csv,347.72242424242404,1.6
W,ALL,H4,H4,EURCAD,short,2016-07-04,2016-07-11,1.44088,1.453665,0.012785000000000046,2016-07-12 01:00:00,2016-07-12 05:00:00,1.452715,1.452925,2016-07-25 13:00:00,1.451455,1.428095,1.4721014848484848,2016-08-02 17:00:00,1.4721014848484848,loss,-1.0,wickdiffs_W_H4_ALL_20260102_165320.csv,206.4648484848485,1.6
W,ALL,H4,H4,EURCAD,short,2017-05-01,2017-05-08,1.50126,1.51524,0.013979999999999881,2017-05-05 09:00:00,2017-05-05 13:00:00,1.51189,1.51342,2017-05-17 01:00:00,1.510935,1.4872800000000002,1.528158106060606,2017-06-13 01:00:00,1.4872800000000002,win,1.3734456442851029,wickdiffs_W_H4_ALL_20260102_165320.csv,172.23106060606065,1.6
W,ALL,H4,H4,EURCAD,short,2018-02-26,2018-03-05,1.58707,1.61225,0.02517999999999998,2018-03-07 14:00:00,2018-03-07 18:00:00,1.61022,1.61225,2018-03-15 13:00:00,1.607085,1.56189,1.637417214765101,2018-04-05 17:00:00,1.56189,win,1.49,wickdiffs_W_H4_ALL_20260102_165320.csv,185.51696969696965,1.6
W,ALL,H4,H4,EURCAD,short,2018-09-03,2018-09-10,1.52065,1.53712,0.016469999999999985,2018-09-07 05:00:00,2018-09-07 09:00:00,1.53004,1.53046,2018-09-26 17:00:00,1.52851,1.50418,1.5448388590604027,2018-09-28 09:00:00,1.50418,win,1.49,wickdiffs_W_H4_ALL_20260102_165320.csv,149.66727272727275,1.6
W,ALL,H4,H4,EURCAD,short,2018-11-12,2018-11-19,1.50145,1.51694,0.015490000000000004,2018-11-23 02:00:00,2018-11-23 06:00:00,1.50722,1.50774,2018-11-28 14:00:00,1.50598,1.48596,1.522084484848485,2018-12-06 06:00:00,1.522084484848485,loss,-1.0,wickdiffs_W_H4_ALL_20260102_165320.csv,161.04484848484864,1.6
W,ALL,H4,H4,EURCAD,short,2018-12-03,2018-12-10,1.51625,1.53081,0.014559999999999906,2018-12-11 06:00:00,2018-12-11 10:00:00,1.527,1.52738,2018-12-18 10:00:00,1.52668,1.5016900000000002,1.543451812080537,2018-12-20 06:00:00,1.543451812080537,loss,-1.0,wickdiffs_W_H4_ALL_20260102_165320.csv,165.7636363636364,1.6
W,ALL,H4,H4,EURCAD,short,2019-01-21,2019-01-28,1.50772,1.52252,0.014800000000000146,2019-01-31 10:00:00,2019-01-31 14:00:00,1.5116,1.51194,2019-02-07 14:00:00,1.51078,1.4929199999999998,1.5274808484848486,2019-02-13 14:00:00,1.4929199999999998,win,1.0694067439868897,wickdiffs_W_H4_ALL_20260102_165320.csv,167.00848484848495,1.6
W,ALL,H4,H4,EURCAD,short,2019-04-15,2019-04-22,1.50576,1.51543,0.009670000000000067,2019-04-16 05:00:00,2019-04-16 09:00:00,1.51388,1.51543,2019-05-09 13:00:00,1.51172,1.49609,1.5246573333333333,2019-05-21 05:00:00,1.49609,win,1.2081315057198823,wickdiffs_W_H4_ALL_20260102_165320.csv,129.3733333333334,1.6
W,ALL,H4,H4,EURCAD,short,2019-08-05,2019-08-12,1.48077,1.49952,0.018750000000000044,2019-08-15 09:00:00,2019-08-15 13:00:00,1.48572,1.48722,2019-08-25 21:00:00,1.48278,1.4620199999999999,1.501395,2019-08-30 13:00:00,1.4620199999999999,win,1.1152296535052408,wickdiffs_W_H4_ALL_20260102_165320.csv,124.95484848484827,1.6
W,ALL,H4,H4,EURCAD,short,2020-01-06,2020-01-13,1.45148,1.45818,0.006699999999999928,2020-01-15 10:00:00,2020-01-15 14:00:00,1.45806,1.45818,2020-01-22 14:00:00,1.4579,1.4447800000000002,1.4681278181818183,2020-01-31 18:00:00,1.4681278181818183,loss,-1.0,wickdiffs_W_H4_ALL_20260102_165320.csv,102.27818181818205,1.6
W,ALL,H4,H4,EURCAD,short,2020-11-23,2020-11-30,1.55418,1.57115,0.01697000000000015,2020-12-04 06:00:00,2020-12-04 10:00:00,1.56514,1.56624,2020-12-18 14:00:00,1.56494,1.5372099999999997,1.5835507382550338,2021-01-14 10:00:00,1.5372099999999997,win,1.49,wickdiffs_W_H4_ALL_20260102_165320.csv,144.44575757575763,1.6
W,ALL,H4,H4,EURCAD,short,2021-05-24,2021-05-31,1.47275,1.4821,0.00934999999999997,2021-05-26 09:00:00,2021-05-26 13:00:00,1.48099,1.4821,2021-06-20 21:00:00,1.47664,1.4634,1.4900809696969697,2021-07-02 13:00:00,1.4634,win,0.9850479763364768,wickdiffs_W_H4_ALL_20260102_165320.csv,134.40969696969708,1.6
W,ALL,H4,H4,EURCAD,short,2022-05-02,2022-05-09,1.36134,1.37695,0.015609999999999902,2022-05-11 09:00:00,2022-05-11 13:00:00,1.37204,1.37283,2022-05-24 05:00:00,1.37092,1.34573,1.390412090909091,2022-06-01 17:00:00,1.34573,win,1.2923190291633366,wickdiffs_W_H4_ALL_20260102_165320.csv,194.9209090909088,1.6
W,ALL,H4,H4,EURCAD,short,2022-10-24,2022-10-31,1.3559,1.36974,0.013839999999999852,2022-10-27 05:00:00,2022-10-27 09:00:00,1.36814,1.36882,2022-11-11 10:00:00,1.36798,1.3420600000000003,1.386348303030303,2022-11-16 14:00:00,1.386348303030303,loss,-1.0,wickdiffs_W_H4_ALL_20260102_165320.csv,183.68303030303042,1.6
W,ALL,H4,H4,EURCAD,short,2023-01-30,2023-02-06,1.44678,1.46422,0.017440000000000122,2023-02-03 06:00:00,2023-02-03 10:00:00,1.45888,1.46176,2023-03-09 10:00:00,1.4573,1.4293399999999998,1.4760651006711412,2023-03-12 21:00:00,1.4760651006711412,loss,-1.0,wickdiffs_W_H4_ALL_20260102_165320.csv,158.01393939393924,1.6
W,ALL,H4,H4,EURCAD,short,2023-10-23,2023-10-30,1.46588,1.47474,0.008859999999999868,2023-11-02 09:00:00,2023-11-02 13:00:00,1.47131,1.47199,2023-11-07 14:00:00,1.47106,1.4570200000000002,1.4850556363636365,2023-11-14 10:00:00,1.4850556363636365,loss,-1.0,wickdiffs_W_H4_ALL_20260102_165320.csv,139.9563636363638,1.6
W,ALL,H4,H4,EURCAD,short,2023-12-25,2024-01-01,1.46239,1.47179,0.009399999999999853,2023-12-28 06:00:00,2023-12-28 10:00:00,1.47142,1.47179,2024-01-11 14:00:00,1.47018,1.4529900000000002,1.4843840909090908,2024-01-29 10:00:00,1.4529900000000002,win,1.2102147268712482,wickdiffs_W_H4_ALL_20260102_165320.csv,142.04090909090894,1.6
W,ALL,H4,H4,EURCAD,short,2024-04-29,2024-05-06,1.47292,1.47873,0.005810000000000093,2024-05-08 09:00:00,2024-05-08 13:00:00,1.47821,1.47873,2024-05-14 17:00:00,1.47696,1.46711,1.486234181818182,2024-05-24 09:00:00,1.486234181818182,loss,-1.0,wickdiffs_W_H4_ALL_20260102_165320.csv,92.74181818181783,1.6
W,ALL,H4,H4,EURCHF,long,2015-05-04,2015-05-11,1.030525,1.04313,0.012604999999999977,2015-05-07 09:00:00,2015-05-07 13:00:00,1.030525,1.03224,2015-05-27 09:00:00,1.03287,1.0557349999999999,1.0175243624161074,2015-06-04 05:00:00,1.0557349999999999,win,1.49,wickdiffs_W_H4_ALL_20260102_165320.csv,124.83530303030301,1.6
W,ALL,H4,H4,EURCHF,long,2016-12-12,2016-12-19,1.067925,1.07297,0.005044999999999966,2016-12-21 06:00:00,2016-12-21 10:00:00,1.067925,1.06811,2017-01-03 14:00:00,1.069105,1.078015,1.0612620757575757,2017-03-10 14:00:00,1.078015,win,1.1360558542442196,wickdiffs_W_H4_ALL_20260102_165320.csv,78.42924242424243,1.6
W,ALL,H4,H4,EURCHF,long,2017-01-23,2017-01-30,1.06374,1.06895,0.005210000000000159,2017-01-30 18:00:00,2017-01-30 22:00:00,1.0641,1.06411,2017-02-08 06:00:00,1.06432,1.0741600000000002,1.0572148181818182,2017-03-07 14:00:00,1.0741600000000002,win,1.3849047430173023,wickdiffs_W_H4_ALL_20260102_165320.csv,71.05181818181813,1.6
W,ALL,H4,H4,EURCHF,long,2018-05-28,2018-06-04,1.13684,1.1518,0.014959999999999862,2018-05-31 13:00:00,2018-05-31 17:00:00,1.14638,1.14898,2018-06-19 09:00:00,1.1499,1.1667599999999998,1.1353440000000001,2018-07-12 13:00:00,1.1667599999999998,win,1.158285243198689,wickdiffs_W_H4_ALL_20260102_165320.csv,96.80090909090902,1.6
W,ALL,H4,H4,EURCHF,long,2018-08-06,2018-08-13,1.12437,1.13562,0.011249999999999982,2018-08-15 21:00:00,2018-08-16 01:00:00,1.12638,1.12675,2018-08-31 09:00:00,1.12728,1.14687,1.1141323489932886,2018-10-11 13:00:00,1.14687,win,1.49,wickdiffs_W_H4_ALL_20260102_165320.csv,88.85242424242426,1.6
W,ALL,H4,H4,EURCHF,long,2019-05-27,2019-06-03,1.11196,1.11815,0.006189999999999918,2019-06-06 13:00:00,2019-06-06 17:00:00,1.11573,1.11665,2019-06-19 13:00:00,1.11682,1.12434,1.1098297575757574,2019-06-20 13:00:00,1.1098297575757574,loss,-1.0,wickdiffs_W_H4_ALL_20260102_165320.csv,69.9024242424244,1.6
W,ALL,H4,H4,EURCHF,long,2023-01-16,2023-01-23,0.98755,0.99893,0.011379999999999946,2023-01-19 02:00:00,2023-01-19 06:00:00,0.98848,0.98853,2023-02-07 14:00:00,0.9897,1.01031,0.9758677852348994,2023-03-13 09:00:00,0.9758677852348994,loss,-1.0,wickdiffs_W_H4_ALL_20260102_165320.csv,101.70575757575753,1.6
W,ALL,H4,H4,EURCHF,long,2023-07-24,2023-07-31,0.95224,0.95888,0.006639999999999979,2023-08-03 09:00:00,2023-08-03 13:00:00,0.95604,0.95648,2023-08-17 01:00:00,0.95675,0.9655199999999999,0.9496055151515151,2023-09-21 05:00:00,0.9655199999999999,win,1.2275202741678184,wickdiffs_W_H4_ALL_20260102_165320.csv,71.44484848484846,1.6
W,ALL,H4,H4,EURCHF,short,2015-06-08,2015-06-15,1.04603,1.055555,0.009525000000000006,2015-06-15 13:00:00,2015-06-15 17:00:00,1.0535,1.054265,2015-06-25 09:00:00,1.051445,1.036505,1.0633212272727273,2015-06-28 21:00:00,1.036505,win,1.2579752523184162,wickdiffs_W_H4_ALL_20260102_165320.csv,118.76227272727277,1.6
W,ALL,H4,H4,EURCHF,short,2016-03-07,2016-03-14,1.09544,1.102255,0.0068150000000000155,2016-03-10 18:00:00,2016-03-10 22:00:00,1.10145,1.1018,2016-04-22 05:00:00,1.10129,1.088625,1.1101656363636365,2016-05-10 13:00:00,1.1101656363636365,loss,-1.0,wickdiffs_W_H4_ALL_20260102_165320.csv,88.75636363636394,1.6
W,ALL,H4,H4,EURCHF,short,2017-04-03,2017-04-10,1.06872,1.0726,0.0038800000000001056,2017-04-06 05:00:00,2017-04-06 09:00:00,1.0719,1.07198,2017-04-20 13:00:00,1.07097,1.0648399999999998,1.0766755454545454,2017-04-23 21:00:00,1.0766755454545454,loss,-1.0,wickdiffs_W_H4_ALL_20260102_165320.csv,57.055454545454644,1.6
W,ALL,H4,H4,EURCHF,short,2017-10-16,2017-10-23,1.15967,1.1713,0.01163000000000003,2017-10-27 09:00:00,2017-10-27 13:00:00,1.162885,1.16497,2017-10-31 13:00:00,1.162535,1.14804,1.173762787878788,2017-12-21 10:00:00,1.173762787878788,loss,-1.0,wickdiffs_W_H4_ALL_20260102_165320.csv,112.27787878787886,1.6
W,ALL,H4,H4,EURCHF,short,2019-02-11,2019-02-18,1.1352,1.14205,0.006850000000000023,2019-02-21 10:00:00,2019-02-21 14:00:00,1.1365,1.13688,2019-02-25 18:00:00,1.13638,1.12835,1.1441860909090908,2019-03-21 13:00:00,1.12835,win,1.028683894860651,wickdiffs_W_H4_ALL_20260102_165320.csv,78.06090909090933,1.6
W,ALL,H4,H4,EURCHF,short,2021-08-30,2021-09-06,1.08571,1.09014,0.004430000000000156,2021-09-08 13:00:00,2021-09-08 17:00:00,1.09,1.09014,2021-09-14 05:00:00,1.08965,1.0812799999999998,1.0954755757575758,2021-09-30 13:00:00,1.0812799999999998,win,1.4367678575144387,wickdiffs_W_H4_ALL_20260102_165320.csv,58.255757575757826,1.6
W,ALL,H4,H4,EURCHF,short,2023-03-27,2023-04-03,0.99226,0.99906,0.006799999999999917,2023-04-04 17:00:00,2023-04-04 21:00:00,0.9929,0.99324,2024-05-24 09:00:00,0.99256,0.9854600000000001,0.9998769090909091,2024-05-30 01:00:00,0.9854600000000001,win,0.9703550928111555,wickdiffs_W_H4_ALL_20260102_165320.csv,73.16909090909097,1.6
W,ALL,H4,H4,EURCHF,short,2023-06-12,2023-06-19,0.97796,0.9842,0.006239999999999912,2023-06-23 01:00:00,2023-06-23 05:00:00,0.98122,0.9815,2023-06-27 13:00:00,0.97924,0.9717200000000001,0.9864835454545454,2023-07-11 05:00:00,0.9717200000000001,win,1.0381656396289916,wickdiffs_W_H4_ALL_20260102_165320.csv,72.43545454545458,1.6
W,ALL,H4,H4,EURCHF,short,2024-04-22,2024-04-29,0.97796,0.98372,0.005759999999999987,2024-05-02 01:00:00,2024-05-02 05:00:00,0.98244,0.98262,2024-05-15 13:00:00,0.9817,0.9722000000000001,0.9890273030303031,2024-05-20 01:00:00,0.9890273030303031,loss,-1.0,wickdiffs_W_H4_ALL_20260102_165320.csv,73.27303030303037,1.6
W,ALL,H4,H4,EURGBP,long,2015-05-04,2015-05-11,0.712305,0.72564,0.013334999999999986,2015-05-13 05:00:00,2015-05-13 09:00:00,0.712305,0.713045,2015-05-20 13:00:00,0.71371,0.7389749999999999,0.6967536241610738,2015-07-16 09:00:00,0.6967536241610738,loss,-1.0,wickdiffs_W_H4_ALL_20260102_165320.csv,114.90106060606058,1.6
W,ALL,H4,H4,EURGBP,long,2015-06-22,2015-06-29,0.698845,0.70949,0.010644999999999905,2015-07-01 21:00:00,2015-07-02 01:00:00,0.707125,0.707635,2015-07-06 17:00:00,0.708465,0.7201349999999999,0.6969202727272727,2015-07-08 13:00:00,0.7201349999999999,win,1.0108510772331987,wickdiffs_W_H4_ALL_20260102_165320.csv,115.44727272727266,1.6
W,ALL,H4,H4,EURGBP,long,2015-10-26,2015-11-02,0.7042,0.71331,0.009109999999999951,2015-11-05 06:00:00,2015-11-05 10:00:00,0.7042,0.705175,2015-11-11 14:00:00,0.70598,0.72242,0.694530303030303,2015-12-03 10:00:00,0.72242,win,1.4358458606817612,wickdiffs_W_H4_ALL_20260102_165320.csv,114.49696969696969,1.6
W,ALL,H4,H4,EURGBP,long,2017-09-25,2017-10-02,0.87465,0.88198,0.007329999999999948,2017-09-27 09:00:00,2017-09-27 13:00:00,0.87465,0.87468,2017-11-01 05:00:00,0.875035,0.8893099999999999,0.864183303030303,2017-11-02 09:00:00,0.8893099999999999,win,1.3154624608356118,wickdiffs_W_H4_ALL_20260102_165320.csv,108.51696969696968,1.6
W,ALL,H4,H4,EURGBP,long,2018-03-19,2018-03-26,0.86682,0.874125,0.007305000000000006,2018-03-26 05:00:00,2018-03-26 09:00:00,0.871695,0.87222,2018-04-03 13:00:00,0.872675,0.88143,0.863922606060606,2018-04-13 05:00:00,0.863922606060606,loss,-1.0,wickdiffs_W_H4_ALL_20260102_165320.csv,87.52393939393929,1.6
W,ALL,H4,H4,EURGBP,long,2019-02-25,2019-03-04,0.85294,0.8605,0.007560000000000011,2019-03-07 14:00:00,2019-03-07 18:00:00,0.85364,0.8547,2019-03-11 17:00:00,0.85509,0.86806,0.8446818181818182,2019-03-21 09:00:00,0.86806,win,1.2461350336273944,wickdiffs_W_H4_ALL_20260102_165320.csv,104.08181818181819,1.6
W,ALL,H4,H4,EURGBP,long,2019-04-01,2019-04-08,0.85026,0.86038,0.010120000000000018,2019-04-05 01:00:00,2019-04-05 05:00:00,0.85571,0.85696,2019-05-02 05:00:00,0.8586,0.8705,0.8484467878787879,2019-05-15 13:00:00,0.8705,win,1.1720428823838418,wickdiffs_W_H4_ALL_20260102_165320.csv,101.53212121212127,1.6
W,ALL,H4,H4,EURGBP,long,2021-02-15,2021-02-22,0.85387,0.86508,0.011209999999999942,2021-02-25 02:00:00,2021-02-25 06:00:00,0.8597,0.85973,2021-03-04 14:00:00,0.86136,0.8762899999999999,0.8510129090909091,2021-03-29 05:00:00,0.8510129090909091,loss,-1.0,wickdiffs_W_H4_ALL_20260102_165320.csv,103.4709090909091,1.6
W,ALL,H4,H4,EURGBP,long,2021-04-12,2021-04-19,0.85889,0.86544,0.006549999999999945,2021-04-21 13:00:00,2021-04-21 17:00:00,0.86237,0.86312,2021-05-05 05:00:00,0.86348,0.8719899999999999,0.855718303030303,2021-06-17 05:00:00,0.855718303030303,loss,-1.0,wickdiffs_W_H4_ALL_20260102_165320.csv,77.6169696969696,1.6
W,ALL,H4,H4,EURGBP,long,2022-10-10,2022-10-17,0.85788,0.87019,0.012310000000000043,2022-10-18 01:00:00,2022-10-18 05:00:00,0.86345,0.86486,2022-10-26 09:00:00,0.86588,0.8825000000000001,0.8528323333333333,2022-11-09 18:00:00,0.8825000000000001,win,1.2737909715658033,wickdiffs_W_H4_ALL_20260102_165320.csv,130.47666666666666,1.6
W,ALL,H4,H4,EURGBP,long,2023-02-27,2023-03-06,0.8755,0.88296,0.007460000000000022,2023-02-28 22:00:00,2023-03-01 02:00:00,0.87846,0.8794,2023-03-14 05:00:00,0.88,0.89042,0.8708933636363636,2023-05-09 05:00:00,0.8708933636363636,loss,-1.0,wickdiffs_W_H4_ALL_20260102_165320.csv,91.06636363636375,1.6
W,ALL,H4,H4,EURGBP,short,2015-06-01,2015-06-08,0.72789,0.73891,0.011019999999999919,2015-06-09 05:00:00,2015-06-09 09:00:00,0.73822,0.73891,2015-08-24 13:00:00,0.7324,0.7168700000000001,0.7437783484848486,2015-10-02 13:00:00,0.7437783484848486,loss,-1.0,wickdiffs_W_H4_ALL_20260102_165320.csv,113.78348484848493,1.6
W,ALL,H4,H4,EURGBP,short,2016-02-08,2016-02-15,0.77615,0.789765,0.013615000000000044,2016-02-19 10:00:00,2016-02-19 14:00:00,0.778985,0.77932,2016-02-22 02:00:00,0.777925,0.762535,0.7911265000000001,2016-02-24 14:00:00,0.7911265000000001,loss,-1.0,wickdiffs_W_H4_ALL_20260102_165320.csv,126.7696969696971,1.6
W,ALL,H4,H4,EURGBP,short,2016-10-03,2016-10-10,0.90076,0.91496,0.01419999999999999,2016-10-13 09:00:00,2016-10-13 13:00:00,0.905485,0.90556,2016-10-17 09:00:00,0.90449,0.88656,0.9172523181818182,2016-11-03 09:00:00,0.88656,win,1.404917174494516,wickdiffs_W_H4_ALL_20260102_165320.csv,127.6231818181819,1.6
W,ALL,H4,H4,EURGBP,short,2016-12-05,2016-12-12,0.83975,0.857255,0.017504999999999993,2016-12-09 02:00:00,2016-12-09 06:00:00,0.843255,0.84578,2016-12-19 14:00:00,0.840965,0.822245,0.8590055,2016-12-29 22:00:00,0.8590055,loss,-1.0,wickdiffs_W_H4_ALL_20260102_165320.csv,148.1666666666668,1.6
W,ALL,H4,H4,EURGBP,short,2017-06-05,2017-06-12,0.87852,0.88664,0.008120000000000016,2017-06-12 13:00:00,2017-06-12 17:00:00,0.88582,0.88646,2017-06-27 13:00:00,0.884985,0.8704,0.8952122727272728,2017-07-20 13:00:00,0.8952122727272728,loss,-1.0,wickdiffs_W_H4_ALL_20260102_165320.csv,102.27272727272737,1.6
W,ALL,H4,H4,EURGBP,short,2018-06-04,2018-06-11,0.87774,0.8838,0.006060000000000065,2018-06-07 09:00:00,2018-06-07 13:00:00,0.8833,0.8838,2018-06-28 05:00:00,0.88294,0.8716799999999999,0.890986606060606,2018-07-17 17:00:00,0.890986606060606,loss,-1.0,wickdiffs_W_H4_ALL_20260102_165320.csv,80.4660606060608,1.6
W,ALL,H4,H4,EURGBP,short,2019-01-28,2019-02-04,0.87559,0.88216,0.006570000000000076,2019-02-05 14:00:00,2019-02-05 18:00:00,0.88141,0.88216,2019-02-14 10:00:00,0.88108,0.8690199999999999,0.8917940606060606,2019-02-19 14:00:00,0.8690199999999999,win,1.1256236494665808,wickdiffs_W_H4_ALL_20260102_165320.csv,107.1406060606061,1.6
W,ALL,H4,H4,EURGBP,short,2020-03-16,2020-03-23,0.91857,0.95003,0.031460000000000043,2020-03-24 05:00:00,2020-03-24 09:00:00,0.92912,0.9317,2020-09-11 09:00:00,0.92475,0.88711,0.953176,2020-11-11 06:00:00,0.88711,win,1.3241398719482138,wickdiffs_W_H4_ALL_20260102_165320.csv,97.21606060606067,1.6
W,ALL,H4,H4,EURGBP,short,2022-03-14,2022-03-21,0.83866,0.8458,0.007140000000000035,2022-03-17 13:00:00,2022-03-17 17:00:00,0.84542,0.8458,2022-03-29 09:00:00,0.84536,0.8315199999999999,0.8546485906040269,2022-04-07 05:00:00,0.8315199999999999,win,1.49,wickdiffs_W_H4_ALL_20260102_165320.csv,78.29424242424238,1.6
W,ALL,H4,H4,EURGBP,short,2024-08-05,2024-08-12,0.85587,0.86251,0.006639999999999979,2024-08-08 05:00:00,2024-08-08 09:00:00,0.86183,0.86251,2025-04-09 05:00:00,0.85982,0.84923,0.8669273825503356,2025-04-10 21:00:00,0.8669273825503356,loss,-1.0,wickdiffs_W_H4_ALL_20260102_165320.csv,65.35424242424256,1.6
W,ALL,H4,H4,EURJPY,long,2016-02-22,2016-02-29,122.0775,124.617,2.539500000000004,2016-03-02 18:00:00,2016-03-02 22:00:00,123.093,123.2715,2016-03-09 10:00:00,123.466,127.15650000000001,120.98915436241609,2016-03-11 14:00:00,127.15650000000001,win,1.49,wickdiffs_W_H4_ALL_20260102_165320.csv,199.57378787878793,1.6
W,ALL,H4,H4,EURJPY,long,2016-06-20,2016-06-27,109.5705,113.499,3.9284999999999997,2016-06-27 09:00:00,2016-06-27 13:00:00,111.3785,111.4815,2016-07-06 01:00:00,111.607,117.4275,107.70062416107383,2016-07-14 05:00:00,117.4275,win,1.49,wickdiffs_W_H4_ALL_20260102_165320.csv,237.33121212121225,1.6
W,ALL,H4,H4,EURJPY,long,2017-05-22,2017-05-29,123.16,124.475,1.3149999999999977,2017-05-30 01:00:00,2017-05-30 05:00:00,123.16,123.2495,2017-06-06 05:00:00,123.4545,125.78999999999999,121.79953939393938,2017-06-27 09:00:00,125.78999999999999,win,1.4112118387877017,wickdiffs_W_H4_ALL_20260102_165320.csv,165.49606060606055,1.6
W,ALL,H4,H4,EURJPY,long,2018-05-21,2018-05-28,124.622,127.438,2.8160000000000025,2018-05-31 13:00:00,2018-05-31 17:00:00,126.33,126.815,2018-06-19 05:00:00,126.912,130.25400000000002,124.3404,2018-07-09 13:00:00,130.25400000000002,win,1.2995800279981367,wickdiffs_W_H4_ALL_20260102_165320.csv,165.62181818181818,1.6
W,ALL,H4,H4,EURJPY,long,2021-03-22,2021-03-29,128.294,129.358,1.063999999999993,2021-03-29 05:00:00,2021-03-29 09:00:00,128.834,128.943,2021-07-19 09:00:00,129.042,130.422,127.95706666666666,2021-07-29 05:00:00,130.422,win,1.271967555610171,wickdiffs_W_H4_ALL_20260102_165320.csv,108.49333333333338,1.6
W,ALL,H4,H4,EURJPY,long,2021-07-12,2021-07-19,128.598,129.958,1.3599999999999852,2021-07-21 01:00:00,2021-07-21 05:00:00,129.162,129.323,2021-08-03 13:00:00,129.442,131.31799999999998,128.18293959731545,2021-08-19 05:00:00,128.18293959731545,loss,-1.0,wickdiffs_W_H4_ALL_20260102_165320.csv,110.05454545454532,1.6
W,ALL,H4,H4,EURJPY,long,2022-07-25,2022-08-01,133.398,136.238,2.8400000000000034,2022-08-03 01:00:00,2022-08-03 05:00:00,134.828,135.102,2022-08-15 21:00:00,135.243,139.078,132.5935696969697,2022-08-30 13:00:00,139.078,win,1.4474809907675987,wickdiffs_W_H4_ALL_20260102_165320.csv,264.9430303030307,1.6
W,ALL,H4,H4,EURJPY,long,2022-08-08,2022-08-15,134.949,136.978,2.0289999999999964,2022-08-16 21:00:00,2022-08-17 01:00:00,136.26,136.388,2022-08-23 01:00:00,136.392,139.007,133.80958787878788,2022-08-30 13:00:00,139.007,win,1.0126191627278243,wickdiffs_W_H4_ALL_20260102_165320.csv,258.24121212121275,1.6
W,ALL,H4,H4,EURJPY,long,2022-12-26,2023-01-02,137.388,140.324,2.936000000000007,2023-01-04 22:00:00,2023-01-05 02:00:00,139.972,140.051,2023-01-12 14:00:00,140.159,143.26000000000002,137.0944,2023-02-15 10:00:00,143.26000000000002,win,1.0118775696665285,wickdiffs_W_H4_ALL_20260102_165320.csv,266.4993939393941,1.6
W,ALL,H4,H4,EURJPY,long,2023-07-10,2023-07-17,153.412,155.862,2.4499999999999886,2023-07-18 09:00:00,2023-07-18 13:00:00,154.873,155.125,2023-07-27 01:00:00,155.349,158.31199999999998,153.167,2023-07-27 17:00:00,153.167,loss,-1.0,wickdiffs_W_H4_ALL_20260102_165320.csv,196.7187878787876,1.6
W,ALL,H4,H4,EURJPY,short,2015-03-16,2015-03-23,129.94,131.798,1.858000000000004,2015-03-25 09:00:00,2015-03-25 13:00:00,131.2435,131.416,2015-04-06 13:00:00,130.9985,128.082,133.7455303030303,2015-04-10 05:00:00,128.082,win,1.0616919648766743,wickdiffs_W_H4_ALL_20260102_165320.csv,274.70303030303074,1.6
W,ALL,H4,H4,EURJPY,short,2018-08-20,2018-08-27,129.29,130.867,1.5769999999999982,2018-08-29 21:00:00,2018-08-30 01:00:00,130.816,130.867,2018-09-13 13:00:00,130.641,127.713,132.60610067114092,2018-09-20 21:00:00,132.60610067114092,loss,-1.0,wickdiffs_W_H4_ALL_20260102_165320.csv,160.4515151515149,1.6
W,ALL,H4,H4,EURJPY,short,2018-11-26,2018-12-03,128.43,129.298,0.867999999999995,2018-11-30 02:00:00,2018-11-30 06:00:00,129.234,129.268,2018-12-13 06:00:00,129.101,127.56200000000001,130.67252424242423,2018-12-19 18:00:00,127.56200000000001,win,0.9793040148244353,wickdiffs_W_H4_ALL_20260102_165320.csv,157.152424242424,1.6
W,ALL,H4,H4,EURJPY,short,2020-06-29,2020-07-06,120.959,121.968,1.0090000000000003,2020-07-09 01:00:00,2020-07-09 05:00:00,121.964,121.966,2020-07-13 13:00:00,121.83,119.95,123.40876060606061,2020-07-22 09:00:00,123.40876060606061,loss,-1.0,wickdiffs_W_H4_ALL_20260102_165320.csv,157.8760606060607,1.6
W,ALL,H4,H4,EURJPY,short,2020-11-09,2020-11-16,123.828,125.138,1.3100000000000023,2020-11-09 10:00:00,2020-11-09 14:00:00,124.921,125.138,2020-11-30 06:00:00,124.682,122.518,126.1343489932886,2020-12-02 02:00:00,126.1343489932886,loss,-1.0,wickdiffs_W_H4_ALL_20260102_165320.csv,132.66515151515125,1.6
W,ALL,H4,H4,EURJPY,short,2022-01-31,2022-02-07,131.926,133.157,1.231000000000023,2022-02-10 14:00:00,2022-02-10 18:00:00,133.06,133.157,2022-03-22 09:00:00,132.794,130.69499999999996,134.50920000000002,2022-03-24 13:00:00,134.50920000000002,loss,-1.0,wickdiffs_W_H4_ALL_20260102_165320.csv,171.51999999999987,1.6
W,ALL,H4,H4,EURJPY,short,2022-09-05,2022-09-12,143.26,145.638,2.3780000000000143,2022-09-15 13:00:00,2022-09-15 17:00:00,143.607,143.686,2022-09-19 17:00:00,143.571,140.88199999999998,146.1535818181818,2022-09-22 05:00:00,140.88199999999998,win,1.0412061221328985,wickdiffs_W_H4_ALL_20260102_165320.csv,258.2581818181818,1.6
W,ALL,H4,H4,EURJPY,short,2022-09-26,2022-10-03,141.854,144.091,2.2369999999999948,2022-10-05 01:00:00,2022-10-05 05:00:00,143.929,144.091,2022-10-13 13:00:00,143.898,139.61700000000002,146.7711543624161,2022-10-18 01:00:00,146.7711543624161,loss,-1.0,wickdiffs_W_H4_ALL_20260102_165320.csv,254.0924242424245,1.6
W,ALL,H4,H4,EURJPY,short,2024-03-18,2024-03-25,163.661,165.355,1.6939999999999884,2024-03-27 05:00:00,2024-03-27 09:00:00,164.274,164.297,2024-04-03 13:00:00,164.245,161.967,165.9207818181818,2024-04-24 17:00:00,165.9207818181818,loss,-1.0,wickdiffs_W_H4_ALL_20260102_165320.csv,167.57818181818112,1.6
W,ALL,H4,H4,EURJPY,short,2025-03-10,2025-03-17,161.825,164.188,2.3629999999999995,2025-03-18 05:00:00,2025-03-18 09:00:00,164.064,164.188,2025-04-02 17:00:00,162.09,159.462,164.73930303030303,2025-04-04 13:00:00,159.462,win,0.9919590057991279,wickdiffs_W_H4_ALL_20260102_165320.csv,264.9303030303034,1.6
W,ALL,H4,H4,EURNZD,long,2015-07-06,2015-07-13,1.634655,1.65915,0.024494999999999933,2015-07-15 01:00:00,2015-07-15 05:00:00,1.636505,1.639195,2015-07-21 01:00:00,1.641065,1.6836449999999998,1.6092621515151515,2015-08-11 05:00:00,1.6836449999999998,win,1.3388737810792575,wickdiffs_W_H4_ALL_20260102_165320.csv,318.02848484848494,1.6
W,ALL,H4,H4,EURNZD,long,2016-08-29,2016-09-05,1.50287,1.52974,0.02687000000000017,2016-09-08 21:00:00,2016-09-09 01:00:00,1.52053,1.520595,2016-09-20 09:00:00,1.521615,1.5566100000000003,1.4962992424242425,2016-10-04 17:00:00,1.5566100000000003,win,1.3823406190898146,wickdiffs_W_H4_ALL_20260102_165320.csv,253.15757575757533,1.6
W,ALL,H4,H4,EURNZD,long,2016-10-31,2016-11-07,1.48497,1.52039,0.03542000000000001,2016-11-10 14:00:00,2016-11-10 18:00:00,1.505635,1.50638,2016-11-14 22:00:00,1.510635,1.55581,1.4803162080536914,2016-12-04 22:00:00,1.4803162080536914,loss,-1.0,wickdiffs_W_H4_ALL_20260102_165320.csv,233.2715151515146,1.6
W,ALL,H4,H4,EURNZD,long,2018-01-01,2018-01-08,1.65217,1.6784,0.026229999999999976,2018-01-12 14:00:00,2018-01-12 18:00:00,1.67454,1.67531,2018-01-17 14:00:00,1.67698,1.7046299999999999,1.6495469999999999,2018-02-02 14:00:00,1.7046299999999999,win,1.0079101811686622,wickdiffs_W_H4_ALL_20260102_165320.csv,239.93030303030318,1.6
W,ALL,H4,H4,EURNZD,long,2018-10-15,2018-10-22,1.73562,1.74735,0.011730000000000018,2018-10-19 09:00:00,2018-10-19 13:00:00,1.73562,1.73598,2018-10-30 05:00:00,1.73815,1.75908,1.7211028787878788,2018-11-01 05:00:00,1.7211028787878788,loss,-1.0,wickdiffs_W_H4_ALL_20260102_165320.csv,170.47121212121237,1.6
W,ALL,H4,H4,EURNZD,long,2020-04-20,2020-04-27,1.76619,1.79898,0.0327900000000001,2020-04-30 01:00:00,2020-04-30 05:00:00,1.76619,1.76622,2020-05-08 09:00:00,1.76993,1.8317700000000001,1.7264125454545454,2020-06-08 13:00:00,1.7264125454545454,loss,-1.0,wickdiffs_W_H4_ALL_20260102_165320.csv,435.17454545454535,1.6
W,ALL,H4,H4,EURNZD,long,2021-03-01,2021-03-08,1.65119,1.66312,0.011929999999999996,2021-03-11 06:00:00,2021-03-11 10:00:00,1.65119,1.65182,2021-03-17 17:00:00,1.65491,1.67505,1.6355361515151516,2021-03-22 21:00:00,1.67505,win,1.0395456543262693,wickdiffs_W_H4_ALL_20260102_165320.csv,193.7384848484849,1.6
W,ALL,H4,H4,EURNZD,long,2021-06-28,2021-07-05,1.66944,1.6885,0.019059999999999855,2021-07-07 17:00:00,2021-07-07 21:00:00,1.6788,1.67945,2021-07-14 01:00:00,1.68056,1.7075599999999997,1.6615210303030303,2021-07-20 01:00:00,1.7075599999999997,win,1.4181439662828554,wickdiffs_W_H4_ALL_20260102_165320.csv,190.3896969696969,1.6
W,ALL,H4,H4,EURNZD,long,2022-10-03,2022-10-10,1.70723,1.7375,0.03027000000000002,2022-10-06 01:00:00,2022-10-06 05:00:00,1.70723,1.70979,2022-10-23 21:00:00,1.71009,1.76777,1.671378590604027,2022-11-22 06:00:00,1.671378590604027,loss,-1.0,wickdiffs_W_H4_ALL_20260102_165320.csv,290.189393939394,1.6
W,ALL,H4,H4,EURNZD,long,2023-07-24,2023-07-31,1.76868,1.78936,0.02068000000000003,2023-07-31 21:00:00,2023-08-01 01:00:00,1.7691,1.77,2023-09-27 13:00:00,1.77469,1.81004,1.750965167785235,2023-10-10 01:00:00,1.750965167785235,loss,-1.0,wickdiffs_W_H4_ALL_20260102_165320.csv,227.9769696969696,1.6
W,ALL,H4,H4,EURNZD,short,2018-08-06,2018-08-13,1.73451,1.74874,0.014229999999999965,2018-08-09 21:00:00,2018-08-10 01:00:00,1.74706,1.74874,2018-08-28 05:00:00,1.7449,1.72028,1.762416606060606,2018-09-04 05:00:00,1.762416606060606,loss,-1.0,wickdiffs_W_H4_ALL_20260102_165320.csv,175.16606060606023,1.6
W,ALL,H4,H4,EURNZD,short,2019-04-15,2019-04-22,1.68214,1.69617,0.014029999999999987,2019-04-25 01:00:00,2019-04-25 05:00:00,1.69184,1.69287,2019-05-01 13:00:00,1.69159,1.66811,1.7093571515151516,2019-05-08 01:00:00,1.7093571515151516,loss,-1.0,wickdiffs_W_H4_ALL_20260102_165320.csv,177.67151515151528,1.6
W,ALL,H4,H4,EURNZD,short,2019-08-05,2019-08-12,1.73188,1.75748,0.025599999999999845,2019-08-07 01:00:00,2019-08-07 05:00:00,1.75282,1.75748,2019-08-25 21:00:00,1.74664,1.7062800000000002,1.7737272483221473,2019-09-12 09:00:00,1.7062800000000002,win,1.49,wickdiffs_W_H4_ALL_20260102_165320.csv,173.17636363636365,1.6
W,ALL,H4,H4,EURNZD,short,2019-08-26,2019-09-02,1.74158,1.7594,0.01782000000000017,2019-08-29 01:00:00,2019-08-29 05:00:00,1.75716,1.7574,2019-09-19 21:00:00,1.75654,1.7237599999999997,1.7785400000000002,2019-11-12 22:00:00,1.7237599999999997,win,1.49,wickdiffs_W_H4_ALL_20260102_165320.csv,192.2727272727274,1.6
W,ALL,H4,H4,EURNZD,short,2020-12-14,2020-12-21,1.71734,1.73478,0.0174399999999999,2020-12-24 02:00:00,2020-12-24 06:00:00,1.72109,1.72138,2020-12-28 14:00:00,1.72029,1.6999000000000002,1.7403741515151516,2020-12-31 10:00:00,1.6999000000000002,win,1.0152283498069423,wickdiffs_W_H4_ALL_20260102_165320.csv,200.84151515151547,1.6
W,ALL,H4,H4,EURNZD,short,2022-03-07,2022-03-14,1.60306,1.63312,0.030059999999999976,2022-03-17 13:00:00,2022-03-17 17:00:00,1.61486,1.61608,2022-03-29 09:00:00,1.61063,1.573,1.636126,2022-04-05 01:00:00,1.573,win,1.4759177910260475,wickdiffs_W_H4_ALL_20260102_165320.csv,218.5260606060604,1.6
W,ALL,H4,H4,EURNZD,short,2022-05-09,2022-05-16,1.65482,1.68422,0.029400000000000093,2022-05-16 01:00:00,2022-05-16 05:00:00,1.66801,1.66838,2022-05-24 13:00:00,1.6644,1.6254199999999999,1.6914118181818183,2022-06-29 09:00:00,1.6914118181818183,loss,-1.0,wickdiffs_W_H4_ALL_20260102_165320.csv,270.1181818181816,1.6
W,ALL,H4,H4,EURNZD,short,2023-06-26,2023-07-03,1.77764,1.80078,0.02313999999999994,2023-07-02 21:00:00,2023-07-03 01:00:00,1.7795,1.78259,2023-07-11 05:00:00,1.77886,1.7545000000000002,1.803094,2023-07-13 13:00:00,1.7545000000000002,win,1.0051993067591016,wickdiffs_W_H4_ALL_20260102_165320.csv,222.5230303030306,1.6
W,ALL,H4,H4,EURNZD,short,2024-02-26,2024-03-04,1.77493,1.78702,0.012090000000000156,2024-03-06 06:00:00,2024-03-06 10:00:00,1.78315,1.78406,2024-03-15 01:00:00,1.78229,1.7628399999999997,1.8002572727272725,2024-03-20 21:00:00,1.8002572727272725,loss,-1.0,wickdiffs_W_H4_ALL_20260102_165320.csv,179.67272727272695,1.6
W,ALL,H4,H4,EURNZD,short,2024-10-07,2024-10-14,1.79375,1.80801,0.01425999999999994,2024-10-09 09:00:00,2024-10-09 13:00:00,1.80721,1.80801,2024-10-25 01:00:00,1.80604,1.77949,1.8266330606060608,2024-10-31 13:00:00,1.8266330606060608,loss,-1.0,wickdiffs_W_H4_ALL_20260102_165320.csv,205.930606060606,1.6
W,ALL,H4,H4,EURNZD,short,2025-02-10,2025-02-17,1.83315,1.84954,0.016389999999999905,2025-02-18 22:00:00,2025-02-19 02:00:00,1.83781,1.83952,2025-02-25 14:00:00,1.8374,1.8167600000000002,1.8553194242424242,2025-02-28 02:00:00,1.8553194242424242,loss,-1.0,wickdiffs_W_H4_ALL_20260102_165320.csv,179.19424242424233,1.6
W,ALL,H4,H4,EURUSD,long,2015-06-29,2015-07-06,1.09163,1.11138,0.019749999999999934,2015-07-07 09:00:00,2015-07-07 13:00:00,1.09163,1.09208,2015-07-16 01:00:00,1.09302,1.13113,1.0674428187919465,2015-08-21 13:00:00,1.13113,win,1.49,wickdiffs_W_H4_ALL_20260102_165320.csv,223.6454545454547,1.6
W,ALL,H4,H4,EURUSD,long,2016-06-20,2016-06-27,1.0912,1.11086,0.01966000000000001,2016-06-27 21:00:00,2016-06-28 01:00:00,1.101045,1.10177,2016-07-08 09:00:00,1.102475,1.13052,1.0836528523489934,2016-08-16 09:00:00,1.13052,win,1.49,wickdiffs_W_H4_ALL_20260102_165320.csv,149.18848484848507,1.6
W,ALL,H4,H4,EURUSD,long,2017-06-05,2017-06-12,1.11322,1.11959,0.006369999999999987,2017-06-16 01:00:00,2017-06-16 05:00:00,1.113855,1.11417,2017-06-19 21:00:00,1.11448,1.12596,1.1030602575757575,2017-06-27 09:00:00,1.12596,win,1.0052766142631915,wickdiffs_W_H4_ALL_20260102_165320.csv,114.19742424242426,1.6
W,ALL,H4,H4,EURUSD,long,2018-07-09,2018-07-16,1.15746,1.1686,0.01114000000000015,2018-07-20 05:00:00,2018-07-20 09:00:00,1.1633,1.16402,2018-07-26 17:00:00,1.16429,1.1797400000000002,1.1502048484848484,2018-08-10 05:00:00,1.1502048484848484,loss,-1.0,wickdiffs_W_H4_ALL_20260102_165320.csv,140.85151515151554,1.6
W,ALL,H4,H4,EURUSD,long,2021-03-01,2021-03-08,1.18356,1.1913,0.00774000000000008,2021-03-08 22:00:00,2021-03-09 02:00:00,1.18356,1.18381,2021-03-23 21:00:00,1.18428,1.19904,1.172466,2021-03-30 13:00:00,1.172466,loss,-1.0,wickdiffs_W_H4_ALL_20260102_165320.csv,118.1399999999999,1.6
W,ALL,H4,H4,EURUSD,long,2021-08-02,2021-08-09,1.1706,1.17616,0.005560000000000009,2021-08-11 05:00:00,2021-08-11 09:00:00,1.1706,1.17086,2021-08-17 13:00:00,1.17088,1.18172,1.1612668484848483,2021-08-31 01:00:00,1.18172,win,1.1276218816394377,wickdiffs_W_H4_ALL_20260102_165320.csv,96.13151515151532,1.6
W,ALL,H4,H4,EURUSD,long,2022-01-03,2022-01-10,1.12724,1.13616,0.008920000000000039,2022-01-10 10:00:00,2022-01-10 14:00:00,1.1285,1.1295,2022-01-24 10:00:00,1.12958,1.14508,1.1185733333333334,2022-01-27 10:00:00,1.1185733333333334,loss,-1.0,wickdiffs_W_H4_ALL_20260102_165320.csv,110.06666666666656,1.6
W,ALL,H4,H4,EURUSD,long,2022-06-13,2022-06-20,1.03593,1.04938,0.013449999999999962,2022-06-15 13:00:00,2022-06-15 17:00:00,1.03593,1.038,2022-07-01 13:00:00,1.04014,1.06283,1.0247272727272727,2022-07-05 13:00:00,1.0247272727272727,loss,-1.0,wickdiffs_W_H4_ALL_20260102_165320.csv,154.12727272727284,1.6
W,ALL,H4,H4,EURUSD,long,2022-09-19,2022-09-26,0.9536,0.96914,0.015539999999999998,2022-09-29 05:00:00,2022-09-29 09:00:00,0.96358,0.96642,2022-10-13 09:00:00,0.96682,0.98468,0.9487369696969697,2022-10-17 13:00:00,0.98468,win,0.9876663203405162,wickdiffs_W_H4_ALL_20260102_165320.csv,180.830303030303,1.6
W,ALL,H4,H4,EURUSD,long,2023-06-19,2023-06-26,1.08354,1.0896,0.006059999999999954,2023-06-30 05:00:00,2023-06-30 09:00:00,1.08354,1.0836,2023-07-06 01:00:00,1.08433,1.0956599999999999,1.072735090909091,2023-07-07 13:00:00,1.0956599999999999,win,0.9771529825001425,wickdiffs_W_H4_ALL_20260102_165320.csv,115.94909090909096,1.6
W,ALL,H4,H4,EURUSD,long,2024-07-22,2024-07-29,1.07774,1.08592,0.008180000000000076,2024-08-01 21:00:00,2024-08-02 01:00:00,1.07818,1.07846,2024-10-23 05:00:00,1.07883,1.0941,1.068581677852349,2024-11-06 10:00:00,1.068581677852349,loss,-1.0,wickdiffs_W_H4_ALL_20260102_165320.csv,95.80727272727277,1.6
W,ALL,H4,H4,EURUSD,short,2017-03-20,2017-03-27,1.079765,1.09065,0.010884999999999811,2017-03-27 09:00:00,2017-03-27 13:00:00,1.08968,1.09065,2017-04-25 09:00:00,1.088905,1.0688800000000003,1.102344597315436,2017-05-07 21:00:00,1.102344597315436,loss,-1.0,wickdiffs_W_H4_ALL_20260102_165320.csv,116.41151515151505,1.6
W,ALL,H4,H4,EURUSD,short,2018-02-12,2018-02-19,1.24099,1.2556,0.014610000000000012,2018-02-18 22:00:00,2018-02-19 02:00:00,1.243405,1.24355,2018-03-07 10:00:00,1.241445,1.22638,1.257061,2018-03-16 13:00:00,1.22638,win,0.9647156762294962,wickdiffs_W_H4_ALL_20260102_165320.csv,146.32393939393916,1.6
W,ALL,H4,H4,EURUSD,short,2018-08-20,2018-08-27,1.1622,1.17338,0.01118000000000019,2018-08-28 13:00:00,2018-08-28 17:00:00,1.17218,1.17338,2018-09-14 05:00:00,1.17062,1.1510199999999997,1.1839072121212122,2018-10-02 09:00:00,1.1510199999999997,win,1.4751025136951201,wickdiffs_W_H4_ALL_20260102_165320.csv,132.8721212121213,1.6
W,ALL,H4,H4,EURUSD,short,2019-12-09,2019-12-16,1.11206,1.11997,0.007909999999999862,2019-12-19 06:00:00,2019-12-19 10:00:00,1.11394,1.11443,2019-12-27 06:00:00,1.11386,1.1041500000000002,1.1213874545454545,2019-12-30 14:00:00,1.1213874545454545,loss,-1.0,wickdiffs_W_H4_ALL_20260102_165320.csv,75.27454545454518,1.6
W,ALL,H4,H4,EURUSD,short,2020-03-02,2020-03-09,1.12836,1.14963,0.0212699999999999,2020-03-10 09:00:00,2020-03-10 13:00:00,1.13898,1.13944,2020-06-10 17:00:00,1.13751,1.1070900000000001,1.1579261073825502,2020-07-22 09:00:00,1.1579261073825502,loss,-1.0,wickdiffs_W_H4_ALL_20260102_165320.csv,179.2075757575759,1.6
W,ALL,H4,H4,EURUSD,short,2020-08-10,2020-08-17,1.18426,1.19657,0.012309999999999821,2020-08-18 21:00:00,2020-08-19 01:00:00,1.19518,1.19529,2020-08-31 13:00:00,1.19442,1.1719500000000003,1.2095005369127516,2020-09-22 13:00:00,1.1719500000000003,win,1.49,wickdiffs_W_H4_ALL_20260102_165320.csv,144.45060606060628,1.6
W,ALL,H4,H4,EURUSD,short,2022-10-24,2022-10-31,0.9966,1.00938,0.012779999999999903,2022-10-26 17:00:00,2022-10-26 21:00:00,1.00888,1.00938,2022-11-08 14:00:00,1.00884,0.9838200000000001,1.0273822424242425,2022-11-11 06:00:00,1.0273822424242425,loss,-1.0,wickdiffs_W_H4_ALL_20260102_165320.csv,185.42242424242414,1.6
W,ALL,H4,H4,EURUSD,short,2024-07-29,2024-08-05,1.09213,1.10089,0.008759999999999879,2024-08-08 05:00:00,2024-08-08 09:00:00,1.09397,1.09452,2024-08-13 05:00:00,1.09234,1.0833700000000002,1.101766,2024-08-14 05:00:00,1.101766,loss,-1.0,wickdiffs_W_H4_ALL_20260102_165320.csv,83.65151515151497,1.6
W,ALL,H4,H4,EURUSD,short,2024-09-02,2024-09-09,1.10827,1.11556,0.007290000000000019,2024-09-13 09:00:00,2024-09-13 13:00:00,1.11009,1.1102,2024-09-16 01:00:00,1.1097,1.10098,1.1183533333333333,2024-09-18 17:00:00,1.1183533333333333,loss,-1.0,wickdiffs_W_H4_ALL_20260102_165320.csv,86.53333333333327,1.6
W,ALL,H4,H4,EURUSD,short,2025-04-14,2025-04-21,1.13973,1.15734,0.017610000000000126,2025-04-23 05:00:00,2025-04-23 09:00:00,1.14154,1.14401,2025-04-28 13:00:00,1.14115,1.1221199999999998,1.1591010000000002,2025-05-08 13:00:00,1.1221199999999998,win,1.0601080719737213,wickdiffs_W_H4_ALL_20260102_165320.csv,163.52030303030295,1.6
W,ALL,H4,H4,GBPAUD,long,2016-10-24,2016-10-31,1.57907,1.60429,0.02522000000000002,2016-11-01 09:00:00,2016-11-01 13:00:00,1.589795,1.590625,2016-11-08 18:00:00,1.595085,1.62951,1.5653064696969698,2016-11-09 02:00:00,1.62951,win,1.1560342182668693,wickdiffs_W_H4_ALL_20260102_165320.csv,297.7853030303031,1.6
W,ALL,H4,H4,GBPAUD,long,2017-09-18,2017-09-25,1.67866,1.69548,0.016820000000000057,2017-09-20 09:00:00,2017-09-20 13:00:00,1.67866,1.67886,2017-10-06 09:00:00,1.6844,1.7123000000000002,1.661751606060606,2017-10-25 09:00:00,1.7123000000000002,win,1.2318754289888887,wickdiffs_W_H4_ALL_20260102_165320.csv,226.48393939393938,1.6
W,ALL,H4,H4,GBPAUD,long,2020-04-20,2020-04-27,1.89923,1.93443,0.03520000000000012,2020-04-30 01:00:00,2020-04-30 05:00:00,1.89923,1.89924,2020-05-07 13:00:00,1.90318,1.9696300000000002,1.8580072424242424,2020-05-20 13:00:00,1.8580072424242424,loss,-1.0,wickdiffs_W_H4_ALL_20260102_165320.csv,451.72757575757566,1.6
W,ALL,H4,H4,GBPAUD,long,2024-03-18,2024-03-25,1.92538,1.93429,0.008909999999999973,2024-03-21 17:00:00,2024-03-21 21:00:00,1.92538,1.92561,2024-04-03 13:00:00,1.92648,1.9432,1.9090467575757575,2024-04-16 13:00:00,1.9432,win,0.9590872192971679,wickdiffs_W_H4_ALL_20260102_165320.csv,174.33242424242405,1.6
W,ALL,H4,H4,GBPAUD,short,2017-07-24,2017-07-31,1.64477,1.6738,0.02902999999999989,2017-08-04 09:00:00,2017-08-04 13:00:00,1.65284,1.65336,2017-08-09 05:00:00,1.64945,1.6157400000000002,1.6767029999999998,2017-09-14 09:00:00,1.6767029999999998,loss,-1.0,wickdiffs_W_H4_ALL_20260102_165320.csv,241.1036363636362,1.6
W,ALL,H4,H4,GBPAUD,short,2017-09-11,2017-09-18,1.69834,1.71684,0.01849999999999996,2017-09-21 21:00:00,2017-09-22 01:00:00,1.71652,1.71684,2017-09-28 09:00:00,1.715955,1.67984,1.7401932550335568,2017-10-06 09:00:00,1.67984,win,1.49,wickdiffs_W_H4_ALL_20260102_165320.csv,230.44969696969707,1.6
W,ALL,H4,H4,GBPAUD,short,2017-10-23,2017-10-30,1.70986,1.73682,0.026960000000000095,2017-10-31 17:00:00,2017-10-31 21:00:00,1.73614,1.73682,2017-11-15 06:00:00,1.7309,1.6828999999999998,1.7631147651006713,2017-11-29 06:00:00,1.7631147651006713,loss,-1.0,wickdiffs_W_H4_ALL_20260102_165320.csv,239.08212121212125,1.6
W,ALL,H4,H4,GBPAUD,short,2020-01-06,2020-01-13,1.89341,1.91572,0.022310000000000052,2020-01-09 22:00:00,2020-01-10 02:00:00,1.90636,1.90744,2020-01-21 18:00:00,1.90623,1.8711,1.929813393939394,2020-01-27 06:00:00,1.929813393939394,loss,-1.0,wickdiffs_W_H4_ALL_20260102_165320.csv,235.83393939393952,1.6
W,ALL,H4,H4,GBPAUD,short,2020-04-13,2020-04-20,1.96462,1.9901,0.025479999999999947,2020-04-16 13:00:00,2020-04-16 17:00:00,1.97939,1.98182,2023-08-16 13:00:00,1.9793,1.93914,2.006253020134228,2023-09-12 05:00:00,1.93914,win,1.49,wickdiffs_W_H4_ALL_20260102_165320.csv,235.71666666666687,1.6
W,ALL,H4,H4,GBPAUD,short,2022-09-26,2022-10-03,1.74369,1.77096,0.027270000000000127,2022-10-05 01:00:00,2022-10-05 05:00:00,1.76396,1.76505,2022-10-11 01:00:00,1.76362,1.7164199999999998,1.7952978523489933,2022-10-13 09:00:00,1.7952978523489933,loss,-1.0,wickdiffs_W_H4_ALL_20260102_165320.csv,277.93484848484854,1.6
W,ALL,H4,H4,GBPAUD,short,2023-12-04,2023-12-11,1.90739,1.92677,0.019380000000000175,2023-12-13 02:00:00,2023-12-13 06:00:00,1.91628,1.9176,2024-01-15 22:00:00,1.91404,1.8880099999999997,1.9355541818181818,2024-01-17 10:00:00,1.9355541818181818,loss,-1.0,wickdiffs_W_H4_ALL_20260102_165320.csv,215.14181818181817,1.6
W,ALL,H4,H4,GBPAUD,short,2025-03-03,2025-03-10,2.04562,2.06285,0.01723000000000008,2025-03-13 17:00:00,2025-03-13 21:00:00,2.06202,2.06251,2025-03-20 09:00:00,2.06035,2.02839,2.082034181818182,2025-04-02 21:00:00,2.082034181818182,loss,-1.0,wickdiffs_W_H4_ALL_20260102_165320.csv,216.84181818181835,1.6
W,ALL,H4,H4,GBPCAD,long,2019-09-02,2019-09-09,1.59582,1.61736,0.021539999999999893,2019-09-03 05:00:00,2019-09-03 09:00:00,1.59582,1.59918,2022-04-28 09:00:00,1.59963,1.6388999999999998,1.5732742953020138,2022-06-03 13:00:00,1.5732742953020138,loss,-1.0,wickdiffs_W_H4_ALL_20260102_165320.csv,177.9484848484852,1.6
W,ALL,H4,H4,GBPCAD,long,2021-03-15,2021-03-22,1.71794,1.73353,0.015589999999999993,2021-03-25 05:00:00,2021-03-25 09:00:00,1.71794,1.71998,2021-04-09 09:00:00,1.7225,1.74912,1.7046342281879194,2021-04-19 13:00:00,1.74912,win,1.49,wickdiffs_W_H4_ALL_20260102_165320.csv,167.2972727272724,1.6
W,ALL,H4,H4,GBPCAD,long,2021-12-06,2021-12-13,1.66408,1.68813,0.024049999999999905,2021-12-10 06:00:00,2021-12-10 10:00:00,1.67581,1.6782,2022-03-06 22:00:00,1.67961,1.7121799999999998,1.6577509395973156,2022-03-11 18:00:00,1.6577509395973156,loss,-1.0,wickdiffs_W_H4_ALL_20260102_165320.csv,167.30181818181816,1.6
W,ALL,H4,H4,GBPCAD,long,2023-07-17,2023-07-24,1.68594,1.69968,0.013740000000000085,2023-07-24 13:00:00,2023-07-24 17:00:00,1.68594,1.68744,2023-08-03 09:00:00,1.69222,1.7134200000000002,1.674841303030303,2023-08-08 09:00:00,1.7134200000000002,win,1.2198843237192245,wickdiffs_W_H4_ALL_20260102_165320.csv,173.78696969696955,1.6
W,ALL,H4,H4,GBPCAD,long,2024-10-21,2024-10-28,1.78624,1.80106,0.014820000000000055,2024-10-23 21:00:00,2024-10-24 01:00:00,1.78624,1.78633,2024-11-12 06:00:00,1.7903,1.8158800000000002,1.7731322147651005,2024-11-14 06:00:00,1.7731322147651005,loss,-1.0,wickdiffs_W_H4_ALL_20260102_165320.csv,154.6036363636362,1.6
W,ALL,H4,H4,GBPCAD,short,2015-02-23,2015-03-02,1.93044,1.955725,0.025285000000000002,2015-02-24 14:00:00,2015-02-24 18:00:00,1.95041,1.95048,2015-06-19 13:00:00,1.94915,1.905155,1.9786768456375838,2015-07-10 13:00:00,1.9786768456375838,loss,-1.0,wickdiffs_W_H4_ALL_20260102_165320.csv,269.26212121212126,1.6
W,ALL,H4,H4,GBPCAD,short,2017-02-06,2017-02-13,1.6337,1.65202,0.018320000000000114,2017-02-09 06:00:00,2017-02-09 10:00:00,1.651,1.65202,2017-03-01 06:00:00,1.64862,1.6153799999999998,1.674255287878788,2017-03-27 05:00:00,1.674255287878788,loss,-1.0,wickdiffs_W_H4_ALL_20260102_165320.csv,256.3528787878789,1.6
W,ALL,H4,H4,GBPCAD,short,2018-02-26,2018-03-05,1.77819,1.80494,0.02675000000000005,2018-03-09 10:00:00,2018-03-09 14:00:00,1.78278,1.78452,2018-03-12 09:00:00,1.78246,1.7514399999999999,1.807615,2018-03-13 13:00:00,1.807615,loss,-1.0,wickdiffs_W_H4_ALL_20260102_165320.csv,224.6645454545457,1.6
W,ALL,H4,H4,GBPCAD,short,2018-03-12,2018-03-19,1.82638,1.84164,0.015260000000000051,2018-03-20 05:00:00,2018-03-20 09:00:00,1.83754,1.83808,2018-03-26 13:00:00,1.83234,1.8111199999999998,1.854495090909091,2018-03-29 13:00:00,1.8111199999999998,win,0.9577934068098551,wickdiffs_W_H4_ALL_20260102_165320.csv,221.55090909090916,1.6
W,ALL,H4,H4,GBPCAD,short,2018-09-10,2018-09-17,1.70362,1.719,0.015380000000000171,2018-09-20 09:00:00,2018-09-20 13:00:00,1.71456,1.71468,2018-09-26 17:00:00,1.71428,1.6882399999999997,1.734359878787879,2018-09-28 13:00:00,1.6882399999999997,win,1.2968205772098247,wickdiffs_W_H4_ALL_20260102_165320.csv,200.7987878787879,1.6
W,ALL,H4,H4,GBPCAD,short,2018-12-03,2018-12-10,1.69529,1.7176,0.022310000000000052,2018-12-06 14:00:00,2018-12-06 18:00:00,1.71416,1.7176,2018-12-20 18:00:00,1.70958,1.67298,1.7349515454545457,2018-12-31 06:00:00,1.7349515454545457,loss,-1.0,wickdiffs_W_H4_ALL_20260102_165320.csv,253.71545454545452,1.6
W,ALL,H4,H4,GBPCAD,short,2019-02-25,2019-03-04,1.75563,1.77236,0.01672999999999991,2019-03-07 02:00:00,2019-03-07 06:00:00,1.77204,1.77208,2019-03-11 21:00:00,1.77166,1.7389000000000001,1.7968811515151515,2019-03-29 13:00:00,1.7389000000000001,win,1.298909765492645,wickdiffs_W_H4_ALL_20260102_165320.csv,252.21151515151496,1.6
W,ALL,H4,H4,GBPCAD,short,2020-03-02,2020-03-09,1.75157,1.80563,0.05406,2020-03-11 21:00:00,2020-03-12 01:00:00,1.7682,1.77414,2020-03-31 13:00:00,1.75873,1.69751,1.811036,2020-05-21 05:00:00,1.69751,win,1.1704202194776816,wickdiffs_W_H4_ALL_20260102_165320.csv,316.06757575757547,1.6
W,ALL,H4,H4,GBPCAD,short,2020-03-30,2020-04-06,1.74263,1.77998,0.037349999999999994,2020-04-02 09:00:00,2020-04-02 13:00:00,1.76826,1.76938,2020-04-15 13:00:00,1.76722,1.70528,1.8087904697986579,2020-05-17 21:00:00,1.70528,win,1.49,wickdiffs_W_H4_ALL_20260102_165320.csv,341.65393939393914,1.6
W,ALL,H4,H4,GBPCAD,short,2021-12-20,2021-12-27,1.7158,1.7292,0.013400000000000079,2021-12-30 10:00:00,2021-12-30 14:00:00,1.72694,1.7292,2022-01-05 14:00:00,1.72689,1.7024,1.7440907575757576,2022-01-18 10:00:00,1.7024,win,1.4237744990090357,wickdiffs_W_H4_ALL_20260102_165320.csv,172.00757575757575,1.6
W,ALL,H4,H4,GBPCAD,short,2023-05-22,2023-05-29,1.68139,1.69322,0.011830000000000007,2023-06-01 09:00:00,2023-06-01 13:00:00,1.69266,1.69322,2023-06-16 05:00:00,1.69182,1.66956,1.707523787878788,2023-07-07 09:00:00,1.707523787878788,loss,-1.0,wickdiffs_W_H4_ALL_20260102_165320.csv,157.03787878787875,1.6
W,ALL,H4,H4,GBPCAD,short,2024-12-02,2024-12-09,1.80298,1.81158,0.008599999999999941,2024-12-11 10:00:00,2024-12-11 14:00:00,1.81144,1.81149,2024-12-17 06:00:00,1.81136,1.79438,1.827932181818182,2025-01-02 10:00:00,1.79438,win,1.024608599295644,wickdiffs_W_H4_ALL_20260102_165320.csv,165.721818181818,1.6
W,ALL,H4,H4,GBPCHF,long,2015-10-12,2015-10-19,1.45371,1.47217,0.01845999999999992,2015-10-16 13:00:00,2015-10-16 17:00:00,1.46876,1.468815,2015-12-22 10:00:00,1.469725,1.49063,1.448122393939394,2016-01-08 14:00:00,1.448122393939394,loss,-1.0,wickdiffs_W_H4_ALL_20260102_165320.csv,216.02606060606053,1.6
W,ALL,H4,H4,GBPCHF,long,2015-12-21,2015-12-28,1.46006,1.472115,0.012055000000000149,2015-12-22 14:00:00,2015-12-22 18:00:00,1.46006,1.460705,2016-01-07 06:00:00,1.4615,1.4841700000000002,1.4405337272727272,2016-01-10 22:00:00,1.4405337272727272,loss,-1.0,wickdiffs_W_H4_ALL_20260102_165320.csv,209.6627272727273,1.6
W,ALL,H4,H4,GBPCHF,long,2016-02-08,2016-02-15,1.392635,1.41699,0.024354999999999905,2016-02-19 10:00:00,2016-02-19 14:00:00,1.41212,1.414525,2016-02-22 02:00:00,1.41619,1.4413449999999999,1.3899891969696971,2016-02-23 14:00:00,1.3899891969696971,loss,-1.0,wickdiffs_W_H4_ALL_20260102_165320.csv,262.00803030303024,1.6
W,ALL,H4,H4,GBPCHF,long,2016-07-04,2016-07-11,1.251485,1.27354,0.022054999999999936,2016-07-06 17:00:00,2016-07-06 21:00:00,1.255995,1.258475,2016-08-12 13:00:00,1.25909,1.2955949999999998,1.2285556363636365,2016-09-01 05:00:00,1.2955949999999998,win,1.1955382609161598,wickdiffs_W_H4_ALL_20260102_165320.csv,305.34363636363616,1.6
W,ALL,H4,H4,GBPCHF,long,2016-10-24,2016-10-31,1.19002,1.20423,0.014209999999999834,2016-11-03 01:00:00,2016-11-03 05:00:00,1.19561,1.196285,2016-11-09 02:00:00,1.198565,1.2184399999999997,1.1790705000000001,2016-11-09 14:00:00,1.2184399999999997,win,1.019518325681584,wickdiffs_W_H4_ALL_20260102_165320.csv,194.945,1.6
W,ALL,H4,H4,GBPCHF,long,2017-08-21,2017-08-28,1.22211,1.23213,0.010019999999999918,2017-08-29 09:00:00,2017-08-29 13:00:00,1.22211,1.22377,2019-07-22 05:00:00,1.22382,1.2421499999999999,1.2113635757575756,2019-07-29 21:00:00,1.2113635757575756,loss,-1.0,wickdiffs_W_H4_ALL_20260102_165320.csv,124.56424242424262,1.6
W,ALL,H4,H4,GBPCHF,long,2024-07-29,2024-08-05,1.07432,1.09807,0.02375000000000016,2024-08-08 05:00:00,2024-08-08 09:00:00,1.08576,1.0892,2025-04-08 09:00:00,1.08968,1.1218200000000003,1.0681095302013421,2025-04-10 21:00:00,1.0681095302013421,loss,-1.0,wickdiffs_W_H4_ALL_20260102_165320.csv,126.21242424242433,1.6
W,ALL,H4,H4,GBPCHF,long,2024-09-23,2024-09-30,1.11208,1.12406,0.011980000000000102,2024-10-04 01:00:00,2024-10-04 05:00:00,1.1167,1.11716,2024-10-07 09:00:00,1.11756,1.1360400000000002,1.1035393333333334,2024-12-17 06:00:00,1.1360400000000002,win,1.3180543007940702,wickdiffs_W_H4_ALL_20260102_165320.csv,140.2066666666666,1.6
W,ALL,H4,H4,GBPCHF,long,2024-10-28,2024-11-04,1.11074,1.1254,0.014659999999999895,2024-10-31 13:00:00,2024-10-31 17:00:00,1.11074,1.11232,2024-11-22 06:00:00,1.11238,1.1400599999999999,1.0938028187919462,2025-02-13 06:00:00,1.1400599999999999,win,1.49,wickdiffs_W_H4_ALL_20260102_165320.csv,124.85545454545428,1.6
W,ALL,H4,H4,GBPCHF,short,2015-03-02,2015-03-09,1.48277,1.519455,0.03668500000000008,2015-03-13 05:00:00,2015-03-13 09:00:00,1.49536,1.49646,2015-03-16 17:00:00,1.49391,1.4460849999999998,1.5265756212121213,2015-03-23 09:00:00,1.4460849999999998,win,1.4640774681564552,wickdiffs_W_H4_ALL_20260102_165320.csv,326.65621212121215,1.6
W,ALL,H4,H4,GBPCHF,short,2018-01-15,2018-01-22,1.33562,1.34922,0.013600000000000056,2018-01-25 02:00:00,2018-01-25 06:00:00,1.34799,1.34922,2018-03-28 09:00:00,1.34651,1.32202,1.3629462416107385,2018-04-11 05:00:00,1.3629462416107385,loss,-1.0,wickdiffs_W_H4_ALL_20260102_165320.csv,151.8600000000002,1.6
W,ALL,H4,H4,GBPCHF,short,2018-03-19,2018-03-26,1.33882,1.34862,0.009800000000000031,2018-03-28 09:00:00,2018-03-28 13:00:00,1.34854,1.34862,2018-04-03 13:00:00,1.3482,1.3290199999999999,1.363474090909091,2018-04-11 05:00:00,1.363474090909091,loss,-1.0,wickdiffs_W_H4_ALL_20260102_165320.csv,152.7409090909092,1.6
W,ALL,H4,H4,GBPCHF,short,2018-04-09,2018-04-16,1.36969,1.38564,0.01594999999999991,2018-04-19 13:00:00,2018-04-19 17:00:00,1.37844,1.38083,2018-04-27 05:00:00,1.37045,1.3537400000000002,1.387235,2018-05-01 13:00:00,1.3537400000000002,win,0.9955317247542288,wickdiffs_W_H4_ALL_20260102_165320.csv,154.68575757575746,1.6
W,ALL,H4,H4,GBPCHF,short,2018-09-10,2018-09-17,1.26467,1.27913,0.01446000000000014,2018-09-20 09:00:00,2018-09-20 13:00:00,1.27772,1.27913,2018-09-26 13:00:00,1.27346,1.2502099999999998,1.2890640268456377,2018-10-04 09:00:00,1.2890640268456377,loss,-1.0,wickdiffs_W_H4_ALL_20260102_165320.csv,131.08818181818174,1.6
W,ALL,H4,H4,GBPCHF,short,2021-05-10,2021-05-17,1.27088,1.28204,0.011160000000000059,2021-05-19 05:00:00,2021-05-19 09:00:00,1.27746,1.27826,2021-05-28 09:00:00,1.27682,1.25972,1.2911355454545455,2021-07-08 09:00:00,1.25972,win,1.1945056550095023,wickdiffs_W_H4_ALL_20260102_165320.csv,143.1554545454545,1.6
W,ALL,H4,H4,GBPCHF,short,2021-06-14,2021-06-21,1.27397,1.28571,0.011739999999999862,2021-06-25 01:00:00,2021-06-25 05:00:00,1.27832,1.27866,2021-06-28 05:00:00,1.27824,1.2622300000000002,1.2908162121212121,2021-07-08 09:00:00,1.2622300000000002,win,1.2730383239159924,wickdiffs_W_H4_ALL_20260102_165320.csv,125.76212121212114,1.6
W,ALL,H4,H4,GBPCHF,short,2022-04-11,2022-04-18,1.23185,1.24486,0.013010000000000188,2022-04-21 13:00:00,2022-04-21 17:00:00,1.24397,1.24486,2022-05-17 09:00:00,1.23922,1.2188399999999997,1.254617303030303,2022-05-18 21:00:00,1.2188399999999997,win,1.3236084241435628,wickdiffs_W_H4_ALL_20260102_165320.csv,153.9730303030302,1.6
W,ALL,H4,H4,GBPCHF,short,2022-08-01,2022-08-08,1.16059,1.1723,0.011709999999999887,2022-08-05 13:00:00,2022-08-05 17:00:00,1.16259,1.16284,2024-05-22 05:00:00,1.16187,1.1488800000000001,1.173471,2024-05-31 01:00:00,1.1488800000000001,win,1.1197310576674309,wickdiffs_W_H4_ALL_20260102_165320.csv,96.13030303030297,1.6
W,ALL,H4,H4,GBPCHF,short,2024-04-22,2024-04-29,1.14264,1.15124,0.008599999999999941,2024-05-01 05:00:00,2024-05-01 09:00:00,1.15118,1.15124,2024-05-17 09:00:00,1.15044,1.1340400000000002,1.1614467114093958,2024-05-22 05:00:00,1.1614467114093958,loss,-1.0,wickdiffs_W_H4_ALL_20260102_165320.csv,95.78212121212104,1.6
W,ALL,H4,H4,GBPCHF,short,2024-12-09,2024-12-16,1.12672,1.13954,0.012820000000000054,2024-12-19 06:00:00,2024-12-19 10:00:00,1.13492,1.13596,2024-12-27 18:00:00,1.13428,1.1139,1.1479578523489933,2025-01-13 02:00:00,1.1139,win,1.49,wickdiffs_W_H4_ALL_20260102_165320.csv,120.88393939393913,1.6
W,ALL,H4,H4,GBPJPY,long,2015-07-06,2015-07-13,185.004,190.517,5.513000000000005,2015-07-08 13:00:00,2015-07-08 17:00:00,185.004,185.041,2015-08-24 13:00:00,187.618,196.03,181.9723624161074,2015-09-04 01:00:00,181.9723624161074,loss,-1.0,wickdiffs_W_H4_ALL_20260102_165320.csv,258.8389393939395,1.6
W,ALL,H4,H4,GBPJPY,long,2016-02-22,2016-02-29,154.7235,158.111,3.3874999999999886,2016-02-25 06:00:00,2016-02-25 10:00:00,155.7845,155.8935,2016-04-05 13:00:00,156.1495,161.49849999999998,152.35899696969696,2016-04-07 09:00:00,152.35899696969696,loss,-1.0,wickdiffs_W_H4_ALL_20260102_165320.csv,379.0503030303034,1.6
W,ALL,H4,H4,GBPJPY,long,2017-01-09,2017-01-16,136.472,139.522,3.049999999999983,2017-01-18 10:00:00,2017-01-18 14:00:00,139.142,139.286,2017-02-06 18:00:00,139.3225,142.57199999999997,136.167,2017-02-12 22:00:00,142.57199999999997,win,1.0297892568531117,wickdiffs_W_H4_ALL_20260102_165320.csv,304.4621212121213,1.6
W,ALL,H4,H4,GBPJPY,long,2017-03-20,2017-03-27,137.522,138.8715,1.3495000000000061,2017-03-30 05:00:00,2017-03-30 09:00:00,137.756,137.798,2017-04-04 01:00:00,137.8015,140.221,135.3473787878788,2017-04-20 13:00:00,140.221,win,0.985892623416394,wickdiffs_W_H4_ALL_20260102_165320.csv,245.4121212121209,1.6
W,ALL,H4,H4,GBPJPY,long,2019-06-10,2019-06-17,135.38,136.67,1.289999999999992,2019-06-18 09:00:00,2019-06-18 13:00:00,135.38,135.39,2019-07-03 05:00:00,135.463,137.95999999999998,133.7871610738255,2019-07-29 09:00:00,133.7871610738255,loss,-1.0,wickdiffs_W_H4_ALL_20260102_165320.csv,156.7869696969699,1.6
W,ALL,H4,H4,GBPJPY,long,2021-01-04,2021-01-11,139.516,141.086,1.5700000000000216,2021-01-11 10:00:00,2021-01-11 14:00:00,140.342,140.369,2021-01-18 06:00:00,140.448,142.65600000000003,138.5691,2021-01-27 06:00:00,142.65600000000003,win,1.1751556761935296,wickdiffs_W_H4_ALL_20260102_165320.csv,187.89000000000036,1.6
W,ALL,H4,H4,GBPJPY,long,2021-09-13,2021-09-20,148.956,151.066,2.1100000000000136,2021-09-22 17:00:00,2021-09-22 21:00:00,149.469,149.479,2021-10-01 05:00:00,149.712,153.17600000000002,147.38716778523488,2021-10-11 01:00:00,153.17600000000002,win,1.49,wickdiffs_W_H4_ALL_20260102_165320.csv,165.7115151515153,1.6
W,ALL,H4,H4,GBPJPY,long,2022-06-27,2022-07-04,160.394,163.517,3.1229999999999905,2022-07-08 05:00:00,2022-07-08 09:00:00,161.828,161.901,2022-07-12 09:00:00,162.077,166.64,158.8152090909091,2022-09-12 05:00:00,166.64,win,1.3989247401734102,wickdiffs_W_H4_ALL_20260102_165320.csv,326.1790909090907,1.6
W,ALL,H4,H4,GBPJPY,short,2016-01-25,2016-02-01,172.5145,175.018,2.5035000000000025,2016-02-03 10:00:00,2016-02-03 14:00:00,173.559,173.759,2023-05-26 13:00:00,173.517,170.011,176.22188484848485,2023-06-13 13:00:00,176.22188484848485,loss,-1.0,wickdiffs_W_H4_ALL_20260102_165320.csv,270.4884848484851,1.6
W,ALL,H4,H4,GBPJPY,short,2017-10-16,2017-10-23,149.704,151.401,1.6970000000000027,2017-10-25 09:00:00,2017-10-25 13:00:00,151.266,151.401,2017-10-31 21:00:00,151.2335,148.007,153.4250303030303,2017-11-17 14:00:00,148.007,win,1.4722589030772675,wickdiffs_W_H4_ALL_20260102_165320.csv,219.15303030303042,1.6
W,ALL,H4,H4,GBPJPY,short,2019-12-09,2019-12-16,145.8,147.96,2.1599999999999966,2019-12-12 22:00:00,2019-12-13 02:00:00,147.93,147.96,2021-02-19 10:00:00,147.914,143.64000000000001,150.7824563758389,2021-03-08 22:00:00,150.7824563758389,loss,-1.0,wickdiffs_W_H4_ALL_20260102_165320.csv,166.51151515151528,1.6
W,ALL,H4,H4,GBPJPY,short,2020-11-09,2020-11-16,138.057,140.318,2.261000000000024,2020-11-11 06:00:00,2020-11-11 10:00:00,140.039,140.318,2020-12-01 14:00:00,139.993,135.79599999999996,142.80977852348994,2021-01-27 18:00:00,142.80977852348994,loss,-1.0,wickdiffs_W_H4_ALL_20260102_165320.csv,198.8839393939396,1.6
W,ALL,H4,H4,GBPJPY,short,2022-03-21,2022-03-28,160.922,164.658,3.73599999999999,2022-03-29 05:00:00,2022-03-29 09:00:00,162.312,162.624,2022-04-07 21:00:00,161.81,157.186,165.0316,2022-04-14 21:00:00,165.0316,loss,-1.0,wickdiffs_W_H4_ALL_20260102_165320.csv,218.15212121212124,1.6
W,ALL,H4,H4,GBPJPY,short,2022-07-11,2022-07-18,164.418,166.252,1.8340000000000032,2022-07-19 21:00:00,2022-07-20 01:00:00,166.208,166.252,2022-07-27 17:00:00,166.065,162.584,169.329,2022-07-29 01:00:00,162.584,win,1.0664828431372542,wickdiffs_W_H4_ALL_20260102_165320.csv,326.3999999999997,1.6
W,ALL,H4,H4,GBPJPY,short,2023-12-18,2023-12-25,180.832,184.181,3.349000000000018,2023-12-19 10:00:00,2023-12-19 14:00:00,184.01,184.181,2024-01-05 06:00:00,183.806,177.48299999999998,188.04962416107387,2024-01-17 14:00:00,188.04962416107387,loss,-1.0,wickdiffs_W_H4_ALL_20260102_165320.csv,265.9075757575756,1.6
W,ALL,H4,H4,GBPJPY,short,2024-04-01,2024-04-08,191.631,192.978,1.3470000000000084,2024-04-10 05:00:00,2024-04-10 09:00:00,192.771,192.978,2024-04-16 09:00:00,192.698,190.284,194.5961484848485,2024-04-25 05:00:00,194.5961484848485,loss,-1.0,wickdiffs_W_H4_ALL_20260102_165320.csv,189.81484848484803,1.6
W,ALL,H4,H4,GBPJPY,short,2024-09-16,2024-09-23,191.683,195.974,4.290999999999997,2024-09-27 01:00:00,2024-09-27 05:00:00,195.176,195.974,2024-10-03 01:00:00,194.324,187.392,198.9763489932886,2024-10-28 01:00:00,198.9763489932886,loss,-1.0,wickdiffs_W_H4_ALL_20260102_165320.csv,391.5354545454546,1.6
W,ALL,H4,H4,GBPNZD,long,2016-09-12,2016-09-19,1.76137,1.78917,0.027799999999999825,2016-09-21 21:00:00,2016-09-22 01:00:00,1.76866,1.770365,2016-09-27 05:00:00,1.772905,1.8169699999999998,1.7341587878787879,2016-10-06 21:00:00,1.7341587878787879,loss,-1.0,wickdiffs_W_H4_ALL_20260102_165320.csv,387.462121212121,1.6
W,ALL,H4,H4,GBPNZD,long,2016-11-14,2016-11-21,1.74283,1.76134,0.018509999999999804,2016-11-15 06:00:00,2016-11-15 10:00:00,1.74283,1.743885,2016-11-30 02:00:00,1.747255,1.7798499999999997,1.7132126515151516,2016-12-01 10:00:00,1.7798499999999997,win,0.9574838825972022,wickdiffs_W_H4_ALL_20260102_165320.csv,340.4234848484848,1.6
W,ALL,H4,H4,GBPNZD,long,2017-05-01,2017-05-08,1.85624,1.87568,0.019440000000000124,2017-05-03 01:00:00,2017-05-03 05:00:00,1.85674,1.8577,2017-05-22 17:00:00,1.858045,1.8951200000000001,1.8321609696969696,2017-05-26 05:00:00,1.8321609696969696,loss,-1.0,wickdiffs_W_H4_ALL_20260102_165320.csv,258.8403030303027,1.6
W,ALL,H4,H4,GBPNZD,long,2018-12-10,2018-12-17,1.81266,1.85182,0.039160000000000084,2018-12-13 02:00:00,2018-12-13 06:00:00,1.83553,1.83804,2019-07-22 09:00:00,1.83833,1.89098,1.8029944295302014,2019-08-07 01:00:00,1.89098,win,1.49,wickdiffs_W_H4_ALL_20260102_165320.csv,201.76212121212126,1.6
W,ALL,H4,H4,GBPNZD,long,2019-06-24,2019-07-01,1.87098,1.88999,0.01900999999999997,2019-07-04 21:00:00,2019-07-05 01:00:00,1.87931,1.87932,2019-07-10 17:00:00,1.8819,1.909,1.861347696969697,2019-07-15 21:00:00,1.861347696969697,loss,-1.0,wickdiffs_W_H4_ALL_20260102_165320.csv,205.52303030303042,1.6
W,ALL,H4,H4,GBPNZD,long,2020-04-20,2020-04-27,2.02792,2.05523,0.027309999999999945,2020-04-30 01:00:00,2020-04-30 05:00:00,2.02792,2.02832,2020-05-07 13:00:00,2.03192,2.08254,1.983975515151515,2020-05-26 17:00:00,1.983975515151515,loss,-1.0,wickdiffs_W_H4_ALL_20260102_165320.csv,479.4448484848483,1.6
W,ALL,H4,H4,GBPNZD,long,2024-05-27,2024-06-03,2.0608,2.0741,0.01330000000000009,2024-06-07 01:00:00,2024-06-07 05:00:00,2.06183,2.06245,2024-06-21 05:00:00,2.06508,2.0874,2.047883181818182,2024-07-02 01:00:00,2.0874,win,1.2979145190706596,wickdiffs_W_H4_ALL_20260102_165320.csv,171.9681818181818,1.6
W,ALL,H4,H4,GBPNZD,short,2015-07-27,2015-08-03,2.37012,2.40302,0.03290000000000015,2015-08-05 13:00:00,2015-08-05 17:00:00,2.399245,2.40302,2015-08-12 01:00:00,2.39847,2.33722,2.443540575757576,2015-08-24 13:00:00,2.443540575757576,loss,-1.0,wickdiffs_W_H4_ALL_20260102_165320.csv,450.70575757575733,1.6
W,ALL,H4,H4,GBPNZD,short,2017-10-23,2017-10-30,1.90927,1.94327,0.03400000000000003,2017-11-01 09:00:00,2017-11-01 13:00:00,1.93028,1.93132,2017-11-16 10:00:00,1.926795,1.87527,1.9613755369127517,2017-11-29 22:00:00,1.9613755369127517,loss,-1.0,wickdiffs_W_H4_ALL_20260102_165320.csv,287.05303030303037,1.6
W,ALL,H4,H4,GBPNZD,short,2018-04-23,2018-04-30,1.94541,1.97594,0.030529999999999946,2018-05-02 09:00:00,2018-05-02 13:00:00,1.94685,1.9472,2018-05-08 21:00:00,1.94664,1.9148800000000001,1.978993,2018-05-28 09:00:00,1.9148800000000001,win,0.9816709424164595,wickdiffs_W_H4_ALL_20260102_165320.csv,249.43787878787904,1.6
W,ALL,H4,H4,GBPNZD,short,2019-04-15,2019-04-22,1.94401,1.96207,0.018059999999999965,2019-04-24 13:00:00,2019-04-24 17:00:00,1.96192,1.96207,2019-04-30 21:00:00,1.96029,1.92595,1.9899476666666667,2019-05-05 21:00:00,1.9899476666666667,loss,-1.0,wickdiffs_W_H4_ALL_20260102_165320.csv,296.5766666666665,1.6
W,ALL,H4,H4,GBPNZD,short,2020-03-02,2020-03-09,2.05297,2.19044,0.13746999999999998,2020-03-10 01:00:00,2020-03-10 05:00:00,2.07308,2.0766,2020-03-19 01:00:00,2.07277,1.9155000000000002,2.204187,2020-06-22 13:00:00,1.9155000000000002,win,1.1967249290426594,wickdiffs_W_H4_ALL_20260102_165320.csv,362.3772727272726,1.6
W,ALL,H4,H4,GBPNZD,short,2020-10-05,2020-10-12,1.95591,1.97296,0.01705000000000001,2020-10-12 21:00:00,2020-10-13 01:00:00,1.96747,1.9678,2020-10-20 01:00:00,1.96602,1.93886,1.993288212121212,2020-11-04 14:00:00,1.93886,win,0.9960315652258017,wickdiffs_W_H4_ALL_20260102_165320.csv,272.68212121212105,1.6
W,ALL,H4,H4,GBPNZD,short,2021-01-11,2021-01-18,1.90601,1.92154,0.015530000000000044,2021-01-20 06:00:00,2021-01-20 10:00:00,1.91902,1.92154,2021-01-28 06:00:00,1.91866,1.89048,1.9439093636363636,2021-02-03 22:00:00,1.89048,win,1.1160677316800107,wickdiffs_W_H4_ALL_20260102_165320.csv,252.4936363636362,1.6
W,ALL,H4,H4,GBPNZD,short,2021-04-26,2021-05-03,1.92975,1.94833,0.01857999999999982,2021-05-04 13:00:00,2021-05-04 17:00:00,1.94686,1.94752,2021-05-11 05:00:00,1.94219,1.9111700000000003,1.9657972121212122,2021-05-12 13:00:00,1.9657972121212122,loss,-1.0,wickdiffs_W_H4_ALL_20260102_165320.csv,236.07212121212115,1.6
W,ALL,H4,H4,GBPNZD,short,2021-06-14,2021-06-21,1.99129,2.03286,0.041569999999999885,2021-06-22 01:00:00,2021-06-22 05:00:00,1.99524,1.9962,2021-07-13 09:00:00,1.9948,1.9497200000000001,2.037017,2021-08-31 09:00:00,1.9497200000000001,win,1.0678162825401996,wickdiffs_W_H4_ALL_20260102_165320.csv,242.12121212121195,1.6
W,ALL,H4,H4,GBPNZD,short,2022-06-06,2022-06-13,1.93834,1.96026,0.02191999999999994,2022-06-09 17:00:00,2022-06-09 21:00:00,1.95819,1.95928,2022-06-22 09:00:00,1.95676,1.91642,1.9838338255033559,2022-07-20 09:00:00,1.91642,win,1.49,wickdiffs_W_H4_ALL_20260102_165320.csv,264.83757575757545,1.6
W,ALL,H4,H4,GBPNZD,short,2023-02-20,2023-02-27,1.93696,1.96778,0.03082000000000007,2023-02-28 06:00:00,2023-02-28 10:00:00,1.96661,1.96778,2023-03-12 21:00:00,1.96384,1.90614,2.002564832214765,2023-04-11 09:00:00,2.002564832214765,loss,-1.0,wickdiffs_W_H4_ALL_20260102_165320.csv,264.97242424242376,1.6
W,ALL,H4,H4,GBPNZD,short,2024-02-12,2024-02-19,2.0574,2.08183,0.024430000000000174,2024-02-13 22:00:00,2024-02-14 02:00:00,2.0786,2.08118,2024-02-28 14:00:00,2.07849,2.0329699999999997,2.10904033557047,2024-03-20 21:00:00,2.10904033557047,loss,-1.0,wickdiffs_W_H4_ALL_20260102_165320.csv,221.13757575757538,1.6
W,ALL,H4,H4,GBPNZD,short,2024-04-22,2024-04-29,2.1034,2.12616,0.02275999999999989,2024-05-01 21:00:00,2024-05-02 01:00:00,2.11608,2.11702,2024-07-11 09:00:00,2.11146,2.0806400000000003,2.132144563758389,2024-07-15 09:00:00,2.132144563758389,loss,-1.0,wickdiffs_W_H4_ALL_20260102_165320.csv,173.14757575757613,1.6
W,ALL,H4,H4,GBPNZD,short,2025-01-27,2025-02-03,2.19813,2.22236,0.024230000000000196,2025-02-03 10:00:00,2025-02-03 14:00:00,2.21941,2.22236,2025-02-18 22:00:00,2.21521,2.1738999999999997,2.242934832214765,2025-02-27 22:00:00,2.242934832214765,loss,-1.0,wickdiffs_W_H4_ALL_20260102_165320.csv,231.23242424242363,1.6
W,ALL,H4,H4,GBPUSD,long,2016-01-11,2016-01-18,1.407935,1.42577,0.017835000000000045,2016-01-21 22:00:00,2016-01-22 02:00:00,1.42051,1.42103,2016-01-25 22:00:00,1.422865,1.443605,1.4054795,2016-02-01 18:00:00,1.443605,win,1.1929481464438716,wickdiffs_W_H4_ALL_20260102_165320.csv,173.85500000000042,1.6
W,ALL,H4,H4,GBPUSD,long,2018-06-25,2018-07-02,1.30501,1.32081,0.015800000000000036,2018-06-28 21:00:00,2018-06-29 01:00:00,1.30682,1.3069,2018-07-17 17:00:00,1.31134,1.33661,1.2943802684563757,2018-08-06 09:00:00,1.2943802684563757,loss,-1.0,wickdiffs_W_H4_ALL_20260102_165320.csv,160.9169696969696,1.6
W,ALL,H4,H4,GBPUSD,long,2020-03-16,2020-03-23,1.14116,1.16497,0.02381000000000011,2020-03-23 13:00:00,2020-03-23 17:00:00,1.14472,1.1461,2022-09-05 01:00:00,1.14646,1.1887800000000002,1.1180573154362416,2022-09-23 05:00:00,1.1180573154362416,loss,-1.0,wickdiffs_W_H4_ALL_20260102_165320.csv,212.93000000000006,1.6
W,ALL,H4,H4,GBPUSD,long,2022-06-13,2022-06-20,1.19341,1.22154,0.02812999999999999,2022-06-15 01:00:00,2022-06-15 05:00:00,1.19894,1.19986,2022-07-01 13:00:00,1.20456,1.24967,1.1742848322147652,2022-08-22 13:00:00,1.1742848322147652,loss,-1.0,wickdiffs_W_H4_ALL_20260102_165320.csv,197.8563636363638,1.6
W,ALL,H4,H4,GBPUSD,short,2016-03-28,2016-04-04,1.42277,1.445935,0.02316499999999988,2016-03-30 09:00:00,2016-03-30 13:00:00,1.44365,1.445935,2016-04-21 09:00:00,1.442985,1.3996050000000002,1.4720990939597314,2016-05-03 05:00:00,1.4720990939597314,loss,-1.0,wickdiffs_W_H4_ALL_20260102_165320.csv,243.37681818181835,1.6
W,ALL,H4,H4,GBPUSD,short,2018-03-19,2018-03-26,1.41327,1.42448,0.011209999999999942,2018-03-27 01:00:00,2018-03-27 05:00:00,1.42372,1.42448,2018-04-12 13:00:00,1.4227,1.40206,1.4425215454545455,2018-04-20 13:00:00,1.40206,win,1.0412911570054617,wickdiffs_W_H4_ALL_20260102_165320.csv,198.21545454545458,1.6
W,ALL,H4,H4,GBPUSD,short,2018-09-17,2018-09-24,1.30787,1.32992,0.022049999999999903,2018-09-26 21:00:00,2018-09-27 01:00:00,1.31775,1.31784,2018-10-10 05:00:00,1.3138,1.2858200000000002,1.332578523489933,2018-10-25 13:00:00,1.2858200000000002,win,1.49,wickdiffs_W_H4_ALL_20260102_165320.csv,160.53727272727247,1.6
W,ALL,H4,H4,GBPUSD,short,2019-12-23,2019-12-30,1.30856,1.32844,0.01988000000000012,2020-01-02 22:00:00,2020-01-03 02:00:00,1.3144,1.31606,2020-01-06 06:00:00,1.31435,1.2886799999999998,1.3316528181818181,2020-02-07 18:00:00,1.2886799999999998,win,1.48357335378893,wickdiffs_W_H4_ALL_20260102_165320.csv,173.02818181818185,1.6
W,ALL,H4,H4,GBPUSD,short,2021-04-19,2021-04-26,1.38757,1.40092,0.013349999999999973,2021-04-29 09:00:00,2021-04-29 13:00:00,1.39654,1.39661,2021-05-07 09:00:00,1.3954,1.37422,1.4106272424242423,2021-05-09 21:00:00,1.4106272424242423,loss,-1.0,wickdiffs_W_H4_ALL_20260102_165320.csv,152.27242424242417,1.6
W,ALL,H4,H4,GBPUSD,short,2021-12-06,2021-12-13,1.32642,1.33746,0.01104000000000016,2021-12-16 10:00:00,2021-12-16 14:00:00,1.33577,1.33746,2021-12-22 14:00:00,1.33567,1.3153799999999998,1.3500581818181818,2021-12-29 22:00:00,1.3500581818181818,loss,-1.0,wickdiffs_W_H4_ALL_20260102_165320.csv,143.88181818181823,1.6
W,ALL,H4,H4,GBPUSD,short,2022-09-26,2022-10-03,1.11684,1.14958,0.03273999999999999,2022-10-06 01:00:00,2022-10-06 05:00:00,1.13673,1.13796,2022-10-13 13:00:00,1.13298,1.0841,1.1657853691275168,2022-11-10 14:00:00,1.1657853691275168,loss,-1.0,wickdiffs_W_H4_ALL_20260102_165320.csv,247.9809090909091,1.6
W,ALL,H4,H4,GBPUSD,short,2023-08-28,2023-09-04,1.25879,1.27466,0.01586999999999983,2023-08-31 01:00:00,2023-08-31 05:00:00,1.27246,1.27346,2023-11-28 22:00:00,1.27188,1.2429200000000002,1.291316241610738,2024-04-12 13:00:00,1.2429200000000002,win,1.49,wickdiffs_W_H4_ALL_20260102_165320.csv,143.24727272727256,1.6
W,ALL,H4,H4,GBPUSD,short,2024-04-29,2024-05-06,1.25472,1.26348,0.008759999999999879,2024-05-06 09:00:00,2024-05-06 13:00:00,1.2592,1.25944,2024-05-14 13:00:00,1.25852,1.2459600000000002,1.270072181818182,2024-05-15 21:00:00,1.270072181818182,loss,-1.0,wickdiffs_W_H4_ALL_20260102_165320.csv,115.52181818181842,1.6
W,ALL,H4,H4,GBPUSD,short,2024-07-08,2024-07-15,1.29693,1.30448,0.007550000000000168,2024-07-17 09:00:00,2024-07-17 13:00:00,1.30364,1.30448,2024-08-20 13:00:00,1.30252,1.2893799999999997,1.3132403939393937,2024-08-23 09:00:00,1.3132403939393937,loss,-1.0,wickdiffs_W_H4_ALL_20260102_165320.csv,107.2039393939391,1.6
W,ALL,H4,H4,GBPUSD,short,2025-03-10,2025-03-17,1.29347,1.30149,0.008020000000000138,2025-03-19 21:00:00,2025-03-20 01:00:00,1.30132,1.30149,2025-04-02 17:00:00,1.3006,1.2854499999999998,1.3158873333333334,2025-04-03 05:00:00,1.3158873333333334,loss,-1.0,wickdiffs_W_H4_ALL_20260102_165320.csv,152.87333333333353,1.6
W,ALL,H4,H4,GBPUSD,short,2025-03-24,2025-03-31,1.29366,1.32077,0.027109999999999967,2025-04-04 09:00:00,2025-04-04 13:00:00,1.30179,1.30514,2025-04-10 21:00:00,1.3017,1.26655,1.3252906040268457,2025-04-15 21:00:00,1.3252906040268457,loss,-1.0,wickdiffs_W_H4_ALL_20260102_165320.csv,162.44151515151538,1.6
W,ALL,H4,H4,GBPUSD,short,2025-04-21,2025-04-28,1.33068,1.34442,0.013739999999999863,2025-05-01 05:00:00,2025-05-01 09:00:00,1.33333,1.33457,2025-05-05 09:00:00,1.3331,1.3169400000000002,1.3490498787878789,2025-05-12 05:00:00,1.3169400000000002,win,1.0131738438213458,wickdiffs_W_H4_ALL_20260102_165320.csv,159.49878787878816,1.6
W,ALL,H4,H4,NZDCAD,long,2016-09-19,2016-09-26,0.946115,0.954,0.00788499999999992,2016-09-23 05:00:00,2016-09-23 09:00:00,0.946115,0.94747,2016-10-04 21:00:00,0.947765,0.9618849999999999,0.9329750606060606,2016-10-11 01:00:00,0.9329750606060606,loss,-1.0,wickdiffs_W_H4_ALL_20260102_165320.csv,147.89939393939403,1.6
W,ALL,H4,H4,NZDCAD,long,2018-12-31,2019-01-07,0.89162,0.90035,0.008730000000000016,2019-01-08 18:00:00,2019-01-08 22:00:00,0.89214,0.89228,2019-01-20 22:00:00,0.8923,0.90908,0.880395303030303,2019-01-28 14:00:00,0.90908,win,1.4095276883328478,wickdiffs_W_H4_ALL_20260102_165320.csv,119.04696969696963,1.6
W,ALL,H4,H4,NZDCAD,long,2019-04-15,2019-04-22,0.88769,0.89501,0.007319999999999993,2019-04-24 13:00:00,2019-04-24 17:00:00,0.88769,0.88815,2019-05-06 13:00:00,0.88874,0.90233,0.8785622424242424,2019-05-17 13:00:00,0.8785622424242424,loss,-1.0,wickdiffs_W_H4_ALL_20260102_165320.csv,101.7775757575758,1.6
W,ALL,H4,H4,NZDCAD,long,2019-10-07,2019-10-14,0.82468,0.83616,0.011480000000000046,2019-10-17 17:00:00,2019-10-17 21:00:00,0.83342,0.83354,2019-10-24 21:00:00,0.83378,0.8476400000000001,0.8235319999999999,2019-11-01 01:00:00,0.8476400000000001,win,1.3524590163934473,wickdiffs_W_H4_ALL_20260102_165320.csv,96.44727272727275,1.6
W,ALL,H4,H4,NZDCAD,long,2020-03-16,2020-03-23,0.80186,0.81821,0.016349999999999976,2020-03-22 21:00:00,2020-03-23 01:00:00,0.80896,0.8091,2022-05-13 13:00:00,0.80969,0.83456,0.7929987248322148,2022-05-25 01:00:00,0.83456,win,1.49,wickdiffs_W_H4_ALL_20260102_165320.csv,112.00515151515143,1.6
W,ALL,H4,H4,NZDCAD,long,2021-11-08,2021-11-15,0.87732,0.88419,0.006870000000000043,2021-11-16 18:00:00,2021-11-16 22:00:00,0.87762,0.87776,2021-11-23 22:00:00,0.87778,0.8910600000000001,0.867911393939394,2021-11-25 06:00:00,0.867911393939394,loss,-1.0,wickdiffs_W_H4_ALL_20260102_165320.csv,98.68606060606056,1.6
W,ALL,H4,H4,NZDCAD,long,2024-09-30,2024-10-07,0.82878,0.83608,0.007300000000000084,2024-10-10 05:00:00,2024-10-10 09:00:00,0.83268,0.83362,2024-10-15 21:00:00,0.83401,0.8433800000000001,0.8242694545454545,2024-11-06 02:00:00,0.8242694545454545,loss,-1.0,wickdiffs_W_H4_ALL_20260102_165320.csv,97.40545454545472,1.6
W,ALL,H4,H4,NZDCAD,short,2015-07-06,2015-07-13,0.85107,0.860395,0.009325000000000028,2015-07-10 05:00:00,2015-07-10 09:00:00,0.859395,0.859655,2015-07-21 05:00:00,0.858855,0.841745,0.8742549090909091,2015-08-21 09:00:00,0.8742549090909091,loss,-1.0,wickdiffs_W_H4_ALL_20260102_165320.csv,153.99909090909074,1.6
W,ALL,H4,H4,NZDCAD,short,2016-08-01,2016-08-08,0.94059,0.95829,0.017699999999999938,2016-08-11 09:00:00,2016-08-11 13:00:00,0.94634,0.946865,2016-08-22 21:00:00,0.943715,0.9228900000000001,0.9600599999999999,2016-09-07 09:00:00,0.9600599999999999,loss,-1.0,wickdiffs_W_H4_ALL_20260102_165320.csv,158.5080303030304,1.6
W,ALL,H4,H4,NZDCAD,short,2017-11-20,2017-11-27,0.874385,0.88888,0.014495000000000036,2017-12-01 06:00:00,2017-12-01 10:00:00,0.8812,0.88339,2017-12-06 22:00:00,0.8801,0.8598899999999999,0.8936637583892618,2017-12-12 14:00:00,0.8936637583892618,loss,-1.0,wickdiffs_W_H4_ALL_20260102_165320.csv,128.72666666666666,1.6
W,ALL,H4,H4,NZDCAD,short,2018-12-03,2018-12-10,0.91389,0.9257,0.011809999999999987,2018-12-11 10:00:00,2018-12-11 14:00:00,0.92478,0.92516,2018-12-19 06:00:00,0.9244,0.90208,0.9393798657718121,2019-01-02 22:00:00,0.90208,win,1.49,wickdiffs_W_H4_ALL_20260102_165320.csv,115.31939393939382,1.6
W,ALL,H4,H4,NZDCAD,short,2020-12-21,2020-12-28,0.91527,0.92236,0.00708999999999993,2020-12-31 10:00:00,2020-12-31 14:00:00,0.92122,0.92236,2021-01-05 06:00:00,0.91868,0.9081800000000001,0.927957,2021-01-15 18:00:00,0.9081800000000001,win,1.1318314110164882,wickdiffs_W_H4_ALL_20260102_165320.csv,92.76999999999994,1.6
W,ALL,H4,H4,NZDCAD,short,2021-01-04,2021-01-11,0.91809,0.92576,0.007670000000000066,2021-01-08 10:00:00,2021-01-08 14:00:00,0.9228,0.92287,2021-02-03 02:00:00,0.92261,0.9104199999999999,0.9318281515151515,2021-02-24 18:00:00,0.9318281515151515,loss,-1.0,wickdiffs_W_H4_ALL_20260102_165320.csv,92.1815151515152,1.6
W,ALL,H4,H4,NZDCAD,short,2021-01-25,2021-02-01,0.9179,0.92374,0.005839999999999956,2021-02-03 22:00:00,2021-02-04 02:00:00,0.92272,0.92374,2021-02-09 02:00:00,0.92258,0.9120600000000001,0.9317340303030303,2021-02-17 10:00:00,0.9120600000000001,win,1.1492205784502778,wickdiffs_W_H4_ALL_20260102_165320.csv,91.54030303030308,1.6
W,ALL,H4,H4,NZDCAD,short,2021-04-19,2021-04-26,0.89822,0.90826,0.010039999999999938,2021-04-26 05:00:00,2021-04-26 09:00:00,0.89942,0.89997,2021-09-08 05:00:00,0.89904,0.8881800000000001,0.909264,2021-09-24 17:00:00,0.8881800000000001,win,1.0622065727699392,wickdiffs_W_H4_ALL_20260102_165320.csv,97.54878787878786,1.6
W,ALL,H4,H4,NZDCHF,long,2015-07-13,2015-07-20,0.620045,0.6273,0.0072550000000000114,2015-07-16 01:00:00,2015-07-16 05:00:00,0.620045,0.62055,2015-08-24 01:00:00,0.621315,0.634555,0.6081535757575757,2015-08-24 13:00:00,0.6081535757575757,loss,-1.0,wickdiffs_W_H4_ALL_20260102_165320.csv,131.61424242424232,1.6
W,ALL,H4,H4,NZDCHF,long,2017-03-06,2017-03-13,0.69428,0.69962,0.005340000000000011,2017-03-16 13:00:00,2017-03-16 17:00:00,0.69428,0.69446,2017-03-27 05:00:00,0.694855,0.70496,0.6857489696969697,2017-04-13 13:00:00,0.70496,win,1.1097041920272648,wickdiffs_W_H4_ALL_20260102_165320.csv,91.06030303030302,1.6
W,ALL,H4,H4,NZDCHF,long,2017-08-07,2017-08-14,0.69747,0.704125,0.0066549999999999665,2017-08-11 01:00:00,2017-08-11 05:00:00,0.69747,0.69816,2017-08-23 05:00:00,0.69847,0.71078,0.6885384848484849,2017-08-28 21:00:00,0.6885384848484849,loss,-1.0,wickdiffs_W_H4_ALL_20260102_165320.csv,99.31515151515154,1.6
W,ALL,H4,H4,NZDCHF,long,2018-04-23,2018-04-30,0.69336,0.69991,0.006550000000000056,2018-04-26 01:00:00,2018-04-26 05:00:00,0.69336,0.69354,2018-05-10 05:00:00,0.69648,0.7064600000000001,0.6879855757575758,2018-05-15 13:00:00,0.6879855757575758,loss,-1.0,wickdiffs_W_H4_ALL_20260102_165320.csv,84.94424242424242,1.6
W,ALL,H4,H4,NZDCHF,long,2019-08-19,2019-08-26,0.6163,0.62372,0.007420000000000093,2019-08-30 09:00:00,2019-08-30 13:00:00,0.62174,0.62217,2019-09-03 09:00:00,0.62234,0.6311400000000001,0.6141778787878788,2019-09-06 05:00:00,0.6311400000000001,win,1.0781511045108774,wickdiffs_W_H4_ALL_20260102_165320.csv,81.62121212121207,1.6
W,ALL,H4,H4,NZDCHF,long,2019-12-16,2019-12-23,0.6428,0.64896,0.006159999999999943,2019-12-20 02:00:00,2019-12-20 06:00:00,0.64514,0.64566,2020-01-06 02:00:00,0.64594,0.6551199999999999,0.6385276969696969,2020-01-15 06:00:00,0.6385276969696969,loss,-1.0,wickdiffs_W_H4_ALL_20260102_165320.csv,74.12303030303039,1.6
W,ALL,H4,H4,NZDCHF,long,2020-03-16,2020-03-23,0.53,0.56146,0.03145999999999993,2020-03-22 21:00:00,2020-03-23 01:00:00,0.55179,0.55214,2022-09-30 17:00:00,0.5527,0.5929199999999999,0.525706711409396,2022-11-29 06:00:00,0.5929199999999999,win,1.49,wickdiffs_W_H4_ALL_20260102_165320.csv,94.40818181818184,1.6
W,ALL,H4,H4,NZDCHF,long,2020-09-21,2020-09-28,0.60256,0.6079,0.005340000000000011,2020-09-24 01:00:00,2020-09-24 05:00:00,0.60256,0.60289,2020-10-07 17:00:00,0.60348,0.61324,0.5954275151515152,2020-10-20 09:00:00,0.5954275151515152,loss,-1.0,wickdiffs_W_H4_ALL_20260102_165320.csv,80.52484848484865,1.6
W,ALL,H4,H4,NZDCHF,long,2021-07-05,2021-07-12,0.63344,0.6392,0.005759999999999987,2021-07-13 09:00:00,2021-07-13 13:00:00,0.63626,0.63628,2021-07-19 13:00:00,0.63642,0.64496,0.6283575757575758,2021-08-10 09:00:00,0.64496,win,1.0592347590768996,wickdiffs_W_H4_ALL_20260102_165320.csv,80.62424242424237,1.6
W,ALL,H4,H4,NZDCHF,long,2023-06-26,2023-07-03,0.54424,0.54946,0.005220000000000002,2023-06-29 09:00:00,2023-06-29 13:00:00,0.54424,0.5445,2023-07-11 13:00:00,0.54459,0.55468,0.5371555757575758,2023-07-19 01:00:00,0.5371555757575758,loss,-1.0,wickdiffs_W_H4_ALL_20260102_165320.csv,74.34424242424237,1.6
W,ALL,H4,H4,NZDCHF,long,2024-10-28,2024-11-04,0.51389,0.52052,0.006630000000000025,2024-11-06 18:00:00,2024-11-06 22:00:00,0.51975,0.52002,2024-11-14 02:00:00,0.52013,0.52715,0.513227,2024-12-06 10:00:00,0.513227,loss,-1.0,wickdiffs_W_H4_ALL_20260102_165320.csv,68.79212121212119,1.6
W,ALL,H4,H4,NZDCHF,short,2016-06-06,2016-06-13,0.68024,0.68939,0.009149999999999991,2016-06-10 05:00:00,2016-06-10 09:00:00,0.685265,0.68618,2016-06-21 01:00:00,0.68354,0.67109,0.6948318333333333,2016-06-23 17:00:00,0.6948318333333333,loss,-1.0,wickdiffs_W_H4_ALL_20260102_165320.csv,112.91833333333324,1.6
W,ALL,H4,H4,NZDCHF,short,2016-08-08,2016-08-15,0.701435,0.716205,0.01476999999999995,2016-08-12 09:00:00,2016-08-12 13:00:00,0.704925,0.705045,2016-08-22 21:00:00,0.7023,0.6866650000000001,0.7176819999999999,2016-09-02 09:00:00,0.7176819999999999,loss,-1.0,wickdiffs_W_H4_ALL_20260102_165320.csv,125.83030303030323,1.6
W,ALL,H4,H4,NZDCHF,short,2016-09-26,2016-10-03,0.707615,0.71471,0.0070949999999999624,2016-10-04 09:00:00,2016-10-04 13:00:00,0.71415,0.71471,2016-10-18 21:00:00,0.714035,0.70052,0.7247793787878788,2016-11-01 13:00:00,0.70052,win,1.257867045347173,wickdiffs_W_H4_ALL_20260102_165320.csv,107.44378787878797,1.6
W,ALL,H4,H4,NZDCHF,short,2016-10-31,2016-11-07,0.709415,0.72599,0.016575000000000006,2016-11-10 14:00:00,2016-11-10 18:00:00,0.714045,0.71464,2016-11-21 14:00:00,0.713355,0.69284,0.7276475,2016-12-08 10:00:00,0.7276475,loss,-1.0,wickdiffs_W_H4_ALL_20260102_165320.csv,111.7562121212122,1.6
W,ALL,H4,H4,NZDCHF,short,2017-01-09,2017-01-16,0.7194,0.72592,0.00651999999999997,2017-01-19 22:00:00,2017-01-20 02:00:00,0.72578,0.72592,2017-01-24 14:00:00,0.72553,0.7128800000000001,0.7363994242424242,2017-03-03 02:00:00,0.7128800000000001,win,1.1638150943290955,wickdiffs_W_H4_ALL_20260102_165320.csv,108.69424242424253,1.6
W,ALL,H4,H4,NZDCHF,short,2017-05-08,2017-05-15,0.68695,0.70123,0.01428000000000007,2017-05-12 09:00:00,2017-05-12 13:00:00,0.69072,0.69108,2017-05-29 13:00:00,0.688565,0.6726699999999999,0.702658,2017-06-14 09:00:00,0.702658,loss,-1.0,wickdiffs_W_H4_ALL_20260102_165320.csv,93.55363636363631,1.6
W,ALL,H4,H4,NZDCHF,short,2020-04-20,2020-04-27,0.58536,0.59948,0.014120000000000021,2020-04-30 09:00:00,2020-04-30 13:00:00,0.59684,0.59747,2020-05-10 21:00:00,0.59556,0.57124,0.6118821476510067,2020-06-02 13:00:00,0.6118821476510067,loss,-1.0,wickdiffs_W_H4_ALL_20260102_165320.csv,144.39000000000001,1.6
W,ALL,H4,H4,NZDCHF,short,2024-12-30,2025-01-06,0.51001,0.51488,0.004870000000000041,2025-01-07 10:00:00,2025-01-07 14:00:00,0.51465,0.51488,2025-01-14 06:00:00,0.51394,0.5051399999999999,0.520088212121212,2025-02-27 22:00:00,0.5051399999999999,win,1.4313104080516215,wickdiffs_W_H4_ALL_20260102_165320.csv,61.4821212121211,1.6
W,ALL,H4,H4,NZDJPY,long,2015-03-02,2015-03-09,87.3135,88.947,1.633499999999998,2015-03-13 13:00:00,2015-03-13 17:00:00,88.695,88.699,2015-03-17 13:00:00,88.798,90.5805,86.99318636363637,2015-03-20 13:00:00,90.5805,win,0.9876365980874375,wickdiffs_W_H4_ALL_20260102_165320.csv,180.48136363636357,1.6
W,ALL,H4,H4,NZDJPY,long,2016-07-04,2016-07-11,71.2545,73.442,2.1875,2016-07-07 13:00:00,2016-07-07 17:00:00,72.5085,72.6475,2016-08-03 01:00:00,72.75,75.6295,70.81084242424242,2016-09-02 09:00:00,75.6295,win,1.4849231625104256,wickdiffs_W_H4_ALL_20260102_165320.csv,193.9157575757578,1.6
W,ALL,H4,H4,NZDJPY,long,2018-12-31,2019-01-07,70.704,73.063,2.359000000000009,2019-01-03 18:00:00,2019-01-03 22:00:00,71.843,71.884,2019-05-08 01:00:00,72.476,75.42200000000001,70.46809999999999,2019-06-14 17:00:00,70.46809999999999,loss,-1.0,wickdiffs_W_H4_ALL_20260102_165320.csv,97.15333333333348,1.6
W,ALL,H4,H4,NZDJPY,long,2021-09-13,2021-09-20,76.338,77.381,1.0430000000000064,2021-09-22 21:00:00,2021-09-23 01:00:00,76.7,76.725,2021-09-30 13:00:00,76.752,78.424,75.55158181818182,2021-10-11 05:00:00,78.424,win,1.392847946927597,wickdiffs_W_H4_ALL_20260102_165320.csv,120.04181818181802,1.6
W,ALL,H4,H4,NZDJPY,long,2022-06-13,2022-06-20,82.974,85.24,2.265999999999991,2022-06-16 09:00:00,2022-06-16 13:00:00,82.974,83.29,2022-07-01 05:00:00,83.723,87.50599999999999,81.18407382550336,2022-09-07 21:00:00,87.50599999999999,win,1.4899999999999998,wickdiffs_W_H4_ALL_20260102_165320.csv,178.9766666666668,1.6
W,ALL,H4,H4,NZDJPY,long,2022-12-26,2023-01-02,81.04,83.262,2.221999999999994,2023-01-03 06:00:00,2023-01-03 10:00:00,81.04,81.158,2023-01-13 14:00:00,81.375,85.484,78.61728187919464,2023-05-08 09:00:00,85.484,win,1.49,wickdiffs_W_H4_ALL_20260102_165320.csv,179.54545454545476,1.6
W,ALL,H4,H4,NZDJPY,long,2023-07-03,2023-07-10,86.242,88.282,2.039999999999992,2023-07-12 05:00:00,2023-07-12 09:00:00,86.242,86.47,2023-07-18 13:00:00,87.297,90.32199999999999,85.26679865771813,2023-07-28 01:00:00,85.26679865771813,loss,-1.0,wickdiffs_W_H4_ALL_20260102_165320.csv,139.1718181818182,1.6
W,ALL,H4,H4,NZDJPY,long,2025-02-24,2025-03-03,83.149,84.424,1.2750000000000057,2025-03-07 10:00:00,2025-03-07 14:00:00,83.778,83.99,2025-03-10 13:00:00,84.23,85.69900000000001,82.70522424242425,2025-03-16 21:00:00,85.69900000000001,win,0.9634203539119562,wickdiffs_W_H4_ALL_20260102_165320.csv,152.47757575757583,1.6
W,ALL,H4,H4,NZDJPY,short,2016-08-08,2016-08-15,72.899,74.48,1.581000000000003,2016-08-11 21:00:00,2016-08-12 01:00:00,73.5885,73.662,2016-08-24 13:00:00,73.4645,71.318,75.35195151515151,2016-09-01 13:00:00,75.35195151515151,loss,-1.0,wickdiffs_W_H4_ALL_20260102_165320.csv,188.74515151515172,1.6
W,ALL,H4,H4,NZDJPY,short,2017-04-17,2017-04-24,76.702,77.965,1.2630000000000052,2017-04-24 05:00:00,2017-04-24 09:00:00,77.582,77.6,2017-05-02 01:00:00,77.3845,75.439,78.69020469798659,2017-05-09 13:00:00,78.69020469798659,loss,-1.0,wickdiffs_W_H4_ALL_20260102_165320.csv,106.38909090909091,1.6
W,ALL,H4,H4,NZDJPY,short,2019-10-14,2019-10-21,69.214,69.96,0.7459999999999951,2019-10-22 01:00:00,2019-10-22 05:00:00,69.921,69.96,2019-11-04 02:00:00,69.887,68.468,70.96706363636363,2019-12-02 10:00:00,70.96706363636363,loss,-1.0,wickdiffs_W_H4_ALL_20260102_165320.csv,108.00636363636355,1.6
W,ALL,H4,H4,NZDJPY,short,2021-04-12,2021-04-19,77.742,78.379,0.6370000000000005,2021-04-20 05:00:00,2021-04-20 09:00:00,78.287,78.379,2021-04-26 17:00:00,78.219,77.105,79.32115454545453,2021-05-10 05:00:00,79.32115454545453,loss,-1.0,wickdiffs_W_H4_ALL_20260102_165320.csv,110.21545454545446,1.6
W,ALL,H4,H4,NZDJPY,short,2022-03-21,2022-03-28,84.938,86.962,2.024000000000001,2022-03-28 05:00:00,2022-03-28 09:00:00,86.635,86.962,2022-04-13 01:00:00,85.65,82.914,87.48624161073826,2022-05-09 13:00:00,82.914,win,1.49,wickdiffs_W_H4_ALL_20260102_165320.csv,137.44181818181812,1.6
W,ALL,H4,H4,NZDJPY,short,2022-04-11,2022-04-18,85.482,87.35,1.867999999999995,2022-04-22 09:00:00,2022-04-22 13:00:00,85.751,85.868,2022-06-06 21:00:00,85.612,83.614,87.5368,2022-06-14 13:00:00,83.614,win,1.0380299251870249,wickdiffs_W_H4_ALL_20260102_165320.csv,175.12848484848507,1.6
W,ALL,H4,H4,NZDJPY,short,2022-06-06,2022-06-13,85.398,86.818,1.4200000000000017,2022-06-09 01:00:00,2022-06-09 05:00:00,86.578,86.596,2022-06-21 17:00:00,86.56,83.978,88.39989090909091,2022-07-01 01:00:00,83.978,win,1.4033440717829142,wickdiffs_W_H4_ALL_20260102_165320.csv,183.98909090909117,1.6
W,ALL,H4,H4,NZDJPY,short,2023-08-07,2023-08-14,86.762,87.8,1.0379999999999967,2023-08-16 05:00:00,2023-08-16 09:00:00,87.15,87.16,2023-08-29 21:00:00,87.094,85.724,88.46220606060605,2023-09-22 09:00:00,88.46220606060605,loss,-1.0,wickdiffs_W_H4_ALL_20260102_165320.csv,136.82060606060583,1.6
W,ALL,H4,H4,NZDJPY,short,2024-03-18,2024-03-25,90.751,92.204,1.4529999999999887,2024-03-26 09:00:00,2024-03-26 13:00:00,91.16,91.252,2024-04-03 17:00:00,91.116,89.29800000000002,92.3493,2024-04-10 09:00:00,92.3493,loss,-1.0,wickdiffs_W_H4_ALL_20260102_165320.csv,95.15303030303018,1.6
W,ALL,H4,H4,NZDUSD,long,2015-10-19,2015-10-26,0.66224,0.67522,0.012979999999999992,2015-10-29 01:00:00,2015-10-29 05:00:00,0.664835,0.66489,2015-11-03 22:00:00,0.665195,0.6882,0.6496570909090909,2015-11-16 10:00:00,0.6496570909090909,loss,-1.0,wickdiffs_W_H4_ALL_20260102_165320.csv,155.3790909090909,1.6
W,ALL,H4,H4,NZDUSD,long,2015-12-07,2015-12-14,0.65773,0.67177,0.014039999999999941,2015-12-17 22:00:00,2015-12-18 02:00:00,0.6682,0.668555,2016-01-05 14:00:00,0.66958,0.6858099999999999,0.6563260000000001,2016-01-08 14:00:00,0.6563260000000001,loss,-1.0,wickdiffs_W_H4_ALL_20260102_165320.csv,132.41393939393922,1.6
W,ALL,H4,H4,NZDUSD,long,2018-06-25,2018-07-02,0.66876,0.67746,0.00869999999999993,2018-07-04 21:00:00,2018-07-05 01:00:00,0.67504,0.6755,2018-07-11 17:00:00,0.67592,0.6861599999999999,0.6669477575757575,2018-08-09 01:00:00,0.6669477575757575,loss,-1.0,wickdiffs_W_H4_ALL_20260102_165320.csv,89.72242424242424,1.6
W,ALL,H4,H4,NZDUSD,long,2021-07-05,2021-07-12,0.69174,0.69953,0.007789999999999964,2021-07-13 09:00:00,2021-07-13 13:00:00,0.69174,0.6919,2021-07-19 17:00:00,0.69433,0.70732,0.6832869393939394,2021-08-04 05:00:00,0.70732,win,1.1763043293333777,wickdiffs_W_H4_ALL_20260102_165320.csv,110.43060606060588,1.6
W,ALL,H4,H4,NZDUSD,long,2022-05-09,2022-05-16,0.62166,0.6289,0.007240000000000024,2022-05-16 01:00:00,2022-05-16 05:00:00,0.62286,0.62346,2022-06-14 09:00:00,0.62436,0.63614,0.6121437878787879,2022-06-16 13:00:00,0.63614,win,0.9642923586391667,wickdiffs_W_H4_ALL_20260102_165320.csv,122.16212121212118,1.6
W,ALL,H4,H4,NZDUSD,long,2022-06-13,2022-06-20,0.61967,0.63134,0.011669999999999958,2022-06-14 13:00:00,2022-06-14 17:00:00,0.61967,0.62072,2022-06-29 13:00:00,0.62155,0.64301,0.6071473154362417,2022-07-14 13:00:00,0.6071473154362417,loss,-1.0,wickdiffs_W_H4_ALL_20260102_165320.csv,126.60545454545465,1.6
W,ALL,H4,H4,NZDUSD,long,2022-07-11,2022-07-18,0.60607,0.61592,0.009850000000000025,2022-07-14 09:00:00,2022-07-14 13:00:00,0.60607,0.60776,2022-09-01 01:00:00,0.60848,0.62577,0.596152696969697,2022-09-15 21:00:00,0.596152696969697,loss,-1.0,wickdiffs_W_H4_ALL_20260102_165320.csv,123.27303030303047,1.6
W,ALL,H4,H4,NZDUSD,long,2024-02-12,2024-02-19,0.60498,0.61248,0.007500000000000062,2024-02-14 10:00:00,2024-02-14 14:00:00,0.60728,0.6073,2024-03-05 06:00:00,0.6075,0.6199800000000001,0.5989776666666667,2024-03-08 10:00:00,0.6199800000000001,win,1.4643876872531045,wickdiffs_W_H4_ALL_20260102_165320.csv,85.22333333333336,1.6
W,ALL,H4,H4,NZDUSD,short,2016-04-11,2016-04-18,0.69203,0.705505,0.013475000000000015,2016-04-19 17:00:00,2016-04-19 21:00:00,0.70512,0.70542,2016-05-03 01:00:00,0.69812,0.678555,0.7130879393939393,2016-05-09 09:00:00,0.678555,win,1.3071271525806625,wickdiffs_W_H4_ALL_20260102_165320.csv,149.67939393939406,1.6
W,ALL,H4,H4,NZDUSD,short,2016-09-05,2016-09-12,0.73206,0.74855,0.016490000000000005,2016-09-12 17:00:00,2016-09-12 21:00:00,0.73571,0.736425,2016-09-20 09:00:00,0.734615,0.71557,0.7501990000000001,2016-10-05 13:00:00,0.71557,win,1.2220867556468125,wickdiffs_W_H4_ALL_20260102_165320.csv,143.3807575757577,1.6
W,ALL,H4,H4,NZDUSD,short,2019-10-14,2019-10-21,0.63811,0.64358,0.005470000000000086,2019-10-22 01:00:00,2019-10-22 05:00:00,0.64355,0.64358,2019-11-01 01:00:00,0.6433,0.6326399999999999,0.651111,2019-11-08 14:00:00,0.6326399999999999,win,1.364742030469863,wickdiffs_W_H4_ALL_20260102_165320.csv,78.1100000000001,1.6
W,ALL,H4,H4,NZDUSD,short,2021-04-19,2021-04-26,0.71992,0.72866,0.00873999999999997,2021-04-28 21:00:00,2021-04-29 01:00:00,0.7275,0.72866,2021-05-07 09:00:00,0.72605,0.71118,0.7371939696969697,2021-06-15 13:00:00,0.71118,win,1.3343539514508393,wickdiffs_W_H4_ALL_20260102_165320.csv,111.43969696969704,1.6
W,ALL,H4,H4,NZDUSD,short,2023-08-28,2023-09-04,0.5946,0.60152,0.006920000000000037,2023-09-01 09:00:00,2023-09-01 13:00:00,0.60038,0.60152,2023-09-29 01:00:00,0.60033,0.58768,0.6101399090909091,2023-10-04 01:00:00,0.58768,win,1.2895124595724208,wickdiffs_W_H4_ALL_20260102_165320.csv,98.09909090909105,1.6
W,ALL,H4,H4,NZDUSD,short,2025-03-10,2025-03-17,0.57457,0.58314,0.008569999999999967,2025-03-21 05:00:00,2025-03-21 09:00:00,0.57613,0.57677,2025-03-26 09:00:00,0.57501,0.5660000000000001,0.583997,2025-03-31 13:00:00,0.5660000000000001,win,1.0025592522532543,wickdiffs_W_H4_ALL_20260102_165320.csv,83.43333333333345,1.6
W,ALL,H4,H4,NZDUSD,short,2025-04-21,2025-04-28,0.59577,0.60295,0.007179999999999964,2025-04-24 17:00:00,2025-04-24 21:00:00,0.60006,0.6001,2025-05-06 13:00:00,0.59998,0.5885900000000001,0.6108293939393938,2025-05-09 01:00:00,0.5885900000000001,win,1.0498282266849057,wickdiffs_W_H4_ALL_20260102_165320.csv,108.49393939393936,1.6
W,ALL,H4,H4,USDCAD,long,2018-03-19,2018-03-26,1.28148,1.289605,0.008124999999999938,2018-03-27 01:00:00,2018-03-27 05:00:00,1.28148,1.28285,2018-04-03 09:00:00,1.283165,1.2977299999999998,1.2680521818181818,2018-04-10 01:00:00,1.2680521818181818,loss,-1.0,wickdiffs_W_H4_ALL_20260102_165320.csv,151.12818181818167,1.6
W,ALL,H4,H4,USDCAD,long,2018-09-24,2018-10-01,1.27828,1.29092,0.012639999999999985,2018-10-01 13:00:00,2018-10-01 17:00:00,1.27828,1.27938,2020-12-04 14:00:00,1.27952,1.30356,1.2633857718120804,2021-01-06 10:00:00,1.2633857718120804,loss,-1.0,wickdiffs_W_H4_ALL_20260102_165320.csv,131.7878787878788,1.6
W,ALL,H4,H4,USDCAD,long,2020-11-02,2020-11-09,1.29284,1.30565,0.012809999999999988,2020-11-10 22:00:00,2020-11-11 02:00:00,1.30092,1.30198,2020-11-24 06:00:00,1.30292,1.31846,1.2894533333333333,2020-12-03 14:00:00,1.2894533333333333,loss,-1.0,wickdiffs_W_H4_ALL_20260102_165320.csv,134.66666666666652,1.6
W,ALL,H4,H4,USDCAD,long,2022-01-10,2022-01-17,1.24504,1.2552,0.010160000000000169,2022-01-20 14:00:00,2022-01-20 18:00:00,1.24533,1.24574,2022-03-30 13:00:00,1.24692,1.2653600000000003,1.2326506666666668,2022-04-12 01:00:00,1.2653600000000003,win,1.2922818164829168,wickdiffs_W_H4_ALL_20260102_165320.csv,142.69333333333333,1.6
W,ALL,H4,H4,USDCAD,long,2022-10-03,2022-10-10,1.3503,1.37342,0.02312000000000003,2022-10-07 13:00:00,2022-10-07 17:00:00,1.36758,1.36998,2022-10-17 17:00:00,1.37146,1.3965400000000001,1.347988,2022-11-04 13:00:00,1.347988,loss,-1.0,wickdiffs_W_H4_ALL_20260102_165320.csv,182.6000000000003,1.6
W,ALL,H4,H4,USDCAD,long,2023-08-28,2023-09-04,1.34892,1.35922,0.010300000000000198,2023-09-01 01:00:00,2023-09-01 05:00:00,1.34892,1.34943,2023-09-14 13:00:00,1.34954,1.3695200000000003,1.3361306040268455,2023-10-03 01:00:00,1.3695200000000003,win,1.49,wickdiffs_W_H4_ALL_20260102_165320.csv,115.2457575757577,1.6
W,ALL,H4,H4,USDCAD,long,2024-07-08,2024-07-15,1.35888,1.3645,0.005619999999999958,2024-07-11 09:00:00,2024-07-11 13:00:00,1.35888,1.35958,2024-08-21 09:00:00,1.35986,1.37012,1.3508861212121213,2024-08-23 13:00:00,1.3508861212121213,loss,-1.0,wickdiffs_W_H4_ALL_20260102_165320.csv,89.73878787878763,1.6
W,ALL,H4,H4,USDCAD,long,2025-01-06,2025-01-13,1.428,1.44242,0.0144200000000001,2025-01-15 10:00:00,2025-01-15 14:00:00,1.4302,1.43026,2025-01-20 14:00:00,1.43374,1.4568400000000001,1.418236644295302,2025-01-30 18:00:00,1.4568400000000001,win,1.49,wickdiffs_W_H4_ALL_20260102_165320.csv,117.22666666666657,1.6
W,ALL,H4,H4,USDCAD,short,2022-01-03,2022-01-10,1.26429,1.28138,0.01709000000000005,2022-01-06 18:00:00,2022-01-06 22:00:00,1.27314,1.274,2022-01-27 14:00:00,1.2731,1.2471999999999999,1.2904825503355704,2022-03-25 17:00:00,1.2471999999999999,win,1.49,wickdiffs_W_H4_ALL_20260102_165320.csv,132.78545454545446,1.6
W,ALL,H4,H4,USDCAD,short,2022-03-07,2022-03-14,1.2753,1.29011,0.01480999999999999,2022-03-15 05:00:00,2022-03-15 09:00:00,1.28572,1.28715,2022-04-28 05:00:00,1.2818,1.26049,1.2961020134228187,2022-05-09 13:00:00,1.2961020134228187,loss,-1.0,wickdiffs_W_H4_ALL_20260102_165320.csv,142.5163636363635,1.6
W,ALL,H4,H4,USDCAD,short,2022-05-09,2022-05-16,1.29114,1.30768,0.01654,2022-05-16 01:00:00,2022-05-16 05:00:00,1.29739,1.29818,2022-06-14 17:00:00,1.29574,1.2746,1.3104711515151515,2022-07-14 09:00:00,1.3104711515151515,loss,-1.0,wickdiffs_W_H4_ALL_20260102_165320.csv,147.31151515151493,1.6
W,ALL,H4,H4,USDCAD,short,2022-07-11,2022-07-18,1.30248,1.32236,0.019879999999999898,2022-07-15 05:00:00,2022-07-15 09:00:00,1.3114,1.31356,2022-08-31 09:00:00,1.31118,1.2826000000000002,1.330361208053691,2022-09-16 09:00:00,1.330361208053691,loss,-1.0,wickdiffs_W_H4_ALL_20260102_165320.csv,155.11121212121225,1.6
W,ALL,H4,H4,USDCAD,short,2023-10-02,2023-10-09,1.36616,1.37858,0.012419999999999876,2023-10-06 09:00:00,2023-10-06 13:00:00,1.37298,1.37455,2023-10-19 01:00:00,1.37294,1.3537400000000002,1.3858259060402685,2023-10-27 13:00:00,1.3858259060402685,loss,-1.0,wickdiffs_W_H4_ALL_20260102_165320.csv,116.84545454545477,1.6
W,ALL,H4,H4,USDCAD,short,2024-04-29,2024-05-06,1.36854,1.3785,0.009959999999999969,2024-05-09 05:00:00,2024-05-09 09:00:00,1.37358,1.3738,2024-05-23 17:00:00,1.37299,1.3585800000000001,1.3834098787878788,2024-07-25 05:00:00,1.3834098787878788,loss,-1.0,wickdiffs_W_H4_ALL_20260102_165320.csv,104.1987878787879,1.6
W,ALL,H4,H4,USDCAD,short,2024-05-20,2024-05-27,1.36648,1.37437,0.007890000000000175,2024-05-24 01:00:00,2024-05-24 05:00:00,1.37387,1.37388,2024-06-05 13:00:00,1.36999,1.3585899999999997,1.3807264545454545,2024-07-24 13:00:00,1.3807264545454545,loss,-1.0,wickdiffs_W_H4_ALL_20260102_165320.csv,107.36454545454535,1.6
W,ALL,H4,H4,USDCAD,short,2025-03-10,2025-03-17,1.43724,1.45215,0.014909999999999979,2025-03-20 09:00:00,2025-03-20 13:00:00,1.43912,1.44018,2025-03-31 13:00:00,1.4376,1.42233,1.453641,2025-04-02 21:00:00,1.42233,win,0.9519356648587944,wickdiffs_W_H4_ALL_20260102_165320.csv,157.808787878788,1.6
W,ALL,H4,H4,USDCHF,long,2015-09-14,2015-09-21,0.95279,0.968565,0.015774999999999983,2015-09-21 05:00:00,2015-09-21 09:00:00,0.96429,0.96578,2015-10-02 09:00:00,0.966625,0.98434,0.9509028030303031,2015-10-14 13:00:00,0.9509028030303031,loss,-1.0,wickdiffs_W_H4_ALL_20260102_165320.csv,157.22196969696955,1.6
W,ALL,H4,H4,USDCHF,long,2016-09-05,2016-09-12,0.96493,0.975465,0.010535000000000072,2016-09-08 09:00:00,2016-09-08 13:00:00,0.96493,0.96599,2016-09-29 13:00:00,0.96623,0.9860000000000001,0.9529615436241611,2016-10-11 05:00:00,0.9860000000000001,win,1.49,wickdiffs_W_H4_ALL_20260102_165320.csv,112.90863636363632,1.6
W,ALL,H4,H4,USDCHF,long,2018-02-12,2018-02-19,0.91874,0.9275,0.00875999999999999,2018-02-16 02:00:00,2018-02-16 06:00:00,0.91874,0.91906,2020-03-09 01:00:00,0.9254,0.93626,0.9172090606060606,2020-03-10 05:00:00,0.93626,win,1.3258552502580438,wickdiffs_W_H4_ALL_20260102_165320.csv,81.90939393939391,1.6
W,ALL,H4,H4,USDCHF,long,2018-07-30,2018-08-06,0.9867,0.99424,0.007539999999999991,2018-07-31 09:00:00,2018-07-31 13:00:00,0.9867,0.98758,2018-08-20 21:00:00,0.98828,1.0017800000000001,0.9788005151515152,2018-08-27 17:00:00,0.9788005151515152,loss,-1.0,wickdiffs_W_H4_ALL_20260102_165320.csv,94.79484848484836,1.6
W,ALL,H4,H4,USDCHF,long,2018-11-19,2018-11-26,0.99094,0.99739,0.006449999999999956,2018-11-29 02:00:00,2018-11-29 06:00:00,0.9918,0.99196,2018-12-06 14:00:00,0.99245,1.0038399999999998,0.9832834242424243,2018-12-28 10:00:00,0.9832834242424243,loss,-1.0,wickdiffs_W_H4_ALL_20260102_165320.csv,91.66575757575748,1.6
W,ALL,H4,H4,USDCHF,long,2019-06-24,2019-07-01,0.96942,0.97623,0.006810000000000094,2019-06-25 01:00:00,2019-06-25 05:00:00,0.96942,0.96964,2019-08-07 13:00:00,0.97179,0.9830400000000001,0.9622408181818183,2019-08-21 17:00:00,0.9830400000000001,win,1.178111404118404,wickdiffs_W_H4_ALL_20260102_165320.csv,95.49181818181798,1.6
W,ALL,H4,H4,USDCHF,long,2020-08-10,2020-08-17,0.90102,0.9091,0.008079999999999976,2020-08-19 05:00:00,2020-08-19 09:00:00,0.90192,0.90206,2020-08-31 09:00:00,0.90284,0.91718,0.8924045151515151,2020-09-07 21:00:00,0.91718,win,1.3741575219748483,wickdiffs_W_H4_ALL_20260102_165320.csv,104.35484848484852,1.6
W,ALL,H4,H4,USDCHF,long,2021-10-18,2021-10-25,0.91026,0.91582,0.005560000000000009,2021-10-29 05:00:00,2021-10-29 09:00:00,0.91026,0.9106,2021-11-01 13:00:00,0.91104,0.92138,0.9025919696969696,2021-11-11 10:00:00,0.92138,win,1.2239539430026742,wickdiffs_W_H4_ALL_20260102_165320.csv,84.48030303030302,1.6
W,ALL,H4,H4,USDCHF,long,2022-02-14,2022-02-21,0.91504,0.92137,0.006330000000000058,2022-02-22 02:00:00,2022-02-22 06:00:00,0.91516,0.91574,2022-03-01 06:00:00,0.91646,0.9277000000000001,0.9069895757575758,2022-03-08 06:00:00,0.9277000000000001,win,1.1868528497011472,wickdiffs_W_H4_ALL_20260102_165320.csv,94.70424242424231,1.6
W,ALL,H4,H4,USDCHF,long,2023-03-06,2023-03-13,0.90716,0.92128,0.014120000000000021,2023-03-15 01:00:00,2023-03-15 05:00:00,0.91234,0.91395,2023-03-23 05:00:00,0.91396,0.9354,0.8995707382550335,2023-04-12 09:00:00,0.8995707382550335,loss,-1.0,wickdiffs_W_H4_ALL_20260102_165320.csv,138.53515151515165,1.6
W,ALL,H4,H4,USDCHF,long,2024-08-19,2024-08-26,0.84002,0.84784,0.00782000000000005,2024-08-29 01:00:00,2024-08-29 05:00:00,0.84002,0.84026,2024-09-06 09:00:00,0.84388,0.8556600000000001,0.8342936666666666,2024-10-04 09:00:00,0.8556600000000001,win,1.2288327132376071,wickdiffs_W_H4_ALL_20260102_165320.csv,95.8633333333334,1.6
W,ALL,H4,H4,USDCHF,short,2018-06-25,2018-07-02,0.99053,0.99926,0.008730000000000016,2018-07-02 13:00:00,2018-07-02 17:00:00,0.99557,0.99654,2018-07-10 09:00:00,0.99424,0.9818,1.0038879090909092,2018-07-13 05:00:00,1.0038879090909092,loss,-1.0,wickdiffs_W_H4_ALL_20260102_165320.csv,96.47909090909084,1.6
W,ALL,H4,H4,USDCHF,short,2019-08-12,2019-08-19,0.9784,0.98773,0.00932999999999995,2019-08-23 05:00:00,2019-08-23 09:00:00,0.98729,0.98773,2019-08-29 17:00:00,0.98661,0.9690700000000001,0.9983818120805368,2019-09-30 17:00:00,0.9983818120805368,loss,-1.0,wickdiffs_W_H4_ALL_20260102_165320.csv,101.9227272727272,1.6
W,ALL,H4,H4,USDCHF,short,2019-09-16,2019-09-23,0.99142,0.99838,0.006960000000000077,2019-09-18 21:00:00,2019-09-19 01:00:00,0.9982,0.99836,2019-09-30 17:00:00,0.9979,0.9844599999999999,1.0075310909090909,2019-10-18 17:00:00,0.9844599999999999,win,1.3954805459591229,wickdiffs_W_H4_ALL_20260102_165320.csv,96.31090909090902,1.6
W,ALL,H4,H4,USDJPY,long,2015-09-14,2015-09-21,119.057,119.9855,0.9284999999999997,2015-09-18 05:00:00,2015-09-18 09:00:00,119.057,119.179,2015-10-02 09:00:00,119.186,120.914,117.53443484848486,2015-10-22 21:00:00,120.914,win,1.0462802502309538,wickdiffs_W_H4_ALL_20260102_165320.csv,165.15651515151498,1.6
W,ALL,H4,H4,USDJPY,long,2015-10-12,2015-10-19,118.0645,119.4505,1.38600000000001,2015-10-15 13:00:00,2015-10-15 17:00:00,118.2325,118.4075,2016-01-05 22:00:00,118.569,120.83650000000002,117.04718791946308,2016-01-10 22:00:00,117.04718791946308,loss,-1.0,wickdiffs_W_H4_ALL_20260102_165320.csv,125.80636363636364,1.6
W,ALL,H4,H4,USDJPY,long,2016-02-29,2016-03-07,112.162,113.773,1.61099999999999,2016-03-09 06:00:00,2016-03-09 10:00:00,112.227,112.421,2016-03-16 17:00:00,112.5635,115.38399999999999,110.57302727272727,2016-04-05 05:00:00,110.57302727272727,loss,-1.0,wickdiffs_W_H4_ALL_20260102_165320.csv,199.04727272727288,1.6
W,ALL,H4,H4,USDJPY,long,2016-06-20,2016-06-27,98.987,102.199,3.2120000000000033,2016-06-27 09:00:00,2016-06-27 13:00:00,101.4015,101.4815,2016-07-05 13:00:00,101.52,105.411,98.66579999999999,2016-07-14 05:00:00,105.411,win,1.3632541517763288,wickdiffs_W_H4_ALL_20260102_165320.csv,198.97651515151517,1.6
W,ALL,H4,H4,USDJPY,long,2017-01-09,2017-01-16,112.576,114.52,1.9440000000000026,2017-01-17 18:00:00,2017-01-17 22:00:00,112.576,112.604,2017-01-23 22:00:00,112.955,116.464,110.59996644295302,2017-03-26 21:00:00,110.59996644295302,loss,-1.0,wickdiffs_W_H4_ALL_20260102_165320.csv,210.2389393939395,1.6
W,ALL,H4,H4,USDJPY,long,2017-03-20,2017-03-27,110.108,111.321,1.2129999999999939,2017-03-28 09:00:00,2017-03-28 13:00:00,110.182,110.24,2017-04-07 01:00:00,110.5245,112.53399999999999,108.69749393939394,2017-04-14 09:00:00,108.69749393939394,loss,-1.0,wickdiffs_W_H4_ALL_20260102_165320.csv,182.7006060606061,1.6
W,ALL,H4,H4,USDJPY,long,2017-06-05,2017-06-12,108.815,110.333,1.5180000000000007,2017-06-14 13:00:00,2017-06-14 17:00:00,108.815,108.927,2017-08-11 01:00:00,108.9685,111.851,107.03393624161075,2017-09-19 05:00:00,111.851,win,1.49,wickdiffs_W_H4_ALL_20260102_165320.csv,137.9733333333335,1.6
W,ALL,H4,H4,USDJPY,long,2019-05-06,2019-05-13,109.02,109.953,0.9330000000000069,2019-05-15 09:00:00,2019-05-15 13:00:00,109.152,109.178,2019-05-28 21:00:00,109.274,110.88600000000001,108.19212080536913,2019-06-02 21:00:00,108.19212080536913,loss,-1.0,wickdiffs_W_H4_ALL_20260102_165320.csv,86.1551515151516,1.6
W,ALL,H4,H4,USDJPY,long,2020-03-23,2020-03-30,106.918,108.014,1.0959999999999894,2020-04-01 13:00:00,2020-04-01 17:00:00,106.918,106.998,2020-04-14 17:00:00,107.218,109.10999999999999,105.4189090909091,2020-06-04 05:00:00,109.10999999999999,win,1.0516422435573407,wickdiffs_W_H4_ALL_20260102_165320.csv,179.90909090909113,1.6
W,ALL,H4,H4,USDJPY,long,2020-07-27,2020-08-03,104.188,105.896,1.7079999999999984,2020-08-06 13:00:00,2020-08-06 17:00:00,105.302,105.404,2020-08-18 05:00:00,105.562,107.604,104.0172,2020-09-21 05:00:00,104.0172,loss,-1.0,wickdiffs_W_H4_ALL_20260102_165320.csv,100.48181818181808,1.6
W,ALL,H4,H4,USDJPY,long,2022-01-31,2022-02-07,114.156,115.199,1.0429999999999922,2022-02-07 06:00:00,2022-02-07 10:00:00,114.916,114.97,2022-02-17 06:00:00,115.094,116.24199999999999,114.02892424242424,2022-03-10 22:00:00,116.24199999999999,win,1.0778576001138036,wickdiffs_W_H4_ALL_20260102_165320.csv,106.50757575757567,1.6
W,ALL,H4,H4,USDJPY,long,2022-07-25,2022-08-01,130.396,133.232,2.8360000000000127,2022-08-04 17:00:00,2022-08-04 21:00:00,132.52,132.764,2022-08-10 09:00:00,133.148,136.068,130.11239999999998,2022-08-18 21:00:00,136.068,win,0.9619185663460271,wickdiffs_W_H4_ALL_20260102_165320.csv,226.23878787878795,1.6
W,ALL,H4,H4,USDJPY,long,2024-06-03,2024-06-10,154.546,156.772,2.225999999999999,2024-06-04 13:00:00,2024-06-04 17:00:00,154.546,154.549,2024-07-24 01:00:00,154.61,158.998,151.665033557047,2024-07-31 01:00:00,151.665033557047,loss,-1.0,wickdiffs_W_H4_ALL_20260102_165320.csv,206.911515151515,1.6
W,ALL,H4,H4,USDJPY,long,2024-07-29,2024-08-05,141.688,146.5,4.812000000000012,2024-08-06 17:00:00,2024-08-06 21:00:00,144.164,144.303,2024-08-23 17:00:00,144.386,151.312,139.73767785234898,2024-09-16 05:00:00,139.73767785234898,loss,-1.0,wickdiffs_W_H4_ALL_20260102_165320.csv,251.1263636363638,1.6
W,ALL,H4,H4,USDJPY,short,2015-11-16,2015-11-23,122.795,123.76,0.9650000000000034,2015-11-18 18:00:00,2015-11-18 22:00:00,123.645,123.76,2015-12-02 14:00:00,123.5175,121.83,124.88892575757575,2015-12-09 14:00:00,121.83,win,1.2304712746411899,wickdiffs_W_H4_ALL_20260102_165320.csv,137.1425757575756,1.6
W,ALL,H4,H4,USDJPY,short,2017-02-06,2017-02-13,113.227,114.958,1.7309999999999945,2017-02-16 02:00:00,2017-02-16 06:00:00,113.938,114.04,2017-03-01 10:00:00,113.9035,111.49600000000001,115.96213181818182,2017-03-21 21:00:00,111.49600000000001,win,1.1694660398896815,wickdiffs_W_H4_ALL_20260102_165320.csv,205.86318181818174,1.6
W,ALL,H4,H4,USDJPY,short,2018-07-09,2018-07-16,112.364,113.178,0.813999999999993,2018-07-19 09:00:00,2018-07-19 13:00:00,113.094,113.178,2018-09-26 17:00:00,112.731,111.55000000000001,113.7271303030303,2018-09-30 21:00:00,113.7271303030303,loss,-1.0,wickdiffs_W_H4_ALL_20260102_165320.csv,99.6130303030302,1.6
W,ALL,H4,H4,USDJPY,short,2021-08-23,2021-08-30,109.842,110.42,0.578000000000003,2021-09-01 05:00:00,2021-09-01 09:00:00,110.391,110.42,2021-09-08 05:00:00,110.161,109.264,111.0071393939394,2021-09-15 09:00:00,109.264,win,1.0601090156360877,wickdiffs_W_H4_ALL_20260102_165320.csv,84.61393939393928,1.6
W,ALL,H4,H4,USDJPY,short,2023-04-24,2023-05-01,136.305,137.774,1.468999999999994,2023-05-02 01:00:00,2023-05-02 05:00:00,137.704,137.774,2023-05-17 17:00:00,137.697,134.836,139.90949696969696,2023-05-25 13:00:00,139.90949696969696,loss,-1.0,wickdiffs_W_H4_ALL_20260102_165320.csv,221.2496969696969,1.6
W,ALL,H4,H4,USDJPY,short,2023-12-18,2023-12-25,142.452,144.956,2.5039999999999907,2023-12-19 06:00:00,2023-12-19 10:00:00,144.696,144.956,2024-01-04 14:00:00,144.597,139.948,147.71713422818792,2024-01-17 06:00:00,147.71713422818792,loss,-1.0,wickdiffs_W_H4_ALL_20260102_165320.csv,197.97242424242353,1.6
W,ALL,H4,H4,USDJPY,short,2024-11-18,2024-11-25,154.249,155.89,1.6409999999999911,2024-11-20 18:00:00,2024-11-20 22:00:00,155.431,155.546,2024-12-19 02:00:00,155.23,152.608,157.7433727272727,2024-12-19 14:00:00,157.7433727272727,loss,-1.0,wickdiffs_W_H4_ALL_20260102_165320.csv,251.33727272727265,1.6
