mode,wd_variant,wd_source_ltf,entry_ltf,pair,direction,pivot_first_time,pivot_second_time,pivot_low,pivot_high,pivot_range,wd_first_time,wd_second_time,wd_low,wd_high,entry_time,entry_price,tp_price,sl_price,exit_time,exit_price,result,rr_signed,wickdiff_file,dyn_min_sl_pips,VOL
3D,ALL,H4,H12,AUDCAD,long,2016-05-24,2016-05-27,0.93266,0.93781,0.005149999999999988,2016-05-30 01:00:00,2016-05-30 05:00:00,0.93593,0.93657,2018-08-31 09:00:00,0.93766,0.94296,0.9311068181818183,2018-09-03 09:00:00,0.94296,win,0.8087674273427163,wickdiffs_3D_H4_ALL_20260121_202249.csv,65.53181818181815,1.0
3D,ALL,H4,H12,AUDCAD,long,2016-06-06,2016-06-09,0.93904,0.94832,0.009280000000000066,2016-06-12 21:00:00,2016-06-13 01:00:00,0.94148,0.9422,2016-06-14 09:00:00,0.94718,0.9576000000000001,0.9362115789473684,2016-06-15 09:00:00,0.9576000000000001,win,0.9499999999999998,wickdiffs_3D_H4_ALL_20260121_202249.csv,81.35378787878781,1.0
3D,ALL,H4,H12,AUDCAD,long,2017-02-16,2017-02-21,1.00226,1.007635,0.00537500000000013,2017-02-17 06:00:00,2017-02-17 10:00:00,1.00226,1.00284,2017-02-24 10:00:00,1.00436,1.0130100000000002,0.9952547368421049,2017-02-27 22:00:00,1.0130100000000002,win,0.9499999999999998,wickdiffs_3D_H4_ALL_20260121_202249.csv,72.07500000000005,1.0
3D,ALL,H4,H12,AUDCAD,long,2017-03-22,2017-03-27,1.01559,1.019855,0.004264999999999963,2017-03-28 09:00:00,2017-03-28 13:00:00,1.01788,1.01856,2017-03-30 09:00:00,1.019315,1.02412,1.012405909090909,2017-04-06 09:00:00,1.012405909090909,loss,-1.0,wickdiffs_3D_H4_ALL_20260121_202249.csv,69.09090909090912,1.0
3D,ALL,H4,H12,AUDCAD,long,2017-10-23,2017-10-26,0.97553,0.985785,0.010255000000000014,2017-10-27 17:00:00,2017-10-29 21:00:00,0.98331,0.98342,2017-10-31 09:00:00,0.986745,0.99604,0.9745045,2017-11-09 10:00:00,0.9745045,loss,-1.0,wickdiffs_3D_H4_ALL_20260121_202249.csv,67.52575757575768,1.0
3D,ALL,H4,H12,AUDCAD,long,2017-12-20,2017-12-25,0.97754,0.98165,0.004110000000000058,2017-12-21 14:00:00,2017-12-21 18:00:00,0.97832,0.97859,2017-12-28 22:00:00,0.979795,0.9857600000000001,0.9735160526315788,2018-01-05 10:00:00,0.9735160526315788,loss,-1.0,wickdiffs_3D_H4_ALL_20260121_202249.csv,58.43257575757581,1.0
3D,ALL,H4,H12,AUDCAD,long,2018-01-22,2018-01-25,0.99143,0.99568,0.004249999999999976,2018-01-25 18:00:00,2018-01-25 22:00:00,0.99143,0.99164,2018-01-31 10:00:00,0.99203,0.99993,0.9837142105263157,2018-02-01 22:00:00,0.9837142105263157,loss,-1.0,wickdiffs_3D_H4_ALL_20260121_202249.csv,59.09545454545457,1.0
3D,ALL,H4,H12,AUDCAD,long,2019-08-07,2019-08-12,0.88898,0.8973,0.008319999999999994,2019-08-12 09:00:00,2019-08-12 13:00:00,0.89222,0.89249,2019-08-25 21:00:00,0.89872,0.90562,0.8881479999999999,2019-09-11 09:00:00,0.90562,win,0.6526674233825199,wickdiffs_3D_H4_ALL_20260121_202249.csv,51.47575757575754,1.0
3D,ALL,H4,H12,AUDCAD,long,2021-02-01,2021-02-04,0.97147,0.97404,0.0025700000000000722,2021-02-02 14:00:00,2021-02-02 18:00:00,0.97147,0.97154,2021-03-05 10:00:00,0.97297,0.9766100000000001,0.9669289393939394,2021-03-08 22:00:00,0.9669289393939394,loss,-1.0,wickdiffs_3D_H4_ALL_20260121_202249.csv,60.41060606060599,1.0
3D,ALL,H4,H12,AUDCAD,long,2021-05-20,2021-05-25,0.93046,0.93382,0.0033600000000000296,2021-05-24 05:00:00,2021-05-24 09:00:00,0.93098,0.9313,2021-05-28 09:00:00,0.93143,0.93718,0.9246589393939394,2021-06-01 21:00:00,0.93718,win,0.849202264539377,wickdiffs_3D_H4_ALL_20260121_202249.csv,67.71060606060605,1.0
3D,ALL,H4,H12,AUDCAD,long,2022-01-27,2022-02-01,0.89082,0.89818,0.007360000000000033,2022-01-30 22:00:00,2022-01-31 02:00:00,0.8923,0.89233,2022-05-12 09:00:00,0.89419,0.90554,0.8822426315789474,2022-05-20 09:00:00,0.90554,win,0.95,wickdiffs_3D_H4_ALL_20260121_202249.csv,75.47121212121213,1.0
3D,ALL,H4,H12,AUDCAD,long,2022-04-05,2022-04-08,0.93592,0.94178,0.005859999999999976,2022-04-11 21:00:00,2022-04-12 01:00:00,0.93637,0.93643,2022-04-13 09:00:00,0.93663,0.9476399999999999,0.9250405263157895,2022-04-21 09:00:00,0.9250405263157895,loss,-1.0,wickdiffs_3D_H4_ALL_20260121_202249.csv,67.06363636363642,1.0
3D,ALL,H4,H12,AUDCAD,long,2022-09-12,2022-09-15,0.88468,0.88844,0.0037599999999999856,2022-09-15 17:00:00,2022-09-15 21:00:00,0.88582,0.88616,2022-09-23 09:00:00,0.888,0.8922,0.8810345454545455,2022-09-27 21:00:00,0.8810345454545455,loss,-1.0,wickdiffs_3D_H4_ALL_20260121_202249.csv,69.65454545454537,1.0
3D,ALL,H4,H12,AUDCAD,long,2023-03-27,2023-03-30,0.8988,0.90624,0.007440000000000002,2023-04-02 21:00:00,2023-04-03 01:00:00,0.8988,0.90016,2023-04-05 09:00:00,0.90443,0.91368,0.8946931578947367,2023-04-16 21:00:00,0.8946931578947367,loss,-1.0,wickdiffs_3D_H4_ALL_20260121_202249.csv,79.56515151515151,1.0
3D,ALL,H4,H12,AUDCAD,long,2024-08-01,2024-08-06,0.88536,0.89818,0.012819999999999943,2024-08-07 21:00:00,2024-08-08 01:00:00,0.89505,0.89569,2024-12-20 10:00:00,0.89868,0.9109999999999999,0.884078,2025-03-10 09:00:00,0.9109999999999999,win,0.8437200383509028,wickdiffs_3D_H4_ALL_20260121_202249.csv,62.34090909090913,1.0
3D,ALL,H4,H12,AUDCAD,long,2024-10-03,2024-10-08,0.91551,0.92066,0.005149999999999988,2024-10-08 01:00:00,2024-10-08 05:00:00,0.91551,0.91619,2024-10-16 21:00:00,0.92032,0.92581,0.9144128787878788,2024-10-17 21:00:00,0.92581,win,0.9293867186498046,wickdiffs_3D_H4_ALL_20260121_202249.csv,59.07121212121217,1.0
3D,ALL,H4,H12,AUDCAD,long,2024-10-11,2024-10-16,0.91614,0.9234,0.007260000000000044,2024-10-16 17:00:00,2024-10-16 21:00:00,0.91614,0.91639,2024-10-23 09:00:00,0.91792,0.93066,0.9045094736842104,2024-11-14 10:00:00,0.9045094736842104,loss,-1.0,wickdiffs_3D_H4_ALL_20260121_202249.csv,60.83333333333339,1.0
3D,ALL,H4,H12,AUDCAD,long,2024-12-02,2024-12-05,0.90009,0.90432,0.004230000000000067,2024-12-06 14:00:00,2024-12-06 18:00:00,0.90204,0.90261,2024-12-10 10:00:00,0.90438,0.9085500000000001,0.8982307575757575,2024-12-11 22:00:00,0.9085500000000001,win,0.6781323148946842,wickdiffs_3D_H4_ALL_20260121_202249.csv,61.49242424242429,1.0
3D,ALL,H4,H12,AUDCAD,long,2025-07-17,2025-07-22,0.88766,0.89268,0.0050200000000000244,2025-07-17 05:00:00,2025-07-17 09:00:00,0.88766,0.88854,2025-07-30 09:00:00,0.8899,0.8977,0.8816894736842105,2025-08-08 09:00:00,0.8977,win,0.95,wickdiffs_3D_H4_ALL_20260121_202249.csv,59.64848484848482,1.0
3D,ALL,H4,H12,AUDCAD,short,2015-04-16,2015-04-21,0.9449,0.956915,0.012014999999999998,2015-04-22 05:00:00,2015-04-22 09:00:00,0.95388,0.95449,2015-04-26 21:00:00,0.950955,0.932885,0.9699760526315789,2015-05-13 09:00:00,0.9699760526315789,loss,-1.0,wickdiffs_3D_H4_ALL_20260121_202249.csv,100.0227272727274,1.0
3D,ALL,H4,H12,AUDCAD,short,2015-06-10,2015-06-15,0.95159,0.95942,0.007830000000000004,2015-06-16 13:00:00,2015-06-16 17:00:00,0.95615,0.95699,2015-06-18 09:00:00,0.95351,0.94376,0.9637731578947367,2015-06-26 09:00:00,0.94376,win,0.95,wickdiffs_3D_H4_ALL_20260121_202249.csv,96.480303030303,1.0
3D,ALL,H4,H12,AUDCAD,short,2015-08-04,2015-08-07,0.963105,0.97489,0.011785000000000045,2015-08-10 21:00:00,2015-08-11 01:00:00,0.96666,0.96696,2015-08-14 09:00:00,0.96628,0.9513199999999999,0.9820273684210528,2015-08-24 09:00:00,0.9513199999999999,win,0.95,wickdiffs_3D_H4_ALL_20260121_202249.csv,93.1575757575758,1.0
3D,ALL,H4,H12,AUDCAD,short,2016-07-21,2016-07-26,0.98738,0.99718,0.00979999999999992,2016-07-28 09:00:00,2016-07-28 13:00:00,0.99146,0.99168,2016-07-29 09:00:00,0.99106,0.9775800000000001,1.0052494736842106,2016-08-05 09:00:00,1.0052494736842106,loss,-1.0,wickdiffs_3D_H4_ALL_20260121_202249.csv,87.15530303030306,1.0
3D,ALL,H4,H12,AUDCAD,short,2016-10-21,2016-10-26,1.02065,1.02858,0.007929999999999993,2016-10-26 05:00:00,2016-10-26 09:00:00,1.02777,1.02817,2016-10-31 21:00:00,1.0266,1.01272,1.0412105263157894,2016-11-15 22:00:00,1.01272,win,0.95,wickdiffs_3D_H4_ALL_20260121_202249.csv,74.18409090909093,1.0
3D,ALL,H4,H12,AUDCAD,short,2018-08-20,2018-08-23,0.95552,0.96126,0.005739999999999967,2018-08-27 09:00:00,2018-08-27 13:00:00,0.95574,0.95577,2018-11-07 22:00:00,0.95406,0.9497800000000001,0.961834,2018-11-11 22:00:00,0.9497800000000001,win,0.5505531258039593,wickdiffs_3D_H4_ALL_20260121_202249.csv,69.26666666666668,1.0
3D,ALL,H4,H12,AUDCAD,short,2019-01-30,2019-02-04,0.94987,0.95804,0.00817000000000001,2019-02-01 06:00:00,2019-02-01 10:00:00,0.95427,0.95512,2019-03-25 09:00:00,0.95318,0.9417,0.9652642105263158,2019-04-02 09:00:00,0.9417,win,0.95,wickdiffs_3D_H4_ALL_20260121_202249.csv,69.00303030303033,1.0
3D,ALL,H4,H12,AUDCAD,short,2019-10-30,2019-11-04,0.90866,0.912,0.0033400000000000096,2019-11-04 06:00:00,2019-11-04 10:00:00,0.90958,0.9098,2019-11-07 10:00:00,0.90868,0.90532,0.9143119696969697,2019-11-11 10:00:00,0.90532,win,0.5965941190713243,wickdiffs_3D_H4_ALL_20260121_202249.csv,56.31969696969696,1.0
3D,ALL,H4,H12,AUDCAD,short,2019-12-11,2019-12-16,0.90579,0.91398,0.00819000000000003,2019-12-13 02:00:00,2019-12-13 06:00:00,0.91197,0.91208,2019-12-24 10:00:00,0.91128,0.8976,0.9256800000000001,2020-01-06 22:00:00,0.8976,win,0.95,wickdiffs_3D_H4_ALL_20260121_202249.csv,52.75454545454561,1.0
3D,ALL,H4,H12,AUDCAD,short,2020-01-22,2020-01-27,0.89696,0.90496,0.008000000000000007,2020-01-24 10:00:00,2020-01-24 14:00:00,0.89941,0.89994,2020-02-05 10:00:00,0.8961,0.88896,0.90576,2020-02-07 10:00:00,0.88896,win,0.7391304347826122,wickdiffs_3D_H4_ALL_20260121_202249.csv,49.28787878787897,1.0
3D,ALL,H4,H12,AUDCAD,short,2020-08-06,2020-08-11,0.95442,0.96401,0.009589999999999987,2020-08-11 09:00:00,2020-08-11 13:00:00,0.95548,0.95576,2020-08-18 09:00:00,0.95377,0.9448300000000001,0.9649690000000001,2020-08-21 09:00:00,0.9448300000000001,win,0.7982855612108127,wickdiffs_3D_H4_ALL_20260121_202249.csv,73.48030303030305,1.0
3D,ALL,H4,H12,AUDCAD,short,2020-11-16,2020-11-19,0.95594,0.95923,0.003290000000000015,2020-11-17 06:00:00,2020-11-17 10:00:00,0.95892,0.95923,2020-11-24 10:00:00,0.95674,0.95265,0.9630745454545455,2020-11-30 10:00:00,0.95265,win,0.6456659012629216,wickdiffs_3D_H4_ALL_20260121_202249.csv,63.3454545454546,1.0
3D,ALL,H4,H12,AUDCAD,short,2021-06-23,2021-06-28,0.93316,0.93603,0.002870000000000039,2021-06-25 09:00:00,2021-06-25 13:00:00,0.9358,0.93603,2021-07-06 09:00:00,0.93362,0.93029,0.9395424242424243,2021-07-08 09:00:00,0.93029,win,0.5622697503070092,wickdiffs_3D_H4_ALL_20260121_202249.csv,59.22424242424239,1.0
3D,ALL,H4,H12,AUDCAD,short,2021-07-14,2021-07-19,0.9331,0.94196,0.008859999999999979,2021-07-20 09:00:00,2021-07-20 13:00:00,0.9348,0.93506,2021-09-03 09:00:00,0.93425,0.9242400000000001,0.9447868421052631,2021-09-15 21:00:00,0.9242400000000001,win,0.9499999999999998,wickdiffs_3D_H4_ALL_20260121_202249.csv,52.94090909090907,1.0
3D,ALL,H4,H12,AUDCAD,short,2022-03-02,2022-03-07,0.93866,0.94626,0.00759999999999994,2022-03-09 10:00:00,2022-03-09 14:00:00,0.94048,0.94154,2022-03-10 10:00:00,0.93959,0.9310600000000001,0.948568947368421,2022-03-11 10:00:00,0.9310600000000001,win,0.95,wickdiffs_3D_H4_ALL_20260121_202249.csv,62.01060606060605,1.0
3D,ALL,H4,H12,AUDCAD,short,2022-03-31,2022-04-05,0.942,0.95162,0.009620000000000073,2022-04-06 21:00:00,2022-04-07 01:00:00,0.94304,0.94408,2022-04-12 09:00:00,0.94239,0.9323799999999999,0.9529268421052632,2022-04-14 21:00:00,0.9323799999999999,win,0.95,wickdiffs_3D_H4_ALL_20260121_202249.csv,66.2984848484849,1.0
3D,ALL,H4,H12,AUDCAD,short,2022-12-08,2022-12-13,0.91985,0.9331,0.013250000000000095,2022-12-14 10:00:00,2022-12-14 14:00:00,0.93208,0.93214,2023-01-03 22:00:00,0.93146,0.9065999999999999,0.9576284210526317,2023-03-07 10:00:00,0.9065999999999999,win,0.95,wickdiffs_3D_H4_ALL_20260121_202249.csv,87.26212121212127,1.0
3D,ALL,H4,H12,AUDCAD,short,2023-01-13,2023-01-18,0.93548,0.94449,0.009010000000000074,2023-01-18 10:00:00,2023-01-18 14:00:00,0.94314,0.94449,2023-01-24 10:00:00,0.94188,0.9264699999999999,0.9581010526315792,2023-02-05 22:00:00,0.9264699999999999,win,0.95,wickdiffs_3D_H4_ALL_20260121_202249.csv,87.34393939393944,1.0
3D,ALL,H4,H12,AUDCAD,short,2024-01-22,2024-01-25,0.88942,0.89158,0.0021600000000000508,2024-01-25 10:00:00,2024-01-25 14:00:00,0.89132,0.89158,2024-03-07 10:00:00,0.89098,0.8872599999999999,0.8963745454545454,2024-03-15 09:00:00,0.8872599999999999,win,0.6895854398382301,wickdiffs_3D_H4_ALL_20260121_202249.csv,53.9454545454546,1.0
3D,ALL,H4,H12,AUDCHF,long,2015-11-04,2015-11-09,0.704895,0.70842,0.0035250000000000004,2015-11-09 14:00:00,2015-11-09 18:00:00,0.70555,0.705815,2015-12-11 10:00:00,0.706715,0.711945,0.6976843181818182,2015-12-13 22:00:00,0.711945,win,0.5791367811752939,wickdiffs_3D_H4_ALL_20260121_202249.csv,90.30681818181816,1.0
3D,ALL,H4,H12,AUDCHF,long,2017-01-26,2017-01-31,0.74796,0.75185,0.00389000000000006,2017-02-01 10:00:00,2017-02-01 14:00:00,0.74992,0.75011,2017-03-27 09:00:00,0.750675,0.7557400000000001,0.7447343939393939,2017-03-28 09:00:00,0.7557400000000001,win,0.8526066108957511,wickdiffs_3D_H4_ALL_20260121_202249.csv,59.40606060606066,1.0
3D,ALL,H4,H12,AUDCHF,long,2017-05-03,2017-05-08,0.72704,0.73285,0.005809999999999982,2017-05-05 01:00:00,2017-05-05 05:00:00,0.72704,0.72713,2017-05-17 09:00:00,0.72741,0.73866,0.7155678947368421,2017-05-31 21:00:00,0.7155678947368421,loss,-1.0,wickdiffs_3D_H4_ALL_20260121_202249.csv,62.71818181818184,1.0
3D,ALL,H4,H12,AUDCHF,long,2017-08-24,2017-08-29,0.75075,0.760695,0.009944999999999982,2017-08-31 05:00:00,2017-08-31 09:00:00,0.7599,0.75992,2017-09-04 09:00:00,0.7611,0.77064,0.7497555,2017-09-12 09:00:00,0.77064,win,0.8409361364537891,wickdiffs_3D_H4_ALL_20260121_202249.csv,65.79848484848488,1.0
3D,ALL,H4,H12,AUDCHF,long,2018-05-15,2018-05-18,0.7457,0.7521,0.006399999999999961,2018-05-16 05:00:00,2018-05-16 09:00:00,0.74714,0.74741,2018-05-24 09:00:00,0.75136,0.7585,0.7438442105263159,2018-05-29 09:00:00,0.7438442105263159,loss,-1.0,wickdiffs_3D_H4_ALL_20260121_202249.csv,57.12272727272729,1.0
3D,ALL,H4,H12,AUDCHF,long,2019-01-01,2019-01-04,0.66488,0.69124,0.02635999999999994,2019-01-03 18:00:00,2019-01-03 22:00:00,0.68949,0.69088,2019-05-23 21:00:00,0.69172,0.7175999999999999,0.662244,2019-08-04 21:00:00,0.662244,loss,-1.0,wickdiffs_3D_H4_ALL_20260121_202249.csv,50.6,1.0
3D,ALL,H4,H12,AUDCHF,long,2019-05-23,2019-05-28,0.69018,0.6944,0.0042200000000000015,2019-05-24 01:00:00,2019-05-24 05:00:00,0.69018,0.69095,2019-06-03 21:00:00,0.69355,0.69862,0.6882131578947368,2019-06-10 21:00:00,0.6882131578947368,loss,-1.0,wickdiffs_3D_H4_ALL_20260121_202249.csv,47.38181818181818,1.0
3D,ALL,H4,H12,AUDCHF,long,2020-01-06,2020-01-09,0.66218,0.66861,0.006430000000000047,2020-01-09 22:00:00,2020-01-10 02:00:00,0.66675,0.66722,2020-01-14 10:00:00,0.66779,0.6750400000000001,0.6601584210526315,2020-01-26 22:00:00,0.6601584210526315,loss,-1.0,wickdiffs_3D_H4_ALL_20260121_202249.csv,46.0060606060607,1.0
3D,ALL,H4,H12,AUDCHF,long,2020-02-07,2020-02-12,0.64976,0.65519,0.005430000000000046,2020-02-10 14:00:00,2020-02-10 18:00:00,0.65196,0.652,2020-02-19 22:00:00,0.65223,0.6606200000000001,0.6433984210526315,2020-02-25 22:00:00,0.6433984210526315,loss,-1.0,wickdiffs_3D_H4_ALL_20260121_202249.csv,46.63409090909099,1.0
3D,ALL,H4,H12,AUDCHF,long,2020-07-21,2020-07-24,0.65295,0.65686,0.003909999999999969,2020-07-28 09:00:00,2020-07-28 13:00:00,0.6544,0.65486,2020-07-29 09:00:00,0.65594,0.66077,0.6487639393939394,2020-08-27 21:00:00,0.66077,win,0.6730712385456702,wickdiffs_3D_H4_ALL_20260121_202249.csv,71.760606060606,1.0
3D,ALL,H4,H12,AUDCHF,long,2021-09-20,2021-09-23,0.66638,0.67084,0.0044600000000000195,2021-09-24 09:00:00,2021-09-24 13:00:00,0.66938,0.66944,2021-09-29 09:00:00,0.67064,0.6753,0.6654315151515152,2021-09-30 09:00:00,0.6753,win,0.894693972538981,wickdiffs_3D_H4_ALL_20260121_202249.csv,52.08484848484844,1.0
3D,ALL,H4,H12,AUDCHF,long,2021-09-28,2021-10-01,0.66906,0.67324,0.0041799999999999615,2021-10-05 01:00:00,2021-10-05 05:00:00,0.67158,0.67222,2021-10-06 09:00:00,0.67438,0.6774199999999999,0.668642,2021-10-07 09:00:00,0.6774199999999999,win,0.5298013245032974,wickdiffs_3D_H4_ALL_20260121_202249.csv,54.02575757575757,1.0
3D,ALL,H4,H12,AUDCHF,long,2022-01-27,2022-02-01,0.6493,0.65508,0.005780000000000007,2022-02-01 06:00:00,2022-02-01 10:00:00,0.653,0.65324,2022-02-04 10:00:00,0.65502,0.66086,0.648722,2022-02-08 10:00:00,0.66086,win,0.9272785011114533,wickdiffs_3D_H4_ALL_20260121_202249.csv,55.55909090909092,1.0
3D,ALL,H4,H12,AUDCHF,long,2022-09-15,2022-09-20,0.63408,0.6486,0.014519999999999977,2022-09-22 01:00:00,2022-09-22 05:00:00,0.63408,0.63611,2022-09-27 09:00:00,0.63834,0.6631199999999999,0.6122557894736843,2023-03-09 22:00:00,0.6122557894736843,loss,-1.0,wickdiffs_3D_H4_ALL_20260121_202249.csv,67.10000000000004,1.0
3D,ALL,H4,H12,AUDCHF,long,2023-02-13,2023-02-16,0.63414,0.63775,0.003610000000000002,2023-02-17 18:00:00,2023-02-19 22:00:00,0.63506,0.63562,2023-02-21 10:00:00,0.63608,0.64136,0.6297672727272727,2023-02-27 10:00:00,0.6297672727272727,loss,-1.0,wickdiffs_3D_H4_ALL_20260121_202249.csv,63.12727272727273,1.0
3D,ALL,H4,H12,AUDCHF,long,2023-07-13,2023-07-18,0.57994,0.58638,0.006440000000000001,2023-07-19 17:00:00,2023-07-19 21:00:00,0.58072,0.58113,2023-07-26 09:00:00,0.58184,0.59282,0.5702821052631579,2023-08-07 21:00:00,0.5702821052631579,loss,-1.0,wickdiffs_3D_H4_ALL_20260121_202249.csv,51.08636363636376,1.0
3D,ALL,H4,H12,AUDCHF,long,2024-08-01,2024-08-06,0.53656,0.55362,0.017059999999999964,2024-08-06 09:00:00,2024-08-06 13:00:00,0.55163,0.55204,2025-03-04 10:00:00,0.55782,0.57068,0.534854,2025-04-03 21:00:00,0.534854,loss,-1.0,wickdiffs_3D_H4_ALL_20260121_202249.csv,43.38939393939392,1.0
3D,ALL,H4,H12,AUDCHF,long,2024-11-22,2024-11-27,0.57126,0.57407,0.002809999999999979,2024-11-29 10:00:00,2024-11-29 14:00:00,0.5723,0.57238,2024-12-02 10:00:00,0.5741,0.57688,0.5691984848484849,2024-12-03 22:00:00,0.5691984848484849,loss,-1.0,wickdiffs_3D_H4_ALL_20260121_202249.csv,49.0151515151514,1.0
3D,ALL,H4,H12,AUDCHF,long,2025-01-14,2025-01-17,0.56361,0.5658,0.0021899999999999142,2025-01-17 10:00:00,2025-01-17 14:00:00,0.56361,0.5637,2025-01-28 22:00:00,0.56432,0.5679899999999999,0.5598231818181819,2025-01-31 10:00:00,0.5679899999999999,win,0.8161326190235173,wickdiffs_3D_H4_ALL_20260121_202249.csv,44.96818181818177,1.0
3D,ALL,H4,H12,AUDCHF,long,2025-04-24,2025-04-29,0.52274,0.52759,0.004850000000000021,2025-05-01 05:00:00,2025-05-01 09:00:00,0.52738,0.52748,2025-06-02 21:00:00,0.52864,0.53244,0.521599696969697,2025-06-03 09:00:00,0.53244,win,0.5397494942538666,wickdiffs_3D_H4_ALL_20260121_202249.csv,70.4030303030303,1.0
3D,ALL,H4,H12,AUDCHF,long,2025-05-07,2025-05-12,0.52818,0.53585,0.007670000000000066,2025-05-08 21:00:00,2025-05-09 01:00:00,0.5309,0.531,2025-05-20 21:00:00,0.5316,0.5435200000000001,0.5190526315789472,2025-07-01 09:00:00,0.5190526315789472,loss,-1.0,wickdiffs_3D_H4_ALL_20260121_202249.csv,70.47121212121215,1.0
3D,ALL,H4,H12,AUDCHF,long,2025-06-26,2025-07-01,0.51865,0.52186,0.003209999999999935,2025-07-03 01:00:00,2025-07-03 05:00:00,0.51954,0.51972,2025-07-04 09:00:00,0.5205,0.5250699999999999,0.5137799999999999,2025-07-10 09:00:00,0.5250699999999999,win,0.680059523809518,wickdiffs_3D_H4_ALL_20260121_202249.csv,67.20000000000003,1.0
3D,ALL,H4,H12,AUDCHF,long,2025-07-04,2025-07-09,0.51676,0.52007,0.003310000000000035,2025-07-09 21:00:00,2025-07-10 01:00:00,0.51786,0.51846,2025-07-21 21:00:00,0.51893,0.5233800000000001,0.5142325757575757,2025-07-23 09:00:00,0.5233800000000001,win,0.9473276779666615,wickdiffs_3D_H4_ALL_20260121_202249.csv,46.97424242424246,1.0
3D,ALL,H4,H12,AUDCHF,short,2015-10-06,2015-10-09,0.701315,0.70969,0.008375000000000021,2015-10-12 17:00:00,2015-10-12 21:00:00,0.7089,0.70941,2015-10-22 21:00:00,0.70688,0.69294,0.7215536842105262,2015-11-17 10:00:00,0.7215536842105262,loss,-1.0,wickdiffs_3D_H4_ALL_20260121_202249.csv,101.7037878787879,1.0
3D,ALL,H4,H12,AUDCHF,short,2016-12-07,2016-12-12,0.75754,0.76272,0.005179999999999962,2016-12-12 10:00:00,2016-12-12 14:00:00,0.76131,0.76208,2016-12-15 10:00:00,0.75792,0.75236,0.7655613636363636,2016-12-16 10:00:00,0.75236,win,0.7276188210100545,wickdiffs_3D_H4_ALL_20260121_202249.csv,76.41363636363633,1.0
3D,ALL,H4,H12,AUDCHF,short,2017-09-01,2017-09-06,0.76374,0.76949,0.005750000000000033,2017-09-01 13:00:00,2017-09-01 17:00:00,0.76944,0.76949,2017-09-11 21:00:00,0.768275,0.7579899999999999,0.7791013157894738,2017-09-20 09:00:00,0.7791013157894738,loss,-1.0,wickdiffs_3D_H4_ALL_20260121_202249.csv,66.64469696969697,1.0
3D,ALL,H4,H12,AUDCHF,short,2017-09-11,2017-09-14,0.76999,0.77554,0.005550000000000055,2017-09-18 01:00:00,2017-09-18 05:00:00,0.77136,0.77142,2017-09-19 09:00:00,0.770905,0.7644399999999999,0.7777102631578947,2017-09-20 09:00:00,0.7777102631578947,loss,-1.0,wickdiffs_3D_H4_ALL_20260121_202249.csv,67.28560606060607,1.0
3D,ALL,H4,H12,AUDCHF,short,2017-12-04,2017-12-07,0.748685,0.7545,0.005814999999999904,2017-12-06 06:00:00,2017-12-06 10:00:00,0.7506,0.7514,2017-12-12 10:00:00,0.74946,0.7428700000000001,0.756396842105263,2017-12-13 22:00:00,0.756396842105263,loss,-1.0,wickdiffs_3D_H4_ALL_20260121_202249.csv,56.50606060606069,1.0
3D,ALL,H4,H12,AUDCHF,short,2018-04-24,2018-04-27,0.74705,0.74911,0.0020600000000000618,2018-04-27 17:00:00,2018-04-29 21:00:00,0.74909,0.7491,2018-05-02 09:00:00,0.74876,0.7449899999999999,0.7549840909090909,2018-05-08 09:00:00,0.7449899999999999,win,0.6057109471993077,wickdiffs_3D_H4_ALL_20260121_202249.csv,62.24090909090903,1.0
3D,ALL,H4,H12,AUDCHF,short,2018-09-26,2018-10-01,0.70858,0.71246,0.0038799999999999946,2018-10-01 21:00:00,2018-10-02 01:00:00,0.71198,0.71246,2018-10-19 09:00:00,0.70906,0.7047,0.7146901515151516,2018-10-22 21:00:00,0.7047,win,0.7744018945612156,wickdiffs_3D_H4_ALL_20260121_202249.csv,56.30151515151513,1.0
3D,ALL,H4,H12,AUDCHF,short,2018-11-02,2018-11-07,0.72633,0.73206,0.005730000000000013,2018-11-08 14:00:00,2018-11-08 18:00:00,0.73172,0.73206,2018-11-14 22:00:00,0.7316,0.7206,0.743178947368421,2018-11-20 10:00:00,0.7206,win,0.95,wickdiffs_3D_H4_ALL_20260121_202249.csv,56.03787878787877,1.0
3D,ALL,H4,H12,AUDCHF,short,2019-05-20,2019-05-23,0.6948,0.70084,0.006040000000000045,2019-05-20 21:00:00,2019-05-21 01:00:00,0.69884,0.69894,2019-05-28 09:00:00,0.69768,0.6887599999999999,0.7070694736842106,2019-06-10 09:00:00,0.6887599999999999,win,0.95,wickdiffs_3D_H4_ALL_20260121_202249.csv,49.13636363636363,1.0
3D,ALL,H4,H12,AUDCHF,short,2020-06-12,2020-06-17,0.65532,0.66201,0.006689999999999974,2020-06-19 09:00:00,2020-06-19 13:00:00,0.65554,0.65606,2020-06-22 09:00:00,0.65467,0.64863,0.6639160606060606,2020-07-21 09:00:00,0.6639160606060606,loss,-1.0,wickdiffs_3D_H4_ALL_20260121_202249.csv,92.46060606060604,1.0
3D,ALL,H4,H12,AUDCHF,short,2020-08-06,2020-08-11,0.6546,0.65964,0.0050400000000000444,2020-08-07 05:00:00,2020-08-07 09:00:00,0.65932,0.65964,2020-08-19 09:00:00,0.6572,0.6495599999999999,0.665242105263158,2020-08-28 09:00:00,0.665242105263158,loss,-1.0,wickdiffs_3D_H4_ALL_20260121_202249.csv,63.95606060606064,1.0
3D,ALL,H4,H12,AUDCHF,short,2020-08-14,2020-08-19,0.65457,0.6603,0.005730000000000013,2020-08-19 13:00:00,2020-08-19 17:00:00,0.66022,0.6603,2020-08-27 09:00:00,0.65994,0.64884,0.6716242105263157,2020-10-14 21:00:00,0.64884,win,0.95,wickdiffs_3D_H4_ALL_20260121_202249.csv,63.04848484848485,1.0
3D,ALL,H4,H12,AUDCHF,short,2020-09-04,2020-09-09,0.66215,0.67008,0.007929999999999993,2020-09-09 13:00:00,2020-09-09 17:00:00,0.66532,0.6655,2020-09-15 09:00:00,0.66306,0.65422,0.6723652631578947,2020-09-23 09:00:00,0.65422,win,0.9499999999999998,wickdiffs_3D_H4_ALL_20260121_202249.csv,52.55606060606056,1.0
3D,ALL,H4,H12,AUDCHF,short,2020-11-24,2020-11-27,0.6673,0.67156,0.0042600000000000415,2020-11-25 06:00:00,2020-11-25 10:00:00,0.67082,0.67108,2020-12-10 22:00:00,0.668,0.66304,0.6732781818181819,2020-12-16 22:00:00,0.6732781818181819,loss,-1.0,wickdiffs_3D_H4_ALL_20260121_202249.csv,52.78181818181818,1.0
3D,ALL,H4,H12,AUDCHF,short,2021-06-02,2021-06-07,0.69586,0.69836,0.0024999999999999467,2021-06-07 09:00:00,2021-06-07 13:00:00,0.69805,0.69836,2021-06-27 21:00:00,0.69622,0.6933600000000001,0.7008071212121212,2021-06-28 21:00:00,0.6933600000000001,win,0.6234847233690866,wickdiffs_3D_H4_ALL_20260121_202249.csv,45.87121212121212,1.0
3D,ALL,H4,H12,AUDCHF,short,2021-09-23,2021-09-28,0.67466,0.67746,0.0027999999999999137,2021-09-28 01:00:00,2021-09-28 05:00:00,0.67714,0.67746,2021-10-03 21:00:00,0.67482,0.6718600000000001,0.680145303030303,2021-10-04 21:00:00,0.6718600000000001,win,0.5558369135345556,wickdiffs_3D_H4_ALL_20260121_202249.csv,53.25303030303029,1.0
3D,ALL,H4,H12,AUDCHF,short,2022-02-04,2022-02-09,0.66118,0.66916,0.007979999999999987,2022-02-11 14:00:00,2022-02-11 18:00:00,0.66516,0.66517,2022-02-17 22:00:00,0.6642,0.6532,0.675778947368421,2022-03-03 22:00:00,0.675778947368421,loss,-1.0,wickdiffs_3D_H4_ALL_20260121_202249.csv,56.19393939393944,1.0
3D,ALL,H4,H12,AUDCHF,short,2022-08-25,2022-08-30,0.66816,0.67506,0.006900000000000017,2022-08-31 09:00:00,2022-08-31 13:00:00,0.67225,0.67272,2022-09-02 09:00:00,0.66812,0.66126,0.67575,2022-09-06 21:00:00,0.66126,win,0.899082568807361,wickdiffs_3D_H4_ALL_20260121_202249.csv,71.19848484848487,1.0
3D,ALL,H4,H12,AUDCHF,short,2023-11-16,2023-11-21,0.58033,0.58186,0.0015300000000000313,2023-11-21 10:00:00,2023-11-21 14:00:00,0.58169,0.58173,2023-11-26 22:00:00,0.58145,0.5788,0.5857695454545455,2023-11-29 10:00:00,0.5788,win,0.6134904766915797,wickdiffs_3D_H4_ALL_20260121_202249.csv,43.1954545454546,1.0
3D,ALL,H4,H12,AUDCHF,short,2024-03-25,2024-03-28,0.59058,0.5922,0.0016199999999999548,2024-03-27 09:00:00,2024-03-27 13:00:00,0.59184,0.59197,2024-04-02 09:00:00,0.59181,0.58896,0.5956321212121212,2024-04-03 21:00:00,0.5956321212121212,loss,-1.0,wickdiffs_3D_H4_ALL_20260121_202249.csv,38.22121212121209,1.0
3D,ALL,H4,H12,AUDCHF,short,2024-05-01,2024-05-06,0.59822,0.60212,0.0039000000000000146,2024-05-06 21:00:00,2024-05-07 01:00:00,0.60185,0.60212,2024-05-14 21:00:00,0.60146,0.59432,0.6089757894736842,2024-05-19 21:00:00,0.6089757894736842,loss,-1.0,wickdiffs_3D_H4_ALL_20260121_202249.csv,39.80454545454539,1.0
3D,ALL,H4,H12,AUDCHF,short,2024-11-06,2024-11-11,0.57683,0.58332,0.006489999999999996,2024-11-12 06:00:00,2024-11-12 10:00:00,0.5776,0.57824,2024-11-21 10:00:00,0.57739,0.57034,0.584811052631579,2024-12-03 22:00:00,0.57034,win,0.95,wickdiffs_3D_H4_ALL_20260121_202249.csv,49.1969696969696,1.0
3D,ALL,H4,H12,AUDCHF,short,2025-04-21,2025-04-24,0.52812,0.53418,0.006059999999999954,2025-04-25 01:00:00,2025-04-25 05:00:00,0.53362,0.53418,2025-05-02 09:00:00,0.53312,0.5220600000000001,0.5447621052631579,2025-05-13 09:00:00,0.5447621052631579,loss,-1.0,wickdiffs_3D_H4_ALL_20260121_202249.csv,68.30303030303033,1.0
3D,ALL,H4,H12,AUDJPY,long,2015-01-09,2015-01-14,94.2575,96.299,2.0415000000000134,2015-01-14 10:00:00,2015-01-14 14:00:00,94.8165,94.9025,2015-01-22 10:00:00,95.1205,98.34050000000002,91.73102631578946,2015-01-29 10:00:00,91.73102631578946,loss,-1.0,wickdiffs_3D_H4_ALL_20260121_202249.csv,107.5022727272727,1.0
3D,ALL,H4,H12,AUDJPY,long,2015-04-13,2015-04-16,90.473,91.525,1.0520000000000067,2015-04-15 05:00:00,2015-04-15 09:00:00,90.4835,90.6285,2015-07-07 09:00:00,91.332,92.57700000000001,90.0214736842105,2015-07-07 21:00:00,90.0214736842105,loss,-1.0,wickdiffs_3D_H4_ALL_20260121_202249.csv,98.0666666666666,1.0
3D,ALL,H4,H12,AUDJPY,long,2015-08-07,2015-08-12,90.36,91.3855,1.0254999999999939,2015-08-13 09:00:00,2015-08-13 13:00:00,91.155,91.289,2015-08-17 21:00:00,91.3205,92.41099999999999,90.1726052631579,2015-08-20 21:00:00,90.1726052631579,loss,-1.0,wickdiffs_3D_H4_ALL_20260121_202249.csv,97.74393939393946,1.0
3D,ALL,H4,H12,AUDJPY,long,2015-10-09,2015-10-14,86.088,86.7555,0.667500000000004,2015-10-13 21:00:00,2015-10-14 01:00:00,86.088,86.2035,2015-10-21 21:00:00,86.487,87.423,85.19121212121212,2015-10-22 21:00:00,87.423,win,0.722340450410426,wickdiffs_3D_H4_ALL_20260121_202249.csv,129.5787878787879,1.0
3D,ALL,H4,H12,AUDJPY,long,2016-05-03,2016-05-06,78.182,80.066,1.8840000000000003,2016-05-09 21:00:00,2016-05-10 01:00:00,79.122,79.168,2016-05-12 21:00:00,79.275,81.95,76.4592105263158,2016-06-15 21:00:00,76.4592105263158,loss,-1.0,wickdiffs_3D_H4_ALL_20260121_202249.csv,139.4628787878787,1.0
3D,ALL,H4,H12,AUDJPY,long,2016-06-22,2016-06-27,72.506,76.363,3.8569999999999993,2016-06-29 13:00:00,2016-06-29 17:00:00,76.11,76.244,2016-06-30 09:00:00,76.886,80.22,72.1203,2016-07-12 09:00:00,80.22,win,0.6995824328010589,wickdiffs_3D_H4_ALL_20260121_202249.csv,137.9060606060606,1.0
3D,ALL,H4,H12,AUDJPY,long,2016-07-13,2016-07-18,78.856,79.433,0.5770000000000124,2016-07-13 01:00:00,2016-07-13 05:00:00,78.856,78.926,2016-07-22 09:00:00,79.202,80.01000000000002,77.79418939393939,2016-07-28 21:00:00,77.79418939393939,loss,-1.0,wickdiffs_3D_H4_ALL_20260121_202249.csv,140.7810606060605,1.0
3D,ALL,H4,H12,AUDJPY,long,2016-12-28,2017-01-02,83.748,84.265,0.5169999999999959,2016-12-29 14:00:00,2016-12-29 18:00:00,83.904,83.93,2017-03-27 09:00:00,84.2935,84.782,83.50315909090908,2017-03-28 09:00:00,84.782,win,0.6180877066858405,wickdiffs_3D_H4_ALL_20260121_202249.csv,79.03409090909085,1.0
3D,ALL,H4,H12,AUDJPY,long,2017-05-29,2017-06-01,81.908,82.3085,0.40049999999999386,2017-06-04 21:00:00,2017-06-05 01:00:00,81.928,81.984,2017-06-06 09:00:00,82.128,82.70899999999999,81.31591666666667,2017-06-07 09:00:00,82.70899999999999,win,0.7154438173422133,wickdiffs_3D_H4_ALL_20260121_202249.csv,81.2083333333333,1.0
3D,ALL,H4,H12,AUDJPY,long,2018-01-22,2018-01-25,87.709,88.0625,0.3534999999999968,2018-01-25 18:00:00,2018-01-25 22:00:00,87.709,87.762,2018-01-30 10:00:00,87.9345,88.416,87.32323484848484,2018-01-31 10:00:00,88.416,win,0.7877105357740357,wickdiffs_3D_H4_ALL_20260121_202249.csv,61.12651515151512,1.0
3D,ALL,H4,H12,AUDJPY,long,2018-02-28,2018-03-05,81.491,82.083,0.5919999999999987,2018-03-05 10:00:00,2018-03-05 14:00:00,81.694,81.743,2018-03-16 09:00:00,81.765,82.675,80.8071052631579,2018-03-22 21:00:00,80.8071052631579,loss,-1.0,wickdiffs_3D_H4_ALL_20260121_202249.csv,78.61590909090908,1.0
3D,ALL,H4,H12,AUDJPY,long,2018-05-28,2018-05-31,81.029,82.526,1.4969999999999999,2018-05-31 13:00:00,2018-05-31 17:00:00,82.038,82.073,2018-06-17 21:00:00,82.35,84.023,80.58894736842105,2018-08-12 21:00:00,80.58894736842105,loss,-1.0,wickdiffs_3D_H4_ALL_20260121_202249.csv,78.64621212121217,1.0
3D,ALL,H4,H12,AUDJPY,long,2018-10-09,2018-10-12,79.059,79.897,0.8380000000000081,2018-10-16 01:00:00,2018-10-16 05:00:00,79.736,79.773,2018-10-17 09:00:00,80.085,80.73500000000001,78.9752,2018-10-25 21:00:00,78.9752,loss,-1.0,wickdiffs_3D_H4_ALL_20260121_202249.csv,74.72121212121229,1.0
3D,ALL,H4,H12,AUDJPY,long,2019-01-14,2019-01-17,77.566,78.202,0.6359999999999957,2019-01-14 02:00:00,2019-01-14 06:00:00,77.566,77.596,2019-01-24 22:00:00,77.94,78.838,76.99473684210527,2019-01-30 10:00:00,78.838,win,0.95,wickdiffs_3D_H4_ALL_20260121_202249.csv,89.24393939393943,1.0
3D,ALL,H4,H12,AUDJPY,long,2019-02-20,2019-02-25,78.336,78.904,0.5679999999999978,2019-02-21 14:00:00,2019-02-21 18:00:00,78.336,78.339,2019-03-06 22:00:00,78.698,79.472,77.83819696969697,2019-03-07 22:00:00,77.83819696969697,loss,-1.0,wickdiffs_3D_H4_ALL_20260121_202249.csv,85.98030303030306,1.0
3D,ALL,H4,H12,AUDJPY,long,2019-03-21,2019-03-26,77.543,78.21,0.6669999999999874,2019-03-28 13:00:00,2019-03-28 17:00:00,78.159,78.182,2019-04-25 09:00:00,78.33,78.87699999999998,77.47630000000001,2019-04-29 09:00:00,78.87699999999998,win,0.6407403068993671,wickdiffs_3D_H4_ALL_20260121_202249.csv,65.84848484848477,1.0
3D,ALL,H4,H12,AUDJPY,long,2019-07-09,2019-07-12,75.185,75.68,0.49500000000000455,2019-07-14 21:00:00,2019-07-15 01:00:00,75.622,75.659,2019-07-17 21:00:00,75.774,76.17500000000001,75.13550000000001,2019-07-26 09:00:00,75.13550000000001,loss,-1.0,wickdiffs_3D_H4_ALL_20260121_202249.csv,56.32272727272736,1.0
3D,ALL,H4,H12,AUDJPY,long,2019-08-12,2019-08-15,70.902,71.463,0.5609999999999928,2019-08-13 09:00:00,2019-08-13 13:00:00,71.023,71.056,2019-08-23 09:00:00,71.185,72.02399999999999,70.30184210526318,2019-08-25 21:00:00,70.30184210526318,loss,-1.0,wickdiffs_3D_H4_ALL_20260121_202249.csv,59.50151515151529,1.0
3D,ALL,H4,H12,AUDJPY,long,2019-08-23,2019-08-28,69.964,71.408,1.4440000000000026,2019-08-29 01:00:00,2019-08-29 05:00:00,71.12,71.198,2019-09-02 21:00:00,71.324,72.852,69.71557894736841,2019-09-05 09:00:00,72.852,win,0.95,wickdiffs_3D_H4_ALL_20260121_202249.csv,63.67575757575768,1.0
3D,ALL,H4,H12,AUDJPY,long,2020-01-06,2020-01-09,73.759,74.928,1.168999999999997,2020-01-08 18:00:00,2020-01-08 22:00:00,74.842,74.845,2020-01-23 10:00:00,74.99,76.097,73.6421,2020-01-27 10:00:00,73.6421,loss,-1.0,wickdiffs_3D_H4_ALL_20260121_202249.csv,55.20151515151515,1.0
3D,ALL,H4,H12,AUDJPY,long,2020-01-30,2020-02-04,72.414,72.731,0.31699999999999307,2020-01-31 18:00:00,2020-02-02 22:00:00,72.414,72.445,2020-02-25 22:00:00,72.528,73.04799999999999,71.92803030303031,2020-02-27 22:00:00,71.92803030303031,loss,-1.0,wickdiffs_3D_H4_ALL_20260121_202249.csv,59.99696969696979,1.0
3D,ALL,H4,H12,AUDJPY,long,2021-03-23,2021-03-26,82.288,82.769,0.48100000000000875,2021-03-24 17:00:00,2021-03-24 21:00:00,82.409,82.422,2021-06-20 21:00:00,82.438,83.25000000000001,81.58326315789472,2021-06-21 21:00:00,83.25000000000001,win,0.95,wickdiffs_3D_H4_ALL_20260121_202249.csv,63.49848484848496,1.0
3D,ALL,H4,H12,AUDJPY,long,2021-06-07,2021-06-10,84.39,84.77,0.37999999999999545,2021-06-14 05:00:00,2021-06-14 09:00:00,84.475,84.523,2021-06-15 09:00:00,84.612,85.14999999999999,83.98466666666666,2021-06-17 09:00:00,83.98466666666666,loss,-1.0,wickdiffs_3D_H4_ALL_20260121_202249.csv,62.73333333333346,1.0
3D,ALL,H4,H12,AUDJPY,long,2021-06-28,2021-07-01,82.816,83.321,0.5049999999999955,2021-06-30 05:00:00,2021-06-30 09:00:00,82.816,82.82,2021-07-06 09:00:00,82.912,83.826,81.94989473684213,2021-07-07 21:00:00,81.94989473684213,loss,-1.0,wickdiffs_3D_H4_ALL_20260121_202249.csv,60.09393939393948,1.0
3D,ALL,H4,H12,AUDJPY,long,2021-09-20,2021-09-23,78.849,79.522,0.6730000000000018,2021-09-21 17:00:00,2021-09-21 21:00:00,78.849,78.928,2021-12-03 10:00:00,78.952,80.19500000000001,77.64357894736841,2021-12-06 22:00:00,80.19500000000001,win,0.95,wickdiffs_3D_H4_ALL_20260121_202249.csv,79.98939393939379,1.0
3D,ALL,H4,H12,AUDJPY,long,2022-07-01,2022-07-06,91.426,92.369,0.9429999999999978,2022-07-08 01:00:00,2022-07-08 05:00:00,92.336,92.355,2022-07-11 09:00:00,92.55,93.312,91.14878787878787,2022-07-13 09:00:00,93.312,win,0.5438148788927333,wickdiffs_3D_H4_ALL_20260121_202249.csv,140.1212121212123,1.0
3D,ALL,H4,H12,AUDJPY,long,2023-01-13,2023-01-18,88.118,89.526,1.4080000000000013,2023-01-19 02:00:00,2023-01-19 06:00:00,88.118,88.12,2023-03-13 09:00:00,88.851,90.934,86.65836842105263,2023-03-23 21:00:00,86.65836842105263,loss,-1.0,wickdiffs_3D_H4_ALL_20260121_202249.csv,110.6257575757576,1.0
3D,ALL,H4,H12,AUDJPY,long,2024-02-28,2024-03-04,97.354,97.977,0.6230000000000047,2024-02-29 06:00:00,2024-02-29 10:00:00,97.354,97.361,2024-03-08 10:00:00,97.442,98.60000000000001,96.22305263157892,2024-03-19 09:00:00,98.60000000000001,win,0.95,wickdiffs_3D_H4_ALL_20260121_202249.csv,72.3242424242425,1.0
3D,ALL,H4,H12,AUDJPY,long,2024-11-14,2024-11-19,99.421,100.614,1.1929999999999978,2024-11-19 06:00:00,2024-11-19 10:00:00,99.487,99.646,2024-11-25 22:00:00,99.826,101.807,97.74073684210525,2024-11-27 10:00:00,97.74073684210525,loss,-1.0,wickdiffs_3D_H4_ALL_20260121_202249.csv,113.7818181818182,1.0
3D,ALL,H4,H12,AUDJPY,short,2015-04-08,2015-04-13,92.308,93.06,0.7519999999999953,2015-04-09 21:00:00,2015-04-10 01:00:00,93.005,93.06,2015-04-16 09:00:00,92.8615,91.55600000000001,94.23571052631578,2015-04-28 09:00:00,94.23571052631578,loss,-1.0,wickdiffs_3D_H4_ALL_20260121_202249.csv,116.0083333333333,1.0
3D,ALL,H4,H12,AUDJPY,short,2015-05-04,2015-05-07,95.183,95.9405,0.7574999999999932,2015-05-06 09:00:00,2015-05-06 13:00:00,95.8805,95.9405,2015-05-12 09:00:00,95.613,94.42550000000001,96.86299999999999,2015-05-13 21:00:00,96.86299999999999,loss,-1.0,wickdiffs_3D_H4_ALL_20260121_202249.csv,100.4,1.0
3D,ALL,H4,H12,AUDJPY,short,2015-05-12,2015-05-15,96.298,97.2995,1.001499999999993,2015-05-14 09:00:00,2015-05-14 13:00:00,96.7445,96.827,2015-06-02 21:00:00,96.66,95.29650000000001,98.09526315789472,2015-06-08 21:00:00,95.29650000000001,win,0.95,wickdiffs_3D_H4_ALL_20260121_202249.csv,96.80378787878774,1.0
3D,ALL,H4,H12,AUDJPY,short,2015-09-15,2015-09-18,86.089,87.5135,1.4244999999999948,2015-09-18 09:00:00,2015-09-18 13:00:00,86.822,86.868,2015-10-07 09:00:00,86.509,84.6645,88.45057894736841,2015-10-11 21:00:00,88.45057894736841,loss,-1.0,wickdiffs_3D_H4_ALL_20260121_202249.csv,132.0939393939395,1.0
3D,ALL,H4,H12,AUDJPY,short,2016-02-12,2016-02-17,81.122,82.432,1.3100000000000023,2016-02-17 18:00:00,2016-02-17 22:00:00,82.01,82.032,2016-02-22 10:00:00,81.6045,79.812,83.49134210526316,2016-02-24 10:00:00,79.812,win,0.95,wickdiffs_3D_H4_ALL_20260121_202249.csv,139.6992424242425,1.0
3D,ALL,H4,H12,AUDJPY,short,2016-02-22,2016-02-25,80.709,82.028,1.3190000000000026,2016-02-26 10:00:00,2016-02-26 14:00:00,81.842,81.993,2016-03-01 10:00:00,81.788,79.39,84.31221052631578,2016-03-04 10:00:00,84.31221052631578,loss,-1.0,wickdiffs_3D_H4_ALL_20260121_202249.csv,145.3583333333334,1.0
3D,ALL,H4,H12,AUDJPY,short,2016-05-16,2016-05-19,79.663,80.564,0.9009999999999962,2016-05-20 09:00:00,2016-05-20 13:00:00,79.876,79.958,2016-05-29 21:00:00,79.804,78.762,81.0546893939394,2016-06-01 21:00:00,78.762,win,0.8331405103851833,wickdiffs_3D_H4_ALL_20260121_202249.csv,125.0689393939393,1.0
3D,ALL,H4,H12,AUDJPY,short,2016-09-30,2016-10-05,78.4125,79.018,0.6055000000000064,2016-10-06 17:00:00,2016-10-06 21:00:00,78.903,78.962,2016-10-10 09:00:00,78.815,77.80699999999999,79.87605263157896,2016-10-11 09:00:00,77.80699999999999,win,0.95,wickdiffs_3D_H4_ALL_20260121_202249.csv,92.49469696969696,1.0
3D,ALL,H4,H12,AUDJPY,short,2016-10-21,2016-10-26,79.6825,80.314,0.6314999999999884,2016-10-28 13:00:00,2016-10-28 17:00:00,79.965,79.998,2016-10-31 09:00:00,79.7605,79.05100000000002,80.5734393939394,2016-10-31 21:00:00,80.5734393939394,loss,-1.0,wickdiffs_3D_H4_ALL_20260121_202249.csv,81.2939393939395,1.0
3D,ALL,H4,H12,AUDJPY,short,2017-01-02,2017-01-05,85.399,85.921,0.5220000000000056,2017-01-09 02:00:00,2017-01-09 06:00:00,85.915,85.921,2017-01-11 10:00:00,85.883,84.877,86.94194736842105,2017-01-19 10:00:00,86.94194736842105,loss,-1.0,wickdiffs_3D_H4_ALL_20260121_202249.csv,96.65833333333336,1.0
3D,ALL,H4,H12,AUDJPY,short,2017-03-01,2017-03-06,86.621,87.486,0.8650000000000091,2017-03-07 02:00:00,2017-03-07 06:00:00,86.836,86.918,2017-03-09 22:00:00,86.8335,85.75599999999999,87.96771052631581,2017-03-21 21:00:00,85.75599999999999,win,0.95,wickdiffs_3D_H4_ALL_20260121_202249.csv,82.21439393939389,1.0
3D,ALL,H4,H12,AUDJPY,short,2019-04-11,2019-04-16,80.364,80.718,0.3539999999999992,2019-04-17 05:00:00,2019-04-17 09:00:00,80.68,80.684,2021-01-07 10:00:00,80.652,80.01,81.3277894736842,2021-01-11 10:00:00,80.01,win,0.95,wickdiffs_3D_H4_ALL_20260121_202249.csv,66.17424242424244,1.0
3D,ALL,H4,H12,AUDJPY,short,2019-12-11,2019-12-16,75.182,75.979,0.796999999999997,2019-12-16 14:00:00,2019-12-16 18:00:00,75.56,75.63,2019-12-20 10:00:00,75.529,74.385,76.73321052631577,2020-01-07 10:00:00,74.385,win,0.95,wickdiffs_3D_H4_ALL_20260121_202249.csv,59.53484848484842,1.0
3D,ALL,H4,H12,AUDJPY,short,2020-02-04,2020-02-07,74.044,74.391,0.3470000000000084,2020-02-06 10:00:00,2020-02-06 14:00:00,74.236,74.282,2020-02-12 10:00:00,74.172,73.69699999999999,74.7670303030303,2020-02-12 22:00:00,73.69699999999999,win,0.7982786718272696,wickdiffs_3D_H4_ALL_20260121_202249.csv,59.50303030303036,1.0
3D,ALL,H4,H12,AUDJPY,short,2020-06-04,2020-06-09,76.125,76.79,0.6650000000000063,2020-06-08 05:00:00,2020-06-08 09:00:00,76.634,76.668,2020-07-22 09:00:00,76.514,75.46,77.62347368421052,2020-07-23 21:00:00,75.46,win,0.9499999999999998,wickdiffs_3D_H4_ALL_20260121_202249.csv,93.44848484848478,1.0
3D,ALL,H4,H12,AUDJPY,short,2020-07-03,2020-07-08,74.691,75.161,0.46999999999999886,2020-07-06 09:00:00,2020-07-06 13:00:00,75.064,75.127,2020-07-14 21:00:00,74.854,74.221,75.81619696969697,2020-07-21 09:00:00,75.81619696969697,loss,-1.0,wickdiffs_3D_H4_ALL_20260121_202249.csv,96.21969696969688,1.0
3D,ALL,H4,H12,AUDJPY,short,2020-08-03,2020-08-06,75.936,76.441,0.5049999999999955,2020-08-07 05:00:00,2020-08-07 09:00:00,76.258,76.268,2020-08-11 09:00:00,76.069,75.43100000000001,76.96124242424243,2020-08-26 21:00:00,76.96124242424243,loss,-1.0,wickdiffs_3D_H4_ALL_20260121_202249.csv,89.22424242424235,1.0
3D,ALL,H4,H12,AUDJPY,short,2022-01-11,2022-01-14,83.111,83.747,0.6359999999999957,2022-01-13 06:00:00,2022-01-13 10:00:00,83.744,83.747,2022-02-10 10:00:00,83.154,82.47500000000001,83.99990909090909,2022-02-11 10:00:00,82.47500000000001,win,0.8026867275658119,wickdiffs_3D_H4_ALL_20260121_202249.csv,84.59090909090894,1.0
3D,ALL,H4,H12,AUDJPY,short,2022-02-04,2022-02-09,82.578,83.992,1.4140000000000015,2022-02-11 14:00:00,2022-02-11 18:00:00,83.242,83.255,2022-02-16 22:00:00,82.812,81.164,84.54673684210526,2022-03-02 22:00:00,84.54673684210526,loss,-1.0,wickdiffs_3D_H4_ALL_20260121_202249.csv,87.65151515151501,1.0
3D,ALL,H4,H12,AUDJPY,short,2022-03-23,2022-03-28,91.756,94.324,2.567999999999998,2022-03-28 05:00:00,2022-03-28 09:00:00,93.904,94.324,2022-04-05 09:00:00,93.658,89.188,98.36326315789474,2022-05-11 21:00:00,89.188,win,0.95,wickdiffs_3D_H4_ALL_20260121_202249.csv,99.52575757575754,1.0
3D,ALL,H4,H12,AUDJPY,short,2022-06-07,2022-06-10,95.353,96.884,1.531000000000006,2022-06-10 05:00:00,2022-06-10 09:00:00,95.494,95.54,2022-07-19 21:00:00,95.48,93.82199999999999,97.22526315789476,2022-07-28 09:00:00,93.82199999999999,win,0.95,wickdiffs_3D_H4_ALL_20260121_202249.csv,143.598484848485,1.0
3D,ALL,H4,H12,AUDJPY,short,2022-07-19,2022-07-22,95.25,95.759,0.5090000000000003,2022-07-21 09:00:00,2022-07-21 13:00:00,95.572,95.601,2022-07-27 09:00:00,95.541,94.741,96.9394090909091,2022-07-27 21:00:00,94.741,win,0.5720786608158593,wickdiffs_3D_H4_ALL_20260121_202249.csv,139.8409090909093,1.0
3D,ALL,H4,H12,AUDJPY,short,2023-03-14,2023-03-17,89.031,90.198,1.1669999999999874,2023-03-15 01:00:00,2023-03-15 05:00:00,90.046,90.198,2023-04-03 09:00:00,89.85,87.86400000000002,91.94052631578944,2023-04-04 21:00:00,87.86400000000002,win,0.9499999999999998,wickdiffs_3D_H4_ALL_20260121_202249.csv,114.0681818181819,1.0
3D,ALL,H4,H12,AUDJPY,short,2023-09-27,2023-10-02,96.08,96.924,0.8440000000000083,2023-09-29 09:00:00,2023-09-29 13:00:00,96.859,96.924,2023-11-02 09:00:00,96.825,95.23599999999999,98.49763157894739,2023-11-15 10:00:00,98.49763157894739,loss,-1.0,wickdiffs_3D_H4_ALL_20260121_202249.csv,82.17878787878777,1.0
3D,ALL,H4,H12,AUDJPY,short,2024-05-17,2024-05-22,104.112,104.566,0.45400000000000773,2024-05-20 01:00:00,2024-05-20 05:00:00,104.493,104.566,2024-05-27 21:00:00,104.464,103.65799999999999,105.31424242424242,2024-05-29 21:00:00,103.65799999999999,win,0.9479649297883078,wickdiffs_3D_H4_ALL_20260121_202249.csv,85.02424242424256,1.0
3D,ALL,H4,H12,AUDJPY,short,2024-10-08,2024-10-11,100.165,100.952,0.7869999999999919,2024-10-14 13:00:00,2024-10-14 17:00:00,100.823,100.952,2024-10-17 21:00:00,100.626,99.37800000000001,102.07621212121212,2024-11-06 22:00:00,102.07621212121212,loss,-1.0,wickdiffs_3D_H4_ALL_20260121_202249.csv,145.0212121212121,1.0
3D,ALL,H4,H12,AUDJPY,short,2024-10-21,2024-10-24,101.288,101.694,0.4060000000000059,2024-10-23 09:00:00,2024-10-23 13:00:00,101.662,101.694,2024-11-06 10:00:00,101.618,100.88199999999999,102.84518181818181,2024-11-08 10:00:00,100.88199999999999,win,0.5997481294910768,wickdiffs_3D_H4_ALL_20260121_202249.csv,122.7181818181818,1.0
3D,ALL,H4,H12,AUDJPY,short,2025-01-06,2025-01-09,98.399,99.17,0.7710000000000008,2025-01-08 02:00:00,2025-01-08 06:00:00,98.61,98.646,2025-01-23 22:00:00,98.366,97.628,99.41927272727273,2025-01-26 22:00:00,97.628,win,0.7006732263076124,wickdiffs_3D_H4_ALL_20260121_202249.csv,105.3272727272727,1.0
3D,ALL,H4,H12,AUDNZD,long,2015-01-22,2015-01-27,1.058245,1.066885,0.008639999999999981,2015-01-23 10:00:00,2015-01-23 14:00:00,1.058245,1.0585,2015-02-03 10:00:00,1.0587,1.075525,1.0409894736842105,2015-02-12 10:00:00,1.0409894736842105,loss,-1.0,wickdiffs_3D_H4_ALL_20260121_202249.csv,82.55303030303013,1.0
3D,ALL,H4,H12,AUDNZD,long,2016-03-30,2016-04-04,1.10458,1.11192,0.007340000000000124,2016-04-05 13:00:00,2016-04-05 17:00:00,1.1071,1.10711,2016-04-07 09:00:00,1.10744,1.1192600000000001,1.094997894736842,2016-04-13 21:00:00,1.1192600000000001,win,0.9499999999999998,wickdiffs_3D_H4_ALL_20260121_202249.csv,97.9242424242426,1.0
3D,ALL,H4,H12,AUDNZD,long,2017-02-03,2017-02-08,1.03798,1.04464,0.00666000000000011,2017-02-08 14:00:00,2017-02-08 18:00:00,1.04386,1.0442,2017-06-01 09:00:00,1.0446,1.0513000000000001,1.0373139999999998,2017-06-06 21:00:00,1.0513000000000001,win,0.9195717814987695,wickdiffs_3D_H4_ALL_20260121_202249.csv,67.35606060606054,1.0
3D,ALL,H4,H12,AUDNZD,long,2017-07-26,2017-07-31,1.05913,1.062595,0.0034650000000000514,2017-07-30 21:00:00,2017-07-31 01:00:00,1.05913,1.0592,2018-03-26 09:00:00,1.06166,1.06606,1.0549795454545454,2018-03-28 21:00:00,1.06606,win,0.6586378172416087,wickdiffs_3D_H4_ALL_20260121_202249.csv,66.80454545454536,1.0
3D,ALL,H4,H12,AUDNZD,long,2017-12-20,2017-12-25,1.09275,1.09862,0.00586999999999982,2017-12-26 18:00:00,2017-12-26 22:00:00,1.09727,1.09737,2017-12-28 22:00:00,1.09781,1.1044899999999997,1.0907257575757576,2018-01-03 10:00:00,1.1044899999999997,win,0.94293780477369,wickdiffs_3D_H4_ALL_20260121_202249.csv,70.84242424242426,1.0
3D,ALL,H4,H12,AUDNZD,long,2018-02-28,2018-03-05,1.06616,1.07205,0.005889999999999951,2018-03-07 10:00:00,2018-03-07 14:00:00,1.07118,1.0718,2018-03-08 10:00:00,1.07203,1.07794,1.0652603030303032,2018-03-12 09:00:00,1.07794,win,0.8730080572963088,wickdiffs_3D_H4_ALL_20260121_202249.csv,67.69696969696969,1.0
3D,ALL,H4,H12,AUDNZD,long,2018-08-28,2018-08-31,1.08588,1.0912,0.005319999999999991,2018-09-03 21:00:00,2018-09-04 01:00:00,1.08995,1.09069,2018-09-05 09:00:00,1.09154,1.09652,1.085348,2018-09-12 21:00:00,1.09652,win,0.8042635658914735,wickdiffs_3D_H4_ALL_20260121_202249.csv,59.82575757575762,1.0
3D,ALL,H4,H12,AUDNZD,long,2018-11-23,2018-11-28,1.06186,1.06393,0.0020700000000000163,2018-11-30 14:00:00,2018-11-30 18:00:00,1.06186,1.06196,2018-12-03 10:00:00,1.06202,1.066,1.0565369696969698,2018-12-04 22:00:00,1.0565369696969698,loss,-1.0,wickdiffs_3D_H4_ALL_20260121_202249.csv,54.83030303030321,1.0
3D,ALL,H4,H12,AUDNZD,long,2019-02-04,2019-02-07,1.03994,1.04852,0.00857999999999981,2019-02-06 10:00:00,2019-02-06 14:00:00,1.03996,1.04045,2019-02-12 22:00:00,1.04328,1.0570999999999997,1.0287326315789476,2019-03-24 21:00:00,1.0287326315789476,loss,-1.0,wickdiffs_3D_H4_ALL_20260121_202249.csv,62.82575757575742,1.0
3D,ALL,H4,H12,AUDNZD,long,2019-05-02,2019-05-07,1.05414,1.05794,0.0038000000000000256,2019-05-05 21:00:00,2019-05-06 01:00:00,1.05414,1.05438,2019-05-14 21:00:00,1.05532,1.0617400000000001,1.0485621052631577,2019-05-29 09:00:00,1.0617400000000001,win,0.95,wickdiffs_3D_H4_ALL_20260121_202249.csv,50.49242424242421,1.0
3D,ALL,H4,H12,AUDNZD,long,2020-09-30,2020-10-05,1.07598,1.07921,0.003230000000000066,2020-10-06 09:00:00,2020-10-06 13:00:00,1.07598,1.07639,2020-10-13 21:00:00,1.07684,1.08244,1.0709452631578946,2020-10-14 21:00:00,1.0709452631578946,loss,-1.0,wickdiffs_3D_H4_ALL_20260121_202249.csv,56.57424242424247,1.0
3D,ALL,H4,H12,AUDNZD,long,2021-02-25,2021-03-02,1.06399,1.06996,0.005970000000000031,2021-02-26 18:00:00,2021-02-28 22:00:00,1.06423,1.06444,2021-05-25 21:00:00,1.0659,1.07593,1.055342105263158,2021-06-06 21:00:00,1.07593,win,0.9499999999999998,wickdiffs_3D_H4_ALL_20260121_202249.csv,53.46212121212115,1.0
3D,ALL,H4,H12,AUDNZD,long,2021-03-31,2021-04-05,1.07984,1.08466,0.0048200000000000465,2021-04-05 21:00:00,2021-04-06 01:00:00,1.08289,1.08318,2021-04-08 09:00:00,1.08415,1.08948,1.0785394736842104,2021-04-20 09:00:00,1.0785394736842104,loss,-1.0,wickdiffs_3D_H4_ALL_20260121_202249.csv,52.18030303030312,1.0
3D,ALL,H4,H12,AUDNZD,long,2021-08-30,2021-09-02,1.03489,1.04206,0.007169999999999899,2021-08-31 13:00:00,2021-08-31 17:00:00,1.03698,1.03732,2021-09-08 09:00:00,1.03758,1.0492299999999999,1.0253168421052632,2021-09-30 21:00:00,1.0492299999999999,win,0.95,wickdiffs_3D_H4_ALL_20260121_202249.csv,48.92575757575761,1.0
3D,ALL,H4,H12,AUDNZD,long,2021-12-29,2022-01-03,1.05862,1.06202,0.0034000000000000696,2022-01-03 18:00:00,2022-01-03 22:00:00,1.05862,1.05892,2022-01-07 10:00:00,1.05987,1.06542,1.0540278947368422,2022-01-12 22:00:00,1.06542,win,0.95,wickdiffs_3D_H4_ALL_20260121_202249.csv,53.62575757575766,1.0
3D,ALL,H4,H12,AUDNZD,long,2022-02-09,2022-02-14,1.07142,1.07374,0.0023199999999998777,2022-02-11 06:00:00,2022-02-11 10:00:00,1.07142,1.0716,2022-02-18 10:00:00,1.07199,1.0760599999999998,1.0667504545454545,2022-02-23 22:00:00,1.0667504545454545,loss,-1.0,wickdiffs_3D_H4_ALL_20260121_202249.csv,52.39545454545448,1.0
3D,ALL,H4,H12,AUDNZD,long,2022-07-01,2022-07-06,1.09623,1.10195,0.005719999999999947,2022-07-06 05:00:00,2022-07-06 09:00:00,1.1006,1.10068,2022-07-11 09:00:00,1.10181,1.10767,1.095499090909091,2022-07-18 09:00:00,1.10767,win,0.9285508498991615,wickdiffs_3D_H4_ALL_20260121_202249.csv,63.10909090909085,1.0
3D,ALL,H4,H12,AUDNZD,long,2022-08-01,2022-08-04,1.10076,1.10776,0.007000000000000117,2022-08-02 05:00:00,2022-08-02 09:00:00,1.10076,1.10138,2022-08-11 21:00:00,1.10436,1.1147600000000002,1.0934126315789472,2022-08-21 21:00:00,1.1147600000000002,win,0.95,wickdiffs_3D_H4_ALL_20260121_202249.csv,62.61969696969678,1.0
3D,ALL,H4,H12,AUDNZD,long,2022-08-09,2022-08-12,1.10112,1.10523,0.004109999999999836,2022-08-15 21:00:00,2022-08-16 01:00:00,1.10208,1.10276,2022-08-17 09:00:00,1.10454,1.1093399999999998,1.098388181818182,2022-08-18 21:00:00,1.1093399999999998,win,0.780257130190584,wickdiffs_3D_H4_ALL_20260121_202249.csv,61.51818181818159,1.0
3D,ALL,H4,H12,AUDNZD,long,2022-10-19,2022-10-24,1.10224,1.10832,0.006079999999999863,2022-10-25 01:00:00,2022-10-25 05:00:00,1.10651,1.10666,2022-10-27 09:00:00,1.10736,1.1143999999999998,1.0999494736842106,2022-10-31 09:00:00,1.0999494736842106,loss,-1.0,wickdiffs_3D_H4_ALL_20260121_202249.csv,70.26060606060595,1.0
3D,ALL,H4,H12,AUDNZD,long,2023-03-09,2023-03-14,1.06747,1.07206,0.004590000000000094,2023-03-15 13:00:00,2023-03-15 17:00:00,1.06747,1.06754,2023-03-19 21:00:00,1.06965,1.07665,1.0622815789473683,2023-03-20 21:00:00,1.07665,win,0.95,wickdiffs_3D_H4_ALL_20260121_202249.csv,72.34848484848494,1.0
3D,ALL,H4,H12,AUDNZD,long,2024-10-24,2024-10-29,1.09645,1.10078,0.004330000000000167,2024-10-31 01:00:00,2024-10-31 05:00:00,1.0985,1.0989,2024-11-01 09:00:00,1.1,1.1051100000000003,1.094621052631579,2024-11-05 10:00:00,1.1051100000000003,win,0.9499999999999998,wickdiffs_3D_H4_ALL_20260121_202249.csv,52.75000000000006,1.0
3D,ALL,H4,H12,AUDNZD,long,2025-01-09,2025-01-14,1.10206,1.1064,0.0043400000000000105,2025-01-15 06:00:00,2025-01-15 10:00:00,1.10396,1.10448,2025-01-20 22:00:00,1.1066,1.11074,1.101626,2025-01-28 22:00:00,1.101626,loss,-1.0,wickdiffs_3D_H4_ALL_20260121_202249.csv,43.09090909090929,1.0
3D,ALL,H4,H12,AUDNZD,long,2025-06-02,2025-06-05,1.07272,1.07746,0.0047400000000001885,2025-06-06 01:00:00,2025-06-06 05:00:00,1.07515,1.07528,2025-06-12 21:00:00,1.07814,1.0822000000000003,1.0722459999999998,2025-06-18 21:00:00,1.0822000000000003,win,0.6888361045130601,wickdiffs_3D_H4_ALL_20260121_202249.csv,56.33181818181859,1.0
3D,ALL,H4,H12,AUDNZD,long,2025-07-22,2025-07-25,1.09036,1.09255,0.0021899999999999142,2025-07-23 05:00:00,2025-07-23 09:00:00,1.09036,1.09052,2025-07-30 21:00:00,1.09198,1.0947399999999998,1.0877442424242423,2025-07-31 21:00:00,1.0947399999999998,win,0.6515953641436214,wickdiffs_3D_H4_ALL_20260121_202249.csv,42.35757575757596,1.0
3D,ALL,H4,H12,AUDNZD,short,2015-05-12,2015-05-15,1.077755,1.09033,0.012575000000000003,2015-05-19 17:00:00,2015-05-19 21:00:00,1.078675,1.07868,2015-05-20 09:00:00,1.077465,1.06518,1.0915875,2015-05-27 09:00:00,1.06518,win,0.8698884758364204,wickdiffs_3D_H4_ALL_20260121_202249.csv,88.91818181818176,1.0
3D,ALL,H4,H12,AUDNZD,short,2016-01-11,2016-01-14,1.067355,1.081,0.013644999999999907,2016-01-15 02:00:00,2016-01-15 06:00:00,1.08034,1.081,2016-01-19 22:00:00,1.07682,1.0537100000000001,1.1011463157894739,2016-03-07 10:00:00,1.1011463157894739,loss,-1.0,wickdiffs_3D_H4_ALL_20260121_202249.csv,96.34090909090924,1.0
3D,ALL,H4,H12,AUDNZD,short,2016-02-12,2016-02-17,1.080755,1.0874,0.006645000000000012,2016-02-16 10:00:00,2016-02-16 14:00:00,1.08638,1.0874,2016-02-23 22:00:00,1.08472,1.07411,1.0958884210526314,2016-02-25 22:00:00,1.07411,win,0.95,wickdiffs_3D_H4_ALL_20260121_202249.csv,93.99393939393951,1.0
3D,ALL,H4,H12,AUDNZD,short,2016-03-14,2016-03-17,1.122995,1.13184,0.008844999999999992,2016-03-16 05:00:00,2016-03-16 09:00:00,1.12978,1.1301,2016-03-22 09:00:00,1.12815,1.11415,1.1428868421052631,2016-03-29 09:00:00,1.11415,win,0.95,wickdiffs_3D_H4_ALL_20260121_202249.csv,96.1848484848486,1.0
3D,ALL,H4,H12,AUDNZD,short,2016-10-21,2016-10-26,1.06712,1.07566,0.008539999999999992,2016-10-26 17:00:00,2016-10-26 21:00:00,1.06943,1.07002,2016-10-31 21:00:00,1.06895,1.05858,1.0798657894736843,2016-11-01 21:00:00,1.05858,win,0.9499999999999998,wickdiffs_3D_H4_ALL_20260121_202249.csv,71.13484848484836,1.0
3D,ALL,H4,H12,AUDNZD,short,2017-07-18,2017-07-21,1.07555,1.08458,0.009030000000000094,2017-07-20 17:00:00,2017-07-20 21:00:00,1.0756,1.07564,2017-08-07 09:00:00,1.074825,1.06652,1.0854830000000002,2017-08-09 21:00:00,1.0854830000000002,loss,-1.0,wickdiffs_3D_H4_ALL_20260121_202249.csv,72.8666666666667,1.0
3D,ALL,H4,H12,AUDNZD,short,2017-08-08,2017-08-11,1.082835,1.08623,0.003395000000000037,2017-08-10 09:00:00,2017-08-10 13:00:00,1.08496,1.08532,2017-08-16 09:00:00,1.083855,1.07944,1.0911280303030304,2017-08-22 21:00:00,1.0911280303030304,loss,-1.0,wickdiffs_3D_H4_ALL_20260121_202249.csv,72.73030303030306,1.0
3D,ALL,H4,H12,AUDNZD,short,2017-08-29,2017-09-01,1.107275,1.11418,0.006904999999999939,2017-09-01 13:00:00,2017-09-01 17:00:00,1.11405,1.11418,2017-09-07 09:00:00,1.11237,1.10037,1.1250015789473684,2017-09-11 21:00:00,1.10037,win,0.95,wickdiffs_3D_H4_ALL_20260121_202249.csv,70.43636363636375,1.0
3D,ALL,H4,H12,AUDNZD,short,2018-04-24,2018-04-27,1.06965,1.07292,0.003270000000000106,2018-04-26 01:00:00,2018-04-26 05:00:00,1.07272,1.07292,2018-05-02 21:00:00,1.07172,1.0663799999999999,1.0780915151515151,2018-05-08 21:00:00,1.0663799999999999,win,0.8381052030819187,wickdiffs_3D_H4_ALL_20260121_202249.csv,63.71515151515144,1.0
3D,ALL,H4,H12,AUDNZD,short,2018-09-10,2018-09-13,1.09325,1.09807,0.0048200000000000465,2018-09-13 09:00:00,2018-09-13 13:00:00,1.09781,1.09807,2018-09-18 21:00:00,1.09654,1.08843,1.1050768421052632,2018-09-23 21:00:00,1.08843,win,0.95,wickdiffs_3D_H4_ALL_20260121_202249.csv,58.94090909090922,1.0
3D,ALL,H4,H12,AUDNZD,short,2018-11-15,2018-11-20,1.06666,1.0713,0.0046399999999999775,2018-11-19 10:00:00,2018-11-19 14:00:00,1.06948,1.06965,2018-11-25 22:00:00,1.06785,1.06202,1.0739868421052632,2018-11-30 10:00:00,1.06202,win,0.95,wickdiffs_3D_H4_ALL_20260121_202249.csv,55.76212121212136,1.0
3D,ALL,H4,H12,AUDNZD,short,2019-10-14,2019-10-17,1.0745,1.07934,0.0048399999999999554,2019-10-18 13:00:00,2019-10-18 17:00:00,1.07488,1.07508,2019-10-27 21:00:00,1.07414,1.06966,1.079824,2019-10-29 09:00:00,1.079824,loss,-1.0,wickdiffs_3D_H4_ALL_20260121_202249.csv,55.43333333333325,1.0
3D,ALL,H4,H12,AUDNZD,short,2020-04-23,2020-04-28,1.06884,1.07516,0.006319999999999881,2020-04-30 05:00:00,2020-04-30 09:00:00,1.06948,1.06953,2020-05-06 21:00:00,1.0686,1.0625200000000001,1.076744393939394,2020-05-10 21:00:00,1.0625200000000001,win,0.7465257753055484,wickdiffs_3D_H4_ALL_20260121_202249.csv,81.4439393939393,1.0
3D,ALL,H4,H12,AUDNZD,short,2020-06-01,2020-06-04,1.07736,1.08808,0.01071999999999984,2020-06-03 13:00:00,2020-06-03 17:00:00,1.07934,1.08014,2020-07-29 09:00:00,1.07773,1.0666400000000003,1.0894036842105261,2020-08-11 09:00:00,1.0894036842105261,loss,-1.0,wickdiffs_3D_H4_ALL_20260121_202249.csv,58.05151515151511,1.0
3D,ALL,H4,H12,AUDNZD,short,2021-04-29,2021-05-04,1.07872,1.0822,0.0034800000000001496,2021-05-04 09:00:00,2021-05-04 13:00:00,1.08163,1.0822,2021-05-09 21:00:00,1.07962,1.0752399999999998,1.0848634848484848,2021-05-13 09:00:00,1.0752399999999998,win,0.835322333631976,wickdiffs_3D_H4_ALL_20260121_202249.csv,52.43484848484849,1.0
3D,ALL,H4,H12,AUDNZD,short,2022-01-03,2022-01-06,1.06231,1.06532,0.003009999999999957,2022-01-05 06:00:00,2022-01-05 10:00:00,1.06474,1.06512,2022-01-12 10:00:00,1.06368,1.0593000000000001,1.0690254545454545,2022-01-14 10:00:00,1.0593000000000001,win,0.8193877551020079,wickdiffs_3D_H4_ALL_20260121_202249.csv,53.4545454545455,1.0
3D,ALL,H4,H12,AUDNZD,short,2022-03-23,2022-03-28,1.08033,1.08859,0.008259999999999934,2022-03-30 01:00:00,2022-03-30 05:00:00,1.08114,1.08162,2022-03-31 09:00:00,1.07912,1.07207,1.089416,2022-04-04 21:00:00,1.089416,loss,-1.0,wickdiffs_3D_H4_ALL_20260121_202249.csv,51.46363636363629,1.0
3D,ALL,H4,H12,AUDNZD,short,2022-05-04,2022-05-09,1.10447,1.11131,0.006839999999999957,2022-05-05 21:00:00,2022-05-06 01:00:00,1.1075,1.10818,2022-05-16 21:00:00,1.10484,1.09763,1.1124294736842104,2022-05-22 21:00:00,1.09763,win,0.95,wickdiffs_3D_H4_ALL_20260121_202249.csv,59.96363636363632,1.0
3D,ALL,H4,H12,AUDNZD,short,2022-06-07,2022-06-10,1.11167,1.11663,0.0049600000000000755,2022-06-09 05:00:00,2022-06-09 09:00:00,1.11454,1.11478,2022-06-15 09:00:00,1.11417,1.1067099999999999,1.1220226315789477,2022-06-16 09:00:00,1.1067099999999999,win,0.9499999999999998,wickdiffs_3D_H4_ALL_20260121_202249.csv,61.0424242424243,1.0
3D,ALL,H4,H12,AUDNZD,short,2022-12-21,2022-12-26,1.06833,1.0766,0.00827,2022-12-28 02:00:00,2022-12-28 06:00:00,1.07572,1.0766,2023-01-01 22:00:00,1.07419,1.06006,1.0890636842105264,2023-01-12 10:00:00,1.0890636842105264,loss,-1.0,wickdiffs_3D_H4_ALL_20260121_202249.csv,79.08333333333326,1.0
3D,ALL,H4,H12,AUDNZD,short,2023-04-20,2023-04-25,1.08578,1.09314,0.007360000000000033,2023-04-21 17:00:00,2023-04-23 21:00:00,1.09075,1.09106,2023-06-02 09:00:00,1.0902,1.07842,1.1026000000000002,2023-06-07 09:00:00,1.1026000000000002,loss,-1.0,wickdiffs_3D_H4_ALL_20260121_202249.csv,68.74696969696961,1.0
3D,ALL,H4,H12,AUDNZD,short,2024-01-25,2024-01-30,1.07802,1.08118,0.0031600000000000517,2024-01-29 22:00:00,2024-01-30 02:00:00,1.07846,1.0788,2024-03-15 09:00:00,1.0783,1.07486,1.0824257575757577,2024-03-20 09:00:00,1.0824257575757577,loss,-1.0,wickdiffs_3D_H4_ALL_20260121_202249.csv,41.25757575757565,1.0
3D,ALL,H4,H12,AUDNZD,short,2024-07-24,2024-07-29,1.1121,1.11488,0.0027800000000000047,2024-07-29 17:00:00,2024-07-29 21:00:00,1.11487,1.11488,2024-11-22 10:00:00,1.11414,1.10932,1.119213684210526,2024-11-25 22:00:00,1.10932,win,0.95,wickdiffs_3D_H4_ALL_20260121_202249.csv,45.79545454545456,1.0
3D,ALL,H4,H12,AUDNZD,short,2025-02-17,2025-02-20,1.11218,1.1175,0.005319999999999991,2025-02-20 06:00:00,2025-02-20 10:00:00,1.11334,1.11344,2025-09-02 21:00:00,1.11301,1.10686,1.1194836842105265,2025-09-17 21:00:00,1.1194836842105265,loss,-1.0,wickdiffs_3D_H4_ALL_20260121_202249.csv,38.39242424242437,1.0
3D,ALL,H4,H12,AUDNZD,short,2025-04-08,2025-04-11,1.08453,1.09122,0.006690000000000085,2025-04-10 17:00:00,2025-04-10 21:00:00,1.0847,1.08556,2025-05-02 09:00:00,1.0845,1.07784,1.091889,2025-05-14 21:00:00,1.091889,loss,-1.0,wickdiffs_3D_H4_ALL_20260121_202249.csv,52.75454545454568,1.0
3D,ALL,H4,H12,AUDNZD,short,2025-06-05,2025-06-10,1.07796,1.08047,0.0025100000000000122,2025-06-11 13:00:00,2025-06-11 17:00:00,1.07949,1.07974,2025-06-15 21:00:00,1.07848,1.07545,1.0841539393939394,2025-07-03 09:00:00,1.0841539393939394,loss,-1.0,wickdiffs_3D_H4_ALL_20260121_202249.csv,56.73939393939435,1.0
3D,ALL,H4,H12,AUDNZD,short,2025-07-25,2025-07-30,1.09349,1.09648,0.002989999999999826,2025-08-01 05:00:00,2025-08-01 09:00:00,1.09604,1.09648,2025-08-04 09:00:00,1.09478,1.0905000000000002,1.0992852631578947,2025-08-15 09:00:00,1.0992852631578947,loss,-1.0,wickdiffs_3D_H4_ALL_20260121_202249.csv,41.90454545454566,1.0
3D,ALL,H4,H12,AUDNZD,short,2025-10-09,2025-10-14,1.13764,1.14292,0.005279999999999951,2025-10-09 09:00:00,2025-10-09 13:00:00,1.14262,1.14292,2025-10-28 21:00:00,1.14201,1.13236,1.1521678947368421,2025-11-06 22:00:00,1.1521678947368421,loss,-1.0,wickdiffs_3D_H4_ALL_20260121_202249.csv,44.7863636363636,1.0
3D,ALL,H4,H12,AUDUSD,long,2015-03-05,2015-03-10,0.756065,0.77027,0.014205000000000023,2015-03-12 01:00:00,2015-03-12 05:00:00,0.757365,0.75955,2015-03-17 21:00:00,0.760245,0.784475,0.7347397368421051,2015-03-18 09:00:00,0.784475,win,0.95,wickdiffs_3D_H4_ALL_20260121_202249.csv,91.06136363636374,1.0
3D,ALL,H4,H12,AUDUSD,long,2015-07-14,2015-07-17,0.7328,0.74047,0.007669999999999955,2015-07-21 09:00:00,2015-07-21 13:00:00,0.736275,0.736855,2015-07-22 09:00:00,0.73758,0.7481399999999999,0.7264642105263159,2015-07-24 09:00:00,0.7264642105263159,loss,-1.0,wickdiffs_3D_H4_ALL_20260121_202249.csv,97.4439393939394,1.0
3D,ALL,H4,H12,AUDUSD,long,2015-08-20,2015-08-25,0.70429,0.715555,0.01126500000000008,2015-08-27 01:00:00,2015-08-27 05:00:00,0.7099,0.71069,2015-08-31 09:00:00,0.71136,0.7268200000000001,0.6950863157894736,2015-09-04 09:00:00,0.6950863157894736,loss,-1.0,wickdiffs_3D_H4_ALL_20260121_202249.csv,93.95681818181816,1.0
3D,ALL,H4,H12,AUDUSD,long,2015-12-03,2015-12-08,0.717225,0.726775,0.009549999999999947,2015-12-09 06:00:00,2015-12-09 10:00:00,0.717225,0.71805,2015-12-13 22:00:00,0.72178,0.7363249999999999,0.7064694736842105,2016-01-05 22:00:00,0.7064694736842105,loss,-1.0,wickdiffs_3D_H4_ALL_20260121_202249.csv,80.55378787878793,1.0
3D,ALL,H4,H12,AUDUSD,long,2016-05-19,2016-05-24,0.71454,0.722365,0.007825000000000082,2016-05-24 09:00:00,2016-05-24 13:00:00,0.71454,0.7158,2016-05-29 21:00:00,0.71813,0.7301900000000001,0.7054352631578947,2016-06-03 09:00:00,0.7301900000000001,win,0.95,wickdiffs_3D_H4_ALL_20260121_202249.csv,91.72651515151512,1.0
3D,ALL,H4,H12,AUDUSD,long,2016-06-27,2016-06-30,0.73247,0.745075,0.012605000000000088,2016-06-30 21:00:00,2016-07-01 01:00:00,0.74376,0.74388,2016-07-05 21:00:00,0.74495,0.7576800000000001,0.7312095,2016-07-11 21:00:00,0.7576800000000001,win,0.9264582802663723,wickdiffs_3D_H4_ALL_20260121_202249.csv,91.67196969696964,1.0
3D,ALL,H4,H12,AUDUSD,long,2017-03-06,2017-03-09,0.74912,0.752745,0.0036249999999999893,2017-03-09 18:00:00,2017-03-09 22:00:00,0.749855,0.74994,2017-04-07 09:00:00,0.75011,0.75637,0.7435205263157896,2017-04-12 21:00:00,0.75637,win,0.95,wickdiffs_3D_H4_ALL_20260121_202249.csv,62.30833333333335,1.0
3D,ALL,H4,H12,AUDUSD,long,2017-10-26,2017-10-31,0.76252,0.76879,0.006269999999999998,2017-10-31 09:00:00,2017-10-31 13:00:00,0.76396,0.76452,2017-11-03 09:00:00,0.76503,0.77506,0.7544721052631579,2017-11-16 22:00:00,0.7544721052631579,loss,-1.0,wickdiffs_3D_H4_ALL_20260121_202249.csv,62.60681818181823,1.0
3D,ALL,H4,H12,AUDUSD,long,2018-05-07,2018-05-10,0.74126,0.74601,0.004749999999999921,2018-05-09 21:00:00,2018-05-10 01:00:00,0.74498,0.74549,2018-05-15 09:00:00,0.74724,0.7507599999999999,0.740785,2018-05-16 09:00:00,0.7507599999999999,win,0.5453137103020701,wickdiffs_3D_H4_ALL_20260121_202249.csv,62.07575757575762,1.0
3D,ALL,H4,H12,AUDUSD,long,2018-07-17,2018-07-20,0.7318,0.73578,0.0039799999999999836,2018-07-20 05:00:00,2018-07-20 09:00:00,0.73538,0.73546,2018-08-02 21:00:00,0.73579,0.73976,0.7295004545454546,2018-08-03 09:00:00,0.73976,win,0.6312061863120502,wickdiffs_3D_H4_ALL_20260121_202249.csv,62.89545454545441,1.0
3D,ALL,H4,H12,AUDUSD,long,2018-10-04,2018-10-09,0.70414,0.70776,0.0036199999999999566,2018-10-11 01:00:00,2018-10-11 05:00:00,0.70625,0.70659,2018-10-22 21:00:00,0.70791,0.7113799999999999,0.7018528787878788,2018-10-30 09:00:00,0.7113799999999999,win,0.5728794056582305,wickdiffs_3D_H4_ALL_20260121_202249.csv,60.57121212121214,1.0
3D,ALL,H4,H12,AUDUSD,long,2019-02-20,2019-02-25,0.70704,0.71282,0.005780000000000007,2019-02-21 22:00:00,2019-02-22 02:00:00,0.70826,0.70847,2019-02-28 22:00:00,0.70984,0.7186,0.7006189473684211,2019-03-07 10:00:00,0.7006189473684211,loss,-1.0,wickdiffs_3D_H4_ALL_20260121_202249.csv,64.26818181818179,1.0
3D,ALL,H4,H12,AUDUSD,long,2019-10-14,2019-10-17,0.67237,0.6759,0.003529999999999922,2019-10-16 17:00:00,2019-10-16 21:00:00,0.67508,0.67555,2019-11-29 10:00:00,0.67622,0.6794299999999999,0.6720170000000001,2019-12-02 10:00:00,0.6794299999999999,win,0.7637401855816933,wickdiffs_3D_H4_ALL_20260121_202249.csv,41.30151515151512,1.0
3D,ALL,H4,H12,AUDUSD,long,2021-07-19,2021-07-22,0.72896,0.73566,0.006699999999999928,2021-07-21 09:00:00,2021-07-21 13:00:00,0.73092,0.73178,2021-07-28 09:00:00,0.7375,0.7423599999999999,0.7282900000000001,2021-08-03 21:00:00,0.7423599999999999,win,0.5276872964169268,wickdiffs_3D_H4_ALL_20260121_202249.csv,64.21060606060614,1.0
3D,ALL,H4,H12,AUDUSD,long,2021-08-04,2021-08-09,0.73162,0.73562,0.0040000000000000036,2021-08-10 01:00:00,2021-08-10 05:00:00,0.73162,0.73226,2021-08-16 09:00:00,0.73374,0.73962,0.7275505263157893,2021-08-17 09:00:00,0.7275505263157893,loss,-1.0,wickdiffs_3D_H4_ALL_20260121_202249.csv,60.25909090909094,1.0
3D,ALL,H4,H12,AUDUSD,long,2023-04-07,2023-04-12,0.66194,0.66535,0.003410000000000024,2023-04-10 09:00:00,2023-04-10 13:00:00,0.66194,0.66223,2023-04-25 09:00:00,0.66268,0.66876,0.654915,2023-05-01 21:00:00,0.66876,win,0.783000643915,wickdiffs_3D_H4_ALL_20260121_202249.csv,77.64999999999998,1.0
3D,ALL,H4,H12,AUDUSD,long,2023-07-18,2023-07-21,0.6715,0.67788,0.006380000000000052,2023-07-24 21:00:00,2023-07-25 01:00:00,0.67253,0.6732,2023-07-26 09:00:00,0.67587,0.6842600000000001,0.6670384210526314,2023-07-27 21:00:00,0.6670384210526314,loss,-1.0,wickdiffs_3D_H4_ALL_20260121_202249.csv,66.63787878787886,1.0
3D,ALL,H4,H12,AUDUSD,long,2024-01-12,2024-01-17,0.6525,0.65837,0.005870000000000042,2024-01-19 02:00:00,2024-01-19 06:00:00,0.65654,0.65686,2024-01-22 10:00:00,0.65696,0.66424,0.6492968421052631,2024-02-04 22:00:00,0.6492968421052631,loss,-1.0,wickdiffs_3D_H4_ALL_20260121_202249.csv,63.56666666666662,1.0
3D,ALL,H4,H12,AUDUSD,long,2024-02-12,2024-02-15,0.64428,0.64914,0.0048600000000000865,2024-02-14 22:00:00,2024-02-15 02:00:00,0.64776,0.64777,2024-03-04 22:00:00,0.64866,0.6540000000000001,0.6428122727272727,2024-03-06 10:00:00,0.6540000000000001,win,0.9131752817722709,wickdiffs_3D_H4_ALL_20260121_202249.csv,58.47727272727274,1.0
3D,ALL,H4,H12,AUDUSD,long,2024-11-22,2024-11-27,0.64342,0.64722,0.0038000000000000256,2024-11-26 14:00:00,2024-11-26 18:00:00,0.64478,0.64508,2024-12-02 10:00:00,0.64763,0.65102,0.641875303030303,2024-12-03 22:00:00,0.641875303030303,loss,-1.0,wickdiffs_3D_H4_ALL_20260121_202249.csv,57.54696969696965,1.0
3D,ALL,H4,H12,AUDUSD,long,2024-12-02,2024-12-05,0.63728,0.64294,0.005659999999999998,2024-12-06 14:00:00,2024-12-06 18:00:00,0.63728,0.63745,2024-12-10 10:00:00,0.63778,0.6486,0.6263905263157895,2024-12-18 10:00:00,0.6263905263157895,loss,-1.0,wickdiffs_3D_H4_ALL_20260121_202249.csv,58.04696969696964,1.0
3D,ALL,H4,H12,AUDUSD,long,2025-01-09,2025-01-14,0.61311,0.6178,0.004689999999999972,2025-01-14 10:00:00,2025-01-14 14:00:00,0.6166,0.61686,2025-01-17 10:00:00,0.61914,0.62249,0.612641,2025-01-20 10:00:00,0.62249,win,0.5154639175257651,wickdiffs_3D_H4_ALL_20260121_202249.csv,56.77121212121208,1.0
3D,ALL,H4,H12,AUDUSD,long,2025-05-07,2025-05-12,0.63565,0.6421,0.006449999999999956,2025-05-13 05:00:00,2025-05-13 09:00:00,0.64008,0.64034,2025-05-15 09:00:00,0.6407,0.64855,0.6324368421052633,2025-05-23 09:00:00,0.64855,win,0.95,wickdiffs_3D_H4_ALL_20260121_202249.csv,76.62272727272719,1.0
3D,ALL,H4,H12,AUDUSD,long,2025-07-17,2025-07-22,0.64542,0.6528,0.007380000000000053,2025-07-20 21:00:00,2025-07-21 01:00:00,0.6498,0.6502,2025-07-28 21:00:00,0.65146,0.6601800000000001,0.642281052631579,2025-07-31 21:00:00,0.642281052631579,loss,-1.0,wickdiffs_3D_H4_ALL_20260121_202249.csv,60.45151515151512,1.0
3D,ALL,H4,H12,AUDUSD,short,2015-02-04,2015-02-09,0.779615,0.787645,0.008030000000000093,2015-02-10 02:00:00,2015-02-10 06:00:00,0.783085,0.784185,2015-02-17 22:00:00,0.78065,0.7715849999999999,0.790192105263158,2015-02-25 22:00:00,0.790192105263158,loss,-1.0,wickdiffs_3D_H4_ALL_20260121_202249.csv,93.30530303030308,1.0
3D,ALL,H4,H12,AUDUSD,short,2015-08-25,2015-08-28,0.716595,0.72503,0.00843499999999997,2015-08-28 17:00:00,2015-08-30 21:00:00,0.71722,0.717335,2015-09-15 21:00:00,0.716725,0.70816,0.7259085606060606,2015-09-17 09:00:00,0.7259085606060606,loss,-1.0,wickdiffs_3D_H4_ALL_20260121_202249.csv,91.83560606060604,1.0
3D,ALL,H4,H12,AUDUSD,short,2015-10-14,2015-10-19,0.72659,0.736375,0.009785000000000044,2015-10-21 01:00:00,2015-10-21 05:00:00,0.72736,0.72761,2015-10-22 21:00:00,0.72697,0.7168049999999999,0.73767,2015-10-27 21:00:00,0.7168049999999999,win,0.9499999999999998,wickdiffs_3D_H4_ALL_20260121_202249.csv,90.7780303030303,1.0
3D,ALL,H4,H12,AUDUSD,short,2016-03-17,2016-03-22,0.757785,0.76806,0.010274999999999923,2016-03-22 21:00:00,2016-03-23 01:00:00,0.76387,0.76492,2016-03-29 09:00:00,0.762805,0.7475100000000001,0.7789049999999997,2016-04-18 21:00:00,0.7789049999999997,loss,-1.0,wickdiffs_3D_H4_ALL_20260121_202249.csv,95.45151515151518,1.0
3D,ALL,H4,H12,AUDUSD,short,2016-10-21,2016-10-26,0.764535,0.77088,0.006345000000000045,2016-10-26 05:00:00,2016-10-26 09:00:00,0.76966,0.77052,2016-11-03 21:00:00,0.76774,0.7581899999999999,0.7777926315789474,2016-11-08 10:00:00,0.7777926315789474,loss,-1.0,wickdiffs_3D_H4_ALL_20260121_202249.csv,69.35833333333342,1.0
3D,ALL,H4,H12,AUDUSD,short,2017-01-13,2017-01-18,0.75673,0.75888,0.0021499999999999853,2017-01-19 22:00:00,2017-01-20 02:00:00,0.75876,0.75888,2017-01-23 10:00:00,0.758285,0.75458,0.7656679545454546,2017-01-24 22:00:00,0.75458,win,0.5018316145913444,wickdiffs_3D_H4_ALL_20260121_202249.csv,73.82954545454542,1.0
3D,ALL,H4,H12,AUDUSD,short,2018-04-16,2018-04-19,0.77848,0.7813,0.0028200000000000447,2018-04-19 01:00:00,2018-04-19 05:00:00,0.78098,0.7813,2021-01-06 10:00:00,0.78028,0.7756599999999999,0.786990303030303,2021-01-06 22:00:00,0.7756599999999999,win,0.6884934971098372,wickdiffs_3D_H4_ALL_20260121_202249.csv,67.10303030303027,1.0
3D,ALL,H4,H12,AUDUSD,short,2018-07-30,2018-08-02,0.7404,0.7441,0.0037000000000000366,2018-07-31 13:00:00,2018-07-31 17:00:00,0.74404,0.7441,2018-08-08 21:00:00,0.74262,0.7366999999999999,0.7488675757575757,2018-08-09 21:00:00,0.7366999999999999,win,0.9475675413493789,wickdiffs_3D_H4_ALL_20260121_202249.csv,62.47575757575749,1.0
3D,ALL,H4,H12,AUDUSD,short,2019-12-11,2019-12-16,0.68753,0.69387,0.006340000000000012,2019-12-12 22:00:00,2019-12-13 02:00:00,0.6929,0.69387,2019-12-23 22:00:00,0.69163,0.68119,0.7026194736842105,2019-12-31 10:00:00,0.7026194736842105,loss,-1.0,wickdiffs_3D_H4_ALL_20260121_202249.csv,41.74242424242424,1.0
3D,ALL,H4,H12,AUDUSD,short,2020-06-12,2020-06-17,0.68884,0.69769,0.008850000000000025,2020-06-16 09:00:00,2020-06-16 13:00:00,0.69466,0.69564,2020-06-23 09:00:00,0.69301,0.67999,0.7067152631578948,2020-07-21 09:00:00,0.7067152631578948,loss,-1.0,wickdiffs_3D_H4_ALL_20260121_202249.csv,102.4621212121212,1.0
3D,ALL,H4,H12,AUDUSD,short,2020-08-14,2020-08-19,0.72428,0.72755,0.003269999999999995,2020-08-19 05:00:00,2020-08-19 09:00:00,0.72724,0.72755,2020-08-27 09:00:00,0.72596,0.72101,0.7337334848484849,2020-08-28 09:00:00,0.7337334848484849,loss,-1.0,wickdiffs_3D_H4_ALL_20260121_202249.csv,77.73484848484848,1.0
3D,ALL,H4,H12,AUDUSD,short,2020-08-27,2020-09-01,0.73754,0.74138,0.0038400000000000656,2020-09-01 09:00:00,2020-09-01 13:00:00,0.73913,0.73934,2020-11-27 10:00:00,0.73857,0.7336999999999999,0.7454769696969696,2020-12-08 22:00:00,0.7454769696969696,loss,-1.0,wickdiffs_3D_H4_ALL_20260121_202249.csv,69.06969696969695,1.0
3D,ALL,H4,H12,AUDUSD,short,2020-09-30,2020-10-05,0.71622,0.72092,0.0047000000000000375,2020-10-06 09:00:00,2020-10-06 13:00:00,0.71693,0.71694,2020-10-08 09:00:00,0.71684,0.7115199999999999,0.7235806060606061,2020-10-09 09:00:00,0.7235806060606061,loss,-1.0,wickdiffs_3D_H4_ALL_20260121_202249.csv,67.40606060606062,1.0
3D,ALL,H4,H12,AUDUSD,short,2020-11-06,2020-11-11,0.72855,0.734,0.005449999999999955,2020-11-09 10:00:00,2020-11-09 14:00:00,0.73398,0.734,2020-11-16 22:00:00,0.73286,0.7231000000000001,0.7431336842105262,2020-12-02 22:00:00,0.7431336842105262,loss,-1.0,wickdiffs_3D_H4_ALL_20260121_202249.csv,69.830303030303,1.0
3D,ALL,H4,H12,AUDUSD,short,2022-02-04,2022-02-09,0.7147,0.72486,0.010159999999999947,2022-02-11 14:00:00,2022-02-11 18:00:00,0.71822,0.7185,2022-02-15 22:00:00,0.71735,0.70454,0.7308342105263158,2022-03-02 22:00:00,0.7308342105263158,loss,-1.0,wickdiffs_3D_H4_ALL_20260121_202249.csv,63.67424242424245,1.0
3D,ALL,H4,H12,AUDUSD,short,2022-06-15,2022-06-20,0.69351,0.70691,0.013400000000000079,2022-06-22 13:00:00,2022-06-22 17:00:00,0.6948,0.6949,2022-06-24 09:00:00,0.69396,0.6801099999999999,0.7085389473684213,2022-06-30 21:00:00,0.6801099999999999,win,0.95,wickdiffs_3D_H4_ALL_20260121_202249.csv,88.78030303030297,1.0
3D,ALL,H4,H12,AUDUSD,short,2023-01-13,2023-01-18,0.69858,0.70638,0.007800000000000029,2023-01-18 10:00:00,2023-01-18 14:00:00,0.70558,0.70638,2023-01-24 10:00:00,0.70458,0.69078,0.7191063157894737,2023-02-05 22:00:00,0.69078,win,0.95,wickdiffs_3D_H4_ALL_20260121_202249.csv,99.15151515151508,1.0
3D,ALL,H4,H12,AUDUSD,short,2023-03-17,2023-03-22,0.66703,0.6759,0.008869999999999933,2023-03-23 13:00:00,2023-03-23 17:00:00,0.67162,0.67253,2023-03-29 21:00:00,0.6711,0.6581600000000001,0.6847210526315789,2023-04-27 21:00:00,0.6581600000000001,win,0.95,wickdiffs_3D_H4_ALL_20260121_202249.csv,83.19999999999996,1.0
3D,ALL,H4,H12,AUDUSD,short,2024-04-23,2024-04-26,0.65185,0.65867,0.006819999999999937,2024-04-29 13:00:00,2024-04-29 17:00:00,0.65724,0.65738,2024-05-02 09:00:00,0.65654,0.6450300000000001,0.6686557894736841,2024-05-15 09:00:00,0.6686557894736841,loss,-1.0,wickdiffs_3D_H4_ALL_20260121_202249.csv,53.030303030303,1.0
3D,ALL,H4,H12,AUDUSD,short,2024-05-01,2024-05-06,0.66097,0.66494,0.003970000000000029,2024-05-03 09:00:00,2024-05-03 13:00:00,0.66472,0.66494,2024-05-14 21:00:00,0.6646,0.6569999999999999,0.6726,2024-07-03 09:00:00,0.6726,loss,-1.0,wickdiffs_3D_H4_ALL_20260121_202249.csv,51.95757575757568,1.0
3D,ALL,H4,H12,AUDUSD,short,2025-01-06,2025-01-09,0.62138,0.63022,0.008839999999999959,2025-01-08 02:00:00,2025-01-08 06:00:00,0.62353,0.6236,2025-01-15 10:00:00,0.62272,0.6125400000000001,0.6334357894736842,2025-02-02 22:00:00,0.6125400000000001,win,0.9499999999999998,wickdiffs_3D_H4_ALL_20260121_202249.csv,56.14393939393938,1.0
3D,ALL,H4,H12,AUDUSD,short,2025-04-16,2025-04-21,0.63724,0.64394,0.006699999999999928,2025-04-22 01:00:00,2025-04-22 05:00:00,0.64392,0.64394,2025-04-28 21:00:00,0.64188,0.6305400000000001,0.653816842105263,2025-06-05 09:00:00,0.653816842105263,loss,-1.0,wickdiffs_3D_H4_ALL_20260121_202249.csv,72.86666666666663,1.0
3D,ALL,H4,H12,AUDUSD,short,2025-05-23,2025-05-28,0.64451,0.65376,0.00924999999999998,2025-05-26 01:00:00,2025-05-26 05:00:00,0.65308,0.65376,2025-06-05 09:00:00,0.65056,0.63526,0.6666652631578948,2025-09-11 21:00:00,0.6666652631578948,loss,-1.0,wickdiffs_3D_H4_ALL_20260121_202249.csv,77.31666666666665,1.0
3D,ALL,H4,H12,AUDUSD,short,2025-10-06,2025-10-09,0.65828,0.66245,0.004170000000000007,2025-10-09 09:00:00,2025-10-09 13:00:00,0.66101,0.66124,2025-10-28 21:00:00,0.6595,0.65411,0.6651736842105263,2025-10-30 09:00:00,0.65411,win,0.95,wickdiffs_3D_H4_ALL_20260121_202249.csv,47.74393939393946,1.0
3D,ALL,H4,H12,CADCHF,long,2015-07-14,2015-07-17,0.73526,0.739045,0.0037849999999999273,2015-07-15 13:00:00,2015-07-15 17:00:00,0.73526,0.735435,2015-07-22 21:00:00,0.735715,0.7428299999999999,0.7272323484848485,2015-07-28 09:00:00,0.7428299999999999,win,0.838770753141423,wickdiffs_3D_H4_ALL_20260121_202249.csv,84.82651515151517,1.0
3D,ALL,H4,H12,CADCHF,long,2016-09-09,2016-09-14,0.73536,0.74107,0.005709999999999993,2016-09-15 09:00:00,2016-09-15 13:00:00,0.73536,0.7363,2016-09-23 09:00:00,0.736725,0.74678,0.7261407894736841,2016-10-04 09:00:00,0.74678,win,0.95,wickdiffs_3D_H4_ALL_20260121_202249.csv,61.42272727272722,1.0
3D,ALL,H4,H12,CADCHF,long,2017-08-24,2017-08-29,0.75598,0.763735,0.007755000000000067,2017-08-31 01:00:00,2017-08-31 05:00:00,0.76076,0.76214,2017-11-30 10:00:00,0.76259,0.7714900000000001,0.7532215789473683,2017-12-01 10:00:00,0.7714900000000001,win,0.95,wickdiffs_3D_H4_ALL_20260121_202249.csv,61.86287878787874,1.0
3D,ALL,H4,H12,CADCHF,long,2017-10-05,2017-10-10,0.77681,0.78069,0.0038799999999999946,2017-10-11 09:00:00,2017-10-11 13:00:00,0.77681,0.7775,2017-10-16 09:00:00,0.77909,0.78457,0.7722606818181817,2017-10-18 09:00:00,0.78457,win,0.8024227095743681,wickdiffs_3D_H4_ALL_20260121_202249.csv,68.2931818181818,1.0
3D,ALL,H4,H12,CADCHF,long,2017-12-07,2017-12-12,0.76617,0.771355,0.005184999999999995,2017-12-14 02:00:00,2017-12-14 06:00:00,0.7672,0.76809,2017-12-15 10:00:00,0.770135,0.77654,0.7633928947368421,2017-12-21 10:00:00,0.77654,win,0.95,wickdiffs_3D_H4_ALL_20260121_202249.csv,58.29772727272724,1.0
3D,ALL,H4,H12,CADCHF,long,2018-08-07,2018-08-10,0.75411,0.76132,0.00721000000000005,2018-08-13 13:00:00,2018-08-13 17:00:00,0.7554,0.75554,2018-08-15 09:00:00,0.75611,0.76853,0.7430363157894735,2018-08-30 21:00:00,0.7430363157894735,loss,-1.0,wickdiffs_3D_H4_ALL_20260121_202249.csv,58.56212121212122,1.0
3D,ALL,H4,H12,CADCHF,long,2018-12-19,2018-12-24,0.72408,0.73154,0.007460000000000022,2018-12-26 02:00:00,2018-12-26 06:00:00,0.72408,0.72503,2018-12-27 10:00:00,0.72542,0.739,0.7111252631578947,2019-01-07 22:00:00,0.739,win,0.95,wickdiffs_3D_H4_ALL_20260121_202249.csv,56.71818181818179,1.0
3D,ALL,H4,H12,CADCHF,long,2019-06-21,2019-06-26,0.73528,0.74083,0.005549999999999944,2019-06-25 01:00:00,2019-06-25 05:00:00,0.73528,0.73542,2019-08-05 21:00:00,0.73841,0.7463799999999999,0.7300205263157896,2019-08-07 09:00:00,0.7300205263157896,loss,-1.0,wickdiffs_3D_H4_ALL_20260121_202249.csv,46.02575757575754,1.0
3D,ALL,H4,H12,CADCHF,long,2019-09-02,2019-09-05,0.73786,0.74186,0.0040000000000000036,2019-09-04 21:00:00,2019-09-05 01:00:00,0.741,0.74144,2019-12-03 10:00:00,0.74247,0.74586,0.73746,2019-12-04 10:00:00,0.74586,win,0.6766467065868327,wickdiffs_3D_H4_ALL_20260121_202249.csv,44.16363636363645,1.0
3D,ALL,H4,H12,CADCHF,long,2019-09-10,2019-09-13,0.74497,0.7497,0.004730000000000012,2019-09-13 17:00:00,2019-09-15 21:00:00,0.74525,0.74528,2019-09-19 09:00:00,0.74852,0.75443,0.742298947368421,2019-09-30 21:00:00,0.75443,win,0.9499999999999998,wickdiffs_3D_H4_ALL_20260121_202249.csv,52.59090909090909,1.0
3D,ALL,H4,H12,CADCHF,long,2019-12-19,2019-12-24,0.74424,0.74701,0.002769999999999939,2019-12-24 18:00:00,2019-12-25 22:00:00,0.74424,0.7444,2019-12-27 10:00:00,0.74508,0.7497799999999999,0.7401326315789474,2020-01-02 22:00:00,0.7497799999999999,win,0.95,wickdiffs_3D_H4_ALL_20260121_202249.csv,42.79696969696976,1.0
3D,ALL,H4,H12,CADCHF,long,2020-04-20,2020-04-23,0.68044,0.6861,0.005659999999999998,2020-04-22 01:00:00,2020-04-22 05:00:00,0.68138,0.68164,2020-05-01 09:00:00,0.68234,0.69176,0.6724242105263156,2020-05-05 09:00:00,0.69176,win,0.9499999999999998,wickdiffs_3D_H4_ALL_20260121_202249.csv,80.40757575757574,1.0
3D,ALL,H4,H12,CADCHF,long,2020-11-03,2020-11-06,0.68797,0.69306,0.005090000000000039,2020-11-09 06:00:00,2020-11-09 10:00:00,0.69051,0.6911,2020-12-03 10:00:00,0.69246,0.69815,0.6864705263157893,2020-12-10 10:00:00,0.69815,win,0.95,wickdiffs_3D_H4_ALL_20260121_202249.csv,45.48333333333325,1.0
3D,ALL,H4,H12,CADCHF,long,2022-06-20,2022-06-23,0.73576,0.74234,0.00658000000000003,2022-06-27 13:00:00,2022-06-27 17:00:00,0.74114,0.74166,2022-06-28 21:00:00,0.7422,0.74892,0.7351019999999999,2022-07-07 09:00:00,0.74892,win,0.9467455621301794,wickdiffs_3D_H4_ALL_20260121_202249.csv,68.89696969696968,1.0
3D,ALL,H4,H12,CADCHF,long,2022-08-25,2022-08-30,0.73906,0.74414,0.005079999999999973,2022-09-01 05:00:00,2022-09-01 09:00:00,0.73966,0.73972,2022-09-08 09:00:00,0.74126,0.74922,0.732881052631579,2022-09-12 09:00:00,0.732881052631579,loss,-1.0,wickdiffs_3D_H4_ALL_20260121_202249.csv,65.09090909090911,1.0
3D,ALL,H4,H12,CADCHF,long,2022-12-29,2023-01-02,0.67876,0.6826,0.0038399999999999546,2023-01-02 22:00:00,2023-01-03 02:00:00,0.67876,0.67901,2023-01-18 10:00:00,0.6792,0.6864399999999999,0.6715789473684212,2023-01-20 10:00:00,0.6864399999999999,win,0.95,wickdiffs_3D_H4_ALL_20260121_202249.csv,59.33636363636369,1.0
3D,ALL,H4,H12,CADCHF,long,2023-04-28,2023-05-03,0.64767,0.65558,0.007910000000000084,2023-05-05 01:00:00,2023-05-05 05:00:00,0.65394,0.65411,2023-07-13 09:00:00,0.65511,0.6634900000000001,0.6462889473684208,2023-08-23 09:00:00,0.6462889473684208,loss,-1.0,wickdiffs_3D_H4_ALL_20260121_202249.csv,49.40151515151515,1.0
3D,ALL,H4,H12,CADCHF,long,2023-05-11,2023-05-16,0.6598,0.66504,0.005239999999999911,2023-05-17 01:00:00,2023-05-17 05:00:00,0.66368,0.6646,2023-05-19 09:00:00,0.66636,0.6702799999999999,0.6592760000000001,2023-05-31 09:00:00,0.6702799999999999,win,0.5533596837944659,wickdiffs_3D_H4_ALL_20260121_202249.csv,52.67575757575758,1.0
3D,ALL,H4,H12,CADCHF,long,2023-07-13,2023-07-18,0.6481,0.65173,0.003630000000000022,2023-07-20 01:00:00,2023-07-20 05:00:00,0.65134,0.65144,2023-07-26 09:00:00,0.65186,0.65536,0.6468331818181818,2023-07-27 09:00:00,0.65536,win,0.6962654851252484,wickdiffs_3D_H4_ALL_20260121_202249.csv,50.26818181818186,1.0
3D,ALL,H4,H12,CADCHF,long,2023-07-21,2023-07-26,0.64866,0.65588,0.007220000000000004,2023-07-27 05:00:00,2023-07-27 09:00:00,0.64866,0.6499,2023-08-08 09:00:00,0.65276,0.6631,0.6418757894736842,2023-09-14 09:00:00,0.6631,win,0.95,wickdiffs_3D_H4_ALL_20260121_202249.csv,48.4090909090909,1.0
3D,ALL,H4,H12,CADCHF,long,2023-08-11,2023-08-16,0.64812,0.65074,0.0026199999999999557,2023-08-17 21:00:00,2023-08-18 01:00:00,0.64812,0.64816,2023-08-21 09:00:00,0.64865,0.6533599999999999,0.6436921052631579,2023-08-31 09:00:00,0.6533599999999999,win,0.95,wickdiffs_3D_H4_ALL_20260121_202249.csv,47.52727272727268,1.0
3D,ALL,H4,H12,CADCHF,long,2024-08-01,2024-08-06,0.60603,0.61657,0.010539999999999994,2024-08-06 09:00:00,2024-08-06 13:00:00,0.6152,0.61584,2025-03-04 10:00:00,0.61764,0.62711,0.604976,2025-04-03 21:00:00,0.604976,loss,-1.0,wickdiffs_3D_H4_ALL_20260121_202249.csv,43.64393939393947,1.0
3D,ALL,H4,H12,CADCHF,long,2025-05-07,2025-05-12,0.59322,0.60058,0.007360000000000033,2025-05-08 09:00:00,2025-05-08 13:00:00,0.59322,0.59344,2025-05-20 21:00:00,0.59414,0.60794,0.5796136842105263,2025-07-01 09:00:00,0.5796136842105263,loss,-1.0,wickdiffs_3D_H4_ALL_20260121_202249.csv,63.57272727272733,1.0
3D,ALL,H4,H12,CADCHF,short,2016-10-13,2016-10-18,0.75335,0.76084,0.007489999999999997,2016-10-19 17:00:00,2016-10-19 21:00:00,0.75444,0.75456,2016-11-22 10:00:00,0.75246,0.74586,0.761589,2016-12-01 10:00:00,0.761589,loss,-1.0,wickdiffs_3D_H4_ALL_20260121_202249.csv,67.44393939393923,1.0
3D,ALL,H4,H12,CADCHF,short,2017-11-16,2017-11-21,0.774945,0.78028,0.005334999999999979,2017-11-16 14:00:00,2017-11-16 18:00:00,0.78014,0.78028,2017-12-05 10:00:00,0.778185,0.76961,0.7872113157894737,2017-12-11 10:00:00,0.76961,win,0.95,wickdiffs_3D_H4_ALL_20260121_202249.csv,61.52954545454541,1.0
3D,ALL,H4,H12,CADCHF,short,2018-11-28,2018-12-03,0.75153,0.75876,0.007229999999999959,2018-12-05 10:00:00,2018-12-05 14:00:00,0.75172,0.75267,2019-01-18 10:00:00,0.75028,0.7443000000000001,0.759483,2019-01-23 10:00:00,0.7443000000000001,win,0.6497881125719687,wickdiffs_3D_H4_ALL_20260121_202249.csv,58.69090909090909,1.0
3D,ALL,H4,H12,CADCHF,short,2019-06-10,2019-06-13,0.74606,0.7494,0.0033400000000000096,2019-06-12 09:00:00,2019-06-12 13:00:00,0.74856,0.74916,2019-06-18 21:00:00,0.74627,0.7427199999999999,0.7507424242424242,2019-06-20 09:00:00,0.7427199999999999,win,0.793752964292986,wickdiffs_3D_H4_ALL_20260121_202249.csv,44.7242424242424,1.0
3D,ALL,H4,H12,CADCHF,short,2019-08-28,2019-09-02,0.74364,0.74624,0.0026000000000000467,2019-08-30 09:00:00,2019-08-30 13:00:00,0.74592,0.74624,2019-09-05 09:00:00,0.7454,0.7410399999999999,0.7505418181818181,2019-09-06 09:00:00,0.7505418181818181,loss,-1.0,wickdiffs_3D_H4_ALL_20260121_202249.csv,51.41818181818179,1.0
3D,ALL,H4,H12,CADCHF,short,2020-04-10,2020-04-15,0.6918,0.69806,0.006260000000000043,2020-04-13 17:00:00,2020-04-13 21:00:00,0.69706,0.69806,2020-04-27 21:00:00,0.69692,0.6855399999999999,0.7088989473684211,2020-05-01 09:00:00,0.6855399999999999,win,0.95,wickdiffs_3D_H4_ALL_20260121_202249.csv,78.70000000000002,1.0
3D,ALL,H4,H12,CADCHF,short,2020-10-08,2020-10-13,0.69334,0.69762,0.0042800000000000615,2020-10-15 01:00:00,2020-10-15 05:00:00,0.69472,0.69482,2020-10-18 21:00:00,0.69288,0.6890599999999999,0.698048,2020-10-19 21:00:00,0.6890599999999999,win,0.7391640866873439,wickdiffs_3D_H4_ALL_20260121_202249.csv,44.94393939393941,1.0
3D,ALL,H4,H12,CADCHF,short,2020-11-19,2020-11-24,0.69723,0.70236,0.005129999999999968,2020-11-26 10:00:00,2020-11-26 14:00:00,0.69875,0.69902,2020-11-27 10:00:00,0.6965,0.6921,0.702873,2020-12-02 10:00:00,0.6921,win,0.6904126784873663,wickdiffs_3D_H4_ALL_20260121_202249.csv,45.11212121212117,1.0
3D,ALL,H4,H12,CADCHF,short,2020-12-23,2020-12-28,0.69268,0.69589,0.003210000000000046,2020-12-24 14:00:00,2020-12-24 18:00:00,0.69587,0.69589,2020-12-31 10:00:00,0.69488,0.6894699999999999,0.7005747368421055,2021-01-04 10:00:00,0.6894699999999999,win,0.95,wickdiffs_3D_H4_ALL_20260121_202249.csv,45.50757575757561,1.0
3D,ALL,H4,H12,CADCHF,short,2022-01-06,2022-01-11,0.73148,0.73692,0.00544,2022-01-13 02:00:00,2022-01-13 06:00:00,0.73196,0.73242,2022-01-17 22:00:00,0.73032,0.72604,0.737464,2022-01-21 10:00:00,0.72604,win,0.5991041433370559,wickdiffs_3D_H4_ALL_20260121_202249.csv,53.51818181818184,1.0
3D,ALL,H4,H12,CADCHF,short,2022-02-22,2022-02-25,0.72189,0.72923,0.007340000000000013,2022-02-25 18:00:00,2022-02-27 22:00:00,0.72874,0.72923,2022-03-02 10:00:00,0.7285,0.71455,0.7431842105263159,2022-03-16 21:00:00,0.7431842105263159,loss,-1.0,wickdiffs_3D_H4_ALL_20260121_202249.csv,53.75757575757577,1.0
3D,ALL,H4,H12,CADCHF,short,2023-07-31,2023-08-03,0.65722,0.66186,0.0046399999999999775,2023-08-03 01:00:00,2023-08-03 05:00:00,0.6578,0.65852,2023-09-12 09:00:00,0.65778,0.65258,0.6632536842105263,2023-09-14 09:00:00,0.6632536842105263,loss,-1.0,wickdiffs_3D_H4_ALL_20260121_202249.csv,44.42878787878786,1.0
3D,ALL,H4,H12,CADCHF,short,2024-01-01,2024-01-04,0.63586,0.64118,0.005319999999999991,2024-01-08 02:00:00,2024-01-08 06:00:00,0.63708,0.63721,2024-01-09 10:00:00,0.63656,0.63054,0.6428968421052632,2024-01-18 10:00:00,0.6428968421052632,loss,-1.0,wickdiffs_3D_H4_ALL_20260121_202249.csv,41.98939393939408,1.0
3D,ALL,H4,H12,CADCHF,short,2024-01-25,2024-01-30,0.6422,0.64458,0.0023800000000000487,2024-01-30 06:00:00,2024-01-30 10:00:00,0.64432,0.64458,2024-02-02 10:00:00,0.6439,0.6398199999999999,0.6481947368421054,2024-02-07 10:00:00,0.6481947368421054,loss,-1.0,wickdiffs_3D_H4_ALL_20260121_202249.csv,42.10454545454554,1.0
3D,ALL,H4,H12,CADCHF,short,2025-07-25,2025-07-30,0.58542,0.5894,0.0039799999999999836,2025-08-01 05:00:00,2025-08-01 09:00:00,0.58886,0.58899,2025-08-08 09:00:00,0.5876,0.5814400000000001,0.5940842105263158,2025-08-20 09:00:00,0.5814400000000001,win,0.95,wickdiffs_3D_H4_ALL_20260121_202249.csv,41.27878787878796,1.0
3D,ALL,H4,H12,CADJPY,long,2015-09-28,2015-10-01,88.886,90.065,1.179000000000002,2015-09-30 13:00:00,2015-09-30 17:00:00,89.232,89.3175,2015-12-09 10:00:00,89.4385,91.244,87.53797368421054,2015-12-14 10:00:00,87.53797368421054,loss,-1.0,wickdiffs_3D_H4_ALL_20260121_202249.csv,89.43939393939388,1.0
3D,ALL,H4,H12,CADJPY,long,2016-04-07,2016-04-12,81.72,83.698,1.9779999999999944,2016-04-11 21:00:00,2016-04-12 01:00:00,83.554,83.562,2016-04-17 21:00:00,84.028,85.67599999999999,81.5222,2016-04-19 09:00:00,85.67599999999999,win,0.6576741958655825,wickdiffs_3D_H4_ALL_20260121_202249.csv,145.4469696969697,1.0
3D,ALL,H4,H12,CADJPY,long,2016-05-03,2016-05-06,82.254,83.45,1.195999999999998,2016-05-09 13:00:00,2016-05-09 17:00:00,83.304,83.332,2016-05-22 21:00:00,83.46,84.646,82.1344,2016-05-25 09:00:00,84.646,win,0.8946891973446078,wickdiffs_3D_H4_ALL_20260121_202249.csv,127.1181818181818,1.0
3D,ALL,H4,H12,CADJPY,long,2017-01-18,2017-01-23,84.807,86.0275,1.2205000000000013,2017-01-23 18:00:00,2017-01-23 22:00:00,85.028,85.132,2017-02-06 22:00:00,85.164,87.248,82.97031578947369,2017-02-14 10:00:00,87.248,win,0.95,wickdiffs_3D_H4_ALL_20260121_202249.csv,99.04545454545458,1.0
3D,ALL,H4,H12,CADJPY,long,2017-05-16,2017-05-19,80.658,81.958,1.2999999999999972,2017-05-19 09:00:00,2017-05-19 13:00:00,81.752,81.869,2017-05-31 09:00:00,82.051,83.258,80.528,2017-06-13 09:00:00,83.258,win,0.7925147734734056,wickdiffs_3D_H4_ALL_20260121_202249.csv,77.18636363636371,1.0
3D,ALL,H4,H12,CADJPY,long,2018-06-05,2018-06-08,83.86,84.57,0.7099999999999937,2018-06-08 05:00:00,2018-06-08 09:00:00,83.86,83.954,2018-06-15 09:00:00,83.969,85.27999999999999,82.589,2018-06-19 09:00:00,82.589,loss,-1.0,wickdiffs_3D_H4_ALL_20260121_202249.csv,80.47424242424235,1.0
3D,ALL,H4,H12,CADJPY,long,2018-08-15,2018-08-20,83.842,84.609,0.7669999999999959,2018-08-20 21:00:00,2018-08-21 01:00:00,84.215,84.222,2018-09-04 09:00:00,84.522,85.37599999999999,83.62305263157897,2018-09-11 09:00:00,85.37599999999999,win,0.95,wickdiffs_3D_H4_ALL_20260121_202249.csv,68.33181818181826,1.0
3D,ALL,H4,H12,CADJPY,long,2018-09-05,2018-09-10,83.766,84.344,0.5779999999999887,2018-09-06 13:00:00,2018-09-06 17:00:00,83.766,83.818,2018-12-06 10:00:00,84.213,84.92199999999998,83.46668421052632,2018-12-07 10:00:00,84.92199999999998,win,0.95,wickdiffs_3D_H4_ALL_20260121_202249.csv,71.99545454545458,1.0
3D,ALL,H4,H12,CADJPY,long,2018-11-15,2018-11-20,84.614,85.462,0.847999999999999,2018-11-22 06:00:00,2018-11-22 10:00:00,85.246,85.324,2018-11-23 10:00:00,85.332,86.31,84.30252631578946,2018-12-05 22:00:00,84.30252631578946,loss,-1.0,wickdiffs_3D_H4_ALL_20260121_202249.csv,72.66666666666671,1.0
3D,ALL,H4,H12,CADJPY,long,2018-12-06,2018-12-11,83.568,84.606,1.0379999999999967,2018-12-06 22:00:00,2018-12-07 02:00:00,84.1,84.116,2018-12-17 10:00:00,84.159,85.64399999999999,82.59584210526317,2018-12-20 10:00:00,82.59584210526317,loss,-1.0,wickdiffs_3D_H4_ALL_20260121_202249.csv,70.96212121212129,1.0
3D,ALL,H4,H12,CADJPY,long,2018-12-19,2018-12-24,80.968,81.782,0.813999999999993,2018-12-26 10:00:00,2018-12-26 14:00:00,81.073,81.213,2018-12-27 10:00:00,81.52,82.59599999999999,80.38736842105263,2018-12-31 10:00:00,80.38736842105263,loss,-1.0,wickdiffs_3D_H4_ALL_20260121_202249.csv,75.07878787878796,1.0
3D,ALL,H4,H12,CADJPY,long,2019-01-01,2019-01-04,76.731,79.834,3.1030000000000086,2019-01-03 18:00:00,2019-01-03 22:00:00,79.64,79.716,2019-08-07 09:00:00,79.883,82.93700000000001,76.4207,2019-10-21 09:00:00,82.93700000000001,win,0.8820726106923193,wickdiffs_3D_H4_ALL_20260121_202249.csv,55.72272727272724,1.0
3D,ALL,H4,H12,CADJPY,long,2019-03-05,2019-03-08,82.42,82.923,0.5030000000000001,2019-03-11 09:00:00,2019-03-11 13:00:00,82.68,82.752,2019-03-21 09:00:00,82.926,83.426,82.17277272727273,2019-03-22 09:00:00,82.17277272727273,loss,-1.0,wickdiffs_3D_H4_ALL_20260121_202249.csv,75.32272727272738,1.0
3D,ALL,H4,H12,CADJPY,long,2019-05-10,2019-05-15,80.932,81.416,0.48399999999999466,2019-05-17 09:00:00,2019-05-17 13:00:00,81.092,81.14,2019-05-27 21:00:00,81.144,81.89999999999999,80.34821052631581,2019-05-30 21:00:00,80.34821052631581,loss,-1.0,wickdiffs_3D_H4_ALL_20260121_202249.csv,59.97575757575761,1.0
3D,ALL,H4,H12,CADJPY,long,2019-08-12,2019-08-15,79.146,79.516,0.37000000000000455,2019-08-13 09:00:00,2019-08-13 13:00:00,79.146,79.162,2019-08-23 09:00:00,79.333,79.88600000000001,78.74015151515151,2019-08-25 21:00:00,78.74015151515151,loss,-1.0,wickdiffs_3D_H4_ALL_20260121_202249.csv,59.28484848484845,1.0
3D,ALL,H4,H12,CADJPY,long,2019-11-20,2019-11-25,81.29,81.684,0.39399999999999125,2019-11-22 18:00:00,2019-11-24 22:00:00,81.661,81.672,2019-12-03 10:00:00,81.72,82.07799999999999,81.17346969696969,2019-12-04 10:00:00,82.07799999999999,win,0.655041446036963,wickdiffs_3D_H4_ALL_20260121_202249.csv,54.65303030303039,1.0
3D,ALL,H4,H12,CADJPY,long,2020-04-20,2020-04-23,75.319,76.087,0.7680000000000007,2020-04-22 01:00:00,2020-04-22 05:00:00,75.587,75.6,2020-05-03 21:00:00,75.704,76.855,74.49242105263156,2020-05-10 21:00:00,76.855,win,0.9499999999999998,wickdiffs_3D_H4_ALL_20260121_202249.csv,115.6939393939393,1.0
3D,ALL,H4,H12,CADJPY,long,2020-10-13,2020-10-16,79.448,79.768,0.3200000000000074,2020-10-16 01:00:00,2020-10-16 05:00:00,79.471,79.492,2020-10-21 21:00:00,79.653,80.08800000000001,79.04666666666667,2020-10-27 21:00:00,79.04666666666667,loss,-1.0,wickdiffs_3D_H4_ALL_20260121_202249.csv,60.63333333333342,1.0
3D,ALL,H4,H12,CADJPY,long,2021-06-07,2021-06-10,90.096,90.526,0.4299999999999926,2021-06-14 05:00:00,2021-06-14 09:00:00,90.119,90.13,2021-06-16 09:00:00,90.18,90.95599999999999,89.36315789473687,2021-06-17 09:00:00,89.36315789473687,loss,-1.0,wickdiffs_3D_H4_ALL_20260121_202249.csv,62.86060606060608,1.0
3D,ALL,H4,H12,CADJPY,long,2022-01-06,2022-01-11,90.296,90.878,0.5819999999999936,2022-01-10 14:00:00,2022-01-10 18:00:00,90.632,90.64,2022-01-14 10:00:00,90.942,91.46,90.13639393939393,2022-01-16 22:00:00,91.46,win,0.6429941696445367,wickdiffs_3D_H4_ALL_20260121_202249.csv,80.56060606060613,1.0
3D,ALL,H4,H12,CADJPY,long,2022-02-09,2022-02-14,90.025,90.641,0.6159999999999997,2022-02-14 06:00:00,2022-02-14 10:00:00,90.025,90.038,2022-02-20 22:00:00,90.182,91.257,89.05042105263158,2022-03-02 10:00:00,91.257,win,0.95,wickdiffs_3D_H4_ALL_20260121_202249.csv,81.69696969696973,1.0
3D,ALL,H4,H12,CADJPY,long,2022-05-09,2022-05-12,97.802,100.037,2.2349999999999994,2022-05-16 01:00:00,2022-05-16 05:00:00,99.172,99.356,2022-05-18 21:00:00,99.584,102.272,96.75452631578948,2022-05-31 21:00:00,102.272,win,0.95,wickdiffs_3D_H4_ALL_20260121_202249.csv,106.8424242424242,1.0
3D,ALL,H4,H12,CADJPY,long,2022-06-15,2022-06-20,101.66,103.64,1.980000000000004,2022-06-20 05:00:00,2022-06-20 09:00:00,103.47,103.636,2022-06-23 09:00:00,103.852,105.62,101.46199999999999,2022-06-27 21:00:00,105.62,win,0.7397489539748912,wickdiffs_3D_H4_ALL_20260121_202249.csv,124.6060606060605,1.0
3D,ALL,H4,H12,CADJPY,long,2022-07-27,2022-08-01,101.416,104.105,2.689000000000007,2022-08-03 01:00:00,2022-08-03 05:00:00,102.888,103.219,2022-08-04 21:00:00,103.303,106.79400000000001,99.62826315789472,2022-08-29 09:00:00,106.79400000000001,win,0.95,wickdiffs_3D_H4_ALL_20260121_202249.csv,130.6681818181818,1.0
3D,ALL,H4,H12,CADJPY,long,2022-10-24,2022-10-27,106.841,107.992,1.1510000000000105,2022-10-27 17:00:00,2022-10-27 21:00:00,107.632,107.7,2022-11-02 09:00:00,107.878,109.14300000000001,106.54642105263156,2022-11-10 10:00:00,106.54642105263156,loss,-1.0,wickdiffs_3D_H4_ALL_20260121_202249.csv,118.4333333333335,1.0
3D,ALL,H4,H12,CADJPY,long,2023-05-19,2023-05-24,101.666,102.636,0.9699999999999989,2023-05-26 01:00:00,2023-05-26 05:00:00,102.365,102.414,2023-05-30 21:00:00,102.578,103.606,101.47831818181818,2023-06-01 21:00:00,103.606,win,0.9348158558260579,wickdiffs_3D_H4_ALL_20260121_202249.csv,109.9681818181818,1.0
3D,ALL,H4,H12,CADJPY,long,2023-08-29,2023-09-01,106.684,107.738,1.054000000000002,2023-09-05 05:00:00,2023-09-05 09:00:00,107.454,107.6,2023-09-07 09:00:00,107.628,108.792,106.40273684210526,2023-09-13 09:00:00,108.792,win,0.95,wickdiffs_3D_H4_ALL_20260121_202249.csv,96.7363636363636,1.0
3D,ALL,H4,H12,CADJPY,long,2023-11-16,2023-11-21,107.235,108.116,0.8810000000000002,2023-11-21 22:00:00,2023-11-22 02:00:00,108.056,108.102,2023-11-29 22:00:00,108.348,108.997,107.1469,2023-11-30 10:00:00,108.997,win,0.5403380234784803,wickdiffs_3D_H4_ALL_20260121_202249.csv,77.62727272727263,1.0
3D,ALL,H4,H12,CADJPY,long,2024-12-05,2024-12-10,105.756,106.702,0.945999999999998,2024-12-09 02:00:00,2024-12-09 06:00:00,105.775,105.827,2025-01-30 10:00:00,106.442,107.648,105.17252631578947,2025-01-31 10:00:00,107.648,win,0.95,wickdiffs_3D_H4_ALL_20260121_202249.csv,106.540909090909,1.0
3D,ALL,H4,H12,CADJPY,long,2025-02-25,2025-02-28,102.198,103.77,1.5720000000000027,2025-03-04 14:00:00,2025-03-04 18:00:00,102.198,102.359,2025-03-07 10:00:00,103.014,105.342,100.56347368421052,2025-03-24 09:00:00,105.342,win,0.95,wickdiffs_3D_H4_ALL_20260121_202249.csv,115.7757575757576,1.0
3D,ALL,H4,H12,CADJPY,long,2025-03-26,2025-03-31,103.498,104.722,1.2239999999999895,2025-04-01 09:00:00,2025-04-01 13:00:00,103.498,103.544,2025-04-03 09:00:00,103.634,105.94599999999998,101.2003157894737,2025-05-11 21:00:00,105.94599999999998,win,0.9499999999999998,wickdiffs_3D_H4_ALL_20260121_202249.csv,117.6060606060605,1.0
3D,ALL,H4,H12,CADJPY,long,2025-05-15,2025-05-20,103.132,103.878,0.7459999999999951,2025-05-22 05:00:00,2025-05-22 09:00:00,103.132,103.26,2025-05-23 09:00:00,103.824,104.624,102.5665909090909,2025-05-27 09:00:00,104.624,win,0.6362288978057314,wickdiffs_3D_H4_ALL_20260121_202249.csv,125.740909090909,1.0
3D,ALL,H4,H12,CADJPY,short,2015-09-07,2015-09-10,90.8925,92.0715,1.179000000000002,2015-09-10 05:00:00,2015-09-10 09:00:00,91.687,91.863,2015-09-16 09:00:00,91.544,89.7135,93.47084210526316,2015-09-24 09:00:00,89.7135,win,0.95,wickdiffs_3D_H4_ALL_20260121_202249.csv,110.3242424242425,1.0
3D,ALL,H4,H12,CADJPY,short,2015-10-22,2015-10-27,92.0645,92.6,0.535499999999999,2015-10-23 17:00:00,2015-10-25 21:00:00,92.2745,92.2825,2015-10-30 09:00:00,92.233,91.529,93.37946969696971,2015-12-07 10:00:00,91.529,win,0.6140589689032274,wickdiffs_3D_H4_ALL_20260121_202249.csv,114.6469696969697,1.0
3D,ALL,H4,H12,CADJPY,short,2015-11-09,2015-11-12,92.6145,93.2535,0.6389999999999958,2015-11-11 22:00:00,2015-11-12 02:00:00,92.964,92.9735,2015-11-18 22:00:00,92.9525,91.97550000000001,94.06857575757576,2015-11-20 10:00:00,91.97550000000001,win,0.8753886045532826,wickdiffs_3D_H4_ALL_20260121_202249.csv,111.6075757575757,1.0
3D,ALL,H4,H12,CADJPY,short,2017-06-14,2017-06-19,83.9085,84.554,0.6454999999999984,2017-06-20 05:00:00,2017-06-20 09:00:00,84.473,84.554,2017-06-26 09:00:00,84.4645,83.263,85.72923684210527,2017-06-28 09:00:00,85.72923684210527,loss,-1.0,wickdiffs_3D_H4_ALL_20260121_202249.csv,82.0772727272727,1.0
3D,ALL,H4,H12,CADJPY,short,2017-09-11,2017-09-14,90.7575,91.642,0.8845000000000027,2017-09-18 09:00:00,2017-09-18 13:00:00,91.38,91.42,2017-09-22 09:00:00,90.7655,89.87299999999999,91.73044999999999,2017-09-29 09:00:00,89.87299999999999,win,0.9249183895538878,wickdiffs_3D_H4_ALL_20260121_202249.csv,85.27272727272724,1.0
3D,ALL,H4,H12,CADJPY,short,2018-03-16,2018-03-21,81.5035,82.406,0.9025000000000034,2018-03-22 05:00:00,2018-03-22 09:00:00,82.318,82.381,2018-03-26 21:00:00,82.104,80.601,83.6861052631579,2018-04-04 09:00:00,83.6861052631579,loss,-1.0,wickdiffs_3D_H4_ALL_20260121_202249.csv,84.47272727272717,1.0
3D,ALL,H4,H12,CADJPY,short,2019-01-17,2019-01-22,82.488,82.896,0.40800000000000125,2019-01-18 14:00:00,2019-01-18 18:00:00,82.881,82.896,2019-01-25 10:00:00,82.878,82.08,83.718,2019-02-01 10:00:00,83.718,loss,-1.0,wickdiffs_3D_H4_ALL_20260121_202249.csv,77.95757575757588,1.0
3D,ALL,H4,H12,CADJPY,short,2019-01-30,2019-02-04,83.578,83.98,0.402000000000001,2019-02-05 06:00:00,2019-02-05 10:00:00,83.925,83.975,2019-02-13 22:00:00,83.703,83.176,84.48530303030303,2019-02-14 10:00:00,83.176,win,0.6736519987604597,wickdiffs_3D_H4_ALL_20260121_202249.csv,78.23030303030306,1.0
3D,ALL,H4,H12,CADJPY,short,2019-04-03,2019-04-08,83.472,83.872,0.4000000000000057,2019-04-10 05:00:00,2019-04-10 09:00:00,83.498,83.506,2019-04-11 09:00:00,83.428,83.07199999999999,84.05868181818181,2019-04-12 09:00:00,84.05868181818181,loss,-1.0,wickdiffs_3D_H4_ALL_20260121_202249.csv,63.06818181818193,1.0
3D,ALL,H4,H12,CADJPY,short,2019-05-20,2019-05-23,82.158,82.62,0.4620000000000033,2019-05-22 17:00:00,2019-05-22 21:00:00,82.158,82.186,2019-06-26 09:00:00,82.11,81.696,82.66959090909091,2019-06-30 21:00:00,82.66959090909091,loss,-1.0,wickdiffs_3D_H4_ALL_20260121_202249.csv,55.95909090909088,1.0
3D,ALL,H4,H12,CADJPY,short,2022-03-23,2022-03-28,97.848,100.197,2.3490000000000038,2022-03-29 05:00:00,2022-03-29 09:00:00,99.05,99.228,2022-04-05 09:00:00,98.989,95.499,102.66268421052634,2022-04-20 21:00:00,102.66268421052634,loss,-1.0,wickdiffs_3D_H4_ALL_20260121_202249.csv,89.79545454545463,1.0
3D,ALL,H4,H12,CADJPY,short,2022-06-28,2022-07-01,105.45,106.43,0.980000000000004,2022-07-05 01:00:00,2022-07-05 05:00:00,106.126,106.136,2022-07-13 09:00:00,105.886,104.47,107.37652631578946,2022-07-19 09:00:00,107.37652631578946,loss,-1.0,wickdiffs_3D_H4_ALL_20260121_202249.csv,126.1272727272727,1.0
3D,ALL,H4,H12,CADJPY,short,2022-11-04,2022-11-09,108.466,109.028,0.5620000000000118,2022-11-09 10:00:00,2022-11-09 14:00:00,108.888,108.922,2023-06-22 09:00:00,108.83,107.90399999999998,109.85521212121212,2023-07-06 09:00:00,107.90399999999998,win,0.9032277134074416,wickdiffs_3D_H4_ALL_20260121_202249.csv,102.521212121212,1.0
3D,ALL,H4,H12,CADJPY,short,2023-01-26,2023-01-31,97.43,97.969,0.5389999999999873,2023-02-01 02:00:00,2023-02-01 06:00:00,97.9,97.969,2023-02-03 10:00:00,97.889,96.89100000000002,99.19990909090909,2023-02-09 22:00:00,96.89100000000002,win,0.7613037447988722,wickdiffs_3D_H4_ALL_20260121_202249.csv,131.0909090909091,1.0
3D,ALL,H4,H12,CADJPY,short,2023-08-11,2023-08-16,107.839,108.284,0.4450000000000074,2023-08-17 13:00:00,2023-08-17 17:00:00,108.12,108.177,2023-08-21 09:00:00,107.961,107.39399999999999,108.95148484848485,2023-08-22 21:00:00,107.39399999999999,win,0.5724469191702946,wickdiffs_3D_H4_ALL_20260121_202249.csv,99.0484848484848,1.0
3D,ALL,H4,H12,CADJPY,short,2023-09-14,2023-09-19,109.461,110.445,0.9839999999999947,2023-09-19 09:00:00,2023-09-19 13:00:00,110.39,110.445,2023-09-22 09:00:00,110.03,108.477,111.66473684210526,2023-10-03 09:00:00,108.477,win,0.95,wickdiffs_3D_H4_ALL_20260121_202249.csv,92.62121212121208,1.0
3D,ALL,H4,H12,CADJPY,short,2024-04-05,2024-04-10,111.842,112.048,0.20600000000000307,2024-04-11 17:00:00,2024-04-11 21:00:00,111.983,112.019,2024-04-15 21:00:00,111.981,111.636,112.66151515151515,2024-04-16 09:00:00,111.636,win,0.5069688738477972,wickdiffs_3D_H4_ALL_20260121_202249.csv,68.05151515151503,1.0
3D,ALL,H4,H12,CADJPY,short,2024-04-26,2024-05-01,114.548,117.344,2.7959999999999923,2024-04-30 09:00:00,2024-04-30 13:00:00,114.772,114.844,2024-05-14 09:00:00,114.603,111.75200000000001,117.6236,2024-06-28 09:00:00,117.6236,loss,-1.0,wickdiffs_3D_H4_ALL_20260121_202249.csv,81.43030303030294,1.0
3D,ALL,H4,H12,CADJPY,short,2024-05-09,2024-05-14,114.308,114.802,0.4939999999999998,2024-05-14 09:00:00,2024-05-14 13:00:00,114.749,114.802,2024-05-20 09:00:00,114.7,113.81400000000001,115.63263157894737,2024-06-03 21:00:00,113.81400000000001,win,0.95,wickdiffs_3D_H4_ALL_20260121_202249.csv,82.58484848484845,1.0
3D,ALL,H4,H12,CADJPY,short,2024-06-28,2024-07-03,118.032,118.638,0.6060000000000088,2024-07-04 17:00:00,2024-07-04 21:00:00,118.494,118.552,2024-07-09 21:00:00,118.436,117.42599999999999,119.49915789473687,2024-07-11 09:00:00,117.42599999999999,win,0.95,wickdiffs_3D_H4_ALL_20260121_202249.csv,86.58636363636359,1.0
3D,ALL,H4,H12,CADJPY,short,2024-10-03,2024-10-08,108.777,109.828,1.051000000000002,2024-10-10 01:00:00,2024-10-10 05:00:00,109.07,109.096,2024-10-21 09:00:00,109.05,107.726,110.45184848484848,2024-10-23 09:00:00,110.45184848484848,loss,-1.0,wickdiffs_3D_H4_ALL_20260121_202249.csv,140.1848484848485,1.0
3D,ALL,H4,H12,CADJPY,short,2024-12-02,2024-12-05,107.023,107.521,0.49800000000000466,2024-12-06 06:00:00,2024-12-06 10:00:00,107.28,107.319,2024-12-10 10:00:00,107.168,106.52499999999999,108.331,2024-12-10 22:00:00,106.52499999999999,win,0.5528804815133403,wickdiffs_3D_H4_ALL_20260121_202249.csv,116.3,1.0
3D,ALL,H4,H12,CHFJPY,long,2015-02-20,2015-02-25,124.3915,125.1675,0.7760000000000105,2015-02-20 06:00:00,2015-02-20 10:00:00,124.3915,124.535,2015-03-03 10:00:00,124.5555,125.94350000000001,122.61060606060606,2015-03-06 10:00:00,122.61060606060606,loss,-1.0,wickdiffs_3D_H4_ALL_20260121_202249.csv,194.4893939393938,1.0
3D,ALL,H4,H12,CHFJPY,long,2015-06-10,2015-06-15,131.5005,132.846,1.3455000000000155,2015-06-15 09:00:00,2015-06-15 13:00:00,131.5005,131.7135,2015-06-25 09:00:00,131.989,134.19150000000002,129.6705789473684,2015-07-05 21:00:00,129.6705789473684,loss,-1.0,wickdiffs_3D_H4_ALL_20260121_202249.csv,135.3136363636363,1.0
3D,ALL,H4,H12,CHFJPY,long,2016-05-11,2016-05-16,110.907,111.357,0.45000000000000284,2016-05-18 01:00:00,2016-05-18 05:00:00,110.907,110.939,2016-05-19 09:00:00,110.998,111.807,109.84736363636364,2016-05-29 21:00:00,111.807,win,0.7030891996523638,wickdiffs_3D_H4_ALL_20260121_202249.csv,115.0636363636364,1.0
3D,ALL,H4,H12,CHFJPY,long,2016-12-02,2016-12-07,110.985,112.8515,1.866500000000002,2016-12-09 06:00:00,2016-12-09 10:00:00,112.452,112.609,2017-01-15 22:00:00,112.8355,114.718,110.79835,2017-01-26 22:00:00,114.718,win,0.9240851189161379,wickdiffs_3D_H4_ALL_20260121_202249.csv,95.5022727272726,1.0
3D,ALL,H4,H12,CHFJPY,long,2017-02-21,2017-02-24,111.082,111.903,0.8210000000000122,2017-02-28 10:00:00,2017-02-28 14:00:00,111.442,111.511,2017-03-23 09:00:00,111.6635,112.72400000000002,110.5471842105263,2017-04-03 21:00:00,110.5471842105263,loss,-1.0,wickdiffs_3D_H4_ALL_20260121_202249.csv,86.79318181818186,1.0
3D,ALL,H4,H12,CHFJPY,long,2017-05-24,2017-05-29,113.04,114.305,1.2650000000000006,2017-05-30 01:00:00,2017-05-30 05:00:00,113.04,113.177,2017-06-07 09:00:00,113.8285,115.57000000000001,111.99534210526316,2017-06-27 09:00:00,115.57000000000001,win,0.95,wickdiffs_3D_H4_ALL_20260121_202249.csv,87.68787878787889,1.0
3D,ALL,H4,H12,CHFJPY,long,2017-09-22,2017-09-27,114.99,115.8605,0.8705000000000069,2017-09-26 05:00:00,2017-09-26 09:00:00,114.99,115.065,2017-10-05 09:00:00,115.331,116.73100000000001,113.85731578947369,2017-10-27 09:00:00,113.85731578947369,loss,-1.0,wickdiffs_3D_H4_ALL_20260121_202249.csv,80.63333333333357,1.0
3D,ALL,H4,H12,CHFJPY,long,2017-11-08,2017-11-13,113.29,113.981,0.6909999999999883,2017-11-09 06:00:00,2017-11-09 10:00:00,113.29,113.31,2017-11-17 10:00:00,113.389,114.67199999999998,112.03847368421053,2017-12-01 10:00:00,114.67199999999998,win,0.95,wickdiffs_3D_H4_ALL_20260121_202249.csv,68.22575757575775,1.0
3D,ALL,H4,H12,CHFJPY,long,2018-06-18,2018-06-21,110.116,110.783,0.6670000000000016,2018-06-20 05:00:00,2018-06-20 09:00:00,110.308,110.366,2018-06-28 09:00:00,110.78,111.45,110.0493,2018-06-28 21:00:00,111.45,win,0.9169289722184245,wickdiffs_3D_H4_ALL_20260121_202249.csv,69.1742424242425,1.0
3D,ALL,H4,H12,CHFJPY,long,2018-08-02,2018-08-07,111.336,111.782,0.44599999999999795,2018-08-08 05:00:00,2018-08-08 09:00:00,111.336,111.342,2018-08-10 09:00:00,111.353,112.228,110.43194736842105,2018-08-21 21:00:00,112.228,win,0.95,wickdiffs_3D_H4_ALL_20260121_202249.csv,67.85303030303038,1.0
3D,ALL,H4,H12,CHFJPY,long,2019-01-01,2019-01-04,105.547,109.106,3.5589999999999975,2019-01-03 18:00:00,2019-01-03 22:00:00,108.703,109.001,2019-02-10 22:00:00,109.928,112.66499999999999,105.19109999999999,2020-01-09 10:00:00,112.66499999999999,win,0.5778040490616208,wickdiffs_3D_H4_ALL_20260121_202249.csv,73.21969696969691,1.0
3D,ALL,H4,H12,CHFJPY,long,2019-05-07,2019-05-10,107.614,108.142,0.5279999999999916,2019-05-10 01:00:00,2019-05-10 05:00:00,108.07,108.117,2019-05-31 09:00:00,108.188,108.66999999999999,107.5612,2019-06-02 21:00:00,108.66999999999999,win,0.7689853222718297,wickdiffs_3D_H4_ALL_20260121_202249.csv,53.88939393939386,1.0
3D,ALL,H4,H12,CHFJPY,long,2019-08-07,2019-08-12,107.988,108.674,0.686000000000007,2019-08-13 05:00:00,2019-08-13 09:00:00,108.282,108.343,2019-08-20 09:00:00,108.622,109.36000000000001,107.84515789473683,2019-08-25 21:00:00,107.84515789473683,loss,-1.0,wickdiffs_3D_H4_ALL_20260121_202249.csv,58.06666666666669,1.0
3D,ALL,H4,H12,CHFJPY,long,2021-06-15,2021-06-18,118.872,120.114,1.2420000000000044,2021-06-22 05:00:00,2021-06-22 09:00:00,119.882,119.948,2021-06-29 09:00:00,119.999,121.35600000000001,118.5705789473684,2021-09-15 21:00:00,118.5705789473684,loss,-1.0,wickdiffs_3D_H4_ALL_20260121_202249.csv,63.93333333333327,1.0
3D,ALL,H4,H12,CHFJPY,long,2022-04-21,2022-04-26,131.946,133.539,1.5929999999999893,2022-04-27 09:00:00,2022-04-27 13:00:00,132.021,132.053,2022-05-04 09:00:00,132.779,135.13199999999998,130.30215789473687,2022-05-11 21:00:00,130.30215789473687,loss,-1.0,wickdiffs_3D_H4_ALL_20260121_202249.csv,98.91818181818186,1.0
3D,ALL,H4,H12,CHFJPY,long,2022-06-23,2022-06-28,139.86,141.664,1.8039999999999736,2022-06-24 01:00:00,2022-06-24 05:00:00,139.873,140.06,2022-07-05 09:00:00,140.291,143.46799999999996,136.94678947368425,2022-09-05 09:00:00,143.46799999999996,win,0.95,wickdiffs_3D_H4_ALL_20260121_202249.csv,136.0878787878788,1.0
3D,ALL,H4,H12,CHFJPY,long,2022-11-09,2022-11-14,144.584,147.568,2.984000000000009,2022-11-15 18:00:00,2022-11-15 22:00:00,147.037,147.076,2022-11-17 22:00:00,147.179,150.55200000000002,143.62847368421052,2022-12-01 22:00:00,143.62847368421052,loss,-1.0,wickdiffs_3D_H4_ALL_20260121_202249.csv,160.1075757575755,1.0
3D,ALL,H4,H12,CHFJPY,long,2022-12-29,2023-01-02,138.964,141.824,2.8600000000000136,2023-01-03 06:00:00,2023-01-03 10:00:00,138.964,139.036,2023-01-12 10:00:00,139.431,144.68400000000003,133.90152631578948,2023-02-15 10:00:00,144.68400000000003,win,0.95,wickdiffs_3D_H4_ALL_20260121_202249.csv,169.3484848484848,1.0
3D,ALL,H4,H12,CHFJPY,long,2024-08-22,2024-08-27,169.506,170.588,1.0819999999999936,2024-08-25 21:00:00,2024-08-26 01:00:00,169.506,169.574,2024-09-04 21:00:00,169.68,171.67,167.58526315789476,2024-09-10 21:00:00,167.58526315789476,loss,-1.0,wickdiffs_3D_H4_ALL_20260121_202249.csv,140.0030303030303,1.0
3D,ALL,H4,H12,CHFJPY,long,2025-01-01,2025-01-06,172.37,173.127,0.757000000000005,2025-01-03 10:00:00,2025-01-03 14:00:00,172.62,172.745,2025-01-09 22:00:00,172.922,173.88400000000001,171.57163636363637,2025-01-12 22:00:00,171.57163636363637,loss,-1.0,wickdiffs_3D_H4_ALL_20260121_202249.csv,135.0363636363635,1.0
3D,ALL,H4,H12,CHFJPY,short,2016-01-19,2016-01-22,116.8315,117.5505,0.7189999999999941,2016-01-19 14:00:00,2016-01-19 18:00:00,117.4165,117.493,2016-01-28 10:00:00,117.203,116.11250000000001,118.3508947368421,2016-01-28 22:00:00,118.3508947368421,loss,-1.0,wickdiffs_3D_H4_ALL_20260121_202249.csv,102.6143939393938,1.0
3D,ALL,H4,H12,CHFJPY,short,2016-11-29,2016-12-02,112.892,113.7925,0.9005000000000081,2016-12-06 06:00:00,2016-12-06 10:00:00,113.4095,113.4115,2016-12-09 10:00:00,113.394,111.99149999999999,114.87031578947371,2016-12-14 10:00:00,114.87031578947371,loss,-1.0,wickdiffs_3D_H4_ALL_20260121_202249.csv,96.61515151515148,1.0
3D,ALL,H4,H12,CHFJPY,short,2016-12-28,2017-01-02,114.847,115.629,0.7820000000000107,2017-01-04 18:00:00,2017-01-04 22:00:00,114.962,115.016,2017-01-05 22:00:00,114.7515,114.06499999999998,115.7072,2017-01-09 22:00:00,114.06499999999998,win,0.7183216490530545,wickdiffs_3D_H4_ALL_20260121_202249.csv,94.18787878787867,1.0
3D,ALL,H4,H12,CHFJPY,short,2017-05-11,2017-05-16,114.179,114.968,0.7890000000000015,2017-05-16 09:00:00,2017-05-16 13:00:00,114.903,114.968,2017-05-22 09:00:00,114.3325,113.39,115.32460526315789,2017-05-29 21:00:00,113.39,win,0.95,wickdiffs_3D_H4_ALL_20260121_202249.csv,87.55151515151526,1.0
3D,ALL,H4,H12,CHFJPY,short,2017-06-01,2017-06-06,114.474,115.04,0.5660000000000025,2017-06-05 01:00:00,2017-06-05 05:00:00,114.778,114.782,2017-06-22 21:00:00,114.6005,113.908,115.47410606060606,2017-06-27 09:00:00,115.47410606060606,loss,-1.0,wickdiffs_3D_H4_ALL_20260121_202249.csv,87.36060606060617,1.0
3D,ALL,H4,H12,CHFJPY,short,2017-10-10,2017-10-13,115.108,115.666,0.5579999999999927,2017-10-12 01:00:00,2017-10-12 05:00:00,115.594,115.666,2017-10-19 21:00:00,115.33,114.55000000000001,116.15105263157893,2017-10-26 09:00:00,114.55000000000001,win,0.95,wickdiffs_3D_H4_ALL_20260121_202249.csv,76.66439393939413,1.0
3D,ALL,H4,H12,CHFJPY,short,2018-06-05,2018-06-08,111.88,112.203,0.3230000000000075,2018-06-12 09:00:00,2018-06-12 13:00:00,112.122,112.139,2018-06-13 09:00:00,111.974,111.55699999999999,112.69838636363637,2018-06-14 09:00:00,111.55699999999999,win,0.5756596492329142,wickdiffs_3D_H4_ALL_20260121_202249.csv,72.43863636363645,1.0
3D,ALL,H4,H12,CHFJPY,short,2018-07-30,2018-08-02,112.611,113.18,0.5690000000000026,2018-08-01 09:00:00,2018-08-01 13:00:00,112.914,112.962,2018-08-23 09:00:00,112.852,112.042,113.70463157894737,2018-08-27 21:00:00,113.70463157894737,loss,-1.0,wickdiffs_3D_H4_ALL_20260121_202249.csv,69.83030303030307,1.0
3D,ALL,H4,H12,CHFJPY,short,2019-07-22,2019-07-25,109.853,110.064,0.21099999999999852,2019-07-23 09:00:00,2019-07-23 13:00:00,110.017,110.042,2019-10-17 09:00:00,109.982,109.642,110.6215303030303,2019-10-22 09:00:00,109.642,win,0.5316401715274047,wickdiffs_3D_H4_ALL_20260121_202249.csv,63.9530303030303,1.0
3D,ALL,H4,H12,CHFJPY,short,2019-11-07,2019-11-12,109.784,110.174,0.39000000000000057,2019-11-13 02:00:00,2019-11-13 06:00:00,110.109,110.174,2019-11-17 22:00:00,110.023,109.394,110.68510526315788,2019-11-19 22:00:00,109.394,win,0.95,wickdiffs_3D_H4_ALL_20260121_202249.csv,57.59696969696963,1.0
3D,ALL,H4,H12,CHFJPY,short,2020-11-06,2020-11-11,115.054,116.108,1.054000000000002,2020-11-12 06:00:00,2020-11-12 10:00:00,115.332,115.346,2020-11-29 22:00:00,115.176,114.0,116.41389473684211,2020-12-02 10:00:00,116.41389473684211,loss,-1.0,wickdiffs_3D_H4_ALL_20260121_202249.csv,71.96363636363637,1.0
3D,ALL,H4,H12,CHFJPY,short,2021-05-04,2021-05-07,120.216,121.084,0.8680000000000092,2021-05-10 09:00:00,2021-05-10 13:00:00,120.991,121.006,2021-05-13 09:00:00,120.747,119.34799999999998,122.21963157894739,2021-05-27 09:00:00,122.21963157894739,loss,-1.0,wickdiffs_3D_H4_ALL_20260121_202249.csv,67.830303030303,1.0
3D,ALL,H4,H12,CHFJPY,short,2021-07-01,2021-07-06,120.358,120.688,0.3299999999999983,2021-07-02 17:00:00,2021-07-04 21:00:00,120.622,120.668,2021-07-12 09:00:00,120.604,120.028,121.25798484848485,2021-07-14 21:00:00,120.028,win,0.8807543497903205,wickdiffs_3D_H4_ALL_20260121_202249.csv,65.39848484848478,1.0
3D,ALL,H4,H12,CHFJPY,short,2022-03-02,2022-03-07,125.181,125.921,0.7400000000000091,2022-03-03 18:00:00,2022-03-03 22:00:00,125.869,125.899,2022-03-13 21:00:00,125.841,124.44099999999999,127.31468421052631,2022-03-18 09:00:00,127.31468421052631,loss,-1.0,wickdiffs_3D_H4_ALL_20260121_202249.csv,75.4424242424244,1.0
3D,ALL,H4,H12,CHFJPY,short,2022-09-12,2022-09-15,148.782,150.718,1.9359999999999786,2022-09-16 01:00:00,2022-09-16 05:00:00,149.092,149.2,2022-09-20 09:00:00,149.065,146.84600000000003,151.40078947368417,2022-09-21 21:00:00,151.40078947368417,loss,-1.0,wickdiffs_3D_H4_ALL_20260121_202249.csv,131.7378787878789,1.0
3D,ALL,H4,H12,CHFJPY,short,2022-11-04,2022-11-09,147.733,148.884,1.150999999999982,2022-11-09 18:00:00,2022-11-09 22:00:00,148.819,148.852,2022-11-14 10:00:00,148.339,146.58200000000002,150.1884736842105,2022-11-18 10:00:00,146.58200000000002,win,0.95,wickdiffs_3D_H4_ALL_20260121_202249.csv,157.5545454545453,1.0
3D,ALL,H4,H12,CHFJPY,short,2023-07-21,2023-07-26,163.113,163.981,0.867999999999995,2023-07-21 05:00:00,2023-07-21 09:00:00,163.836,163.981,2023-07-31 09:00:00,163.178,162.245,164.51801515151516,2023-08-01 21:00:00,162.245,win,0.6962607840255027,wickdiffs_3D_H4_ALL_20260121_202249.csv,134.0015151515152,1.0
3D,ALL,H4,H12,CHFJPY,short,2023-07-31,2023-08-03,163.346,164.043,0.6970000000000027,2023-08-01 21:00:00,2023-08-02 01:00:00,164.038,164.043,2023-08-08 21:00:00,163.85,162.649,165.1605303030303,2023-08-10 09:00:00,165.1605303030303,loss,-1.0,wickdiffs_3D_H4_ALL_20260121_202249.csv,131.0530303030303,1.0
3D,ALL,H4,H12,CHFJPY,short,2024-04-26,2024-05-01,171.617,175.068,3.451000000000022,2024-05-01 09:00:00,2024-05-01 13:00:00,171.664,171.76,2024-05-09 09:00:00,171.62,168.16599999999997,175.41310000000001,2024-06-10 21:00:00,175.41310000000001,loss,-1.0,wickdiffs_3D_H4_ALL_20260121_202249.csv,118.148484848485,1.0
3D,ALL,H4,H12,CHFJPY,short,2024-05-09,2024-05-14,171.998,172.718,0.7199999999999989,2024-05-15 01:00:00,2024-05-15 05:00:00,172.664,172.694,2024-05-29 09:00:00,172.642,171.278,174.07778947368422,2024-05-31 09:00:00,174.07778947368422,loss,-1.0,wickdiffs_3D_H4_ALL_20260121_202249.csv,116.018181818182,1.0
3D,ALL,H4,H12,CHFJPY,short,2024-08-19,2024-08-22,170.583,171.859,1.2760000000000105,2024-08-22 13:00:00,2024-08-22 17:00:00,171.815,171.859,2024-08-28 09:00:00,171.685,169.307,174.18815789473686,2024-09-04 21:00:00,169.307,win,0.95,wickdiffs_3D_H4_ALL_20260121_202249.csv,137.6954545454545,1.0
3D,ALL,H4,H12,CHFJPY,short,2025-03-13,2025-03-18,169.392,171.041,1.649000000000001,2025-03-19 05:00:00,2025-03-19 09:00:00,170.776,171.041,2025-03-24 21:00:00,170.383,167.743,173.16194736842107,2025-04-10 09:00:00,173.16194736842107,loss,-1.0,wickdiffs_3D_H4_ALL_20260121_202249.csv,142.6621212121213,1.0
3D,ALL,H4,H12,CHFJPY,short,2025-05-07,2025-05-12,175.151,176.183,1.0319999999999823,2025-05-13 21:00:00,2025-05-14 01:00:00,175.652,175.8,2025-05-30 09:00:00,175.092,174.11900000000003,176.55806060606062,2025-06-10 21:00:00,176.55806060606062,loss,-1.0,wickdiffs_3D_H4_ALL_20260121_202249.csv,146.6060606060608,1.0
3D,ALL,H4,H12,CHFJPY,short,2025-08-12,2025-08-15,182.964,183.638,0.6740000000000066,2025-08-19 09:00:00,2025-08-19 13:00:00,183.545,183.554,2025-08-21 09:00:00,183.487,182.29,184.74699999999999,2025-09-01 21:00:00,184.74699999999999,loss,-1.0,wickdiffs_3D_H4_ALL_20260121_202249.csv,117.7742424242425,1.0
3D,ALL,H4,H12,EURAUD,long,2015-04-16,2015-04-21,1.37055,1.390005,0.019455,2015-04-22 09:00:00,2015-04-22 13:00:00,1.37799,1.37931,2015-04-27 21:00:00,1.380545,1.40946,1.3501081578947367,2015-04-29 21:00:00,1.40946,win,0.95,wickdiffs_3D_H4_ALL_20260121_202249.csv,165.8340909090909,1.0
3D,ALL,H4,H12,EURAUD,long,2016-03-09,2016-03-14,1.44672,1.47394,0.027220000000000022,2016-03-14 01:00:00,2016-03-14 05:00:00,1.46993,1.470095,2016-03-22 09:00:00,1.471765,1.50116,1.440822894736842,2016-04-04 21:00:00,1.50116,win,0.95,wickdiffs_3D_H4_ALL_20260121_202249.csv,235.9939393939392,1.0
3D,ALL,H4,H12,EURAUD,long,2016-06-06,2016-06-09,1.51946,1.525305,0.005844999999999878,2016-06-13 09:00:00,2016-06-13 13:00:00,1.52083,1.520895,2016-06-14 09:00:00,1.52307,1.5311499999999998,1.508312803030303,2016-06-15 21:00:00,1.5311499999999998,win,0.5475294540414197,wickdiffs_3D_H4_ALL_20260121_202249.csv,147.5719696969695,1.0
3D,ALL,H4,H12,EURAUD,long,2016-12-07,2016-12-12,1.411975,1.41799,0.006015000000000104,2016-12-09 10:00:00,2016-12-09 14:00:00,1.411975,1.41214,2016-12-15 10:00:00,1.41533,1.4240050000000002,1.4008885606060606,2016-12-15 22:00:00,1.4240050000000002,win,0.6007018942752219,wickdiffs_3D_H4_ALL_20260121_202249.csv,144.414393939394,1.0
3D,ALL,H4,H12,EURAUD,long,2017-05-08,2017-05-11,1.4672,1.47541,0.00821000000000005,2017-05-12 05:00:00,2017-05-12 09:00:00,1.4672,1.46864,2017-06-15 21:00:00,1.46883,1.4836200000000002,1.4532615789473684,2017-06-27 09:00:00,1.4836200000000002,win,0.95,wickdiffs_3D_H4_ALL_20260121_202249.csv,121.0575757575758,1.0
3D,ALL,H4,H12,EURAUD,long,2017-09-01,2017-09-06,1.48359,1.490005,0.0064150000000000595,2017-09-08 09:00:00,2017-09-08 13:00:00,1.4872,1.48816,2017-09-11 21:00:00,1.48933,1.49642,1.477983181818182,2017-09-15 09:00:00,1.49642,win,0.6248447702599879,wickdiffs_3D_H4_ALL_20260121_202249.csv,113.4681818181819,1.0
3D,ALL,H4,H12,EURAUD,long,2018-01-09,2018-01-12,1.51556,1.524565,0.00900499999999993,2018-01-11 06:00:00,2018-01-11 10:00:00,1.51558,1.51646,2022-03-02 22:00:00,1.51784,1.5335699999999999,1.5012821052631582,2022-03-03 22:00:00,1.5012821052631582,loss,-1.0,wickdiffs_3D_H4_ALL_20260121_202249.csv,124.7772727272729,1.0
3D,ALL,H4,H12,EURAUD,long,2018-11-12,2018-11-15,1.55198,1.56356,0.011580000000000146,2018-11-15 06:00:00,2018-11-15 10:00:00,1.55198,1.55246,2018-11-28 10:00:00,1.55578,1.5751400000000002,1.5354010526315787,2018-12-03 10:00:00,1.5354010526315787,loss,-1.0,wickdiffs_3D_H4_ALL_20260121_202249.csv,105.0015151515152,1.0
3D,ALL,H4,H12,EURAUD,long,2018-11-28,2018-12-03,1.53472,1.54884,0.01411999999999991,2018-12-03 10:00:00,2018-12-03 14:00:00,1.53472,1.53487,2021-02-21 22:00:00,1.53772,1.56296,1.5111515789473684,2021-02-26 10:00:00,1.56296,win,0.95,wickdiffs_3D_H4_ALL_20260121_202249.csv,108.8742424242424,1.0
3D,ALL,H4,H12,EURAUD,long,2019-01-17,2019-01-22,1.57751,1.58783,0.010320000000000107,2019-01-21 02:00:00,2019-01-21 06:00:00,1.58438,1.58544,2019-01-27 22:00:00,1.58818,1.5981500000000002,1.5757766666666666,2019-01-28 22:00:00,1.5981500000000002,win,0.8038161784466736,wickdiffs_3D_H4_ALL_20260121_202249.csv,124.0333333333335,1.0
3D,ALL,H4,H12,EURAUD,long,2020-04-23,2020-04-28,1.65397,1.67522,0.02124999999999999,2020-04-30 01:00:00,2020-04-30 05:00:00,1.65397,1.65419,2020-05-10 21:00:00,1.66076,1.69647,1.6231705263157896,2020-06-02 09:00:00,1.6231705263157896,loss,-1.0,wickdiffs_3D_H4_ALL_20260121_202249.csv,292.3121212121214,1.0
3D,ALL,H4,H12,EURAUD,long,2020-06-12,2020-06-17,1.62224,1.63501,0.01277000000000017,2020-06-19 09:00:00,2020-06-19 13:00:00,1.62596,1.62762,2020-06-22 09:00:00,1.62995,1.6477800000000002,1.6067592424242425,2020-07-27 09:00:00,1.6477800000000002,win,0.7688407738192554,wickdiffs_3D_H4_ALL_20260121_202249.csv,231.907575757576,1.0
3D,ALL,H4,H12,EURAUD,long,2020-11-06,2020-11-11,1.6145,1.62176,0.007260000000000044,2020-11-11 22:00:00,2020-11-12 02:00:00,1.61588,1.61669,2020-11-16 10:00:00,1.61906,1.6290200000000001,1.6074681818181817,2020-11-17 22:00:00,1.6290200000000001,win,0.8592267273155212,wickdiffs_3D_H4_ALL_20260121_202249.csv,115.9181818181818,1.0
3D,ALL,H4,H12,EURAUD,long,2020-12-15,2020-12-18,1.60069,1.60953,0.008839999999999959,2020-12-18 14:00:00,2020-12-18 18:00:00,1.60594,1.60642,2020-12-23 10:00:00,1.6083,1.6183699999999999,1.5962957575757577,2020-12-30 22:00:00,1.5962957575757577,loss,-1.0,wickdiffs_3D_H4_ALL_20260121_202249.csv,120.0424242424244,1.0
3D,ALL,H4,H12,EURAUD,long,2021-01-11,2021-01-14,1.55942,1.57208,0.012659999999999894,2021-01-14 14:00:00,2021-01-14 18:00:00,1.55942,1.55987,2021-01-20 22:00:00,1.56204,1.5847399999999998,1.5381452631578951,2021-01-27 22:00:00,1.5847399999999998,win,0.95,wickdiffs_3D_H4_ALL_20260121_202249.csv,120.5984848484848,1.0
3D,ALL,H4,H12,EURAUD,long,2021-06-02,2021-06-07,1.56673,1.5719,0.005170000000000119,2021-06-07 09:00:00,2021-06-07 13:00:00,1.56673,1.56694,2021-06-11 09:00:00,1.57157,1.5770700000000002,1.5624083333333332,2021-06-14 21:00:00,1.5770700000000002,win,0.6003274513371245,wickdiffs_3D_H4_ALL_20260121_202249.csv,91.61666666666656,1.0
3D,ALL,H4,H12,EURAUD,long,2021-07-01,2021-07-06,1.56166,1.57556,0.013900000000000023,2021-07-06 05:00:00,2021-07-06 09:00:00,1.56166,1.56278,2021-10-14 09:00:00,1.56393,1.58946,1.5370563157894737,2021-10-29 09:00:00,1.5370563157894737,loss,-1.0,wickdiffs_3D_H4_ALL_20260121_202249.csv,103.3075757575758,1.0
3D,ALL,H4,H12,EURAUD,long,2021-07-22,2021-07-27,1.59025,1.59898,0.008730000000000127,2021-07-26 17:00:00,2021-07-26 21:00:00,1.59801,1.59852,2021-08-04 21:00:00,1.59884,1.6077100000000002,1.5893769999999998,2021-08-16 09:00:00,1.6077100000000002,win,0.9373348832294144,wickdiffs_3D_H4_ALL_20260121_202249.csv,91.9757575757575,1.0
3D,ALL,H4,H12,EURAUD,long,2022-06-15,2022-06-20,1.48636,1.51312,0.026760000000000117,2022-06-20 09:00:00,2022-06-20 13:00:00,1.50488,1.50654,2022-06-30 09:00:00,1.51832,1.5398800000000001,1.4836839999999998,2022-07-07 21:00:00,1.4836839999999998,loss,-1.0,wickdiffs_3D_H4_ALL_20260121_202249.csv,157.2212121212121,1.0
3D,ALL,H4,H12,EURAUD,long,2022-08-12,2022-08-17,1.43954,1.44808,0.008539999999999992,2022-08-16 01:00:00,2022-08-16 05:00:00,1.44342,1.44451,2022-08-22 09:00:00,1.4452,1.45662,1.430830909090909,2022-08-25 09:00:00,1.430830909090909,loss,-1.0,wickdiffs_3D_H4_ALL_20260121_202249.csv,143.6909090909091,1.0
3D,ALL,H4,H12,EURAUD,long,2023-09-14,2023-09-19,1.64555,1.661,0.015449999999999964,2023-09-20 13:00:00,2023-09-20 17:00:00,1.64638,1.64792,2023-09-22 09:00:00,1.65304,1.67645,1.6283978947368423,2023-10-19 21:00:00,1.67645,win,0.95,wickdiffs_3D_H4_ALL_20260121_202249.csv,131.3530303030302,1.0
3D,ALL,H4,H12,EURAUD,long,2023-12-07,2023-12-12,1.62086,1.6391,0.018240000000000034,2023-12-14 02:00:00,2023-12-14 06:00:00,1.62086,1.62164,2023-12-18 10:00:00,1.62876,1.65734,1.598675789473684,2024-01-16 22:00:00,1.65734,win,0.95,wickdiffs_3D_H4_ALL_20260121_202249.csv,121.9166666666667,1.0
3D,ALL,H4,H12,EURAUD,long,2024-04-23,2024-04-26,1.62915,1.64606,0.01690999999999998,2024-04-29 09:00:00,2024-04-29 13:00:00,1.63082,1.63134,2024-05-02 21:00:00,1.63214,1.66297,1.5996873684210524,2024-07-25 09:00:00,1.66297,win,0.95,wickdiffs_3D_H4_ALL_20260121_202249.csv,89.70606060606075,1.0
3D,ALL,H4,H12,EURAUD,long,2024-06-17,2024-06-20,1.60274,1.61044,0.00770000000000004,2024-06-24 05:00:00,2024-06-24 09:00:00,1.6094,1.61016,2024-06-25 09:00:00,1.61178,1.6181400000000001,1.6019700000000001,2024-06-25 21:00:00,1.6019700000000001,loss,-1.0,wickdiffs_3D_H4_ALL_20260121_202249.csv,86.19848484848474,1.0
3D,ALL,H4,H12,EURAUD,long,2024-09-30,2024-10-03,1.6005,1.60455,0.004049999999999887,2024-10-02 09:00:00,2024-10-02 13:00:00,1.60214,1.60236,2024-11-22 10:00:00,1.60262,1.6085999999999998,1.5923148484848484,2024-11-24 22:00:00,1.6085999999999998,win,0.5802922927632416,wickdiffs_3D_H4_ALL_20260121_202249.csv,103.0515151515153,1.0
3D,ALL,H4,H12,EURAUD,long,2024-11-06,2024-11-11,1.61631,1.62676,0.01045000000000007,2024-11-13 02:00:00,2024-11-13 06:00:00,1.62394,1.62435,2024-11-18 22:00:00,1.62564,1.63721,1.613461052631579,2024-11-21 10:00:00,1.613461052631579,loss,-1.0,wickdiffs_3D_H4_ALL_20260121_202249.csv,102.419696969697,1.0
3D,ALL,H4,H12,EURAUD,long,2025-01-14,2025-01-17,1.64848,1.65828,0.009800000000000031,2025-01-17 14:00:00,2025-01-17 18:00:00,1.65535,1.65687,2025-01-23 10:00:00,1.6573,1.66808,1.6459526315789474,2025-01-27 10:00:00,1.66808,win,0.95,wickdiffs_3D_H4_ALL_20260121_202249.csv,109.3636363636364,1.0
3D,ALL,H4,H12,EURAUD,long,2025-02-07,2025-02-12,1.63934,1.64618,0.006839999999999957,2025-02-11 22:00:00,2025-02-12 02:00:00,1.64314,1.64408,2025-02-17 22:00:00,1.64512,1.65302,1.634674393939394,2025-02-24 22:00:00,1.65302,win,0.7562988642462413,wickdiffs_3D_H4_ALL_20260121_202249.csv,104.4560606060606,1.0
3D,ALL,H4,H12,EURAUD,long,2025-07-25,2025-07-30,1.7674,1.77324,0.005839999999999845,2025-07-31 01:00:00,2025-07-31 05:00:00,1.7674,1.76796,2025-09-10 09:00:00,1.76822,1.7790799999999998,1.7567884210526317,2025-09-17 09:00:00,1.7790799999999998,win,0.95,wickdiffs_3D_H4_ALL_20260121_202249.csv,107.459090909091,1.0
3D,ALL,H4,H12,EURAUD,long,2025-08-28,2025-09-02,1.78001,1.7874,0.007390000000000008,2025-09-03 21:00:00,2025-09-04 01:00:00,1.78001,1.7807,2025-09-08 09:00:00,1.78436,1.79479,1.7733810526315787,2025-09-09 21:00:00,1.7733810526315787,loss,-1.0,wickdiffs_3D_H4_ALL_20260121_202249.csv,106.6227272727274,1.0
3D,ALL,H4,H12,EURAUD,long,2025-09-10,2025-09-15,1.75922,1.76658,0.007360000000000033,2025-09-11 21:00:00,2025-09-12 01:00:00,1.75922,1.75953,2025-10-09 09:00:00,1.76426,1.77394,1.7540705263157892,2025-10-10 09:00:00,1.77394,win,0.95,wickdiffs_3D_H4_ALL_20260121_202249.csv,98.74999999999996,1.0
3D,ALL,H4,H12,EURAUD,short,2015-07-22,2015-07-27,1.50814,1.527735,0.01959500000000003,2015-07-29 05:00:00,2015-07-29 09:00:00,1.513585,1.51445,2015-07-31 09:00:00,1.50445,1.488545,1.5296945000000002,2015-08-03 21:00:00,1.488545,win,0.6300382261482693,wickdiffs_3D_H4_ALL_20260121_202249.csv,173.6378787878787,1.0
3D,ALL,H4,H12,EURAUD,short,2015-09-23,2015-09-28,1.59396,1.625145,0.031185000000000018,2015-09-29 13:00:00,2015-09-29 17:00:00,1.6123,1.613965,2015-10-02 09:00:00,1.59002,1.562775,1.6282635,2015-10-06 21:00:00,1.562775,win,0.7124086446062702,wickdiffs_3D_H4_ALL_20260121_202249.csv,222.5636363636363,1.0
3D,ALL,H4,H12,EURAUD,short,2017-03-09,2017-03-14,1.407075,1.41846,0.011384999999999978,2017-03-12 21:00:00,2017-03-13 01:00:00,1.417705,1.41846,2017-03-23 21:00:00,1.416925,1.39569,1.4392776315789473,2017-03-30 09:00:00,1.39569,win,0.95,wickdiffs_3D_H4_ALL_20260121_202249.csv,108.4636363636364,1.0
3D,ALL,H4,H12,EURAUD,short,2017-05-16,2017-05-19,1.49639,1.50756,0.011169999999999902,2017-05-22 09:00:00,2017-05-22 13:00:00,1.50624,1.50726,2017-05-24 21:00:00,1.504855,1.4852200000000002,1.5255234210526314,2017-06-07 09:00:00,1.4852200000000002,win,0.95,wickdiffs_3D_H4_ALL_20260121_202249.csv,119.4962121212121,1.0
3D,ALL,H4,H12,EURAUD,short,2017-07-05,2017-07-10,1.49927,1.50752,0.008249999999999869,2017-07-12 01:00:00,2017-07-12 05:00:00,1.50109,1.50112,2017-08-14 09:00:00,1.500435,1.4910200000000002,1.5121953787878788,2017-08-15 21:00:00,1.4910200000000002,win,0.800569451870342,wickdiffs_3D_H4_ALL_20260121_202249.csv,117.603787878788,1.0
3D,ALL,H4,H12,EURAUD,short,2018-10-09,2018-10-12,1.62752,1.6358,0.008279999999999843,2018-10-12 01:00:00,2018-10-12 05:00:00,1.62984,1.63023,2018-12-27 10:00:00,1.62592,1.6192400000000002,1.637013484848485,2018-12-30 22:00:00,1.6192400000000002,win,0.6021552371716767,wickdiffs_3D_H4_ALL_20260121_202249.csv,110.9348484848485,1.0
3D,ALL,H4,H12,EURAUD,short,2018-11-20,2018-11-23,1.57205,1.57828,0.006229999999999958,2018-11-22 06:00:00,2018-11-22 10:00:00,1.57572,1.57578,2018-12-06 10:00:00,1.57276,1.56582,1.5833984848484848,2018-12-07 10:00:00,1.5833984848484848,loss,-1.0,wickdiffs_3D_H4_ALL_20260121_202249.csv,106.3848484848484,1.0
3D,ALL,H4,H12,EURAUD,short,2019-01-01,2019-01-04,1.62652,1.66893,0.04241000000000006,2019-01-03 18:00:00,2019-01-03 22:00:00,1.62872,1.63062,2019-06-10 21:00:00,1.62667,1.58411,1.673171,2019-08-06 21:00:00,1.673171,loss,-1.0,wickdiffs_3D_H4_ALL_20260121_202249.csv,84.58484848484851,1.0
3D,ALL,H4,H12,EURAUD,short,2019-04-11,2019-04-16,1.5759,1.58527,0.009369999999999878,2019-04-16 05:00:00,2019-04-16 09:00:00,1.58244,1.5835,2019-04-23 09:00:00,1.58094,1.5665300000000002,1.5961084210526313,2019-05-01 09:00:00,1.5961084210526313,loss,-1.0,wickdiffs_3D_H4_ALL_20260121_202249.csv,102.1515151515152,1.0
3D,ALL,H4,H12,EURAUD,short,2019-06-21,2019-06-26,1.63308,1.64178,0.00869999999999993,2019-06-25 09:00:00,2019-06-25 13:00:00,1.63526,1.63528,2019-08-02 09:00:00,1.63374,1.6243800000000002,1.643592631578947,2019-08-04 21:00:00,1.643592631578947,loss,-1.0,wickdiffs_3D_H4_ALL_20260121_202249.csv,85.51969696969721,1.0
3D,ALL,H4,H12,EURAUD,short,2019-10-04,2019-10-09,1.62839,1.637,0.008610000000000007,2019-10-10 09:00:00,2019-10-10 13:00:00,1.63212,1.63302,2019-10-14 09:00:00,1.6271,1.61978,1.638535,2019-10-15 21:00:00,1.638535,loss,-1.0,wickdiffs_3D_H4_ALL_20260121_202249.csv,114.35,1.0
3D,ALL,H4,H12,EURAUD,short,2019-11-12,2019-11-15,1.6239,1.63077,0.006870000000000154,2019-11-18 22:00:00,2019-11-19 02:00:00,1.63068,1.63077,2019-11-20 22:00:00,1.62942,1.6170299999999997,1.6424621052631583,2019-12-02 22:00:00,1.6170299999999997,win,0.95,wickdiffs_3D_H4_ALL_20260121_202249.csv,98.4954545454546,1.0
3D,ALL,H4,H12,EURAUD,short,2019-11-20,2019-11-25,1.62409,1.63237,0.008280000000000065,2019-11-22 02:00:00,2019-11-22 06:00:00,1.6309,1.63158,2019-11-29 10:00:00,1.62939,1.61581,1.643684736842105,2019-12-02 22:00:00,1.61581,win,0.95,wickdiffs_3D_H4_ALL_20260121_202249.csv,91.53939393939392,1.0
3D,ALL,H4,H12,EURAUD,short,2020-04-20,2020-04-23,1.712,1.73214,0.020140000000000047,2020-04-22 21:00:00,2020-04-23 01:00:00,1.71671,1.71981,2020-05-03 21:00:00,1.70645,1.69186,1.7352822727272728,2020-05-04 21:00:00,1.69186,win,0.506030174520348,wickdiffs_3D_H4_ALL_20260121_202249.csv,288.3227272727275,1.0
3D,ALL,H4,H12,EURAUD,short,2020-05-01,2020-05-06,1.68466,1.71964,0.03498000000000001,2020-05-06 21:00:00,2020-05-07 01:00:00,1.68774,1.69252,2020-05-15 09:00:00,1.68666,1.64968,1.7255863157894737,2020-05-26 09:00:00,1.64968,win,0.95,wickdiffs_3D_H4_ALL_20260121_202249.csv,294.5848484848486,1.0
3D,ALL,H4,H12,EURAUD,short,2020-12-18,2020-12-23,1.61704,1.62572,0.008680000000000021,2020-12-22 18:00:00,2020-12-22 22:00:00,1.61712,1.61806,2021-07-30 09:00:00,1.61596,1.60836,1.6265880000000001,2021-08-02 21:00:00,1.60836,win,0.7150922092585617,wickdiffs_3D_H4_ALL_20260121_202249.csv,90.7727272727272,1.0
3D,ALL,H4,H12,EURAUD,short,2021-09-20,2021-09-23,1.61403,1.62348,0.009449999999999958,2021-09-24 09:00:00,2021-09-24 13:00:00,1.61721,1.61766,2021-09-29 09:00:00,1.61622,1.6045800000000001,1.6284726315789473,2021-09-30 09:00:00,1.6045800000000001,win,0.95,wickdiffs_3D_H4_ALL_20260121_202249.csv,102.1484848484849,1.0
3D,ALL,H4,H12,EURAUD,short,2022-01-06,2022-01-11,1.57912,1.58546,0.006340000000000012,2022-01-07 10:00:00,2022-01-07 14:00:00,1.58441,1.58546,2022-01-14 10:00:00,1.58355,1.57278,1.5952298484848486,2022-01-19 10:00:00,1.57278,win,0.9221010027631059,wickdiffs_3D_H4_ALL_20260121_202249.csv,116.798484848485,1.0
3D,ALL,H4,H12,EURAUD,short,2022-08-17,2022-08-22,1.46006,1.47155,0.01149,2022-08-19 17:00:00,2022-08-21 21:00:00,1.46161,1.46256,2022-08-30 09:00:00,1.46138,1.44857,1.475680303030303,2022-09-06 21:00:00,1.475680303030303,loss,-1.0,wickdiffs_3D_H4_ALL_20260121_202249.csv,143.0030303030303,1.0
3D,ALL,H4,H12,EURAUD,short,2022-09-02,2022-09-07,1.47064,1.48826,0.01761999999999997,2022-09-08 09:00:00,2022-09-08 13:00:00,1.48577,1.48826,2022-09-13 21:00:00,1.48476,1.45302,1.5181705263157896,2022-09-30 09:00:00,1.5181705263157896,loss,-1.0,wickdiffs_3D_H4_ALL_20260121_202249.csv,145.2833333333334,1.0
3D,ALL,H4,H12,EURAUD,short,2022-09-28,2022-10-03,1.53061,1.54192,0.011309999999999931,2022-10-04 13:00:00,2022-10-04 17:00:00,1.54179,1.54192,2022-10-10 09:00:00,1.5408,1.5193,1.5634315789473683,2022-10-13 09:00:00,1.5634315789473683,loss,-1.0,wickdiffs_3D_H4_ALL_20260121_202249.csv,143.8015151515151,1.0
3D,ALL,H4,H12,EURAUD,short,2022-10-14,2022-10-19,1.56265,1.56876,0.006109999999999838,2022-10-16 21:00:00,2022-10-17 01:00:00,1.56824,1.56876,2022-10-24 09:00:00,1.5642,1.5565400000000003,1.5792416666666667,2022-10-25 09:00:00,1.5565400000000003,win,0.5092520775623123,wickdiffs_3D_H4_ALL_20260121_202249.csv,150.4166666666666,1.0
3D,ALL,H4,H12,EURAUD,short,2023-01-18,2023-01-23,1.55786,1.57508,0.017220000000000013,2023-01-23 02:00:00,2023-01-23 06:00:00,1.56153,1.56416,2023-02-05 22:00:00,1.56138,1.54064,1.5832115789473684,2023-02-07 10:00:00,1.54064,win,0.9499999999999998,wickdiffs_3D_H4_ALL_20260121_202249.csv,147.0909090909089,1.0
3D,ALL,H4,H12,EURAUD,short,2023-01-31,2023-02-03,1.54174,1.56521,0.02346999999999988,2023-02-07 10:00:00,2023-02-07 14:00:00,1.54882,1.54986,2023-02-09 10:00:00,1.54826,1.5182700000000002,1.5798284210526312,2023-02-27 22:00:00,1.5798284210526312,loss,-1.0,wickdiffs_3D_H4_ALL_20260121_202249.csv,146.5590909090907,1.0
3D,ALL,H4,H12,EURAUD,short,2023-02-13,2023-02-16,1.54818,1.56078,0.012600000000000167,2023-02-17 06:00:00,2023-02-17 10:00:00,1.56034,1.56078,2023-02-21 22:00:00,1.55948,1.5355799999999997,1.5846378947368422,2023-03-06 10:00:00,1.5846378947368422,loss,-1.0,wickdiffs_3D_H4_ALL_20260121_202249.csv,142.2045454545453,1.0
3D,ALL,H4,H12,EURAUD,short,2024-08-01,2024-08-06,1.68538,1.71862,0.033239999999999936,2024-08-05 09:00:00,2024-08-05 13:00:00,1.70718,1.7082,2025-03-05 10:00:00,1.7032,1.6521400000000002,1.7569473684210526,2025-04-03 21:00:00,1.7569473684210526,loss,-1.0,wickdiffs_3D_H4_ALL_20260121_202249.csv,105.3606060606061,1.0
3D,ALL,H4,H12,EURAUD,short,2024-10-03,2024-10-08,1.62422,1.63538,0.011160000000000059,2024-10-09 09:00:00,2024-10-09 13:00:00,1.63062,1.63202,2024-10-15 21:00:00,1.62696,1.61306,1.6415915789473685,2024-10-28 09:00:00,1.6415915789473685,loss,-1.0,wickdiffs_3D_H4_ALL_20260121_202249.csv,111.7666666666668,1.0
3D,ALL,H4,H12,EURAUD,short,2025-01-06,2025-01-09,1.66006,1.66818,0.008119999999999905,2025-01-13 02:00:00,2025-01-13 06:00:00,1.66529,1.66542,2025-01-14 10:00:00,1.66413,1.6519400000000002,1.6769615789473684,2025-01-15 22:00:00,1.6519400000000002,win,0.9499999999999998,wickdiffs_3D_H4_ALL_20260121_202249.csv,107.8969696969697,1.0
3D,ALL,H4,H12,EURAUD,short,2025-02-12,2025-02-17,1.6522,1.66344,0.011240000000000139,2025-02-13 06:00:00,2025-02-13 10:00:00,1.66338,1.66344,2025-02-26 10:00:00,1.6629,1.6409599999999998,1.6859947368421055,2025-03-03 10:00:00,1.6859947368421055,loss,-1.0,wickdiffs_3D_H4_ALL_20260121_202249.csv,106.1393939393939,1.0
3D,ALL,H4,H12,EURAUD,short,2025-05-07,2025-05-12,1.74577,1.76308,0.017309999999999937,2025-05-09 05:00:00,2025-05-09 09:00:00,1.75812,1.75849,2025-05-20 09:00:00,1.75639,1.72846,1.7857899999999998,2025-06-12 21:00:00,1.7857899999999998,loss,-1.0,wickdiffs_3D_H4_ALL_20260121_202249.csv,185.1878787878788,1.0
3D,ALL,H4,H12,EURCAD,long,2015-01-22,2015-01-27,1.380455,1.401805,0.02134999999999998,2015-01-26 14:00:00,2015-01-26 18:00:00,1.39909,1.401,2015-02-26 10:00:00,1.40149,1.423155,1.37832,2015-03-04 10:00:00,1.37832,loss,-1.0,wickdiffs_3D_H4_ALL_20260121_202249.csv,150.9916666666669,1.0
3D,ALL,H4,H12,EURCAD,long,2015-06-23,2015-06-26,1.35201,1.381045,0.029035000000000144,2015-06-30 05:00:00,2015-06-30 09:00:00,1.38085,1.380975,2017-02-14 10:00:00,1.382715,1.4100800000000002,1.3491065,2017-02-28 10:00:00,1.4100800000000002,win,0.8142285433744547,wickdiffs_3D_H4_ALL_20260121_202249.csv,124.2295454545457,1.0
3D,ALL,H4,H12,EURCAD,long,2015-11-12,2015-11-17,1.41437,1.424645,0.010275000000000034,2015-11-19 06:00:00,2015-11-19 10:00:00,1.41437,1.41606,2015-11-23 10:00:00,1.42159,1.43492,1.403647121212121,2015-12-03 10:00:00,1.403647121212121,loss,-1.0,wickdiffs_3D_H4_ALL_20260121_202249.csv,179.4287878787877,1.0
3D,ALL,H4,H12,EURCAD,long,2015-11-20,2015-11-25,1.407445,1.41623,0.008785000000000043,2015-11-25 10:00:00,2015-11-25 14:00:00,1.407445,1.408685,2015-11-30 10:00:00,1.411675,1.4250150000000001,1.3959523484848486,2015-12-03 10:00:00,1.4250150000000001,win,0.8484573983685083,wickdiffs_3D_H4_ALL_20260121_202249.csv,157.226515151515,1.0
3D,ALL,H4,H12,EURCAD,long,2016-03-01,2016-03-04,1.453025,1.46867,0.01564499999999991,2016-03-03 02:00:00,2016-03-03 06:00:00,1.455455,1.455665,2016-03-09 22:00:00,1.45581,1.4843149999999998,1.4258047368421056,2016-03-10 10:00:00,1.4843149999999998,win,0.95,wickdiffs_3D_H4_ALL_20260121_202249.csv,216.190909090909,1.0
3D,ALL,H4,H12,EURCAD,long,2016-06-17,2016-06-22,1.42525,1.440935,0.01568500000000017,2016-06-24 09:00:00,2016-06-24 13:00:00,1.43101,1.432065,2016-06-27 09:00:00,1.441315,1.4566200000000002,1.4236814999999998,2016-07-25 21:00:00,1.4566200000000002,win,0.8679502084101441,wickdiffs_3D_H4_ALL_20260121_202249.csv,137.8575757575758,1.0
3D,ALL,H4,H12,EURCAD,long,2017-01-02,2017-01-05,1.3879,1.395125,0.007225000000000037,2017-01-06 10:00:00,2017-01-06 14:00:00,1.39166,1.39174,2017-01-11 10:00:00,1.39444,1.40235,1.3804118181818181,2017-01-18 10:00:00,1.40235,win,0.563864947184245,wickdiffs_3D_H4_ALL_20260121_202249.csv,140.2818181818183,1.0
3D,ALL,H4,H12,EURCAD,long,2017-06-14,2017-06-19,1.47267,1.479435,0.006765000000000132,2017-06-20 05:00:00,2017-06-20 09:00:00,1.47282,1.47381,2017-06-22 09:00:00,1.475695,1.4862000000000002,1.4639543181818182,2017-06-23 09:00:00,1.4862000000000002,win,0.8947521245088157,wickdiffs_3D_H4_ALL_20260121_202249.csv,117.4068181818182,1.0
3D,ALL,H4,H12,EURCAD,long,2017-06-22,2017-06-27,1.4737,1.48105,0.007349999999999968,2017-06-22 21:00:00,2017-06-23 01:00:00,1.47413,1.47454,2017-07-03 09:00:00,1.47816,1.4884,1.466298712121212,2017-07-04 09:00:00,1.466298712121212,loss,-1.0,wickdiffs_3D_H4_ALL_20260121_202249.csv,118.6128787878787,1.0
3D,ALL,H4,H12,EURCAD,long,2017-11-16,2017-11-21,1.4961,1.50416,0.008059999999999956,2017-11-22 18:00:00,2017-11-22 22:00:00,1.50053,1.50062,2017-12-04 10:00:00,1.5037,1.51222,1.4926143181818183,2017-12-06 10:00:00,1.4926143181818183,loss,-1.0,wickdiffs_3D_H4_ALL_20260121_202249.csv,110.8568181818181,1.0
3D,ALL,H4,H12,EURCAD,long,2018-05-18,2018-05-23,1.50022,1.50975,0.009529999999999816,2018-05-23 17:00:00,2018-05-23 21:00:00,1.50022,1.50124,2018-05-28 21:00:00,1.50222,1.5192799999999997,1.4842621052631584,2018-06-05 09:00:00,1.5192799999999997,win,0.95,wickdiffs_3D_H4_ALL_20260121_202249.csv,113.8810606060606,1.0
3D,ALL,H4,H12,EURCAD,long,2018-10-22,2018-10-25,1.47769,1.48745,0.009759999999999991,2018-10-25 01:00:00,2018-10-25 05:00:00,1.4848,1.48494,2018-10-31 09:00:00,1.48832,1.49721,1.4767139999999999,2018-11-02 09:00:00,1.49721,win,0.7659831121833248,wickdiffs_3D_H4_ALL_20260121_202249.csv,103.2515151515152,1.0
3D,ALL,H4,H12,EURCAD,long,2018-11-23,2018-11-28,1.49518,1.50168,0.00649999999999995,2018-11-23 14:00:00,2018-11-23 18:00:00,1.49518,1.4963,2018-12-03 10:00:00,1.49828,1.5081799999999999,1.4878589473684214,2018-12-05 10:00:00,1.5081799999999999,win,0.95,wickdiffs_3D_H4_ALL_20260121_202249.csv,101.7272727272728,1.0
3D,ALL,H4,H12,EURCAD,long,2019-02-07,2019-02-12,1.49149,1.49972,0.00822999999999996,2019-02-14 02:00:00,2019-02-14 06:00:00,1.49149,1.49277,2019-02-15 10:00:00,1.49609,1.50795,1.483605789473684,2019-03-01 10:00:00,1.50795,win,0.95,wickdiffs_3D_H4_ALL_20260121_202249.csv,105.4333333333334,1.0
3D,ALL,H4,H12,EURCAD,long,2020-03-17,2020-03-20,1.52172,1.5518,0.030080000000000107,2020-03-23 05:00:00,2020-03-23 09:00:00,1.54188,1.54338,2020-03-25 09:00:00,1.5443,1.5818800000000002,1.5047421052631578,2020-07-30 09:00:00,1.5818800000000002,win,0.95,wickdiffs_3D_H4_ALL_20260121_202249.csv,131.2863636363637,1.0
3D,ALL,H4,H12,EURCAD,long,2020-11-06,2020-11-11,1.53137,1.53992,0.008550000000000058,2020-11-11 10:00:00,2020-11-11 14:00:00,1.53318,1.53354,2021-01-14 10:00:00,1.5365,1.54847,1.5239,2021-01-22 10:00:00,1.54847,win,0.95,wickdiffs_3D_H4_ALL_20260121_202249.csv,92.90757575757576,1.0
3D,ALL,H4,H12,EURCAD,long,2021-10-14,2021-10-19,1.43192,1.43744,0.005519999999999969,2021-10-15 05:00:00,2021-10-15 09:00:00,1.43192,1.43195,2021-10-27 09:00:00,1.43422,1.44296,1.4250200000000002,2021-10-28 09:00:00,1.44296,win,0.95,wickdiffs_3D_H4_ALL_20260121_202249.csv,85.75151515151515,1.0
3D,ALL,H4,H12,EURCAD,long,2022-03-31,2022-04-05,1.35886,1.36991,0.011050000000000004,2022-04-07 05:00:00,2022-04-07 09:00:00,1.36498,1.36596,2022-04-12 09:00:00,1.36884,1.38096,1.356082105263158,2022-04-14 09:00:00,1.356082105263158,loss,-1.0,wickdiffs_3D_H4_ALL_20260121_202249.csv,115.7409090909089,1.0
3D,ALL,H4,H12,EURCAD,long,2022-12-21,2022-12-26,1.43402,1.44314,0.009120000000000017,2022-12-27 14:00:00,2022-12-27 18:00:00,1.43402,1.43548,2023-01-02 22:00:00,1.43596,1.45226,1.4188021052631576,2023-01-12 22:00:00,1.45226,win,0.95,wickdiffs_3D_H4_ALL_20260121_202249.csv,115.5787878787879,1.0
3D,ALL,H4,H12,EURCAD,long,2023-03-30,2023-04-04,1.458,1.46512,0.007120000000000015,2023-04-04 01:00:00,2023-04-04 05:00:00,1.46226,1.46245,2023-04-17 09:00:00,1.46351,1.47224,1.4535580303030304,2023-04-19 09:00:00,1.47224,win,0.8772132819755407,wickdiffs_3D_H4_ALL_20260121_202249.csv,99.51969696969684,1.0
3D,ALL,H4,H12,EURCAD,long,2023-04-12,2023-04-17,1.46236,1.46882,0.00645999999999991,2023-04-18 09:00:00,2023-04-18 13:00:00,1.4653,1.4656,2023-05-09 21:00:00,1.46684,1.47528,1.456960909090909,2023-05-17 09:00:00,1.456960909090909,loss,-1.0,wickdiffs_3D_H4_ALL_20260121_202249.csv,98.79090909090895,1.0
3D,ALL,H4,H12,EURCAD,long,2024-04-10,2024-04-15,1.4612,1.46567,0.004469999999999974,2024-04-16 01:00:00,2024-04-16 05:00:00,1.46381,1.46404,2024-04-18 21:00:00,1.46504,1.47014,1.4589166666666666,2024-04-22 09:00:00,1.4589166666666666,loss,-1.0,wickdiffs_3D_H4_ALL_20260121_202249.csv,61.23333333333302,1.0
3D,ALL,H4,H12,EURCAD,long,2024-06-20,2024-06-25,1.45872,1.46567,0.006950000000000012,2024-06-27 13:00:00,2024-06-27 17:00:00,1.46456,1.46528,2024-06-28 09:00:00,1.46548,1.47262,1.4579642105263155,2024-07-01 09:00:00,1.47262,win,0.95,wickdiffs_3D_H4_ALL_20260121_202249.csv,58.36060606060605,1.0
3D,ALL,H4,H12,EURCAD,long,2024-12-31,2025-01-01,1.47604,1.48896,0.012920000000000043,2025-01-02 14:00:00,2025-01-02 18:00:00,1.47604,1.47673,2025-01-10 10:00:00,1.47734,1.50188,1.4515084210526317,2025-01-20 22:00:00,1.50188,win,0.95,wickdiffs_3D_H4_ALL_20260121_202249.csv,90.63030303030298,1.0
3D,ALL,H4,H12,EURCAD,short,2015-01-27,2015-01-30,1.428525,1.449195,0.020669999999999966,2015-02-03 10:00:00,2015-02-03 14:00:00,1.434415,1.43488,2015-02-04 10:00:00,1.42686,1.407855,1.451262,2015-02-10 10:00:00,1.407855,win,0.7788296041308054,wickdiffs_3D_H4_ALL_20260121_202249.csv,149.3500000000001,1.0
3D,ALL,H4,H12,EURCAD,short,2016-05-06,2016-05-11,1.468095,1.48252,0.014425000000000132,2016-05-11 21:00:00,2016-05-12 01:00:00,1.46963,1.469765,2016-05-19 09:00:00,1.46698,1.4536699999999998,1.4839625,2016-05-25 09:00:00,1.4536699999999998,win,0.7837479758575039,wickdiffs_3D_H4_ALL_20260121_202249.csv,161.0772727272727,1.0
3D,ALL,H4,H12,EURCAD,short,2016-08-19,2016-08-24,1.45989,1.4673,0.007410000000000139,2016-08-23 01:00:00,2016-08-23 05:00:00,1.46465,1.46543,2016-08-31 09:00:00,1.462195,1.4524799999999998,1.4737770454545454,2016-09-02 09:00:00,1.4524799999999998,win,0.838798296736732,wickdiffs_3D_H4_ALL_20260121_202249.csv,115.8204545454546,1.0
3D,ALL,H4,H12,EURCAD,short,2017-05-03,2017-05-08,1.50126,1.51524,0.013979999999999881,2017-05-05 09:00:00,2017-05-05 13:00:00,1.51189,1.51342,2017-05-16 21:00:00,1.50996,1.4872800000000002,1.533833684210526,2017-06-12 21:00:00,1.4872800000000002,win,0.9499999999999998,wickdiffs_3D_H4_ALL_20260121_202249.csv,107.2992424242424,1.0
3D,ALL,H4,H12,EURCAD,short,2018-01-22,2018-01-25,1.532075,1.54156,0.009484999999999966,2018-01-29 06:00:00,2018-01-29 10:00:00,1.53358,1.53457,2018-01-30 10:00:00,1.530195,1.52259,1.5425085,2018-02-02 10:00:00,1.5425085,loss,-1.0,wickdiffs_3D_H4_ALL_20260121_202249.csv,112.6416666666667,1.0
3D,ALL,H4,H12,EURCAD,short,2018-06-05,2018-06-08,1.53049,1.53618,0.005690000000000195,2018-06-12 09:00:00,2018-06-12 13:00:00,1.53418,1.53453,2018-06-13 21:00:00,1.5326,1.5247999999999997,1.543982196969697,2018-06-14 09:00:00,1.5247999999999997,win,0.6852807081766668,wickdiffs_3D_H4_ALL_20260121_202249.csv,113.8219696969697,1.0
3D,ALL,H4,H12,EURCAD,short,2018-08-07,2018-08-10,1.50419,1.51888,0.014690000000000092,2018-08-09 09:00:00,2018-08-09 13:00:00,1.51145,1.51222,2018-08-22 09:00:00,1.50738,1.4894999999999998,1.526201052631579,2018-09-04 09:00:00,1.526201052631579,loss,-1.0,wickdiffs_3D_H4_ALL_20260121_202249.csv,106.6015151515151,1.0
3D,ALL,H4,H12,EURCAD,short,2019-02-04,2019-02-07,1.50108,1.51221,0.011130000000000084,2019-02-11 02:00:00,2019-02-11 06:00:00,1.50532,1.50545,2019-02-14 10:00:00,1.50168,1.4899499999999999,1.5140273684210526,2019-02-22 10:00:00,1.4899499999999999,win,0.95,wickdiffs_3D_H4_ALL_20260121_202249.csv,105.1151515151516,1.0
3D,ALL,H4,H12,EURCAD,short,2019-07-25,2019-07-30,1.46701,1.47079,0.0037800000000001166,2019-07-30 09:00:00,2019-07-30 13:00:00,1.47017,1.4702,2019-08-02 09:00:00,1.46698,1.4632299999999998,1.4739960606060605,2019-08-04 21:00:00,1.4739960606060605,loss,-1.0,wickdiffs_3D_H4_ALL_20260121_202249.csv,70.16060606060599,1.0
3D,ALL,H4,H12,EURCAD,short,2020-12-18,2020-12-23,1.57003,1.57859,0.008559999999999901,2020-12-23 02:00:00,2020-12-23 06:00:00,1.57157,1.57203,2020-12-28 10:00:00,1.56926,1.5614700000000001,1.579446,2020-12-31 10:00:00,1.5614700000000001,win,0.7647751816218449,wickdiffs_3D_H4_ALL_20260121_202249.csv,90.15757575757578,1.0
3D,ALL,H4,H12,EURCAD,short,2021-05-17,2021-05-20,1.4773,1.48175,0.004449999999999843,2021-05-20 05:00:00,2021-05-20 09:00:00,1.47948,1.4801,2021-05-26 09:00:00,1.47826,1.4728500000000002,1.4874910606060605,2021-05-27 09:00:00,1.4728500000000002,win,0.5860648338120305,wickdiffs_3D_H4_ALL_20260121_202249.csv,92.3106060606061,1.0
3D,ALL,H4,H12,EURCAD,short,2021-06-28,2021-07-01,1.46992,1.4772,0.007280000000000175,2021-06-30 05:00:00,2021-06-30 09:00:00,1.47692,1.4772,2021-07-06 09:00:00,1.4728,1.4626399999999997,1.4834947368421059,2021-07-07 21:00:00,1.4834947368421059,loss,-1.0,wickdiffs_3D_H4_ALL_20260121_202249.csv,83.98333333333335,1.0
3D,ALL,H4,H12,EURCAD,short,2022-08-30,2022-09-02,1.30854,1.32451,0.01597000000000004,2022-09-01 05:00:00,2022-09-01 09:00:00,1.3242,1.32451,2022-09-11 21:00:00,1.32302,1.29257,1.3550726315789476,2022-09-30 09:00:00,1.3550726315789476,loss,-1.0,wickdiffs_3D_H4_ALL_20260121_202249.csv,111.8318181818182,1.0
3D,ALL,H4,H12,EURCAD,short,2023-02-16,2023-02-21,1.43745,1.44435,0.006900000000000128,2023-02-22 02:00:00,2023-02-22 06:00:00,1.44367,1.44435,2023-02-28 10:00:00,1.44311,1.4305499999999998,1.456331052631579,2023-03-08 10:00:00,1.456331052631579,loss,-1.0,wickdiffs_3D_H4_ALL_20260121_202249.csv,104.0651515151515,1.0
3D,ALL,H4,H12,EURCAD,short,2023-04-25,2023-04-28,1.4989,1.51132,0.012420000000000098,2023-04-27 01:00:00,2023-04-27 05:00:00,1.50708,1.50742,2023-05-03 09:00:00,1.50606,1.4864799999999998,1.5266705263157896,2023-05-05 09:00:00,1.4864799999999998,win,0.95,wickdiffs_3D_H4_ALL_20260121_202249.csv,99.4833333333332,1.0
3D,ALL,H4,H12,EURCAD,short,2023-06-27,2023-06-30,1.44006,1.45182,0.011760000000000215,2023-07-03 13:00:00,2023-07-03 17:00:00,1.44668,1.44704,2023-07-05 09:00:00,1.4416,1.4282999999999997,1.4556000000000002,2023-07-06 09:00:00,1.4556000000000002,loss,-1.0,wickdiffs_3D_H4_ALL_20260121_202249.csv,92.30454545454542,1.0
3D,ALL,H4,H12,EURCAD,short,2023-08-16,2023-08-21,1.47362,1.47856,0.0049400000000001665,2023-08-22 01:00:00,2023-08-22 05:00:00,1.47828,1.47848,2023-08-30 09:00:00,1.47817,1.4686799999999998,1.4881594736842108,2023-08-31 09:00:00,1.4686799999999998,win,0.9499999999999998,wickdiffs_3D_H4_ALL_20260121_202249.csv,91.56363636363642,1.0
3D,ALL,H4,H12,EURCAD,short,2024-05-06,2024-05-09,1.47502,1.47873,0.003710000000000102,2024-05-08 09:00:00,2024-05-08 13:00:00,1.47821,1.47873,2024-05-14 09:00:00,1.47696,1.47131,1.4829073684210528,2024-05-21 09:00:00,1.4829073684210528,loss,-1.0,wickdiffs_3D_H4_ALL_20260121_202249.csv,57.85909090909069,1.0
3D,ALL,H4,H12,EURCAD,short,2025-04-16,2025-04-21,1.57844,1.59614,0.017699999999999827,2025-04-23 09:00:00,2025-04-23 13:00:00,1.57918,1.57941,2025-04-24 09:00:00,1.57783,1.5607400000000002,1.59791,2025-04-30 09:00:00,1.5607400000000002,win,0.8510956175298772,wickdiffs_3D_H4_ALL_20260121_202249.csv,132.8833333333333,1.0
3D,ALL,H4,H12,EURCAD,short,2025-09-18,2025-09-23,1.63026,1.63588,0.005619999999999958,2025-09-23 17:00:00,2025-09-23 21:00:00,1.63509,1.63588,2025-09-29 09:00:00,1.63175,1.62464,1.6403780303030304,2025-10-03 09:00:00,1.6403780303030304,loss,-1.0,wickdiffs_3D_H4_ALL_20260121_202249.csv,86.28030303030317,1.0
3D,ALL,H4,H12,EURCHF,long,2015-03-10,2015-03-13,1.05151,1.06595,0.014440000000000008,2015-03-15 21:00:00,2015-03-16 01:00:00,1.0544,1.054585,2015-03-19 09:00:00,1.05513,1.08039,1.0285405263157894,2015-04-15 21:00:00,1.0285405263157894,loss,-1.0,wickdiffs_3D_H4_ALL_20260121_202249.csv,134.5090909090906,1.0
3D,ALL,H4,H12,EURCHF,long,2015-05-04,2015-05-07,1.030525,1.039685,0.009160000000000057,2015-05-11 05:00:00,2015-05-11 09:00:00,1.038755,1.03882,2015-05-12 09:00:00,1.041995,1.048845,1.029609,2015-05-15 09:00:00,1.048845,win,0.553043759082837,wickdiffs_3D_H4_ALL_20260121_202249.csv,85.35378787878778,1.0
3D,ALL,H4,H12,EURCHF,long,2015-06-18,2015-06-23,1.04031,1.04488,0.004569999999999963,2015-06-22 05:00:00,2015-06-22 09:00:00,1.0411,1.041785,2015-06-26 09:00:00,1.0423,1.04945,1.0347736842105264,2015-06-28 21:00:00,1.0347736842105264,loss,-1.0,wickdiffs_3D_H4_ALL_20260121_202249.csv,73.72272727272725,1.0
3D,ALL,H4,H12,EURCHF,long,2016-03-09,2016-03-14,1.08927,1.09544,0.006170000000000009,2016-03-16 13:00:00,2016-03-16 17:00:00,1.093975,1.094855,2016-03-17 09:00:00,1.095125,1.10161,1.0882986842105262,2016-03-21 21:00:00,1.0882986842105262,loss,-1.0,wickdiffs_3D_H4_ALL_20260121_202249.csv,59.31060606060618,1.0
3D,ALL,H4,H12,EURCHF,long,2016-09-19,2016-09-22,1.08562,1.08979,0.004170000000000007,2016-09-26 05:00:00,2016-09-26 09:00:00,1.08774,1.08799,2016-09-27 09:00:00,1.08892,1.09396,1.0836147368421054,2016-09-29 09:00:00,1.0836147368421054,loss,-1.0,wickdiffs_3D_H4_ALL_20260121_202249.csv,46.54015151515167,1.0
3D,ALL,H4,H12,EURCHF,long,2017-02-03,2017-02-08,1.06324,1.06573,0.0024900000000001032,2017-02-09 02:00:00,2017-02-09 06:00:00,1.06379,1.06383,2017-02-16 22:00:00,1.063955,1.0682200000000002,1.0594655263157893,2017-02-27 10:00:00,1.0682200000000002,win,0.95,wickdiffs_3D_H4_ALL_20260121_202249.csv,41.69393939393933,1.0
3D,ALL,H4,H12,EURCHF,long,2017-03-22,2017-03-27,1.0685,1.0706,0.0020999999999999908,2017-03-28 09:00:00,2017-03-28 13:00:00,1.0685,1.06858,2017-03-31 09:00:00,1.06867,1.0727,1.0644278947368422,2017-04-23 21:00:00,1.0727,win,0.95,wickdiffs_3D_H4_ALL_20260121_202249.csv,37.94696969696965,1.0
3D,ALL,H4,H12,EURCHF,long,2017-03-30,2017-04-04,1.06694,1.06854,0.0016000000000000458,2017-04-04 09:00:00,2017-04-04 13:00:00,1.06694,1.06708,2017-04-10 21:00:00,1.0679,1.07014,1.0642779545454546,2017-04-19 21:00:00,1.07014,win,0.6184350881596345,wickdiffs_3D_H4_ALL_20260121_202249.csv,36.22045454545451,1.0
3D,ALL,H4,H12,EURCHF,long,2018-10-01,2018-10-04,1.13124,1.13904,0.007800000000000029,2018-10-04 01:00:00,2018-10-04 05:00:00,1.13718,1.13728,2018-10-09 09:00:00,1.1398,1.14684,1.13046,2018-10-11 09:00:00,1.14684,win,0.7537473233404957,wickdiffs_3D_H4_ALL_20260121_202249.csv,57.97272727272737,1.0
3D,ALL,H4,H12,EURCHF,long,2018-10-12,2018-10-17,1.13921,1.14663,0.007419999999999982,2018-10-19 05:00:00,2018-10-19 09:00:00,1.13921,1.14021,2018-10-22 21:00:00,1.14104,1.15405,1.1273452631578949,2018-11-27 22:00:00,1.1273452631578949,loss,-1.0,wickdiffs_3D_H4_ALL_20260121_202249.csv,59.83030303030316,1.0
3D,ALL,H4,H12,EURCHF,long,2020-01-22,2020-01-27,1.06652,1.07078,0.0042600000000001526,2020-01-28 06:00:00,2020-01-28 10:00:00,1.06652,1.06723,2020-02-02 22:00:00,1.06756,1.0750400000000002,1.0596863157894736,2020-02-24 10:00:00,1.0596863157894736,loss,-1.0,wickdiffs_3D_H4_ALL_20260121_202249.csv,39.87878787878781,1.0
3D,ALL,H4,H12,EURCHF,long,2020-03-09,2020-03-12,1.05382,1.0577,0.0038800000000001056,2020-03-16 09:00:00,2020-03-16 13:00:00,1.05382,1.05437,2020-03-18 09:00:00,1.05646,1.0615800000000002,1.0510705263157891,2020-03-24 21:00:00,1.0615800000000002,win,0.95,wickdiffs_3D_H4_ALL_20260121_202249.csv,43.67575757575759,1.0
3D,ALL,H4,H12,EURCHF,long,2020-09-30,2020-10-05,1.07354,1.0784,0.0048600000000000865,2020-10-07 01:00:00,2020-10-07 05:00:00,1.0768,1.07698,2020-10-08 21:00:00,1.07724,1.0832600000000001,1.0709031578947368,2020-10-14 21:00:00,1.0709031578947368,loss,-1.0,wickdiffs_3D_H4_ALL_20260121_202249.csv,47.68636363636367,1.0
3D,ALL,H4,H12,EURCHF,long,2022-05-17,2022-05-20,1.02295,1.02978,0.006829999999999892,2022-05-23 09:00:00,2022-05-23 13:00:00,1.0262,1.02708,2022-05-25 09:00:00,1.02773,1.0366099999999998,1.0183826315789477,2022-06-06 09:00:00,1.0366099999999998,win,0.9499999999999998,wickdiffs_3D_H4_ALL_20260121_202249.csv,82.91818181818178,1.0
3D,ALL,H4,H12,EURCHF,long,2023-04-20,2023-04-25,0.97768,0.9805,0.0028200000000000447,2023-04-25 05:00:00,2023-04-25 09:00:00,0.97768,0.97774,2023-05-03 21:00:00,0.98032,0.9833200000000001,0.9746777272727273,2023-05-04 09:00:00,0.9746777272727273,loss,-1.0,wickdiffs_3D_H4_ALL_20260121_202249.csv,56.4227272727273,1.0
3D,ALL,H4,H12,EURCHF,long,2023-08-11,2023-08-16,0.95434,0.95795,0.003610000000000002,2023-08-17 17:00:00,2023-08-17 21:00:00,0.95434,0.95476,2023-08-22 09:00:00,0.95496,0.96156,0.9480126315789474,2023-09-20 21:00:00,0.96156,win,0.95,wickdiffs_3D_H4_ALL_20260121_202249.csv,44.92575757575757,1.0
3D,ALL,H4,H12,EURCHF,long,2025-05-20,2025-05-23,0.92934,0.9355,0.006159999999999943,2025-05-23 13:00:00,2025-05-23 17:00:00,0.9313,0.93218,2025-05-30 09:00:00,0.93368,0.9416599999999999,0.92528,2025-06-11 09:00:00,0.9416599999999999,win,0.9499999999999998,wickdiffs_3D_H4_ALL_20260121_202249.csv,71.67878787878783,1.0
3D,ALL,H4,H12,EURCHF,short,2015-06-05,2015-06-10,1.050005,1.055555,0.005549999999999944,2015-06-11 13:00:00,2015-06-11 17:00:00,1.05289,1.05315,2015-06-15 09:00:00,1.048765,1.0444550000000001,1.0565465909090908,2015-06-16 21:00:00,1.0444550000000001,win,0.5538713163351493,wickdiffs_3D_H4_ALL_20260121_202249.csv,77.81590909090912,1.0
3D,ALL,H4,H12,EURCHF,short,2015-07-27,2015-07-30,1.063045,1.06899,0.005945000000000089,2015-07-27 17:00:00,2015-07-27 21:00:00,1.067895,1.06899,2015-08-05 09:00:00,1.06779,1.0571,1.0790426315789474,2015-08-10 09:00:00,1.0790426315789474,loss,-1.0,wickdiffs_3D_H4_ALL_20260121_202249.csv,74.06742424242434,1.0
3D,ALL,H4,H12,EURCHF,short,2015-10-01,2015-10-06,1.09134,1.0948,0.0034600000000000186,2015-10-08 01:00:00,2015-10-08 05:00:00,1.094665,1.09478,2015-10-12 21:00:00,1.093505,1.08788,1.1010236363636363,2015-10-14 09:00:00,1.08788,win,0.7481409830119071,wickdiffs_3D_H4_ALL_20260121_202249.csv,75.18636363636378,1.0
3D,ALL,H4,H12,EURCHF,short,2015-12-03,2015-12-08,1.083825,1.09396,0.010135000000000005,2015-12-10 06:00:00,2015-12-10 10:00:00,1.084395,1.08477,2015-12-14 22:00:00,1.08353,1.07369,1.0949735,2016-01-13 10:00:00,1.0949735,loss,-1.0,wickdiffs_3D_H4_ALL_20260121_202249.csv,64.33787878787892,1.0
3D,ALL,H4,H12,EURCHF,short,2017-02-21,2017-02-24,1.06502,1.06876,0.0037399999999998546,2017-02-28 10:00:00,2017-02-28 14:00:00,1.06536,1.06571,2017-03-01 10:00:00,1.06406,1.0612800000000002,1.069134,2017-03-03 10:00:00,1.069134,loss,-1.0,wickdiffs_3D_H4_ALL_20260121_202249.csv,39.77196969696965,1.0
3D,ALL,H4,H12,EURCHF,short,2017-03-01,2017-03-06,1.070405,1.0747,0.004294999999999938,2017-03-07 10:00:00,2017-03-07 14:00:00,1.07392,1.0747,2017-03-09 10:00:00,1.07067,1.0661100000000001,1.07547,2017-03-10 10:00:00,1.07547,loss,-1.0,wickdiffs_3D_H4_ALL_20260121_202249.csv,39.38030303030301,1.0
3D,ALL,H4,H12,EURCHF,short,2017-11-24,2017-11-29,1.16531,1.17372,0.008410000000000029,2017-12-01 10:00:00,2017-12-01 14:00:00,1.1708,1.17156,2017-12-07 10:00:00,1.170625,1.1569,1.1850723684210527,2018-01-29 10:00:00,1.1569,win,0.95,wickdiffs_3D_H4_ALL_20260121_202249.csv,60.36363636363643,1.0
3D,ALL,H4,H12,EURCHF,short,2018-01-01,2018-01-04,1.17385,1.177865,0.00401499999999988,2018-01-07 22:00:00,2018-01-08 02:00:00,1.174445,1.1747,2018-01-09 22:00:00,1.172905,1.1698350000000002,1.1784435606060608,2018-01-10 10:00:00,1.1698350000000002,win,0.5542956407555661,wickdiffs_3D_H4_ALL_20260121_202249.csv,55.38560606060616,1.0
3D,ALL,H4,H12,EURCHF,short,2018-03-26,2018-03-29,1.177405,1.18037,0.0029649999999998844,2018-03-28 09:00:00,2018-03-28 13:00:00,1.180095,1.18037,2018-04-04 09:00:00,1.17974,1.1744400000000002,1.1856902272727272,2018-04-10 21:00:00,1.1856902272727272,loss,-1.0,wickdiffs_3D_H4_ALL_20260121_202249.csv,59.50227272727271,1.0
3D,ALL,H4,H12,EURCHF,short,2018-09-26,2018-10-01,1.13929,1.14288,0.003589999999999982,2018-10-01 05:00:00,2018-10-01 09:00:00,1.1427,1.14288,2018-10-04 09:00:00,1.14181,1.1357,1.1482415789473686,2018-10-11 09:00:00,1.1482415789473686,loss,-1.0,wickdiffs_3D_H4_ALL_20260121_202249.csv,57.29545454545462,1.0
3D,ALL,H4,H12,EURCHF,short,2018-12-03,2018-12-06,1.13174,1.13488,0.0031400000000001427,2018-12-04 10:00:00,2018-12-04 14:00:00,1.1346,1.13488,2018-12-19 22:00:00,1.13358,1.1285999999999998,1.1390875757575758,2018-12-24 10:00:00,1.1285999999999998,win,0.9042090784044385,wickdiffs_3D_H4_ALL_20260121_202249.csv,55.07575757575761,1.0
3D,ALL,H4,H12,EURCHF,short,2019-02-15,2019-02-20,1.13536,1.13738,0.002020000000000133,2019-02-21 10:00:00,2019-02-21 14:00:00,1.1365,1.13688,2019-02-25 10:00:00,1.13638,1.1333399999999998,1.1412286363636364,2019-02-28 10:00:00,1.1333399999999998,win,0.6269804068623154,wickdiffs_3D_H4_ALL_20260121_202249.csv,48.48636363636378,1.0
3D,ALL,H4,H12,EURCHF,short,2020-08-03,2020-08-06,1.0778,1.08384,0.006039999999999823,2020-08-10 09:00:00,2020-08-10 13:00:00,1.07892,1.07925,2020-08-11 09:00:00,1.07635,1.0717600000000003,1.084444,2020-08-19 09:00:00,1.084444,loss,-1.0,wickdiffs_3D_H4_ALL_20260121_202249.csv,55.3833333333333,1.0
3D,ALL,H4,H12,EURCHF,short,2020-08-14,2020-08-19,1.0783,1.08494,0.006639999999999979,2020-08-19 13:00:00,2020-08-19 17:00:00,1.0849,1.08494,2020-09-01 09:00:00,1.08318,1.07166,1.0953063157894738,2020-10-14 21:00:00,1.07166,win,0.95,wickdiffs_3D_H4_ALL_20260121_202249.csv,54.24393939393935,1.0
3D,ALL,H4,H12,EURCHF,short,2021-01-06,2021-01-11,1.08213,1.0868,0.004669999999999952,2021-01-11 10:00:00,2021-01-11 14:00:00,1.0834,1.08406,2021-02-05 10:00:00,1.08277,1.07746,1.0883594736842104,2021-02-21 22:00:00,1.0883594736842104,loss,-1.0,wickdiffs_3D_H4_ALL_20260121_202249.csv,38.60757575757592,1.0
3D,ALL,H4,H12,EURCHF,short,2021-09-02,2021-09-07,1.08634,1.09014,0.0038000000000000256,2021-09-08 13:00:00,2021-09-08 17:00:00,1.09,1.09014,2021-09-13 21:00:00,1.08965,1.08254,1.0971342105263158,2021-09-21 09:00:00,1.08254,win,0.95,wickdiffs_3D_H4_ALL_20260121_202249.csv,36.14848484848499,1.0
3D,ALL,H4,H12,EURCHF,short,2021-12-21,2021-12-24,1.04026,1.04347,0.003209999999999935,2021-12-27 02:00:00,2021-12-27 06:00:00,1.04104,1.04115,2022-01-06 10:00:00,1.04087,1.03705,1.0449865151515152,2022-01-07 10:00:00,1.0449865151515152,loss,-1.0,wickdiffs_3D_H4_ALL_20260121_202249.csv,41.16515151515164,1.0
3D,ALL,H4,H12,EURCHF,short,2022-11-17,2022-11-22,0.98209,0.98913,0.007039999999999935,2022-11-18 10:00:00,2022-11-18 14:00:00,0.98852,0.98913,2022-11-28 10:00:00,0.98116,0.9750500000000001,0.989834,2022-12-05 10:00:00,0.989834,loss,-1.0,wickdiffs_3D_H4_ALL_20260121_202249.csv,78.99999999999996,1.0
3D,ALL,H4,H12,EURCHF,short,2023-02-24,2023-03-01,0.99628,1.0042,0.007919999999999927,2023-03-03 14:00:00,2023-03-03 18:00:00,0.99663,0.99664,2023-03-06 10:00:00,0.99432,0.9883600000000001,1.0049919999999999,2023-03-09 10:00:00,0.9883600000000001,win,0.5584707646176825,wickdiffs_3D_H4_ALL_20260121_202249.csv,56.49545454545454,1.0
3D,ALL,H4,H12,EURCHF,short,2024-04-26,2024-05-01,0.98067,0.98372,0.003049999999999997,2024-05-02 01:00:00,2024-05-02 05:00:00,0.98244,0.98262,2024-05-15 09:00:00,0.98195,0.97762,0.9865289393939394,2024-05-16 21:00:00,0.9865289393939394,loss,-1.0,wickdiffs_3D_H4_ALL_20260121_202249.csv,45.78939393939397,1.0
3D,ALL,H4,H12,EURCHF,short,2024-09-17,2024-09-20,0.94594,0.9504,0.0044600000000000195,2024-09-23 01:00:00,2024-09-23 05:00:00,0.95012,0.95014,2024-09-25 09:00:00,0.94676,0.94148,0.9523657575757576,2024-09-26 21:00:00,0.94148,win,0.9418887507432968,wickdiffs_3D_H4_ALL_20260121_202249.csv,56.05757575757562,1.0
3D,ALL,H4,H12,EURGBP,long,2015-03-10,2015-03-13,0.701445,0.714695,0.013249999999999984,2015-03-16 05:00:00,2015-03-16 09:00:00,0.711075,0.711805,2015-04-22 21:00:00,0.715085,0.727945,0.70012,2015-04-30 09:00:00,0.727945,win,0.8593384563982611,wickdiffs_3D_H4_ALL_20260121_202249.csv,69.85378787878784,1.0
3D,ALL,H4,H12,EURGBP,long,2015-10-30,2015-11-04,0.7042,0.710935,0.0067349999999999355,2015-11-05 06:00:00,2015-11-05 10:00:00,0.7042,0.705175,2015-11-11 10:00:00,0.706275,0.7176699999999999,0.6942802631578948,2015-12-03 10:00:00,0.7176699999999999,win,0.95,wickdiffs_3D_H4_ALL_20260121_202249.csv,71.65151515151514,1.0
3D,ALL,H4,H12,EURGBP,long,2015-11-17,2015-11-20,0.6983,0.701965,0.0036649999999999183,2015-11-24 02:00:00,2015-11-24 06:00:00,0.70153,0.701805,2015-11-25 10:00:00,0.70222,0.7056299999999999,0.6955515909090909,2015-12-01 22:00:00,0.7056299999999999,win,0.5113663474319083,wickdiffs_3D_H4_ALL_20260121_202249.csv,66.68409090909088,1.0
3D,ALL,H4,H12,EURGBP,long,2017-06-22,2017-06-27,0.87636,0.87888,0.0025199999999999667,2017-06-23 05:00:00,2017-06-23 09:00:00,0.87636,0.87663,2017-06-30 09:00:00,0.8771,0.8814,0.8707412121212121,2017-07-06 09:00:00,0.8814,win,0.6762295081967162,wickdiffs_3D_H4_ALL_20260121_202249.csv,63.58787878787883,1.0
3D,ALL,H4,H12,EURGBP,long,2017-07-21,2017-07-26,0.88913,0.894145,0.005014999999999992,2017-07-27 21:00:00,2017-07-28 01:00:00,0.89289,0.89294,2017-07-31 21:00:00,0.893205,0.89916,0.8869365789473685,2017-08-03 09:00:00,0.89916,win,0.95,wickdiffs_3D_H4_ALL_20260121_202249.csv,62.62878787878789,1.0
3D,ALL,H4,H12,EURGBP,long,2017-10-10,2017-10-13,0.8856,0.89191,0.006309999999999927,2017-10-17 13:00:00,2017-10-17 17:00:00,0.89078,0.89116,2017-10-18 09:00:00,0.89268,0.8982199999999999,0.8849690000000001,2017-10-19 09:00:00,0.8982199999999999,win,0.7184541563999405,wickdiffs_3D_H4_ALL_20260121_202249.csv,66.33560606060607,1.0
3D,ALL,H4,H12,EURGBP,long,2018-03-21,2018-03-26,0.86682,0.874125,0.007305000000000006,2018-03-26 05:00:00,2018-03-26 09:00:00,0.871695,0.87222,2018-04-03 09:00:00,0.87273,0.88143,0.8635721052631579,2018-04-12 21:00:00,0.8635721052631579,loss,-1.0,wickdiffs_3D_H4_ALL_20260121_202249.csv,54.78484848484841,1.0
3D,ALL,H4,H12,EURGBP,long,2019-03-21,2019-03-26,0.84838,0.85708,0.00869999999999993,2019-03-28 01:00:00,2019-03-28 05:00:00,0.85275,0.85292,2019-04-01 09:00:00,0.85539,0.8657799999999999,0.844453157894737,2019-04-16 09:00:00,0.8657799999999999,win,0.95,wickdiffs_3D_H4_ALL_20260121_202249.csv,73.47121212121218,1.0
3D,ALL,H4,H12,EURGBP,long,2020-01-22,2020-01-27,0.83888,0.84338,0.0045000000000000595,2020-01-27 06:00:00,2020-01-27 10:00:00,0.84088,0.84153,2020-01-30 10:00:00,0.84251,0.8478800000000001,0.8368573684210525,2020-02-03 10:00:00,0.8478800000000001,win,0.95,wickdiffs_3D_H4_ALL_20260121_202249.csv,52.88636363636373,1.0
3D,ALL,H4,H12,EURGBP,long,2021-02-22,2021-02-25,0.85387,0.86041,0.00653999999999999,2021-02-25 02:00:00,2021-02-25 06:00:00,0.8597,0.85973,2021-03-04 10:00:00,0.86121,0.86695,0.853216,2021-03-28 21:00:00,0.853216,loss,-1.0,wickdiffs_3D_H4_ALL_20260121_202249.csv,64.44545454545455,1.0
3D,ALL,H4,H12,EURGBP,long,2021-04-29,2021-05-04,0.86238,0.86718,0.0047999999999999154,2021-05-05 21:00:00,2021-05-06 01:00:00,0.86296,0.86312,2021-05-09 21:00:00,0.8638,0.8719799999999999,0.8551894736842107,2021-06-16 21:00:00,0.8551894736842107,loss,-1.0,wickdiffs_3D_H4_ALL_20260121_202249.csv,48.02272727272723,1.0
3D,ALL,H4,H12,EURGBP,long,2021-07-01,2021-07-06,0.85355,0.85686,0.003309999999999924,2021-07-06 09:00:00,2021-07-06 13:00:00,0.85355,0.85383,2021-07-11 21:00:00,0.85646,0.8601699999999999,0.8520943939393939,2021-07-13 21:00:00,0.8520943939393939,loss,-1.0,wickdiffs_3D_H4_ALL_20260121_202249.csv,43.65606060606064,1.0
3D,ALL,H4,H12,EURGBP,long,2021-09-07,2021-09-10,0.85106,0.85465,0.003589999999999982,2021-09-14 09:00:00,2021-09-14 13:00:00,0.85108,0.85112,2021-09-16 09:00:00,0.8532,0.85824,0.8478947368421051,2021-09-20 09:00:00,0.85824,win,0.9499999999999998,wickdiffs_3D_H4_ALL_20260121_202249.csv,37.94545454545455,1.0
3D,ALL,H4,H12,EURGBP,long,2021-12-13,2021-12-16,0.84536,0.85168,0.006319999999999992,2021-12-17 18:00:00,2021-12-19 22:00:00,0.84849,0.84881,2021-12-21 22:00:00,0.84926,0.858,0.84006,2021-12-29 22:00:00,0.84006,loss,-1.0,wickdiffs_3D_H4_ALL_20260121_202249.csv,47.14848484848496,1.0
3D,ALL,H4,H12,EURGBP,long,2022-01-14,2022-01-19,0.83056,0.83304,0.0024800000000000377,2022-01-20 14:00:00,2022-01-20 18:00:00,0.83056,0.83059,2022-01-28 10:00:00,0.83171,0.83552,0.8272786363636363,2022-01-31 10:00:00,0.83552,win,0.8597804903067168,wickdiffs_3D_H4_ALL_20260121_202249.csv,44.31363636363646,1.0
3D,ALL,H4,H12,EURGBP,long,2022-04-13,2022-04-18,0.82498,0.82837,0.003390000000000004,2022-04-15 01:00:00,2022-04-15 05:00:00,0.82624,0.82652,2024-11-11 10:00:00,0.82801,0.83176,0.8240626315789473,2024-11-12 10:00:00,0.83176,win,0.95,wickdiffs_3D_H4_ALL_20260121_202249.csv,36.29393939393939,1.0
3D,ALL,H4,H12,EURGBP,long,2022-05-12,2022-05-17,0.83934,0.84681,0.007469999999999977,2022-05-18 01:00:00,2022-05-18 05:00:00,0.84336,0.8439,2022-05-22 21:00:00,0.84682,0.8542799999999999,0.8385929999999999,2022-05-23 21:00:00,0.8542799999999999,win,0.9067703901786587,wickdiffs_3D_H4_ALL_20260121_202249.csv,60.29545454545455,1.0
3D,ALL,H4,H12,EURGBP,long,2023-03-14,2023-03-17,0.87186,0.87627,0.004410000000000025,2023-03-20 21:00:00,2023-03-21 01:00:00,0.87302,0.87306,2023-04-04 09:00:00,0.8765,0.88068,0.8709134848484847,2023-04-12 09:00:00,0.88068,win,0.7482303165089211,wickdiffs_3D_H4_ALL_20260121_202249.csv,55.8651515151516,1.0
3D,ALL,H4,H12,EURGBP,long,2023-07-21,2023-07-26,0.85443,0.85684,0.0024100000000000232,2023-07-28 09:00:00,2023-07-28 13:00:00,0.85499,0.85542,2023-07-31 21:00:00,0.8557,0.8592500000000001,0.8511509090909091,2023-08-01 09:00:00,0.8592500000000001,win,0.7803756994404578,wickdiffs_3D_H4_ALL_20260121_202249.csv,45.49090909090918,1.0
3D,ALL,H4,H12,EURGBP,long,2023-11-03,2023-11-08,0.86498,0.86994,0.0049600000000000755,2023-11-09 06:00:00,2023-11-09 10:00:00,0.86933,0.86958,2023-11-14 10:00:00,0.87046,0.8749000000000001,0.8644839999999999,2023-11-15 22:00:00,0.8749000000000001,win,0.7429718875502078,wickdiffs_3D_H4_ALL_20260121_202249.csv,36.33636363636359,1.0
3D,ALL,H4,H12,EURGBP,long,2024-02-12,2024-02-15,0.84984,0.85378,0.0039399999999999435,2024-02-15 02:00:00,2024-02-15 06:00:00,0.85354,0.85366,2024-02-23 10:00:00,0.85397,0.8577199999999999,0.849446,2024-03-21 09:00:00,0.8577199999999999,win,0.8289124668434887,wickdiffs_3D_H4_ALL_20260121_202249.csv,33.92424242424244,1.0
3D,ALL,H4,H12,EURGBP,long,2024-10-16,2024-10-21,0.8295,0.83233,0.002829999999999999,2024-10-23 05:00:00,2024-10-23 09:00:00,0.83035,0.83066,2024-10-29 09:00:00,0.83115,0.83516,0.8269289473684212,2024-10-30 09:00:00,0.83516,win,0.95,wickdiffs_3D_H4_ALL_20260121_202249.csv,36.44090909090914,1.0
3D,ALL,H4,H12,EURGBP,long,2025-01-30,2025-02-04,0.82916,0.8309,0.0017399999999999638,2025-02-03 14:00:00,2025-02-03 18:00:00,0.82916,0.8292,2025-02-17 22:00:00,0.83,0.8326399999999999,0.826155,2025-02-27 10:00:00,0.826155,loss,-1.0,wickdiffs_3D_H4_ALL_20260121_202249.csv,38.45000000000005,1.0
3D,ALL,H4,H12,EURGBP,short,2016-07-13,2016-07-18,0.83683,0.847005,0.010175000000000045,2016-07-19 21:00:00,2016-07-20 01:00:00,0.84189,0.84241,2016-07-22 09:00:00,0.83738,0.8266549999999999,0.8486694736842106,2016-08-01 09:00:00,0.8486694736842106,loss,-1.0,wickdiffs_3D_H4_ALL_20260121_202249.csv,98.26893939393946,1.0
3D,ALL,H4,H12,EURGBP,short,2016-12-28,2017-01-02,0.85255,0.86693,0.014379999999999948,2016-12-30 14:00:00,2016-12-30 18:00:00,0.85564,0.85608,2017-01-05 10:00:00,0.85413,0.8381700000000001,0.8709299999999998,2017-01-09 22:00:00,0.8709299999999998,loss,-1.0,wickdiffs_3D_H4_ALL_20260121_202249.csv,92.72954545454547,1.0
3D,ALL,H4,H12,EURGBP,short,2017-01-18,2017-01-23,0.86478,0.87076,0.005979999999999985,2017-01-20 10:00:00,2017-01-20 14:00:00,0.86688,0.86724,2017-03-06 22:00:00,0.865695,0.8588,0.8736559848484848,2017-03-10 10:00:00,0.8736559848484848,loss,-1.0,wickdiffs_3D_H4_ALL_20260121_202249.csv,79.60984848484847,1.0
3D,ALL,H4,H12,EURGBP,short,2017-07-10,2017-07-13,0.885675,0.89496,0.009284999999999988,2017-07-13 01:00:00,2017-07-13 05:00:00,0.88688,0.88738,2017-07-18 09:00:00,0.88599,0.87639,0.8960952631578949,2017-07-20 09:00:00,0.8960952631578949,loss,-1.0,wickdiffs_3D_H4_ALL_20260121_202249.csv,64.2840909090909,1.0
3D,ALL,H4,H12,EURGBP,short,2017-11-13,2017-11-16,0.895245,0.90144,0.006195000000000062,2017-11-17 10:00:00,2017-11-17 14:00:00,0.89533,0.89542,2017-11-24 10:00:00,0.89458,0.8890499999999999,0.9020595,2017-11-28 10:00:00,0.8890499999999999,win,0.7393542349087728,wickdiffs_3D_H4_ALL_20260121_202249.csv,69.6666666666667,1.0
3D,ALL,H4,H12,EURGBP,short,2018-02-02,2018-02-07,0.88719,0.8911,0.003909999999999969,2018-02-06 10:00:00,2018-02-06 14:00:00,0.8909,0.8911,2018-02-13 10:00:00,0.88908,0.8832800000000001,0.8952864393939394,2018-02-19 22:00:00,0.8832800000000001,win,0.9345132743362685,wickdiffs_3D_H4_ALL_20260121_202249.csv,62.06439393939402,1.0
3D,ALL,H4,H12,EURGBP,short,2018-07-25,2018-07-30,0.8893,0.8936,0.0042999999999999705,2018-08-01 01:00:00,2018-08-01 05:00:00,0.89138,0.89174,2018-08-02 09:00:00,0.89007,0.885,0.8954068421052632,2018-08-07 09:00:00,0.8954068421052632,loss,-1.0,wickdiffs_3D_H4_ALL_20260121_202249.csv,47.73484848484864,1.0
3D,ALL,H4,H12,EURGBP,short,2018-09-21,2018-09-26,0.89258,0.89958,0.007000000000000006,2018-09-27 01:00:00,2018-09-27 05:00:00,0.89336,0.89368,2018-10-30 09:00:00,0.89272,0.88558,0.9002800000000001,2018-10-31 09:00:00,0.88558,win,0.9444444444444191,wickdiffs_3D_H4_ALL_20260121_202249.csv,49.5257575757577,1.0
3D,ALL,H4,H12,EURGBP,short,2019-01-01,2019-01-04,0.90172,0.90748,0.005759999999999987,2019-01-03 02:00:00,2019-01-03 06:00:00,0.90602,0.90642,2019-01-10 22:00:00,0.90335,0.89596,0.9111289473684211,2019-01-11 10:00:00,0.89596,win,0.95,wickdiffs_3D_H4_ALL_20260121_202249.csv,60.139393939394,1.0
3D,ALL,H4,H12,EURGBP,short,2019-02-28,2019-03-05,0.86044,0.86458,0.0041400000000000325,2019-03-05 10:00:00,2019-03-05 14:00:00,0.86386,0.86458,2019-03-08 10:00:00,0.86316,0.8563,0.870381052631579,2019-03-11 09:00:00,0.8563,win,0.95,wickdiffs_3D_H4_ALL_20260121_202249.csv,64.56818181818181,1.0
3D,ALL,H4,H12,EURGBP,short,2020-07-13,2020-07-16,0.90682,0.9138,0.006979999999999986,2020-07-20 01:00:00,2020-07-20 05:00:00,0.91316,0.9138,2020-07-22 09:00:00,0.90856,0.89984,0.9177389473684211,2020-07-31 09:00:00,0.89984,win,0.9499999999999998,wickdiffs_3D_H4_ALL_20260121_202249.csv,66.99848484848486,1.0
3D,ALL,H4,H12,EURGBP,short,2020-11-11,2020-11-16,0.89658,0.90044,0.0038599999999999746,2020-11-16 06:00:00,2020-11-16 10:00:00,0.89943,0.89952,2020-11-27 10:00:00,0.89826,0.8927200000000001,0.9050746969696969,2020-12-02 10:00:00,0.9050746969696969,loss,-1.0,wickdiffs_3D_H4_ALL_20260121_202249.csv,68.14696969696966,1.0
3D,ALL,H4,H12,EURGBP,short,2021-03-10,2021-03-15,0.85845,0.86398,0.005529999999999924,2021-03-16 05:00:00,2021-03-16 09:00:00,0.8633,0.86398,2021-03-23 09:00:00,0.86159,0.8529200000000001,0.8707163157894735,2021-03-28 21:00:00,0.8529200000000001,win,0.95,wickdiffs_3D_H4_ALL_20260121_202249.csv,55.98484848484845,1.0
3D,ALL,H4,H12,EURGBP,short,2021-07-30,2021-08-04,0.85256,0.8558,0.0032400000000000206,2021-08-04 09:00:00,2021-08-04 13:00:00,0.85298,0.85326,2021-08-17 09:00:00,0.85206,0.84932,0.8561283333333334,2021-08-19 09:00:00,0.8561283333333334,loss,-1.0,wickdiffs_3D_H4_ALL_20260121_202249.csv,40.68333333333333,1.0
3D,ALL,H4,H12,EURGBP,short,2022-08-30,2022-09-02,0.86169,0.86768,0.005990000000000051,2022-09-02 09:00:00,2022-09-02 13:00:00,0.86753,0.86768,2022-09-07 09:00:00,0.86735,0.8556999999999999,0.8796131578947368,2022-09-23 09:00:00,0.8796131578947368,loss,-1.0,wickdiffs_3D_H4_ALL_20260121_202249.csv,61.38030303030301,1.0
3D,ALL,H4,H12,EURGBP,short,2022-09-07,2022-09-12,0.86648,0.87226,0.005780000000000007,2022-09-12 05:00:00,2022-09-12 09:00:00,0.87178,0.87226,2022-09-15 09:00:00,0.87168,0.8607,0.8832378947368421,2022-09-23 09:00:00,0.8832378947368421,loss,-1.0,wickdiffs_3D_H4_ALL_20260121_202249.csv,58.69545454545455,1.0
3D,ALL,H4,H12,EURJPY,long,2015-01-22,2015-01-27,130.1565,133.114,2.9575000000000102,2015-01-28 18:00:00,2015-01-28 22:00:00,132.3955,132.451,2015-01-30 10:00:00,132.666,136.07150000000001,129.0812631578947,2015-02-11 10:00:00,136.07150000000001,win,0.95,wickdiffs_3D_H4_ALL_20260121_202249.csv,154.0704545454545,1.0
3D,ALL,H4,H12,EURJPY,long,2015-03-13,2015-03-18,126.9085,128.625,1.7164999999999964,2015-03-19 13:00:00,2015-03-19 17:00:00,128.367,128.428,2015-04-01 09:00:00,128.8885,130.3415,126.73685,2015-04-02 09:00:00,130.3415,win,0.6752957032974741,wickdiffs_3D_H4_ALL_20260121_202249.csv,171.1333333333336,1.0
3D,ALL,H4,H12,EURJPY,long,2015-04-13,2015-04-16,126.097,127.289,1.1920000000000073,2015-04-16 05:00:00,2015-04-16 09:00:00,126.749,126.7955,2016-01-06 22:00:00,127.493,128.481,125.97779999999999,2016-01-07 10:00:00,128.481,win,0.6520591341077051,wickdiffs_3D_H4_ALL_20260121_202249.csv,106.8545454545456,1.0
3D,ALL,H4,H12,EURJPY,long,2016-09-01,2016-09-06,113.8145,115.299,1.4845000000000113,2016-09-07 09:00:00,2016-09-07 13:00:00,114.0215,114.034,2016-09-12 21:00:00,114.319,116.78350000000002,111.7247894736842,2016-11-14 22:00:00,116.78350000000002,win,0.95,wickdiffs_3D_H4_ALL_20260121_202249.csv,153.2553030303031,1.0
3D,ALL,H4,H12,EURJPY,long,2017-05-16,2017-05-19,122.56,123.782,1.2219999999999942,2017-05-18 21:00:00,2017-05-19 01:00:00,123.387,123.612,2017-05-29 21:00:00,123.643,125.00399999999999,122.21036842105265,2017-06-01 09:00:00,125.00399999999999,win,0.9499999999999998,wickdiffs_3D_H4_ALL_20260121_202249.csv,105.2333333333333,1.0
3D,ALL,H4,H12,EURJPY,long,2017-05-24,2017-05-29,123.16,124.475,1.3149999999999977,2017-05-30 01:00:00,2017-05-30 05:00:00,123.16,123.2495,2017-06-05 21:00:00,123.4545,125.78999999999999,120.99607894736842,2017-06-27 09:00:00,125.78999999999999,win,0.95,wickdiffs_3D_H4_ALL_20260121_202249.csv,104.0590909090909,1.0
3D,ALL,H4,H12,EURJPY,long,2017-06-06,2017-06-09,122.634,123.38,0.7459999999999951,2017-06-12 13:00:00,2017-06-12 17:00:00,122.796,122.832,2017-06-14 09:00:00,122.927,124.12599999999999,121.66489473684213,2017-06-15 21:00:00,124.12599999999999,win,0.95,wickdiffs_3D_H4_ALL_20260121_202249.csv,103.7803030303029,1.0
3D,ALL,H4,H12,EURJPY,long,2017-07-10,2017-07-13,128.494,129.1465,0.6525000000000034,2017-07-14 09:00:00,2017-07-14 13:00:00,128.595,128.64,2017-07-19 09:00:00,128.9135,129.799,127.85466666666666,2017-07-20 09:00:00,129.799,win,0.836297812057303,wickdiffs_3D_H4_ALL_20260121_202249.csv,105.8833333333333,1.0
3D,ALL,H4,H12,EURJPY,long,2017-08-16,2017-08-21,127.564,128.4375,0.873500000000007,2017-08-21 05:00:00,2017-08-21 09:00:00,127.84,127.949,2018-05-24 09:00:00,128.038,129.311,126.69800000000002,2018-05-28 21:00:00,126.69800000000002,loss,-1.0,wickdiffs_3D_H4_ALL_20260121_202249.csv,96.35530303030292,1.0
3D,ALL,H4,H12,EURJPY,long,2019-01-01,2019-01-04,118.484,122.663,4.179000000000002,2019-01-03 18:00:00,2019-01-03 22:00:00,122.405,122.588,2019-05-08 21:00:00,122.747,126.842,118.06609999999999,2019-08-04 21:00:00,118.06609999999999,loss,-1.0,wickdiffs_3D_H4_ALL_20260121_202249.csv,69.19393939393944,1.0
3D,ALL,H4,H12,EURJPY,long,2019-01-14,2019-01-17,123.398,124.272,0.8740000000000094,2019-01-17 06:00:00,2019-01-17 10:00:00,123.742,123.86,2019-01-24 10:00:00,123.904,125.14600000000002,122.59663157894734,2019-01-25 10:00:00,125.14600000000002,win,0.95,wickdiffs_3D_H4_ALL_20260121_202249.csv,100.2651515151515,1.0
3D,ALL,H4,H12,EURJPY,long,2020-03-17,2020-03-20,116.904,118.374,1.4699999999999989,2020-03-18 13:00:00,2020-03-18 17:00:00,116.904,117.012,2020-04-01 09:00:00,117.493,119.844,115.01826315789474,2020-05-05 21:00:00,115.01826315789474,loss,-1.0,wickdiffs_3D_H4_ALL_20260121_202249.csv,113.9007575757576,1.0
3D,ALL,H4,H12,EURJPY,long,2021-07-14,2021-07-19,128.598,129.958,1.3599999999999852,2021-07-21 09:00:00,2021-07-21 13:00:00,129.536,129.65,2021-07-22 09:00:00,129.668,131.31799999999998,127.93115789473687,2021-10-13 09:00:00,131.31799999999998,win,0.95,wickdiffs_3D_H4_ALL_20260121_202249.csv,69.13787878787872,1.0
3D,ALL,H4,H12,EURJPY,long,2022-02-09,2022-02-14,130.046,131.046,1.0,2022-02-14 06:00:00,2022-02-14 10:00:00,130.046,130.103,2022-02-20 22:00:00,130.528,132.046,128.93010526315788,2022-02-23 22:00:00,128.93010526315788,loss,-1.0,wickdiffs_3D_H4_ALL_20260121_202249.csv,89.87727272727285,1.0
3D,ALL,H4,H12,EURJPY,long,2022-06-10,2022-06-15,137.845,141.1,3.2549999999999955,2022-06-16 09:00:00,2022-06-16 13:00:00,137.845,138.398,2022-07-05 21:00:00,138.518,144.355,132.3737894736842,2022-09-08 21:00:00,144.355,win,0.9499999999999998,wickdiffs_3D_H4_ALL_20260121_202249.csv,154.5000000000001,1.0
3D,ALL,H4,H12,EURJPY,long,2022-08-01,2022-08-04,133.398,136.126,2.7280000000000086,2022-08-03 01:00:00,2022-08-03 05:00:00,134.828,135.102,2022-08-15 21:00:00,135.8,138.854,132.58526315789476,2022-08-29 09:00:00,138.854,win,0.95,wickdiffs_3D_H4_ALL_20260121_202249.csv,163.7484848484851,1.0
3D,ALL,H4,H12,EURJPY,long,2023-03-14,2023-03-17,138.83,141.962,3.1319999999999766,2023-03-20 05:00:00,2023-03-20 09:00:00,138.83,139.383,2023-03-24 09:00:00,140.644,145.09399999999997,135.95978947368425,2023-03-30 21:00:00,145.09399999999997,win,0.95,wickdiffs_3D_H4_ALL_20260121_202249.csv,156.559090909091,1.0
3D,ALL,H4,H12,EURJPY,long,2023-07-26,2023-07-31,151.412,155.477,4.064999999999998,2023-07-30 21:00:00,2023-07-31 01:00:00,155.112,155.222,2023-10-03 09:00:00,156.053,159.542,151.0055,2023-10-23 09:00:00,159.542,win,0.6912332838038662,wickdiffs_3D_H4_ALL_20260121_202249.csv,123.5499999999997,1.0
3D,ALL,H4,H12,EURJPY,long,2023-08-29,2023-09-01,157.054,157.809,0.7549999999999955,2023-09-01 09:00:00,2023-09-01 13:00:00,157.054,157.179,2023-09-07 21:00:00,157.902,158.564,156.6181212121212,2023-09-10 21:00:00,156.6181212121212,loss,-1.0,wickdiffs_3D_H4_ALL_20260121_202249.csv,128.3878787878785,1.0
3D,ALL,H4,H12,EURJPY,long,2023-12-12,2023-12-15,153.862,155.962,2.0999999999999943,2023-12-18 22:00:00,2023-12-19 02:00:00,155.388,155.568,2024-01-01 22:00:00,155.931,158.06199999999998,153.652,2024-01-04 10:00:00,158.06199999999998,win,0.9350592365072175,wickdiffs_3D_H4_ALL_20260121_202249.csv,132.339393939394,1.0
3D,ALL,H4,H12,EURJPY,long,2023-12-20,2023-12-25,156.13,156.886,0.7560000000000002,2023-12-22 06:00:00,2023-12-22 10:00:00,156.326,156.35,2023-12-28 10:00:00,156.446,157.642,155.14863636363637,2024-01-02 10:00:00,155.14863636363637,loss,-1.0,wickdiffs_3D_H4_ALL_20260121_202249.csv,129.7363636363636,1.0
3D,ALL,H4,H12,EURJPY,long,2024-08-01,2024-08-06,154.414,157.891,3.477000000000004,2024-08-06 09:00:00,2024-08-06 13:00:00,157.296,157.523,2024-09-06 09:00:00,157.754,161.368,153.9497894736842,2024-09-25 09:00:00,161.368,win,0.95,wickdiffs_3D_H4_ALL_20260121_202249.csv,164.9106060606059,1.0
3D,ALL,H4,H12,EURJPY,long,2025-02-04,2025-02-07,155.678,157.29,1.6119999999999948,2025-02-11 02:00:00,2025-02-11 06:00:00,156.331,156.378,2025-02-20 10:00:00,157.135,158.902,155.275,2025-02-27 22:00:00,155.275,loss,-1.0,wickdiffs_3D_H4_ALL_20260121_202249.csv,164.289393939394,1.0
3D,ALL,H4,H12,EURJPY,long,2025-10-01,2025-10-06,172.268,175.216,2.9480000000000075,2025-10-06 09:00:00,2025-10-06 13:00:00,174.969,175.06,2025-10-17 09:00:00,175.52,178.16400000000002,171.9732,2025-10-27 09:00:00,178.16400000000002,win,0.745460696966277,wickdiffs_3D_H4_ALL_20260121_202249.csv,100.9151515151512,1.0
3D,ALL,H4,H12,EURJPY,short,2015-05-12,2015-05-15,135.971,136.9625,0.991500000000002,2015-05-18 01:00:00,2015-05-18 05:00:00,136.8185,136.9625,2015-06-01 21:00:00,136.749,134.9795,138.61163157894737,2015-06-02 09:00:00,138.61163157894737,loss,-1.0,wickdiffs_3D_H4_ALL_20260121_202249.csv,143.9840909090911,1.0
3D,ALL,H4,H12,EURJPY,short,2015-07-09,2015-07-14,135.7885,137.803,2.014499999999998,2015-07-15 05:00:00,2015-07-15 09:00:00,136.337,136.3825,2015-07-23 09:00:00,136.082,133.774,138.5114736842105,2015-08-11 21:00:00,138.5114736842105,loss,-1.0,wickdiffs_3D_H4_ALL_20260121_202249.csv,151.0045454545456,1.0
3D,ALL,H4,H12,EURJPY,short,2015-07-27,2015-07-30,136.1415,137.3475,1.2059999999999889,2015-08-03 05:00:00,2015-08-03 09:00:00,136.292,136.446,2015-08-05 21:00:00,135.934,134.93550000000002,137.4681,2015-08-10 21:00:00,137.4681,loss,-1.0,wickdiffs_3D_H4_ALL_20260121_202249.csv,143.0689393939395,1.0
3D,ALL,H4,H12,EURJPY,short,2015-10-19,2015-10-22,135.9855,136.3895,0.40399999999999636,2015-10-21 05:00:00,2015-10-21 09:00:00,136.359,136.3895,2018-01-04 10:00:00,136.075,135.5815,136.9365909090909,2018-01-08 10:00:00,135.5815,win,0.5727776312318451,wickdiffs_3D_H4_ALL_20260121_202249.csv,86.15909090909096,1.0
3D,ALL,H4,H12,EURJPY,short,2016-03-01,2016-03-04,124.5675,125.591,1.0234999999999985,2016-03-08 02:00:00,2016-03-08 06:00:00,124.738,124.7425,2016-03-09 10:00:00,124.6725,123.544,125.90019696969696,2016-03-10 10:00:00,125.90019696969696,loss,-1.0,wickdiffs_3D_H4_ALL_20260121_202249.csv,122.769696969697,1.0
3D,ALL,H4,H12,EURJPY,short,2016-07-08,2016-07-13,115.789,118.405,2.6159999999999997,2016-07-15 05:00:00,2016-07-15 09:00:00,118.145,118.2345,2016-07-20 21:00:00,116.813,113.173,120.64457894736843,2016-08-02 09:00:00,113.173,win,0.95,wickdiffs_3D_H4_ALL_20260121_202249.csv,160.3454545454546,1.0
3D,ALL,H4,H12,EURJPY,short,2016-09-30,2016-10-05,115.3015,116.282,0.9804999999999922,2016-10-07 05:00:00,2016-10-07 09:00:00,115.67,115.693,2016-10-10 09:00:00,115.418,114.32100000000001,116.6129090909091,2016-10-11 09:00:00,114.32100000000001,win,0.9180614729153945,wickdiffs_3D_H4_ALL_20260121_202249.csv,119.490909090909,1.0
3D,ALL,H4,H12,EURJPY,short,2017-05-11,2017-05-16,124.8775,125.816,0.9385000000000048,2017-05-16 09:00:00,2017-05-16 13:00:00,125.765,125.816,2017-05-24 21:00:00,125.6755,123.939,127.50339473684211,2017-05-29 21:00:00,123.939,win,0.95,wickdiffs_3D_H4_ALL_20260121_202249.csv,105.5787878787878,1.0
3D,ALL,H4,H12,EURJPY,short,2018-01-12,2018-01-17,135.4365,136.312,0.8755000000000166,2018-01-18 10:00:00,2018-01-18 14:00:00,136.155,136.312,2018-01-22 22:00:00,135.443,134.56099999999998,136.39955,2018-01-26 10:00:00,134.56099999999998,win,0.9220636663008102,wickdiffs_3D_H4_ALL_20260121_202249.csv,93.2689393939396,1.0
3D,ALL,H4,H12,EURJPY,short,2018-04-06,2018-04-11,132.4555,132.898,0.44249999999999545,2018-04-13 05:00:00,2018-04-13 09:00:00,132.82,132.898,2018-04-16 09:00:00,132.609,132.013,133.7321287878788,2018-04-26 21:00:00,132.013,win,0.5306604250841498,wickdiffs_3D_H4_ALL_20260121_202249.csv,112.3128787878788,1.0
3D,ALL,H4,H12,EURJPY,short,2018-05-10,2018-05-15,130.778,131.378,0.5999999999999943,2018-05-15 05:00:00,2018-05-15 09:00:00,131.116,131.138,2018-05-21 21:00:00,131.064,130.178,132.00376515151515,2018-05-22 21:00:00,130.178,win,0.9427887367088781,wickdiffs_3D_H4_ALL_20260121_202249.csv,93.976515151515,1.0
3D,ALL,H4,H12,EURJPY,short,2018-07-30,2018-08-02,130.26,131.151,0.8910000000000196,2018-08-01 09:00:00,2018-08-01 13:00:00,130.866,130.889,2018-08-29 21:00:00,130.396,129.36899999999997,131.47705263157894,2018-08-30 21:00:00,129.36899999999997,win,0.95,wickdiffs_3D_H4_ALL_20260121_202249.csv,104.6924242424241,1.0
3D,ALL,H4,H12,EURJPY,short,2019-05-20,2019-05-23,123.066,123.748,0.6820000000000022,2019-05-22 17:00:00,2019-05-22 21:00:00,123.082,123.112,2019-06-11 09:00:00,122.904,122.384,123.81620000000001,2019-06-12 21:00:00,122.384,win,0.5700504275378083,wickdiffs_3D_H4_ALL_20260121_202249.csv,68.26666666666665,1.0
3D,ALL,H4,H12,EURJPY,short,2019-12-27,2020-01-01,121.845,122.504,0.659000000000006,2019-12-27 14:00:00,2019-12-27 18:00:00,122.498,122.504,2020-01-13 22:00:00,122.468,121.18599999999999,123.81747368421054,2020-01-23 10:00:00,121.18599999999999,win,0.95,wickdiffs_3D_H4_ALL_20260121_202249.csv,67.04242424242427,1.0
3D,ALL,H4,H12,EURJPY,short,2020-03-12,2020-03-17,118.412,120.321,1.9089999999999918,2020-03-13 17:00:00,2020-03-15 21:00:00,120.004,120.321,2020-03-23 21:00:00,119.841,116.50300000000001,123.35468421052629,2020-04-02 09:00:00,116.50300000000001,win,0.95,wickdiffs_3D_H4_ALL_20260121_202249.csv,101.4053030303031,1.0
3D,ALL,H4,H12,EURJPY,short,2020-07-03,2020-07-08,121.224,121.968,0.7439999999999998,2020-07-09 01:00:00,2020-07-09 05:00:00,121.964,121.966,2020-07-13 09:00:00,121.701,120.48,122.98626315789473,2020-07-20 21:00:00,122.98626315789473,loss,-1.0,wickdiffs_3D_H4_ALL_20260121_202249.csv,98.6015151515152,1.0
3D,ALL,H4,H12,EURJPY,short,2021-12-13,2021-12-16,128.826,129.638,0.8120000000000118,2021-12-16 10:00:00,2021-12-16 14:00:00,129.635,129.638,2021-12-23 10:00:00,129.615,128.01399999999998,131.30026315789476,2022-01-04 10:00:00,131.30026315789476,loss,-1.0,wickdiffs_3D_H4_ALL_20260121_202249.csv,84.84090909090929,1.0
3D,ALL,H4,H12,EURJPY,short,2022-06-07,2022-06-10,142.692,144.255,1.5629999999999882,2022-06-08 09:00:00,2022-06-08 13:00:00,144.224,144.255,2022-06-22 09:00:00,143.973,141.12900000000002,146.96668421052632,2022-06-30 21:00:00,141.12900000000002,win,0.95,wickdiffs_3D_H4_ALL_20260121_202249.csv,157.4484848484849,1.0
3D,ALL,H4,H12,EURJPY,short,2023-02-03,2023-02-08,140.6,142.81,2.210000000000008,2023-02-06 18:00:00,2023-02-06 22:00:00,142.316,142.342,2023-02-13 10:00:00,142.016,138.39,145.83284210526315,2023-04-11 09:00:00,145.83284210526315,loss,-1.0,wickdiffs_3D_H4_ALL_20260121_202249.csv,165.0015151515153,1.0
3D,ALL,H4,H12,EURJPY,short,2024-08-30,2024-09-04,160.701,162.896,2.194999999999993,2024-09-03 09:00:00,2024-09-03 13:00:00,161.244,161.478,2024-09-25 09:00:00,161.154,158.506,163.94136842105263,2024-09-29 21:00:00,158.506,win,0.95,wickdiffs_3D_H4_ALL_20260121_202249.csv,176.3924242424241,1.0
3D,ALL,H4,H12,EURJPY,short,2024-10-03,2024-10-08,162.635,163.612,0.9770000000000039,2024-10-10 01:00:00,2024-10-10 05:00:00,163.554,163.612,2024-10-14 09:00:00,163.371,161.658,165.30324242424243,2024-10-27 21:00:00,165.30324242424243,loss,-1.0,wickdiffs_3D_H4_ALL_20260121_202249.csv,193.2242424242424,1.0
3D,ALL,H4,H12,EURJPY,short,2025-02-12,2025-02-17,159.659,161.189,1.5300000000000011,2025-02-13 02:00:00,2025-02-13 06:00:00,160.958,161.189,2025-03-05 22:00:00,159.716,158.129,161.3865263157895,2025-03-11 09:00:00,161.3865263157895,loss,-1.0,wickdiffs_3D_H4_ALL_20260121_202249.csv,166.9212121212122,1.0
3D,ALL,H4,H12,EURJPY,short,2025-08-12,2025-08-15,172.107,173.02,0.9130000000000109,2025-08-19 09:00:00,2025-08-19 13:00:00,172.658,172.704,2025-08-22 09:00:00,172.228,171.194,173.40454545454546,2025-08-27 21:00:00,171.194,win,0.8788440735589729,wickdiffs_3D_H4_ALL_20260121_202249.csv,117.6545454545454,1.0
3D,ALL,H4,H12,EURJPY,short,2025-10-30,2025-11-04,177.692,178.822,1.1299999999999955,2025-10-30 05:00:00,2025-10-30 09:00:00,178.708,178.822,2025-11-11 10:00:00,178.544,176.562,180.63031578947368,2025-11-19 10:00:00,180.63031578947368,loss,-1.0,wickdiffs_3D_H4_ALL_20260121_202249.csv,95.40151515151496,1.0
3D,ALL,H4,H12,EURNZD,long,2015-02-17,2015-02-20,1.494645,1.512325,0.017679999999999918,2015-02-23 10:00:00,2015-02-23 14:00:00,1.50238,1.50291,2015-02-25 10:00:00,1.50357,1.5300049999999998,1.4757436842105267,2015-03-03 22:00:00,1.4757436842105267,loss,-1.0,wickdiffs_3D_H4_ALL_20260121_202249.csv,179.7431818181817,1.0
3D,ALL,H4,H12,EURNZD,long,2015-03-18,2015-03-23,1.413095,1.430155,0.017060000000000075,2015-03-25 09:00:00,2015-03-25 13:00:00,1.42949,1.429895,2015-03-26 21:00:00,1.43304,1.4472150000000001,1.411389,2015-03-31 21:00:00,1.4472150000000001,win,0.6547041707080501,wickdiffs_3D_H4_ALL_20260121_202249.csv,186.1401515151514,1.0
3D,ALL,H4,H12,EURNZD,long,2016-02-09,2016-02-12,1.671085,1.68589,0.014805000000000179,2016-02-15 22:00:00,2016-02-16 02:00:00,1.673955,1.67567,2016-02-17 10:00:00,1.67729,1.7006950000000003,1.6526531578947363,2016-02-22 10:00:00,1.6526531578947363,loss,-1.0,wickdiffs_3D_H4_ALL_20260121_202249.csv,238.7030303030302,1.0
3D,ALL,H4,H12,EURNZD,long,2016-03-17,2016-03-22,1.647765,1.66253,0.014765000000000139,2016-03-22 21:00:00,2016-03-23 01:00:00,1.65682,1.65692,2016-03-28 21:00:00,1.66022,1.6772950000000002,1.6360551515151516,2016-03-29 21:00:00,1.6360551515151516,loss,-1.0,wickdiffs_3D_H4_ALL_20260121_202249.csv,241.6484848484846,1.0
3D,ALL,H4,H12,EURNZD,long,2016-04-28,2016-05-03,1.62211,1.64279,0.02068000000000003,2016-04-28 13:00:00,2016-04-28 17:00:00,1.62211,1.62544,2016-06-03 09:00:00,1.63419,1.66347,1.6033689473684212,2016-06-08 21:00:00,1.6033689473684212,loss,-1.0,wickdiffs_3D_H4_ALL_20260121_202249.csv,176.069696969697,1.0
3D,ALL,H4,H12,EURNZD,long,2016-06-22,2016-06-27,1.54561,1.55707,0.011460000000000026,2016-06-26 21:00:00,2016-06-27 01:00:00,1.55265,1.553845,2016-06-30 09:00:00,1.55655,1.56853,1.5396865151515153,2016-07-04 09:00:00,1.5396865151515153,loss,-1.0,wickdiffs_3D_H4_ALL_20260121_202249.csv,168.6348484848484,1.0
3D,ALL,H4,H12,EURNZD,long,2016-08-08,2016-08-11,1.52237,1.55119,0.028820000000000068,2016-08-12 09:00:00,2016-08-12 13:00:00,1.54416,1.545135,2016-08-16 09:00:00,1.54929,1.5800100000000001,1.5169531578947368,2016-09-06 09:00:00,1.5169531578947368,loss,-1.0,wickdiffs_3D_H4_ALL_20260121_202249.csv,162.7045454545453,1.0
3D,ALL,H4,H12,EURNZD,long,2016-09-06,2016-09-09,1.50287,1.521975,0.01910500000000015,2016-09-08 21:00:00,2016-09-09 01:00:00,1.52053,1.520595,2016-09-20 09:00:00,1.52445,1.5410800000000002,1.5009595,2016-09-22 21:00:00,1.5410800000000002,win,0.7079457653093841,wickdiffs_3D_H4_ALL_20260121_202249.csv,158.5257575757573,1.0
3D,ALL,H4,H12,EURNZD,long,2016-11-24,2016-11-29,1.48403,1.50031,0.016280000000000072,2016-11-30 06:00:00,2016-11-30 10:00:00,1.48403,1.48705,2016-12-04 22:00:00,1.4987,1.51659,1.4798684210526314,2016-12-08 10:00:00,1.4798684210526314,loss,-1.0,wickdiffs_3D_H4_ALL_20260121_202249.csv,142.5151515151511,1.0
3D,ALL,H4,H12,EURNZD,long,2017-07-13,2017-07-18,1.54572,1.56845,0.022729999999999917,2017-07-14 09:00:00,2017-07-14 13:00:00,1.55636,1.5565,2017-07-26 21:00:00,1.55751,1.5911799999999998,1.5220678947368422,2017-08-01 21:00:00,1.5911799999999998,win,0.95,wickdiffs_3D_H4_ALL_20260121_202249.csv,141.3553030303031,1.0
3D,ALL,H4,H12,EURNZD,long,2017-09-19,2017-09-22,1.6147,1.634495,0.019795000000000007,2017-09-22 17:00:00,2017-09-24 21:00:00,1.62498,1.62732,2017-09-27 09:00:00,1.631325,1.65429,1.6071513157894735,2017-10-06 09:00:00,1.65429,win,0.95,wickdiffs_3D_H4_ALL_20260121_202249.csv,145.4575757575755,1.0
3D,ALL,H4,H12,EURNZD,long,2017-11-03,2017-11-08,1.66296,1.67871,0.01574999999999993,2017-11-10 10:00:00,2017-11-10 14:00:00,1.67672,1.67774,2017-12-17 22:00:00,1.681415,1.6944599999999999,1.6613850000000001,2017-12-19 10:00:00,1.6944599999999999,win,0.6512730903644411,wickdiffs_3D_H4_ALL_20260121_202249.csv,154.9151515151515,1.0
3D,ALL,H4,H12,EURNZD,long,2018-04-11,2018-04-16,1.66738,1.67662,0.009239999999999915,2018-04-13 05:00:00,2018-04-13 09:00:00,1.66738,1.66754,2018-05-28 21:00:00,1.67064,1.68586,1.654618947368421,2018-06-20 09:00:00,1.68586,win,0.95,wickdiffs_3D_H4_ALL_20260121_202249.csv,108.8348484848483,1.0
3D,ALL,H4,H12,EURNZD,long,2018-06-13,2018-06-18,1.65707,1.67235,0.01527999999999996,2018-06-18 05:00:00,2018-06-18 09:00:00,1.66758,1.66844,2018-11-12 10:00:00,1.67202,1.68763,1.655542,2018-11-28 10:00:00,1.655542,loss,-1.0,wickdiffs_3D_H4_ALL_20260121_202249.csv,113.2651515151516,1.0
3D,ALL,H4,H12,EURNZD,long,2018-09-18,2018-09-21,1.75446,1.76171,0.007250000000000201,2018-09-23 21:00:00,2018-09-24 01:00:00,1.75676,1.75698,2018-09-27 21:00:00,1.75736,1.7689600000000003,1.7451494736842104,2018-10-03 21:00:00,1.7689600000000003,win,0.95,wickdiffs_3D_H4_ALL_20260121_202249.csv,100.190909090909,1.0
3D,ALL,H4,H12,EURNZD,long,2019-06-05,2019-06-10,1.69178,1.70064,0.008859999999999868,2019-06-09 21:00:00,2019-06-10 01:00:00,1.6994,1.70046,2019-06-26 09:00:00,1.70238,1.7094999999999998,1.6908940000000001,2019-06-30 21:00:00,1.6908940000000001,loss,-1.0,wickdiffs_3D_H4_ALL_20260121_202249.csv,95.71818181818152,1.0
3D,ALL,H4,H12,EURNZD,long,2021-03-05,2021-03-10,1.65119,1.65874,0.007550000000000168,2021-03-11 06:00:00,2021-03-11 10:00:00,1.65119,1.65182,2021-03-17 09:00:00,1.65491,1.6662900000000003,1.6428074242424244,2021-03-22 09:00:00,1.6662900000000003,win,0.9402957046459067,wickdiffs_3D_H4_ALL_20260121_202249.csv,121.0257575757576,1.0
3D,ALL,H4,H12,EURNZD,long,2021-07-01,2021-07-06,1.66944,1.68836,0.018920000000000048,2021-07-07 17:00:00,2021-07-07 21:00:00,1.6788,1.67945,2021-07-14 09:00:00,1.6817,1.7072800000000001,1.654773684210526,2021-07-19 21:00:00,1.7072800000000001,win,0.9499999999999998,wickdiffs_3D_H4_ALL_20260121_202249.csv,119.1196969696969,1.0
3D,ALL,H4,H12,EURNZD,long,2021-09-23,2021-09-28,1.65544,1.66695,0.01150999999999991,2021-09-28 01:00:00,2021-09-28 05:00:00,1.66504,1.66509,2021-10-05 09:00:00,1.66525,1.6784599999999998,1.6513447368421053,2021-10-05 21:00:00,1.6784599999999998,win,0.95,wickdiffs_3D_H4_ALL_20260121_202249.csv,124.7075757575756,1.0
3D,ALL,H4,H12,EURNZD,long,2022-07-11,2022-07-14,1.63027,1.64057,0.010299999999999976,2022-07-17 21:00:00,2022-07-18 01:00:00,1.63027,1.63072,2022-07-20 09:00:00,1.6342,1.65087,1.6166526315789476,2022-07-21 09:00:00,1.65087,win,0.95,wickdiffs_3D_H4_ALL_20260121_202249.csv,156.1378787878787,1.0
3D,ALL,H4,H12,EURNZD,long,2022-07-22,2022-07-27,1.61344,1.62359,0.010150000000000103,2022-07-29 01:00:00,2022-07-29 05:00:00,1.61678,1.61682,2022-08-01 09:00:00,1.62012,1.6337400000000002,1.6044124242424243,2022-08-02 21:00:00,1.6337400000000002,win,0.8670975209800451,wickdiffs_3D_H4_ALL_20260121_202249.csv,157.0757575757575,1.0
3D,ALL,H4,H12,EURNZD,long,2023-01-18,2023-01-23,1.66668,1.67716,0.010480000000000045,2023-01-25 06:00:00,2023-01-25 10:00:00,1.67508,1.67544,2023-01-26 22:00:00,1.67792,1.68764,1.6614022727272728,2023-01-31 10:00:00,1.68764,win,0.5884586807562087,wickdiffs_3D_H4_ALL_20260121_202249.csv,165.1772727272729,1.0
3D,ALL,H4,H12,EURNZD,long,2023-06-14,2023-06-19,1.73953,1.75366,0.014129999999999976,2023-06-16 17:00:00,2023-06-18 21:00:00,1.75245,1.75366,2023-07-05 21:00:00,1.75376,1.76779,1.738117,2023-07-06 09:00:00,1.76779,win,0.8968867864220368,wickdiffs_3D_H4_ALL_20260121_202249.csv,142.4833333333334,1.0
3D,ALL,H4,H12,EURNZD,long,2023-07-21,2023-07-26,1.76883,1.77698,0.008150000000000102,2023-07-27 13:00:00,2023-07-27 17:00:00,1.76883,1.76954,2023-07-31 09:00:00,1.77146,1.78513,1.756988484848485,2023-08-01 09:00:00,1.78513,win,0.9446142893039668,wickdiffs_3D_H4_ALL_20260121_202249.csv,144.7151515151515,1.0
3D,ALL,H4,H12,EURNZD,long,2023-12-20,2023-12-25,1.73836,1.74925,0.010890000000000066,2023-12-26 22:00:00,2023-12-27 02:00:00,1.74154,1.74336,2023-12-28 22:00:00,1.7507,1.76014,1.7372709999999998,2024-01-05 10:00:00,1.76014,win,0.7029562886290878,wickdiffs_3D_H4_ALL_20260121_202249.csv,133.6181818181817,1.0
3D,ALL,H4,H12,EURNZD,long,2024-03-07,2024-03-12,1.76273,1.77076,0.008029999999999982,2024-03-07 10:00:00,2024-03-07 14:00:00,1.76273,1.76334,2024-05-27 21:00:00,1.76448,1.7787899999999999,1.7494168421052634,2024-06-11 09:00:00,1.7494168421052634,loss,-1.0,wickdiffs_3D_H4_ALL_20260121_202249.csv,93.56818181818174,1.0
3D,ALL,H4,H12,EURNZD,long,2025-04-11,2025-04-16,1.8998,1.9131,0.01330000000000009,2025-04-17 13:00:00,2025-04-17 17:00:00,1.8998,1.90064,2025-04-22 21:00:00,1.90662,1.9264000000000001,1.885798947368421,2025-04-30 09:00:00,1.9264000000000001,win,0.9499999999999998,wickdiffs_3D_H4_ALL_20260121_202249.csv,165.4636363636363,1.0
3D,ALL,H4,H12,EURNZD,long,2025-05-02,2025-05-07,1.88263,1.8927,0.010070000000000023,2025-05-06 21:00:00,2025-05-07 01:00:00,1.88263,1.8837,2025-05-13 09:00:00,1.88376,1.90277,1.8637494736842106,2025-05-14 21:00:00,1.90277,win,0.95,wickdiffs_3D_H4_ALL_20260121_202249.csv,178.6439393939395,1.0
3D,ALL,H4,H12,EURNZD,short,2016-06-27,2016-06-30,1.564275,1.57763,0.013355000000000006,2016-06-27 17:00:00,2016-06-27 21:00:00,1.57643,1.57763,2016-07-18 21:00:00,1.574235,1.55092,1.5987771052631579,2016-07-29 09:00:00,1.55092,win,0.95,wickdiffs_3D_H4_ALL_20260121_202249.csv,170.7454545454544,1.0
3D,ALL,H4,H12,EURNZD,short,2016-08-16,2016-08-19,1.55804,1.564925,0.006884999999999808,2016-08-22 01:00:00,2016-08-22 05:00:00,1.564015,1.564345,2016-10-05 09:00:00,1.562345,1.5511550000000003,1.577603181818182,2016-10-13 21:00:00,1.5511550000000003,win,0.7333770257387877,wickdiffs_3D_H4_ALL_20260121_202249.csv,152.5818181818179,1.0
3D,ALL,H4,H12,EURNZD,short,2016-11-08,2016-11-11,1.51017,1.55167,0.04150000000000009,2016-11-15 06:00:00,2016-11-15 10:00:00,1.51864,1.51954,2016-11-16 10:00:00,1.512065,1.46867,1.5577439473684211,2017-01-30 10:00:00,1.46867,win,0.95,wickdiffs_3D_H4_ALL_20260121_202249.csv,146.6704545454542,1.0
3D,ALL,H4,H12,EURNZD,short,2017-02-08,2017-02-13,1.47747,1.48624,0.008769999999999945,2017-02-13 10:00:00,2017-02-13 14:00:00,1.481535,1.48286,2017-02-16 22:00:00,1.481225,1.4687000000000001,1.4944092105263156,2017-02-21 22:00:00,1.4687000000000001,win,0.95,wickdiffs_3D_H4_ALL_20260121_202249.csv,123.3666666666667,1.0
3D,ALL,H4,H12,EURNZD,short,2017-02-16,2017-02-21,1.476215,1.48354,0.007325000000000026,2017-02-21 02:00:00,2017-02-21 06:00:00,1.4797,1.48008,2017-03-01 10:00:00,1.476205,1.46889,1.4883494696969697,2017-03-02 10:00:00,1.4883494696969697,loss,-1.0,wickdiffs_3D_H4_ALL_20260121_202249.csv,121.444696969697,1.0
3D,ALL,H4,H12,EURNZD,short,2017-05-16,2017-05-19,1.609355,1.62374,0.01438499999999987,2017-05-22 09:00:00,2017-05-22 13:00:00,1.61401,1.61545,2017-08-09 21:00:00,1.61267,1.5949700000000002,1.6313015789473684,2017-08-22 21:00:00,1.6313015789473684,loss,-1.0,wickdiffs_3D_H4_ALL_20260121_202249.csv,135.5015151515152,1.0
3D,ALL,H4,H12,EURNZD,short,2018-01-22,2018-01-25,1.691445,1.70141,0.009965000000000002,2018-01-29 06:00:00,2018-01-29 10:00:00,1.695,1.69583,2018-01-30 10:00:00,1.69205,1.68148,1.7064481818181818,2018-01-31 10:00:00,1.68148,win,0.7341204697562805,wickdiffs_3D_H4_ALL_20260121_202249.csv,143.9818181818181,1.0
3D,ALL,H4,H12,EURNZD,short,2018-07-30,2018-08-02,1.71728,1.72284,0.005560000000000009,2018-08-03 01:00:00,2018-08-03 05:00:00,1.72265,1.72284,2018-08-07 21:00:00,1.71922,1.71172,1.7305151515151516,2018-08-08 21:00:00,1.7305151515151516,loss,-1.0,wickdiffs_3D_H4_ALL_20260121_202249.csv,112.951515151515,1.0
3D,ALL,H4,H12,EURNZD,short,2018-09-13,2018-09-18,1.77608,1.78131,0.005229999999999846,2018-09-18 09:00:00,2018-09-18 13:00:00,1.77747,1.77828,2018-10-04 09:00:00,1.77742,1.7708500000000003,1.787174393939394,2018-10-05 09:00:00,1.787174393939394,loss,-1.0,wickdiffs_3D_H4_ALL_20260121_202249.csv,97.54393939393935,1.0
3D,ALL,H4,H12,EURNZD,short,2019-02-04,2019-02-07,1.67709,1.68503,0.007940000000000058,2019-02-08 10:00:00,2019-02-08 14:00:00,1.68172,1.68246,2019-02-12 10:00:00,1.68132,1.66915,1.6945225757575757,2019-02-12 22:00:00,1.66915,win,0.9217898252177606,wickdiffs_3D_H4_ALL_20260121_202249.csv,132.0257575757577,1.0
3D,ALL,H4,H12,EURNZD,short,2019-10-01,2019-10-04,1.74064,1.75531,0.01466999999999996,2019-10-01 09:00:00,2019-10-01 13:00:00,1.75528,1.75531,2019-10-14 09:00:00,1.7508,1.72597,1.776936842105263,2019-11-12 22:00:00,1.72597,win,0.95,wickdiffs_3D_H4_ALL_20260121_202249.csv,122.5833333333333,1.0
3D,ALL,H4,H12,EURNZD,short,2019-12-16,2019-12-19,1.68689,1.6997,0.012809999999999988,2019-12-19 06:00:00,2019-12-19 10:00:00,1.69078,1.69277,2020-01-15 10:00:00,1.68515,1.67408,1.700981,2020-01-23 10:00:00,1.67408,win,0.6992609437180095,wickdiffs_3D_H4_ALL_20260121_202249.csv,104.2863636363637,1.0
3D,ALL,H4,H12,EURNZD,short,2020-02-07,2020-02-12,1.7045,1.71252,0.008020000000000138,2020-02-11 14:00:00,2020-02-11 18:00:00,1.70667,1.70672,2020-02-20 10:00:00,1.70295,1.6964799999999998,1.713322,2020-02-20 22:00:00,1.713322,loss,-1.0,wickdiffs_3D_H4_ALL_20260121_202249.csv,99.53409090909076,1.0
3D,ALL,H4,H12,EURNZD,short,2021-04-29,2021-05-04,1.6759,1.68886,0.012960000000000083,2021-05-04 09:00:00,2021-05-04 13:00:00,1.68696,1.68886,2021-05-12 09:00:00,1.68664,1.6629399999999999,1.7115873684210525,2021-06-18 09:00:00,1.7115873684210525,loss,-1.0,wickdiffs_3D_H4_ALL_20260121_202249.csv,118.7136363636362,1.0
3D,ALL,H4,H12,EURNZD,short,2021-06-18,2021-06-23,1.7002,1.71246,0.01226000000000016,2021-06-22 21:00:00,2021-06-23 01:00:00,1.70309,1.70445,2021-06-29 09:00:00,1.70132,1.6879399999999998,1.7154042105263159,2021-07-02 09:00:00,1.6879399999999998,win,0.95,wickdiffs_3D_H4_ALL_20260121_202249.csv,113.1757575757576,1.0
3D,ALL,H4,H12,EURNZD,short,2021-07-19,2021-07-22,1.69226,1.70985,0.017589999999999995,2021-07-20 09:00:00,2021-07-20 13:00:00,1.70863,1.70985,2021-07-28 09:00:00,1.70268,1.67467,1.7321642105263155,2021-08-05 09:00:00,1.67467,win,0.95,wickdiffs_3D_H4_ALL_20260121_202249.csv,122.5272727272728,1.0
3D,ALL,H4,H12,EURNZD,short,2021-07-27,2021-07-30,1.69564,1.71051,0.014869999999999939,2021-08-02 17:00:00,2021-08-02 21:00:00,1.70386,1.70423,2021-08-17 21:00:00,1.69489,1.68077,1.711997,2021-08-18 21:00:00,1.711997,loss,-1.0,wickdiffs_3D_H4_ALL_20260121_202249.csv,118.7833333333333,1.0
3D,ALL,H4,H12,EURNZD,short,2022-03-28,2022-03-31,1.59956,1.61546,0.015899999999999803,2022-03-31 01:00:00,2022-03-31 05:00:00,1.60572,1.60839,2022-04-18 09:00:00,1.60172,1.5836600000000003,1.6207305263157892,2022-04-21 21:00:00,1.6207305263157892,loss,-1.0,wickdiffs_3D_H4_ALL_20260121_202249.csv,153.3439393939393,1.0
3D,ALL,H4,H12,EURNZD,short,2022-10-14,2022-10-19,1.73396,1.75494,0.02098,2022-10-18 13:00:00,2022-10-18 17:00:00,1.73874,1.74017,2022-10-24 09:00:00,1.73406,1.71298,1.7570379999999999,2022-10-27 09:00:00,1.71298,win,0.917399251457918,wickdiffs_3D_H4_ALL_20260121_202249.csv,181.5757575757576,1.0
3D,ALL,H4,H12,EURNZD,short,2022-11-09,2022-11-14,1.692,1.71131,0.01931000000000016,2022-11-15 10:00:00,2022-11-15 14:00:00,1.69506,1.69584,2022-11-17 10:00:00,1.69119,1.6726899999999998,1.713241,2022-11-21 10:00:00,1.6726899999999998,win,0.8389642193097885,wickdiffs_3D_H4_ALL_20260121_202249.csv,191.8863636363636,1.0
3D,ALL,H4,H12,EURNZD,short,2023-02-03,2023-02-08,1.69585,1.71108,0.015229999999999855,2023-02-10 02:00:00,2023-02-10 06:00:00,1.69841,1.70122,2023-02-13 22:00:00,1.69751,1.6806200000000002,1.715288947368421,2023-02-16 22:00:00,1.715288947368421,loss,-1.0,wickdiffs_3D_H4_ALL_20260121_202249.csv,157.7151515151516,1.0
3D,ALL,H4,H12,EURNZD,short,2023-02-24,2023-03-01,1.70984,1.72893,0.01909000000000005,2023-02-28 06:00:00,2023-02-28 10:00:00,1.7266,1.72893,2023-03-06 10:00:00,1.72403,1.69075,1.7590615789473683,2023-04-11 09:00:00,1.7590615789473683,loss,-1.0,wickdiffs_3D_H4_ALL_20260121_202249.csv,149.0681818181819,1.0
3D,ALL,H4,H12,EURNZD,short,2023-06-27,2023-06-30,1.78994,1.80078,0.01083999999999996,2023-06-29 21:00:00,2023-06-30 01:00:00,1.79186,1.79334,2023-07-18 09:00:00,1.79022,1.7791000000000001,1.804022424242424,2023-07-18 21:00:00,1.7791000000000001,win,0.8056555721436568,wickdiffs_3D_H4_ALL_20260121_202249.csv,138.0242424242426,1.0
3D,ALL,H4,H12,EURNZD,short,2023-07-18,2023-07-21,1.78542,1.80704,0.021619999999999973,2023-07-24 09:00:00,2023-07-24 13:00:00,1.79108,1.79177,2023-07-28 09:00:00,1.78936,1.7638,1.8162652631578948,2023-08-10 09:00:00,1.8162652631578948,loss,-1.0,wickdiffs_3D_H4_ALL_20260121_202249.csv,143.9045454545455,1.0
3D,ALL,H4,H12,EURNZD,short,2024-08-01,2024-08-06,1.84462,1.8651,0.020480000000000054,2024-08-06 01:00:00,2024-08-06 05:00:00,1.84876,1.84902,2024-12-22 22:00:00,1.83972,1.8241399999999999,1.867148,2025-01-13 22:00:00,1.8241399999999999,win,0.5680326673472417,wickdiffs_3D_H4_ALL_20260121_202249.csv,120.0939393939396,1.0
3D,ALL,H4,H12,EURNZD,short,2025-01-06,2025-01-09,1.839,1.8481,0.009100000000000108,2025-01-13 02:00:00,2025-01-13 06:00:00,1.84068,1.84156,2025-01-14 10:00:00,1.8394,1.8298999999999999,1.850695,2025-01-15 10:00:00,1.8298999999999999,win,0.8410801239486546,wickdiffs_3D_H4_ALL_20260121_202249.csv,112.9500000000001,1.0
3D,ALL,H4,H12,EURNZD,short,2025-03-10,2025-03-13,1.9,1.91688,0.016880000000000006,2025-03-13 17:00:00,2025-03-13 21:00:00,1.9063,1.9064,2025-03-31 09:00:00,1.90486,1.88312,1.9277442105263158,2025-04-01 21:00:00,1.88312,win,0.95,wickdiffs_3D_H4_ALL_20260121_202249.csv,117.5515151515152,1.0
3D,ALL,H4,H12,EURNZD,short,2025-03-26,2025-03-31,1.89358,1.91118,0.01760000000000006,2025-03-31 21:00:00,2025-04-01 01:00:00,1.90968,1.91118,2025-04-03 09:00:00,1.9073,1.87598,1.9402684210526315,2025-04-04 09:00:00,1.9402684210526315,loss,-1.0,wickdiffs_3D_H4_ALL_20260121_202249.csv,119.8984848484849,1.0
3D,ALL,H4,H12,EURNZD,short,2025-04-16,2025-04-21,1.91874,1.92958,0.010840000000000183,2025-04-21 05:00:00,2025-04-21 09:00:00,1.92266,1.92418,2025-04-29 09:00:00,1.9203,1.9078999999999997,1.9374066666666665,2025-04-30 09:00:00,1.9078999999999997,win,0.7248636009353191,wickdiffs_3D_H4_ALL_20260121_202249.csv,171.0666666666666,1.0
3D,ALL,H4,H12,EURNZD,short,2025-04-29,2025-05-02,1.9113,1.92646,0.015160000000000062,2025-05-02 05:00:00,2025-05-02 09:00:00,1.91304,1.91471,2025-05-21 09:00:00,1.90826,1.89614,1.9279760000000001,2025-05-25 21:00:00,1.89614,win,0.6147291539866144,wickdiffs_3D_H4_ALL_20260121_202249.csv,182.5500000000001,1.0
3D,ALL,H4,H12,EURNZD,short,2025-06-10,2025-06-13,1.9091,1.92374,0.014639999999999986,2025-06-12 21:00:00,2025-06-13 01:00:00,1.92262,1.92374,2025-06-19 09:00:00,1.9188,1.89446,1.944421052631579,2025-06-22 21:00:00,1.944421052631579,loss,-1.0,wickdiffs_3D_H4_ALL_20260121_202249.csv,179.4893939393941,1.0
3D,ALL,H4,H12,EURNZD,short,2025-10-22,2025-10-27,2.01386,2.02608,0.012219999999999676,2025-10-28 21:00:00,2025-10-29 01:00:00,2.01772,2.01774,2025-10-30 09:00:00,2.01425,2.0016400000000005,2.027523684210526,2025-11-03 22:00:00,2.027523684210526,loss,-1.0,wickdiffs_3D_H4_ALL_20260121_202249.csv,114.7742424242424,1.0
3D,ALL,H4,H12,EURNZD,short,2025-11-07,2025-11-12,2.04956,2.06413,0.014569999999999972,2025-11-13 18:00:00,2025-11-13 22:00:00,2.05966,2.05989,2025-11-19 10:00:00,2.0593,2.03499,2.08488947368421,2025-11-25 22:00:00,2.03499,win,0.95,wickdiffs_3D_H4_ALL_20260121_202249.csv,118.5530303030302,1.0
3D,ALL,H4,H12,EURUSD,long,2015-06-10,2015-06-15,1.11513,1.126895,0.011765000000000025,2015-06-12 05:00:00,2015-06-12 09:00:00,1.11513,1.115435,2015-06-23 09:00:00,1.11674,1.13866,1.0936663157894737,2015-07-07 09:00:00,1.0936663157894737,loss,-1.0,wickdiffs_3D_H4_ALL_20260121_202249.csv,139.7886363636367,1.0
3D,ALL,H4,H12,EURUSD,long,2015-11-12,2015-11-17,1.06172,1.06863,0.006909999999999972,2015-11-18 14:00:00,2015-11-18 18:00:00,1.06172,1.062315,2015-11-22 22:00:00,1.063135,1.07554,1.050077105263158,2015-12-03 10:00:00,1.07554,win,0.95,wickdiffs_3D_H4_ALL_20260121_202249.csv,113.8568181818182,1.0
3D,ALL,H4,H12,EURUSD,long,2016-06-22,2016-06-27,1.0912,1.11086,0.01966000000000001,2016-06-28 13:00:00,2016-06-28 17:00:00,1.10349,1.10365,2016-06-30 09:00:00,1.11062,1.13052,1.089234,2016-08-16 09:00:00,1.13052,win,0.9305152903768875,wickdiffs_3D_H4_ALL_20260121_202249.csv,92.4348484848486,1.0
3D,ALL,H4,H12,EURUSD,long,2017-02-13,2017-02-16,1.05214,1.060005,0.007865000000000011,2017-02-15 10:00:00,2017-02-15 14:00:00,1.05214,1.05315,2017-02-21 10:00:00,1.05365,1.06787,1.0386815789473682,2017-03-10 10:00:00,1.06787,win,0.95,wickdiffs_3D_H4_ALL_20260121_202249.csv,96.4181818181817,1.0
3D,ALL,H4,H12,EURUSD,long,2017-06-19,2017-06-22,1.1119,1.11685,0.004949999999999788,2017-06-22 21:00:00,2017-06-23 01:00:00,1.11454,1.11468,2019-04-24 09:00:00,1.11541,1.1217999999999997,1.1086836842105268,2019-04-30 09:00:00,1.1217999999999997,win,0.95,wickdiffs_3D_H4_ALL_20260121_202249.csv,55.92121212121214,1.0
3D,ALL,H4,H12,EURUSD,long,2017-09-22,2017-09-27,1.17169,1.17935,0.00766,2017-09-27 09:00:00,2017-09-27 13:00:00,1.17169,1.17184,2017-10-02 21:00:00,1.17327,1.18701,1.1588068421052633,2017-10-11 21:00:00,1.18701,win,0.95,wickdiffs_3D_H4_ALL_20260121_202249.csv,88.14772727272705,1.0
3D,ALL,H4,H12,EURUSD,long,2017-10-26,2017-10-31,1.15739,1.16517,0.00778000000000012,2017-10-27 13:00:00,2017-10-27 17:00:00,1.15739,1.15847,2017-11-06 10:00:00,1.16097,1.1729500000000002,1.1483594736842104,2017-11-14 10:00:00,1.1729500000000002,win,0.95,wickdiffs_3D_H4_ALL_20260121_202249.csv,85.02121212121203,1.0
3D,ALL,H4,H12,EURUSD,long,2018-11-12,2018-11-15,1.12154,1.13094,0.009400000000000075,2018-11-15 06:00:00,2018-11-15 10:00:00,1.12708,1.12851,2018-11-27 10:00:00,1.12934,1.1403400000000001,1.1177610526315789,2018-12-03 22:00:00,1.1403400000000001,win,0.95,wickdiffs_3D_H4_ALL_20260121_202249.csv,80.19393939393944,1.0
3D,ALL,H4,H12,EURUSD,long,2020-09-22,2020-09-25,1.16124,1.16675,0.005509999999999904,2020-09-29 01:00:00,2020-09-29 05:00:00,1.16652,1.1667,2020-10-29 09:00:00,1.16728,1.1722599999999999,1.1591959090909092,2020-11-03 10:00:00,1.1722599999999999,win,0.6160247399493662,wickdiffs_3D_H4_ALL_20260121_202249.csv,80.84090909090908,1.0
3D,ALL,H4,H12,EURUSD,long,2021-02-01,2021-02-04,1.19524,1.20355,0.008309999999999818,2021-02-08 06:00:00,2021-02-08 10:00:00,1.20198,1.2024,2021-02-17 10:00:00,1.20412,1.2118599999999997,1.194409,2021-02-18 22:00:00,1.2118599999999997,win,0.7970342910101551,wickdiffs_3D_H4_ALL_20260121_202249.csv,70.03787878787875,1.0
3D,ALL,H4,H12,EURUSD,long,2021-06-02,2021-06-07,1.2104,1.21668,0.006280000000000063,2021-06-07 05:00:00,2021-06-07 09:00:00,1.21449,1.21506,2021-06-10 09:00:00,1.2176,1.22296,1.2097719999999998,2021-06-11 09:00:00,1.2097719999999998,loss,-1.0,wickdiffs_3D_H4_ALL_20260121_202249.csv,64.78939393939392,1.0
3D,ALL,H4,H12,EURUSD,long,2021-06-15,2021-06-18,1.18474,1.1907,0.005960000000000187,2021-06-21 01:00:00,2021-06-21 05:00:00,1.18477,1.18514,2021-06-30 09:00:00,1.18566,1.1966600000000003,1.1740810526315786,2021-08-09 09:00:00,1.1740810526315786,loss,-1.0,wickdiffs_3D_H4_ALL_20260121_202249.csv,64.88636363636361,1.0
3D,ALL,H4,H12,EURUSD,long,2021-10-27,2021-11-01,1.15352,1.15619,0.00266999999999995,2021-10-29 13:00:00,2021-10-29 17:00:00,1.15352,1.1538,2021-11-04 09:00:00,1.15546,1.15886,1.1503328787878788,2021-11-08 10:00:00,1.15886,win,0.6631401637164359,wickdiffs_3D_H4_ALL_20260121_202249.csv,51.27121212121208,1.0
3D,ALL,H4,H12,EURUSD,long,2023-04-28,2023-05-03,1.09422,1.1,0.005780000000000118,2023-05-02 09:00:00,2023-05-02 13:00:00,1.09422,1.09483,2023-05-09 09:00:00,1.09605,1.1057800000000002,1.085807894736842,2023-05-12 09:00:00,1.085807894736842,loss,-1.0,wickdiffs_3D_H4_ALL_20260121_202249.csv,84.91515151515149,1.0
3D,ALL,H4,H12,EURUSD,long,2023-05-29,2023-06-01,1.06352,1.06888,0.005360000000000031,2023-06-05 09:00:00,2023-06-05 13:00:00,1.06746,1.06779,2023-06-06 09:00:00,1.06922,1.07424,1.061049696969697,2023-06-08 09:00:00,1.07424,win,0.6144202952303262,wickdiffs_3D_H4_ALL_20260121_202249.csv,81.70303030303043,1.0
3D,ALL,H4,H12,EURUSD,long,2023-12-15,2023-12-20,1.08886,1.09809,0.009230000000000071,2023-12-15 18:00:00,2023-12-17 22:00:00,1.08886,1.08921,2024-01-05 10:00:00,1.09423,1.10732,1.080451052631579,2024-01-29 10:00:00,1.080451052631579,loss,-1.0,wickdiffs_3D_H4_ALL_20260121_202249.csv,72.83030303030299,1.0
3D,ALL,H4,H12,EURUSD,long,2024-04-10,2024-04-15,1.06011,1.06417,0.0040599999999999525,2024-04-17 09:00:00,2024-04-17 13:00:00,1.06301,1.06316,2024-04-18 21:00:00,1.06456,1.06823,1.0588286363636363,2024-04-22 21:00:00,1.06823,win,0.6403362677452721,wickdiffs_3D_H4_ALL_20260121_202249.csv,57.31363636363636,1.0
3D,ALL,H4,H12,EURUSD,long,2024-06-12,2024-06-17,1.06676,1.07028,0.0035199999999999676,2024-06-14 09:00:00,2024-06-14 13:00:00,1.06676,1.06718,2024-06-20 21:00:00,1.0691,1.0737999999999999,1.0633407575757574,2024-06-24 09:00:00,1.0737999999999999,win,0.816079555918012,wickdiffs_3D_H4_ALL_20260121_202249.csv,57.59242424242417,1.0
3D,ALL,H4,H12,EURUSD,long,2024-11-19,2024-11-22,1.03319,1.04742,0.014229999999999965,2024-11-26 14:00:00,2024-11-26 18:00:00,1.04573,1.04636,2024-12-02 10:00:00,1.04989,1.06165,1.031767,2024-12-06 10:00:00,1.06165,win,0.6488991888760175,wickdiffs_3D_H4_ALL_20260121_202249.csv,69.93787878787884,1.0
3D,ALL,H4,H12,EURUSD,long,2025-01-30,2025-02-04,1.02105,1.0338,0.012750000000000039,2025-02-04 02:00:00,2025-02-04 06:00:00,1.02719,1.02922,2025-02-09 22:00:00,1.03269,1.04655,1.0181005263157896,2025-02-13 10:00:00,1.04655,win,0.95,wickdiffs_3D_H4_ALL_20260121_202249.csv,87.37424242424241,1.0
3D,ALL,H4,H12,EURUSD,long,2025-08-15,2025-08-20,1.1583,1.16482,0.006519999999999859,2025-08-22 01:00:00,2025-08-22 05:00:00,1.1583,1.15833,2025-08-26 21:00:00,1.15888,1.1713399999999998,1.1457642105263157,2025-08-31 21:00:00,1.1713399999999998,win,0.95,wickdiffs_3D_H4_ALL_20260121_202249.csv,86.33333333333326,1.0
3D,ALL,H4,H12,EURUSD,short,2015-06-05,2015-06-10,1.12824,1.13866,0.010420000000000096,2015-06-11 01:00:00,2015-06-11 05:00:00,1.131405,1.133195,2015-06-15 21:00:00,1.125825,1.1178199999999998,1.1409191666666667,2015-06-17 21:00:00,1.1409191666666667,loss,-1.0,wickdiffs_3D_H4_ALL_20260121_202249.csv,150.941666666667,1.0
3D,ALL,H4,H12,EURUSD,short,2015-09-23,2015-09-28,1.119795,1.1296,0.009804999999999842,2015-09-29 13:00:00,2015-09-29 17:00:00,1.12661,1.12679,2015-10-02 09:00:00,1.121205,1.1099900000000003,1.1333099242424243,2015-10-08 21:00:00,1.1333099242424243,loss,-1.0,wickdiffs_3D_H4_ALL_20260121_202249.csv,121.0492424242425,1.0
3D,ALL,H4,H12,EURUSD,short,2016-01-14,2016-01-19,1.08919,1.09846,0.00926999999999989,2016-01-20 02:00:00,2016-01-20 06:00:00,1.09609,1.09761,2016-01-28 10:00:00,1.093995,1.0799200000000002,1.108810789473684,2016-02-03 10:00:00,1.108810789473684,loss,-1.0,wickdiffs_3D_H4_ALL_20260121_202249.csv,99.90606060606072,1.0
3D,ALL,H4,H12,EURUSD,short,2016-03-17,2016-03-22,1.12411,1.134255,0.01014500000000007,2016-03-18 09:00:00,2016-03-18 13:00:00,1.12949,1.13071,2016-03-29 09:00:00,1.12923,1.1139649999999999,1.1452984210526316,2016-04-06 21:00:00,1.1452984210526316,loss,-1.0,wickdiffs_3D_H4_ALL_20260121_202249.csv,103.6666666666667,1.0
3D,ALL,H4,H12,EURUSD,short,2016-09-06,2016-09-09,1.126145,1.13273,0.006585000000000063,2016-09-09 01:00:00,2016-09-09 05:00:00,1.128355,1.1285,2016-09-15 09:00:00,1.124395,1.1195599999999999,1.1333885000000001,2016-09-16 09:00:00,1.1195599999999999,win,0.5376104964696827,wickdiffs_3D_H4_ALL_20260121_202249.csv,87.59166666666677,1.0
3D,ALL,H4,H12,EURUSD,short,2017-05-19,2017-05-24,1.11824,1.12684,0.008600000000000163,2017-05-26 17:00:00,2017-05-28 21:00:00,1.11837,1.11849,2017-05-29 09:00:00,1.116305,1.1096399999999997,1.1277000000000001,2017-06-02 09:00:00,1.1277000000000001,loss,-1.0,wickdiffs_3D_H4_ALL_20260121_202249.csv,73.57121212121214,1.0
3D,ALL,H4,H12,EURUSD,short,2018-01-22,2018-01-25,1.240795,1.25378,0.012984999999999802,2018-01-26 14:00:00,2018-01-26 18:00:00,1.2448,1.24505,2018-01-30 10:00:00,1.2403,1.2278100000000003,1.2550784999999998,2018-02-07 10:00:00,1.2278100000000003,win,0.8451466657644437,wickdiffs_3D_H4_ALL_20260121_202249.csv,81.14848484848469,1.0
3D,ALL,H4,H12,EURUSD,short,2019-01-09,2019-01-14,1.14677,1.15703,0.010259999999999936,2019-01-14 22:00:00,2019-01-15 02:00:00,1.14892,1.14895,2019-01-30 10:00:00,1.14799,1.1365100000000001,1.1600742105263158,2019-02-06 10:00:00,1.1365100000000001,win,0.95,wickdiffs_3D_H4_ALL_20260121_202249.csv,77.9833333333334,1.0
3D,ALL,H4,H12,EURUSD,short,2019-01-30,2019-02-04,1.14559,1.15144,0.005849999999999911,2019-02-03 22:00:00,2019-02-04 02:00:00,1.146,1.14605,2020-03-09 09:00:00,1.144,1.1397400000000002,1.152025,2020-03-09 21:00:00,1.1397400000000002,win,0.5308411214952795,wickdiffs_3D_H4_ALL_20260121_202249.csv,55.24545454545463,1.0
3D,ALL,H4,H12,EURUSD,short,2019-02-15,2019-02-20,1.13406,1.13712,0.0030599999999998406,2019-02-21 10:00:00,2019-02-21 14:00:00,1.13659,1.13665,2019-02-25 10:00:00,1.13568,1.1310000000000002,1.1428245454545456,2019-03-04 10:00:00,1.1310000000000002,win,0.6550451711413364,wickdiffs_3D_H4_ALL_20260121_202249.csv,71.44545454545471,1.0
3D,ALL,H4,H12,EURUSD,short,2019-08-23,2019-08-28,1.10901,1.11642,0.007409999999999917,2019-08-28 05:00:00,2019-08-28 09:00:00,1.10978,1.10981,2019-09-13 09:00:00,1.10743,1.1016000000000001,1.1171609999999998,2019-09-16 09:00:00,1.1016000000000001,win,0.5991162264926337,wickdiffs_3D_H4_ALL_20260121_202249.csv,56.7090909090909,1.0
3D,ALL,H4,H12,EURUSD,short,2019-10-17,2019-10-22,1.11497,1.11795,0.0029799999999999827,2019-10-24 09:00:00,2019-10-24 13:00:00,1.11517,1.11536,2019-10-30 09:00:00,1.11504,1.11199,1.120875909090909,2019-11-04 22:00:00,1.11199,win,0.5226263727704654,wickdiffs_3D_H4_ALL_20260121_202249.csv,58.3590909090908,1.0
3D,ALL,H4,H12,EURUSD,short,2020-06-09,2020-06-12,1.1298,1.14222,0.012420000000000098,2020-06-16 05:00:00,2020-06-16 09:00:00,1.13413,1.13534,2020-06-23 09:00:00,1.13088,1.1173799999999998,1.1450905263157898,2020-07-15 09:00:00,1.1450905263157898,loss,-1.0,wickdiffs_3D_H4_ALL_20260121_202249.csv,96.6909090909092,1.0
3D,ALL,H4,H12,EURUSD,short,2020-12-02,2020-12-07,1.21216,1.21775,0.005590000000000206,2020-12-04 06:00:00,2020-12-04 10:00:00,1.21734,1.21775,2020-12-14 10:00:00,1.21429,1.2065699999999997,1.2224163157894743,2020-12-16 22:00:00,1.2224163157894743,loss,-1.0,wickdiffs_3D_H4_ALL_20260121_202249.csv,73.96666666666682,1.0
3D,ALL,H4,H12,EURUSD,short,2021-09-23,2021-09-28,1.16953,1.17503,0.00550000000000006,2021-09-23 13:00:00,2021-09-23 17:00:00,1.17494,1.17503,2025-06-27 09:00:00,1.17185,1.16403,1.182585,2025-07-01 09:00:00,1.182585,loss,-1.0,wickdiffs_3D_H4_ALL_20260121_202249.csv,107.3500000000001,1.0
3D,ALL,H4,H12,EURUSD,short,2021-10-01,2021-10-06,1.15978,1.16402,0.0042400000000000215,2021-10-04 17:00:00,2021-10-04 21:00:00,1.16221,1.1628,2021-10-14 09:00:00,1.15971,1.15554,1.1647216666666667,2021-10-18 21:00:00,1.1647216666666667,loss,-1.0,wickdiffs_3D_H4_ALL_20260121_202249.csv,50.11666666666682,1.0
3D,ALL,H4,H12,EURUSD,short,2021-11-30,2021-12-03,1.1301,1.1383,0.008199999999999985,2021-12-02 10:00:00,2021-12-02 14:00:00,1.13474,1.13478,2021-12-08 10:00:00,1.13433,1.1219000000000001,1.1474142105263159,2022-01-12 22:00:00,1.1474142105263159,loss,-1.0,wickdiffs_3D_H4_ALL_20260121_202249.csv,59.69090909090905,1.0
3D,ALL,H4,H12,EURUSD,short,2021-12-08,2021-12-13,1.13178,1.13548,0.0037000000000000366,2021-12-08 14:00:00,2021-12-08 18:00:00,1.13495,1.13548,2021-12-16 10:00:00,1.13306,1.12808,1.1392625757575756,2021-12-17 10:00:00,1.12808,win,0.8028922490656356,wickdiffs_3D_H4_ALL_20260121_202249.csv,62.02575757575752,1.0
3D,ALL,H4,H12,EURUSD,short,2022-12-13,2022-12-16,1.06267,1.07362,0.010950000000000015,2022-12-16 02:00:00,2022-12-16 06:00:00,1.06626,1.06633,2022-12-26 22:00:00,1.06606,1.05172,1.0811547368421053,2023-01-05 10:00:00,1.05172,win,0.95,wickdiffs_3D_H4_ALL_20260121_202249.csv,117.9999999999998,1.0
3D,ALL,H4,H12,EURUSD,short,2024-05-01,2024-05-06,1.0763,1.08126,0.0049600000000000755,2024-05-06 09:00:00,2024-05-06 13:00:00,1.0789,1.07909,2024-05-10 09:00:00,1.07708,1.07134,1.083122105263158,2024-05-14 21:00:00,1.083122105263158,loss,-1.0,wickdiffs_3D_H4_ALL_20260121_202249.csv,55.38939393939397,1.0
3D,ALL,H4,H12,EURUSD,short,2024-12-26,2024-12-31,1.04032,1.04584,0.005520000000000191,2024-12-31 06:00:00,2024-12-31 10:00:00,1.04202,1.04245,2025-01-06 10:00:00,1.03901,1.0347999999999997,1.0463920000000002,2025-01-07 10:00:00,1.0347999999999997,win,0.5703061500948445,wickdiffs_3D_H4_ALL_20260121_202249.csv,73.27727272727277,1.0
3D,ALL,H4,H12,EURUSD,short,2025-08-04,2025-08-07,1.16577,1.16988,0.004110000000000058,2025-08-11 01:00:00,2025-08-11 05:00:00,1.16738,1.16756,2025-08-12 09:00:00,1.16732,1.16166,1.176196515151515,2025-08-21 09:00:00,1.16166,win,0.6376376205513349,wickdiffs_3D_H4_ALL_20260121_202249.csv,88.76515151515159,1.0
3D,ALL,H4,H12,GBPAUD,long,2015-02-20,2015-02-25,1.957305,1.973675,0.016369999999999996,2015-02-25 10:00:00,2015-02-25 14:00:00,1.961255,1.96143,2015-03-02 22:00:00,1.96766,1.990045,1.9440968421052631,2015-03-06 10:00:00,1.9440968421052631,loss,-1.0,wickdiffs_3D_H4_ALL_20260121_202249.csv,209.9113636363636,1.0
3D,ALL,H4,H12,GBPAUD,long,2015-05-04,2015-05-07,1.898115,1.91337,0.015255000000000019,2015-05-07 01:00:00,2015-05-07 05:00:00,1.90488,1.905575,2016-03-07 10:00:00,1.910085,1.928625,1.8845950757575758,2016-03-16 21:00:00,1.8845950757575758,loss,-1.0,wickdiffs_3D_H4_ALL_20260121_202249.csv,254.8992424242422,1.0
3D,ALL,H4,H12,GBPAUD,long,2017-12-04,2017-12-07,1.749,1.77047,0.021469999999999878,2017-12-05 06:00:00,2017-12-05 10:00:00,1.749,1.75274,2017-12-13 10:00:00,1.75675,1.7919399999999999,1.7197078947368423,2018-01-10 22:00:00,1.7197078947368423,loss,-1.0,wickdiffs_3D_H4_ALL_20260121_202249.csv,162.009090909091,1.0
3D,ALL,H4,H12,GBPAUD,long,2018-06-26,2018-06-29,1.77372,1.77856,0.0048399999999999554,2018-06-29 01:00:00,2018-06-29 05:00:00,1.77372,1.77394,2018-07-09 09:00:00,1.77596,1.7833999999999999,1.7623949242424242,2018-07-09 21:00:00,1.7833999999999999,win,0.5484672649796917,wickdiffs_3D_H4_ALL_20260121_202249.csv,135.6507575757575,1.0
3D,ALL,H4,H12,GBPAUD,long,2018-10-30,2018-11-02,1.78624,1.80408,0.017839999999999856,2018-11-02 01:00:00,2018-11-02 05:00:00,1.79336,1.79438,2018-11-08 10:00:00,1.7999,1.8219199999999998,1.7767210526315793,2018-11-14 22:00:00,1.7767210526315793,loss,-1.0,wickdiffs_3D_H4_ALL_20260121_202249.csv,155.2590909090909,1.0
3D,ALL,H4,H12,GBPAUD,long,2019-03-18,2019-03-21,1.83386,1.85412,0.020259999999999945,2019-03-21 13:00:00,2019-03-21 17:00:00,1.83386,1.83601,2019-03-28 21:00:00,1.83754,1.87438,1.798761052631579,2019-05-03 09:00:00,1.87438,win,0.95,wickdiffs_3D_H4_ALL_20260121_202249.csv,215.0666666666665,1.0
3D,ALL,H4,H12,GBPAUD,long,2020-04-23,2020-04-28,1.89923,1.92279,0.023560000000000025,2020-04-30 01:00:00,2020-04-30 05:00:00,1.89923,1.89924,2020-05-07 09:00:00,1.90295,1.94635,1.857265789473684,2020-05-20 09:00:00,1.857265789473684,loss,-1.0,wickdiffs_3D_H4_ALL_20260121_202249.csv,282.3166666666666,1.0
3D,ALL,H4,H12,GBPAUD,long,2020-08-14,2020-08-19,1.81264,1.8278,0.015160000000000062,2020-08-17 17:00:00,2020-08-17 21:00:00,1.81515,1.81564,2020-08-27 21:00:00,1.81566,1.8429600000000002,1.7869231578947369,2020-09-09 09:00:00,1.7869231578947369,loss,-1.0,wickdiffs_3D_H4_ALL_20260121_202249.csv,150.4303030303029,1.0
3D,ALL,H4,H12,GBPAUD,long,2020-12-18,2020-12-23,1.75916,1.77686,0.01770000000000005,2020-12-23 06:00:00,2020-12-23 10:00:00,1.77224,1.77242,2020-12-29 10:00:00,1.77492,1.7945600000000002,1.7542463157894737,2021-01-05 10:00:00,1.7542463157894737,loss,-1.0,wickdiffs_3D_H4_ALL_20260121_202249.csv,153.2909090909093,1.0
3D,ALL,H4,H12,GBPAUD,long,2020-12-28,2020-12-31,1.76267,1.77288,0.010210000000000052,2020-12-31 10:00:00,2020-12-31 14:00:00,1.76267,1.76347,2021-01-04 10:00:00,1.77022,1.78309,1.755127121212121,2021-01-05 10:00:00,1.755127121212121,loss,-1.0,wickdiffs_3D_H4_ALL_20260121_202249.csv,150.9287878787881,1.0
3D,ALL,H4,H12,GBPAUD,long,2021-01-06,2021-01-11,1.74162,1.74934,0.007719999999999949,2021-01-08 02:00:00,2021-01-08 06:00:00,1.74399,1.7446,2022-03-28 09:00:00,1.74788,1.7570599999999998,1.7339128787878788,2022-03-29 09:00:00,1.7570599999999998,win,0.6572578458066922,wickdiffs_3D_H4_ALL_20260121_202249.csv,139.6712121212121,1.0
3D,ALL,H4,H12,GBPAUD,long,2022-02-04,2022-02-09,1.88016,1.89572,0.015560000000000018,2022-02-11 14:00:00,2022-02-11 18:00:00,1.89182,1.89337,2022-02-15 10:00:00,1.89364,1.91128,1.8750715789473682,2022-02-22 22:00:00,1.8750715789473682,loss,-1.0,wickdiffs_3D_H4_ALL_20260121_202249.csv,127.6606060606061,1.0
3D,ALL,H4,H12,GBPAUD,long,2022-05-04,2022-05-09,1.71792,1.74337,0.025450000000000195,2022-05-06 13:00:00,2022-05-06 17:00:00,1.73761,1.73975,2022-06-01 09:00:00,1.73996,1.7688200000000003,1.7095810526315784,2022-06-21 21:00:00,1.7688200000000003,win,0.95,wickdiffs_3D_H4_ALL_20260121_202249.csv,165.3287878787879,1.0
3D,ALL,H4,H12,GBPAUD,long,2022-07-06,2022-07-11,1.74392,1.75621,0.012290000000000134,2022-07-06 09:00:00,2022-07-06 13:00:00,1.74392,1.7453,2022-07-15 09:00:00,1.74708,1.7685000000000002,1.724532631578947,2022-07-21 21:00:00,1.724532631578947,loss,-1.0,wickdiffs_3D_H4_ALL_20260121_202249.csv,161.7151515151516,1.0
3D,ALL,H4,H12,GBPAUD,long,2022-11-01,2022-11-04,1.74808,1.77428,0.0262,2022-11-04 09:00:00,2022-11-04 13:00:00,1.74808,1.74816,2022-11-14 10:00:00,1.75476,1.80048,1.7066336842105265,2022-11-27 22:00:00,1.80048,win,0.95,wickdiffs_3D_H4_ALL_20260121_202249.csv,204.5818181818181,1.0
3D,ALL,H4,H12,GBPAUD,long,2023-04-12,2023-04-17,1.83981,1.85039,0.010580000000000034,2023-04-18 01:00:00,2023-04-18 05:00:00,1.84004,1.84166,2023-04-20 09:00:00,1.84547,1.86097,1.8291542105263157,2023-04-23 21:00:00,1.86097,win,0.95,wickdiffs_3D_H4_ALL_20260121_202249.csv,149.1666666666666,1.0
3D,ALL,H4,H12,GBPAUD,long,2023-12-20,2023-12-25,1.85886,1.8675,0.008639999999999981,2023-12-27 06:00:00,2023-12-27 10:00:00,1.85886,1.86046,2023-12-28 10:00:00,1.86416,1.87614,1.8505245454545456,2024-01-03 10:00:00,1.87614,win,0.8785919061270667,wickdiffs_3D_H4_ALL_20260121_202249.csv,136.3545454545454,1.0
3D,ALL,H4,H12,GBPAUD,long,2024-04-18,2024-04-23,1.90892,1.91504,0.006120000000000125,2024-04-24 05:00:00,2024-04-24 09:00:00,1.91,1.91008,2024-04-26 09:00:00,1.91233,1.9211600000000002,1.9016848484848485,2024-04-29 21:00:00,1.9211600000000002,win,0.829485610179635,wickdiffs_3D_H4_ALL_20260121_202249.csv,106.4515151515151,1.0
3D,ALL,H4,H12,GBPAUD,short,2015-04-13,2015-04-16,1.932045,1.946415,0.014369999999999994,2015-04-15 09:00:00,2015-04-15 13:00:00,1.94452,1.946415,2015-04-22 21:00:00,1.939025,1.917675,1.9614986842105262,2015-04-28 09:00:00,1.917675,win,0.95,wickdiffs_3D_H4_ALL_20260121_202249.csv,221.9439393939394,1.0
3D,ALL,H4,H12,GBPAUD,short,2015-08-20,2015-08-25,2.20487,2.24049,0.03561999999999976,2015-08-26 01:00:00,2015-08-26 05:00:00,2.20788,2.208855,2015-09-07 09:00:00,2.20651,2.1692500000000003,2.245731052631579,2015-09-09 21:00:00,2.1692500000000003,win,0.95,wickdiffs_3D_H4_ALL_20260121_202249.csv,253.2219696969698,1.0
3D,ALL,H4,H12,GBPAUD,short,2016-02-01,2016-02-04,2.03701,2.056845,0.019835000000000047,2016-02-03 10:00:00,2016-02-03 14:00:00,2.05666,2.056845,2016-02-09 10:00:00,2.046975,2.017175,2.078343421052632,2016-02-15 22:00:00,2.017175,win,0.95,wickdiffs_3D_H4_ALL_20260121_202249.csv,241.8409090909089,1.0
3D,ALL,H4,H12,GBPAUD,short,2016-11-08,2016-11-11,1.64889,1.675465,0.026575000000000015,2016-11-11 18:00:00,2016-11-13 22:00:00,1.66995,1.672995,2016-11-16 22:00:00,1.669205,1.622315,1.7185628947368423,2017-01-12 10:00:00,1.622315,win,0.95,wickdiffs_3D_H4_ALL_20260121_202249.csv,202.7659090909092,1.0
3D,ALL,H4,H12,GBPAUD,short,2017-02-21,2017-02-24,1.627175,1.63616,0.00898500000000002,2017-02-24 10:00:00,2017-02-24 14:00:00,1.63552,1.63616,2017-03-22 21:00:00,1.63364,1.61819,1.6499031578947367,2017-03-27 09:00:00,1.6499031578947367,loss,-1.0,wickdiffs_3D_H4_ALL_20260121_202249.csv,159.7378787878787,1.0
3D,ALL,H4,H12,GBPAUD,short,2017-03-01,2017-03-06,1.61871,1.62712,0.008409999999999807,2017-03-05 22:00:00,2017-03-06 02:00:00,1.62264,1.622985,2017-03-09 10:00:00,1.62084,1.6103000000000003,1.636780606060606,2017-03-10 10:00:00,1.6103000000000003,win,0.6612044711428645,wickdiffs_3D_H4_ALL_20260121_202249.csv,159.4060606060606,1.0
3D,ALL,H4,H12,GBPAUD,short,2017-05-16,2017-05-19,1.74439,1.75751,0.013119999999999798,2017-05-19 17:00:00,2017-05-21 21:00:00,1.74874,1.74905,2017-06-01 09:00:00,1.74663,1.7312700000000003,1.762798421052631,2017-06-02 09:00:00,1.7312700000000003,win,0.95,wickdiffs_3D_H4_ALL_20260121_202249.csv,152.6484848484848,1.0
3D,ALL,H4,H12,GBPAUD,short,2018-02-07,2018-02-12,1.77009,1.79993,0.02984000000000009,2018-02-14 10:00:00,2018-02-14 14:00:00,1.77664,1.77814,2018-02-15 10:00:00,1.77443,1.7402499999999999,1.810408947368421,2018-03-18 21:00:00,1.810408947368421,loss,-1.0,wickdiffs_3D_H4_ALL_20260121_202249.csv,148.889393939394,1.0
3D,ALL,H4,H12,GBPAUD,short,2018-08-28,2018-08-31,1.79114,1.80548,0.01434000000000002,2018-08-31 13:00:00,2018-08-31 17:00:00,1.80468,1.80548,2018-09-05 09:00:00,1.794,1.7768,1.8121052631578949,2018-09-07 09:00:00,1.8121052631578949,loss,-1.0,wickdiffs_3D_H4_ALL_20260121_202249.csv,133.2212121212121,1.0
3D,ALL,H4,H12,GBPAUD,short,2020-04-15,2020-04-20,1.96462,1.9901,0.025479999999999947,2020-04-16 01:00:00,2020-04-16 05:00:00,1.98838,1.9901,2023-08-16 21:00:00,1.98764,1.93914,2.0386926315789475,2023-09-11 21:00:00,1.93914,win,0.95,wickdiffs_3D_H4_ALL_20260121_202249.csv,147.8348484848486,1.0
3D,ALL,H4,H12,GBPAUD,short,2020-12-15,2020-12-18,1.78121,1.79086,0.009649999999999936,2020-12-17 14:00:00,2020-12-17 18:00:00,1.7865,1.78656,2020-12-23 10:00:00,1.78116,1.77156,1.7967454545454546,2020-12-29 10:00:00,1.77156,win,0.6159589360709314,wickdiffs_3D_H4_ALL_20260121_202249.csv,155.8545454545456,1.0
3D,ALL,H4,H12,GBPAUD,short,2021-01-27,2021-02-01,1.79353,1.8016,0.008070000000000022,2021-02-02 14:00:00,2021-02-02 18:00:00,1.79984,1.80013,2021-02-04 10:00:00,1.79884,1.78546,1.8129662121212122,2021-02-08 10:00:00,1.78546,win,0.9471753563652312,wickdiffs_3D_H4_ALL_20260121_202249.csv,141.2621212121213,1.0
3D,ALL,H4,H12,GBPAUD,short,2021-03-31,2021-04-05,1.81731,1.82651,0.009200000000000097,2021-04-06 01:00:00,2021-04-06 05:00:00,1.82061,1.82084,2021-05-12 09:00:00,1.81897,1.8081099999999999,1.8316525757575757,2021-05-20 21:00:00,1.8316525757575757,loss,-1.0,wickdiffs_3D_H4_ALL_20260121_202249.csv,126.8257575757576,1.0
3D,ALL,H4,H12,GBPAUD,short,2021-04-29,2021-05-04,1.79207,1.80619,0.01411999999999991,2021-05-04 13:00:00,2021-05-04 17:00:00,1.80466,1.80619,2021-05-10 21:00:00,1.80194,1.7779500000000001,1.8271926315789475,2021-05-18 21:00:00,1.8271926315789475,loss,-1.0,wickdiffs_3D_H4_ALL_20260121_202249.csv,125.7772727272727,1.0
3D,ALL,H4,H12,GBPAUD,short,2021-06-02,2021-06-07,1.82936,1.84555,0.016189999999999927,2021-06-09 05:00:00,2021-06-09 09:00:00,1.83102,1.83132,2021-06-11 09:00:00,1.83078,1.8131700000000002,1.849316842105263,2021-06-17 21:00:00,1.849316842105263,loss,-1.0,wickdiffs_3D_H4_ALL_20260121_202249.csv,118.8181818181817,1.0
3D,ALL,H4,H12,GBPAUD,short,2021-06-18,2021-06-23,1.84674,1.95486,0.10812,2021-06-23 05:00:00,2021-06-23 09:00:00,1.84726,1.85202,2021-06-30 09:00:00,1.84446,1.73862,1.965672,2022-04-04 09:00:00,1.73862,win,0.8731808731808719,wickdiffs_3D_H4_ALL_20260121_202249.csv,134.6560606060604,1.0
3D,ALL,H4,H12,GBPAUD,short,2021-10-14,2021-10-19,1.85205,1.86096,0.008909999999999973,2021-10-18 09:00:00,2021-10-18 13:00:00,1.85964,1.86096,2021-11-17 22:00:00,1.85224,1.84314,1.8638330303030304,2021-11-25 22:00:00,1.8638330303030304,loss,-1.0,wickdiffs_3D_H4_ALL_20260121_202249.csv,115.930303030303,1.0
3D,ALL,H4,H12,GBPAUD,short,2022-04-29,2022-05-04,1.76118,1.78578,0.024599999999999955,2022-05-02 01:00:00,2022-05-02 05:00:00,1.78486,1.78578,2022-05-09 21:00:00,1.7711,1.73658,1.807436842105263,2022-06-01 09:00:00,1.73658,win,0.95,wickdiffs_3D_H4_ALL_20260121_202249.csv,160.1106060606058,1.0
3D,ALL,H4,H12,GBPAUD,short,2022-05-17,2022-05-20,1.76974,1.78228,0.012539999999999996,2022-05-18 01:00:00,2022-05-18 05:00:00,1.78038,1.7822,2022-05-26 09:00:00,1.77608,1.7572,1.7959536842105264,2022-05-29 21:00:00,1.7572,win,0.95,wickdiffs_3D_H4_ALL_20260121_202249.csv,169.8242424242424,1.0
3D,ALL,H4,H12,GBPAUD,short,2024-06-07,2024-06-12,1.9285,1.9353,0.006799999999999917,2024-06-09 21:00:00,2024-06-10 01:00:00,1.9346,1.9353,2024-07-17 09:00:00,1.93314,1.9217000000000002,1.945182105263158,2024-07-22 09:00:00,1.945182105263158,loss,-1.0,wickdiffs_3D_H4_ALL_20260121_202249.csv,101.9333333333333,1.0
3D,ALL,H4,H12,GBPCAD,long,2016-03-22,2016-03-25,1.85079,1.87484,0.024050000000000127,2016-03-23 05:00:00,2016-03-23 09:00:00,1.85079,1.85221,2016-03-31 09:00:00,1.86742,1.8988900000000002,1.8342936842105262,2016-04-08 09:00:00,1.8342936842105262,loss,-1.0,wickdiffs_3D_H4_ALL_20260121_202249.csv,226.8393939393941,1.0
3D,ALL,H4,H12,GBPCAD,long,2016-04-12,2016-04-15,1.81128,1.818565,0.007284999999999986,2016-04-15 01:00:00,2016-04-15 05:00:00,1.81201,1.812095,2016-04-20 09:00:00,1.8136,1.82585,1.7914088636363636,2016-04-21 09:00:00,1.82585,win,0.5520222037873375,wickdiffs_3D_H4_ALL_20260121_202249.csv,221.9113636363637,1.0
3D,ALL,H4,H12,GBPCAD,long,2017-03-06,2017-03-09,1.63153,1.64182,0.010290000000000132,2017-03-10 10:00:00,2017-03-10 14:00:00,1.63296,1.63456,2017-03-15 09:00:00,1.63514,1.6521100000000002,1.617276842105263,2017-03-16 21:00:00,1.6521100000000002,win,0.9499999999999998,wickdiffs_3D_H4_ALL_20260121_202249.csv,145.4696969696969,1.0
3D,ALL,H4,H12,GBPCAD,long,2017-06-09,2017-06-14,1.67862,1.68871,0.010089999999999932,2017-06-15 05:00:00,2017-06-15 09:00:00,1.68226,1.68316,2017-06-19 09:00:00,1.68372,1.6987999999999999,1.667846315789474,2017-07-07 09:00:00,1.667846315789474,loss,-1.0,wickdiffs_3D_H4_ALL_20260121_202249.csv,151.378787878788,1.0
3D,ALL,H4,H12,GBPCAD,long,2017-06-22,2017-06-27,1.67278,1.68512,0.012340000000000018,2017-06-28 17:00:00,2017-06-28 21:00:00,1.68276,1.685,2017-06-30 09:00:00,1.68841,1.69746,1.671546,2017-07-04 09:00:00,1.671546,loss,-1.0,wickdiffs_3D_H4_ALL_20260121_202249.csv,152.0318181818181,1.0
3D,ALL,H4,H12,GBPCAD,long,2017-08-03,2017-08-08,1.64114,1.652605,0.011465000000000058,2017-08-10 09:00:00,2017-08-10 13:00:00,1.64786,1.6481,2017-08-11 09:00:00,1.64984,1.6640700000000002,1.6348610526315788,2017-08-16 09:00:00,1.6348610526315788,loss,-1.0,wickdiffs_3D_H4_ALL_20260121_202249.csv,147.7537878787879,1.0
3D,ALL,H4,H12,GBPCAD,long,2017-10-31,2017-11-03,1.66489,1.67268,0.007789999999999964,2017-11-03 09:00:00,2017-11-03 13:00:00,1.66489,1.6663,2017-11-08 10:00:00,1.66928,1.68047,1.654294090909091,2017-11-15 10:00:00,1.68047,win,0.7467014468136619,wickdiffs_3D_H4_ALL_20260121_202249.csv,149.8590909090907,1.0
3D,ALL,H4,H12,GBPCAD,long,2017-12-25,2017-12-28,1.68758,1.69586,0.008279999999999843,2017-12-29 14:00:00,2017-12-29 18:00:00,1.69256,1.69331,2018-01-03 10:00:00,1.6944,1.7041399999999998,1.679731515151515,2018-01-05 10:00:00,1.679731515151515,loss,-1.0,wickdiffs_3D_H4_ALL_20260121_202249.csv,146.6848484848486,1.0
3D,ALL,H4,H12,GBPCAD,long,2018-08-23,2018-08-28,1.65964,1.6718,0.012159999999999949,2018-08-29 01:00:00,2018-08-29 05:00:00,1.65964,1.66029,2018-10-02 09:00:00,1.66432,1.68396,1.6436463157894738,2018-10-04 09:00:00,1.68396,win,0.9499999999999998,wickdiffs_3D_H4_ALL_20260121_202249.csv,127.2939393939394,1.0
3D,ALL,H4,H12,GBPCAD,long,2019-04-08,2019-04-11,1.73387,1.74329,0.009419999999999984,2019-04-09 09:00:00,2019-04-09 13:00:00,1.73387,1.7353,2019-04-17 09:00:00,1.73994,1.75271,1.724059696969697,2019-04-30 09:00:00,1.75271,win,0.8041408262570348,wickdiffs_3D_H4_ALL_20260121_202249.csv,158.80303030303,1.0
3D,ALL,H4,H12,GBPCAD,long,2019-06-05,2019-06-10,1.67952,1.68993,0.01041000000000003,2019-06-12 13:00:00,2019-06-12 17:00:00,1.68672,1.68843,2019-06-13 21:00:00,1.6892,1.70034,1.6764630303030303,2019-06-18 09:00:00,1.6764630303030303,loss,-1.0,wickdiffs_3D_H4_ALL_20260121_202249.csv,127.3696969696968,1.0
3D,ALL,H4,H12,GBPCAD,long,2019-08-28,2019-09-02,1.59582,1.61892,0.0230999999999999,2019-09-04 13:00:00,2019-09-04 17:00:00,1.61284,1.61348,2019-09-08 21:00:00,1.62048,1.6420199999999998,1.59351,2019-09-12 21:00:00,1.6420199999999998,win,0.7986651835372615,wickdiffs_3D_H4_ALL_20260121_202249.csv,123.9469696969697,1.0
3D,ALL,H4,H12,GBPCAD,long,2020-01-17,2020-01-22,1.69414,1.70543,0.011290000000000022,2020-01-21 14:00:00,2020-01-21 18:00:00,1.70402,1.70453,2020-02-20 10:00:00,1.70808,1.71672,1.693011,2020-02-21 10:00:00,1.71672,win,0.5733625323511833,wickdiffs_3D_H4_ALL_20260121_202249.csv,129.6689393939391,1.0
3D,ALL,H4,H12,GBPCAD,long,2020-05-22,2020-05-27,1.68456,1.69941,0.01485000000000003,2020-05-29 05:00:00,2020-05-29 09:00:00,1.69068,1.69288,2020-06-01 21:00:00,1.6955,1.7142600000000001,1.672983712121212,2020-06-11 09:00:00,1.7142600000000001,win,0.8331746378884028,wickdiffs_3D_H4_ALL_20260121_202249.csv,225.1628787878786,1.0
3D,ALL,H4,H12,GBPCAD,long,2020-06-01,2020-06-04,1.68804,1.69716,0.009120000000000017,2020-06-04 05:00:00,2020-06-04 09:00:00,1.68804,1.68858,2020-06-18 09:00:00,1.6894,1.70628,1.6704265151515152,2020-07-07 09:00:00,1.70628,win,0.8896626073068482,wickdiffs_3D_H4_ALL_20260121_202249.csv,189.7348484848484,1.0
3D,ALL,H4,H12,GBPCAD,long,2020-07-21,2020-07-24,1.69796,1.70826,0.010299999999999976,2020-07-23 21:00:00,2020-07-24 01:00:00,1.7059,1.70692,2020-09-09 09:00:00,1.70922,1.7185599999999999,1.6966051515151515,2020-09-10 09:00:00,1.6966051515151515,loss,-1.0,wickdiffs_3D_H4_ALL_20260121_202249.csv,126.1484848484848,1.0
3D,ALL,H4,H12,GBPCAD,long,2020-09-22,2020-09-25,1.69023,1.7031,0.012870000000000159,2020-09-23 05:00:00,2020-09-23 09:00:00,1.69023,1.69168,2020-10-13 21:00:00,1.69339,1.7159700000000002,1.669621578947368,2020-10-14 09:00:00,1.7159700000000002,win,0.9499999999999998,wickdiffs_3D_H4_ALL_20260121_202249.csv,133.2878787878788,1.0
3D,ALL,H4,H12,GBPCAD,long,2020-12-10,2020-12-15,1.67692,1.70154,0.024620000000000086,2020-12-15 06:00:00,2020-12-15 10:00:00,1.69468,1.69632,2021-04-30 09:00:00,1.69859,1.7261600000000001,1.669568947368421,2021-06-20 21:00:00,1.7261600000000001,win,0.95,wickdiffs_3D_H4_ALL_20260121_202249.csv,109.8272727272726,1.0
3D,ALL,H4,H12,GBPCAD,long,2020-12-18,2020-12-23,1.70492,1.72492,0.020000000000000018,2020-12-22 14:00:00,2020-12-22 18:00:00,1.7204,1.72218,2021-01-06 10:00:00,1.72529,1.74492,1.70292,2021-01-26 10:00:00,1.74492,win,0.8775145283862331,wickdiffs_3D_H4_ALL_20260121_202249.csv,145.8181818181818,1.0
3D,ALL,H4,H12,GBPCAD,long,2020-12-28,2020-12-31,1.72582,1.73704,0.011220000000000008,2020-12-30 02:00:00,2020-12-30 06:00:00,1.73098,1.73132,2021-01-04 10:00:00,1.73384,1.74826,1.718661052631579,2021-01-26 22:00:00,1.74826,win,0.95,wickdiffs_3D_H4_ALL_20260121_202249.csv,146.690909090909,1.0
3D,ALL,H4,H12,GBPCAD,long,2024-01-25,2024-01-30,1.69778,1.70496,0.007179999999999964,2024-02-01 10:00:00,2024-02-01 14:00:00,1.69778,1.69828,2024-02-04 22:00:00,1.69946,1.71214,1.6861126315789474,2024-02-20 10:00:00,1.71214,win,0.95,wickdiffs_3D_H4_ALL_20260121_202249.csv,102.3257575757575,1.0
3D,ALL,H4,H12,GBPCAD,long,2024-03-20,2024-03-25,1.70702,1.71455,0.007530000000000037,2024-03-22 05:00:00,2024-03-22 09:00:00,1.70702,1.70754,2024-03-31 21:00:00,1.70766,1.72208,1.6924810526315788,2024-04-09 09:00:00,1.72208,win,0.95,wickdiffs_3D_H4_ALL_20260121_202249.csv,81.00606060606054,1.0
3D,ALL,H4,H12,GBPCAD,long,2024-08-06,2024-08-09,1.74088,1.75022,0.009340000000000126,2024-08-09 09:00:00,2024-08-09 13:00:00,1.74884,1.74933,2024-11-22 10:00:00,1.75212,1.7595600000000002,1.739946,2024-11-25 10:00:00,1.7595600000000002,win,0.6111384918679474,wickdiffs_3D_H4_ALL_20260121_202249.csv,98.52424242424222,1.0
3D,ALL,H4,H12,GBPCAD,long,2025-03-13,2025-03-18,1.8495,1.85644,0.006940000000000168,2025-03-18 09:00:00,2025-03-18 13:00:00,1.8495,1.85036,2025-03-21 09:00:00,1.85432,1.8633800000000003,1.8413443939393939,2025-03-25 21:00:00,1.8413443939393939,loss,-1.0,wickdiffs_3D_H4_ALL_20260121_202249.csv,129.7560606060608,1.0
3D,ALL,H4,H12,GBPCAD,long,2025-11-07,2025-11-12,1.83436,1.84407,0.009710000000000107,2025-11-13 02:00:00,2025-11-13 06:00:00,1.83554,1.83736,2025-11-18 10:00:00,1.8388,1.8537800000000002,1.8230315789473681,2025-11-24 22:00:00,1.8537800000000002,win,0.95,wickdiffs_3D_H4_ALL_20260121_202249.csv,98.67727272727272,1.0
3D,ALL,H4,H12,GBPCAD,short,2015-07-22,2015-07-27,2.02338,2.039085,0.01570500000000008,2015-07-28 05:00:00,2015-07-28 09:00:00,2.0303,2.03252,2015-07-30 09:00:00,2.02873,2.007675,2.0508931578947367,2015-08-02 21:00:00,2.0508931578947367,loss,-1.0,wickdiffs_3D_H4_ALL_20260121_202249.csv,169.5265151515151,1.0
3D,ALL,H4,H12,GBPCAD,short,2016-04-15,2016-04-20,1.82442,1.840985,0.016565000000000163,2016-04-17 21:00:00,2016-04-18 01:00:00,1.83844,1.840985,2016-04-25 09:00:00,1.83608,1.8078549999999998,1.8657905263157897,2016-05-04 09:00:00,1.8657905263157897,loss,-1.0,wickdiffs_3D_H4_ALL_20260121_202249.csv,214.6613636363636,1.0
3D,ALL,H4,H12,GBPCAD,short,2016-09-09,2016-09-14,1.7385,1.75257,0.014070000000000027,2016-09-15 01:00:00,2016-09-15 05:00:00,1.75112,1.75257,2017-04-26 21:00:00,1.75103,1.72443,1.7790300000000003,2017-05-04 09:00:00,1.7790300000000003,loss,-1.0,wickdiffs_3D_H4_ALL_20260121_202249.csv,139.3113636363638,1.0
3D,ALL,H4,H12,GBPCAD,short,2016-12-02,2016-12-07,1.68328,1.6986,0.01532,2016-12-06 22:00:00,2016-12-07 02:00:00,1.684005,1.68416,2017-03-27 09:00:00,1.67986,1.66796,1.7001320000000002,2017-03-28 09:00:00,1.66796,win,0.5870165745856171,wickdiffs_3D_H4_ALL_20260121_202249.csv,142.7856060606061,1.0
3D,ALL,H4,H12,GBPCAD,short,2017-04-04,2017-04-07,1.67248,1.68019,0.007710000000000106,2017-04-06 21:00:00,2017-04-07 01:00:00,1.67326,1.6738,2017-04-17 09:00:00,1.6731,1.6647699999999999,1.687107196969697,2017-04-18 09:00:00,1.687107196969697,loss,-1.0,wickdiffs_3D_H4_ALL_20260121_202249.csv,140.0719696969697,1.0
3D,ALL,H4,H12,GBPCAD,short,2017-06-19,2017-06-22,1.6894,1.69642,0.007020000000000026,2017-06-23 09:00:00,2017-06-23 13:00:00,1.69222,1.69268,2017-06-27 09:00:00,1.69126,1.68238,1.7067439393939394,2017-06-27 21:00:00,1.68238,win,0.573497465604634,wickdiffs_3D_H4_ALL_20260121_202249.csv,154.839393939394,1.0
3D,ALL,H4,H12,GBPCAD,short,2018-03-16,2018-03-21,1.82972,1.84164,0.01191999999999993,2018-03-20 05:00:00,2018-03-20 09:00:00,1.83754,1.83808,2018-03-26 09:00:00,1.82745,1.8178,1.842832,2018-03-27 09:00:00,1.8178,win,0.6273566506306028,wickdiffs_3D_H4_ALL_20260121_202249.csv,138.6909090909091,1.0
3D,ALL,H4,H12,GBPCAD,short,2018-05-07,2018-05-10,1.74126,1.75678,0.015519999999999978,2018-05-10 01:00:00,2018-05-10 05:00:00,1.74162,1.74198,2018-06-05 09:00:00,1.73708,1.72574,1.758332,2018-06-21 09:00:00,1.758332,loss,-1.0,wickdiffs_3D_H4_ALL_20260121_202249.csv,141.2060606060604,1.0
3D,ALL,H4,H12,GBPCAD,short,2018-09-05,2018-09-10,1.70038,1.719,0.01862000000000008,2018-09-11 05:00:00,2018-09-11 09:00:00,1.7162,1.719,2018-09-17 09:00:00,1.71596,1.68176,1.75196,2018-09-28 09:00:00,1.68176,win,0.95,wickdiffs_3D_H4_ALL_20260121_202249.csv,123.8060606060606,1.0
3D,ALL,H4,H12,GBPCAD,short,2018-12-19,2018-12-24,1.71878,1.73265,0.013870000000000049,2018-12-26 02:00:00,2018-12-26 06:00:00,1.72894,1.73127,2018-12-27 10:00:00,1.72177,1.70491,1.7395173684210528,2018-12-31 10:00:00,1.7395173684210528,loss,-1.0,wickdiffs_3D_H4_ALL_20260121_202249.csv,157.0106060606061,1.0
3D,ALL,H4,H12,GBPCAD,short,2019-10-17,2019-10-22,1.69636,1.70965,0.013289999999999802,2019-10-21 09:00:00,2019-10-21 13:00:00,1.70511,1.70564,2019-10-30 21:00:00,1.70486,1.6830700000000003,1.727796842105263,2019-12-03 10:00:00,1.727796842105263,loss,-1.0,wickdiffs_3D_H4_ALL_20260121_202249.csv,154.8848484848482,1.0
3D,ALL,H4,H12,GBPCAD,short,2019-11-15,2019-11-20,1.7149,1.72708,0.012179999999999858,2019-11-22 02:00:00,2019-11-22 06:00:00,1.71702,1.71738,2019-11-25 10:00:00,1.71562,1.7027200000000002,1.7300327272727272,2019-11-26 22:00:00,1.7027200000000002,win,0.8950422606282125,wickdiffs_3D_H4_ALL_20260121_202249.csv,144.1272727272725,1.0
3D,ALL,H4,H12,GBPCAD,short,2020-01-22,2020-01-27,1.71846,1.73068,0.012219999999999898,2020-01-23 06:00:00,2020-01-23 10:00:00,1.73026,1.73068,2020-01-30 10:00:00,1.72948,1.7062400000000002,1.7539431578947364,2020-02-19 22:00:00,1.7062400000000002,win,0.95,wickdiffs_3D_H4_ALL_20260121_202249.csv,120.5924242424239,1.0
3D,ALL,H4,H12,GBPCAD,short,2020-03-30,2020-04-02,1.75584,1.77998,0.024139999999999828,2020-04-02 09:00:00,2020-04-02 13:00:00,1.76826,1.76938,2020-04-15 09:00:00,1.76704,1.7317000000000002,1.8042399999999996,2020-04-29 09:00:00,1.7317000000000002,win,0.95,wickdiffs_3D_H4_ALL_20260121_202249.csv,214.0393939393938,1.0
3D,ALL,H4,H12,GBPCAD,short,2020-04-10,2020-04-15,1.75241,1.76983,0.01741999999999999,2020-04-16 13:00:00,2020-04-16 17:00:00,1.76164,1.76488,2020-04-20 21:00:00,1.7614,1.73499,1.7892000000000001,2020-04-23 09:00:00,1.73499,win,0.95,wickdiffs_3D_H4_ALL_20260121_202249.csv,217.801515151515,1.0
3D,ALL,H4,H12,GBPCAD,short,2021-06-28,2021-07-01,1.71478,1.71936,0.0045800000000000285,2021-06-30 05:00:00,2021-06-30 09:00:00,1.71902,1.71936,2021-07-06 09:00:00,1.71892,1.7102,1.7292084848484848,2021-07-07 21:00:00,1.7292084848484848,loss,-1.0,wickdiffs_3D_H4_ALL_20260121_202249.csv,102.8848484848485,1.0
3D,ALL,H4,H12,GBPCAD,short,2022-06-15,2022-06-20,1.59152,1.60207,0.01055000000000006,2022-06-20 09:00:00,2022-06-20 13:00:00,1.59386,1.59532,2022-06-23 09:00:00,1.59332,1.58097,1.606424090909091,2022-06-26 21:00:00,1.58097,win,0.9424537791806922,wickdiffs_3D_H4_ALL_20260121_202249.csv,131.0409090909091,1.0
3D,ALL,H4,H12,GBPCAD,short,2022-08-01,2022-08-04,1.55979,1.57697,0.017179999999999973,2022-08-05 05:00:00,2022-08-05 09:00:00,1.56598,1.56663,2022-08-10 09:00:00,1.5609,1.54261,1.5801526315789471,2022-08-18 21:00:00,1.54261,win,0.95,wickdiffs_3D_H4_ALL_20260121_202249.csv,132.7878787878787,1.0
3D,ALL,H4,H12,GBPCAD,short,2023-04-28,2023-05-03,1.69884,1.71466,0.015820000000000167,2023-05-05 01:00:00,2023-05-05 05:00:00,1.70376,1.70549,2023-07-06 21:00:00,1.7032,1.6830199999999997,1.7244421052631582,2023-07-13 09:00:00,1.7244421052631582,loss,-1.0,wickdiffs_3D_H4_ALL_20260121_202249.csv,96.75454545454537,1.0
3D,ALL,H4,H12,GBPCAD,short,2023-10-10,2023-10-13,1.66683,1.67586,0.009029999999999871,2023-10-13 01:00:00,2023-10-13 05:00:00,1.67027,1.67088,2023-10-22 21:00:00,1.66754,1.6578000000000002,1.6780854545454547,2023-10-23 21:00:00,1.6780854545454547,loss,-1.0,wickdiffs_3D_H4_ALL_20260121_202249.csv,105.4545454545454,1.0
3D,ALL,H4,H12,GBPCAD,short,2024-02-12,2024-02-15,1.70185,1.71132,0.009469999999999867,2024-02-13 14:00:00,2024-02-13 18:00:00,1.71044,1.71132,2024-02-20 10:00:00,1.70698,1.6923800000000002,1.7223484210526312,2024-03-04 10:00:00,1.7223484210526312,loss,-1.0,wickdiffs_3D_H4_ALL_20260121_202249.csv,96.52878787878774,1.0
3D,ALL,H4,H12,GBPCAD,short,2024-03-07,2024-03-12,1.72764,1.73526,0.00761999999999996,2024-03-11 21:00:00,2024-03-12 01:00:00,1.72809,1.7281,2024-03-19 09:00:00,1.72586,1.72002,1.736022,2024-03-21 09:00:00,1.72002,win,0.5746900216492662,wickdiffs_3D_H4_ALL_20260121_202249.csv,87.81212121212116,1.0
3D,ALL,H4,H12,GBPCAD,short,2024-03-25,2024-03-28,1.7149,1.71892,0.0040199999999999125,2024-03-26 05:00:00,2024-03-26 09:00:00,1.71856,1.71892,2024-04-08 09:00:00,1.7176,1.7108800000000002,1.7254207575757576,2024-04-12 09:00:00,1.7108800000000002,win,0.8592517968886016,wickdiffs_3D_H4_ALL_20260121_202249.csv,78.20757575757571,1.0
3D,ALL,H4,H12,GBPCAD,short,2024-07-11,2024-07-16,1.77434,1.78276,0.008419999999999872,2024-07-17 09:00:00,2024-07-17 13:00:00,1.78214,1.78276,2024-07-24 09:00:00,1.7821,1.7659200000000002,1.7991315789473683,2024-08-01 09:00:00,1.7659200000000002,win,0.95,wickdiffs_3D_H4_ALL_20260121_202249.csv,70.98030303030303,1.0
3D,ALL,H4,H12,GBPCAD,short,2025-01-30,2025-02-04,1.79405,1.81631,0.02226000000000017,2025-02-04 02:00:00,2025-02-04 06:00:00,1.79642,1.79708,2025-02-20 22:00:00,1.79586,1.7717899999999998,1.8211968421052633,2025-02-26 10:00:00,1.8211968421052633,loss,-1.0,wickdiffs_3D_H4_ALL_20260121_202249.csv,119.4833333333334,1.0
3D,ALL,H4,H12,GBPCAD,short,2025-11-12,2025-11-17,1.84371,1.85284,0.009130000000000082,2025-11-18 02:00:00,2025-11-18 06:00:00,1.8498,1.84982,2025-11-24 10:00:00,1.84864,1.8345799999999999,1.8634400000000002,2025-12-03 22:00:00,1.8634400000000002,loss,-1.0,wickdiffs_3D_H4_ALL_20260121_202249.csv,99.68333333333337,1.0
3D,ALL,H4,H12,GBPCHF,long,2015-12-24,2015-12-29,1.461175,1.470575,0.009400000000000075,2015-12-30 22:00:00,2015-12-31 02:00:00,1.46317,1.464615,2016-01-03 22:00:00,1.469385,1.479975,1.456263106060606,2016-01-04 22:00:00,1.479975,win,0.8070481326028168,wickdiffs_3D_H4_ALL_20260121_202249.csv,131.2189393939394,1.0
3D,ALL,H4,H12,GBPCHF,long,2016-12-07,2016-12-12,1.26815,1.27903,0.010879999999999779,2016-12-07 14:00:00,2016-12-07 18:00:00,1.26815,1.26978,2016-12-19 10:00:00,1.27294,1.2899099999999997,1.2550768421052634,2016-12-23 10:00:00,1.2550768421052634,loss,-1.0,wickdiffs_3D_H4_ALL_20260121_202249.csv,136.3022727272727,1.0
3D,ALL,H4,H12,GBPCHF,long,2018-08-10,2018-08-15,1.25928,1.26455,0.005270000000000108,2018-08-15 21:00:00,2018-08-16 01:00:00,1.26054,1.26066,2018-08-27 21:00:00,1.26093,1.2698200000000002,1.2515721052631579,2018-08-29 09:00:00,1.2515721052631579,loss,-1.0,wickdiffs_3D_H4_ALL_20260121_202249.csv,80.2181818181818,1.0
3D,ALL,H4,H12,GBPCHF,long,2018-09-05,2018-09-10,1.24597,1.2521,0.006129999999999969,2018-09-10 01:00:00,2018-09-10 05:00:00,1.2515,1.25196,2018-09-21 09:00:00,1.25348,1.25823,1.245357,2018-09-23 21:00:00,1.25823,win,0.5847593253724119,wickdiffs_3D_H4_ALL_20260121_202249.csv,79.34999999999998,1.0
3D,ALL,H4,H12,GBPCHF,long,2018-09-21,2018-09-26,1.25025,1.27228,0.022029999999999994,2018-09-27 01:00:00,2018-09-27 05:00:00,1.2691,1.26958,2018-11-21 22:00:00,1.27108,1.29431,1.2466273684210525,2018-12-10 10:00:00,1.2466273684210525,loss,-1.0,wickdiffs_3D_H4_ALL_20260121_202249.csv,101.4484848484849,1.0
3D,ALL,H4,H12,GBPCHF,long,2018-12-14,2018-12-19,1.2485,1.2546,0.006099999999999994,2018-12-21 02:00:00,2018-12-21 06:00:00,1.2485,1.24887,2018-12-27 10:00:00,1.24912,1.2607,1.2369305263157895,2018-12-31 10:00:00,1.2607,win,0.95,wickdiffs_3D_H4_ALL_20260121_202249.csv,101.3621212121213,1.0
3D,ALL,H4,H12,GBPCHF,long,2019-02-20,2019-02-25,1.29982,1.3062,0.006380000000000052,2019-02-22 10:00:00,2019-02-22 14:00:00,1.29982,1.29998,2019-03-21 09:00:00,1.30058,1.31258,1.2879484210526317,2019-03-22 09:00:00,1.31258,win,0.95,wickdiffs_3D_H4_ALL_20260121_202249.csv,114.0196969696969,1.0
3D,ALL,H4,H12,GBPCHF,long,2019-03-26,2019-03-29,1.29221,1.29844,0.006229999999999958,2019-03-29 13:00:00,2019-03-29 17:00:00,1.29221,1.29314,2019-05-15 21:00:00,1.29401,1.30467,1.2827889473684213,2019-05-20 09:00:00,1.2827889473684213,loss,-1.0,wickdiffs_3D_H4_ALL_20260121_202249.csv,104.5378787878788,1.0
3D,ALL,H4,H12,GBPCHF,long,2020-01-09,2020-01-14,1.25297,1.26092,0.007950000000000124,2020-01-16 06:00:00,2020-01-16 10:00:00,1.25477,1.25566,2020-01-19 22:00:00,1.25698,1.2688700000000002,1.2444642105263155,2020-01-21 22:00:00,1.2688700000000002,win,0.95,wickdiffs_3D_H4_ALL_20260121_202249.csv,98.31060606060596,1.0
3D,ALL,H4,H12,GBPCHF,long,2020-10-05,2020-10-08,1.17732,1.18489,0.007570000000000077,2020-10-07 09:00:00,2020-10-07 13:00:00,1.17732,1.17842,2020-10-13 21:00:00,1.17999,1.19246,1.1668636842105264,2020-11-03 10:00:00,1.19246,win,0.95,wickdiffs_3D_H4_ALL_20260121_202249.csv,95.80151515151528,1.0
3D,ALL,H4,H12,GBPCHF,long,2021-02-25,2021-03-02,1.25762,1.27404,0.0164200000000001,2021-02-26 18:00:00,2021-02-28 22:00:00,1.2649,1.26519,2021-04-08 21:00:00,1.26965,1.2904600000000002,1.247744736842105,2021-08-19 21:00:00,1.247744736842105,loss,-1.0,wickdiffs_3D_H4_ALL_20260121_202249.csv,87.68333333333321,1.0
3D,ALL,H4,H12,GBPCHF,long,2021-03-05,2021-03-10,1.2798,1.28854,0.00873999999999997,2021-03-10 02:00:00,2021-03-10 06:00:00,1.28836,1.28848,2021-03-15 09:00:00,1.28944,1.29728,1.278926,2021-03-16 09:00:00,1.278926,loss,-1.0,wickdiffs_3D_H4_ALL_20260121_202249.csv,96.85303030303017,1.0
3D,ALL,H4,H12,GBPCHF,long,2021-07-30,2021-08-04,1.25498,1.25816,0.0031799999999999606,2021-08-03 21:00:00,2021-08-04 01:00:00,1.2569,1.25713,2021-08-17 09:00:00,1.25738,1.26134,1.2501628787878787,2021-08-18 09:00:00,1.26134,win,0.5486952322969324,wickdiffs_3D_H4_ALL_20260121_202249.csv,72.17121212121206,1.0
3D,ALL,H4,H12,GBPCHF,long,2021-09-20,2021-09-23,1.25608,1.26187,0.005789999999999962,2021-09-22 09:00:00,2021-09-22 13:00:00,1.25608,1.25639,2021-09-28 09:00:00,1.25801,1.26766,1.247852105263158,2021-10-10 21:00:00,1.26766,win,0.9499999999999998,wickdiffs_3D_H4_ALL_20260121_202249.csv,77.01969696969701,1.0
3D,ALL,H4,H12,GBPCHF,long,2021-11-30,2021-12-03,1.21382,1.22398,0.010160000000000169,2021-12-03 18:00:00,2021-12-05 22:00:00,1.21382,1.21493,2021-12-08 10:00:00,1.21554,1.2341400000000002,1.195961052631579,2021-12-16 10:00:00,1.2341400000000002,win,0.95,wickdiffs_3D_H4_ALL_20260121_202249.csv,87.2499999999999,1.0
3D,ALL,H4,H12,GBPCHF,long,2022-07-11,2022-07-14,1.15697,1.16404,0.00706999999999991,2022-07-15 09:00:00,2022-07-15 13:00:00,1.15697,1.15765,2022-07-21 09:00:00,1.1602,1.1711099999999999,1.1487157894736841,2022-08-04 09:00:00,1.1711099999999999,win,0.95,wickdiffs_3D_H4_ALL_20260121_202249.csv,113.1712121212118,1.0
3D,ALL,H4,H12,GBPCHF,long,2022-10-06,2022-10-11,1.08964,1.10552,0.015880000000000116,2022-10-13 01:00:00,2022-10-13 05:00:00,1.10436,1.10535,2022-11-14 10:00:00,1.10908,1.1214000000000002,1.088052,2022-11-15 10:00:00,1.1214000000000002,win,0.5858854860186457,wickdiffs_3D_H4_ALL_20260121_202249.csv,141.1378787878788,1.0
3D,ALL,H4,H12,GBPCHF,long,2022-11-09,2022-11-14,1.10486,1.11409,0.009230000000000071,2022-11-15 06:00:00,2022-11-15 10:00:00,1.11042,1.11058,2022-12-29 22:00:00,1.11074,1.12332,1.0974978947368421,2023-01-03 10:00:00,1.12332,win,0.95,wickdiffs_3D_H4_ALL_20260121_202249.csv,128.7833333333333,1.0
3D,ALL,H4,H12,GBPCHF,long,2023-05-11,2023-05-16,1.11554,1.12205,0.006510000000000016,2023-05-18 05:00:00,2023-05-18 09:00:00,1.11931,1.11932,2023-05-19 09:00:00,1.1194,1.12856,1.109757894736842,2023-05-31 09:00:00,1.12856,win,0.95,wickdiffs_3D_H4_ALL_20260121_202249.csv,77.07121212121189,1.0
3D,ALL,H4,H12,GBPCHF,long,2023-07-31,2023-08-03,1.10576,1.1154,0.009639999999999871,2023-08-03 17:00:00,2023-08-03 21:00:00,1.11066,1.11098,2023-08-10 09:00:00,1.11138,1.1250399999999998,1.0970010526315792,2023-10-13 09:00:00,1.0970010526315792,loss,-1.0,wickdiffs_3D_H4_ALL_20260121_202249.csv,69.50454545454554,1.0
3D,ALL,H4,H12,GBPCHF,long,2023-09-14,2023-09-19,1.1069,1.11096,0.0040599999999999525,2023-09-21 09:00:00,2023-09-21 13:00:00,1.10867,1.10892,2023-09-22 09:00:00,1.11038,1.11502,1.1038977272727273,2023-09-27 09:00:00,1.11502,win,0.7157983311128213,wickdiffs_3D_H4_ALL_20260121_202249.csv,64.8227272727273,1.0
3D,ALL,H4,H12,GBPCHF,long,2024-02-15,2024-02-20,1.10606,1.11156,0.00550000000000006,2024-02-22 10:00:00,2024-02-22 14:00:00,1.1114,1.11148,2024-08-01 09:00:00,1.11205,1.1170600000000002,1.10551,2024-08-02 09:00:00,1.10551,loss,-1.0,wickdiffs_3D_H4_ALL_20260121_202249.csv,62.78636363636362,1.0
3D,ALL,H4,H12,GBPCHF,long,2024-08-01,2024-08-06,1.07432,1.08871,0.014390000000000125,2024-08-06 17:00:00,2024-08-06 21:00:00,1.0801,1.08068,2025-04-08 21:00:00,1.08098,1.1031000000000002,1.057695789473684,2025-04-09 21:00:00,1.1031000000000002,win,0.95,wickdiffs_3D_H4_ALL_20260121_202249.csv,79.9015151515152,1.0
3D,ALL,H4,H12,GBPCHF,long,2025-01-27,2025-01-30,1.12094,1.12918,0.008240000000000025,2025-01-27 10:00:00,2025-01-27 14:00:00,1.12094,1.1225,2025-02-06 10:00:00,1.12532,1.13742,1.112583157894737,2025-02-12 10:00:00,1.13742,win,0.95,wickdiffs_3D_H4_ALL_20260121_202249.csv,69.58333333333331,1.0
3D,ALL,H4,H12,GBPCHF,short,2015-09-18,2015-09-23,1.498095,1.511895,0.013800000000000034,2015-09-23 05:00:00,2015-09-23 09:00:00,1.5008,1.50106,2015-10-22 21:00:00,1.49804,1.484295,1.513339393939394,2015-10-28 09:00:00,1.513339393939394,loss,-1.0,wickdiffs_3D_H4_ALL_20260121_202249.csv,152.9939393939396,1.0
3D,ALL,H4,H12,GBPCHF,short,2016-01-11,2016-01-14,1.449645,1.459455,0.009809999999999874,2016-01-14 14:00:00,2016-01-14 18:00:00,1.45285,1.45303,2016-01-22 10:00:00,1.44919,1.4398350000000002,1.4635343181818181,2016-01-25 22:00:00,1.4398350000000002,win,0.6521746019171201,wickdiffs_3D_H4_ALL_20260121_202249.csv,143.4431818181818,1.0
3D,ALL,H4,H12,GBPCHF,short,2016-12-02,2016-12-07,1.28088,1.291505,0.010624999999999885,2016-12-06 10:00:00,2016-12-06 14:00:00,1.289145,1.2893,2016-12-12 22:00:00,1.288685,1.2702550000000001,1.308085,2016-12-19 10:00:00,1.2702550000000001,win,0.95,wickdiffs_3D_H4_ALL_20260121_202249.csv,136.1530303030303,1.0
3D,ALL,H4,H12,GBPCHF,short,2017-04-17,2017-04-20,1.275485,1.28541,0.009924999999999962,2017-04-19 09:00:00,2017-04-19 13:00:00,1.28106,1.2824,2017-04-26 21:00:00,1.27948,1.26556,1.2941326315789472,2017-05-08 21:00:00,1.2941326315789472,loss,-1.0,wickdiffs_3D_H4_ALL_20260121_202249.csv,95.56439393939418,1.0
3D,ALL,H4,H12,GBPCHF,short,2018-09-10,2018-09-13,1.26666,1.27432,0.00766,2018-09-13 13:00:00,2018-09-13 17:00:00,1.26856,1.26898,2018-09-18 09:00:00,1.2682,1.259,1.277884210526316,2018-09-20 09:00:00,1.277884210526316,loss,-1.0,wickdiffs_3D_H4_ALL_20260121_202249.csv,79.42575757575756,1.0
3D,ALL,H4,H12,GBPCHF,short,2019-10-17,2019-10-22,1.27774,1.28948,0.011739999999999862,2019-10-24 09:00:00,2019-10-24 13:00:00,1.27806,1.2792,2019-10-27 21:00:00,1.27613,1.2660000000000002,1.290654,2019-11-27 10:00:00,1.290654,loss,-1.0,wickdiffs_3D_H4_ALL_20260121_202249.csv,124.937878787879,1.0
3D,ALL,H4,H12,GBPCHF,short,2019-11-15,2019-11-20,1.28034,1.28612,0.005779999999999896,2019-11-21 10:00:00,2019-11-21 14:00:00,1.28568,1.28608,2019-11-25 10:00:00,1.28557,1.2745600000000001,1.2971594736842107,2019-12-04 22:00:00,1.2971594736842107,loss,-1.0,wickdiffs_3D_H4_ALL_20260121_202249.csv,111.439393939394,1.0
3D,ALL,H4,H12,GBPCHF,short,2020-01-22,2020-01-27,1.26965,1.27777,0.008120000000000127,2020-01-27 06:00:00,2020-01-27 10:00:00,1.27106,1.27246,2020-01-30 10:00:00,1.26937,1.2615299999999998,1.278582,2020-02-02 22:00:00,1.2615299999999998,win,0.8510638297872658,wickdiffs_3D_H4_ALL_20260121_202249.csv,89.8984848484848,1.0
3D,ALL,H4,H12,GBPCHF,short,2022-04-18,2022-04-21,1.23948,1.24486,0.005380000000000162,2022-04-21 13:00:00,2022-04-21 17:00:00,1.24397,1.24486,2022-05-17 09:00:00,1.24114,1.2340999999999998,1.2507739393939392,2022-05-17 21:00:00,1.2340999999999998,win,0.7307498741822008,wickdiffs_3D_H4_ALL_20260121_202249.csv,96.33939393939389,1.0
3D,ALL,H4,H12,GBPCHF,short,2022-04-29,2022-05-04,1.2232,1.22999,0.006789999999999852,2022-05-04 17:00:00,2022-05-04 21:00:00,1.22946,1.22999,2022-05-10 09:00:00,1.22658,1.2164100000000002,1.2372852631578946,2022-05-11 09:00:00,1.2164100000000002,win,0.95,wickdiffs_3D_H4_ALL_20260121_202249.csv,93.11969696969688,1.0
3D,ALL,H4,H12,GBPCHF,short,2023-11-03,2023-11-08,1.10714,1.11542,0.008280000000000065,2023-11-07 10:00:00,2023-11-07 14:00:00,1.10832,1.10867,2023-11-13 10:00:00,1.10712,1.09886,1.1162480000000001,2023-12-06 10:00:00,1.09886,win,0.9049079754601373,wickdiffs_3D_H4_ALL_20260121_202249.csv,61.18787878787862,1.0
3D,ALL,H4,H12,GBPCHF,short,2024-01-17,2024-01-22,1.1028,1.10609,0.003290000000000015,2024-01-24 06:00:00,2024-01-24 10:00:00,1.10486,1.10532,2024-02-08 22:00:00,1.10446,1.09951,1.1108921212121212,2024-02-12 22:00:00,1.1108921212121212,loss,-1.0,wickdiffs_3D_H4_ALL_20260121_202249.csv,64.32121212121208,1.0
3D,ALL,H4,H12,GBPCHF,short,2024-02-12,2024-02-15,1.11298,1.11852,0.005539999999999878,2024-02-14 10:00:00,2024-02-14 14:00:00,1.11378,1.11423,2024-02-20 10:00:00,1.11319,1.1074400000000002,1.1195716666666666,2024-02-29 22:00:00,1.1195716666666666,loss,-1.0,wickdiffs_3D_H4_ALL_20260121_202249.csv,63.81666666666664,1.0
3D,ALL,H4,H12,GBPCHF,short,2024-08-22,2024-08-27,1.11726,1.12238,0.005120000000000013,2024-08-27 05:00:00,2024-08-27 09:00:00,1.12078,1.12122,2024-09-02 09:00:00,1.11966,1.11214,1.127618787878788,2024-09-03 09:00:00,1.11214,win,0.944867499238527,wickdiffs_3D_H4_ALL_20260121_202249.csv,79.58787878787867,1.0
3D,ALL,H4,H12,GBPCHF,short,2024-10-24,2024-10-29,1.12291,1.13014,0.007229999999999848,2024-10-31 05:00:00,2024-10-31 09:00:00,1.1251,1.12537,2024-11-01 09:00:00,1.1235,1.1156800000000002,1.132524696969697,2024-11-06 22:00:00,1.132524696969697,loss,-1.0,wickdiffs_3D_H4_ALL_20260121_202249.csv,90.24696969696949,1.0
3D,ALL,H4,H12,GBPCHF,short,2025-02-28,2025-03-05,1.13764,1.1503,0.012660000000000116,2025-03-06 10:00:00,2025-03-06 14:00:00,1.14301,1.1432,2025-03-11 09:00:00,1.14294,1.1249799999999999,1.161845263157895,2025-04-03 09:00:00,1.1249799999999999,win,0.95,wickdiffs_3D_H4_ALL_20260121_202249.csv,73.18787878787886,1.0
3D,ALL,H4,H12,GBPCHF,short,2025-07-25,2025-07-30,1.07559,1.08018,0.004589999999999872,2025-07-30 17:00:00,2025-07-30 21:00:00,1.07904,1.07924,2025-08-06 21:00:00,1.07728,1.0710000000000002,1.084473484848485,2025-08-07 09:00:00,1.084473484848485,loss,-1.0,wickdiffs_3D_H4_ALL_20260121_202249.csv,71.93484848484825,1.0
3D,ALL,H4,H12,GBPJPY,long,2015-01-14,2015-01-19,175.849,178.066,2.217000000000013,2015-01-21 10:00:00,2015-01-21 14:00:00,177.0645,177.196,2015-01-22 22:00:00,177.392,180.28300000000002,174.34884210526315,2015-02-05 10:00:00,180.28300000000002,win,0.95,wickdiffs_3D_H4_ALL_20260121_202249.csv,183.4575757575757,1.0
3D,ALL,H4,H12,GBPJPY,long,2015-03-13,2015-03-18,177.163,179.003,1.839999999999975,2015-03-18 09:00:00,2015-03-18 13:00:00,177.163,177.2775,2015-03-25 21:00:00,177.288,180.84299999999996,173.54589473684217,2015-04-23 21:00:00,180.84299999999996,win,0.95,wickdiffs_3D_H4_ALL_20260121_202249.csv,184.2992424242425,1.0
3D,ALL,H4,H12,GBPJPY,long,2016-02-09,2016-02-12,159.814,162.759,2.944999999999993,2016-02-11 06:00:00,2016-02-11 10:00:00,159.814,160.1485,2016-02-21 22:00:00,160.293,165.70399999999998,154.59721052631582,2016-04-06 09:00:00,154.59721052631582,loss,-1.0,wickdiffs_3D_H4_ALL_20260121_202249.csv,210.7174242424244,1.0
3D,ALL,H4,H12,GBPJPY,long,2016-12-23,2016-12-28,142.175,144.083,1.907999999999987,2016-12-30 14:00:00,2016-12-30 18:00:00,143.74,143.8805,2017-01-03 10:00:00,144.119,145.99099999999999,141.98420000000002,2017-01-08 22:00:00,141.98420000000002,loss,-1.0,wickdiffs_3D_H4_ALL_20260121_202249.csv,182.5818181818182,1.0
3D,ALL,H4,H12,GBPJPY,long,2017-02-24,2017-03-01,138.832,139.629,0.796999999999997,2017-02-28 14:00:00,2017-02-28 18:00:00,138.832,138.913,2017-03-07 10:00:00,139.0625,140.426,137.40532575757575,2017-03-09 22:00:00,140.426,win,0.8227861410670717,wickdiffs_3D_H4_ALL_20260121_202249.csv,165.7174242424239,1.0
3D,ALL,H4,H12,GBPJPY,long,2017-09-01,2017-09-06,141.186,141.7875,0.6014999999999873,2017-09-05 01:00:00,2017-09-05 05:00:00,141.186,141.238,2018-08-10 09:00:00,141.631,142.38899999999998,140.4634696969697,2018-08-12 21:00:00,140.4634696969697,loss,-1.0,wickdiffs_3D_H4_ALL_20260121_202249.csv,116.7530303030299,1.0
3D,ALL,H4,H12,GBPJPY,long,2017-12-04,2017-12-07,149.76,150.3735,0.6135000000000161,2017-12-06 14:00:00,2017-12-06 18:00:00,150.015,150.038,2017-12-15 10:00:00,150.05,150.98700000000002,148.60515151515153,2017-12-18 10:00:00,150.98700000000002,win,0.6485109060402765,wickdiffs_3D_H4_ALL_20260121_202249.csv,144.4848484848485,1.0
3D,ALL,H4,H12,GBPJPY,long,2018-12-06,2018-12-11,141.183,142.375,1.1920000000000073,2018-12-11 18:00:00,2018-12-11 22:00:00,141.52,141.526,2018-12-19 22:00:00,141.719,143.567,139.77373684210525,2018-12-25 22:00:00,139.77373684210525,loss,-1.0,wickdiffs_3D_H4_ALL_20260121_202249.csv,139.4318181818181,1.0
3D,ALL,H4,H12,GBPJPY,long,2019-05-31,2019-06-05,136.564,137.338,0.7740000000000009,2019-06-03 21:00:00,2019-06-04 01:00:00,136.564,136.659,2019-06-14 09:00:00,136.67,138.112,135.15210526315786,2019-07-10 21:00:00,135.15210526315786,loss,-1.0,wickdiffs_3D_H4_ALL_20260121_202249.csv,107.1863636363636,1.0
3D,ALL,H4,H12,GBPJPY,long,2020-04-20,2020-04-23,131.912,132.898,0.98599999999999,2020-04-24 13:00:00,2020-04-24 17:00:00,132.398,132.428,2020-04-28 21:00:00,132.514,133.884,130.66840151515152,2020-04-30 09:00:00,133.884,win,0.7423066345399859,wickdiffs_3D_H4_ALL_20260121_202249.csv,184.5598484848485,1.0
3D,ALL,H4,H12,GBPJPY,long,2020-12-10,2020-12-15,136.792,138.69,1.8979999999999961,2020-12-11 10:00:00,2020-12-11 14:00:00,136.792,137.015,2020-12-21 10:00:00,139.087,140.588,136.6022,2020-12-23 22:00:00,140.588,win,0.6040727623953709,wickdiffs_3D_H4_ALL_20260121_202249.csv,121.1136363636365,1.0
3D,ALL,H4,H12,GBPJPY,long,2022-05-12,2022-05-17,155.601,159.085,3.484000000000009,2022-05-19 09:00:00,2022-05-19 13:00:00,157.882,158.027,2022-05-24 09:00:00,159.008,162.56900000000002,155.2526,2022-05-31 21:00:00,162.56900000000002,win,0.9482345422591465,wickdiffs_3D_H4_ALL_20260121_202249.csv,179.7696969696969,1.0
3D,ALL,H4,H12,GBPJPY,long,2022-07-01,2022-07-06,160.394,162.478,2.084000000000003,2022-07-08 05:00:00,2022-07-08 09:00:00,161.828,161.901,2022-07-12 09:00:00,162.714,164.562,160.1856,2022-07-13 21:00:00,164.562,win,0.7308970099667812,wickdiffs_3D_H4_ALL_20260121_202249.csv,204.2727272727271,1.0
3D,ALL,H4,H12,GBPJPY,long,2022-07-11,2022-07-14,161.837,163.42,1.5829999999999984,2022-07-13 17:00:00,2022-07-13 21:00:00,163.086,163.265,2022-07-22 09:00:00,163.401,165.003,161.35198484848485,2022-07-25 09:00:00,165.003,win,0.7818390209634966,wickdiffs_3D_H4_ALL_20260121_202249.csv,204.901515151515,1.0
3D,ALL,H4,H12,GBPJPY,long,2022-07-27,2022-08-01,159.447,162.297,2.8499999999999943,2022-08-03 01:00:00,2022-08-03 05:00:00,161.21,161.648,2022-08-04 09:00:00,161.659,165.147,157.98742105263156,2022-09-06 21:00:00,165.147,win,0.95,wickdiffs_3D_H4_ALL_20260121_202249.csv,203.1803030303029,1.0
3D,ALL,H4,H12,GBPJPY,long,2022-08-22,2022-08-25,160.808,161.748,0.9399999999999977,2022-08-26 13:00:00,2022-08-26 17:00:00,161.222,161.228,2022-08-31 09:00:00,161.478,162.688,159.61860606060608,2022-09-05 21:00:00,162.688,win,0.6507496740547486,wickdiffs_3D_H4_ALL_20260121_202249.csv,185.9393939393937,1.0
3D,ALL,H4,H12,GBPJPY,long,2022-12-21,2022-12-26,158.806,160.029,1.2229999999999848,2022-12-22 14:00:00,2022-12-22 18:00:00,158.806,158.962,2022-12-29 22:00:00,158.968,161.25199999999998,156.5637894736842,2023-01-02 22:00:00,156.5637894736842,loss,-1.0,wickdiffs_3D_H4_ALL_20260121_202249.csv,230.8257575757574,1.0
3D,ALL,H4,H12,GBPJPY,long,2023-07-26,2023-07-31,176.319,181.393,5.074000000000012,2023-07-30 21:00:00,2023-07-31 01:00:00,180.879,181.055,2023-08-03 09:00:00,181.14,186.467,175.53263157894733,2023-08-16 21:00:00,186.467,win,0.95,wickdiffs_3D_H4_ALL_20260121_202249.csv,156.7469696969696,1.0
3D,ALL,H4,H12,GBPJPY,long,2023-08-29,2023-09-01,183.541,184.422,0.8810000000000002,2023-09-01 09:00:00,2023-09-01 13:00:00,183.541,183.598,2023-09-07 09:00:00,183.697,185.303,182.00647368421053,2023-09-21 09:00:00,182.00647368421053,loss,-1.0,wickdiffs_3D_H4_ALL_20260121_202249.csv,157.7106060606059,1.0
3D,ALL,H4,H12,GBPJPY,long,2023-09-06,2023-09-11,182.684,184.192,1.5080000000000098,2023-09-11 01:00:00,2023-09-11 05:00:00,182.684,182.911,2023-09-14 09:00:00,183.0,185.70000000000002,180.15789473684208,2023-10-03 09:00:00,180.15789473684208,loss,-1.0,wickdiffs_3D_H4_ALL_20260121_202249.csv,156.2999999999999,1.0
3D,ALL,H4,H12,GBPJPY,long,2023-10-02,2023-10-05,178.086,180.996,2.9099999999999966,2023-10-05 21:00:00,2023-10-06 01:00:00,180.845,180.856,2023-10-29 21:00:00,181.065,183.906,177.79500000000002,2023-10-31 09:00:00,183.906,win,0.8688073394495486,wickdiffs_3D_H4_ALL_20260121_202249.csv,141.8409090909089,1.0
3D,ALL,H4,H12,GBPJPY,long,2025-08-20,2025-08-25,197.862,198.582,0.7199999999999989,2025-08-26 13:00:00,2025-08-26 17:00:00,198.378,198.498,2025-08-28 09:00:00,198.561,199.302,197.19863636363638,2025-09-01 09:00:00,199.302,win,0.5439076471373169,wickdiffs_3D_H4_ALL_20260121_202249.csv,136.2363636363638,1.0
3D,ALL,H4,H12,GBPJPY,short,2015-03-05,2015-03-10,183.2785,183.9285,0.6500000000000057,2015-03-10 01:00:00,2015-03-10 05:00:00,183.822,183.9285,2015-04-29 09:00:00,183.7385,182.6285,185.38264393939392,2015-04-29 21:00:00,182.6285,win,0.6751233717463629,wickdiffs_3D_H4_ALL_20260121_202249.csv,164.4143939393941,1.0
3D,ALL,H4,H12,GBPJPY,short,2015-05-12,2015-05-15,188.001,188.621,0.6200000000000045,2015-05-15 09:00:00,2015-05-15 13:00:00,188.5525,188.5955,2015-05-20 09:00:00,188.542,187.381,190.14312121212123,2015-05-27 09:00:00,190.14312121212123,loss,-1.0,wickdiffs_3D_H4_ALL_20260121_202249.csv,160.1121212121214,1.0
3D,ALL,H4,H12,GBPJPY,short,2017-12-07,2017-12-12,151.485,153.414,1.9289999999999736,2017-12-14 06:00:00,2017-12-14 10:00:00,151.745,151.947,2017-12-20 10:00:00,151.6675,149.55600000000004,153.89013157894732,2018-01-17 10:00:00,153.89013157894732,loss,-1.0,wickdiffs_3D_H4_ALL_20260121_202249.csv,135.8181818181818,1.0
3D,ALL,H4,H12,GBPJPY,short,2018-03-16,2018-03-21,149.133,150.312,1.179000000000002,2018-03-22 05:00:00,2018-03-22 09:00:00,149.99,150.203,2018-03-26 09:00:00,149.9865,147.954,152.12597368421052,2018-04-10 09:00:00,152.12597368421052,loss,-1.0,wickdiffs_3D_H4_ALL_20260121_202249.csv,146.0545454545456,1.0
3D,ALL,H4,H12,GBPJPY,short,2019-10-25,2019-10-30,140.147,140.691,0.5440000000000111,2019-10-31 05:00:00,2019-10-31 09:00:00,140.654,140.691,2019-11-05 10:00:00,140.635,139.60299999999998,142.08545454545452,2019-11-06 22:00:00,139.60299999999998,win,0.7115010968348552,wickdiffs_3D_H4_ALL_20260121_202249.csv,145.0454545454546,1.0
3D,ALL,H4,H12,GBPJPY,short,2019-11-15,2019-11-20,140.301,141.578,1.2770000000000152,2019-11-21 10:00:00,2019-11-21 14:00:00,140.715,140.928,2019-11-25 22:00:00,140.176,139.02399999999997,141.7057,2019-11-27 22:00:00,141.7057,loss,-1.0,wickdiffs_3D_H4_ALL_20260121_202249.csv,133.819696969697,1.0
3D,ALL,H4,H12,GBPJPY,short,2019-12-11,2019-12-16,145.8,147.96,2.1599999999999966,2019-12-16 02:00:00,2019-12-16 06:00:00,146.566,146.814,2021-02-15 10:00:00,146.51,143.64000000000001,149.53105263157892,2021-02-23 22:00:00,149.53105263157892,loss,-1.0,wickdiffs_3D_H4_ALL_20260121_202249.csv,104.4303030303031,1.0
3D,ALL,H4,H12,GBPJPY,short,2020-06-12,2020-06-17,134.928,136.355,1.4269999999999925,2020-06-17 05:00:00,2020-06-17 09:00:00,135.11,135.144,2020-07-07 09:00:00,134.872,133.501,136.49769999999998,2020-07-22 09:00:00,136.49769999999998,loss,-1.0,wickdiffs_3D_H4_ALL_20260121_202249.csv,138.7378787878787,1.0
3D,ALL,H4,H12,GBPJPY,short,2020-07-08,2020-07-13,134.964,135.923,0.9590000000000032,2020-07-09 09:00:00,2020-07-09 13:00:00,135.86,135.923,2020-07-20 09:00:00,135.828,134.005,137.74694736842108,2020-07-31 09:00:00,137.74694736842108,loss,-1.0,wickdiffs_3D_H4_ALL_20260121_202249.csv,133.7818181818181,1.0
3D,ALL,H4,H12,GBPJPY,short,2021-04-29,2021-05-04,151.718,152.412,0.6940000000000168,2021-05-06 09:00:00,2021-05-06 13:00:00,152.021,152.126,2021-05-07 09:00:00,151.847,151.02399999999997,152.8932878787879,2021-05-09 21:00:00,152.8932878787879,loss,-1.0,wickdiffs_3D_H4_ALL_20260121_202249.csv,104.628787878788,1.0
3D,ALL,H4,H12,GBPJPY,short,2021-12-13,2021-12-16,151.272,152.638,1.3660000000000139,2021-12-16 10:00:00,2021-12-16 14:00:00,152.444,152.638,2021-12-22 10:00:00,152.424,149.90599999999998,155.0745263157895,2021-12-29 10:00:00,155.0745263157895,loss,-1.0,wickdiffs_3D_H4_ALL_20260121_202249.csv,123.4409090909092,1.0
3D,ALL,H4,H12,GBPJPY,short,2022-03-23,2022-03-28,160.922,164.658,3.73599999999999,2022-03-29 17:00:00,2022-03-29 21:00:00,161.057,161.376,2022-03-31 21:00:00,160.926,157.186,165.0316,2022-04-14 21:00:00,165.0316,loss,-1.0,wickdiffs_3D_H4_ALL_20260121_202249.csv,135.519696969697,1.0
3D,ALL,H4,H12,GBPJPY,short,2022-05-17,2022-05-20,159.426,161.857,2.4310000000000116,2022-05-17 09:00:00,2022-05-17 13:00:00,161.84,161.857,2022-05-30 21:00:00,161.326,156.99499999999998,165.88494736842105,2022-06-06 21:00:00,165.88494736842105,loss,-1.0,wickdiffs_3D_H4_ALL_20260121_202249.csv,183.0333333333333,1.0
3D,ALL,H4,H12,GBPJPY,short,2022-11-04,2022-11-09,168.154,169.096,0.9420000000000073,2022-11-08 14:00:00,2022-11-08 18:00:00,168.502,168.664,2022-11-22 22:00:00,168.478,167.212,170.842696969697,2022-11-24 10:00:00,167.212,win,0.5353751521753146,wickdiffs_3D_H4_ALL_20260121_202249.csv,236.4696969696968,1.0
3D,ALL,H4,H12,GBPJPY,short,2023-02-24,2023-03-01,163.732,166.018,2.2860000000000014,2023-03-02 02:00:00,2023-03-02 06:00:00,163.846,163.94,2023-03-06 22:00:00,163.206,161.446,166.2466,2023-03-13 09:00:00,161.446,win,0.5788331250411051,wickdiffs_3D_H4_ALL_20260121_202249.csv,184.1454545454544,1.0
3D,ALL,H4,H12,GBPJPY,short,2023-03-30,2023-04-04,164.414,166.412,1.9980000000000189,2023-04-05 01:00:00,2023-04-05 05:00:00,164.569,164.678,2023-04-09 21:00:00,164.16,162.41599999999997,166.61180000000002,2023-04-12 21:00:00,166.61180000000002,loss,-1.0,wickdiffs_3D_H4_ALL_20260121_202249.csv,181.7090909090909,1.0
3D,ALL,H4,H12,GBPJPY,short,2023-12-15,2023-12-20,183.143,184.181,1.038000000000011,2023-12-19 10:00:00,2023-12-19 14:00:00,184.01,184.181,2024-01-04 22:00:00,183.806,182.105,185.5965263157895,2024-01-10 10:00:00,185.5965263157895,loss,-1.0,wickdiffs_3D_H4_ALL_20260121_202249.csv,165.1742424242423,1.0
3D,ALL,H4,H12,GBPJPY,short,2024-02-12,2024-02-15,189.24,190.084,0.8439999999999941,2024-02-16 14:00:00,2024-02-16 18:00:00,189.427,189.52,2024-02-20 10:00:00,189.338,188.39600000000002,190.89872727272726,2024-02-22 22:00:00,190.89872727272726,loss,-1.0,wickdiffs_3D_H4_ALL_20260121_202249.csv,156.072727272727,1.0
3D,ALL,H4,H12,GBPJPY,short,2024-03-04,2024-03-07,190.233,191.194,0.9609999999999843,2024-03-04 14:00:00,2024-03-04 18:00:00,191.118,191.194,2024-03-18 21:00:00,190.773,189.27200000000002,192.35299999999998,2024-03-19 21:00:00,192.35299999999998,loss,-1.0,wickdiffs_3D_H4_ALL_20260121_202249.csv,138.1303030303028,1.0
3D,ALL,H4,H12,GBPJPY,short,2025-01-06,2025-01-09,195.753,198.257,2.504000000000019,2025-01-08 18:00:00,2025-01-08 22:00:00,195.82,196.018,2025-03-27 09:00:00,195.596,193.24899999999997,198.50740000000002,2025-03-30 21:00:00,193.24899999999997,win,0.8061413752833774,wickdiffs_3D_H4_ALL_20260121_202249.csv,189.3848484848486,1.0
3D,ALL,H4,H12,GBPJPY,short,2025-03-21,2025-03-26,194.035,195.982,1.9470000000000027,2025-03-28 09:00:00,2025-03-28 13:00:00,195.198,195.319,2025-04-02 09:00:00,194.146,192.088,196.31231578947367,2025-04-03 09:00:00,192.088,win,0.95,wickdiffs_3D_H4_ALL_20260121_202249.csv,194.3409090909092,1.0
3D,ALL,H4,H12,GBPNZD,long,2015-02-12,2015-02-17,2.032005,2.04802,0.016015000000000335,2015-02-18 02:00:00,2015-02-18 06:00:00,2.03477,2.035405,2015-02-20 10:00:00,2.04655,2.0640350000000005,2.023746212121212,2015-02-23 22:00:00,2.0640350000000005,win,0.7667585794492167,wickdiffs_3D_H4_ALL_20260121_202249.csv,228.0378787878785,1.0
3D,ALL,H4,H12,GBPNZD,long,2015-03-10,2015-03-13,2.00001,2.01444,0.014429999999999943,2015-03-17 05:00:00,2015-03-17 09:00:00,2.00001,2.00033,2015-03-18 09:00:00,2.000375,2.02887,1.9703802631578948,2015-03-20 09:00:00,1.9703802631578948,loss,-1.0,wickdiffs_3D_H4_ALL_20260121_202249.csv,232.8492424242421,1.0
3D,ALL,H4,H12,GBPNZD,long,2015-07-17,2015-07-22,2.32966,2.34842,0.018759999999999888,2015-07-23 05:00:00,2015-07-23 09:00:00,2.32966,2.329745,2015-07-27 21:00:00,2.33708,2.36718,2.305395789473684,2015-07-30 09:00:00,2.36718,win,0.95,wickdiffs_3D_H4_ALL_20260121_202249.csv,276.4931818181821,1.0
3D,ALL,H4,H12,GBPNZD,long,2015-10-14,2015-10-19,2.24317,2.26676,0.02359,2015-10-20 05:00:00,2015-10-20 09:00:00,2.260985,2.264235,2015-10-22 09:00:00,2.26599,2.29035,2.231043560606061,2015-10-28 09:00:00,2.29035,win,0.6970667233190239,wickdiffs_3D_H4_ALL_20260121_202249.csv,349.4643939393936,1.0
3D,ALL,H4,H12,GBPNZD,long,2016-05-11,2016-05-16,2.11084,2.12174,0.01089999999999991,2016-05-16 05:00:00,2016-05-16 09:00:00,2.11084,2.112585,2016-06-01 09:00:00,2.114435,2.13264,2.091151590909091,2016-06-03 09:00:00,2.091151590909091,loss,-1.0,wickdiffs_3D_H4_ALL_20260121_202249.csv,232.8340909090907,1.0
3D,ALL,H4,H12,GBPNZD,long,2017-01-26,2017-01-31,1.7043,1.71369,0.00939000000000001,2017-01-31 06:00:00,2017-01-31 10:00:00,1.7043,1.70456,2017-02-03 10:00:00,1.70662,1.72308,1.6858963636363637,2017-02-08 10:00:00,1.72308,win,0.7942621512546019,wickdiffs_3D_H4_ALL_20260121_202249.csv,207.2363636363637,1.0
3D,ALL,H4,H12,GBPNZD,long,2017-07-18,2017-07-21,1.74187,1.75367,0.011800000000000033,2017-07-21 17:00:00,2017-07-23 21:00:00,1.74214,1.743125,2017-07-26 09:00:00,1.745595,1.76547,1.724673947368421,2017-07-31 21:00:00,1.76547,win,0.9499999999999998,wickdiffs_3D_H4_ALL_20260121_202249.csv,181.6431818181817,1.0
3D,ALL,H4,H12,GBPNZD,long,2017-11-08,2017-11-13,1.8787,1.90295,0.024249999999999883,2017-11-13 18:00:00,2017-11-13 22:00:00,1.89962,1.90014,2017-12-15 10:00:00,1.90694,1.9271999999999998,1.8762750000000001,2018-01-09 22:00:00,1.8762750000000001,loss,-1.0,wickdiffs_3D_H4_ALL_20260121_202249.csv,202.3742424242425,1.0
3D,ALL,H4,H12,GBPNZD,long,2018-06-08,2018-06-13,1.893,1.90882,0.015819999999999945,2018-06-15 01:00:00,2018-06-15 05:00:00,1.90435,1.90485,2018-06-18 09:00:00,1.90927,1.92464,1.891418,2018-06-20 21:00:00,1.92464,win,0.8609679587721208,wickdiffs_3D_H4_ALL_20260121_202249.csv,151.9431818181818,1.0
3D,ALL,H4,H12,GBPNZD,long,2018-07-17,2018-07-20,1.91978,1.93086,0.011079999999999979,2018-07-20 09:00:00,2018-07-20 13:00:00,1.92226,1.92392,2018-07-30 09:00:00,1.92438,1.94194,1.905895789473684,2018-08-02 09:00:00,1.94194,win,0.95,wickdiffs_3D_H4_ALL_20260121_202249.csv,148.9,1.0
3D,ALL,H4,H12,GBPNZD,long,2020-09-30,2020-10-05,1.93244,1.94909,0.016650000000000054,2020-10-01 17:00:00,2020-10-01 21:00:00,1.93576,1.93604,2020-10-13 21:00:00,1.93653,1.96574,1.9057826315789475,2020-10-19 21:00:00,1.96574,win,0.95,wickdiffs_3D_H4_ALL_20260121_202249.csv,165.0469696969696,1.0
3D,ALL,H4,H12,GBPNZD,long,2020-11-27,2020-12-02,1.88729,1.89946,0.012170000000000014,2020-12-02 06:00:00,2020-12-02 10:00:00,1.88729,1.88735,2020-12-07 10:00:00,1.89961,1.91163,1.8830739393939395,2020-12-09 22:00:00,1.91163,win,0.7268962231303437,wickdiffs_3D_H4_ALL_20260121_202249.csv,165.3606060606061,1.0
3D,ALL,H4,H12,GBPNZD,long,2020-12-10,2020-12-15,1.85234,1.88262,0.030279999999999863,2020-12-14 14:00:00,2020-12-14 18:00:00,1.87623,1.8787,2020-12-20 22:00:00,1.88254,1.9128999999999998,1.849312,2020-12-23 22:00:00,1.9128999999999998,win,0.9136872517154113,wickdiffs_3D_H4_ALL_20260121_202249.csv,169.8439393939394,1.0
3D,ALL,H4,H12,GBPNZD,long,2020-12-18,2020-12-23,1.87804,1.89783,0.019789999999999974,2020-12-23 06:00:00,2020-12-23 10:00:00,1.8931,1.89322,2020-12-28 10:00:00,1.8945,1.9176199999999999,1.870163157894737,2021-01-05 22:00:00,1.870163157894737,loss,-1.0,wickdiffs_3D_H4_ALL_20260121_202249.csv,168.5545454545455,1.0
3D,ALL,H4,H12,GBPNZD,long,2021-09-10,2021-09-15,1.93904,1.94536,0.006319999999999881,2021-09-16 05:00:00,2021-09-16 09:00:00,1.94174,1.9423,2021-09-20 09:00:00,1.9429,1.9516799999999999,1.9292880303030304,2021-09-21 21:00:00,1.9516799999999999,win,0.645020536737927,wickdiffs_3D_H4_ALL_20260121_202249.csv,136.1196969696969,1.0
3D,ALL,H4,H12,GBPNZD,long,2022-02-04,2022-02-09,2.02242,2.03781,0.015390000000000015,2022-02-11 10:00:00,2022-02-11 14:00:00,2.02994,2.03269,2022-02-16 10:00:00,2.03352,2.0532,2.0128042105263164,2022-02-22 10:00:00,2.0128042105263164,loss,-1.0,wickdiffs_3D_H4_ALL_20260121_202249.csv,128.3484848484848,1.0
3D,ALL,H4,H12,GBPNZD,long,2022-03-07,2022-03-10,1.90478,1.92738,0.022600000000000176,2022-03-10 18:00:00,2022-03-10 22:00:00,1.90483,1.90538,2022-03-20 21:00:00,1.90628,1.9499800000000003,1.8602799999999997,2022-05-01 21:00:00,1.9499800000000003,win,0.95,wickdiffs_3D_H4_ALL_20260121_202249.csv,139.2590909090909,1.0
3D,ALL,H4,H12,GBPNZD,long,2022-07-01,2022-07-06,1.92284,1.93842,0.015579999999999927,2022-07-06 09:00:00,2022-07-06 13:00:00,1.92284,1.92472,2022-07-15 09:00:00,1.92702,1.954,1.89862,2022-08-02 21:00:00,1.954,win,0.95,wickdiffs_3D_H4_ALL_20260121_202249.csv,164.1666666666665,1.0
3D,ALL,H4,H12,GBPNZD,long,2022-07-11,2022-07-14,1.9191,1.93948,0.020380000000000065,2022-07-17 21:00:00,2022-07-18 01:00:00,1.9191,1.91994,2022-07-19 21:00:00,1.92322,1.9598600000000002,1.8846515789473681,2022-08-12 09:00:00,1.8846515789473681,loss,-1.0,wickdiffs_3D_H4_ALL_20260121_202249.csv,166.6681818181816,1.0
3D,ALL,H4,H12,GBPNZD,long,2022-11-01,2022-11-04,1.91292,1.93318,0.020259999999999945,2022-11-07 02:00:00,2022-11-07 06:00:00,1.92078,1.9208,2022-11-14 10:00:00,1.92892,1.9534399999999998,1.9031094736842107,2022-12-16 10:00:00,1.9031094736842107,loss,-1.0,wickdiffs_3D_H4_ALL_20260121_202249.csv,239.5878787878786,1.0
3D,ALL,H4,H12,GBPNZD,long,2023-12-20,2023-12-25,2.00758,2.01667,0.009090000000000042,2023-12-27 02:00:00,2023-12-27 06:00:00,2.00758,2.00894,2023-12-28 10:00:00,2.01035,2.02576,1.9941289473684207,2024-01-03 10:00:00,2.02576,win,0.95,wickdiffs_3D_H4_ALL_20260121_202249.csv,144.3727272727271,1.0
3D,ALL,H4,H12,GBPNZD,long,2024-09-25,2024-09-30,2.10028,2.11036,0.010079999999999867,2024-10-02 01:00:00,2024-10-02 05:00:00,2.10458,2.10634,2024-10-03 09:00:00,2.1124,2.12044,2.098975606060606,2024-10-03 21:00:00,2.12044,win,0.5989097188519196,wickdiffs_3D_H4_ALL_20260121_202249.csv,134.2439393939392,1.0
3D,ALL,H4,H12,GBPNZD,long,2025-02-12,2025-02-17,2.19075,2.20104,0.01028999999999991,2025-02-17 10:00:00,2025-02-17 14:00:00,2.19494,2.19514,2025-02-20 10:00:00,2.1987,2.21133,2.1841710606060607,2025-02-25 10:00:00,2.21133,win,0.86929951716009,wickdiffs_3D_H4_ALL_20260121_202249.csv,145.2893939393936,1.0
3D,ALL,H4,H12,GBPNZD,long,2025-08-28,2025-09-02,2.28022,2.29452,0.01429999999999998,2025-09-03 01:00:00,2025-09-03 05:00:00,2.28022,2.28053,2025-09-07 21:00:00,2.28101,2.30882,2.2517363157894743,2025-09-17 21:00:00,2.30882,win,0.95,wickdiffs_3D_H4_ALL_20260121_202249.csv,139.9318181818184,1.0
3D,ALL,H4,H12,GBPNZD,short,2015-02-20,2015-02-25,2.063045,2.07719,0.014145000000000074,2015-02-24 06:00:00,2015-02-24 10:00:00,2.076615,2.07719,2015-03-10 09:00:00,2.07137,2.0488999999999997,2.0950226315789475,2015-03-11 09:00:00,2.0488999999999997,win,0.95,wickdiffs_3D_H4_ALL_20260121_202249.csv,230.9924242424239,1.0
3D,ALL,H4,H12,GBPNZD,short,2015-07-01,2015-07-06,2.325805,2.347515,0.021710000000000118,2015-07-08 01:00:00,2015-07-08 05:00:00,2.330135,2.33035,2015-07-14 09:00:00,2.329815,2.304095,2.3568886842105266,2015-07-15 09:00:00,2.3568886842105266,loss,-1.0,wickdiffs_3D_H4_ALL_20260121_202249.csv,258.6083333333335,1.0
3D,ALL,H4,H12,GBPNZD,short,2015-07-22,2015-07-27,2.35879,2.381285,0.022495000000000154,2015-07-22 17:00:00,2015-07-22 21:00:00,2.376865,2.377225,2015-07-30 21:00:00,2.37668,2.336295,2.4191905263157896,2015-08-07 09:00:00,2.336295,win,0.95,wickdiffs_3D_H4_ALL_20260121_202249.csv,280.414393939394,1.0
3D,ALL,H4,H12,GBPNZD,short,2015-11-12,2015-11-17,2.341505,2.36523,0.023724999999999774,2015-11-19 10:00:00,2015-11-19 14:00:00,2.34446,2.345755,2025-10-15 09:00:00,2.34135,2.3177800000000004,2.3676025,2025-10-21 21:00:00,2.3177800000000004,win,0.8978192553089959,wickdiffs_3D_H4_ALL_20260121_202249.csv,129.3621212121212,1.0
3D,ALL,H4,H12,GBPNZD,short,2016-10-26,2016-10-31,1.701705,1.71734,0.015635000000000066,2016-10-31 17:00:00,2016-10-31 21:00:00,1.71273,1.71355,2016-11-04 09:00:00,1.708875,1.68607,1.7328802631578946,2016-11-08 10:00:00,1.68607,win,0.95,wickdiffs_3D_H4_ALL_20260121_202249.csv,203.1265151515152,1.0
3D,ALL,H4,H12,GBPNZD,short,2017-03-22,2017-03-27,1.77444,1.79386,0.019419999999999993,2017-03-28 05:00:00,2017-03-28 09:00:00,1.79377,1.79386,2017-04-02 21:00:00,1.78889,1.75502,1.8245426315789475,2017-04-18 09:00:00,1.8245426315789475,loss,-1.0,wickdiffs_3D_H4_ALL_20260121_202249.csv,176.1840909090908,1.0
3D,ALL,H4,H12,GBPNZD,short,2018-01-01,2018-01-04,1.9064,1.92157,0.015169999999999906,2018-01-03 22:00:00,2018-01-04 02:00:00,1.90835,1.91024,2018-01-18 10:00:00,1.90304,1.8912300000000002,1.923087,2018-01-24 10:00:00,1.923087,loss,-1.0,wickdiffs_3D_H4_ALL_20260121_202249.csv,190.1,1.0
3D,ALL,H4,H12,GBPNZD,short,2019-03-05,2019-03-08,1.93686,1.94801,0.011149999999999993,2019-03-06 18:00:00,2019-03-06 22:00:00,1.94728,1.94801,2019-03-13 09:00:00,1.94502,1.92571,1.9653463157894735,2019-03-18 09:00:00,1.92571,win,0.95,wickdiffs_3D_H4_ALL_20260121_202249.csv,194.7803030303029,1.0
3D,ALL,H4,H12,GBPNZD,short,2019-04-19,2019-04-24,1.94364,1.96207,0.018429999999999946,2019-04-24 13:00:00,2019-04-24 17:00:00,1.96192,1.96207,2019-04-30 21:00:00,1.96164,1.92521,1.9999873684210527,2019-05-07 21:00:00,1.9999873684210527,loss,-1.0,wickdiffs_3D_H4_ALL_20260121_202249.csv,184.6121212121211,1.0
3D,ALL,H4,H12,GBPNZD,short,2019-07-22,2019-07-25,1.86198,1.8731,0.011120000000000019,2019-07-26 05:00:00,2019-07-26 09:00:00,1.87199,1.8731,2019-08-04 21:00:00,1.86362,1.85086,1.8770515789473685,2019-08-05 21:00:00,1.85086,win,0.95,wickdiffs_3D_H4_ALL_20260121_202249.csv,129.8757575757577,1.0
3D,ALL,H4,H12,GBPNZD,short,2019-08-02,2019-08-07,1.8646,1.90641,0.0418099999999999,2019-08-08 17:00:00,2019-08-08 21:00:00,1.87461,1.87796,2019-08-12 09:00:00,1.87361,1.8227900000000001,1.927104736842105,2019-08-25 21:00:00,1.927104736842105,loss,-1.0,wickdiffs_3D_H4_ALL_20260121_202249.csv,136.4424242424243,1.0
3D,ALL,H4,H12,GBPNZD,short,2020-01-06,2020-01-09,1.96976,1.98408,0.01432000000000011,2020-01-10 10:00:00,2020-01-10 14:00:00,1.97626,1.97856,2020-01-16 22:00:00,1.96582,1.9554399999999998,1.9855120000000002,2020-01-22 10:00:00,1.9855120000000002,loss,-1.0,wickdiffs_3D_H4_ALL_20260121_202249.csv,175.2636363636365,1.0
3D,ALL,H4,H12,GBPNZD,short,2020-01-30,2020-02-04,2.01125,2.04356,0.03230999999999984,2020-02-04 10:00:00,2020-02-04 14:00:00,2.01806,2.02048,2020-02-07 10:00:00,2.01252,1.9789400000000001,2.047867368421052,2020-02-20 22:00:00,2.047867368421052,loss,-1.0,wickdiffs_3D_H4_ALL_20260121_202249.csv,168.0333333333336,1.0
3D,ALL,H4,H12,GBPNZD,short,2020-03-04,2020-03-09,2.05297,2.19044,0.13746999999999998,2020-03-10 13:00:00,2020-03-10 17:00:00,2.06799,2.0689,2020-03-12 21:00:00,2.0522,1.9155000000000002,2.204187,2020-06-22 09:00:00,1.9155000000000002,win,0.8994190292590797,wickdiffs_3D_H4_ALL_20260121_202249.csv,199.4772727272727,1.0
3D,ALL,H4,H12,GBPNZD,short,2020-12-15,2020-12-18,1.89943,1.90933,0.00990000000000002,2020-12-16 10:00:00,2020-12-16 14:00:00,1.9092,1.90933,2020-12-23 10:00:00,1.90198,1.88953,1.9190172727272727,2020-12-28 22:00:00,1.88953,win,0.7307507603649793,wickdiffs_3D_H4_ALL_20260121_202249.csv,170.3727272727273,1.0
3D,ALL,H4,H12,GBPNZD,short,2021-04-16,2021-04-21,1.94295,1.9503,0.007349999999999968,2021-04-20 17:00:00,2021-04-20 21:00:00,1.94438,1.94558,2021-05-04 09:00:00,1.9433,1.9356,1.957890303030303,2021-05-05 09:00:00,1.9356,win,0.5277477776854725,wickdiffs_3D_H4_ALL_20260121_202249.csv,145.9030303030303,1.0
3D,ALL,H4,H12,GBPNZD,short,2021-04-29,2021-05-04,1.93228,1.94833,0.016049999999999898,2021-05-04 13:00:00,2021-05-04 17:00:00,1.94686,1.94752,2021-05-10 21:00:00,1.94219,1.91623,1.9695163157894737,2021-05-19 09:00:00,1.9695163157894737,loss,-1.0,wickdiffs_3D_H4_ALL_20260121_202249.csv,146.4939393939394,1.0
3D,ALL,H4,H12,GBPNZD,short,2021-07-09,2021-07-14,1.9883,1.99583,0.007530000000000037,2021-07-13 09:00:00,2021-07-13 13:00:00,1.9956,1.99583,2021-07-27 09:00:00,1.99476,1.98077,2.009754393939394,2021-08-02 21:00:00,1.98077,win,0.9330153693804868,wickdiffs_3D_H4_ALL_20260121_202249.csv,149.9439393939394,1.0
3D,ALL,H4,H12,GBPNZD,short,2021-07-27,2021-07-30,1.9912,2.00758,0.01637999999999984,2021-07-29 09:00:00,2021-07-29 13:00:00,1.9983,2.00029,2021-08-17 21:00:00,1.98952,1.9748200000000002,2.0092179999999997,2021-08-24 09:00:00,1.9748200000000002,win,0.7462686567164121,wickdiffs_3D_H4_ALL_20260121_202249.csv,141.6863636363635,1.0
3D,ALL,H4,H12,GBPNZD,short,2022-04-13,2022-04-18,1.93176,1.93732,0.005560000000000009,2022-04-18 13:00:00,2022-04-18 17:00:00,1.9371,1.93714,2022-04-21 09:00:00,1.93508,1.9262,1.9503946969696968,2022-04-24 21:00:00,1.9262,win,0.5798351751634888,wickdiffs_3D_H4_ALL_20260121_202249.csv,153.1469696969698,1.0
3D,ALL,H4,H12,GBPNZD,short,2022-04-29,2022-05-04,1.94196,1.95579,0.013830000000000009,2022-05-02 01:00:00,2022-05-02 05:00:00,1.95577,1.95579,2022-05-09 21:00:00,1.94952,1.92813,1.9720357894736842,2022-05-24 21:00:00,1.92813,win,0.95,wickdiffs_3D_H4_ALL_20260121_202249.csv,165.2727272727274,1.0
3D,ALL,H4,H12,GBPNZD,short,2023-01-18,2023-01-23,1.91548,1.9406,0.02512000000000003,2023-01-23 02:00:00,2023-01-23 06:00:00,1.91998,1.92072,2023-01-31 10:00:00,1.91322,1.89036,1.9431120000000002,2023-02-02 10:00:00,1.89036,win,0.7647531112003108,wickdiffs_3D_H4_ALL_20260121_202249.csv,178.4303030303028,1.0
3D,ALL,H4,H12,GBPNZD,short,2023-02-24,2023-03-01,1.94324,1.96778,0.024540000000000006,2023-02-28 22:00:00,2023-03-01 02:00:00,1.94482,1.9491,2023-03-06 10:00:00,1.9408,1.9187,1.970234,2023-03-20 21:00:00,1.970234,loss,-1.0,wickdiffs_3D_H4_ALL_20260121_202249.csv,168.2469696969694,1.0
3D,ALL,H4,H12,GBPNZD,short,2023-03-27,2023-03-30,1.97862,1.9857,0.007079999999999975,2023-03-27 13:00:00,2023-03-27 17:00:00,1.98522,1.9857,2023-04-04 09:00:00,1.98066,1.97154,1.9970515151515151,2023-04-04 21:00:00,1.97154,win,0.5563854174369607,wickdiffs_3D_H4_ALL_20260121_202249.csv,163.9151515151514,1.0
3D,ALL,H4,H12,GBPNZD,short,2023-07-05,2023-07-10,2.06714,2.09195,0.02481,2023-07-12 05:00:00,2023-07-12 09:00:00,2.08834,2.08985,2023-07-18 09:00:00,2.0782,2.04233,2.1159578947368414,2023-08-10 21:00:00,2.1159578947368414,loss,-1.0,wickdiffs_3D_H4_ALL_20260121_202249.csv,155.6772727272726,1.0
3D,ALL,H4,H12,GBPNZD,short,2023-07-13,2023-07-18,2.06705,2.08945,0.022399999999999753,2023-07-18 09:00:00,2023-07-18 13:00:00,2.0879,2.08945,2023-07-23 21:00:00,2.06983,2.0446500000000003,2.0963352631578944,2023-08-07 21:00:00,2.0963352631578944,loss,-1.0,wickdiffs_3D_H4_ALL_20260121_202249.csv,161.9318181818179,1.0
3D,ALL,H4,H12,GBPNZD,short,2023-11-21,2023-11-24,2.07235,2.08018,0.007829999999999782,2023-11-27 02:00:00,2023-11-27 06:00:00,2.07902,2.07936,2024-01-18 10:00:00,2.0776,2.0645200000000004,2.0918893939393937,2024-01-22 10:00:00,2.0918893939393937,loss,-1.0,wickdiffs_3D_H4_ALL_20260121_202249.csv,142.8939393939392,1.0
3D,ALL,H4,H12,GBPNZD,short,2024-02-12,2024-02-15,2.0648,2.08183,0.0170300000000001,2024-02-13 22:00:00,2024-02-14 02:00:00,2.0786,2.08118,2024-02-28 10:00:00,2.07615,2.04777,2.106023684210527,2024-03-20 09:00:00,2.106023684210527,loss,-1.0,wickdiffs_3D_H4_ALL_20260121_202249.csv,137.9893939393937,1.0
3D,ALL,H4,H12,GBPNZD,short,2024-03-28,2024-04-02,2.1082,2.11759,0.009389999999999787,2024-03-28 09:00:00,2024-03-28 13:00:00,2.11682,2.11759,2024-04-16 09:00:00,2.1131,2.0988100000000003,2.128142105263158,2024-04-21 21:00:00,2.0988100000000003,win,0.95,wickdiffs_3D_H4_ALL_20260121_202249.csv,118.7545454545453,1.0
3D,ALL,H4,H12,GBPNZD,short,2024-06-07,2024-06-12,2.0735,2.0861,0.012599999999999945,2024-06-12 05:00:00,2024-06-12 09:00:00,2.07736,2.078,2024-06-17 21:00:00,2.07685,2.0609,2.09363947368421,2024-07-03 09:00:00,2.09363947368421,loss,-1.0,wickdiffs_3D_H4_ALL_20260121_202249.csv,107.5212121212121,1.0
3D,ALL,H4,H12,GBPNZD,short,2024-06-28,2024-07-03,2.08725,2.0941,0.006850000000000023,2024-07-05 09:00:00,2024-07-05 13:00:00,2.09116,2.0916,2024-07-08 09:00:00,2.0907,2.0804,2.101542105263158,2024-07-09 21:00:00,2.101542105263158,loss,-1.0,wickdiffs_3D_H4_ALL_20260121_202249.csv,105.9651515151517,1.0
3D,ALL,H4,H12,GBPNZD,short,2024-09-12,2024-09-17,2.13105,2.13618,0.005129999999999857,2024-09-17 09:00:00,2024-09-17 13:00:00,2.13608,2.13618,2024-09-20 09:00:00,2.1357,2.1259200000000003,2.148411515151515,2024-09-23 09:00:00,2.1259200000000003,win,0.7693811385524695,wickdiffs_3D_H4_ALL_20260121_202249.csv,127.1151515151513,1.0
3D,ALL,H4,H12,GBPNZD,short,2024-12-18,2024-12-23,2.22342,2.24265,0.01922999999999986,2024-12-19 06:00:00,2024-12-19 10:00:00,2.23772,2.24081,2024-12-31 10:00:00,2.23685,2.20419,2.271228947368421,2025-01-08 10:00:00,2.20419,win,0.95,wickdiffs_3D_H4_ALL_20260121_202249.csv,145.2136363636361,1.0
3D,ALL,H4,H12,GBPNZD,short,2025-02-07,2025-02-12,2.1999,2.2177,0.017799999999999816,2025-02-13 14:00:00,2025-02-13 18:00:00,2.21713,2.2177,2025-02-18 22:00:00,2.20192,2.1821,2.2227831578947366,2025-02-26 10:00:00,2.2227831578947366,loss,-1.0,wickdiffs_3D_H4_ALL_20260121_202249.csv,144.224242424242,1.0
3D,ALL,H4,H12,GBPUSD,long,2015-04-08,2015-04-13,1.45659,1.463175,0.006584999999999841,2015-04-14 05:00:00,2015-04-14 09:00:00,1.46033,1.46096,2016-01-06 10:00:00,1.46303,1.4697599999999997,1.452579393939394,2016-01-08 10:00:00,1.452579393939394,loss,-1.0,wickdiffs_3D_H4_ALL_20260121_202249.csv,104.5060606060609,1.0
3D,ALL,H4,H12,GBPUSD,long,2015-12-21,2015-12-24,1.480575,1.48701,0.0064349999999999685,2015-12-22 14:00:00,2015-12-22 18:00:00,1.480575,1.480695,2015-12-29 10:00:00,1.481695,1.493445,1.4693265789473684,2016-01-03 22:00:00,1.4693265789473684,loss,-1.0,wickdiffs_3D_H4_ALL_20260121_202249.csv,103.4113636363639,1.0
3D,ALL,H4,H12,GBPUSD,long,2016-03-14,2016-03-17,1.405315,1.426265,0.020949999999999802,2016-03-16 09:00:00,2016-03-16 13:00:00,1.405315,1.40589,2016-03-23 21:00:00,1.406515,1.4472149999999997,1.3636728947368424,2016-04-25 09:00:00,1.4472149999999997,win,0.95,wickdiffs_3D_H4_ALL_20260121_202249.csv,143.6174242424244,1.0
3D,ALL,H4,H12,GBPUSD,long,2017-01-05,2017-01-10,1.20382,1.216185,0.012365000000000181,2017-01-12 18:00:00,2017-01-12 22:00:00,1.214,1.21528,2017-01-13 10:00:00,1.2184,1.2285500000000003,1.2025834999999998,2017-01-15 22:00:00,1.2025834999999998,loss,-1.0,wickdiffs_3D_H4_ALL_20260121_202249.csv,128.603787878788,1.0
3D,ALL,H4,H12,GBPUSD,long,2017-10-05,2017-10-10,1.30272,1.31416,0.011439999999999895,2017-10-12 09:00:00,2017-10-12 13:00:00,1.3122,1.31384,2017-10-18 21:00:00,1.315165,1.3256,1.301576,2017-10-25 09:00:00,1.3256,win,0.7679005077636387,wickdiffs_3D_H4_ALL_20260121_202249.csv,100.7742424242424,1.0
3D,ALL,H4,H12,GBPUSD,long,2018-05-02,2018-05-07,1.34843,1.35314,0.004709999999999992,2018-05-08 09:00:00,2018-05-08 13:00:00,1.34843,1.34925,2018-05-10 09:00:00,1.35181,1.35785,1.3406621212121212,2018-05-11 09:00:00,1.35785,win,0.5418071110144657,wickdiffs_3D_H4_ALL_20260121_202249.csv,111.4787878787878,1.0
3D,ALL,H4,H12,GBPUSD,long,2018-08-10,2018-08-15,1.26622,1.272,0.005780000000000118,2018-08-17 05:00:00,2018-08-17 09:00:00,1.26978,1.27062,2018-10-30 09:00:00,1.27075,1.2777800000000001,1.2608004545454545,2018-10-31 09:00:00,1.2777800000000001,win,0.706564941294724,wickdiffs_3D_H4_ALL_20260121_202249.csv,99.49545454545446,1.0
3D,ALL,H4,H12,GBPUSD,long,2018-10-25,2018-10-30,1.26962,1.27932,0.009700000000000042,2018-10-31 09:00:00,2018-10-31 13:00:00,1.27284,1.27332,2018-11-15 10:00:00,1.27758,1.28902,1.2655378947368419,2018-11-22 10:00:00,1.28902,win,0.95,wickdiffs_3D_H4_ALL_20260121_202249.csv,109.2727272727272,1.0
3D,ALL,H4,H12,GBPUSD,long,2018-11-15,2018-11-20,1.27243,1.28516,0.01273000000000013,2018-11-15 14:00:00,2018-11-15 18:00:00,1.27243,1.27301,2018-11-27 10:00:00,1.27455,1.2978900000000002,1.2499815789473683,2018-12-11 10:00:00,1.2499815789473683,loss,-1.0,wickdiffs_3D_H4_ALL_20260121_202249.csv,114.0939393939394,1.0
3D,ALL,H4,H12,GBPUSD,long,2019-03-08,2019-03-13,1.29607,1.30768,0.011609999999999898,2019-03-12 21:00:00,2019-03-13 01:00:00,1.30609,1.30733,2019-03-21 09:00:00,1.31084,1.3192899999999999,1.294909,2019-03-22 09:00:00,1.3192899999999999,win,0.5304124034900439,wickdiffs_3D_H4_ALL_20260121_202249.csv,113.5030303030303,1.0
3D,ALL,H4,H12,GBPUSD,long,2019-07-04,2019-07-09,1.24398,1.25174,0.007759999999999989,2019-07-11 13:00:00,2019-07-11 17:00:00,1.25091,1.25127,2019-07-15 09:00:00,1.25162,1.2595,1.243204,2019-07-16 09:00:00,1.243204,loss,-1.0,wickdiffs_3D_H4_ALL_20260121_202249.csv,73.85151515151529,1.0
3D,ALL,H4,H12,GBPUSD,long,2021-03-05,2021-03-10,1.3779,1.3896,0.011700000000000044,2021-03-12 10:00:00,2021-03-12 14:00:00,1.38636,1.38794,2021-03-15 09:00:00,1.38927,1.4013,1.376606842105263,2021-03-23 09:00:00,1.376606842105263,loss,-1.0,wickdiffs_3D_H4_ALL_20260121_202249.csv,116.5136363636363,1.0
3D,ALL,H4,H12,GBPUSD,long,2021-06-28,2021-07-01,1.37316,1.3831,0.00994000000000006,2021-07-02 05:00:00,2021-07-02 09:00:00,1.37316,1.37442,2021-07-08 09:00:00,1.37864,1.39304,1.363482105263158,2021-07-19 21:00:00,1.363482105263158,loss,-1.0,wickdiffs_3D_H4_ALL_20260121_202249.csv,91.46818181818183,1.0
3D,ALL,H4,H12,GBPUSD,long,2021-12-03,2021-12-08,1.3161,1.32428,0.008179999999999854,2021-12-10 06:00:00,2021-12-10 10:00:00,1.31874,1.3197,2021-12-13 22:00:00,1.32228,1.3324599999999998,1.3115642105263159,2021-12-16 10:00:00,1.3324599999999998,win,0.95,wickdiffs_3D_H4_ALL_20260121_202249.csv,88.89999999999992,1.0
3D,ALL,H4,H12,GBPUSD,long,2022-02-04,2022-02-09,1.34906,1.35488,0.005820000000000158,2022-02-08 02:00:00,2022-02-08 06:00:00,1.35077,1.35119,2022-02-14 10:00:00,1.3533,1.3607000000000002,1.3452346969696969,2022-02-16 22:00:00,1.3607000000000002,win,0.9175104732205278,wickdiffs_3D_H4_ALL_20260121_202249.csv,80.65303030303035,1.0
3D,ALL,H4,H12,GBPUSD,long,2023-06-01,2023-06-06,1.23684,1.24336,0.006520000000000081,2023-06-05 09:00:00,2023-06-05 13:00:00,1.23684,1.23736,2023-09-17 21:00:00,1.23806,1.24988,1.225617894736842,2023-09-21 09:00:00,1.225617894736842,loss,-1.0,wickdiffs_3D_H4_ALL_20260121_202249.csv,94.68939393939392,1.0
3D,ALL,H4,H12,GBPUSD,long,2024-02-02,2024-02-07,1.25184,1.25978,0.007939999999999836,2024-02-08 10:00:00,2024-02-08 14:00:00,1.25718,1.25782,2024-02-13 10:00:00,1.25926,1.2677199999999997,1.2503480303030303,2024-02-21 22:00:00,1.2677199999999997,win,0.9492850949522785,wickdiffs_3D_H4_ALL_20260121_202249.csv,89.11969696969679,1.0
3D,ALL,H4,H12,GBPUSD,long,2024-04-10,2024-04-15,1.24053,1.24492,0.004390000000000116,2024-04-17 13:00:00,2024-04-17 17:00:00,1.24242,1.24266,2024-04-18 21:00:00,1.24405,1.2493100000000001,1.2366574242424244,2024-04-21 21:00:00,1.2366574242424244,loss,-1.0,wickdiffs_3D_H4_ALL_20260121_202249.csv,73.9257575757577,1.0
3D,ALL,H4,H12,GBPUSD,long,2024-11-22,2024-11-27,1.24872,1.25722,0.008499999999999952,2024-11-27 02:00:00,2024-11-27 06:00:00,1.25668,1.25672,2024-12-18 10:00:00,1.25724,1.26572,1.24787,2024-12-18 22:00:00,1.26572,win,0.9050160085379032,wickdiffs_3D_H4_ALL_20260121_202249.csv,90.22121212121228,1.0
3D,ALL,H4,H12,GBPUSD,long,2025-05-12,2025-05-15,1.314,1.32633,0.012329999999999952,2025-05-12 05:00:00,2025-05-12 09:00:00,1.314,1.31591,2025-08-01 09:00:00,1.32788,1.33866,1.312767,2025-08-07 09:00:00,1.33866,win,0.713293191292269,wickdiffs_3D_H4_ALL_20260121_202249.csv,94.42878787878804,1.0
3D,ALL,H4,H12,GBPUSD,long,2025-07-30,2025-08-04,1.31415,1.3279,0.013750000000000151,2025-08-03 21:00:00,2025-08-04 01:00:00,1.32539,1.32585,2025-10-13 21:00:00,1.32841,1.3416500000000002,1.3127749999999998,2025-10-15 21:00:00,1.3416500000000002,win,0.8468180364566611,wickdiffs_3D_H4_ALL_20260121_202249.csv,86.86515151515152,1.0
3D,ALL,H4,H12,GBPUSD,long,2025-11-04,2025-11-07,1.30102,1.31298,0.01195999999999997,2025-11-07 06:00:00,2025-11-07 10:00:00,1.30949,1.30959,2025-11-12 10:00:00,1.31334,1.32494,1.299824,2025-11-26 22:00:00,1.32494,win,0.8582420834566569,wickdiffs_3D_H4_ALL_20260121_202249.csv,82.87272727272733,1.0
3D,ALL,H4,H12,GBPUSD,short,2015-07-14,2015-07-17,1.56106,1.567565,0.006505000000000205,2015-07-17 13:00:00,2015-07-17 17:00:00,1.5632,1.56427,2015-07-22 09:00:00,1.561405,1.5545549999999997,1.574932424242424,2015-07-23 09:00:00,1.5545549999999997,win,0.5063787367973207,wickdiffs_3D_H4_ALL_20260121_202249.csv,135.2742424242425,1.0
3D,ALL,H4,H12,GBPUSD,short,2017-08-24,2017-08-29,1.29328,1.29786,0.0045800000000000285,2017-08-29 05:00:00,2017-08-29 09:00:00,1.29726,1.29786,2017-09-01 09:00:00,1.29528,1.2887,1.3043609090909092,2017-09-05 21:00:00,1.3043609090909092,loss,-1.0,wickdiffs_3D_H4_ALL_20260121_202249.csv,90.80909090909095,1.0
3D,ALL,H4,H12,GBPUSD,short,2017-11-29,2017-12-04,1.34758,1.355,0.007419999999999982,2017-12-04 18:00:00,2017-12-04 22:00:00,1.3481,1.34812,2017-12-07 10:00:00,1.34742,1.34016,1.3586247727272727,2017-12-08 10:00:00,1.34016,win,0.6479381756962382,wickdiffs_3D_H4_ALL_20260121_202249.csv,112.0477272727271,1.0
3D,ALL,H4,H12,GBPUSD,short,2019-12-11,2019-12-16,1.33339,1.35152,0.01812999999999998,2019-12-16 10:00:00,2019-12-16 14:00:00,1.33628,1.33796,2020-08-30 21:00:00,1.33144,1.31526,1.3533330000000001,2020-09-07 09:00:00,1.31526,win,0.7390490110994263,wickdiffs_3D_H4_ALL_20260121_202249.csv,114.6106060606061,1.0
3D,ALL,H4,H12,GBPUSD,short,2020-01-22,2020-01-27,1.3072,1.31752,0.010320000000000107,2020-01-24 10:00:00,2020-01-24 14:00:00,1.31069,1.31102,2020-01-30 10:00:00,1.3092,1.2968799999999998,1.3221684210526317,2020-02-03 22:00:00,1.2968799999999998,win,0.95,wickdiffs_3D_H4_ALL_20260121_202249.csv,90.70454545454548,1.0
3D,ALL,H4,H12,GBPUSD,short,2020-03-04,2020-03-09,1.30479,1.32008,0.015290000000000026,2020-03-09 13:00:00,2020-03-09 17:00:00,1.31422,1.31506,2020-07-30 21:00:00,1.31277,1.2894999999999999,1.3372647368421053,2020-08-31 09:00:00,1.3372647368421053,loss,-1.0,wickdiffs_3D_H4_ALL_20260121_202249.csv,113.8363636363635,1.0
3D,ALL,H4,H12,GBPUSD,short,2020-10-21,2020-10-26,1.3041,1.3177,0.013600000000000056,2020-10-21 13:00:00,2020-10-21 17:00:00,1.31692,1.3177,2020-11-06 10:00:00,1.31558,1.2905,1.34198,2020-12-01 10:00:00,1.34198,loss,-1.0,wickdiffs_3D_H4_ALL_20260121_202249.csv,127.6878787878788,1.0
3D,ALL,H4,H12,GBPUSD,short,2021-01-11,2021-01-14,1.364,1.37106,0.007059999999999844,2021-01-14 14:00:00,2021-01-14 18:00:00,1.37014,1.37106,2021-01-20 10:00:00,1.36552,1.3569400000000003,1.378056212121212,2021-02-04 10:00:00,1.3569400000000003,win,0.6844172639263069,wickdiffs_3D_H4_ALL_20260121_202249.csv,125.3621212121213,1.0
3D,ALL,H4,H12,GBPUSD,short,2021-09-23,2021-09-28,1.37016,1.37508,0.0049200000000000355,2021-09-23 21:00:00,2021-09-24 01:00:00,1.37356,1.37365,2021-10-14 21:00:00,1.37216,1.36524,1.380739393939394,2021-10-19 09:00:00,1.380739393939394,loss,-1.0,wickdiffs_3D_H4_ALL_20260121_202249.csv,85.79393939393935,1.0
3D,ALL,H4,H12,GBPUSD,short,2022-12-08,2022-12-13,1.2262,1.24468,0.018480000000000052,2022-12-14 18:00:00,2022-12-14 22:00:00,1.24318,1.24468,2023-01-18 10:00:00,1.23444,1.20772,1.2625663157894738,2023-02-03 10:00:00,1.20772,win,0.95,wickdiffs_3D_H4_ALL_20260121_202249.csv,157.9318181818181,1.0
3D,ALL,H4,H12,GBPUSD,short,2023-04-25,2023-04-28,1.2499,1.25842,0.008520000000000083,2023-04-28 13:00:00,2023-04-28 17:00:00,1.25758,1.25842,2023-05-03 09:00:00,1.25639,1.24138,1.27219,2023-05-18 09:00:00,1.24138,win,0.95,wickdiffs_3D_H4_ALL_20260121_202249.csv,109.1030303030304,1.0
3D,ALL,H4,H12,GBPUSD,short,2024-05-22,2024-05-27,1.27378,1.28008,0.006300000000000194,2024-05-29 05:00:00,2024-05-29 09:00:00,1.27648,1.27718,2024-05-31 09:00:00,1.27422,1.2674799999999997,1.2813936363636362,2024-06-03 21:00:00,1.2813936363636362,loss,-1.0,wickdiffs_3D_H4_ALL_20260121_202249.csv,71.7363636363638,1.0
3D,ALL,H4,H12,GBPUSD,short,2024-07-11,2024-07-16,1.29691,1.30448,0.007570000000000077,2024-07-17 09:00:00,2024-07-17 13:00:00,1.30364,1.30448,2024-08-20 09:00:00,1.30334,1.28934,1.318076842105263,2024-08-23 09:00:00,1.318076842105263,loss,-1.0,wickdiffs_3D_H4_ALL_20260121_202249.csv,66.97121212121192,1.0
3D,ALL,H4,H12,GBPUSD,short,2025-05-23,2025-05-28,1.35085,1.35934,0.008489999999999887,2025-05-26 01:00:00,2025-05-26 05:00:00,1.3593,1.35934,2025-06-05 09:00:00,1.35704,1.3423600000000002,1.3724926315789472,2025-06-17 09:00:00,1.3423600000000002,win,0.95,wickdiffs_3D_H4_ALL_20260121_202249.csv,99.22727272727288,1.0
3D,ALL,H4,H12,GBPUSD,short,2025-07-22,2025-07-25,1.35114,1.35887,0.007730000000000015,2025-07-24 01:00:00,2025-07-24 05:00:00,1.3582,1.35887,2025-08-13 09:00:00,1.35776,1.34341,1.3728652631578948,2025-08-21 09:00:00,1.34341,win,0.95,wickdiffs_3D_H4_ALL_20260121_202249.csv,92.14848484848494,1.0
3D,ALL,H4,H12,NZDCAD,long,2015-05-20,2015-05-25,0.8899,0.89764,0.007739999999999969,2015-05-21 05:00:00,2015-05-21 09:00:00,0.891105,0.891425,2015-05-28 09:00:00,0.892515,0.90538,0.878972894736842,2015-06-05 09:00:00,0.878972894736842,loss,-1.0,wickdiffs_3D_H4_ALL_20260121_202249.csv,95.97348484848489,1.0
3D,ALL,H4,H12,NZDCAD,long,2015-06-18,2015-06-23,0.840785,0.844945,0.0041599999999999415,2015-06-23 09:00:00,2015-06-23 13:00:00,0.841375,0.841955,2015-06-26 09:00:00,0.84312,0.8491049999999999,0.8334508333333334,2015-06-29 09:00:00,0.8491049999999999,win,0.6189778505558812,wickdiffs_3D_H4_ALL_20260121_202249.csv,96.69166666666666,1.0
3D,ALL,H4,H12,NZDCAD,long,2017-01-23,2017-01-26,0.94616,0.953885,0.007724999999999982,2017-01-30 10:00:00,2017-01-30 14:00:00,0.9522,0.95225,2017-01-31 10:00:00,0.95283,0.96161,0.943587894736842,2017-02-06 22:00:00,0.96161,win,0.95,wickdiffs_3D_H4_ALL_20260121_202249.csv,84.66969696969693,1.0
3D,ALL,H4,H12,NZDCAD,long,2017-02-08,2017-02-13,0.93472,0.94202,0.007299999999999973,2017-02-15 10:00:00,2017-02-15 14:00:00,0.93673,0.938,2017-02-21 10:00:00,0.941235,0.9493199999999999,0.9327244736842106,2017-02-28 10:00:00,0.9493199999999999,win,0.95,wickdiffs_3D_H4_ALL_20260121_202249.csv,81.3393939393939,1.0
3D,ALL,H4,H12,NZDCAD,long,2017-03-27,2017-03-30,0.92787,0.93717,0.009299999999999975,2017-03-31 09:00:00,2017-03-31 13:00:00,0.92787,0.92826,2017-04-07 09:00:00,0.92971,0.9464699999999999,0.9120678947368422,2017-04-19 21:00:00,0.9464699999999999,win,0.95,wickdiffs_3D_H4_ALL_20260121_202249.csv,73.33560606060607,1.0
3D,ALL,H4,H12,NZDCAD,long,2017-05-11,2017-05-16,0.93295,0.937975,0.005025000000000057,2017-05-16 13:00:00,2017-05-16 17:00:00,0.93458,0.93481,2017-05-19 09:00:00,0.936125,0.9430000000000001,0.9288881578947368,2017-05-22 09:00:00,0.9430000000000001,win,0.95,wickdiffs_3D_H4_ALL_20260121_202249.csv,71.42651515151516,1.0
3D,ALL,H4,H12,NZDCAD,long,2020-01-01,2020-01-06,0.86021,0.86666,0.006449999999999956,2020-01-08 10:00:00,2020-01-08 14:00:00,0.8633,0.86357,2020-01-09 10:00:00,0.86358,0.8731099999999999,0.8535484210526316,2020-02-07 10:00:00,0.8535484210526316,loss,-1.0,wickdiffs_3D_H4_ALL_20260121_202249.csv,57.23939393939399,1.0
3D,ALL,H4,H12,NZDCAD,long,2020-02-20,2020-02-25,0.83524,0.84291,0.007670000000000066,2020-02-21 02:00:00,2020-02-21 06:00:00,0.83524,0.83578,2020-02-28 10:00:00,0.8367,0.8505800000000001,0.8220894736842104,2020-03-05 22:00:00,0.8505800000000001,win,0.95,wickdiffs_3D_H4_ALL_20260121_202249.csv,52.63484848484844,1.0
3D,ALL,H4,H12,NZDCAD,long,2020-04-02,2020-04-07,0.82674,0.83746,0.010719999999999952,2020-04-08 05:00:00,2020-04-08 09:00:00,0.83491,0.83492,2020-05-15 09:00:00,0.83723,0.8481799999999999,0.8253131818181818,2020-05-19 09:00:00,0.8481799999999999,win,0.918869435862218,wickdiffs_3D_H4_ALL_20260121_202249.csv,119.1681818181819,1.0
3D,ALL,H4,H12,NZDCAD,long,2020-05-22,2020-05-27,0.8487,0.85394,0.005240000000000022,2020-05-27 21:00:00,2020-05-28 01:00:00,0.84977,0.84982,2020-06-01 21:00:00,0.85068,0.85918,0.8385569696969697,2020-06-02 09:00:00,0.85918,win,0.701144828275764,wickdiffs_3D_H4_ALL_20260121_202249.csv,121.230303030303,1.0
3D,ALL,H4,H12,NZDCAD,long,2020-07-21,2020-07-24,0.88635,0.88963,0.0032800000000000606,2020-07-21 01:00:00,2020-07-21 05:00:00,0.88635,0.88656,2020-07-29 21:00:00,0.88905,0.8929100000000001,0.8824557575757576,2020-07-30 09:00:00,0.8929100000000001,win,0.5853591287165243,wickdiffs_3D_H4_ALL_20260121_202249.csv,65.94242424242422,1.0
3D,ALL,H4,H12,NZDCAD,long,2021-05-20,2021-05-25,0.86352,0.86932,0.005800000000000027,2021-05-23 21:00:00,2021-05-24 01:00:00,0.86393,0.8646,2021-06-03 09:00:00,0.86536,0.87512,0.8550863157894737,2021-07-06 09:00:00,0.87512,win,0.95,wickdiffs_3D_H4_ALL_20260121_202249.csv,70.28181818181817,1.0
3D,ALL,H4,H12,NZDCAD,long,2021-07-27,2021-07-30,0.8675,0.87272,0.005220000000000002,2021-07-30 17:00:00,2021-08-01 21:00:00,0.8675,0.86832,2021-08-17 21:00:00,0.87258,0.87794,0.8664933333333333,2021-08-18 21:00:00,0.8664933333333333,loss,-1.0,wickdiffs_3D_H4_ALL_20260121_202249.csv,60.86666666666668,1.0
3D,ALL,H4,H12,NZDCAD,long,2021-11-01,2021-11-04,0.88018,0.88718,0.007000000000000006,2021-11-05 09:00:00,2021-11-05 13:00:00,0.88226,0.88242,2021-11-09 22:00:00,0.8831,0.89418,0.8714368421052632,2021-11-24 10:00:00,0.8714368421052632,loss,-1.0,wickdiffs_3D_H4_ALL_20260121_202249.csv,63.40757575757567,1.0
3D,ALL,H4,H12,NZDCAD,long,2021-11-25,2021-11-30,0.86574,0.86927,0.003530000000000033,2021-11-25 22:00:00,2021-11-26 02:00:00,0.86603,0.86655,2021-12-03 10:00:00,0.86694,0.8728,0.8607101515151515,2021-12-06 10:00:00,0.8607101515151515,loss,-1.0,wickdiffs_3D_H4_ALL_20260121_202249.csv,62.29848484848482,1.0
3D,ALL,H4,H12,NZDCAD,long,2024-01-01,2024-01-04,0.8281,0.8342,0.006100000000000105,2024-01-08 10:00:00,2024-01-08 14:00:00,0.83164,0.83268,2024-01-10 10:00:00,0.83319,0.8403000000000002,0.825705789473684,2024-01-17 10:00:00,0.825705789473684,loss,-1.0,wickdiffs_3D_H4_ALL_20260121_202249.csv,58.13030303030304,1.0
3D,ALL,H4,H12,NZDCAD,long,2024-12-02,2024-12-05,0.81984,0.82284,0.0030000000000000027,2024-12-06 06:00:00,2024-12-06 10:00:00,0.82048,0.82082,2024-12-10 10:00:00,0.82248,0.82584,0.8164365151515152,2024-12-18 10:00:00,0.8164365151515152,loss,-1.0,wickdiffs_3D_H4_ALL_20260121_202249.csv,60.43484848484856,1.0
3D,ALL,H4,H12,NZDCAD,long,2025-01-30,2025-02-04,0.8074,0.8119,0.0044999999999999485,2025-02-04 10:00:00,2025-02-04 14:00:00,0.8074,0.80743,2025-02-10 10:00:00,0.80765,0.8163999999999999,0.7984394736842105,2025-02-20 10:00:00,0.8163999999999999,win,0.95,wickdiffs_3D_H4_ALL_20260121_202249.csv,57.22727272727276,1.0
3D,ALL,H4,H12,NZDCAD,short,2015-02-17,2015-02-20,0.93927,0.949435,0.01016499999999998,2015-02-23 22:00:00,2015-02-24 02:00:00,0.946335,0.94732,2015-02-26 10:00:00,0.94312,0.9291050000000001,0.9578726315789472,2015-03-06 10:00:00,0.9291050000000001,win,0.95,wickdiffs_3D_H4_ALL_20260121_202249.csv,99.84015151515156,1.0
3D,ALL,H4,H12,NZDCAD,short,2015-03-10,2015-03-13,0.937295,0.94564,0.008345000000000047,2015-03-17 01:00:00,2015-03-17 05:00:00,0.94451,0.945055,2015-03-18 09:00:00,0.940875,0.9289499999999999,0.9534276315789475,2015-03-22 21:00:00,0.9534276315789475,loss,-1.0,wickdiffs_3D_H4_ALL_20260121_202249.csv,99.41893939393944,1.0
3D,ALL,H4,H12,NZDCAD,short,2015-04-16,2015-04-21,0.937355,0.945785,0.008429999999999938,2015-04-22 17:00:00,2015-04-22 21:00:00,0.93818,0.939205,2015-12-16 10:00:00,0.936865,0.9289250000000001,0.9467256818181817,2015-12-16 22:00:00,0.9289250000000001,win,0.8052181529029264,wickdiffs_3D_H4_ALL_20260121_202249.csv,98.6068181818182,1.0
3D,ALL,H4,H12,NZDCAD,short,2015-12-24,2015-12-29,0.952005,0.95735,0.005345000000000044,2015-12-31 06:00:00,2015-12-31 10:00:00,0.952555,0.95319,2016-07-08 09:00:00,0.95249,0.94666,0.9615764393939393,2016-07-10 21:00:00,0.94666,win,0.6416154609349599,wickdiffs_3D_H4_ALL_20260121_202249.csv,90.86439393939392,1.0
3D,ALL,H4,H12,NZDCAD,short,2016-02-17,2016-02-22,0.91296,0.9227,0.009739999999999971,2016-02-24 10:00:00,2016-02-24 14:00:00,0.915445,0.916525,2016-02-25 22:00:00,0.912665,0.90322,0.923674,2016-02-26 10:00:00,0.90322,win,0.8579344172949301,wickdiffs_3D_H4_ALL_20260121_202249.csv,104.1416666666666,1.0
3D,ALL,H4,H12,NZDCAD,short,2016-05-19,2016-05-24,0.88891,0.89298,0.004070000000000018,2016-05-23 05:00:00,2016-05-23 09:00:00,0.892945,0.89298,2016-06-01 21:00:00,0.89062,0.88484,0.8994843181818182,2016-06-03 09:00:00,0.8994843181818182,loss,-1.0,wickdiffs_3D_H4_ALL_20260121_202249.csv,88.6431818181817,1.0
3D,ALL,H4,H12,NZDCAD,short,2016-12-02,2016-12-07,0.94538,0.95457,0.009190000000000031,2016-12-09 06:00:00,2016-12-09 10:00:00,0.94674,0.947885,2016-12-13 10:00:00,0.94568,0.93619,0.9556694736842105,2016-12-15 22:00:00,0.93619,win,0.95,wickdiffs_3D_H4_ALL_20260121_202249.csv,87.48636363636362,1.0
3D,ALL,H4,H12,NZDCAD,short,2017-07-26,2017-07-31,0.9345,0.94176,0.007260000000000044,2017-08-02 13:00:00,2017-08-02 17:00:00,0.93577,0.93617,2017-08-03 09:00:00,0.93567,0.92724,0.9445436842105264,2017-08-09 21:00:00,0.92724,win,0.95,wickdiffs_3D_H4_ALL_20260121_202249.csv,85.1151515151515,1.0
3D,ALL,H4,H12,NZDCAD,short,2018-06-05,2018-06-08,0.9118,0.91738,0.005579999999999918,2018-06-12 01:00:00,2018-06-12 05:00:00,0.915,0.91524,2018-06-13 09:00:00,0.91194,0.9062200000000001,0.9185334090909091,2018-06-22 09:00:00,0.9185334090909091,loss,-1.0,wickdiffs_3D_H4_ALL_20260121_202249.csv,65.93409090909101,1.0
3D,ALL,H4,H12,NZDCAD,short,2018-07-04,2018-07-09,0.89412,0.8993,0.005179999999999962,2018-07-10 13:00:00,2018-07-10 17:00:00,0.89728,0.89766,2018-07-17 09:00:00,0.89486,0.8889400000000001,0.901375303030303,2018-07-26 09:00:00,0.8889400000000001,win,0.9086300318597123,wickdiffs_3D_H4_ALL_20260121_202249.csv,65.15303030303033,1.0
3D,ALL,H4,H12,NZDCAD,short,2019-05-23,2019-05-28,0.87962,0.88386,0.0042400000000000215,2019-05-28 21:00:00,2019-05-29 01:00:00,0.88378,0.88386,2019-05-31 09:00:00,0.88257,0.8753799999999999,0.8901384210526315,2019-06-05 09:00:00,0.8901384210526315,loss,-1.0,wickdiffs_3D_H4_ALL_20260121_202249.csv,55.28787878787889,1.0
3D,ALL,H4,H12,NZDCAD,short,2020-07-16,2020-07-21,0.89002,0.89798,0.007959999999999967,2020-07-23 01:00:00,2020-07-23 05:00:00,0.89517,0.89553,2020-07-27 09:00:00,0.8928,0.8820600000000001,0.9041052631578947,2020-08-04 09:00:00,0.8820600000000001,win,0.95,wickdiffs_3D_H4_ALL_20260121_202249.csv,66.14393939393943,1.0
3D,ALL,H4,H12,NZDCAD,short,2020-09-01,2020-09-04,0.88112,0.88684,0.005719999999999947,2020-09-02 13:00:00,2020-09-02 17:00:00,0.88452,0.88453,2020-09-14 09:00:00,0.88284,0.8754000000000001,0.8906715789473683,2020-09-17 21:00:00,0.8906715789473683,loss,-1.0,wickdiffs_3D_H4_ALL_20260121_202249.csv,64.89393939393943,1.0
3D,ALL,H4,H12,NZDCAD,short,2022-03-07,2022-03-10,0.87618,0.88089,0.004709999999999992,2022-03-10 14:00:00,2022-03-10 18:00:00,0.87752,0.87808,2022-03-23 09:00:00,0.87632,0.87147,0.8825045454545455,2022-03-24 09:00:00,0.87147,win,0.784212847273266,wickdiffs_3D_H4_ALL_20260121_202249.csv,61.84545454545447,1.0
3D,ALL,H4,H12,NZDCAD,short,2022-05-04,2022-05-09,0.82712,0.83624,0.009120000000000017,2022-05-06 13:00:00,2022-05-06 17:00:00,0.82887,0.82938,2022-05-23 09:00:00,0.82587,0.818,0.837152,2022-06-05 21:00:00,0.818,win,0.6975713525970603,wickdiffs_3D_H4_ALL_20260121_202249.csv,71.21515151515145,1.0
3D,ALL,H4,H12,NZDCAD,short,2022-08-22,2022-08-25,0.8028,0.80859,0.005790000000000073,2022-08-26 09:00:00,2022-08-26 13:00:00,0.80394,0.80479,2022-08-30 09:00:00,0.80252,0.7970099999999999,0.8094221212121212,2022-09-01 21:00:00,0.7970099999999999,win,0.7983053079861434,wickdiffs_3D_H4_ALL_20260121_202249.csv,69.02121212121222,1.0
3D,ALL,H4,H12,NZDCAD,short,2023-04-28,2023-05-03,0.84578,0.85396,0.008180000000000076,2023-05-05 01:00:00,2023-05-05 05:00:00,0.85298,0.85313,2023-05-10 21:00:00,0.85063,0.8375999999999999,0.8643457894736843,2023-05-12 09:00:00,0.8375999999999999,win,0.95,wickdiffs_3D_H4_ALL_20260121_202249.csv,71.03787878787882,1.0
3D,ALL,H4,H12,NZDCAD,short,2023-06-14,2023-06-19,0.82344,0.82952,0.006080000000000085,2023-06-16 05:00:00,2023-06-16 09:00:00,0.82496,0.82561,2023-07-05 21:00:00,0.8237,0.8173599999999999,0.8306137878787878,2023-07-12 09:00:00,0.8306137878787878,loss,-1.0,wickdiffs_3D_H4_ALL_20260121_202249.csv,69.1378787878787,1.0
3D,ALL,H4,H12,NZDCAD,short,2023-12-15,2023-12-20,0.83616,0.83978,0.0036199999999999566,2023-12-20 10:00:00,2023-12-20 14:00:00,0.83967,0.83978,2023-12-27 22:00:00,0.83602,0.8325400000000001,0.8420575757575758,2024-01-02 10:00:00,0.8325400000000001,win,0.5763902830756755,wickdiffs_3D_H4_ALL_20260121_202249.csv,60.37575757575758,1.0
3D,ALL,H4,H12,NZDCAD,short,2024-05-14,2024-05-17,0.83376,0.83562,0.0018600000000000838,2024-05-17 17:00:00,2024-05-19 21:00:00,0.83531,0.83562,2024-05-22 09:00:00,0.8349,0.8318999999999999,0.8393675757575757,2024-05-27 21:00:00,0.8393675757575757,loss,-1.0,wickdiffs_3D_H4_ALL_20260121_202249.csv,44.67575757575764,1.0
3D,ALL,H4,H12,NZDCAD,short,2024-07-29,2024-08-01,0.82155,0.82886,0.007310000000000039,2024-08-02 09:00:00,2024-08-02 13:00:00,0.8285,0.82886,2024-08-06 21:00:00,0.82732,0.81424,0.8410884210526317,2024-08-23 09:00:00,0.8410884210526317,loss,-1.0,wickdiffs_3D_H4_ALL_20260121_202249.csv,45.65151515151505,1.0
3D,ALL,H4,H12,NZDCAD,short,2024-08-27,2024-08-30,0.84374,0.84742,0.0036799999999999056,2024-08-29 01:00:00,2024-08-29 05:00:00,0.84738,0.84742,2024-09-18 09:00:00,0.84468,0.8400600000000001,0.8500074242424243,2024-09-24 09:00:00,0.8500074242424243,loss,-1.0,wickdiffs_3D_H4_ALL_20260121_202249.csv,53.27424242424246,1.0
3D,ALL,H4,H12,NZDCHF,long,2015-03-13,2015-03-18,0.725735,0.735235,0.009499999999999953,2015-03-19 13:00:00,2015-03-19 17:00:00,0.72999,0.730955,2015-03-24 09:00:00,0.733265,0.7447349999999999,0.7211193939393938,2015-03-31 21:00:00,0.7211193939393938,loss,-1.0,wickdiffs_3D_H4_ALL_20260121_202249.csv,121.4560606060606,1.0
3D,ALL,H4,H12,NZDCHF,long,2015-05-12,2015-05-15,0.67833,0.6839,0.005569999999999964,2015-05-18 21:00:00,2015-05-19 01:00:00,0.68214,0.68231,2015-05-20 21:00:00,0.68345,0.6894699999999999,0.674,2015-05-21 21:00:00,0.6894699999999999,win,0.637037037037028,wickdiffs_3D_H4_ALL_20260121_202249.csv,94.5,1.0
3D,ALL,H4,H12,NZDCHF,long,2015-11-04,2015-11-09,0.65249,0.656395,0.0039049999999999363,2015-11-04 10:00:00,2015-11-04 14:00:00,0.65249,0.65282,2015-11-12 10:00:00,0.65439,0.6602999999999999,0.6441162121212122,2015-11-18 22:00:00,0.6602999999999999,win,0.5752503428849391,wickdiffs_3D_H4_ALL_20260121_202249.csv,102.7378787878788,1.0
3D,ALL,H4,H12,NZDCHF,long,2017-01-31,2017-02-03,0.71898,0.72352,0.0045400000000000995,2017-02-02 06:00:00,2017-02-02 10:00:00,0.72158,0.72178,2017-02-08 10:00:00,0.722505,0.7280600000000002,0.715875303030303,2017-02-22 22:00:00,0.7280600000000002,win,0.8378965170491203,wickdiffs_3D_H4_ALL_20260121_202249.csv,66.2969696969697,1.0
3D,ALL,H4,H12,NZDCHF,long,2017-02-16,2017-02-21,0.71763,0.72106,0.003430000000000044,2017-02-21 02:00:00,2017-02-21 06:00:00,0.7186,0.71916,2017-03-01 10:00:00,0.720735,0.7244900000000001,0.7148623484848485,2017-03-02 10:00:00,0.7148623484848485,loss,-1.0,wickdiffs_3D_H4_ALL_20260121_202249.csv,58.72651515151524,1.0
3D,ALL,H4,H12,NZDCHF,long,2017-04-25,2017-04-28,0.67952,0.68375,0.004229999999999956,2017-05-01 01:00:00,2017-05-01 05:00:00,0.68272,0.68278,2017-05-03 09:00:00,0.68426,0.6879799999999999,0.6788875757575757,2017-05-04 09:00:00,0.6788875757575757,loss,-1.0,wickdiffs_3D_H4_ALL_20260121_202249.csv,53.72424242424243,1.0
3D,ALL,H4,H12,NZDCHF,long,2017-05-03,2017-05-08,0.67662,0.68349,0.006870000000000043,2017-05-05 01:00:00,2017-05-05 05:00:00,0.67716,0.67726,2017-05-16 21:00:00,0.67773,0.6903600000000001,0.6644352631578948,2017-05-29 09:00:00,0.6903600000000001,win,0.95,wickdiffs_3D_H4_ALL_20260121_202249.csv,56.82727272727274,1.0
3D,ALL,H4,H12,NZDCHF,long,2018-06-29,2018-07-04,0.66526,0.67042,0.005160000000000053,2018-07-03 21:00:00,2018-07-04 01:00:00,0.66952,0.66962,2018-08-02 21:00:00,0.67028,0.6755800000000001,0.6647010526315789,2018-08-08 21:00:00,0.6647010526315789,loss,-1.0,wickdiffs_3D_H4_ALL_20260121_202249.csv,52.83636363636363,1.0
3D,ALL,H4,H12,NZDCHF,long,2018-10-22,2018-10-25,0.64634,0.65108,0.0047399999999999665,2018-10-26 17:00:00,2018-10-28 21:00:00,0.64977,0.65012,2019-06-13 21:00:00,0.65074,0.65582,0.6453926315789473,2019-06-20 09:00:00,0.6453926315789473,loss,-1.0,wickdiffs_3D_H4_ALL_20260121_202249.csv,43.40757575757573,1.0
3D,ALL,H4,H12,NZDCHF,long,2019-08-12,2019-08-15,0.62054,0.62638,0.005840000000000067,2019-08-13 09:00:00,2019-08-13 13:00:00,0.62054,0.62113,2019-08-25 21:00:00,0.62389,0.6322200000000001,0.6151215789473682,2019-09-05 21:00:00,0.6322200000000001,win,0.95,wickdiffs_3D_H4_ALL_20260121_202249.csv,49.39696969696966,1.0
3D,ALL,H4,H12,NZDCHF,long,2019-08-23,2019-08-28,0.6163,0.62434,0.008040000000000047,2019-08-30 09:00:00,2019-08-30 13:00:00,0.62174,0.62217,2019-09-03 09:00:00,0.62535,0.63238,0.6154959999999999,2019-09-05 21:00:00,0.63238,win,0.7134158717272245,wickdiffs_3D_H4_ALL_20260121_202249.csv,51.07121212121208,1.0
3D,ALL,H4,H12,NZDCHF,long,2019-12-16,2019-12-19,0.6428,0.64602,0.0032200000000000006,2019-12-18 06:00:00,2019-12-18 10:00:00,0.64296,0.64324,2020-01-07 22:00:00,0.64684,0.64924,0.6422739393939394,2020-01-09 10:00:00,0.6422739393939394,loss,-1.0,wickdiffs_3D_H4_ALL_20260121_202249.csv,45.6606060606061,1.0
3D,ALL,H4,H12,NZDCHF,long,2020-03-17,2020-03-20,0.53,0.55928,0.029279999999999973,2020-03-23 13:00:00,2020-03-23 17:00:00,0.55586,0.55742,2022-09-27 09:00:00,0.5589,0.58856,0.527072,2022-11-02 09:00:00,0.58856,win,0.9318838758326018,wickdiffs_3D_H4_ALL_20260121_202249.csv,58.52878787878789,1.0
3D,ALL,H4,H12,NZDCHF,long,2020-05-01,2020-05-06,0.5787,0.58892,0.010220000000000007,2020-05-04 09:00:00,2020-05-04 13:00:00,0.57992,0.58142,2020-05-13 09:00:00,0.58302,0.59914,0.5660515789473684,2020-05-26 09:00:00,0.59914,win,0.95,wickdiffs_3D_H4_ALL_20260121_202249.csv,91.01590909090908,1.0
3D,ALL,H4,H12,NZDCHF,long,2020-05-11,2020-05-14,0.57568,0.58302,0.007340000000000013,2020-05-15 17:00:00,2020-05-17 21:00:00,0.57568,0.576,2022-09-13 09:00:00,0.57716,0.59036,0.5632652631578947,2022-09-21 21:00:00,0.5632652631578947,loss,-1.0,wickdiffs_3D_H4_ALL_20260121_202249.csv,57.7787878787879,1.0
3D,ALL,H4,H12,NZDCHF,long,2021-04-29,2021-05-04,0.64988,0.65566,0.005780000000000007,2021-05-06 09:00:00,2021-05-06 13:00:00,0.65366,0.65438,2021-05-07 09:00:00,0.65534,0.66144,0.648918947368421,2021-05-12 21:00:00,0.648918947368421,loss,-1.0,wickdiffs_3D_H4_ALL_20260121_202249.csv,55.00000000000001,1.0
3D,ALL,H4,H12,NZDCHF,long,2021-07-30,2021-08-04,0.63022,0.63446,0.0042400000000000215,2021-08-02 17:00:00,2021-08-02 21:00:00,0.63062,0.63064,2021-08-17 09:00:00,0.63308,0.6387,0.6271642105263157,2021-08-18 21:00:00,0.6271642105263157,loss,-1.0,wickdiffs_3D_H4_ALL_20260121_202249.csv,49.88787878787876,1.0
3D,ALL,H4,H12,NZDCHF,long,2021-11-01,2021-11-04,0.64596,0.6528,0.006840000000000068,2021-11-05 05:00:00,2021-11-05 09:00:00,0.64624,0.64727,2021-11-10 10:00:00,0.64828,0.6596400000000001,0.6363221052631577,2021-11-25 22:00:00,0.6363221052631577,loss,-1.0,wickdiffs_3D_H4_ALL_20260121_202249.csv,54.51666666666657,1.0
3D,ALL,H4,H12,NZDCHF,long,2021-11-30,2021-12-03,0.61875,0.62757,0.008819999999999939,2021-12-07 06:00:00,2021-12-07 10:00:00,0.62476,0.62486,2021-12-08 10:00:00,0.62684,0.6363899999999999,0.6167873684210526,2022-01-20 22:00:00,0.6167873684210526,loss,-1.0,wickdiffs_3D_H4_ALL_20260121_202249.csv,55.19545454545444,1.0
3D,ALL,H4,H12,NZDCHF,long,2022-04-29,2022-05-04,0.62524,0.62984,0.0045999999999999375,2022-05-02 05:00:00,2022-05-02 09:00:00,0.62524,0.62592,2022-05-09 21:00:00,0.62859,0.6344399999999999,0.622432105263158,2022-05-11 21:00:00,0.622432105263158,loss,-1.0,wickdiffs_3D_H4_ALL_20260121_202249.csv,58.36666666666655,1.0
3D,ALL,H4,H12,NZDCHF,long,2022-12-26,2022-12-29,0.58189,0.5863,0.004410000000000025,2022-12-29 06:00:00,2022-12-29 10:00:00,0.58256,0.58259,2023-01-02 22:00:00,0.58542,0.5907100000000001,0.5787186363636364,2023-01-08 22:00:00,0.5907100000000001,win,0.7893915756630294,wickdiffs_3D_H4_ALL_20260121_202249.csv,67.01363636363632,1.0
3D,ALL,H4,H12,NZDCHF,long,2024-06-04,2024-06-07,0.54683,0.55131,0.0044799999999999285,2024-06-09 21:00:00,2024-06-10 01:00:00,0.54683,0.54703,2024-06-13 21:00:00,0.54728,0.5557899999999999,0.5383221052631579,2024-07-17 09:00:00,0.5383221052631579,loss,-1.0,wickdiffs_3D_H4_ALL_20260121_202249.csv,38.01363636363639,1.0
3D,ALL,H4,H12,NZDCHF,long,2024-08-01,2024-08-06,0.4944,0.50626,0.011860000000000037,2024-08-06 09:00:00,2024-08-06 13:00:00,0.50406,0.50422,2024-12-20 10:00:00,0.50504,0.5181200000000001,0.4912715789473684,2025-02-18 22:00:00,0.5181200000000001,win,0.95,wickdiffs_3D_H4_ALL_20260121_202249.csv,41.96818181818178,1.0
3D,ALL,H4,H12,NZDCHF,long,2025-01-30,2025-02-04,0.50584,0.5124,0.00656000000000001,2025-02-06 02:00:00,2025-02-06 06:00:00,0.51102,0.51153,2025-02-12 22:00:00,0.5118,0.51896,0.504263157894737,2025-02-27 22:00:00,0.504263157894737,loss,-1.0,wickdiffs_3D_H4_ALL_20260121_202249.csv,37.14696969696966,1.0
3D,ALL,H4,H12,NZDCHF,long,2025-05-07,2025-05-12,0.48826,0.49471,0.006449999999999956,2025-05-08 09:00:00,2025-05-08 13:00:00,0.48852,0.48882,2025-05-15 21:00:00,0.49364,0.5011599999999999,0.4857242105263159,2025-06-12 21:00:00,0.4857242105263159,loss,-1.0,wickdiffs_3D_H4_ALL_20260121_202249.csv,60.1772727272727,1.0
3D,ALL,H4,H12,NZDCHF,short,2015-02-17,2015-02-20,0.71379,0.71953,0.005739999999999967,2015-02-20 06:00:00,2015-02-20 10:00:00,0.719335,0.71953,2015-02-25 22:00:00,0.718445,0.7080500000000001,0.730255,2015-03-03 22:00:00,0.730255,loss,-1.0,wickdiffs_3D_H4_ALL_20260121_202249.csv,118.1,1.0
3D,ALL,H4,H12,NZDCHF,short,2015-03-18,2015-03-23,0.737965,0.748985,0.01102000000000003,2015-03-24 01:00:00,2015-03-24 05:00:00,0.741495,0.741895,2015-04-09 21:00:00,0.73802,0.726945,0.750256893939394,2015-04-13 09:00:00,0.726945,win,0.9050499297331143,wickdiffs_3D_H4_ALL_20260121_202249.csv,122.3689393939394,1.0
3D,ALL,H4,H12,NZDCHF,short,2016-02-22,2016-02-25,0.65834,0.67219,0.013849999999999918,2016-02-22 14:00:00,2016-02-22 18:00:00,0.67186,0.67219,2016-03-03 22:00:00,0.66997,0.6444900000000001,0.6967910526315787,2016-06-23 21:00:00,0.6967910526315787,loss,-1.0,wickdiffs_3D_H4_ALL_20260121_202249.csv,106.0227272727272,1.0
3D,ALL,H4,H12,NZDCHF,short,2016-11-03,2016-11-08,0.715645,0.72599,0.010345000000000049,2016-11-10 06:00:00,2016-11-10 10:00:00,0.719485,0.71984,2016-11-28 22:00:00,0.719355,0.7052999999999999,0.7341497368421053,2016-12-23 10:00:00,0.7052999999999999,win,0.95,wickdiffs_3D_H4_ALL_20260121_202249.csv,68.46969696969703,1.0
3D,ALL,H4,H12,NZDCHF,short,2016-12-23,2016-12-28,0.708345,0.713795,0.005449999999999955,2016-12-29 06:00:00,2016-12-29 10:00:00,0.712815,0.713795,2017-01-02 22:00:00,0.71241,0.702895,0.7224257894736842,2017-01-17 10:00:00,0.7224257894736842,loss,-1.0,wickdiffs_3D_H4_ALL_20260121_202249.csv,69.18484848484854,1.0
3D,ALL,H4,H12,NZDCHF,short,2017-04-12,2017-04-17,0.70368,0.70642,0.0027400000000000757,2017-04-16 21:00:00,2017-04-17 01:00:00,0.70622,0.70642,2017-06-14 09:00:00,0.70587,0.7009399999999999,0.7116930303030303,2017-06-14 21:00:00,0.7009399999999999,win,0.8466382181515578,wickdiffs_3D_H4_ALL_20260121_202249.csv,58.23030303030302,1.0
3D,ALL,H4,H12,NZDCHF,short,2017-05-24,2017-05-29,0.688285,0.69438,0.0060949999999999616,2017-05-31 05:00:00,2017-05-31 09:00:00,0.69228,0.69291,2017-06-06 09:00:00,0.690855,0.6821900000000001,0.6999760526315789,2017-06-08 21:00:00,0.6999760526315789,loss,-1.0,wickdiffs_3D_H4_ALL_20260121_202249.csv,57.88409090909089,1.0
3D,ALL,H4,H12,NZDCHF,short,2017-12-12,2017-12-15,0.690785,0.69614,0.005354999999999999,2017-12-18 02:00:00,2017-12-18 06:00:00,0.69488,0.69584,2017-12-21 22:00:00,0.69417,0.68543,0.7033699999999999,2018-01-08 22:00:00,0.7033699999999999,loss,-1.0,wickdiffs_3D_H4_ALL_20260121_202249.csv,59.81287878787882,1.0
3D,ALL,H4,H12,NZDCHF,short,2017-12-25,2017-12-28,0.69612,0.70049,0.004369999999999985,2017-12-27 22:00:00,2017-12-28 02:00:00,0.69773,0.69801,2018-01-04 10:00:00,0.69735,0.69175,0.7032447368421053,2018-01-08 22:00:00,0.7032447368421053,loss,-1.0,wickdiffs_3D_H4_ALL_20260121_202249.csv,56.47196969696967,1.0
3D,ALL,H4,H12,NZDCHF,short,2018-06-13,2018-06-18,0.69242,0.6978,0.00537999999999994,2018-06-18 05:00:00,2018-06-18 09:00:00,0.69298,0.69328,2018-12-03 22:00:00,0.6922,0.6870400000000001,0.698338,2018-12-05 22:00:00,0.6870400000000001,win,0.8406647116324474,wickdiffs_3D_H4_ALL_20260121_202249.csv,52.38939393939389,1.0
3D,ALL,H4,H12,NZDCHF,short,2019-01-01,2019-01-04,0.66053,0.66622,0.005690000000000084,2019-01-07 02:00:00,2019-01-07 06:00:00,0.665,0.66522,2019-01-09 10:00:00,0.6616,0.6548399999999999,0.6687157894736843,2019-01-10 22:00:00,0.6687157894736843,loss,-1.0,wickdiffs_3D_H4_ALL_20260121_202249.csv,59.52121212121206,1.0
3D,ALL,H4,H12,NZDCHF,short,2019-04-19,2019-04-24,0.67909,0.68073,0.0016399999999999748,2019-04-26 09:00:00,2019-04-26 13:00:00,0.68056,0.68073,2019-04-29 09:00:00,0.67996,0.67745,0.6849610606060607,2019-04-30 21:00:00,0.67745,win,0.5018935377344221,wickdiffs_3D_H4_ALL_20260121_202249.csv,50.01060606060609,1.0
3D,ALL,H4,H12,NZDCHF,short,2019-10-30,2019-11-04,0.6336,0.63772,0.0041199999999999015,2019-11-06 10:00:00,2019-11-06 14:00:00,0.6343,0.63432,2019-11-07 10:00:00,0.63354,0.6294800000000002,0.6389039393939394,2019-11-11 22:00:00,0.6294800000000002,win,0.7569063894694922,wickdiffs_3D_H4_ALL_20260121_202249.csv,53.63939393939392,1.0
3D,ALL,H4,H12,NZDCHF,short,2019-12-03,2019-12-06,0.64624,0.65144,0.005199999999999982,2019-12-06 14:00:00,2019-12-06 18:00:00,0.65086,0.65144,2019-12-12 10:00:00,0.64964,0.64104,0.6586926315789473,2020-01-07 22:00:00,0.64104,win,0.95,wickdiffs_3D_H4_ALL_20260121_202249.csv,47.98636363636371,1.0
3D,ALL,H4,H12,NZDCHF,short,2019-12-11,2019-12-16,0.64903,0.6541,0.005070000000000019,2019-12-13 02:00:00,2019-12-13 06:00:00,0.65222,0.65314,2019-12-23 22:00:00,0.65204,0.64396,0.6605452631578946,2020-01-07 10:00:00,0.64396,win,0.95,wickdiffs_3D_H4_ALL_20260121_202249.csv,47.98030303030306,1.0
3D,ALL,H4,H12,NZDCHF,short,2020-04-28,2020-05-01,0.59165,0.59948,0.007830000000000004,2020-04-30 09:00:00,2020-04-30 13:00:00,0.59684,0.59747,2020-05-10 21:00:00,0.59364,0.58382,0.603976842105263,2020-05-12 21:00:00,0.58382,win,0.9499999999999998,wickdiffs_3D_H4_ALL_20260121_202249.csv,90.32954545454548,1.0
3D,ALL,H4,H12,NZDCHF,short,2020-08-14,2020-08-19,0.59657,0.60326,0.006689999999999974,2020-08-19 13:00:00,2020-08-19 17:00:00,0.6032,0.60326,2020-08-26 21:00:00,0.60226,0.5898800000000001,0.6152915789473684,2020-09-01 09:00:00,0.6152915789473684,loss,-1.0,wickdiffs_3D_H4_ALL_20260121_202249.csv,58.67121212121216,1.0
3D,ALL,H4,H12,NZDCHF,short,2020-11-06,2020-11-11,0.62522,0.63335,0.00812999999999997,2020-11-11 22:00:00,2020-11-12 02:00:00,0.63221,0.63335,2020-11-20 10:00:00,0.6314,0.61709,0.6464631578947367,2021-02-02 22:00:00,0.6464631578947367,loss,-1.0,wickdiffs_3D_H4_ALL_20260121_202249.csv,52.64848484848486,1.0
3D,ALL,H4,H12,NZDCHF,short,2021-03-02,2021-03-05,0.66762,0.67286,0.005240000000000022,2021-03-09 06:00:00,2021-03-09 10:00:00,0.6691,0.66957,2021-03-10 10:00:00,0.66905,0.66238,0.6760710526315791,2021-03-22 09:00:00,0.66238,win,0.95,wickdiffs_3D_H4_ALL_20260121_202249.csv,54.48787878787875,1.0
3D,ALL,H4,H12,NZDCHF,short,2022-02-04,2022-02-09,0.61508,0.62158,0.006500000000000061,2022-02-11 10:00:00,2022-02-11 14:00:00,0.61882,0.61972,2022-02-17 22:00:00,0.61876,0.6085799999999999,0.6294757894736843,2022-03-04 10:00:00,0.6294757894736843,loss,-1.0,wickdiffs_3D_H4_ALL_20260121_202249.csv,50.07272727272724,1.0
3D,ALL,H4,H12,NZDCHF,short,2022-03-07,2022-03-10,0.6339,0.6394,0.005499999999999949,2022-03-11 10:00:00,2022-03-11 14:00:00,0.63844,0.6385,2022-03-15 09:00:00,0.63748,0.6284000000000001,0.6470378947368421,2022-03-17 21:00:00,0.6470378947368421,loss,-1.0,wickdiffs_3D_H4_ALL_20260121_202249.csv,50.17727272727266,1.0
3D,ALL,H4,H12,NZDCHF,short,2023-01-18,2023-01-23,0.5956,0.60204,0.006440000000000001,2023-01-25 02:00:00,2023-01-25 06:00:00,0.59935,0.59965,2023-01-26 22:00:00,0.59744,0.58916,0.6061557894736841,2023-01-31 22:00:00,0.58916,win,0.95,wickdiffs_3D_H4_ALL_20260121_202249.csv,61.50606060606066,1.0
3D,ALL,H4,H12,NZDCHF,short,2023-11-29,2023-12-04,0.53974,0.54396,0.0042200000000000015,2023-12-06 02:00:00,2023-12-06 06:00:00,0.5399,0.54007,2023-12-07 10:00:00,0.5398,0.53552,0.544382,2023-12-12 22:00:00,0.53552,win,0.9340899170667547,wickdiffs_3D_H4_ALL_20260121_202249.csv,40.76212121212125,1.0
3D,ALL,H4,H12,NZDCHF,short,2024-04-23,2024-04-26,0.54241,0.5452,0.00279000000000007,2024-04-29 09:00:00,2024-04-29 13:00:00,0.54476,0.5452,2024-05-03 09:00:00,0.54405,0.5396199999999999,0.5487131578947371,2024-05-14 21:00:00,0.5487131578947371,loss,-1.0,wickdiffs_3D_H4_ALL_20260121_202249.csv,37.74848484848486,1.0
3D,ALL,H4,H12,NZDCHF,short,2024-06-20,2024-06-25,0.54687,0.54836,0.0014899999999999913,2024-06-26 05:00:00,2024-06-26 09:00:00,0.54802,0.54806,2024-06-28 09:00:00,0.54751,0.54538,0.5511981818181819,2024-07-03 09:00:00,0.5511981818181819,loss,-1.0,wickdiffs_3D_H4_ALL_20260121_202249.csv,36.88181818181828,1.0
3D,ALL,H4,H12,NZDCHF,short,2025-05-02,2025-05-07,0.49375,0.49746,0.003709999999999991,2025-05-06 21:00:00,2025-05-07 01:00:00,0.49738,0.49746,2025-05-12 09:00:00,0.4951,0.49004000000000003,0.5010330303030303,2025-05-15 21:00:00,0.49004000000000003,win,0.8528525460952987,wickdiffs_3D_H4_ALL_20260121_202249.csv,59.330303030303,1.0
3D,ALL,H4,H12,NZDCHF,short,2025-05-23,2025-05-28,0.49196,0.49678,0.004819999999999991,2025-05-29 05:00:00,2025-05-29 09:00:00,0.4951,0.49526,2025-06-04 09:00:00,0.49296,0.48714,0.4990863157894737,2025-06-12 21:00:00,0.48714,win,0.95,wickdiffs_3D_H4_ALL_20260121_202249.csv,60.74999999999997,1.0
3D,ALL,H4,H12,NZDCHF,short,2025-07-25,2025-07-30,0.4799,0.48191,0.0020100000000000118,2025-07-31 01:00:00,2025-07-31 05:00:00,0.48164,0.48191,2025-08-07 21:00:00,0.48128,0.47789,0.4852543939393939,2025-08-14 09:00:00,0.47789,win,0.8529602378864714,wickdiffs_3D_H4_ALL_20260121_202249.csv,39.74393939393939,1.0
3D,ALL,H4,H12,NZDJPY,long,2015-01-09,2015-01-14,89.843,91.248,1.4050000000000011,2015-01-16 06:00:00,2015-01-16 10:00:00,90.6925,90.6965,2015-01-20 10:00:00,90.7485,92.653,88.74376315789475,2015-01-22 10:00:00,88.74376315789475,loss,-1.0,wickdiffs_3D_H4_ALL_20260121_202249.csv,101.9484848484849,1.0
3D,ALL,H4,H12,NZDJPY,long,2015-03-05,2015-03-10,87.3135,89.109,1.7954999999999899,2015-03-12 01:00:00,2015-03-12 05:00:00,88.651,88.848,2015-03-13 09:00:00,89.095,90.90449999999998,87.13395,2015-03-20 09:00:00,90.90449999999998,win,0.922719971443862,wickdiffs_3D_H4_ALL_20260121_202249.csv,113.2780303030303,1.0
3D,ALL,H4,H12,NZDJPY,long,2015-08-20,2015-08-25,73.248,76.7375,3.4894999999999925,2015-08-26 13:00:00,2015-08-26 17:00:00,76.301,76.613,2015-08-31 09:00:00,76.8645,80.22699999999999,72.89905,2015-10-08 09:00:00,80.22699999999999,win,0.8479491608770705,wickdiffs_3D_H4_ALL_20260121_202249.csv,108.3818181818183,1.0
3D,ALL,H4,H12,NZDJPY,long,2016-03-04,2016-03-09,75.01,75.966,0.9559999999999889,2016-03-10 14:00:00,2016-03-10 18:00:00,75.01,75.081,2016-03-14 21:00:00,75.154,76.92199999999998,73.29294736842107,2016-03-29 09:00:00,76.92199999999998,win,0.95,wickdiffs_3D_H4_ALL_20260121_202249.csv,137.069696969697,1.0
3D,ALL,H4,H12,NZDJPY,long,2016-03-14,2016-03-17,74.441,75.6815,1.2404999999999973,2016-03-21 01:00:00,2016-03-21 05:00:00,75.1415,75.1585,2016-03-22 09:00:00,75.877,76.922,74.31695,2016-03-29 09:00:00,76.922,win,0.6698503253100917,wickdiffs_3D_H4_ALL_20260121_202249.csv,135.6787878787879,1.0
3D,ALL,H4,H12,NZDJPY,long,2016-05-03,2016-05-06,72.547,73.828,1.281000000000006,2016-05-10 09:00:00,2016-05-10 13:00:00,73.3425,73.3595,2016-05-15 21:00:00,73.897,75.10900000000001,72.4189,2016-05-31 09:00:00,75.10900000000001,win,0.8199715851430847,wickdiffs_3D_H4_ALL_20260121_202249.csv,117.4386363636365,1.0
3D,ALL,H4,H12,NZDJPY,long,2017-01-05,2017-01-10,80.726,81.418,0.6920000000000073,2017-01-10 18:00:00,2017-01-10 22:00:00,80.768,80.798,2017-01-15 22:00:00,81.028,82.11000000000001,79.88905263157895,2017-01-18 22:00:00,82.11000000000001,win,0.95,wickdiffs_3D_H4_ALL_20260121_202249.csv,82.61818181818171,1.0
3D,ALL,H4,H12,NZDJPY,long,2018-02-28,2018-03-05,75.93,76.577,0.6469999999999914,2018-03-05 02:00:00,2018-03-05 06:00:00,75.93,76.035,2018-03-21 09:00:00,76.6515,77.22399999999999,75.8653,2018-03-22 09:00:00,75.8653,loss,-1.0,wickdiffs_3D_H4_ALL_20260121_202249.csv,74.38333333333347,1.0
3D,ALL,H4,H12,NZDJPY,long,2018-05-02,2018-05-07,75.908,76.58,0.671999999999997,2018-05-08 13:00:00,2018-05-08 17:00:00,75.908,75.931,2018-05-10 09:00:00,76.167,77.252,75.02489473684211,2018-05-21 21:00:00,77.252,win,0.9499999999999998,wickdiffs_3D_H4_ALL_20260121_202249.csv,71.8424242424243,1.0
3D,ALL,H4,H12,NZDJPY,long,2018-11-15,2018-11-20,76.442,76.954,0.5120000000000005,2018-11-20 18:00:00,2018-11-20 22:00:00,76.442,76.524,2018-11-23 10:00:00,76.602,77.466,75.6925263157895,2018-11-27 22:00:00,77.466,win,0.95,wickdiffs_3D_H4_ALL_20260121_202249.csv,71.69545454545458,1.0
3D,ALL,H4,H12,NZDJPY,long,2021-06-28,2021-07-01,77.07,77.634,0.5640000000000072,2021-07-02 05:00:00,2021-07-02 09:00:00,77.504,77.534,2021-07-06 09:00:00,77.55,78.19800000000001,76.86789473684209,2021-07-07 21:00:00,76.86789473684209,loss,-1.0,wickdiffs_3D_H4_ALL_20260121_202249.csv,64.04090909090911,1.0
3D,ALL,H4,H12,NZDJPY,long,2022-04-21,2022-04-26,83.334,84.852,1.5180000000000007,2022-04-26 17:00:00,2022-04-26 21:00:00,83.334,83.496,2022-05-02 09:00:00,83.765,86.37,81.0228947368421,2022-05-11 21:00:00,81.0228947368421,loss,-1.0,wickdiffs_3D_H4_ALL_20260121_202249.csv,95.5393939393939,1.0
3D,ALL,H4,H12,NZDJPY,long,2023-05-11,2023-05-16,83.725,84.911,1.186000000000007,2023-05-15 09:00:00,2023-05-15 13:00:00,84.415,84.479,2023-05-25 09:00:00,84.908,86.09700000000001,83.6064,2023-05-31 21:00:00,83.6064,loss,-1.0,wickdiffs_3D_H4_ALL_20260121_202249.csv,94.19242424242432,1.0
3D,ALL,H4,H12,NZDJPY,long,2023-08-03,2023-08-08,86.326,86.995,0.6690000000000111,2023-08-08 09:00:00,2023-08-08 13:00:00,86.326,86.358,2023-08-13 21:00:00,86.684,87.66400000000002,85.65242105263155,2023-09-18 21:00:00,87.66400000000002,win,0.95,wickdiffs_3D_H4_ALL_20260121_202249.csv,91.1666666666666,1.0
3D,ALL,H4,H12,NZDJPY,long,2024-02-12,2024-02-15,91.049,91.606,0.556999999999988,2024-02-13 10:00:00,2024-02-13 14:00:00,91.049,91.112,2024-02-29 10:00:00,91.29,92.16299999999998,90.37105263157898,2024-03-14 21:00:00,90.37105263157898,loss,-1.0,wickdiffs_3D_H4_ALL_20260121_202249.csv,70.2287878787878,1.0
3D,ALL,H4,H12,NZDJPY,long,2024-06-04,2024-06-07,95.27,96.474,1.2040000000000077,2024-06-11 09:00:00,2024-06-11 13:00:00,96.102,96.13,2024-06-14 09:00:00,96.662,97.67800000000001,95.14959999999999,2024-06-21 09:00:00,97.67800000000001,win,0.6717799523935442,wickdiffs_3D_H4_ALL_20260121_202249.csv,77.94999999999989,1.0
3D,ALL,H4,H12,NZDJPY,long,2024-08-01,2024-08-06,83.058,85.621,2.562999999999988,2024-08-06 09:00:00,2024-08-06 13:00:00,85.354,85.486,2025-02-07 10:00:00,85.686,88.18399999999998,82.80170000000001,2025-04-04 09:00:00,82.80170000000001,loss,-1.0,wickdiffs_3D_H4_ALL_20260121_202249.csv,92.86060606060606,1.0
3D,ALL,H4,H12,NZDJPY,long,2025-06-10,2025-06-13,85.842,87.076,1.2339999999999947,2025-06-16 01:00:00,2025-06-16 05:00:00,86.724,86.746,2025-06-18 21:00:00,86.938,88.30999999999999,85.49378947368423,2025-07-08 21:00:00,88.30999999999999,win,0.95,wickdiffs_3D_H4_ALL_20260121_202249.csv,107.1060606060608,1.0
3D,ALL,H4,H12,NZDJPY,short,2015-04-08,2015-04-13,90.53,91.526,0.9959999999999951,2015-04-09 21:00:00,2015-04-10 01:00:00,91.421,91.526,2015-04-16 09:00:00,91.2945,89.534,93.14765789473684,2015-05-05 21:00:00,89.534,win,0.95,wickdiffs_3D_H4_ALL_20260121_202249.csv,113.3590909090909,1.0
3D,ALL,H4,H12,NZDJPY,short,2015-07-17,2015-07-22,82.069,82.8685,0.7994999999999948,2015-07-23 05:00:00,2015-07-23 09:00:00,82.8475,82.8685,2015-07-28 09:00:00,82.6965,81.26950000000001,84.19860526315789,2015-07-31 09:00:00,81.26950000000001,win,0.95,wickdiffs_3D_H4_ALL_20260121_202249.csv,94.14999999999998,1.0
3D,ALL,H4,H12,NZDJPY,short,2015-08-07,2015-08-12,81.7775,82.649,0.8714999999999975,2015-08-13 17:00:00,2015-08-13 21:00:00,81.805,81.889,2015-08-17 09:00:00,81.7575,80.906,82.73615,2015-08-23 21:00:00,80.906,win,0.8700761252745984,wickdiffs_3D_H4_ALL_20260121_202249.csv,91.8030303030304,1.0
3D,ALL,H4,H12,NZDJPY,short,2015-09-15,2015-09-18,76.1675,77.515,1.3474999999999966,2015-09-18 09:00:00,2015-09-18 13:00:00,77.029,77.0715,2015-09-25 09:00:00,76.997,74.82000000000001,79.2885789473684,2015-10-06 21:00:00,79.2885789473684,loss,-1.0,wickdiffs_3D_H4_ALL_20260121_202249.csv,121.0045454545457,1.0
3D,ALL,H4,H12,NZDJPY,short,2015-12-11,2015-12-16,82.3285,83.1635,0.8349999999999937,2015-12-17 10:00:00,2015-12-17 14:00:00,82.7655,82.8905,2015-12-21 22:00:00,82.5295,81.49350000000001,83.62002631578946,2016-01-03 22:00:00,81.49350000000001,win,0.95,wickdiffs_3D_H4_ALL_20260121_202249.csv,101.3212121212123,1.0
3D,ALL,H4,H12,NZDJPY,short,2016-03-17,2016-03-22,75.6915,76.4665,0.7749999999999915,2016-03-18 01:00:00,2016-03-18 05:00:00,76.337,76.412,2016-03-28 09:00:00,76.2625,74.91650000000001,77.67934210526315,2016-03-29 21:00:00,77.67934210526315,loss,-1.0,wickdiffs_3D_H4_ALL_20260121_202249.csv,133.4371212121212,1.0
3D,ALL,H4,H12,NZDJPY,short,2016-05-06,2016-05-11,73.8555,74.722,0.8664999999999878,2016-05-12 09:00:00,2016-05-12 13:00:00,74.5895,74.722,2016-05-16 21:00:00,74.524,72.98900000000002,76.13978947368419,2016-06-08 21:00:00,76.13978947368419,loss,-1.0,wickdiffs_3D_H4_ALL_20260121_202249.csv,117.4386363636365,1.0
3D,ALL,H4,H12,NZDJPY,short,2016-10-18,2016-10-21,74.779,75.2715,0.4925000000000068,2016-10-25 09:00:00,2016-10-25 13:00:00,74.7895,74.8485,2016-10-26 21:00:00,74.766,74.28649999999999,75.54942424242425,2016-11-03 09:00:00,75.54942424242425,loss,-1.0,wickdiffs_3D_H4_ALL_20260121_202249.csv,78.34242424242423,1.0
3D,ALL,H4,H12,NZDJPY,short,2017-04-20,2017-04-25,77.008,77.965,0.9570000000000078,2017-04-24 05:00:00,2017-04-24 09:00:00,77.582,77.6,2017-05-01 21:00:00,77.5455,76.05099999999999,79.11865789473687,2017-05-10 09:00:00,79.11865789473687,loss,-1.0,wickdiffs_3D_H4_ALL_20260121_202249.csv,66.45151515151515,1.0
3D,ALL,H4,H12,NZDJPY,short,2017-12-07,2017-12-12,78.4795,79.215,0.7355000000000018,2017-12-14 06:00:00,2017-12-14 10:00:00,78.956,79.01,2017-12-15 10:00:00,78.732,77.744,79.772,2017-12-26 22:00:00,79.772,loss,-1.0,wickdiffs_3D_H4_ALL_20260121_202249.csv,68.50227272727274,1.0
3D,ALL,H4,H12,NZDJPY,short,2018-03-08,2018-03-13,77.6435,78.626,0.9825000000000017,2018-03-14 09:00:00,2018-03-14 13:00:00,78.206,78.222,2018-04-04 21:00:00,78.0405,76.661,79.49260526315788,2018-04-12 21:00:00,79.49260526315788,loss,-1.0,wickdiffs_3D_H4_ALL_20260121_202249.csv,79.80000000000015,1.0
3D,ALL,H4,H12,NZDJPY,short,2019-03-29,2019-04-03,75.223,75.964,0.7409999999999997,2019-04-01 13:00:00,2019-04-01 17:00:00,75.879,75.888,2019-04-12 09:00:00,75.764,74.482,77.11347368421052,2019-04-22 21:00:00,74.482,win,0.95,wickdiffs_3D_H4_ALL_20260121_202249.csv,63.89242424242435,1.0
3D,ALL,H4,H12,NZDJPY,short,2019-09-26,2019-10-01,67.697,68.262,0.5649999999999977,2019-09-27 17:00:00,2019-09-29 21:00:00,67.968,67.969,2019-10-09 21:00:00,67.901,67.132,68.71047368421051,2019-10-11 09:00:00,68.71047368421051,loss,-1.0,wickdiffs_3D_H4_ALL_20260121_202249.csv,63.08636363636364,1.0
3D,ALL,H4,H12,NZDJPY,short,2019-10-30,2019-11-04,69.546,70.032,0.48599999999999,2019-11-06 10:00:00,2019-11-06 14:00:00,69.616,69.624,2019-11-07 10:00:00,69.584,69.06000000000002,70.22862121212121,2019-11-08 10:00:00,69.06000000000002,win,0.8128804794922825,wickdiffs_3D_H4_ALL_20260121_202249.csv,64.46212121212115,1.0
3D,ALL,H4,H12,NZDJPY,short,2020-02-04,2020-02-07,71.05,71.312,0.26200000000000045,2020-02-05 06:00:00,2020-02-05 10:00:00,71.296,71.312,2020-02-12 10:00:00,71.162,70.788,71.73237878787879,2020-02-12 22:00:00,70.788,win,0.6557046088458128,wickdiffs_3D_H4_ALL_20260121_202249.csv,57.03787878787878,1.0
3D,ALL,H4,H12,NZDJPY,short,2020-06-04,2020-06-09,71.135,71.672,0.5369999999999919,2020-06-08 05:00:00,2020-06-08 09:00:00,71.566,71.608,2020-07-22 09:00:00,71.392,70.59800000000001,72.22778947368418,2020-07-23 21:00:00,70.59800000000001,win,0.9499999999999998,wickdiffs_3D_H4_ALL_20260121_202249.csv,81.71363636363643,1.0
3D,ALL,H4,H12,NZDJPY,short,2020-06-12,2020-06-17,69.236,70.017,0.7809999999999917,2020-06-17 13:00:00,2020-06-17 17:00:00,69.428,69.437,2020-06-22 21:00:00,69.414,68.45500000000001,70.42901515151516,2020-06-24 09:00:00,68.45500000000001,win,0.9448134824080744,wickdiffs_3D_H4_ALL_20260121_202249.csv,101.5015151515151,1.0
3D,ALL,H4,H12,NZDJPY,short,2020-07-21,2020-07-24,70.903,71.676,0.7729999999999961,2020-07-23 05:00:00,2020-07-23 09:00:00,71.62,71.676,2020-08-31 09:00:00,71.31,70.13000000000001,72.55210526315788,2020-09-08 09:00:00,70.13000000000001,win,0.95,wickdiffs_3D_H4_ALL_20260121_202249.csv,71.8924242424244,1.0
3D,ALL,H4,H12,NZDJPY,short,2022-02-04,2022-02-09,76.825,78.004,1.179000000000002,2022-02-11 14:00:00,2022-02-11 18:00:00,77.444,77.538,2022-02-17 22:00:00,77.4,75.646,79.2463157894737,2022-03-06 22:00:00,79.2463157894737,loss,-1.0,wickdiffs_3D_H4_ALL_20260121_202249.csv,76.24848484848481,1.0
3D,ALL,H4,H12,NZDJPY,short,2022-04-18,2022-04-21,87.058,87.35,0.2919999999999874,2022-04-19 21:00:00,2022-04-20 01:00:00,87.335,87.35,2022-09-07 09:00:00,87.334,86.76600000000002,88.30516666666666,2022-09-07 21:00:00,86.76600000000002,win,0.5848635661575253,wickdiffs_3D_H4_ALL_20260121_202249.csv,97.1166666666667,1.0
3D,ALL,H4,H12,NZDJPY,short,2022-06-07,2022-06-10,85.777,86.818,1.0409999999999968,2022-06-09 01:00:00,2022-06-09 05:00:00,86.578,86.596,2022-06-21 09:00:00,86.56,84.736,88.48,2022-06-22 21:00:00,84.736,win,0.95,wickdiffs_3D_H4_ALL_20260121_202249.csv,115.0045454545456,1.0
3D,ALL,H4,H12,NZDJPY,short,2022-07-19,2022-07-22,85.894,86.597,0.7029999999999887,2022-07-21 01:00:00,2022-07-21 05:00:00,86.242,86.278,2022-08-12 09:00:00,86.172,85.19100000000002,87.24598484848485,2022-08-14 21:00:00,85.19100000000002,win,0.9134207073628186,wickdiffs_3D_H4_ALL_20260121_202249.csv,107.3984848484849,1.0
3D,ALL,H4,H12,NZDJPY,short,2022-11-22,2022-11-25,86.861,87.46,0.5989999999999895,2022-11-25 18:00:00,2022-11-27 22:00:00,86.971,87.082,2022-11-30 10:00:00,86.946,86.26200000000001,88.08609090909091,2022-11-30 22:00:00,86.26200000000001,win,0.5999521569252699,wickdiffs_3D_H4_ALL_20260121_202249.csv,114.009090909091,1.0
3D,ALL,H4,H12,NZDJPY,short,2023-05-19,2023-05-24,86.588,87.312,0.7240000000000038,2023-05-22 21:00:00,2023-05-23 01:00:00,87.289,87.312,2023-06-14 21:00:00,87.238,85.86399999999999,88.6843157894737,2023-06-26 21:00:00,88.6843157894737,loss,-1.0,wickdiffs_3D_H4_ALL_20260121_202249.csv,92.16060606060611,1.0
3D,ALL,H4,H12,NZDJPY,short,2023-07-13,2023-07-18,87.725,88.693,0.9680000000000035,2023-07-17 21:00:00,2023-07-18 01:00:00,87.89,87.99,2023-07-21 09:00:00,87.484,86.75699999999999,88.7898,2023-07-27 09:00:00,86.75699999999999,win,0.5567468218716504,wickdiffs_3D_H4_ALL_20260121_202249.csv,89.669696969697,1.0
3D,ALL,H4,H12,NZDJPY,short,2023-08-08,2023-08-11,87.166,87.8,0.6340000000000003,2023-08-15 01:00:00,2023-08-15 05:00:00,87.186,87.241,2023-08-30 09:00:00,87.064,86.532,87.92116666666666,2023-08-31 09:00:00,86.532,win,0.620649426404819,wickdiffs_3D_H4_ALL_20260121_202249.csv,85.71666666666651,1.0
3D,ALL,H4,H12,NZDJPY,short,2023-12-25,2023-12-28,89.836,90.423,0.5870000000000033,2023-12-27 02:00:00,2023-12-27 06:00:00,90.383,90.423,2024-01-04 22:00:00,90.288,89.249,91.38168421052632,2024-02-08 22:00:00,91.38168421052632,loss,-1.0,wickdiffs_3D_H4_ALL_20260121_202249.csv,78.97575757575751,1.0
3D,ALL,H4,H12,NZDJPY,short,2025-01-06,2025-01-09,88.823,89.704,0.8810000000000002,2025-01-08 02:00:00,2025-01-08 06:00:00,89.188,89.2,2025-01-24 10:00:00,89.07,87.942,90.25736842105262,2025-01-26 22:00:00,87.942,win,0.9499999999999998,wickdiffs_3D_H4_ALL_20260121_202249.csv,89.30303030303028,1.0
3D,ALL,H4,H12,NZDJPY,short,2025-06-13,2025-06-18,87.366,87.996,0.6299999999999955,2025-06-18 01:00:00,2025-06-18 05:00:00,87.526,87.551,2025-06-23 21:00:00,87.389,86.736,88.43672727272727,2025-07-10 21:00:00,88.43672727272727,loss,-1.0,wickdiffs_3D_H4_ALL_20260121_202249.csv,104.7727272727274,1.0
3D,ALL,H4,H12,NZDJPY,short,2025-08-28,2025-09-02,86.893,87.281,0.38800000000000523,2025-09-03 21:00:00,2025-09-04 01:00:00,87.118,87.134,2025-09-05 09:00:00,86.879,86.505,87.54484848484849,2025-09-08 09:00:00,87.54484848484849,loss,-1.0,wickdiffs_3D_H4_ALL_20260121_202249.csv,66.5848484848485,1.0
3D,ALL,H4,H12,NZDJPY,short,2025-10-30,2025-11-04,88.015,88.829,0.813999999999993,2025-10-30 05:00:00,2025-10-30 09:00:00,88.796,88.829,2025-11-20 10:00:00,87.918,87.20100000000001,88.9104,2025-11-26 10:00:00,88.9104,loss,-1.0,wickdiffs_3D_H4_ALL_20260121_202249.csv,65.3515151515151,1.0
3D,ALL,H4,H12,NZDUSD,long,2015-06-18,2015-06-23,0.68155,0.68639,0.0048399999999999554,2015-06-23 09:00:00,2015-06-23 13:00:00,0.68155,0.68177,2015-06-28 21:00:00,0.68291,0.6912299999999999,0.6734420454545454,2015-07-01 09:00:00,0.6734420454545454,loss,-1.0,wickdiffs_3D_H4_ALL_20260121_202249.csv,94.6795454545454,1.0
3D,ALL,H4,H12,NZDUSD,long,2016-05-24,2016-05-27,0.667575,0.67399,0.0064149999999999485,2016-05-30 17:00:00,2016-05-30 21:00:00,0.66887,0.66896,2018-07-02 21:00:00,0.67332,0.6804049999999999,0.665862105263158,2018-07-05 21:00:00,0.6804049999999999,win,0.95,wickdiffs_3D_H4_ALL_20260121_202249.csv,55.21893939393938,1.0
3D,ALL,H4,H12,NZDUSD,long,2016-06-27,2016-06-30,0.69807,0.7113,0.013230000000000075,2016-06-30 01:00:00,2016-06-30 05:00:00,0.70575,0.70812,2016-07-05 21:00:00,0.71022,0.7245300000000001,0.695156842105263,2016-07-07 21:00:00,0.7245300000000001,win,0.95,wickdiffs_3D_H4_ALL_20260121_202249.csv,83.44545454545452,1.0
3D,ALL,H4,H12,NZDUSD,long,2016-07-05,2016-07-08,0.707995,0.722695,0.014699999999999935,2016-07-06 01:00:00,2016-07-06 05:00:00,0.707995,0.708555,2016-07-17 21:00:00,0.71192,0.7373949999999999,0.6851042105263159,2016-08-26 09:00:00,0.7373949999999999,win,0.95,wickdiffs_3D_H4_ALL_20260121_202249.csv,86.25378787878785,1.0
3D,ALL,H4,H12,NZDUSD,long,2016-10-26,2016-10-31,0.71084,0.716345,0.005504999999999982,2016-10-27 13:00:00,2016-10-27 17:00:00,0.71084,0.710975,2016-11-11 10:00:00,0.71145,0.72185,0.7005026315789474,2016-11-17 22:00:00,0.7005026315789474,loss,-1.0,wickdiffs_3D_H4_ALL_20260121_202249.csv,75.92500000000011,1.0
3D,ALL,H4,H12,NZDUSD,long,2017-02-16,2017-02-21,0.71299,0.71902,0.00602999999999998,2017-02-22 22:00:00,2017-02-23 02:00:00,0.71738,0.71819,2017-02-27 22:00:00,0.71882,0.72505,0.7115216666666667,2017-02-28 22:00:00,0.7115216666666667,loss,-1.0,wickdiffs_3D_H4_ALL_20260121_202249.csv,72.98333333333316,1.0
3D,ALL,H4,H12,NZDUSD,long,2018-02-23,2018-02-28,0.71864,0.7236,0.0049600000000000755,2018-03-02 14:00:00,2018-03-02 18:00:00,0.72189,0.72212,2018-03-05 10:00:00,0.7227,0.7285600000000001,0.7161972727272727,2018-03-06 10:00:00,0.7285600000000001,win,0.9011603522997461,wickdiffs_3D_H4_ALL_20260121_202249.csv,65.02727272727284,1.0
3D,ALL,H4,H12,NZDUSD,long,2018-11-23,2018-11-28,0.67537,0.67908,0.003709999999999991,2018-11-27 22:00:00,2018-11-28 02:00:00,0.6784,0.67841,2018-12-14 10:00:00,0.67958,0.68279,0.6737901515151515,2018-12-17 22:00:00,0.68279,win,0.5544186533378782,wickdiffs_3D_H4_ALL_20260121_202249.csv,57.89848484848475,1.0
3D,ALL,H4,H12,NZDUSD,long,2019-04-19,2019-04-24,0.65805,0.66576,0.007709999999999995,2019-04-26 17:00:00,2019-04-28 21:00:00,0.66532,0.66564,2019-04-29 21:00:00,0.66744,0.67347,0.6572790000000001,2019-05-07 21:00:00,0.6572790000000001,loss,-1.0,wickdiffs_3D_H4_ALL_20260121_202249.csv,54.24696969696977,1.0
3D,ALL,H4,H12,NZDUSD,long,2019-10-14,2019-10-17,0.62408,0.62913,0.005049999999999999,2019-10-16 09:00:00,2019-10-16 13:00:00,0.62408,0.62438,2020-02-27 22:00:00,0.6251,0.63418,0.6155421052631579,2020-03-05 22:00:00,0.63418,win,0.95,wickdiffs_3D_H4_ALL_20260121_202249.csv,42.26439393939403,1.0
3D,ALL,H4,H12,NZDUSD,long,2019-11-07,2019-11-12,0.6322,0.63608,0.0038799999999999946,2019-11-12 18:00:00,2019-11-12 22:00:00,0.63266,0.63303,2020-02-20 10:00:00,0.63327,0.63996,0.6262278947368422,2020-02-27 22:00:00,0.6262278947368422,loss,-1.0,wickdiffs_3D_H4_ALL_20260121_202249.csv,40.89318181818191,1.0
3D,ALL,H4,H12,NZDUSD,long,2019-12-06,2019-12-11,0.65225,0.65448,0.0022299999999999542,2019-12-11 02:00:00,2019-12-11 06:00:00,0.65225,0.65257,2020-01-27 22:00:00,0.65296,0.6567099999999999,0.6487160606060606,2020-01-30 10:00:00,0.6487160606060606,loss,-1.0,wickdiffs_3D_H4_ALL_20260121_202249.csv,42.43939393939408,1.0
3D,ALL,H4,H12,NZDUSD,long,2020-03-17,2020-03-20,0.54694,0.56719,0.02024999999999999,2020-03-22 21:00:00,2020-03-23 01:00:00,0.55866,0.55957,2022-09-27 21:00:00,0.55967,0.58744,0.5304384210526316,2022-10-31 21:00:00,0.58744,win,0.95,wickdiffs_3D_H4_ALL_20260121_202249.csv,76.92121212121226,1.0
3D,ALL,H4,H12,NZDUSD,long,2021-01-27,2021-02-01,0.71058,0.71842,0.007839999999999958,2021-02-02 14:00:00,2021-02-02 18:00:00,0.71353,0.71484,2021-02-04 10:00:00,0.71566,0.7262599999999999,0.7045021052631579,2021-02-15 22:00:00,0.7262599999999999,win,0.95,wickdiffs_3D_H4_ALL_20260121_202249.csv,65.30909090909095,1.0
3D,ALL,H4,H12,NZDUSD,long,2021-07-19,2021-07-22,0.6881,0.69706,0.008959999999999968,2021-07-21 01:00:00,2021-07-21 05:00:00,0.68942,0.69074,2021-07-28 09:00:00,0.69565,0.70602,0.6847342105263158,2021-08-03 21:00:00,0.70602,win,0.9499999999999998,wickdiffs_3D_H4_ALL_20260121_202249.csv,69.5090909090908,1.0
3D,ALL,H4,H12,NZDUSD,long,2021-08-04,2021-08-09,0.69687,0.70098,0.004110000000000058,2021-08-11 05:00:00,2021-08-11 09:00:00,0.69914,0.6997,2021-08-12 09:00:00,0.70025,0.7050900000000001,0.6934604545454546,2021-08-16 21:00:00,0.6934604545454546,loss,-1.0,wickdiffs_3D_H4_ALL_20260121_202249.csv,67.89545454545451,1.0
3D,ALL,H4,H12,NZDUSD,long,2021-11-01,2021-11-04,0.70726,0.71589,0.008630000000000027,2021-11-07 22:00:00,2021-11-08 02:00:00,0.71038,0.71066,2021-11-09 22:00:00,0.711,0.72452,0.6967684210526315,2021-11-22 10:00:00,0.6967684210526315,loss,-1.0,wickdiffs_3D_H4_ALL_20260121_202249.csv,63.19999999999995,1.0
3D,ALL,H4,H12,NZDUSD,long,2021-12-03,2021-12-08,0.67366,0.67894,0.005279999999999951,2021-12-06 22:00:00,2021-12-07 02:00:00,0.67366,0.67404,2021-12-13 22:00:00,0.6756,0.6842199999999999,0.6665263157894737,2021-12-29 10:00:00,0.6842199999999999,win,0.95,wickdiffs_3D_H4_ALL_20260121_202249.csv,62.61969696969697,1.0
3D,ALL,H4,H12,NZDUSD,long,2023-02-24,2023-03-01,0.61311,0.6185,0.005390000000000006,2023-02-28 18:00:00,2023-02-28 22:00:00,0.6166,0.6175,2023-03-06 10:00:00,0.61966,0.6238900000000001,0.611834696969697,2023-03-07 10:00:00,0.611834696969697,loss,-1.0,wickdiffs_3D_H4_ALL_20260121_202249.csv,78.25303030303033,1.0
3D,ALL,H4,H12,NZDUSD,long,2023-12-07,2023-12-12,0.60844,0.61225,0.00380999999999998,2023-12-13 06:00:00,2023-12-13 10:00:00,0.60844,0.60906,2024-01-17 10:00:00,0.6116,0.6160599999999999,0.6057930303030303,2024-01-31 10:00:00,0.6160599999999999,win,0.7680425820591597,wickdiffs_3D_H4_ALL_20260121_202249.csv,58.06969696969705,1.0
3D,ALL,H4,H12,NZDUSD,long,2024-01-01,2024-01-04,0.6181,0.62464,0.00653999999999999,2024-01-08 10:00:00,2024-01-08 14:00:00,0.62126,0.62157,2024-01-11 10:00:00,0.62335,0.63118,0.615107894736842,2024-01-16 10:00:00,0.615107894736842,loss,-1.0,wickdiffs_3D_H4_ALL_20260121_202249.csv,57.9181818181819,1.0
3D,ALL,H4,H12,NZDUSD,long,2024-01-22,2024-01-25,0.6062,0.61117,0.00497000000000003,2024-01-29 14:00:00,2024-01-29 18:00:00,0.61003,0.61034,2024-01-31 10:00:00,0.61179,0.61614,0.605703,2024-02-04 22:00:00,0.605703,loss,-1.0,wickdiffs_3D_H4_ALL_20260121_202249.csv,57.74090909090915,1.0
3D,ALL,H4,H12,NZDUSD,long,2024-02-02,2024-02-07,0.60384,0.60972,0.005879999999999996,2024-02-06 10:00:00,2024-02-06 14:00:00,0.60467,0.60515,2024-02-13 10:00:00,0.60608,0.6156,0.5960589473684209,2024-02-19 22:00:00,0.6156,win,0.95,wickdiffs_3D_H4_ALL_20260121_202249.csv,57.37272727272731,1.0
3D,ALL,H4,H12,NZDUSD,long,2024-02-12,2024-02-15,0.60498,0.60857,0.003590000000000093,2024-02-14 10:00:00,2024-02-14 14:00:00,0.60728,0.6073,2024-03-04 22:00:00,0.6075,0.6121600000000001,0.6021395454545455,2024-03-06 10:00:00,0.6121600000000001,win,0.869329263122211,wickdiffs_3D_H4_ALL_20260121_202249.csv,53.60454545454547,1.0
3D,ALL,H4,H12,NZDUSD,long,2025-02-17,2025-02-20,0.56777,0.57084,0.003070000000000017,2025-02-19 22:00:00,2025-02-20 02:00:00,0.56936,0.5694,2025-02-26 10:00:00,0.56955,0.57391,0.564365606060606,2025-02-27 10:00:00,0.564365606060606,loss,-1.0,wickdiffs_3D_H4_ALL_20260121_202249.csv,51.84393939393948,1.0
3D,ALL,H4,H12,NZDUSD,short,2015-03-31,2015-04-03,0.75096,0.76304,0.01208000000000009,2015-04-06 13:00:00,2015-04-06 17:00:00,0.75991,0.76166,2015-04-08 09:00:00,0.75533,0.7388799999999999,0.7726457894736842,2015-04-17 09:00:00,0.7726457894736842,loss,-1.0,wickdiffs_3D_H4_ALL_20260121_202249.csv,105.2984848484849,1.0
3D,ALL,H4,H12,NZDUSD,short,2015-07-17,2015-07-22,0.662415,0.66954,0.007125000000000048,2015-07-23 05:00:00,2015-07-23 09:00:00,0.66933,0.66954,2015-07-28 09:00:00,0.669245,0.6552899999999999,0.6839344736842106,2015-07-30 21:00:00,0.6552899999999999,win,0.95,wickdiffs_3D_H4_ALL_20260121_202249.csv,91.6234848484848,1.0
3D,ALL,H4,H12,NZDUSD,short,2015-10-14,2015-10-19,0.6811,0.68976,0.008660000000000001,2015-10-20 05:00:00,2015-10-20 09:00:00,0.683845,0.684605,2015-10-22 21:00:00,0.682425,0.67244,0.6929355263157894,2015-10-27 21:00:00,0.67244,win,0.95,wickdiffs_3D_H4_ALL_20260121_202249.csv,97.12727272727275,1.0
3D,ALL,H4,H12,NZDUSD,short,2016-03-30,2016-04-04,0.69068,0.69664,0.005960000000000076,2016-03-31 21:00:00,2016-04-01 01:00:00,0.69357,0.69371,2016-04-12 21:00:00,0.6927,0.6847199999999999,0.7022508333333334,2016-04-13 21:00:00,0.6847199999999999,win,0.835529185934919,wickdiffs_3D_H4_ALL_20260121_202249.csv,95.50833333333344,1.0
3D,ALL,H4,H12,NZDUSD,short,2016-04-07,2016-04-12,0.68582,0.69526,0.009440000000000004,2016-04-13 17:00:00,2016-04-13 21:00:00,0.69209,0.69283,2016-04-15 09:00:00,0.69203,0.67638,0.7085036842105265,2016-05-09 21:00:00,0.67638,win,0.95,wickdiffs_3D_H4_ALL_20260121_202249.csv,95.8780303030304,1.0
3D,ALL,H4,H12,NZDUSD,short,2017-06-14,2017-06-19,0.72526,0.73205,0.006789999999999963,2017-06-14 13:00:00,2017-06-14 17:00:00,0.73193,0.73205,2017-06-26 21:00:00,0.73173,0.71847,0.745687894736842,2017-07-21 09:00:00,0.745687894736842,loss,-1.0,wickdiffs_3D_H4_ALL_20260121_202249.csv,56.39318181818179,1.0
3D,ALL,H4,H12,NZDUSD,short,2018-01-22,2018-01-25,0.73386,0.744,0.010140000000000038,2018-01-29 02:00:00,2018-01-29 06:00:00,0.73409,0.73433,2018-01-30 10:00:00,0.73306,0.7237199999999999,0.745014,2018-02-07 10:00:00,0.7237199999999999,win,0.7813284256316042,wickdiffs_3D_H4_ALL_20260121_202249.csv,59.93181818181824,1.0
3D,ALL,H4,H12,NZDUSD,short,2018-07-12,2018-07-17,0.67771,0.68408,0.006369999999999987,2018-07-17 05:00:00,2018-07-17 09:00:00,0.68374,0.68384,2018-07-25 09:00:00,0.68354,0.67134,0.6963821052631579,2018-08-08 21:00:00,0.67134,win,0.95,wickdiffs_3D_H4_ALL_20260121_202249.csv,57.55454545454545,1.0
3D,ALL,H4,H12,NZDUSD,short,2018-11-02,2018-11-07,0.67398,0.68234,0.008359999999999923,2018-11-08 02:00:00,2018-11-08 06:00:00,0.67958,0.67972,2018-11-13 22:00:00,0.67711,0.6656200000000001,0.6892047368421051,2018-12-02 22:00:00,0.6892047368421051,loss,-1.0,wickdiffs_3D_H4_ALL_20260121_202249.csv,55.01060606060599,1.0
3D,ALL,H4,H12,NZDUSD,short,2018-11-15,2018-11-20,0.68386,0.68836,0.0044999999999999485,2018-11-16 14:00:00,2018-11-16 18:00:00,0.68812,0.68836,2018-11-28 10:00:00,0.6873,0.6793600000000001,0.695657894736842,2018-12-03 22:00:00,0.695657894736842,loss,-1.0,wickdiffs_3D_H4_ALL_20260121_202249.csv,57.19242424242415,1.0
3D,ALL,H4,H12,NZDUSD,short,2019-01-09,2019-01-14,0.68277,0.68486,0.0020900000000000363,2019-01-15 02:00:00,2019-01-15 06:00:00,0.68476,0.68486,2019-01-25 10:00:00,0.68396,0.68068,0.6899619696969697,2019-01-30 10:00:00,0.6899619696969697,loss,-1.0,wickdiffs_3D_H4_ALL_20260121_202249.csv,60.01969696969685,1.0
3D,ALL,H4,H12,NZDUSD,short,2019-09-23,2019-09-26,0.62698,0.63486,0.007879999999999998,2019-09-27 09:00:00,2019-09-27 13:00:00,0.6302,0.631,2019-10-03 09:00:00,0.62986,0.6191,0.6411863157894736,2019-10-21 09:00:00,0.6411863157894736,loss,-1.0,wickdiffs_3D_H4_ALL_20260121_202249.csv,48.74848484848493,1.0
3D,ALL,H4,H12,NZDUSD,short,2019-10-01,2019-10-04,0.62986,0.6338,0.003940000000000055,2019-10-08 05:00:00,2019-10-08 09:00:00,0.63246,0.63274,2019-10-09 09:00:00,0.62908,0.6259199999999999,0.634194,2019-10-11 09:00:00,0.634194,loss,-1.0,wickdiffs_3D_H4_ALL_20260121_202249.csv,48.21666666666675,1.0
3D,ALL,H4,H12,NZDUSD,short,2020-06-12,2020-06-17,0.64514,0.65068,0.005539999999999989,2020-06-15 21:00:00,2020-06-16 01:00:00,0.65026,0.65068,2020-06-23 09:00:00,0.64916,0.6396000000000001,0.6592231578947367,2020-06-29 21:00:00,0.6396000000000001,win,0.95,wickdiffs_3D_H4_ALL_20260121_202249.csv,89.99242424242428,1.0
3D,ALL,H4,H12,NZDUSD,short,2021-03-31,2021-04-05,0.70338,0.70697,0.003589999999999982,2021-04-06 21:00:00,2021-04-07 01:00:00,0.70638,0.70688,2021-04-08 21:00:00,0.70346,0.69979,0.7106303030303031,2021-04-13 21:00:00,0.7106303030303031,loss,-1.0,wickdiffs_3D_H4_ALL_20260121_202249.csv,71.70303030303035,1.0
3D,ALL,H4,H12,NZDUSD,short,2021-09-23,2021-09-28,0.70148,0.70934,0.007859999999999978,2021-09-23 13:00:00,2021-09-23 17:00:00,0.70872,0.70934,2021-10-17 21:00:00,0.70555,0.69362,0.7181078947368421,2021-10-20 09:00:00,0.7181078947368421,loss,-1.0,wickdiffs_3D_H4_ALL_20260121_202249.csv,61.93181818181814,1.0
3D,ALL,H4,H12,NZDUSD,short,2022-05-25,2022-05-30,0.65362,0.65642,0.0028000000000000247,2022-05-30 17:00:00,2022-05-30 21:00:00,0.65602,0.65642,2022-06-02 09:00:00,0.65596,0.65082,0.6634892424242425,2022-06-03 09:00:00,0.65082,win,0.6826716036463938,wickdiffs_3D_H4_ALL_20260121_202249.csv,75.29242424242418,1.0
3D,ALL,H4,H12,NZDUSD,short,2022-06-02,2022-06-07,0.64902,0.65763,0.008610000000000007,2022-06-07 17:00:00,2022-06-07 21:00:00,0.64926,0.64992,2022-12-13 10:00:00,0.64645,0.64041,0.658491,2022-12-14 10:00:00,0.64041,win,0.5016194668216838,wickdiffs_3D_H4_ALL_20260121_202249.csv,101.8075757575759,1.0
3D,ALL,H4,H12,NZDUSD,short,2022-11-14,2022-11-17,0.61501,0.62064,0.005630000000000024,2022-11-18 18:00:00,2022-11-20 22:00:00,0.61592,0.61695,2022-11-22 10:00:00,0.61531,0.6093799999999999,0.6251789393939394,2022-11-23 22:00:00,0.6251789393939394,loss,-1.0,wickdiffs_3D_H4_ALL_20260121_202249.csv,98.68939393939408,1.0
3D,ALL,H4,H12,NZDUSD,short,2022-12-08,2022-12-13,0.63824,0.65138,0.01313999999999993,2022-12-15 10:00:00,2022-12-15 14:00:00,0.63963,0.63992,2022-12-18 22:00:00,0.63939,0.6251000000000001,0.6544321052631579,2022-12-22 10:00:00,0.6251000000000001,win,0.95,wickdiffs_3D_H4_ALL_20260121_202249.csv,102.6954545454546,1.0
3D,ALL,H4,H12,NZDUSD,short,2023-04-12,2023-04-17,0.62091,0.6315,0.010589999999999988,2023-04-19 13:00:00,2023-04-19 17:00:00,0.62137,0.62258,2023-05-02 09:00:00,0.62073,0.61032,0.632559,2023-05-07 21:00:00,0.632559,loss,-1.0,wickdiffs_3D_H4_ALL_20260121_202249.csv,69.35454545454536,1.0
3D,ALL,H4,H12,NZDUSD,short,2025-01-01,2025-01-06,0.5616,0.56928,0.00768000000000002,2025-01-08 02:00:00,2025-01-08 06:00:00,0.56391,0.56418,2025-01-15 10:00:00,0.56166,0.55392,0.570048,2025-01-23 22:00:00,0.570048,loss,-1.0,wickdiffs_3D_H4_ALL_20260121_202249.csv,50.2742424242424,1.0
3D,ALL,H4,H12,USDCAD,long,2015-02-12,2015-02-17,1.23628,1.24649,0.010210000000000052,2015-02-18 22:00:00,2015-02-19 02:00:00,1.243725,1.24443,2015-02-24 22:00:00,1.24444,1.2567000000000002,1.231534736842105,2015-03-06 10:00:00,1.2567000000000002,win,0.95,wickdiffs_3D_H4_ALL_20260121_202249.csv,113.2727272727272,1.0
3D,ALL,H4,H12,USDCAD,long,2015-03-23,2015-03-26,1.241005,1.251815,0.010809999999999986,2015-03-26 05:00:00,2015-03-26 09:00:00,1.241005,1.241215,2015-04-08 09:00:00,1.25468,1.2626249999999999,1.2399239999999998,2015-04-09 21:00:00,1.2626249999999999,win,0.5384250474383135,wickdiffs_3D_H4_ALL_20260121_202249.csv,133.3219696969695,1.0
3D,ALL,H4,H12,USDCAD,long,2015-06-15,2015-06-18,1.21278,1.222755,0.009975000000000067,2015-06-18 09:00:00,2015-06-18 13:00:00,1.21278,1.213575,2017-09-06 09:00:00,1.222515,1.23273,1.2117623684210526,2017-09-07 09:00:00,1.2117623684210526,loss,-1.0,wickdiffs_3D_H4_ALL_20260121_202249.csv,93.1477272727274,1.0
3D,ALL,H4,H12,USDCAD,long,2015-09-07,2015-09-10,1.31547,1.325795,0.01032500000000014,2015-09-11 01:00:00,2015-09-11 05:00:00,1.32155,1.321735,2015-09-15 21:00:00,1.322235,1.3361200000000002,1.3076192105263156,2015-09-17 09:00:00,1.3076192105263156,loss,-1.0,wickdiffs_3D_H4_ALL_20260121_202249.csv,113.8606060606061,1.0
3D,ALL,H4,H12,USDCAD,long,2015-09-15,2015-09-18,1.30122,1.31818,0.016959999999999864,2015-09-18 09:00:00,2015-09-18 13:00:00,1.30122,1.302975,2015-10-06 09:00:00,1.303485,1.3351399999999998,1.2701639473684212,2015-11-16 10:00:00,1.3351399999999998,win,0.95,wickdiffs_3D_H4_ALL_20260121_202249.csv,115.5151515151515,1.0
3D,ALL,H4,H12,USDCAD,long,2016-07-13,2016-07-18,1.28624,1.29718,0.01093999999999995,2016-07-15 09:00:00,2016-07-15 13:00:00,1.28624,1.28667,2016-08-15 21:00:00,1.28839,1.30812,1.2676215789473684,2016-08-30 09:00:00,1.30812,win,0.95,wickdiffs_3D_H4_ALL_20260121_202249.csv,118.3636363636362,1.0
3D,ALL,H4,H12,USDCAD,long,2016-07-29,2016-08-03,1.2996,1.31113,0.011529999999999818,2016-08-04 13:00:00,2016-08-04 17:00:00,1.2996,1.300315,2016-08-10 09:00:00,1.305715,1.3226599999999997,1.2878781578947371,2016-08-15 21:00:00,1.2878781578947371,loss,-1.0,wickdiffs_3D_H4_ALL_20260121_202249.csv,117.8386363636363,1.0
3D,ALL,H4,H12,USDCAD,long,2016-09-27,2016-09-30,1.304845,1.31476,0.009914999999999896,2016-10-04 09:00:00,2016-10-04 13:00:00,1.313205,1.314085,2016-10-10 09:00:00,1.31745,1.3246749999999998,1.3038535,2016-10-11 09:00:00,1.3246749999999998,win,0.5313867539440157,wickdiffs_3D_H4_ALL_20260121_202249.csv,105.8075757575758,1.0
3D,ALL,H4,H12,USDCAD,long,2016-10-13,2016-10-18,1.300615,1.312815,0.012199999999999989,2016-10-19 17:00:00,2016-10-19 21:00:00,1.31128,1.31137,2016-12-12 10:00:00,1.31309,1.325015,1.299395,2016-12-14 10:00:00,1.325015,win,0.8707557502738191,wickdiffs_3D_H4_ALL_20260121_202249.csv,101.410606060606,1.0
3D,ALL,H4,H12,USDCAD,long,2017-05-24,2017-05-29,1.33872,1.3447,0.005980000000000096,2017-05-31 05:00:00,2017-05-31 09:00:00,1.34364,1.34396,2017-06-06 09:00:00,1.345555,1.35068,1.337446212121212,2017-06-07 09:00:00,1.35068,win,0.6320303449306824,wickdiffs_3D_H4_ALL_20260121_202249.csv,81.08787878787888,1.0
3D,ALL,H4,H12,USDCAD,long,2017-06-01,2017-06-06,1.34269,1.347325,0.004635000000000167,2017-06-07 05:00:00,2017-06-07 09:00:00,1.34269,1.3429,2017-06-09 09:00:00,1.34668,1.3519600000000003,1.3386040151515153,2017-06-12 09:00:00,1.3386040151515153,loss,-1.0,wickdiffs_3D_H4_ALL_20260121_202249.csv,80.75984848484856,1.0
3D,ALL,H4,H12,USDCAD,long,2017-10-10,2017-10-13,1.2433,1.24747,0.004170000000000007,2017-10-13 09:00:00,2017-10-13 13:00:00,1.24523,1.24591,2017-10-18 09:00:00,1.24662,1.25164,1.237170606060606,2017-10-19 21:00:00,1.25164,win,0.5312510021486093,wickdiffs_3D_H4_ALL_20260121_202249.csv,94.49393939393936,1.0
3D,ALL,H4,H12,USDCAD,long,2018-04-06,2018-04-11,1.25445,1.26,0.005549999999999944,2018-04-13 05:00:00,2018-04-13 09:00:00,1.2552,1.25598,2018-04-16 21:00:00,1.25696,1.26555,1.2475331818181818,2018-04-18 09:00:00,1.26555,win,0.9112300496648705,wickdiffs_3D_H4_ALL_20260121_202249.csv,94.2681818181817,1.0
3D,ALL,H4,H12,USDCAD,long,2018-08-23,2018-08-28,1.28876,1.29665,0.007890000000000175,2018-08-28 09:00:00,2018-08-28 13:00:00,1.28876,1.28947,2018-09-20 09:00:00,1.29053,1.3045400000000003,1.2757826315789471,2018-09-26 21:00:00,1.3045400000000003,win,0.95,wickdiffs_3D_H4_ALL_20260121_202249.csv,83.92878787878794,1.0
3D,ALL,H4,H12,USDCAD,long,2019-03-29,2019-04-03,1.32964,1.33368,0.0040400000000000436,2019-04-03 13:00:00,2019-04-03 17:00:00,1.33083,1.33102,2019-04-08 09:00:00,1.33142,1.33772,1.3238671212121214,2019-04-11 09:00:00,1.33772,win,0.834119039499285,wickdiffs_3D_H4_ALL_20260121_202249.csv,75.5287878787878,1.0
3D,ALL,H4,H12,USDCAD,long,2019-07-09,2019-07-12,1.30182,1.30692,0.0051000000000001044,2019-07-15 09:00:00,2019-07-15 13:00:00,1.30216,1.3022,2019-07-18 21:00:00,1.30398,1.3120200000000002,1.2955168421052627,2019-07-22 21:00:00,1.3120200000000002,win,0.95,wickdiffs_3D_H4_ALL_20260121_202249.csv,63.89545454545475,1.0
3D,ALL,H4,H12,USDCAD,long,2019-09-05,2019-09-10,1.3134,1.31686,0.0034600000000000186,2019-09-10 13:00:00,2019-09-10 17:00:00,1.3134,1.31366,2019-10-17 09:00:00,1.3137,1.32032,1.3067315789473686,2019-10-23 21:00:00,1.3067315789473686,loss,-1.0,wickdiffs_3D_H4_ALL_20260121_202249.csv,64.4196969696971,1.0
3D,ALL,H4,H12,USDCAD,long,2021-10-19,2021-10-22,1.22882,1.23706,0.008240000000000025,2021-10-22 09:00:00,2021-10-22 13:00:00,1.23212,1.23248,2021-10-27 09:00:00,1.23606,1.2453,1.2263336842105261,2021-11-03 09:00:00,1.2453,win,0.95,wickdiffs_3D_H4_ALL_20260121_202249.csv,86.7075757575758,1.0
3D,ALL,H4,H12,USDCAD,long,2022-03-02,2022-03-07,1.25872,1.2728,0.01407999999999987,2022-03-07 02:00:00,2022-03-07 06:00:00,1.26856,1.27017,2022-03-11 10:00:00,1.2753,1.2868799999999998,1.257312,2022-03-15 09:00:00,1.2868799999999998,win,0.6437625083388719,wickdiffs_3D_H4_ALL_20260121_202249.csv,88.36666666666665,1.0
3D,ALL,H4,H12,USDCAD,long,2024-03-25,2024-03-28,1.3515,1.35676,0.005260000000000042,2024-03-31 21:00:00,2024-04-01 01:00:00,1.3515,1.35214,2024-04-03 09:00:00,1.35264,1.36202,1.3427663157894738,2024-04-05 09:00:00,1.36202,win,0.95,wickdiffs_3D_H4_ALL_20260121_202249.csv,64.87575757575769,1.0
3D,ALL,H4,H12,USDCAD,long,2024-05-01,2024-05-06,1.36098,1.36854,0.007560000000000011,2024-05-06 21:00:00,2024-05-07 01:00:00,1.36609,1.36611,2024-05-10 09:00:00,1.36728,1.3761,1.3579957894736843,2024-06-07 09:00:00,1.3761,win,0.95,wickdiffs_3D_H4_ALL_20260121_202249.csv,66.46818181818185,1.0
3D,ALL,H4,H12,USDCAD,long,2025-01-17,2025-01-22,1.42611,1.43267,0.006560000000000121,2025-01-24 10:00:00,2025-01-24 14:00:00,1.43176,1.43197,2025-02-04 10:00:00,1.43228,1.4392300000000002,1.4231175757575758,2025-02-13 10:00:00,1.4231175757575758,loss,-1.0,wickdiffs_3D_H4_ALL_20260121_202249.csv,91.62424242424235,1.0
3D,ALL,H4,H12,USDCAD,long,2025-03-31,2025-04-03,1.40277,1.4234,0.020629999999999926,2025-04-03 21:00:00,2025-04-04 01:00:00,1.40538,1.40614,2025-04-09 21:00:00,1.40765,1.44403,1.369355263157895,2025-05-25 21:00:00,1.369355263157895,loss,-1.0,wickdiffs_3D_H4_ALL_20260121_202249.csv,105.6060606060606,1.0
3D,ALL,H4,H12,USDCAD,long,2025-04-16,2025-04-21,1.37814,1.38514,0.007000000000000117,2025-04-23 05:00:00,2025-04-23 09:00:00,1.37984,1.38088,2025-04-28 21:00:00,1.383,1.3921400000000002,1.3723871212121213,2025-05-08 09:00:00,1.3921400000000002,win,0.8612177885645088,wickdiffs_3D_H4_ALL_20260121_202249.csv,106.1287878787878,1.0
3D,ALL,H4,H12,USDCAD,long,2025-04-24,2025-04-29,1.377,1.38316,0.006159999999999943,2025-04-30 21:00:00,2025-05-01 01:00:00,1.37844,1.37868,2025-05-02 09:00:00,1.38172,1.3893199999999999,1.3710551515151517,2025-05-08 09:00:00,1.3893199999999999,win,0.7126214695686608,wickdiffs_3D_H4_ALL_20260121_202249.csv,106.6484848484848,1.0
3D,ALL,H4,H12,USDCAD,long,2025-06-02,2025-06-05,1.36346,1.3676,0.0041400000000000325,2025-06-06 01:00:00,2025-06-06 05:00:00,1.36605,1.36613,2025-06-11 09:00:00,1.3672,1.37174,1.3582572727272726,2025-06-13 09:00:00,1.3582572727272726,loss,-1.0,wickdiffs_3D_H4_ALL_20260121_202249.csv,89.42727272727271,1.0
3D,ALL,H4,H12,USDCAD,short,2015-03-26,2015-03-31,1.26761,1.2784,0.010790000000000077,2015-04-01 05:00:00,2015-04-01 09:00:00,1.27096,1.271,2015-07-07 09:00:00,1.27083,1.2568199999999998,1.2855773684210525,2015-07-15 09:00:00,1.2855773684210525,loss,-1.0,wickdiffs_3D_H4_ALL_20260121_202249.csv,112.998484848485,1.0
3D,ALL,H4,H12,USDCAD,short,2016-02-09,2016-02-12,1.393565,1.401645,0.008080000000000087,2016-02-12 10:00:00,2016-02-12 14:00:00,1.39565,1.39655,2020-03-12 09:00:00,1.3925,1.3854849999999999,1.402453,2020-03-12 21:00:00,1.3854849999999999,win,0.7048126193107909,wickdiffs_3D_H4_ALL_20260121_202249.csv,60.72272727272728,1.0
3D,ALL,H4,H12,USDCAD,short,2016-04-04,2016-04-07,1.308985,1.32193,0.012944999999999984,2016-04-06 09:00:00,2016-04-06 13:00:00,1.318415,1.318655,2016-05-23 21:00:00,1.317,1.29604,1.3390631578947367,2016-05-26 09:00:00,1.29604,win,0.95,wickdiffs_3D_H4_ALL_20260121_202249.csv,134.3689393939393,1.0
3D,ALL,H4,H12,USDCAD,short,2016-11-08,2016-11-11,1.34698,1.358885,0.011904999999999832,2016-11-15 02:00:00,2016-11-15 06:00:00,1.35479,1.355335,2016-11-17 22:00:00,1.35336,1.3350750000000002,1.3726073684210522,2016-12-01 10:00:00,1.3350750000000002,win,0.95,wickdiffs_3D_H4_ALL_20260121_202249.csv,101.3037878787878,1.0
3D,ALL,H4,H12,USDCAD,short,2017-02-16,2017-02-21,1.31058,1.32099,0.01041000000000003,2017-02-23 14:00:00,2017-02-23 18:00:00,1.31212,1.3122,2017-02-26 22:00:00,1.311525,1.30017,1.3234776315789474,2017-02-28 10:00:00,1.3234776315789474,loss,-1.0,wickdiffs_3D_H4_ALL_20260121_202249.csv,95.92575757575752,1.0
3D,ALL,H4,H12,USDCAD,short,2017-12-07,2017-12-12,1.285595,1.28926,0.0036650000000000293,2017-12-12 14:00:00,2017-12-12 18:00:00,1.28883,1.28926,2017-12-15 10:00:00,1.28677,1.28193,1.2953872727272726,2017-12-20 10:00:00,1.28193,win,0.5616626226395142,wickdiffs_3D_H4_ALL_20260121_202249.csv,86.17272727272722,1.0
3D,ALL,H4,H12,USDCAD,short,2018-06-18,2018-06-21,1.33112,1.33832,0.007199999999999873,2018-06-25 13:00:00,2018-06-25 17:00:00,1.3319,1.33252,2018-06-26 09:00:00,1.33031,1.3239200000000002,1.339584393939394,2018-06-28 21:00:00,1.3239200000000002,win,0.6889938083024194,wickdiffs_3D_H4_ALL_20260121_202249.csv,92.7439393939392,1.0
3D,ALL,H4,H12,USDCAD,short,2018-08-15,2018-08-20,1.30614,1.31752,0.011379999999999946,2018-08-17 13:00:00,2018-08-17 17:00:00,1.30948,1.31053,2018-08-23 09:00:00,1.3081,1.2947600000000001,1.322142105263158,2018-08-27 21:00:00,1.2947600000000001,win,0.95,wickdiffs_3D_H4_ALL_20260121_202249.csv,89.62424242424235,1.0
3D,ALL,H4,H12,USDCAD,short,2020-01-09,2020-01-14,1.30562,1.31048,0.0048600000000000865,2020-01-15 06:00:00,2020-01-15 10:00:00,1.30778,1.30782,2020-01-21 10:00:00,1.3071,1.30076,1.3137736842105263,2020-01-22 10:00:00,1.3137736842105263,loss,-1.0,wickdiffs_3D_H4_ALL_20260121_202249.csv,49.31969696969699,1.0
3D,ALL,H4,H12,USDCAD,short,2020-11-19,2020-11-24,1.3086,1.31234,0.0037400000000000766,2020-11-19 06:00:00,2020-11-19 10:00:00,1.31169,1.31234,2022-07-14 09:00:00,1.31152,1.30486,1.3213840909090908,2022-07-15 09:00:00,1.30486,win,0.6751762591585759,wickdiffs_3D_H4_ALL_20260121_202249.csv,98.640909090909,1.0
3D,ALL,H4,H12,USDCAD,short,2021-06-15,2021-06-18,1.23528,1.24872,0.013440000000000119,2021-06-22 09:00:00,2021-06-22 13:00:00,1.24017,1.24034,2021-06-29 09:00:00,1.24014,1.2218399999999998,1.2594031578947371,2021-07-15 09:00:00,1.2594031578947371,loss,-1.0,wickdiffs_3D_H4_ALL_20260121_202249.csv,77.29848484848482,1.0
3D,ALL,H4,H12,USDCAD,short,2021-09-28,2021-10-01,1.26798,1.27746,0.009479999999999933,2021-09-29 13:00:00,2021-09-29 17:00:00,1.27654,1.27746,2021-11-25 22:00:00,1.27634,1.2585000000000002,1.295118947368421,2021-12-20 10:00:00,1.295118947368421,loss,-1.0,wickdiffs_3D_H4_ALL_20260121_202249.csv,83.6727272727273,1.0
3D,ALL,H4,H12,USDCAD,short,2022-01-27,2022-02-01,1.2709,1.27967,0.008770000000000167,2022-01-28 14:00:00,2022-01-28 18:00:00,1.27828,1.27953,2022-02-04 10:00:00,1.27658,1.2621299999999998,1.2917905263157898,2022-03-02 22:00:00,1.2621299999999998,win,0.95,wickdiffs_3D_H4_ALL_20260121_202249.csv,83.6181818181818,1.0
3D,ALL,H4,H12,USDCAD,short,2023-04-04,2023-04-07,1.3492,1.35538,0.006180000000000074,2023-04-10 09:00:00,2023-04-10 13:00:00,1.35468,1.35538,2023-04-21 09:00:00,1.35398,1.3430199999999999,1.3655168421052633,2023-04-27 21:00:00,1.3655168421052633,loss,-1.0,wickdiffs_3D_H4_ALL_20260121_202249.csv,88.32424242424261,1.0
3D,ALL,H4,H12,USDCAD,short,2023-06-27,2023-06-30,1.32543,1.32858,0.003149999999999986,2023-06-29 09:00:00,2023-06-29 13:00:00,1.32852,1.32858,2023-07-05 09:00:00,1.32828,1.3222800000000001,1.3357342424242424,2023-07-06 09:00:00,1.3357342424242424,loss,-1.0,wickdiffs_3D_H4_ALL_20260121_202249.csv,74.54242424242439,1.0
3D,ALL,H4,H12,USDCAD,short,2023-08-16,2023-08-21,1.35522,1.3604,0.005179999999999962,2023-08-23 09:00:00,2023-08-23 13:00:00,1.35976,1.3604,2023-08-24 21:00:00,1.35805,1.3500400000000001,1.3664815789473683,2023-08-31 21:00:00,1.3500400000000001,win,0.95,wickdiffs_3D_H4_ALL_20260121_202249.csv,72.56818181818193,1.0
3D,ALL,H4,H12,USDCAD,short,2024-01-01,2024-01-04,1.33524,1.34051,0.005270000000000108,2024-01-08 10:00:00,2024-01-08 14:00:00,1.3399,1.34051,2024-01-09 10:00:00,1.33903,1.3299699999999999,1.3485668421052632,2024-01-15 22:00:00,1.3485668421052632,loss,-1.0,wickdiffs_3D_H4_ALL_20260121_202249.csv,75.16969696969709,1.0
3D,ALL,H4,H12,USDCAD,short,2024-11-22,2024-11-27,1.40556,1.41781,0.012250000000000094,2024-11-27 02:00:00,2024-11-27 06:00:00,1.40766,1.40782,2024-12-02 10:00:00,1.40464,1.3933099999999998,1.419035,2024-12-09 22:00:00,1.419035,loss,-1.0,wickdiffs_3D_H4_ALL_20260121_202249.csv,62.6181818181817,1.0
3D,ALL,H4,H12,USDCAD,short,2025-09-23,2025-09-26,1.39323,1.39589,0.0026600000000001067,2025-09-26 17:00:00,2025-09-28 21:00:00,1.39446,1.39476,2025-10-01 09:00:00,1.39367,1.3905699999999999,1.3994878787878788,2025-10-09 09:00:00,1.3994878787878788,loss,-1.0,wickdiffs_3D_H4_ALL_20260121_202249.csv,58.17878787878784,1.0
3D,ALL,H4,H12,USDCHF,long,2015-03-31,2015-04-03,0.94811,0.95966,0.01154999999999995,2015-04-07 01:00:00,2015-04-07 05:00:00,0.95581,0.955915,2015-04-16 09:00:00,0.95595,0.9712099999999999,0.9398868421052632,2015-04-22 09:00:00,0.9712099999999999,win,0.95,wickdiffs_3D_H4_ALL_20260121_202249.csv,156.9901515151515,1.0
3D,ALL,H4,H12,USDCHF,long,2015-09-28,2015-10-01,0.964565,0.973265,0.008700000000000041,2015-10-02 09:00:00,2015-10-02 13:00:00,0.964565,0.96549,2015-10-06 21:00:00,0.96737,0.9819650000000001,0.952006842105263,2015-10-14 09:00:00,0.952006842105263,loss,-1.0,wickdiffs_3D_H4_ALL_20260121_202249.csv,99.32424242424234,1.0
3D,ALL,H4,H12,USDCHF,long,2016-02-09,2016-02-12,0.96614,0.972425,0.006284999999999985,2016-02-11 06:00:00,2016-02-11 10:00:00,0.96614,0.96664,2016-03-17 09:00:00,0.96759,0.97871,0.9558847368421052,2016-03-25 09:00:00,0.97871,win,0.95,wickdiffs_3D_H4_ALL_20260121_202249.csv,97.49772727272732,1.0
3D,ALL,H4,H12,USDCHF,long,2016-09-06,2016-09-09,0.96493,0.97257,0.007640000000000091,2016-09-13 09:00:00,2016-09-13 13:00:00,0.970735,0.970795,2016-09-14 09:00:00,0.97343,0.9802100000000001,0.964166,2016-09-16 09:00:00,0.9802100000000001,win,0.7318652849741022,wickdiffs_3D_H4_ALL_20260121_202249.csv,74.67651515151518,1.0
3D,ALL,H4,H12,USDCHF,long,2017-08-16,2017-08-21,0.95868,0.96486,0.006180000000000074,2017-08-23 17:00:00,2017-08-23 21:00:00,0.9642,0.96467,2017-08-24 09:00:00,0.96542,0.9710400000000001,0.958062,2017-08-25 09:00:00,0.958062,loss,-1.0,wickdiffs_3D_H4_ALL_20260121_202249.csv,67.38787878787882,1.0
3D,ALL,H4,H12,USDCHF,long,2018-05-10,2018-05-15,0.99576,1.00043,0.004669999999999952,2018-05-14 09:00:00,2018-05-14 13:00:00,0.99576,0.99632,2018-05-18 09:00:00,0.99764,1.0050999999999999,0.9897873684210527,2018-05-22 21:00:00,0.9897873684210527,loss,-1.0,wickdiffs_3D_H4_ALL_20260121_202249.csv,61.86363636363637,1.0
3D,ALL,H4,H12,USDCHF,long,2018-07-30,2018-08-02,0.9867,0.99216,0.00546000000000002,2018-08-01 21:00:00,2018-08-02 01:00:00,0.9912,0.99166,2018-08-09 09:00:00,0.99354,0.9976200000000001,0.986154,2018-08-14 21:00:00,0.9976200000000001,win,0.5523964256701979,wickdiffs_3D_H4_ALL_20260121_202249.csv,59.58181818181809,1.0
3D,ALL,H4,H12,USDCHF,long,2019-02-28,2019-03-05,0.99268,0.999,0.006319999999999992,2019-03-04 18:00:00,2019-03-04 22:00:00,0.99843,0.99856,2019-03-19 09:00:00,0.99921,1.00532,0.992048,2019-03-20 09:00:00,0.992048,loss,-1.0,wickdiffs_3D_H4_ALL_20260121_202249.csv,57.6090909090907,1.0
3D,ALL,H4,H12,USDCHF,long,2019-05-10,2019-05-15,1.00504,1.00869,0.003650000000000153,2019-05-16 05:00:00,2019-05-16 09:00:00,1.0074,1.00791,2019-05-22 09:00:00,1.00968,1.0123400000000002,1.004675,2019-05-23 09:00:00,1.004675,loss,-1.0,wickdiffs_3D_H4_ALL_20260121_202249.csv,45.31818181818155,1.0
3D,ALL,H4,H12,USDCHF,long,2020-01-30,2020-02-04,0.9629,0.96604,0.0031400000000000317,2020-02-03 02:00:00,2020-02-03 06:00:00,0.96301,0.96324,2020-02-28 10:00:00,0.96535,0.96918,0.9607068181818182,2020-03-02 10:00:00,0.9607068181818182,loss,-1.0,wickdiffs_3D_H4_ALL_20260121_202249.csv,46.43181818181812,1.0
3D,ALL,H4,H12,USDCHF,long,2020-11-03,2020-11-06,0.89826,0.90412,0.005860000000000087,2020-11-09 02:00:00,2020-11-09 06:00:00,0.89842,0.89922,2020-12-01 22:00:00,0.90079,0.9099800000000001,0.8911163157894735,2020-12-03 10:00:00,0.8911163157894735,loss,-1.0,wickdiffs_3D_H4_ALL_20260121_202249.csv,55.74545454545452,1.0
3D,ALL,H4,H12,USDCHF,long,2020-11-16,2020-11-19,0.90766,0.9111,0.0034399999999999986,2020-11-23 10:00:00,2020-11-23 14:00:00,0.90766,0.90772,2020-11-25 22:00:00,0.90889,0.91454,0.9029426315789473,2020-11-29 22:00:00,0.9029426315789473,loss,-1.0,wickdiffs_3D_H4_ALL_20260121_202249.csv,56.56060606060603,1.0
3D,ALL,H4,H12,USDCHF,long,2020-12-28,2020-12-31,0.8794,0.88144,0.0020400000000000418,2020-12-31 10:00:00,2020-12-31 14:00:00,0.8794,0.87966,2021-01-03 22:00:00,0.87974,0.88348,0.8742724242424242,2021-01-06 22:00:00,0.88348,win,0.6840325888156217,wickdiffs_3D_H4_ALL_20260121_202249.csv,54.67575757575754,1.0
3D,ALL,H4,H12,USDCHF,long,2021-04-08,2021-04-13,0.9187,0.92224,0.0035399999999999876,2021-04-14 05:00:00,2021-04-14 09:00:00,0.9187,0.91894,2021-04-16 09:00:00,0.91998,0.9257799999999999,0.9138747368421054,2021-04-19 09:00:00,0.9138747368421054,loss,-1.0,wickdiffs_3D_H4_ALL_20260121_202249.csv,58.41363636363643,1.0
3D,ALL,H4,H12,USDCHF,long,2023-03-01,2023-03-06,0.9286,0.93612,0.007519999999999971,2023-03-07 02:00:00,2023-03-07 06:00:00,0.9286,0.92954,2023-03-09 22:00:00,0.93032,0.9436399999999999,0.9162989473684212,2023-03-12 21:00:00,0.9162989473684212,loss,-1.0,wickdiffs_3D_H4_ALL_20260121_202249.csv,82.09242424242429,1.0
3D,ALL,H4,H12,USDCHF,long,2023-09-27,2023-10-02,0.90912,0.91478,0.005659999999999998,2023-09-29 05:00:00,2023-09-29 09:00:00,0.90912,0.90954,2023-10-06 09:00:00,0.90992,0.92044,0.8988463157894735,2023-10-11 21:00:00,0.8988463157894735,loss,-1.0,wickdiffs_3D_H4_ALL_20260121_202249.csv,63.52272727272726,1.0
3D,ALL,H4,H12,USDCHF,long,2023-10-05,2023-10-10,0.89868,0.90662,0.007939999999999947,2023-10-12 05:00:00,2023-10-12 09:00:00,0.89868,0.8994,2023-10-17 09:00:00,0.9003,0.9145599999999999,0.8852894736842106,2023-11-17 10:00:00,0.8852894736842106,loss,-1.0,wickdiffs_3D_H4_ALL_20260121_202249.csv,62.48484848484847,1.0
3D,ALL,H4,H12,USDCHF,long,2024-04-15,2024-04-18,0.90112,0.91076,0.009639999999999982,2024-04-22 05:00:00,2024-04-22 09:00:00,0.90986,0.91052,2024-04-23 09:00:00,0.91188,0.9204,0.9001560000000001,2024-04-30 21:00:00,0.9204,win,0.7267144319344937,wickdiffs_3D_H4_ALL_20260121_202249.csv,57.12727272727267,1.0
3D,ALL,H4,H12,USDCHF,long,2024-07-16,2024-07-19,0.882,0.88653,0.004530000000000034,2024-07-18 09:00:00,2024-07-18 13:00:00,0.88316,0.88333,2024-07-24 09:00:00,0.88518,0.8910600000000001,0.8789905263157893,2024-07-25 09:00:00,0.8789905263157893,loss,-1.0,wickdiffs_3D_H4_ALL_20260121_202249.csv,50.49848484848488,1.0
3D,ALL,H4,H12,USDCHF,long,2024-11-14,2024-11-19,0.88012,0.88346,0.0033400000000000096,2024-11-19 10:00:00,2024-11-19 14:00:00,0.88012,0.88064,2024-11-27 10:00:00,0.88192,0.8868,0.8760513636363637,2024-12-02 10:00:00,0.8868,win,0.8315389977538533,wickdiffs_3D_H4_ALL_20260121_202249.csv,58.68636363636357,1.0
3D,ALL,H4,H12,USDCHF,short,2015-01-27,2015-01-30,0.92389,0.934595,0.010704999999999965,2015-02-02 10:00:00,2015-02-02 14:00:00,0.931005,0.932695,2015-02-05 10:00:00,0.92121,0.913185,0.9356654999999999,2015-02-16 22:00:00,0.9356654999999999,loss,-1.0,wickdiffs_3D_H4_ALL_20260121_202249.csv,131.3893939393938,1.0
3D,ALL,H4,H12,USDCHF,short,2015-12-16,2015-12-21,0.99206,0.99912,0.007059999999999955,2015-12-23 14:00:00,2015-12-23 18:00:00,0.99391,0.99454,2015-12-29 10:00:00,0.993295,0.9850000000000001,1.002099696969697,2015-12-31 10:00:00,1.002099696969697,loss,-1.0,wickdiffs_3D_H4_ALL_20260121_202249.csv,88.04696969696977,1.0
3D,ALL,H4,H12,USDCHF,short,2016-12-15,2016-12-20,1.027205,1.03437,0.007165000000000088,2016-12-20 10:00:00,2016-12-20 14:00:00,1.032005,1.03206,2016-12-28 10:00:00,1.02836,1.0200399999999998,1.0371178947368422,2016-12-29 22:00:00,1.0200399999999998,win,0.95,wickdiffs_3D_H4_ALL_20260121_202249.csv,74.50606060606073,1.0
3D,ALL,H4,H12,USDCHF,short,2017-01-18,2017-01-23,1.00189,1.01224,0.010350000000000081,2017-01-25 02:00:00,2017-01-25 06:00:00,1.00191,1.00262,2017-01-26 10:00:00,1.00011,0.9915399999999999,1.0132750000000001,2017-01-31 10:00:00,0.9915399999999999,win,0.6509684770224176,wickdiffs_3D_H4_ALL_20260121_202249.csv,83.10303030303041,1.0
3D,ALL,H4,H12,USDCHF,short,2017-02-21,2017-02-24,1.006425,1.0141,0.007675000000000098,2017-02-23 06:00:00,2017-02-23 10:00:00,1.01088,1.01166,2017-03-01 10:00:00,1.008935,0.9987499999999998,1.019656052631579,2017-03-15 09:00:00,0.9987499999999998,win,0.9499999999999998,wickdiffs_3D_H4_ALL_20260121_202249.csv,78.68484848484864,1.0
3D,ALL,H4,H12,USDCHF,short,2017-06-30,2017-07-05,0.965495,0.96883,0.003334999999999977,2017-07-06 05:00:00,2017-07-06 09:00:00,0.96582,0.96604,2017-07-10 09:00:00,0.965645,0.96216,0.9716916666666666,2017-07-11 21:00:00,0.96216,win,0.5763506063947003,wickdiffs_3D_H4_ALL_20260121_202249.csv,60.46666666666677,1.0
3D,ALL,H4,H12,USDCHF,short,2017-12-07,2017-12-12,0.99165,0.9978,0.006149999999999989,2017-12-13 06:00:00,2017-12-13 10:00:00,0.99224,0.99286,2017-12-15 10:00:00,0.99099,0.9855,0.998415,2017-12-18 10:00:00,0.9855,win,0.7393939393939373,wickdiffs_3D_H4_ALL_20260121_202249.csv,65.67424242424246,1.0
3D,ALL,H4,H12,USDCHF,short,2018-07-17,2018-07-20,0.99924,1.0044,0.005159999999999942,2018-07-20 05:00:00,2018-07-20 09:00:00,0.99952,0.99993,2018-10-25 09:00:00,0.99934,0.9940800000000001,1.004916,2018-10-30 09:00:00,1.004916,loss,-1.0,wickdiffs_3D_H4_ALL_20260121_202249.csv,54.37272727272728,1.0
3D,ALL,H4,H12,USDCHF,short,2018-07-25,2018-07-30,0.99428,0.99784,0.0035599999999998966,2018-07-30 01:00:00,2018-07-30 05:00:00,0.99547,0.99568,2018-08-02 09:00:00,0.99526,0.9907200000000002,1.001305303030303,2018-08-09 09:00:00,0.9907200000000002,win,0.7509962655705463,wickdiffs_3D_H4_ALL_20260121_202249.csv,60.45303030303023,1.0
3D,ALL,H4,H12,USDCHF,short,2018-08-31,2018-09-05,0.97436,0.97669,0.0023299999999999432,2018-09-05 05:00:00,2018-09-05 09:00:00,0.97522,0.9754,2018-09-10 09:00:00,0.97498,0.9720300000000001,0.9806321212121212,2018-09-12 09:00:00,0.9720300000000001,win,0.5219279433840694,wickdiffs_3D_H4_ALL_20260121_202249.csv,56.52121212121211,1.0
3D,ALL,H4,H12,USDCHF,short,2019-08-20,2019-08-23,0.98374,0.98773,0.003990000000000049,2019-08-23 05:00:00,2019-08-23 09:00:00,0.98729,0.98773,2019-08-29 09:00:00,0.98661,0.9797499999999999,0.993831052631579,2019-09-10 21:00:00,0.993831052631579,loss,-1.0,wickdiffs_3D_H4_ALL_20260121_202249.csv,63.4954545454545,1.0
3D,ALL,H4,H12,USDCHF,short,2019-09-13,2019-09-18,0.99304,0.99838,0.005340000000000011,2019-09-18 21:00:00,2019-09-19 01:00:00,0.9982,0.99836,2019-09-30 09:00:00,0.9979,0.9877,1.0086368421052632,2019-10-17 09:00:00,0.9877,win,0.9499999999999998,wickdiffs_3D_H4_ALL_20260121_202249.csv,60.17272727272723,1.0
3D,ALL,H4,H12,USDCHF,short,2019-10-25,2019-10-30,0.99407,0.99702,0.002950000000000008,2019-10-28 09:00:00,2019-10-28 13:00:00,0.99685,0.99702,2019-11-07 10:00:00,0.99491,0.99112,1.0006263636363637,2019-11-12 22:00:00,0.99112,win,0.6630089058524105,wickdiffs_3D_H4_ALL_20260121_202249.csv,57.16363636363634,1.0
3D,ALL,H4,H12,USDCHF,short,2019-11-07,2019-11-12,0.99338,0.99788,0.0044999999999999485,2019-11-10 22:00:00,2019-11-11 02:00:00,0.99744,0.9977,2019-11-22 10:00:00,0.99739,0.9888800000000001,1.006347894736842,2019-12-03 10:00:00,0.9888800000000001,win,0.95,wickdiffs_3D_H4_ALL_20260121_202249.csv,53.75757575757572,1.0
3D,ALL,H4,H12,USDCHF,short,2021-04-13,2021-04-16,0.92236,0.92598,0.0036200000000000676,2021-04-15 21:00:00,2021-04-16 01:00:00,0.9234,0.92355,2021-06-18 09:00:00,0.92233,0.9187399999999999,0.9281063636363637,2021-06-21 09:00:00,0.9187399999999999,win,0.6214982688070665,wickdiffs_3D_H4_ALL_20260121_202249.csv,57.76363636363639,1.0
3D,ALL,H4,H12,USDCHF,short,2021-06-02,2021-06-07,0.8991,0.90539,0.006290000000000018,2021-06-07 05:00:00,2021-06-07 09:00:00,0.90031,0.90102,2021-06-15 09:00:00,0.89831,0.89281,0.906019,2021-06-16 09:00:00,0.906019,loss,-1.0,wickdiffs_3D_H4_ALL_20260121_202249.csv,56.36969696969697,1.0
3D,ALL,H4,H12,USDCHF,short,2021-06-18,2021-06-23,0.91818,0.92394,0.005759999999999987,2021-06-22 09:00:00,2021-06-22 13:00:00,0.92074,0.92129,2021-06-28 09:00:00,0.91972,0.91242,0.9274042105263157,2021-07-01 21:00:00,0.9274042105263157,loss,-1.0,wickdiffs_3D_H4_ALL_20260121_202249.csv,55.33636363636362,1.0
3D,ALL,H4,H12,USDCHF,short,2022-01-27,2022-02-01,0.92692,0.93434,0.007419999999999982,2022-01-31 22:00:00,2022-02-01 02:00:00,0.92748,0.92772,2022-02-10 10:00:00,0.92533,0.9195,0.935082,2022-02-17 10:00:00,0.9195,win,0.597826086956523,wickdiffs_3D_H4_ALL_20260121_202249.csv,58.45454545454534,1.0
3D,ALL,H4,H12,USDCHF,short,2022-10-11,2022-10-14,1.00122,1.00738,0.006159999999999943,2022-10-14 13:00:00,2022-10-14 17:00:00,1.00598,1.00666,2022-10-19 09:00:00,1.00464,0.9950600000000001,1.0147242105263157,2022-10-21 09:00:00,1.0147242105263157,loss,-1.0,wickdiffs_3D_H4_ALL_20260121_202249.csv,93.4363636363636,1.0
3D,ALL,H4,H12,USDCHF,short,2023-08-24,2023-08-29,0.88378,0.88764,0.0038599999999999746,2023-08-29 09:00:00,2023-08-29 13:00:00,0.88576,0.88591,2023-09-01 09:00:00,0.88574,0.87992,0.8924724242424242,2023-09-06 09:00:00,0.8924724242424242,loss,-1.0,wickdiffs_3D_H4_ALL_20260121_202249.csv,67.32424242424243,1.0
3D,ALL,H4,H12,USDCHF,short,2023-09-22,2023-09-27,0.9158,0.92254,0.006740000000000079,2023-09-28 01:00:00,2023-09-28 05:00:00,0.92164,0.92169,2023-10-02 21:00:00,0.91984,0.9090599999999999,0.9311873684210528,2023-10-06 09:00:00,0.9090599999999999,win,0.9499999999999998,wickdiffs_3D_H4_ALL_20260121_202249.csv,62.0287878787879,1.0
3D,ALL,H4,H12,USDCHF,short,2023-12-07,2023-12-12,0.87841,0.88208,0.003669999999999951,2023-12-11 10:00:00,2023-12-11 14:00:00,0.88142,0.88162,2024-02-12 22:00:00,0.8797,0.8747400000000001,0.8862203030303031,2024-02-13 10:00:00,0.8862203030303031,loss,-1.0,wickdiffs_3D_H4_ALL_20260121_202249.csv,65.2030303030303,1.0
3D,ALL,H4,H12,USDCHF,short,2024-09-17,2024-09-20,0.84745,0.8518,0.004349999999999965,2024-09-23 05:00:00,2024-09-23 09:00:00,0.85148,0.8518,2024-09-25 21:00:00,0.84961,0.8431000000000001,0.8564626315789472,2024-09-27 09:00:00,0.8431000000000001,win,0.95,wickdiffs_3D_H4_ALL_20260121_202249.csv,63.10303030303029,1.0
3D,ALL,H4,H12,USDCHF,short,2024-10-21,2024-10-24,0.86619,0.87,0.00380999999999998,2024-10-28 01:00:00,2024-10-28 05:00:00,0.86992,0.87,2024-11-01 09:00:00,0.86982,0.86238,0.8776515789473684,2024-11-04 10:00:00,0.86238,win,0.95,wickdiffs_3D_H4_ALL_20260121_202249.csv,63.18939393939385,1.0
3D,ALL,H4,H12,USDCHF,short,2024-11-11,2024-11-14,0.88553,0.8918,0.006269999999999998,2024-11-14 18:00:00,2024-11-14 22:00:00,0.89078,0.8918,2024-11-21 22:00:00,0.88903,0.87926,0.8993142105263158,2024-12-05 10:00:00,0.87926,win,0.95,wickdiffs_3D_H4_ALL_20260121_202249.csv,57.66363636363626,1.0
3D,ALL,H4,H12,USDCHF,short,2024-11-19,2024-11-22,0.88662,0.8958,0.009180000000000077,2024-11-26 14:00:00,2024-11-26 18:00:00,0.8885,0.88872,2024-12-02 10:00:00,0.88652,0.8774399999999999,0.896718,2024-12-06 10:00:00,0.8774399999999999,win,0.8903706609139098,wickdiffs_3D_H4_ALL_20260121_202249.csv,57.62272727272719,1.0
3D,ALL,H4,H12,USDCHF,short,2025-03-21,2025-03-26,0.88242,0.88506,0.0026399999999999757,2025-03-26 17:00:00,2025-03-26 21:00:00,0.8849,0.88506,2025-03-31 09:00:00,0.88437,0.87978,0.8902513636363636,2025-04-02 21:00:00,0.87978,win,0.7804312543473195,wickdiffs_3D_H4_ALL_20260121_202249.csv,58.81363636363633,1.0
3D,ALL,H4,H12,USDJPY,long,2015-01-01,2015-01-06,118.056,119.6355,1.579499999999996,2015-01-06 18:00:00,2015-01-06 22:00:00,118.088,118.384,2015-01-11 22:00:00,119.1385,121.21499999999999,116.95271052631578,2015-01-13 22:00:00,116.95271052631578,loss,-1.0,wickdiffs_3D_H4_ALL_20260121_202249.csv,117.7992424242424,1.0
3D,ALL,H4,H12,USDJPY,long,2015-06-10,2015-06-15,122.462,123.407,0.9449999999999932,2015-06-10 17:00:00,2015-06-10 21:00:00,122.5825,122.632,2015-06-18 09:00:00,122.9555,124.35199999999999,121.48550000000002,2015-06-24 09:00:00,124.35199999999999,win,0.95,wickdiffs_3D_H4_ALL_20260121_202249.csv,90.22651515151531,1.0
3D,ALL,H4,H12,USDJPY,long,2015-06-18,2015-06-23,122.4835,123.3675,0.8840000000000003,2015-06-21 21:00:00,2015-06-22 01:00:00,122.5625,122.6545,2015-06-28 21:00:00,122.9615,124.25150000000001,121.60360526315789,2015-07-07 21:00:00,121.60360526315789,loss,-1.0,wickdiffs_3D_H4_ALL_20260121_202249.csv,86.56742424242437,1.0
3D,ALL,H4,H12,USDJPY,long,2015-08-20,2015-08-25,116.165,118.429,2.263999999999996,2015-08-24 17:00:00,2015-08-24 21:00:00,118.253,118.358,2015-10-14 21:00:00,118.402,120.693,115.93860000000001,2015-10-22 09:00:00,120.693,win,0.9300154258342143,wickdiffs_3D_H4_ALL_20260121_202249.csv,96.84848484848472,1.0
3D,ALL,H4,H12,USDJPY,long,2015-09-15,2015-09-18,119.057,120.005,0.9479999999999933,2015-09-22 09:00:00,2015-09-22 13:00:00,119.694,119.704,2015-09-24 09:00:00,120.0595,120.95299999999999,118.9622,2015-09-24 21:00:00,120.95299999999999,win,0.8142713934202,wickdiffs_3D_H4_ALL_20260121_202249.csv,102.6840909090908,1.0
3D,ALL,H4,H12,USDJPY,long,2015-10-14,2015-10-19,118.0645,119.4505,1.38600000000001,2015-10-15 13:00:00,2015-10-15 17:00:00,118.2325,118.4075,2016-01-05 22:00:00,118.4775,120.83650000000002,115.99434210526316,2016-01-19 22:00:00,115.99434210526316,loss,-1.0,wickdiffs_3D_H4_ALL_20260121_202249.csv,79.175,1.0
3D,ALL,H4,H12,USDJPY,long,2015-10-30,2015-11-04,120.258,121.076,0.8179999999999978,2015-11-03 02:00:00,2015-11-03 06:00:00,120.597,120.6375,2015-12-11 10:00:00,121.008,121.89399999999999,120.07536842105263,2015-12-15 22:00:00,121.89399999999999,win,0.95,wickdiffs_3D_H4_ALL_20260121_202249.csv,81.26287878787872,1.0
3D,ALL,H4,H12,USDJPY,long,2016-03-17,2016-03-22,110.6685,111.953,1.2845000000000084,2016-03-20 21:00:00,2016-03-21 01:00:00,111.2235,111.337,2016-04-03 21:00:00,111.5695,113.23750000000001,109.81371052631579,2016-04-06 09:00:00,109.81371052631579,loss,-1.0,wickdiffs_3D_H4_ALL_20260121_202249.csv,126.8954545454547,1.0
3D,ALL,H4,H12,USDJPY,long,2016-06-22,2016-06-27,98.987,102.199,3.2120000000000033,2016-06-27 09:00:00,2016-06-27 13:00:00,101.4015,101.4815,2016-07-05 09:00:00,101.7355,105.411,97.86655263157895,2016-07-13 21:00:00,105.411,win,0.95,wickdiffs_3D_H4_ALL_20260121_202249.csv,124.0060606060606,1.0
3D,ALL,H4,H12,USDJPY,long,2016-09-06,2016-09-09,101.198,102.4865,1.2885000000000133,2016-09-13 05:00:00,2016-09-13 09:00:00,101.7165,101.7575,2016-09-15 21:00:00,102.0085,103.77500000000002,100.14902631578944,2016-09-21 21:00:00,100.14902631578944,loss,-1.0,wickdiffs_3D_H4_ALL_20260121_202249.csv,132.0113636363636,1.0
3D,ALL,H4,H12,USDJPY,long,2017-02-03,2017-02-08,111.594,112.391,0.7970000000000113,2017-02-09 02:00:00,2017-02-09 06:00:00,112.054,112.116,2017-02-24 10:00:00,112.117,113.18800000000002,110.81172727272728,2017-02-28 22:00:00,113.18800000000002,win,0.8205181780192321,wickdiffs_3D_H4_ALL_20260121_202249.csv,130.5272727272727,1.0
3D,ALL,H4,H12,USDJPY,long,2017-06-06,2017-06-09,109.119,109.996,0.8769999999999953,2017-06-07 05:00:00,2017-06-07 09:00:00,109.119,109.132,2017-06-14 09:00:00,109.5645,110.87299999999999,108.18713157894737,2017-06-15 09:00:00,110.87299999999999,win,0.95,wickdiffs_3D_H4_ALL_20260121_202249.csv,89.67500000000021,1.0
3D,ALL,H4,H12,USDJPY,long,2018-02-15,2018-02-20,105.548,106.594,1.0459999999999923,2018-02-19 14:00:00,2018-02-19 18:00:00,106.495,106.522,2018-02-23 10:00:00,106.876,107.63999999999999,105.4434,2018-02-27 10:00:00,107.63999999999999,win,0.5332961049839295,wickdiffs_3D_H4_ALL_20260121_202249.csv,79.83939393939394,1.0
3D,ALL,H4,H12,USDJPY,long,2018-03-13,2018-03-16,105.604,106.333,0.7289999999999992,2018-03-19 01:00:00,2018-03-19 05:00:00,105.678,105.691,2018-03-21 21:00:00,105.7645,107.062,104.39871052631578,2018-04-04 21:00:00,107.062,win,0.95,wickdiffs_3D_H4_ALL_20260121_202249.csv,80.65227272727277,1.0
3D,ALL,H4,H12,USDJPY,long,2019-01-01,2019-01-04,104.819,107.662,2.8430000000000035,2019-01-03 18:00:00,2019-01-03 22:00:00,107.394,107.514,2019-06-19 21:00:00,107.789,110.50500000000001,104.5347,2019-08-25 21:00:00,104.5347,loss,-1.0,wickdiffs_3D_H4_ALL_20260121_202249.csv,53.8303030303031,1.0
3D,ALL,H4,H12,USDJPY,long,2019-05-10,2019-05-15,109.02,109.609,0.5889999999999986,2019-05-15 09:00:00,2019-05-15 13:00:00,109.152,109.178,2019-05-28 21:00:00,109.256,110.198,108.26442105263159,2019-06-02 21:00:00,108.26442105263159,loss,-1.0,wickdiffs_3D_H4_ALL_20260121_202249.csv,53.81969696969702,1.0
3D,ALL,H4,H12,USDJPY,long,2020-08-27,2020-09-01,105.203,105.91,0.7069999999999936,2020-09-01 17:00:00,2020-09-01 21:00:00,105.851,105.907,2020-09-08 09:00:00,106.032,106.61699999999999,105.1323,2020-09-16 09:00:00,105.1323,loss,-1.0,wickdiffs_3D_H4_ALL_20260121_202249.csv,65.38484848484836,1.0
3D,ALL,H4,H12,USDJPY,long,2020-12-02,2020-12-07,103.671,104.188,0.5169999999999959,2020-12-04 06:00:00,2020-12-04 10:00:00,103.824,103.826,2020-12-11 10:00:00,104.056,104.705,103.37284210526316,2020-12-15 22:00:00,103.37284210526316,loss,-1.0,wickdiffs_3D_H4_ALL_20260121_202249.csv,54.61212121212126,1.0
3D,ALL,H4,H12,USDJPY,long,2021-10-19,2021-10-22,113.416,114.004,0.5880000000000081,2021-10-22 13:00:00,2021-10-22 17:00:00,113.416,113.436,2021-10-27 09:00:00,113.812,114.59200000000001,112.99094736842103,2021-11-08 22:00:00,112.99094736842103,loss,-1.0,wickdiffs_3D_H4_ALL_20260121_202249.csv,56.59999999999993,1.0
3D,ALL,H4,H12,USDJPY,long,2022-01-11,2022-01-14,113.482,114.165,0.6830000000000069,2022-01-14 10:00:00,2022-01-14 14:00:00,113.482,113.501,2022-01-23 22:00:00,113.61,114.84800000000001,112.30684210526314,2022-01-26 22:00:00,114.84800000000001,win,0.9499999999999998,wickdiffs_3D_H4_ALL_20260121_202249.csv,66.03181818181814,1.0
3D,ALL,H4,H12,USDJPY,long,2022-06-15,2022-06-20,131.494,135.013,3.5190000000000055,2022-06-20 05:00:00,2022-06-20 09:00:00,134.532,134.664,2022-06-23 09:00:00,134.964,138.532,131.1421,2022-07-13 21:00:00,138.532,win,0.9335670739684483,wickdiffs_3D_H4_ALL_20260121_202249.csv,138.112121212121,1.0
3D,ALL,H4,H12,USDJPY,long,2022-07-27,2022-08-01,130.396,133.232,2.8360000000000127,2022-08-03 01:00:00,2022-08-03 05:00:00,132.286,132.702,2022-08-04 21:00:00,133.082,136.068,129.93884210526312,2022-08-18 21:00:00,136.068,win,0.95,wickdiffs_3D_H4_ALL_20260121_202249.csv,139.6409090909091,1.0
3D,ALL,H4,H12,USDJPY,long,2022-11-22,2022-11-25,137.494,138.636,1.141999999999996,2022-11-29 06:00:00,2022-11-29 10:00:00,137.866,137.924,2022-11-30 10:00:00,138.118,139.778,136.37063157894735,2022-11-30 22:00:00,136.37063157894735,loss,-1.0,wickdiffs_3D_H4_ALL_20260121_202249.csv,173.3893939393941,1.0
3D,ALL,H4,H12,USDJPY,long,2023-09-11,2023-09-14,145.902,147.476,1.5740000000000123,2023-09-15 01:00:00,2023-09-15 05:00:00,147.346,147.37,2023-09-21 09:00:00,147.569,149.05,145.7446,2023-09-25 21:00:00,149.05,win,0.8117737338303143,wickdiffs_3D_H4_ALL_20260121_202249.csv,119.9212121212121,1.0
3D,ALL,H4,H12,USDJPY,long,2023-10-13,2023-10-18,148.762,149.812,1.0500000000000114,2023-10-18 01:00:00,2023-10-18 05:00:00,149.484,149.603,2023-10-23 09:00:00,149.708,150.86200000000002,148.49326315789472,2023-10-31 09:00:00,150.86200000000002,win,0.95,wickdiffs_3D_H4_ALL_20260121_202249.csv,106.2166666666666,1.0
3D,ALL,H4,H12,USDJPY,long,2025-09-15,2025-09-18,145.483,146.965,1.4819999999999993,2025-09-17 21:00:00,2025-09-18 01:00:00,146.768,146.846,2025-10-01 09:00:00,147.071,148.447,145.3348,2025-10-05 21:00:00,148.447,win,0.7925354221863884,wickdiffs_3D_H4_ALL_20260121_202249.csv,121.539393939394,1.0
3D,ALL,H4,H12,USDJPY,short,2015-06-15,2015-06-18,123.442,124.459,1.0170000000000101,2015-06-17 13:00:00,2015-06-17 17:00:00,124.307,124.459,2015-06-24 09:00:00,123.849,122.42499999999998,125.34794736842107,2015-06-28 21:00:00,122.42499999999998,win,0.95,wickdiffs_3D_H4_ALL_20260121_202249.csv,87.37954545454558,1.0
3D,ALL,H4,H12,USDJPY,short,2016-09-01,2016-09-06,103.435,104.3235,0.8884999999999934,2016-09-02 17:00:00,2016-09-04 21:00:00,104.088,104.138,2016-10-06 09:00:00,103.9525,102.54650000000001,105.43249999999999,2016-10-28 09:00:00,105.43249999999999,loss,-1.0,wickdiffs_3D_H4_ALL_20260121_202249.csv,117.5136363636364,1.0
3D,ALL,H4,H12,USDJPY,short,2016-11-21,2016-11-24,112.5255,113.8995,1.3740000000000094,2016-11-25 18:00:00,2016-11-27 22:00:00,113.253,113.26,2016-11-29 10:00:00,112.3895,111.15149999999998,114.0369,2016-11-30 10:00:00,114.0369,loss,-1.0,wickdiffs_3D_H4_ALL_20260121_202249.csv,112.1439393939393,1.0
3D,ALL,H4,H12,USDJPY,short,2018-04-11,2018-04-16,107.358,107.78,0.42199999999999704,2018-04-13 09:00:00,2018-04-13 13:00:00,107.738,107.78,2018-04-20 09:00:00,107.65,106.936,108.47804545454547,2018-04-23 09:00:00,108.47804545454547,loss,-1.0,wickdiffs_3D_H4_ALL_20260121_202249.csv,82.80454545454542,1.0
3D,ALL,H4,H12,USDJPY,short,2018-08-23,2018-08-28,111.08,111.83,0.75,2018-08-29 21:00:00,2018-08-30 01:00:00,111.738,111.756,2018-09-05 09:00:00,111.528,110.33,112.78905263157895,2018-09-20 21:00:00,112.78905263157895,loss,-1.0,wickdiffs_3D_H4_ALL_20260121_202249.csv,64.46515151515145,1.0
3D,ALL,H4,H12,USDJPY,short,2020-05-19,2020-05-22,107.608,108.089,0.48099999999999454,2020-05-26 01:00:00,2020-05-26 05:00:00,107.899,107.924,2020-05-27 09:00:00,107.722,107.12700000000001,108.90415151515151,2020-05-28 21:00:00,107.12700000000001,win,0.5033195765296834,wickdiffs_3D_H4_ALL_20260121_202249.csv,118.2151515151516,1.0
3D,ALL,H4,H12,USDJPY,short,2020-06-25,2020-06-30,107.574,108.165,0.5910000000000082,2020-07-02 09:00:00,2020-07-02 13:00:00,107.637,107.726,2020-07-05 21:00:00,107.574,106.98299999999999,108.22636363636363,2020-07-09 21:00:00,106.98299999999999,win,0.9059364548495114,wickdiffs_3D_H4_ALL_20260121_202249.csv,65.2363636363636,1.0
3D,ALL,H4,H12,USDJPY,short,2021-08-17,2021-08-20,109.764,110.228,0.46399999999999864,2021-08-19 01:00:00,2021-08-19 05:00:00,110.2,110.228,2021-08-25 21:00:00,110.182,109.3,111.11042105263158,2021-09-15 09:00:00,109.3,win,0.95,wickdiffs_3D_H4_ALL_20260121_202249.csv,55.64393939393939,1.0
3D,ALL,H4,H12,USDJPY,short,2022-01-27,2022-02-01,115.136,115.688,0.5520000000000067,2022-01-28 06:00:00,2022-01-28 10:00:00,115.67,115.688,2022-02-08 22:00:00,115.362,114.58399999999999,116.18094736842106,2022-02-10 10:00:00,116.18094736842106,loss,-1.0,wickdiffs_3D_H4_ALL_20260121_202249.csv,66.01969696969694,1.0
3D,ALL,H4,H12,USDJPY,short,2022-03-23,2022-03-28,122.086,125.11,3.024000000000001,2022-03-29 17:00:00,2022-03-29 21:00:00,122.954,123.206,2022-04-01 09:00:00,122.56,119.062,126.2421052631579,2022-04-12 21:00:00,126.2421052631579,loss,-1.0,wickdiffs_3D_H4_ALL_20260121_202249.csv,78.98484848484841,1.0
3D,ALL,H4,H12,USDJPY,short,2023-04-28,2023-05-03,136.568,137.774,1.2059999999999889,2023-05-02 01:00:00,2023-05-02 05:00:00,137.704,137.774,2023-05-17 09:00:00,137.697,135.36200000000002,140.1548947368421,2023-05-25 09:00:00,140.1548947368421,loss,-1.0,wickdiffs_3D_H4_ALL_20260121_202249.csv,137.960606060606,1.0
3D,ALL,H4,H12,USDJPY,short,2024-04-26,2024-05-01,157.814,160.233,2.419000000000011,2024-05-01 05:00:00,2024-05-01 09:00:00,157.97,157.988,2024-06-13 21:00:00,157.493,155.39499999999998,160.4749,2024-06-26 09:00:00,160.4749,loss,-1.0,wickdiffs_3D_H4_ALL_20260121_202249.csv,112.5499999999998,1.0
