pair,n_trades,wins,losses,avg_rr,win_rate_%,avg_rr_win,avg_rr_loss
AUDJPY,1,1,0,1.1215753424657509,100.0,1.1215753424657509,
CHFJPY,1,0,1,-1.0,0.0,,-1.0
GBPNZD,1,0,1,-1.0,0.0,,-1.0
NZDCHF,1,0,1,-1.0,0.0,,-1.0
NZDJPY,1,1,0,1.3779999999999575,100.0,1.3779999999999575,
ALL,5,2,3,-0.10008493150685834,40.0,1.2497876712328542,-1.0
